Application_ID,Customer_ID,Application_Date,Age,Annual_Income,Credit_Score,Employment_Years,Loan_Amount,Loan_Tenure_Months,Existing_Loans,Previous_Defaults,Monthly_Expenses,Savings,Dependents,Gender,Employment_Type,Education_Level,Location,Loan_Type,Marital_Status,Payment_History,Loan_Defaulted
APP100000,CUST10000,2025-12-02,59,99835.0,726.0,28,1295175,36,4,0,24579.0,686138,0,Female,Business,Graduate,Rural,Home,Married,Excellent,0
APP100001,CUST10001,2025-01-21,49,140232.0,705.0,23,244451,24,0,0,26483.0,217213,0,Female,Salaried,Graduate,Urban,Business,Single,Average,0
APP100002,CUST10002,2023-04-06,35,179162.0,781.0,15,406686,12,1,1,5503.0,416775,0,Male,Business,High School,Urban,Home,Married,Average,0
APP100003,CUST10003,2023-01-27,63,175547.0,726.0,30,746631,60,3,0,75880.0,964845,2,Female,Salaried,Graduate,Urban,Home,Married,Good,0
APP100004,CUST10004,2025-04-15,28,167960.0,675.0,4,1427332,24,4,0,13947.0,287701,3,Male,Self-Employed,Postgraduate,Rural,Education,Married,Average,0
APP100005,CUST10005,2024-05-01,41,61732.0,635.0,20,188307,72,3,0,14533.0,892524,0,Female,Salaried,Graduate,Semi-Urban,Personal,Married,Excellent,0
APP100006,CUST10006,2023-08-28,59,64305.0,755.0,21,1187333,48,5,0,52576.0,782508,0,Female,Business,High School,Urban,Education,Married,Good,1
APP100007,CUST10007,2023-03-08,39,27346.0,669.0,9,459633,72,4,0,45916.0,441997,5,Male,Salaried,High School,Urban,Home,Married,Average,1
APP100008,CUST10008,2023-08-19,43,18587.0,677.0,22,934507,72,5,0,51923.0,771033,0,Male,Salaried,Postgraduate,Urban,Personal,Single,Excellent,0
APP100009,CUST10009,2023-12-17,31,30763.0,677.0,12,346753,36,4,0,60162.0,226525,2,Male,Salaried,Postgraduate,Urban,Personal,Married,Good,1
APP100010,CUST10010,2025-01-30,31,87615.0,660.0,28,939217,48,2,1,85729.0,489689,4,Female,Contract,Graduate,Rural,Personal,Married,Good,1
APP100011,CUST10011,2025-05-12,44,138987.0,678.0,25,1352776,24,0,3,71917.0,888506,3,Male,Salaried,High School,Semi-Urban,Vehicle,Married,Good,1
APP100012,CUST10012,2023-12-23,56,,834.0,13,1001406,72,5,0,12012.0,994761,4,Female,Salaried,Graduate,Rural,Business,Single,Good,0
APP100013,CUST10013,2025-12-01,60,113648.0,611.0,6,1646509,24,1,0,20213.0,549863,5,Male,Salaried,Graduate,Urban,Home,Married,Good,1
APP100014,CUST10014,2025-10-26,44,43556.0,629.0,28,1554665,84,1,0,32563.0,864280,1,Female,Business,Graduate,Semi-Urban,Personal,Married,Good,1
APP100015,CUST10015,2023-11-25,23,77042.0,794.0,19,1818494,84,2,0,20212.0,258947,1,Male,Salaried,Graduate,Urban,Vehicle,Married,Excellent,1
APP100016,CUST10016,2025-06-29,42,36099.0,662.0,5,374377,84,2,0,65188.0,904648,0,Male,Self-Employed,High School,Rural,Vehicle,Married,Excellent,0
APP100017,CUST10017,2023-12-04,22,127089.0,656.0,6,1472163,60,1,0,51576.0,9616,5,Female,Salaried,Postgraduate,Rural,Home,Married,Good,1
APP100018,CUST10018,2025-12-28,44,162302.0,768.0,4,1253049,36,5,0,15711.0,200980,4,Male,Self-Employed,Graduate,Rural,Education,Married,Excellent,0
APP100019,CUST10019,2025-05-31,64,178081.0,583.0,20,844203,24,1,1,14515.0,694123,2,Female,Salaried,Postgraduate,Semi-Urban,Vehicle,Single,Average,1
APP100020,CUST10020,2024-06-22,50,51866.0,752.0,17,1566243,84,0,0,25193.0,300268,3,Female,Salaried,Graduate,Urban,Home,Married,Average,1
APP100021,CUST10021,2025-01-06,58,123400.0,693.0,22,522650,84,4,0,,488513,4,Female,Business,Postgraduate,Semi-Urban,Vehicle,Single,Good,1
APP100022,CUST10022,2024-03-18,22,102246.0,725.0,11,510665,48,0,1,7424.0,465445,5,Male,Self-Employed,Postgraduate,Urban,Home,Married,Average,1
APP100023,CUST10023,2025-07-12,41,94975.0,723.0,5,414745,72,1,0,49344.0,662950,5,Female,Contract,Graduate,Urban,Personal,Single,Good,0
APP100024,CUST10024,2025-07-08,53,99557.0,643.0,26,1584396,84,4,0,68092.0,691230,4,Male,Business,Graduate,Urban,Education,Single,Excellent,1
APP100025,CUST10025,2023-02-20,32,155488.0,769.0,0,1493734,60,1,0,64595.0,538822,3,Male,Salaried,Postgraduate,Urban,Vehicle,Single,Good,0
APP100026,CUST10026,2023-05-29,42,90516.0,649.0,3,1774324,48,0,0,59626.0,275065,4,Female,Self-Employed,Postgraduate,Semi-Urban,Vehicle,Married,Good,1
APP100027,CUST10027,2024-01-03,64,167130.0,721.0,18,961656,36,0,0,14200.0,399907,4,Male,Business,Postgraduate,Urban,Vehicle,Married,Excellent,1
APP100028,CUST10028,2024-08-02,45,50602.0,783.0,11,657539,60,5,0,55469.0,309186,3,Female,Salaried,Graduate,Urban,Business,Single,Good,1
APP100029,CUST10029,2024-10-17,47,176588.0,793.0,14,631330,60,5,0,28031.0,580497,2,Female,Salaried,Graduate,Urban,Business,Married,Excellent,0
APP100030,CUST10030,2023-03-17,62,147295.0,670.0,2,890172,60,0,0,8216.0,728800,5,Female,Salaried,Graduate,Semi-Urban,Personal,Married,Good,0
APP100031,CUST10031,2023-08-15,48,105969.0,725.0,22,246945,72,4,3,50594.0,245763,3,Female,Salaried,Graduate,Semi-Urban,Vehicle,Married,Good,1
APP100032,CUST10032,2025-08-16,36,150161.0,663.0,26,1669888,84,5,0,5016.0,320747,0,Female,Salaried,Postgraduate,Urban,Education,Married,Good,0
APP100033,CUST10033,2024-08-14,35,159559.0,850.0,27,1777386,12,5,0,31378.0,49377,0,Female,Contract,Postgraduate,Semi-Urban,Business,Single,Excellent,1
APP100034,CUST10034,2023-01-24,64,18155.0,749.0,25,1679829,60,3,2,36734.0,44705,0,Male,Business,High School,Semi-Urban,Home,Single,Excellent,1
APP100035,CUST10035,2023-01-28,23,141950.0,696.0,19,322201,48,3,0,83886.0,101492,0,Male,Self-Employed,Graduate,Urban,Home,Single,Good,0
APP100036,CUST10036,2023-05-01,57,85494.0,713.0,30,798609,48,5,0,19450.0,154836,1,Male,Salaried,Graduate,Semi-Urban,Home,Married,Average,1
APP100037,CUST10037,2025-05-02,27,94229.0,721.0,27,845415,36,1,0,6473.0,471960,2,Male,Salaried,Graduate,Semi-Urban,Personal,Single,Good,0
APP100038,CUST10038,2024-09-15,41,122648.0,723.0,7,442613,24,4,0,30525.0,282927,1,Male,Self-Employed,Postgraduate,Urban,Vehicle,Married,Good,1
APP100039,CUST10039,2025-06-08,29,56547.0,672.0,10,594283,24,2,0,33572.0,275659,4,Female,Salaried,Graduate,Semi-Urban,Vehicle,Single,Good,1
APP100040,CUST10040,2023-01-31,59,46795.0,660.0,15,164587,12,5,0,47028.0,662430,4,Male,Business,Graduate,Semi-Urban,Business,Single,Average,0
APP100041,CUST10041,2025-05-19,38,39447.0,679.0,8,1331652,72,3,2,42079.0,874282,3,Female,Contract,Graduate,Urban,Home,Married,Good,1
APP100042,CUST10042,2023-02-19,24,105960.0,605.0,2,796988,84,4,0,63967.0,771410,0,Male,Salaried,Graduate,Semi-Urban,Personal,Married,Excellent,1
APP100043,CUST10043,2024-12-26,45,81278.0,744.0,4,520897,72,4,0,57047.0,674131,3,Male,Salaried,Graduate,Semi-Urban,Education,Single,Excellent,0
APP100044,CUST10044,2024-01-24,34,,630.0,19,1137462,84,3,0,35110.0,363920,4,Female,Salaried,High School,Urban,Vehicle,Married,Excellent,1
APP100045,CUST10045,2025-08-01,29,130782.0,611.0,13,1449745,60,4,0,6946.0,69206,0,Male,Salaried,High School,Semi-Urban,Vehicle,Married,Good,1
APP100046,CUST10046,2025-10-11,46,120932.0,689.0,27,539788,84,4,0,26943.0,247220,5,Male,Salaried,Graduate,Urban,Personal,Married,Excellent,0
APP100047,CUST10047,2024-04-19,22,158600.0,680.0,25,145149,12,3,0,20740.0,350508,2,Male,Business,Graduate,Urban,Business,Single,Good,0
APP100048,CUST10048,2025-01-25,40,127869.0,709.0,14,668308,36,0,0,79712.0,115532,4,Female,Contract,Graduate,Semi-Urban,Personal,Single,Good,1
APP100049,CUST10049,2024-08-25,48,157251.0,647.0,5,1625537,36,5,0,49651.0,226586,5,Male,Contract,Postgraduate,Semi-Urban,Business,Married,Good,1
APP100050,CUST10050,2025-07-14,27,66781.0,661.0,26,1002394,24,1,3,42269.0,123090,3,Female,Business,Postgraduate,Urban,Vehicle,Married,Average,1
APP100051,CUST10051,2025-10-26,64,173024.0,742.0,25,1962521,36,2,1,82154.0,550224,5,Male,Contract,Postgraduate,Rural,Business,Married,Good,0
APP100052,CUST10052,2025-03-03,28,71798.0,737.0,3,73466,60,1,0,43682.0,883050,3,Female,Contract,Graduate,Rural,Business,Married,Poor,1
APP100053,CUST10053,2024-02-16,55,116696.0,734.0,7,287626,48,0,1,29601.0,416121,4,Male,Self-Employed,Graduate,Rural,Business,Married,Poor,0
APP100054,CUST10054,2024-10-23,34,68939.0,693.0,18,1977553,36,0,0,37850.0,401314,1,Female,Salaried,Graduate,Urban,Business,Single,Average,0
APP100055,CUST10055,2023-07-10,37,47516.0,703.0,26,1608542,12,4,1,46132.0,32020,2,Female,Salaried,Graduate,Rural,Home,Single,Poor,1
APP100056,CUST10056,2025-02-24,56,159521.0,707.0,4,1673270,60,1,0,55150.0,455488,5,Male,Salaried,Postgraduate,Rural,Home,Single,Excellent,1
APP100057,CUST10057,2024-08-07,60,,641.0,12,446904,36,0,0,10804.0,127043,5,Male,Salaried,Graduate,Rural,Home,Married,Average,0
APP100058,CUST10058,2025-08-16,24,144688.0,801.0,15,1692148,72,1,1,57034.0,449555,4,Male,Business,Graduate,Rural,Home,Married,Good,0
APP100059,CUST10059,2024-05-14,22,104661.0,790.0,0,810006,84,0,0,50061.0,278129,4,Female,Salaried,Graduate,Urban,Personal,Married,Average,0
APP100060,CUST10060,2024-08-02,26,90954.0,750.0,12,951011,36,2,1,32419.0,144355,3,Male,Salaried,Graduate,Urban,Education,Married,Good,0
APP100061,CUST10061,2025-03-26,62,40746.0,658.0,30,1636529,72,0,0,28746.0,658388,0,Female,Salaried,Postgraduate,Urban,Business,Married,Good,1
APP100062,CUST10062,2025-12-22,24,85990.0,730.0,21,594929,60,1,0,83348.0,124635,0,Male,Salaried,Postgraduate,Urban,Personal,Single,Poor,0
APP100063,CUST10063,2025-02-18,49,76810.0,763.0,10,475716,36,4,0,72581.0,837755,0,Male,Salaried,Postgraduate,Rural,Home,Single,Excellent,0
APP100064,CUST10064,2025-07-31,38,136362.0,598.0,20,610085,72,1,2,30336.0,566996,3,Female,Salaried,Graduate,Semi-Urban,Business,Single,Average,1
APP100065,CUST10065,2023-09-22,46,164295.0,817.0,7,1838702,48,3,0,50952.0,861730,0,Male,Salaried,Graduate,Semi-Urban,Education,Married,Good,0
APP100066,CUST10066,2023-01-07,64,151669.0,560.0,24,1406670,24,1,0,52143.0,367201,4,Male,Salaried,High School,Urban,Business,Married,Good,0
APP100067,CUST10067,2024-11-25,54,20659.0,743.0,7,965986,60,2,0,,534342,1,Male,Salaried,High School,Urban,Vehicle,Single,Good,1
APP100068,CUST10068,2025-09-18,30,104516.0,799.0,23,1725203,72,5,2,39320.0,214884,1,Female,Salaried,High School,Urban,Vehicle,Married,Excellent,1
APP100069,CUST10069,2025-07-06,56,92567.0,682.0,27,1736295,12,2,0,41516.0,386724,1,Female,Self-Employed,Postgraduate,Semi-Urban,Personal,Married,Average,1
APP100070,CUST10070,2025-01-17,34,33037.0,679.0,13,1330851,36,2,0,64789.0,600605,0,Female,Salaried,High School,Semi-Urban,Education,Single,Poor,1
APP100071,CUST10071,2023-05-26,51,144498.0,740.0,12,452854,72,0,1,76114.0,854736,1,Female,Salaried,High School,Rural,Personal,Married,Average,0
APP100072,CUST10072,2023-08-29,35,30109.0,829.0,2,1906181,84,2,1,66240.0,283615,5,Male,Self-Employed,Graduate,Urban,Business,Single,Average,0
APP100073,CUST10073,2025-05-06,28,40010.0,669.0,3,718582,72,1,0,46798.0,219633,0,Male,Salaried,Graduate,Rural,Education,Married,Excellent,0
APP100074,CUST10074,2023-10-14,34,26787.0,631.0,30,231136,72,5,0,60920.0,106266,5,Male,Salaried,Postgraduate,Urban,Personal,Married,Good,1
APP100075,CUST10075,2025-08-09,43,157544.0,658.0,26,1266658,84,4,0,71473.0,731309,4,Female,Contract,High School,Semi-Urban,Business,Single,Good,1
APP100076,CUST10076,2023-01-26,60,172455.0,574.0,19,1351877,24,2,0,70326.0,916454,5,Male,Self-Employed,Postgraduate,Urban,Home,Married,Good,1
APP100077,CUST10077,2024-03-27,41,79709.0,757.0,14,592383,84,1,0,78131.0,733316,4,Female,Salaried,Graduate,Urban,Business,Single,Excellent,0
APP100078,CUST10078,2023-04-16,36,52518.0,651.0,14,1222130,84,0,0,5424.0,505262,3,Male,Business,Postgraduate,Rural,Personal,Single,Good,1
APP100079,CUST10079,2023-08-28,65,71909.0,674.0,29,444655,12,0,0,,507158,3,Female,Contract,Graduate,Rural,Education,Married,Good,0
APP100080,CUST10080,2023-11-28,38,36351.0,758.0,26,962046,84,4,0,8051.0,700038,5,Female,Salaried,Graduate,Urban,Education,Married,Excellent,0
APP100081,CUST10081,2025-06-30,44,33282.0,662.0,20,1857853,12,4,0,64481.0,714685,2,Male,Business,Graduate,Urban,Home,Single,Excellent,1
APP100082,CUST10082,2025-12-01,46,170850.0,747.0,12,528766,48,1,0,68872.0,817959,4,Female,Business,Graduate,Urban,Personal,Single,Excellent,0
APP100083,CUST10083,2024-10-06,45,173336.0,612.0,8,972879,84,4,0,82774.0,310394,0,Female,Salaried,Graduate,Urban,Home,Married,Average,1
APP100084,CUST10084,2023-02-04,65,23075.0,762.0,27,1711887,24,4,1,32786.0,124917,2,Male,Self-Employed,High School,Semi-Urban,Vehicle,Single,Good,1
APP100085,CUST10085,2025-05-25,61,46365.0,716.0,24,1730045,84,0,0,73230.0,803461,4,Female,Salaried,High School,Semi-Urban,Business,Single,Excellent,1
APP100086,CUST10086,2024-01-19,49,29002.0,683.0,9,272310,72,1,0,74131.0,46583,0,Female,Self-Employed,Postgraduate,Urban,Vehicle,Single,Average,1
APP100087,CUST10087,2025-03-21,35,31947.0,700.0,28,857032,60,5,0,6267.0,893493,4,Male,Self-Employed,Graduate,Urban,Vehicle,Married,Excellent,1
APP100088,CUST10088,2025-01-17,65,112840.0,593.0,11,1887474,24,4,0,70957.0,370244,4,Female,Salaried,Postgraduate,Urban,Home,Married,Good,1
APP100089,CUST10089,2025-08-16,21,134219.0,698.0,13,1879213,84,1,1,67645.0,499812,0,Female,Business,Graduate,Urban,Home,Single,Average,1
APP100090,CUST10090,2025-11-22,45,96610.0,679.0,0,549344,24,2,0,24650.0,467584,4,Female,Business,Graduate,Semi-Urban,Business,Married,Good,0
APP100091,CUST10091,2023-04-05,27,70142.0,596.0,13,1799033,12,0,0,12017.0,73147,4,Male,Contract,High School,Rural,Home,Single,Good,1
APP100092,CUST10092,2025-10-16,29,74307.0,640.0,13,946366,48,5,0,14849.0,668713,4,Male,Salaried,Postgraduate,Urban,Home,Married,Excellent,1
APP100093,CUST10093,2023-07-24,44,153565.0,,7,1676140,48,0,1,67453.0,457552,3,Male,Salaried,Graduate,Urban,Home,Single,Excellent,1
APP100094,CUST10094,2025-04-13,21,68085.0,644.0,15,1541909,24,0,0,54117.0,48042,1,Male,Business,High School,Urban,Home,Single,Good,0
APP100095,CUST10095,2023-01-30,64,52228.0,509.0,13,490187,24,3,0,62247.0,360269,4,Female,Salaried,Graduate,Urban,Home,Married,Excellent,1
APP100096,CUST10096,2023-09-23,28,61472.0,771.0,0,319072,84,1,0,49899.0,701356,0,Male,Salaried,High School,Urban,Vehicle,Single,Average,0
APP100097,CUST10097,2023-01-23,44,67437.0,679.0,15,1055520,36,2,0,46644.0,751317,5,Male,Business,Postgraduate,Rural,Vehicle,Single,Good,0
APP100098,CUST10098,2024-08-31,31,77711.0,519.0,17,1940317,72,4,0,72762.0,81604,4,Male,Salaried,High School,Rural,Business,Married,Good,1
APP100099,CUST10099,2023-02-08,37,155888.0,850.0,6,255719,12,2,0,9388.0,60918,3,Male,Salaried,Graduate,Urban,Education,Married,Good,0
APP100100,CUST10100,2023-06-22,28,95175.0,783.0,14,746248,72,1,0,72958.0,389369,3,Female,Salaried,High School,Urban,Business,Single,Average,0
APP100101,CUST10101,2025-01-29,55,82307.0,664.0,23,1848961,60,0,0,44994.0,780344,5,Female,Salaried,High School,Urban,Personal,Married,Good,0
APP100102,CUST10102,2024-02-18,55,64733.0,627.0,16,1797768,60,3,0,79805.0,598170,4,Male,Salaried,,Urban,Business,Married,Good,1
APP100103,CUST10103,2024-11-22,53,146202.0,720.0,30,166196,48,1,0,82713.0,566110,2,Female,Salaried,Graduate,Semi-Urban,Business,Married,Good,0
APP100104,CUST10104,2024-09-06,25,113028.0,705.0,18,1107980,12,5,0,82568.0,840192,5,Male,Salaried,Postgraduate,Semi-Urban,Home,Married,Good,1
APP100105,CUST10105,2023-07-28,62,,731.0,22,1525431,72,5,0,77852.0,9200,1,Male,Business,Graduate,Urban,Home,Married,Good,1
APP100106,CUST10106,2023-01-22,59,110493.0,627.0,12,1832054,48,1,0,7843.0,52259,0,Female,Salaried,Graduate,Rural,Home,Married,Good,1
APP100107,CUST10107,2023-01-05,61,143149.0,772.0,8,503814,60,4,1,33015.0,537815,0,Female,Self-Employed,Graduate,Semi-Urban,Education,Single,Good,0
APP100108,CUST10108,2024-10-12,48,26259.0,654.0,23,1736051,24,2,0,74647.0,524193,0,Female,Salaried,Postgraduate,Urban,Home,Married,Good,1
APP100109,CUST10109,2023-08-02,27,146775.0,741.0,23,946881,12,2,0,50231.0,510765,0,Female,Self-Employed,Graduate,Urban,Personal,Married,Excellent,1
APP100110,CUST10110,2025-07-08,29,32849.0,630.0,14,1650548,12,4,0,51546.0,801967,3,Female,Contract,Graduate,Urban,Vehicle,Single,Excellent,1
APP100111,CUST10111,2025-06-25,28,99768.0,850.0,24,1691455,72,3,0,56055.0,940448,1,Female,Self-Employed,Graduate,Semi-Urban,Personal,Single,Excellent,1
APP100112,CUST10112,2024-11-02,32,124108.0,742.0,25,1480541,84,0,0,54577.0,438506,4,Male,Self-Employed,Graduate,Semi-Urban,Education,Single,Good,1
APP100113,CUST10113,2024-10-28,54,107709.0,850.0,2,783082,36,0,0,40169.0,640765,4,Female,Salaried,Graduate,Rural,Home,Single,Average,0
APP100114,CUST10114,2025-03-10,53,72869.0,752.0,23,314826,72,5,0,46709.0,205772,2,Male,Salaried,Postgraduate,Rural,Business,Single,Good,0
APP100115,CUST10115,2023-11-13,43,144888.0,648.0,0,1209762,24,3,1,34415.0,493774,4,Male,Business,Postgraduate,Rural,Vehicle,Single,Poor,1
APP100116,CUST10116,2025-03-03,44,81095.0,752.0,15,817469,84,4,0,20685.0,279582,1,Male,Business,Graduate,Semi-Urban,Education,Single,Good,1
APP100117,CUST10117,2024-07-29,57,135886.0,758.0,7,1644696,84,1,0,20963.0,331488,4,Male,Salaried,Postgraduate,Semi-Urban,Personal,Married,Good,0
APP100118,CUST10118,2023-04-01,55,88910.0,718.0,28,1639861,84,2,1,34698.0,224712,3,Male,Contract,High School,Semi-Urban,Home,Married,Average,1
APP100119,CUST10119,2025-12-01,64,41567.0,737.0,22,1395360,24,1,0,67415.0,980509,5,Female,Salaried,Graduate,Urban,Education,Single,Good,1
APP100120,CUST10120,2025-01-30,60,53292.0,747.0,12,1568674,48,2,1,61400.0,125127,4,Female,Self-Employed,Graduate,Urban,Education,Married,Good,0
APP100121,CUST10121,2025-02-08,42,92813.0,615.0,30,1139067,12,1,0,60450.0,75388,0,Male,Salaried,Graduate,Urban,Business,Married,Good,1
APP100122,CUST10122,2023-01-01,47,115136.0,610.0,7,1161619,48,4,0,55711.0,257355,0,Male,Self-Employed,High School,Semi-Urban,Business,Married,Good,1
APP100123,CUST10123,2023-04-19,55,69631.0,630.0,16,948607,24,4,0,76571.0,863681,5,Female,Salaried,Graduate,Rural,Business,Married,Average,1
APP100124,CUST10124,2025-07-16,21,27885.0,700.0,21,1227144,36,3,2,77607.0,328227,0,Male,Contract,Postgraduate,Urban,Personal,Single,Good,1
APP100125,CUST10125,2025-12-23,55,84314.0,673.0,22,1474970,12,1,1,25578.0,729079,0,Female,Business,Graduate,Semi-Urban,Business,Married,Poor,1
APP100126,CUST10126,2023-07-25,57,83087.0,617.0,13,1695589,24,1,0,33842.0,822786,3,Female,Salaried,High School,Urban,Education,Married,Poor,1
APP100127,CUST10127,2025-04-29,34,178237.0,748.0,26,178131,36,3,0,21531.0,653653,3,Female,Self-Employed,High School,Rural,Education,Single,Good,0
APP100128,CUST10128,2024-08-12,23,113998.0,711.0,20,1144096,72,3,0,7170.0,996072,3,Male,Business,Graduate,Semi-Urban,Education,Single,Excellent,1
APP100129,CUST10129,2024-09-14,21,67812.0,703.0,29,375063,60,4,0,12297.0,215883,4,Male,Salaried,High School,Rural,Vehicle,Married,Excellent,1
APP100130,CUST10130,2025-08-22,25,76643.0,671.0,20,684157,84,4,1,9163.0,154865,5,Male,Salaried,Postgraduate,Urban,Vehicle,Single,Excellent,1
APP100131,CUST10131,2025-08-22,46,62900.0,662.0,6,638730,24,5,0,45794.0,435282,0,Male,Salaried,Graduate,Rural,Personal,Married,Excellent,1
APP100132,CUST10132,2024-10-14,34,156923.0,627.0,30,1883889,60,1,0,46787.0,220526,2,Male,Salaried,Graduate,Urban,Business,Married,Good,1
APP100133,CUST10133,2023-03-20,59,34288.0,760.0,26,1251418,48,4,2,62219.0,76135,5,Male,Self-Employed,Postgraduate,Semi-Urban,Education,Married,Excellent,1
APP100134,CUST10134,2024-02-19,47,90692.0,637.0,14,417390,60,4,2,29448.0,955275,2,Male,Salaried,High School,Urban,Business,Single,Good,1
APP100135,CUST10135,2024-09-30,29,156440.0,706.0,15,1801434,24,1,0,74152.0,673800,0,Male,Salaried,Graduate,Semi-Urban,Education,Married,Excellent,1
APP100136,CUST10136,2025-03-01,35,103436.0,815.0,18,1470407,60,3,0,61437.0,802721,1,Female,Salaried,High School,Rural,Vehicle,Single,Good,1
APP100137,CUST10137,2025-11-27,35,64403.0,665.0,5,572485,84,1,3,33299.0,376488,5,Male,Contract,High School,Semi-Urban,Education,Single,Excellent,1
APP100138,CUST10138,2023-11-29,46,,762.0,22,697735,12,0,0,46119.0,640856,4,Female,Business,High School,Semi-Urban,Personal,Married,Average,0
APP100139,CUST10139,2023-10-15,62,27168.0,733.0,0,1684341,24,1,0,82093.0,316322,2,Female,Self-Employed,Postgraduate,Urban,Home,Single,Average,1
APP100140,CUST10140,2025-12-08,33,67879.0,713.0,11,574532,36,0,0,43648.0,206769,5,Female,Salaried,Graduate,Urban,Education,Married,Good,0
APP100141,CUST10141,2023-06-10,52,77871.0,722.0,17,1000292,60,1,1,19096.0,71500,5,Male,Salaried,High School,Urban,Personal,Married,Average,0
APP100142,CUST10142,2023-11-16,59,50174.0,683.0,15,1062845,12,0,0,79279.0,479694,3,Male,Salaried,Graduate,Urban,Vehicle,Single,Excellent,1
APP100143,CUST10143,2025-07-12,52,155653.0,693.0,11,1964461,84,0,0,12391.0,384928,1,Male,Business,High School,Rural,Vehicle,Married,Average,1
APP100144,CUST10144,2023-12-30,24,128155.0,649.0,19,500953,48,1,0,79891.0,840655,3,Female,Salaried,High School,Rural,Home,Married,Good,1
APP100145,CUST10145,2024-04-19,50,89853.0,693.0,12,1276137,48,5,1,67830.0,436585,1,Male,Salaried,Postgraduate,Rural,Business,Married,Good,1
APP100146,CUST10146,2025-10-19,57,82046.0,646.0,7,964394,84,4,0,75783.0,674544,1,Male,Business,High School,Urban,Business,Married,Excellent,1
APP100147,CUST10147,2025-02-04,43,67678.0,765.0,26,907735,60,2,1,45286.0,597771,4,Female,Salaried,Postgraduate,Semi-Urban,Education,Married,Excellent,1
APP100148,CUST10148,2024-08-24,59,44649.0,563.0,28,1389110,48,4,0,76826.0,244883,5,Male,Business,Graduate,Semi-Urban,Vehicle,Married,Average,1
APP100149,CUST10149,2023-11-08,65,145795.0,726.0,29,584535,36,0,1,42595.0,469990,3,Female,Business,High School,Semi-Urban,Personal,Married,Good,0
APP100150,CUST10150,2024-08-11,35,106668.0,715.0,25,1298699,24,1,1,67740.0,386322,3,Female,Salaried,Graduate,Urban,Home,Married,Excellent,1
APP100151,CUST10151,2023-12-09,63,163639.0,708.0,21,1813655,12,1,1,55929.0,673516,2,Female,Contract,Graduate,Rural,Business,Married,Good,1
APP100152,CUST10152,2025-06-24,49,107906.0,767.0,0,1526470,72,1,2,37827.0,400627,5,Male,Salaried,Graduate,Urban,Education,Married,Excellent,1
APP100153,CUST10153,2023-06-21,56,114019.0,669.0,25,1090673,60,1,0,31209.0,282818,0,Female,Contract,Graduate,Urban,Education,Single,Excellent,1
APP100154,CUST10154,2024-09-17,33,96002.0,709.0,20,531018,48,5,0,85752.0,930812,0,Female,Salaried,Postgraduate,Rural,Vehicle,Single,Average,1
APP100155,CUST10155,2025-10-29,52,46803.0,561.0,6,1305934,24,2,1,78396.0,637995,2,Male,Business,Postgraduate,Rural,Personal,Married,Good,1
APP100156,CUST10156,2024-11-12,27,167302.0,,14,866015,72,3,1,83961.0,73460,1,Female,Self-Employed,Graduate,Semi-Urban,Personal,Single,Good,0
APP100157,CUST10157,2023-11-07,42,166934.0,754.0,28,566456,36,0,0,18806.0,529864,2,Male,Salaried,Postgraduate,Urban,Business,Married,Poor,0
APP100158,CUST10158,2025-07-02,48,48795.0,590.0,21,1237724,48,2,0,30406.0,150713,2,Male,Self-Employed,High School,Urban,Education,Married,Good,1
APP100159,CUST10159,2024-03-05,22,26770.0,702.0,12,985510,48,4,0,39360.0,997003,3,Female,Contract,High School,Urban,Vehicle,Single,Good,1
APP100160,CUST10160,2025-05-07,62,29093.0,639.0,12,1244699,12,3,0,85000.0,225899,2,Male,Contract,Postgraduate,Rural,Personal,Married,Good,1
APP100161,CUST10161,2023-10-12,65,149265.0,682.0,27,447530,36,3,0,43865.0,889696,1,Male,Self-Employed,Graduate,Urban,Education,Single,Good,1
APP100162,CUST10162,2024-05-09,26,118311.0,644.0,8,602958,36,1,1,11458.0,318051,0,Male,Self-Employed,Graduate,Rural,Personal,Married,Good,0
APP100163,CUST10163,2023-12-21,48,35569.0,596.0,23,1592549,60,2,0,14151.0,439355,4,Male,Salaried,Graduate,Rural,Home,Single,Excellent,1
APP100164,CUST10164,2023-08-02,48,29190.0,719.0,14,1035055,72,4,0,59869.0,613613,5,Female,Business,Graduate,Rural,Personal,Married,Good,1
APP100165,CUST10165,2025-03-27,64,80824.0,686.0,3,1108812,12,1,0,77024.0,831083,2,Male,Self-Employed,High School,Urban,Personal,Married,Average,0
APP100166,CUST10166,2023-07-19,64,60070.0,736.0,12,85568,60,1,0,29541.0,717675,5,Male,Business,Graduate,Urban,Education,Married,Good,1
APP100167,CUST10167,2025-05-02,40,58197.0,750.0,26,1730191,12,5,0,26803.0,98435,2,Male,Self-Employed,Postgraduate,Semi-Urban,Personal,Single,Average,1
APP100168,CUST10168,2023-05-16,50,20261.0,782.0,11,305745,36,0,0,48183.0,413874,5,Male,Salaried,High School,Rural,Personal,Married,Good,1
APP100169,CUST10169,2025-08-05,31,175584.0,700.0,4,422332,12,3,0,49776.0,568195,3,Female,Salaried,Graduate,Rural,Home,Single,Excellent,0
APP100170,CUST10170,2024-09-19,48,155788.0,785.0,6,535119,12,4,0,67323.0,215792,3,Female,Salaried,Graduate,Urban,Personal,Single,Good,1
APP100171,CUST10171,2025-07-05,45,104795.0,617.0,7,328496,12,3,0,16170.0,593205,5,Male,Self-Employed,Graduate,Semi-Urban,Personal,Married,Excellent,1
APP100172,CUST10172,2023-12-08,59,46933.0,758.0,4,1748585,24,2,0,87966.0,429963,2,Female,Salaried,High School,Semi-Urban,Education,Single,Excellent,1
APP100173,CUST10173,2024-01-23,53,153450.0,724.0,8,309291,24,0,0,52284.0,263700,2,Male,Self-Employed,High School,Urban,Vehicle,Married,Excellent,0
APP100174,CUST10174,2023-01-04,21,58583.0,707.0,13,488866,72,1,0,14260.0,736389,1,Female,Salaried,Graduate,Semi-Urban,Home,Married,Average,0
APP100175,CUST10175,2024-11-07,47,130082.0,723.0,25,453562,72,0,1,12636.0,450356,0,Male,Salaried,Graduate,Semi-Urban,Personal,Married,Excellent,0
APP100176,CUST10176,2024-02-03,33,103371.0,618.0,11,730516,84,1,0,41108.0,584224,0,Male,Salaried,Postgraduate,Urban,Vehicle,Married,Good,0
APP100177,CUST10177,2024-02-15,61,178105.0,600.0,3,105904,36,0,0,20941.0,31178,4,Female,Salaried,Graduate,Urban,Education,Single,Excellent,0
APP100178,CUST10178,2023-08-01,23,173072.0,818.0,19,958573,12,1,0,73971.0,397758,0,Female,Salaried,,Urban,Home,Married,Average,0
APP100179,CUST10179,2024-07-13,59,129032.0,677.0,28,328252,36,3,1,33355.0,104423,4,Female,Self-Employed,Graduate,Urban,Education,Married,Good,1
APP100180,CUST10180,2024-07-11,26,60604.0,676.0,7,572247,24,3,0,77836.0,728110,3,Female,Salaried,High School,Urban,Vehicle,Married,Excellent,1
APP100181,CUST10181,2024-07-11,28,113074.0,607.0,16,839285,12,3,0,38733.0,13000,4,Female,Salaried,High School,Urban,Home,Married,Average,1
APP100182,CUST10182,2025-12-07,47,91869.0,579.0,7,396300,60,3,0,12444.0,930569,4,Male,Contract,Graduate,Rural,Personal,Married,Average,0
APP100183,CUST10183,2024-05-16,29,23410.0,683.0,20,316320,24,0,0,19610.0,984908,0,Male,Salaried,Postgraduate,Rural,Vehicle,Married,Good,0
APP100184,CUST10184,2024-10-05,57,,664.0,28,674747,24,1,0,71036.0,113407,2,Male,Business,Graduate,Rural,Education,Married,Good,0
APP100185,CUST10185,2024-06-14,53,114055.0,690.0,29,1517712,24,3,0,9554.0,137157,3,Male,Contract,Graduate,Urban,Home,Married,Good,1
APP100186,CUST10186,2025-08-10,62,155868.0,697.0,26,1284498,84,0,1,30545.0,578613,1,Female,Salaried,High School,Urban,Vehicle,Married,Poor,0
APP100187,CUST10187,2025-02-25,64,104716.0,850.0,0,1236477,12,1,0,55139.0,903300,4,Female,Salaried,High School,Rural,Vehicle,Married,Excellent,0
APP100188,CUST10188,2024-04-19,44,72245.0,665.0,19,173225,72,0,0,66971.0,991572,4,Male,Salaried,High School,Urban,Education,Single,Good,0
APP100189,CUST10189,2023-02-11,35,61056.0,808.0,1,543406,48,5,0,51059.0,460279,5,Male,Salaried,High School,Semi-Urban,Education,Married,Good,1
APP100190,CUST10190,2024-08-26,52,166781.0,813.0,3,1858711,60,3,1,11771.0,677982,4,Female,Salaried,Postgraduate,Urban,Personal,Single,Good,1
APP100191,CUST10191,2023-02-17,52,76557.0,747.0,23,271738,60,2,0,88035.0,131190,2,Female,Salaried,Postgraduate,Urban,Personal,Married,Good,0
APP100192,CUST10192,2024-12-28,44,35543.0,672.0,20,954890,36,0,0,,331046,1,Female,Salaried,Graduate,Rural,Vehicle,Married,Excellent,1
APP100193,CUST10193,2023-08-09,61,114038.0,588.0,0,1733757,12,3,0,31055.0,271978,5,Female,Business,Postgraduate,Rural,Education,Married,Excellent,1
APP100194,CUST10194,2025-07-28,32,165796.0,726.0,6,910359,72,4,0,42202.0,352877,0,Female,Salaried,High School,Rural,Vehicle,Married,Average,0
APP100195,CUST10195,2023-12-09,59,21828.0,766.0,0,528076,24,1,1,32700.0,541296,3,Male,Self-Employed,Graduate,Rural,Business,Single,Average,1
APP100196,CUST10196,2023-06-04,22,134656.0,821.0,8,292726,48,5,1,8567.0,869930,2,Male,Self-Employed,Graduate,Semi-Urban,Education,Single,Poor,0
APP100197,CUST10197,2025-07-26,23,35087.0,619.0,2,1401387,12,3,0,72194.0,576517,1,Male,Salaried,High School,Urban,Business,Single,Average,1
APP100198,CUST10198,2025-04-20,57,161677.0,672.0,11,771202,12,4,0,47836.0,257844,3,Male,Salaried,High School,Urban,Business,Married,Good,0
APP100199,CUST10199,2025-12-15,37,49337.0,619.0,18,1527635,84,0,0,31627.0,117892,0,Female,Salaried,Graduate,Semi-Urban,Education,Married,Excellent,1
APP100200,CUST10200,2024-01-22,22,154554.0,642.0,14,756168,72,0,0,43568.0,668372,3,Male,Self-Employed,Graduate,Urban,Personal,Single,Good,0
APP100201,CUST10201,2025-06-12,22,83333.0,740.0,30,1522335,48,4,0,25760.0,318269,5,Male,Salaried,Graduate,Rural,Vehicle,Married,Good,1
APP100202,CUST10202,2023-02-07,48,154535.0,639.0,21,515996,24,5,0,34985.0,90702,4,Male,Self-Employed,Graduate,Semi-Urban,Home,Single,Good,1
APP100203,CUST10203,2025-04-30,43,88448.0,628.0,15,1105187,12,4,0,84944.0,875596,4,Male,Self-Employed,Graduate,Semi-Urban,Home,Married,Good,0
APP100204,CUST10204,2024-12-29,57,22648.0,750.0,9,1448962,60,1,1,45785.0,145921,2,Male,Business,Postgraduate,Semi-Urban,Education,Single,Poor,1
APP100205,CUST10205,2023-08-19,52,148576.0,724.0,21,1969620,60,0,0,40583.0,177444,3,Female,Salaried,Postgraduate,Urban,Personal,Married,Excellent,1
APP100206,CUST10206,2024-03-27,53,51623.0,716.0,28,1931910,48,4,3,38738.0,18767,4,Male,Self-Employed,Postgraduate,Semi-Urban,Personal,Single,Excellent,1
APP100207,CUST10207,2023-09-14,21,53634.0,641.0,26,821812,24,2,1,29204.0,478863,2,Male,Salaried,Graduate,Rural,Personal,Single,Good,0
APP100208,CUST10208,2024-03-09,39,132598.0,787.0,26,1393763,48,2,0,83821.0,438205,2,Female,Salaried,Graduate,Semi-Urban,Home,Married,Average,0
APP100209,CUST10209,2023-07-28,22,67334.0,691.0,5,186343,12,4,0,21643.0,963086,5,Female,Salaried,High School,Semi-Urban,Business,Married,Average,0
APP100210,CUST10210,2023-05-17,64,86648.0,850.0,28,909299,84,1,1,75561.0,442586,2,Female,Self-Employed,Postgraduate,Urban,Home,Married,Good,1
APP100211,CUST10211,2024-07-18,46,40054.0,702.0,16,389233,84,0,1,42126.0,574340,0,Female,Contract,Graduate,Rural,Personal,Married,Excellent,0
APP100212,CUST10212,2025-05-05,52,88028.0,515.0,20,895177,60,2,0,63126.0,776430,4,Male,Salaried,High School,Urban,Home,Married,Good,0
APP100213,CUST10213,2024-12-21,26,40207.0,512.0,27,1588668,84,4,0,87424.0,774174,4,Female,Salaried,High School,Rural,Home,Married,Average,1
APP100214,CUST10214,2025-04-24,52,99554.0,737.0,21,1029581,36,4,0,50258.0,628715,1,Male,Salaried,Graduate,Rural,Vehicle,Married,Good,1
APP100215,CUST10215,2023-02-05,24,170458.0,788.0,23,1288767,48,3,3,39527.0,181361,0,Female,Self-Employed,Graduate,Urban,Education,Married,Average,1
APP100216,CUST10216,2023-01-27,31,101276.0,631.0,28,1765509,84,4,1,28898.0,659879,4,Male,Salaried,Postgraduate,Rural,Business,Single,Good,1
APP100217,CUST10217,2023-01-18,37,70781.0,848.0,16,1775345,36,1,2,84923.0,944069,5,Female,Salaried,Graduate,Rural,Vehicle,Single,Excellent,1
APP100218,CUST10218,2024-09-21,58,79035.0,815.0,20,922402,36,2,1,61912.0,189236,4,Female,Self-Employed,Postgraduate,Semi-Urban,Education,Married,Good,1
APP100219,CUST10219,2024-08-01,44,26210.0,706.0,18,1385184,72,3,0,51435.0,367691,1,Male,Self-Employed,Graduate,Semi-Urban,Personal,Married,Average,1
APP100220,CUST10220,2025-06-21,25,62363.0,,17,1347796,60,2,0,8794.0,73125,3,Male,Salaried,Graduate,Rural,Vehicle,Single,Poor,1
APP100221,CUST10221,2025-09-01,54,96279.0,757.0,10,1534632,48,2,0,74126.0,506490,3,Female,Self-Employed,Graduate,Urban,Education,Single,Average,1
APP100222,CUST10222,2025-11-19,26,171504.0,832.0,23,1016289,36,1,0,19698.0,841713,0,Male,Salaried,Graduate,Rural,Vehicle,Single,Good,0
APP100223,CUST10223,2023-05-03,42,152393.0,741.0,6,692811,12,4,0,17332.0,980492,2,Male,Salaried,Graduate,Semi-Urban,Home,Married,Good,1
APP100224,CUST10224,2025-08-14,31,99348.0,704.0,9,1643526,84,1,1,14593.0,770378,1,Male,Salaried,Graduate,Rural,Home,Single,Average,1
APP100225,CUST10225,2025-09-27,36,131816.0,740.0,6,854660,72,4,3,63132.0,342429,1,Male,Business,Graduate,Semi-Urban,Vehicle,Married,Excellent,1
APP100226,CUST10226,2025-09-13,53,141053.0,730.0,4,635009,24,3,0,16036.0,486435,4,Female,Business,Graduate,Semi-Urban,Vehicle,Married,Poor,1
APP100227,CUST10227,2023-12-04,29,84262.0,759.0,11,712746,84,1,0,84908.0,206109,5,Male,Salaried,Graduate,Rural,Business,Married,Good,0
APP100228,CUST10228,2025-09-17,26,152832.0,572.0,15,843294,84,1,0,58164.0,28423,4,Female,Self-Employed,Graduate,Semi-Urban,Personal,Single,Poor,1
APP100229,CUST10229,2023-09-30,36,171262.0,714.0,28,614396,84,5,0,24351.0,89693,5,Male,Self-Employed,Graduate,Urban,Home,Married,Average,1
APP100230,CUST10230,2025-06-20,49,85411.0,725.0,24,141788,72,0,0,63413.0,220777,1,Female,Contract,High School,Semi-Urban,Vehicle,Married,Excellent,1
APP100231,CUST10231,2023-02-08,23,41377.0,685.0,20,518239,24,1,0,23059.0,880292,2,Female,Contract,Postgraduate,Semi-Urban,Education,Single,Excellent,0
APP100232,CUST10232,2024-11-12,40,56211.0,749.0,17,294437,60,5,2,,530994,3,Female,Self-Employed,Postgraduate,Urban,Personal,Single,Good,0
APP100233,CUST10233,2024-03-01,56,21744.0,834.0,2,1859875,48,0,0,72852.0,843185,0,Female,Salaried,High School,Urban,Education,Married,Good,0
APP100234,CUST10234,2023-11-11,39,42995.0,700.0,19,916572,48,4,1,86795.0,360899,5,Male,Salaried,Graduate,Urban,Personal,Married,Good,1
APP100235,CUST10235,2024-09-05,46,166049.0,742.0,14,1050467,24,4,0,16829.0,832766,3,Male,Self-Employed,Graduate,Urban,Education,Single,Good,0
APP100236,CUST10236,2025-01-24,23,52542.0,810.0,4,732561,84,4,0,78673.0,596436,0,Female,Contract,Graduate,Urban,Home,Single,Good,1
APP100237,CUST10237,2023-06-06,39,28651.0,702.0,12,1953586,12,5,0,29502.0,218446,2,Male,Salaried,Postgraduate,Semi-Urban,Vehicle,Married,Excellent,0
APP100238,CUST10238,2025-05-21,40,117239.0,623.0,18,99966,24,5,1,32204.0,631889,1,Male,Business,Graduate,Semi-Urban,Vehicle,Married,Poor,1
APP100239,CUST10239,2025-02-15,52,96931.0,736.0,11,235846,24,0,2,6265.0,756323,2,Female,Self-Employed,Postgraduate,Urban,Business,Married,Good,0
APP100240,CUST10240,2023-09-14,27,120112.0,525.0,29,1371106,48,4,0,40751.0,842059,5,Male,Salaried,Postgraduate,Urban,Vehicle,Single,Average,1
APP100241,CUST10241,2025-05-04,61,34715.0,518.0,22,651516,36,2,1,29315.0,544834,1,Male,Self-Employed,Graduate,Semi-Urban,Home,Single,Excellent,1
APP100242,CUST10242,2024-09-26,53,173378.0,715.0,20,1089524,12,1,0,52457.0,709095,4,Male,Salaried,Graduate,Semi-Urban,Personal,Married,Average,1
APP100243,CUST10243,2024-03-31,60,168158.0,514.0,4,1244873,48,5,0,51875.0,341725,0,Male,Self-Employed,Graduate,Urban,Personal,Married,Excellent,1
APP100244,CUST10244,2023-02-16,59,163448.0,591.0,5,1508485,72,5,1,65359.0,685659,4,Female,Self-Employed,Graduate,Urban,Vehicle,Married,Good,1
APP100245,CUST10245,2023-01-10,38,79350.0,661.0,6,1432917,24,5,1,48420.0,465143,1,Female,Contract,Postgraduate,Urban,Education,Married,Good,1
APP100246,CUST10246,2023-05-24,60,89425.0,636.0,25,93021,36,0,0,38379.0,48347,0,Male,Contract,Postgraduate,Rural,Vehicle,Single,Average,0
APP100247,CUST10247,2024-05-01,21,104120.0,679.0,9,431059,12,4,0,69102.0,570509,0,Female,Salaried,High School,Semi-Urban,Personal,Married,Good,1
APP100248,CUST10248,2025-11-15,31,132889.0,773.0,15,199333,60,2,0,59664.0,701136,4,Female,Salaried,Postgraduate,Urban,Business,Single,Excellent,0
APP100249,CUST10249,2025-10-27,48,159130.0,708.0,7,470594,12,1,0,75960.0,365347,0,Female,Business,Graduate,Urban,Personal,Married,Average,1
APP100250,CUST10250,2024-08-13,45,92637.0,627.0,8,953606,12,1,2,80475.0,545236,1,Female,Self-Employed,High School,Rural,Education,Married,Good,1
APP100251,CUST10251,2025-11-04,43,88194.0,792.0,26,826934,84,4,0,64469.0,30118,5,Male,Business,Postgraduate,Semi-Urban,Education,Married,Excellent,1
APP100252,CUST10252,2025-06-17,51,94917.0,583.0,3,136755,24,2,0,39396.0,783790,5,Male,Salaried,Graduate,Urban,Business,Married,Good,1
APP100253,CUST10253,2023-07-26,50,82200.0,707.0,20,979441,24,0,0,18176.0,895161,1,Male,Business,Postgraduate,Rural,Education,Single,Excellent,1
APP100254,CUST10254,2025-06-28,62,123848.0,574.0,30,1164906,60,5,2,70036.0,131677,4,Female,Salaried,Postgraduate,Urban,Vehicle,Single,Good,1
APP100255,CUST10255,2023-09-16,55,124022.0,709.0,20,752726,60,5,1,12907.0,22021,2,Male,Salaried,Graduate,Semi-Urban,Vehicle,Married,Good,1
APP100256,CUST10256,2024-03-29,27,166226.0,666.0,7,908754,60,4,1,8372.0,472108,1,Male,Salaried,Postgraduate,Urban,Personal,Married,Good,1
APP100257,CUST10257,2025-03-09,36,168611.0,771.0,24,1987326,48,1,0,32572.0,456180,5,Male,Business,Postgraduate,Urban,Home,Married,Good,0
APP100258,CUST10258,2024-01-10,46,78058.0,744.0,6,619601,48,5,1,,53215,1,Female,Salaried,Graduate,Semi-Urban,Vehicle,Married,Good,1
APP100259,CUST10259,2024-04-08,22,80068.0,646.0,14,284729,24,1,0,18102.0,268367,0,Male,Contract,Graduate,Urban,Vehicle,Married,Average,0
APP100260,CUST10260,2023-03-16,21,117932.0,632.0,20,807071,24,1,0,,172182,0,Female,Self-Employed,High School,Urban,Business,Single,Average,1
APP100261,CUST10261,2023-08-30,32,179445.0,666.0,2,1387752,60,4,2,8139.0,95162,1,Female,Salaried,Graduate,Rural,Vehicle,Single,Excellent,0
APP100262,CUST10262,2025-11-06,25,155103.0,831.0,16,1583755,48,3,0,82179.0,625741,4,Female,Self-Employed,High School,Urban,Personal,Single,Average,0
APP100263,CUST10263,2023-05-03,57,40785.0,811.0,10,198430,36,3,0,23643.0,812958,2,Female,Salaried,Graduate,Semi-Urban,Business,Married,Poor,0
APP100264,CUST10264,2023-04-21,52,177741.0,617.0,8,1091431,48,3,0,65117.0,210464,0,Female,Self-Employed,Postgraduate,Urban,Vehicle,Married,Good,0
APP100265,CUST10265,2023-08-22,29,112475.0,750.0,4,1946718,24,2,0,33780.0,43829,5,Male,Salaried,Postgraduate,Rural,Personal,Single,Poor,1
APP100266,CUST10266,2025-08-25,61,20282.0,560.0,24,1456046,48,4,0,87203.0,56862,0,Female,Self-Employed,High School,Rural,Business,Married,Good,1
APP100267,CUST10267,2024-05-11,55,85534.0,656.0,9,1446877,24,1,1,65332.0,656336,5,Female,Salaried,Graduate,Urban,Home,Single,Average,1
APP100268,CUST10268,2025-11-29,39,92964.0,620.0,14,492037,60,5,0,35632.0,418552,2,Female,Salaried,Postgraduate,Semi-Urban,Personal,Single,Good,1
APP100269,CUST10269,2024-12-27,36,137006.0,770.0,27,78365,84,2,0,43493.0,35796,0,Male,Salaried,Graduate,Semi-Urban,Vehicle,Married,Good,1
APP100270,CUST10270,2023-04-02,23,68583.0,593.0,28,1373909,60,3,1,53352.0,425383,4,Male,Salaried,Postgraduate,Urban,Business,Married,Average,1
APP100271,CUST10271,2023-12-03,40,56392.0,722.0,13,1568541,60,0,3,34408.0,988920,5,Male,Contract,Postgraduate,Semi-Urban,Home,Married,Good,1
APP100272,CUST10272,2024-05-27,44,25461.0,690.0,3,1630112,36,2,0,83755.0,546106,0,Male,Salaried,Graduate,Rural,Personal,Married,Excellent,1
APP100273,CUST10273,2024-08-25,53,118123.0,677.0,20,1102945,84,2,0,30939.0,437108,0,Female,Business,High School,Urban,Home,Single,Excellent,0
APP100274,CUST10274,2024-03-03,44,28516.0,815.0,19,506979,36,4,0,51880.0,815920,1,Female,Salaried,High School,Rural,Personal,Married,Average,1
APP100275,CUST10275,2023-01-07,31,166586.0,822.0,1,1913613,24,5,0,41843.0,698312,4,Male,Salaried,Graduate,Urban,Vehicle,Married,Average,1
APP100276,CUST10276,2023-04-30,28,139251.0,679.0,11,1934624,12,2,0,83314.0,875336,4,Female,Self-Employed,Graduate,Semi-Urban,Personal,Married,Good,1
APP100277,CUST10277,2024-01-22,56,80493.0,664.0,0,1546271,72,5,0,43930.0,935727,1,Male,Business,Graduate,Urban,Vehicle,Single,Good,1
APP100278,CUST10278,2024-10-02,58,54027.0,577.0,23,415863,36,4,0,34870.0,459673,5,Male,Salaried,Graduate,Urban,Personal,Single,Excellent,1
APP100279,CUST10279,2025-12-02,60,111547.0,690.0,19,1270531,24,0,0,63144.0,101931,3,Male,Salaried,Graduate,Urban,Business,Single,Good,0
APP100280,CUST10280,2023-07-02,40,118127.0,836.0,4,1655919,84,1,0,63103.0,690621,2,Female,Business,Postgraduate,Urban,Personal,Single,Average,1
APP100281,CUST10281,2024-11-27,55,166930.0,680.0,5,1822667,48,1,0,45770.0,982470,4,Male,Salaried,,Semi-Urban,Personal,Married,Average,1
APP100282,CUST10282,2024-07-18,45,97003.0,745.0,29,1477400,84,3,0,35158.0,80520,3,Male,Salaried,Graduate,Urban,Education,Single,Good,1
APP100283,CUST10283,2024-03-21,55,57758.0,585.0,23,319594,60,3,0,52401.0,597622,5,Female,Salaried,Postgraduate,Urban,Education,Married,Poor,1
APP100284,CUST10284,2023-07-19,45,72312.0,657.0,10,1232573,60,0,0,17992.0,405819,2,Female,Salaried,Graduate,Urban,Personal,Married,Average,0
APP100285,CUST10285,2025-08-05,49,86670.0,725.0,7,523267,60,1,0,30390.0,903019,4,Female,Contract,High School,Urban,Education,Married,Excellent,1
APP100286,CUST10286,2024-05-27,38,100279.0,698.0,6,100272,24,3,0,50858.0,606528,0,Female,Self-Employed,Graduate,Semi-Urban,Vehicle,Single,Good,0
APP100287,CUST10287,2025-09-16,38,33434.0,752.0,3,1103886,60,5,1,21756.0,771984,4,Female,Salaried,Graduate,Urban,Education,Married,Excellent,1
APP100288,CUST10288,2023-08-01,22,93769.0,645.0,5,1130393,36,2,0,26971.0,563549,2,Female,Contract,Graduate,Semi-Urban,Personal,Single,Good,1
APP100289,CUST10289,2024-06-29,55,84677.0,559.0,15,1606926,48,4,0,12071.0,646655,3,Male,Contract,Graduate,Semi-Urban,Home,Single,Average,0
APP100290,CUST10290,2024-04-30,36,101555.0,774.0,19,536160,60,3,0,51517.0,282851,0,Female,Salaried,Graduate,Rural,Home,Single,Excellent,1
APP100291,CUST10291,2023-06-17,61,146379.0,620.0,14,1536320,24,0,0,89811.0,285153,2,Female,Business,Graduate,Urban,Personal,Married,Average,1
APP100292,CUST10292,2025-06-08,56,119665.0,728.0,13,1023283,48,1,0,11586.0,720123,5,Female,Salaried,High School,Semi-Urban,Personal,Single,Good,0
APP100293,CUST10293,2025-07-19,53,86803.0,724.0,22,790176,60,0,0,24703.0,843601,2,Male,Business,Graduate,Urban,Home,Single,Average,0
APP100294,CUST10294,2025-04-07,24,109703.0,565.0,11,132641,12,4,0,81177.0,547519,4,Female,Salaried,Graduate,Urban,Business,Single,Excellent,0
APP100295,CUST10295,2023-05-17,53,39312.0,769.0,28,1838019,60,4,0,41735.0,532534,5,Male,Self-Employed,Graduate,Semi-Urban,Education,Married,Excellent,1
APP100296,CUST10296,2023-04-25,34,135961.0,648.0,11,1830246,72,0,3,71358.0,719242,1,Male,Salaried,Graduate,Semi-Urban,Business,Married,Good,0
APP100297,CUST10297,2025-12-08,41,58379.0,694.0,15,1638321,84,3,0,44648.0,296969,1,Male,Contract,Graduate,Urban,Vehicle,Married,Average,1
APP100298,CUST10298,2024-05-30,40,35297.0,663.0,14,92311,36,3,0,17129.0,414141,0,Male,Salaried,Postgraduate,Rural,Home,Single,Average,0
APP100299,CUST10299,2024-11-18,28,20011.0,812.0,28,1250534,48,1,0,86079.0,530604,2,Female,Salaried,Graduate,Semi-Urban,Home,Married,Good,1
APP100300,CUST10300,2025-10-16,27,138234.0,791.0,12,1568904,36,5,3,41656.0,981567,3,Female,Self-Employed,Postgraduate,Urban,Business,Single,Excellent,1
APP100301,CUST10301,2025-11-15,23,62014.0,554.0,10,1542669,12,1,3,34665.0,613158,0,Female,Self-Employed,Graduate,Urban,Vehicle,Single,Excellent,1
APP100302,CUST10302,2025-12-29,37,160810.0,850.0,29,1746437,12,2,0,18499.0,101608,5,Female,Business,Graduate,Urban,Business,Married,Average,1
APP100303,CUST10303,2023-10-20,53,112333.0,639.0,16,409571,72,5,0,80888.0,644199,0,Female,Self-Employed,Graduate,Urban,Vehicle,Married,Excellent,1
APP100304,CUST10304,2023-08-19,32,29120.0,848.0,20,1921189,36,2,0,24654.0,400242,4,Female,Business,Postgraduate,Urban,Personal,Married,Good,1
APP100305,CUST10305,2025-07-26,42,157839.0,671.0,14,1262910,48,1,0,80653.0,203155,5,Male,Salaried,Postgraduate,Urban,Personal,Married,Good,1
APP100306,CUST10306,2024-06-01,42,40852.0,664.0,13,443238,12,5,0,74529.0,282433,3,Male,Salaried,Postgraduate,Urban,Home,Single,Good,0
APP100307,CUST10307,2025-11-13,50,97239.0,671.0,9,837560,12,5,0,23982.0,369226,2,Female,Salaried,Postgraduate,Urban,Personal,Single,Good,1
APP100308,CUST10308,2024-12-06,58,150001.0,660.0,11,1702386,60,2,2,86848.0,578174,5,Female,Contract,Graduate,Urban,Business,Married,Poor,1
APP100309,CUST10309,2024-01-12,58,109575.0,850.0,15,1261970,72,0,0,84874.0,70020,2,Female,Salaried,High School,Urban,Vehicle,Single,Average,0
APP100310,CUST10310,2024-03-12,65,113040.0,684.0,14,98929,84,3,1,35173.0,830711,2,Female,Salaried,Graduate,Urban,Home,Married,Average,0
APP100311,CUST10311,2025-05-02,28,166510.0,667.0,9,655984,24,5,0,42525.0,373205,0,Female,Self-Employed,Graduate,Semi-Urban,Personal,Married,Good,0
APP100312,CUST10312,2025-08-27,47,23744.0,696.0,30,427389,84,5,0,32328.0,90643,4,Female,Salaried,High School,Urban,Home,Married,Excellent,0
APP100313,CUST10313,2024-05-13,47,156141.0,617.0,3,846240,84,2,0,16360.0,366971,0,Male,Salaried,Graduate,Semi-Urban,Home,Married,Poor,1
APP100314,CUST10314,2024-08-22,54,60359.0,810.0,26,1718012,12,5,0,27625.0,395233,1,Male,Self-Employed,Postgraduate,Rural,Vehicle,Married,Excellent,1
APP100315,CUST10315,2025-02-16,41,168871.0,580.0,22,496098,48,2,0,49894.0,425495,1,Female,Salaried,Graduate,Urban,Business,Single,Good,0
APP100316,CUST10316,2023-03-11,50,116746.0,644.0,28,858157,48,0,0,21471.0,940860,2,Female,Self-Employed,Graduate,Urban,Business,Single,Good,1
APP100317,CUST10317,2023-07-24,53,138906.0,760.0,8,1433254,60,5,1,44883.0,198607,4,Female,Salaried,Graduate,Semi-Urban,Education,Married,Good,1
APP100318,CUST10318,2023-12-07,48,25597.0,693.0,20,1400670,48,4,0,7703.0,509240,5,Male,Salaried,Postgraduate,Urban,Business,Married,Good,1
APP100319,CUST10319,2025-11-21,53,65093.0,731.0,19,1842890,60,1,0,81687.0,594488,2,Male,Contract,Graduate,Urban,Personal,Single,Average,1
APP100320,CUST10320,2025-12-02,25,132650.0,805.0,30,133576,12,0,0,56570.0,952547,5,Male,Salaried,Graduate,Urban,Education,Married,Poor,1
APP100321,CUST10321,2023-04-28,39,175489.0,765.0,8,70557,12,4,1,74683.0,247950,2,Male,Salaried,Graduate,Urban,Education,Married,Good,0
APP100322,CUST10322,2025-06-07,24,167765.0,700.0,20,596113,84,0,0,70524.0,886934,0,Male,Business,Postgraduate,Urban,Education,Married,Excellent,0
APP100323,CUST10323,2023-01-15,55,138956.0,847.0,24,1369718,12,3,0,39515.0,148867,2,Female,Salaried,Graduate,Rural,Education,Single,Good,1
APP100324,CUST10324,2025-06-29,37,133598.0,643.0,23,86080,12,0,0,78768.0,611824,2,Female,Salaried,High School,Urban,Business,Married,Good,0
APP100325,CUST10325,2024-09-18,64,151241.0,682.0,19,1881679,24,0,0,20151.0,222507,4,Male,Salaried,Graduate,Semi-Urban,Education,Single,Poor,1
APP100326,CUST10326,2024-11-20,48,171124.0,688.0,10,1287445,72,3,1,80866.0,223183,4,Female,Self-Employed,Graduate,Urban,Personal,Married,Excellent,1
APP100327,CUST10327,2025-02-12,50,26036.0,,10,1769738,84,5,0,54190.0,721873,5,Male,Salaried,Graduate,Urban,Personal,Single,Excellent,1
APP100328,CUST10328,2025-07-01,49,49778.0,610.0,6,543844,84,1,0,81812.0,944662,4,Male,Self-Employed,Graduate,Urban,Home,Married,Good,0
APP100329,CUST10329,2023-04-30,26,176806.0,571.0,20,1665271,72,4,0,61195.0,708990,2,Male,Salaried,Graduate,Rural,Personal,Married,Average,1
APP100330,CUST10330,2023-01-26,55,172245.0,721.0,9,1218859,24,2,0,69108.0,548293,4,Female,Salaried,High School,Urban,Home,Single,Good,1
APP100331,CUST10331,2023-03-05,61,179475.0,642.0,3,63338,12,1,0,23535.0,115737,4,Female,Self-Employed,High School,Urban,Personal,Married,Good,0
APP100332,CUST10332,2024-04-04,57,155416.0,833.0,4,650577,48,0,0,48050.0,875445,3,Female,Salaried,Postgraduate,Urban,Education,Married,Good,0
APP100333,CUST10333,2023-11-10,44,36800.0,685.0,4,1563312,60,2,0,37976.0,785004,3,Female,Salaried,Graduate,Urban,Vehicle,Married,Good,1
APP100334,CUST10334,2025-03-15,49,43372.0,671.0,10,1772831,84,3,0,5599.0,745456,1,Female,Self-Employed,Graduate,Urban,Education,Married,Excellent,1
APP100335,CUST10335,2025-09-12,51,79516.0,772.0,30,228982,72,1,0,62948.0,227316,0,Male,Contract,Graduate,Semi-Urban,Business,Single,Average,0
APP100336,CUST10336,2025-01-05,55,38538.0,720.0,8,1207943,36,5,0,64867.0,700612,0,Male,Salaried,Graduate,Urban,Home,Married,Excellent,1
APP100337,CUST10337,2025-06-07,53,81918.0,677.0,27,378042,60,4,0,8709.0,574464,4,Male,Salaried,Graduate,Urban,Vehicle,Single,Good,1
APP100338,CUST10338,2025-09-08,41,164045.0,642.0,15,970958,36,1,1,29110.0,483706,1,Female,Salaried,Graduate,Rural,Personal,Married,Average,0
APP100339,CUST10339,2024-08-01,52,89155.0,850.0,8,1740350,36,1,1,,645042,1,Female,Business,Postgraduate,Semi-Urban,Education,Single,Excellent,1
APP100340,CUST10340,2025-08-29,43,77500.0,717.0,21,1447260,84,5,0,10723.0,232243,5,Female,Contract,Graduate,Urban,Home,Single,Average,1
APP100341,CUST10341,2025-05-10,53,128659.0,771.0,29,1593351,12,2,0,60704.0,136777,3,Male,Contract,Postgraduate,Semi-Urban,Home,Single,Average,0
APP100342,CUST10342,2024-12-07,23,45716.0,613.0,3,1837073,36,3,0,32394.0,318654,1,Male,Salaried,High School,Urban,Personal,Single,Excellent,1
APP100343,CUST10343,2024-01-30,38,152308.0,647.0,30,493853,12,5,2,69120.0,837725,2,Male,Salaried,Postgraduate,Semi-Urban,Home,Married,Average,1
APP100344,CUST10344,2024-04-28,45,164920.0,848.0,1,1878919,24,3,1,15316.0,909654,5,Female,,Graduate,Semi-Urban,Personal,Married,Good,1
APP100345,CUST10345,2024-10-27,62,20352.0,795.0,13,710709,48,5,0,27622.0,490798,4,Female,Salaried,High School,Semi-Urban,Personal,Married,Good,1
APP100346,CUST10346,2024-03-31,51,151004.0,724.0,2,876395,36,1,0,29844.0,918379,2,Male,Self-Employed,Graduate,Semi-Urban,Education,Single,Average,0
APP100347,CUST10347,2023-07-29,23,94449.0,661.0,17,1043087,84,3,0,56560.0,835852,0,Male,Salaried,Graduate,Semi-Urban,Home,Married,Average,0
APP100348,CUST10348,2024-06-08,60,,672.0,20,1499542,48,2,0,64921.0,418368,3,Male,Self-Employed,High School,Semi-Urban,Business,Married,Good,1
APP100349,CUST10349,2024-11-06,44,104836.0,639.0,5,407073,12,2,0,26162.0,626679,2,Male,Contract,Postgraduate,Urban,Business,Married,Excellent,0
APP100350,CUST10350,2025-09-28,52,154570.0,603.0,10,1776399,36,4,0,33833.0,64278,4,Female,Salaried,Postgraduate,Urban,Education,Married,Good,1
APP100351,CUST10351,2025-06-14,42,68098.0,759.0,20,649223,60,3,1,22206.0,977634,2,Male,Self-Employed,Graduate,Semi-Urban,Education,Single,Average,0
APP100352,CUST10352,2025-09-30,43,130169.0,730.0,17,1812728,84,4,0,56747.0,990359,2,Female,Salaried,High School,Urban,Personal,Single,Average,1
APP100353,CUST10353,2023-11-03,22,158641.0,745.0,11,850118,24,5,0,80827.0,65216,1,Female,Salaried,Postgraduate,Urban,Business,Married,Excellent,1
APP100354,CUST10354,2025-11-11,47,144060.0,665.0,4,1598131,72,0,0,82195.0,602987,3,Female,Salaried,Graduate,Semi-Urban,Home,Married,Excellent,1
APP100355,CUST10355,2023-03-01,62,148544.0,709.0,8,1162104,24,2,0,60387.0,485357,0,Female,Salaried,High School,Rural,Business,Married,Average,1
APP100356,CUST10356,2024-01-21,22,18340.0,658.0,19,1722675,36,1,2,30226.0,267353,4,Female,Salaried,Graduate,Urban,Education,Single,Good,1
APP100357,CUST10357,2023-02-25,46,100302.0,635.0,27,558907,84,2,0,11500.0,403050,5,Male,Self-Employed,Postgraduate,Rural,Education,Married,Good,1
APP100358,CUST10358,2023-06-17,37,18138.0,815.0,25,1383507,24,0,0,6634.0,429728,5,Female,Business,Postgraduate,Urban,Personal,Married,Excellent,1
APP100359,CUST10359,2024-12-17,60,149430.0,699.0,17,982280,72,1,0,19059.0,591773,4,Male,Salaried,Graduate,Semi-Urban,Home,Married,Good,0
APP100360,CUST10360,2025-05-14,53,137619.0,728.0,18,427757,60,3,0,75350.0,974463,0,Male,Business,Graduate,Rural,Education,Married,Poor,0
APP100361,CUST10361,2024-04-26,29,103376.0,753.0,2,1062567,48,3,0,9076.0,476198,4,Female,Business,Graduate,Semi-Urban,Home,Single,Poor,1
APP100362,CUST10362,2023-12-06,63,117931.0,700.0,8,762787,60,2,3,43210.0,336642,1,Male,Self-Employed,High School,Rural,Business,Single,Good,1
APP100363,CUST10363,2025-03-06,59,179726.0,708.0,3,1883005,24,1,0,30931.0,411244,5,Male,Salaried,Graduate,Urban,Personal,Married,Poor,0
APP100364,CUST10364,2025-06-10,49,174951.0,609.0,30,1203463,72,5,0,37007.0,260905,5,Male,Salaried,High School,Urban,Business,Married,Good,1
APP100365,CUST10365,2025-02-14,62,99532.0,623.0,16,1159662,48,1,1,27744.0,318686,2,Male,Business,Graduate,Urban,Education,Single,Average,1
APP100366,CUST10366,2024-08-23,46,73778.0,619.0,16,938663,84,4,0,35396.0,157975,1,Female,Business,Graduate,Rural,Education,Single,Excellent,1
APP100367,CUST10367,2024-03-12,55,55772.0,735.0,30,1354070,72,0,0,54954.0,409933,5,Male,Salaried,High School,Rural,Home,Married,Average,1
APP100368,CUST10368,2025-12-18,45,76478.0,695.0,22,558889,60,3,0,71038.0,559833,1,Male,Self-Employed,Postgraduate,Urban,Education,Single,Good,1
APP100369,CUST10369,2023-06-01,44,44762.0,623.0,22,1686172,12,2,0,17756.0,774893,1,Female,Salaried,Graduate,Urban,Home,Married,Excellent,1
APP100370,CUST10370,2025-07-22,33,162355.0,734.0,1,327941,12,1,3,84798.0,826644,0,Female,Self-Employed,High School,Rural,Vehicle,Married,Poor,0
APP100371,CUST10371,2024-06-23,27,73568.0,731.0,8,1366022,48,3,0,15605.0,376223,5,Female,Salaried,Postgraduate,Semi-Urban,Education,Married,Excellent,1
APP100372,CUST10372,2023-08-13,56,103090.0,638.0,8,506388,48,2,0,27416.0,308244,3,Female,Self-Employed,High School,Semi-Urban,Business,Married,Poor,1
APP100373,CUST10373,2024-07-16,65,38219.0,688.0,4,612347,48,3,0,61558.0,790344,0,Female,Self-Employed,High School,Rural,Business,Single,Excellent,1
APP100374,CUST10374,2024-07-11,40,75169.0,731.0,14,181980,12,2,0,42487.0,656503,0,Male,Salaried,Graduate,Urban,Home,Married,Excellent,0
APP100375,CUST10375,2024-09-09,21,92965.0,626.0,14,1814188,60,3,0,7870.0,980139,1,Female,Salaried,High School,Urban,Vehicle,Single,Average,1
APP100376,CUST10376,2023-01-24,28,102754.0,732.0,2,1572451,48,5,0,9758.0,581304,3,Male,Contract,Postgraduate,Rural,Education,Married,Good,1
APP100377,CUST10377,2024-01-03,36,95988.0,713.0,18,193949,12,4,1,43736.0,254937,0,Female,Salaried,High School,Urban,Personal,Married,Good,1
APP100378,CUST10378,2025-09-25,34,168023.0,615.0,27,326383,48,0,0,82195.0,433591,3,Male,Self-Employed,High School,Urban,Personal,Single,Excellent,0
APP100379,CUST10379,2023-12-01,32,150379.0,706.0,2,1054475,48,3,0,70138.0,156392,5,Male,Self-Employed,Postgraduate,Urban,Business,Single,Good,1
APP100380,CUST10380,2023-01-03,43,98388.0,717.0,5,77313,72,0,0,55250.0,24301,1,Female,Business,Graduate,Urban,Education,Single,Good,1
APP100381,CUST10381,2025-10-04,35,108768.0,643.0,3,1068394,48,3,0,45558.0,711730,0,Male,Salaried,Postgraduate,Urban,Personal,Married,Good,0
APP100382,CUST10382,2023-09-20,48,53428.0,649.0,23,1140679,12,1,0,58092.0,875149,3,Female,Business,,Semi-Urban,Home,Single,Good,1
APP100383,CUST10383,2023-05-01,54,110021.0,614.0,30,229480,60,4,0,80121.0,800600,4,Male,Salaried,High School,Rural,Education,Married,Good,0
APP100384,CUST10384,2023-01-21,22,136418.0,656.0,12,1575043,12,5,0,60604.0,259531,0,Female,Salaried,High School,Urban,Business,Married,Poor,1
APP100385,CUST10385,2025-06-23,52,150212.0,689.0,26,1187347,12,4,0,,597397,0,Male,Self-Employed,Graduate,Semi-Urban,Vehicle,Married,Good,1
APP100386,CUST10386,2023-05-20,43,173914.0,649.0,12,1224804,48,0,0,74859.0,286117,0,Male,Contract,Graduate,Urban,Home,Married,Good,0
APP100387,CUST10387,2023-07-25,42,44421.0,579.0,26,141665,72,1,0,53745.0,789493,3,Female,Salaried,High School,Urban,Home,Single,Good,0
APP100388,CUST10388,2023-02-12,45,19708.0,638.0,10,846966,36,2,0,10461.0,958555,2,Female,Salaried,Graduate,Semi-Urban,Education,Married,Good,1
APP100389,CUST10389,2025-04-29,42,152702.0,659.0,4,1928068,84,4,2,45831.0,703119,5,Female,Salaried,Graduate,Rural,Vehicle,Single,Good,1
APP100390,CUST10390,2025-10-25,42,168667.0,751.0,0,1902197,36,5,0,56137.0,514365,0,Female,Salaried,Graduate,Rural,Home,Single,Good,1
APP100391,CUST10391,2023-07-26,62,94021.0,735.0,8,1708931,36,1,2,39030.0,222409,4,Female,Contract,Graduate,Urban,Vehicle,Single,Average,1
APP100392,CUST10392,2024-09-26,26,177380.0,753.0,16,847399,12,1,0,10731.0,884491,4,Female,Self-Employed,Graduate,Urban,Business,Married,Average,0
APP100393,CUST10393,2023-12-11,35,62789.0,635.0,21,787351,48,0,2,26500.0,104017,1,Female,Business,Graduate,Rural,Home,Single,Good,0
APP100394,CUST10394,2024-01-07,63,44086.0,701.0,0,901995,84,5,0,80439.0,257980,2,Female,Salaried,High School,Urban,Personal,Married,Good,1
APP100395,CUST10395,2024-06-30,57,34859.0,508.0,2,320804,36,1,0,38117.0,465642,2,Female,Salaried,Postgraduate,Semi-Urban,Business,Single,Good,1
APP100396,CUST10396,2025-09-10,53,25684.0,722.0,14,1479391,24,1,2,36174.0,680311,3,Female,Self-Employed,Graduate,Urban,Business,Married,Good,0
APP100397,CUST10397,2023-12-01,28,109088.0,736.0,25,534091,24,2,0,38208.0,993415,1,Male,Salaried,High School,Semi-Urban,Home,Married,Average,0
APP100398,CUST10398,2023-01-11,64,150279.0,664.0,20,179909,24,0,0,89728.0,167377,3,Male,Self-Employed,Graduate,Urban,Personal,Married,Average,0
APP100399,CUST10399,2023-03-16,64,64099.0,712.0,30,1531615,60,0,1,84435.0,348259,1,Female,Salaried,Graduate,Urban,Vehicle,Married,Excellent,1
APP100400,CUST10400,2025-08-04,25,84093.0,576.0,25,499058,48,5,0,89482.0,80406,5,Female,Salaried,Postgraduate,Rural,Personal,Married,Average,1
APP100401,CUST10401,2025-07-01,59,178761.0,630.0,22,190688,12,1,0,73688.0,744427,2,Male,Business,High School,Urban,Business,Married,Average,0
APP100402,CUST10402,2024-12-10,24,66651.0,747.0,29,1174552,12,2,0,30960.0,789512,5,Female,Business,Graduate,Urban,Home,Married,Excellent,1
APP100403,CUST10403,2025-05-02,26,31893.0,728.0,9,1856072,48,3,0,15247.0,800541,3,Male,Salaried,Graduate,Urban,Personal,Married,Excellent,1
APP100404,CUST10404,2025-02-14,65,84418.0,659.0,7,1278386,72,4,0,31038.0,556130,1,Male,Business,Postgraduate,Urban,Personal,Single,Average,1
APP100405,CUST10405,2025-06-04,52,143074.0,751.0,11,1373827,84,0,2,32770.0,933220,2,Male,Self-Employed,High School,Urban,Business,Single,Good,0
APP100406,CUST10406,2025-01-05,50,121065.0,700.0,24,1815340,72,2,0,77485.0,219798,2,Male,Self-Employed,Graduate,Urban,Vehicle,Single,Average,1
APP100407,CUST10407,2024-09-25,55,148351.0,652.0,21,1717046,60,5,0,,971089,0,Male,Salaried,Graduate,Urban,Personal,Married,Excellent,0
APP100408,CUST10408,2025-11-17,60,56635.0,676.0,14,1866017,48,2,0,72741.0,500571,3,Female,Salaried,Graduate,Rural,Personal,Single,Excellent,0
APP100409,CUST10409,2024-01-31,36,113071.0,656.0,26,928219,72,1,1,62773.0,789405,0,Male,Business,Graduate,Urban,Education,Single,Excellent,1
APP100410,CUST10410,2024-11-13,33,96518.0,601.0,8,1900962,84,4,0,88391.0,627257,2,Female,Salaried,High School,Semi-Urban,Business,Single,Good,1
APP100411,CUST10411,2024-02-25,62,124233.0,784.0,23,329087,60,0,1,57633.0,374199,3,Male,Salaried,Graduate,Semi-Urban,Education,Married,Good,0
APP100412,CUST10412,2023-12-30,50,121651.0,647.0,24,1139301,36,3,0,24564.0,488956,3,Male,Salaried,Graduate,Semi-Urban,Business,Married,Average,1
APP100413,CUST10413,2023-04-03,39,90805.0,628.0,9,1930442,36,1,1,83669.0,51408,5,Male,Salaried,Graduate,Semi-Urban,Business,Married,Average,1
APP100414,CUST10414,2023-09-23,37,177136.0,575.0,19,1970759,60,0,0,23114.0,637695,4,Female,Self-Employed,Graduate,Urban,Education,Single,Poor,1
APP100415,CUST10415,2023-07-25,39,140813.0,492.0,8,584398,48,5,0,37803.0,41530,1,Male,Salaried,Graduate,Urban,Vehicle,Married,Excellent,1
APP100416,CUST10416,2023-02-06,48,97063.0,,14,548864,36,0,0,,115047,4,Male,Salaried,High School,Urban,Vehicle,Married,Excellent,0
APP100417,CUST10417,2025-10-31,46,20454.0,750.0,22,1377182,48,2,0,28545.0,987889,4,Female,Business,High School,Rural,Business,Married,Excellent,1
APP100418,CUST10418,2025-01-13,57,38878.0,779.0,20,1439952,72,4,0,67759.0,851162,2,Female,Salaried,Graduate,Semi-Urban,Education,Married,Good,1
APP100419,CUST10419,2023-01-19,46,162063.0,679.0,20,759441,36,3,0,81488.0,604911,5,Male,Salaried,Graduate,Semi-Urban,Personal,Married,Good,0
APP100420,CUST10420,2024-01-09,43,86344.0,666.0,0,496015,84,4,0,73071.0,606946,1,Male,Salaried,High School,Urban,Business,Married,Good,0
APP100421,CUST10421,2023-04-04,29,122946.0,652.0,1,640855,84,2,0,58866.0,822330,4,Male,Salaried,Graduate,Semi-Urban,Business,Married,Excellent,0
APP100422,CUST10422,2023-02-01,32,54593.0,659.0,25,532517,72,3,0,75499.0,855340,4,Female,Salaried,Graduate,Urban,Home,Married,Excellent,1
APP100423,CUST10423,2023-05-20,21,54304.0,774.0,18,1805160,84,3,0,83243.0,348521,3,Male,Self-Employed,Postgraduate,Urban,Vehicle,Single,Good,1
APP100424,CUST10424,2025-08-30,21,179458.0,688.0,29,1488145,48,1,1,68153.0,882550,2,Female,Self-Employed,Postgraduate,Urban,Education,Single,Good,0
APP100425,CUST10425,2025-11-10,54,131613.0,718.0,13,892495,48,3,2,17860.0,848824,4,Male,Business,Graduate,Rural,Personal,Married,Average,0
APP100426,CUST10426,2025-01-02,52,170155.0,657.0,7,1211970,84,0,0,84783.0,342722,1,Female,Business,High School,Semi-Urban,Personal,Married,Average,0
APP100427,CUST10427,2025-01-23,45,36354.0,789.0,5,1940248,24,4,0,87946.0,31505,0,Female,Contract,Graduate,Urban,Business,Married,Excellent,1
APP100428,CUST10428,2023-02-27,60,40190.0,547.0,11,1966360,60,5,0,22670.0,93830,0,Male,Contract,Graduate,Urban,Personal,Married,Average,1
APP100429,CUST10429,2023-05-20,65,24142.0,598.0,25,198940,12,5,0,89766.0,666533,2,Male,Business,Postgraduate,Urban,Personal,Married,Good,1
APP100430,CUST10430,2025-11-12,21,177470.0,718.0,26,1043477,60,4,0,46280.0,89052,0,Female,Business,Graduate,Semi-Urban,Business,Single,Good,1
APP100431,CUST10431,2025-06-19,36,59862.0,821.0,28,393133,84,1,0,66439.0,274076,3,Male,Self-Employed,Graduate,Semi-Urban,Vehicle,Single,Excellent,1
APP100432,CUST10432,2024-01-13,59,168575.0,673.0,14,1120798,48,3,0,,874877,3,Female,Salaried,Graduate,Urban,Home,Married,Average,1
APP100433,CUST10433,2025-07-10,25,143438.0,627.0,13,129794,48,2,1,40061.0,690601,1,Female,Salaried,Graduate,Rural,Vehicle,Married,Excellent,1
APP100434,CUST10434,2024-01-08,42,66456.0,765.0,20,1686788,60,0,0,55764.0,152784,5,Male,Salaried,Graduate,Rural,Vehicle,Married,Good,1
APP100435,CUST10435,2025-12-22,49,118167.0,714.0,28,674142,48,1,0,28810.0,466409,2,Female,Contract,High School,Rural,Home,Married,Excellent,0
APP100436,CUST10436,2025-02-16,23,100035.0,787.0,0,1963521,72,3,0,50588.0,34105,2,Male,Self-Employed,Graduate,Urban,Business,Married,Good,1
APP100437,CUST10437,2023-06-16,32,26016.0,593.0,27,834326,36,5,0,20933.0,112083,0,Female,Business,Graduate,Urban,Vehicle,Married,Good,1
APP100438,CUST10438,2024-06-06,46,20384.0,781.0,10,891081,48,2,0,35034.0,35382,4,Male,Salaried,Graduate,Urban,Education,Single,Average,1
APP100439,CUST10439,2024-08-06,36,164144.0,574.0,27,415130,84,3,0,6947.0,355036,4,Male,Salaried,Postgraduate,Urban,Education,Married,Average,0
APP100440,CUST10440,2024-05-15,57,120239.0,668.0,24,818103,84,1,2,24715.0,714880,5,Male,Salaried,Postgraduate,Rural,Home,Single,Poor,1
APP100441,CUST10441,2025-06-14,42,129431.0,721.0,2,920181,60,2,0,35956.0,518875,4,Female,Business,Graduate,Urban,Education,Married,Average,0
APP100442,CUST10442,2025-09-25,49,98018.0,704.0,18,283127,60,2,3,85846.0,24589,5,Male,Business,High School,Rural,Business,Married,Good,1
APP100443,CUST10443,2024-07-13,34,58510.0,770.0,17,554434,60,2,0,21303.0,699961,1,Female,Business,Graduate,Semi-Urban,Personal,Married,Good,1
APP100444,CUST10444,2025-10-08,48,39826.0,553.0,19,1239871,84,2,0,29031.0,387973,2,Female,Salaried,Graduate,Urban,Business,Married,Good,0
APP100445,CUST10445,2023-08-21,25,86026.0,701.0,27,1277814,24,3,1,22977.0,618740,0,Male,Salaried,Graduate,Semi-Urban,Home,Married,Good,1
APP100446,CUST10446,2024-07-13,50,139668.0,780.0,1,89369,84,2,0,47707.0,438891,1,Female,Salaried,Postgraduate,Urban,Personal,Married,Good,1
APP100447,CUST10447,2025-07-09,25,174590.0,694.0,28,922811,72,3,0,,170438,3,Male,Salaried,Postgraduate,Urban,Education,Single,Average,1
APP100448,CUST10448,2025-05-10,32,42045.0,604.0,24,1954400,84,2,1,80761.0,402067,3,Female,Business,Graduate,Rural,Vehicle,Married,Excellent,1
APP100449,CUST10449,2025-05-21,36,108102.0,766.0,27,1897669,72,2,0,21640.0,228656,3,Female,Salaried,High School,Semi-Urban,Education,Single,Average,1
APP100450,CUST10450,2023-03-22,46,69919.0,641.0,25,1769527,84,1,0,36535.0,667942,5,Male,Salaried,Graduate,Urban,Business,Married,Excellent,1
APP100451,CUST10451,2024-09-05,46,117441.0,628.0,6,383862,84,3,1,44280.0,245385,5,Male,Self-Employed,Graduate,Rural,Business,Married,Excellent,1
APP100452,CUST10452,2024-12-03,41,176175.0,619.0,7,760595,24,5,0,7991.0,700951,2,Female,Salaried,Postgraduate,Urban,Home,Married,Good,0
APP100453,CUST10453,2024-06-24,59,154917.0,675.0,18,320114,72,3,0,22801.0,992647,3,Male,Salaried,High School,Urban,Vehicle,Married,Good,0
APP100454,CUST10454,2025-02-03,56,136325.0,704.0,21,97922,24,4,1,12965.0,784648,5,Male,Contract,Graduate,Urban,Vehicle,Single,Excellent,0
APP100455,CUST10455,2025-01-07,53,,595.0,14,1592190,72,5,0,18730.0,403723,5,Female,Salaried,Graduate,Urban,Personal,Single,Good,1
APP100456,CUST10456,2024-08-28,50,171385.0,610.0,9,867187,24,1,0,34553.0,666294,4,Male,Self-Employed,Graduate,Urban,Personal,Married,Good,0
APP100457,CUST10457,2024-09-13,57,176015.0,638.0,21,1077903,24,3,1,13301.0,46971,5,Female,Salaried,High School,Rural,Business,Married,Excellent,1
APP100458,CUST10458,2025-10-18,43,95949.0,618.0,28,695214,72,1,0,23936.0,485704,3,Male,Business,Postgraduate,Rural,Home,Single,Average,1
APP100459,CUST10459,2023-07-15,30,18276.0,693.0,0,69416,24,5,0,19155.0,796091,1,Male,Salaried,Graduate,Rural,Business,Single,Excellent,1
APP100460,CUST10460,2025-09-21,25,,717.0,5,63672,84,1,1,53848.0,271542,3,Female,Self-Employed,Postgraduate,Semi-Urban,Vehicle,Married,Average,0
APP100461,CUST10461,2025-08-03,56,166683.0,707.0,12,526684,72,1,0,7042.0,535530,4,Female,Salaried,Graduate,Semi-Urban,Vehicle,Single,Good,0
APP100462,CUST10462,2023-02-13,54,161016.0,707.0,13,178145,24,0,0,23565.0,951124,3,Male,Salaried,Graduate,Semi-Urban,Business,Single,Good,0
APP100463,CUST10463,2024-01-28,51,70887.0,815.0,2,752356,84,3,0,52602.0,227513,0,Male,Salaried,Postgraduate,Urban,Vehicle,Married,Average,0
APP100464,CUST10464,2023-06-04,30,99442.0,722.0,10,1959103,84,1,0,42260.0,933300,4,Female,Contract,Postgraduate,Semi-Urban,Personal,Married,Average,0
APP100465,CUST10465,2025-09-04,39,67847.0,749.0,2,50064,60,0,2,41326.0,707505,2,Male,Salaried,Postgraduate,Rural,Vehicle,Married,Average,0
APP100466,CUST10466,2023-02-28,52,76653.0,659.0,18,118835,12,0,0,47581.0,659302,3,Male,Self-Employed,High School,Urban,Personal,Married,Excellent,0
APP100467,CUST10467,2023-04-20,21,74622.0,761.0,9,1300033,72,2,0,8658.0,765275,5,Male,Self-Employed,Graduate,Urban,Education,Married,Excellent,0
APP100468,CUST10468,2024-04-23,25,45810.0,655.0,26,1346371,24,2,0,86855.0,183615,1,Male,Salaried,High School,Urban,Home,Married,Good,1
APP100469,CUST10469,2024-09-09,65,95842.0,721.0,14,1502847,60,5,1,89614.0,199886,3,Female,Salaried,Graduate,Urban,Home,Single,Good,0
APP100470,CUST10470,2025-02-22,24,140225.0,587.0,10,399738,12,3,0,42548.0,241088,1,Male,Salaried,High School,Semi-Urban,Vehicle,Single,Average,0
APP100471,CUST10471,2025-12-08,36,28503.0,702.0,14,691204,24,2,1,24668.0,580463,0,Female,Self-Employed,Graduate,Semi-Urban,Home,Single,Good,1
APP100472,CUST10472,2025-11-21,44,102761.0,617.0,25,1967524,12,5,0,45285.0,519080,2,Female,Salaried,Postgraduate,Urban,Education,Single,Good,1
APP100473,CUST10473,2024-08-23,36,144439.0,760.0,26,901098,72,3,1,27546.0,697635,5,Male,Business,Graduate,Urban,Vehicle,Married,Good,1
APP100474,CUST10474,2025-07-28,22,29590.0,756.0,23,1293922,84,5,0,42874.0,543225,4,Female,Self-Employed,Postgraduate,Semi-Urban,Personal,Married,Average,1
APP100475,CUST10475,2025-09-18,48,159958.0,655.0,12,954726,84,0,0,56318.0,155641,4,Male,Business,High School,Semi-Urban,Education,Married,Good,1
APP100476,CUST10476,2024-06-14,52,161938.0,844.0,4,1371586,12,0,1,42165.0,198019,2,Male,Salaried,Postgraduate,Rural,Education,Married,Poor,1
APP100477,CUST10477,2025-10-23,47,84624.0,669.0,3,1102465,84,3,0,67970.0,279487,0,Female,Self-Employed,High School,Urban,Home,Married,Good,0
APP100478,CUST10478,2024-01-13,40,158836.0,569.0,12,1216770,36,5,0,61820.0,324019,0,Female,Salaried,Graduate,Urban,Personal,Married,Average,1
APP100479,CUST10479,2024-07-25,44,138356.0,632.0,8,1223290,48,5,2,50411.0,51803,3,Female,Salaried,Graduate,Urban,Business,Single,Good,1
APP100480,CUST10480,2024-08-09,32,60727.0,612.0,24,1015730,84,2,0,85358.0,987367,0,Male,Self-Employed,Postgraduate,Urban,Education,Married,Average,1
APP100481,CUST10481,2023-12-23,55,96471.0,718.0,16,1654199,36,2,0,80998.0,463056,3,Male,Business,Postgraduate,Urban,Home,Married,Excellent,1
APP100482,CUST10482,2024-11-15,53,26068.0,597.0,1,1149123,72,3,0,41479.0,327081,1,Male,Salaried,Graduate,Urban,Education,Single,Average,1
APP100483,CUST10483,2025-05-07,53,134923.0,650.0,23,207234,72,4,1,44906.0,82069,2,Female,Business,High School,Semi-Urban,Personal,Single,Good,0
APP100484,CUST10484,2024-10-20,63,156367.0,714.0,4,794809,12,2,0,78198.0,447563,1,Female,Salaried,Graduate,Urban,Personal,Single,Good,0
APP100485,CUST10485,2023-02-04,57,29390.0,700.0,15,730047,84,1,0,77940.0,953636,1,Female,Business,Graduate,Rural,Vehicle,Married,Excellent,0
APP100486,CUST10486,2025-10-03,32,124752.0,689.0,6,1983764,84,2,0,47605.0,429572,1,Female,Salaried,Graduate,Urban,Business,Single,Average,0
APP100487,CUST10487,2024-04-05,23,169203.0,699.0,0,323139,84,4,0,14542.0,20438,1,Female,Salaried,High School,Urban,Business,Married,Excellent,0
APP100488,CUST10488,2024-12-18,21,112754.0,662.0,27,499704,60,5,1,86440.0,162438,4,Male,Business,Postgraduate,Urban,Home,Married,Excellent,0
APP100489,CUST10489,2024-05-26,53,93969.0,570.0,25,1101207,24,0,0,32774.0,870936,0,Male,Self-Employed,Graduate,Rural,Business,Single,Excellent,1
APP100490,CUST10490,2025-12-07,60,164110.0,660.0,11,187039,48,0,0,13556.0,808922,2,Female,Self-Employed,Graduate,Urban,Personal,Married,Excellent,0
APP100491,CUST10491,2024-05-05,30,95064.0,725.0,20,924726,84,5,0,51123.0,679533,2,Female,Self-Employed,Graduate,Urban,Business,Married,Good,1
APP100492,CUST10492,2023-09-30,63,39281.0,680.0,10,1447998,24,0,0,83342.0,146448,5,Female,Contract,Postgraduate,Urban,Home,Single,Good,1
APP100493,CUST10493,2025-10-09,64,72189.0,719.0,11,638759,60,2,2,47586.0,747064,1,Female,Self-Employed,High School,Semi-Urban,Education,Married,Excellent,0
APP100494,CUST10494,2024-06-10,49,66511.0,646.0,18,349260,72,0,0,19864.0,333398,2,Male,,Graduate,Semi-Urban,Business,Single,Good,1
APP100495,CUST10495,2023-07-29,33,140115.0,765.0,25,1977124,48,4,0,63989.0,372524,3,Female,Business,Graduate,Urban,Business,Married,Good,1
APP100496,CUST10496,2024-09-15,32,26605.0,498.0,11,1526019,36,4,0,61093.0,566051,2,Female,Business,Graduate,Semi-Urban,Personal,Married,Good,1
APP100497,CUST10497,2023-06-22,51,118318.0,701.0,11,1755878,72,2,1,38749.0,332985,1,Female,Salaried,Postgraduate,Urban,Personal,Single,Good,1
APP100498,CUST10498,2024-03-22,22,150453.0,791.0,13,621952,72,5,0,64739.0,485566,2,Male,Self-Employed,High School,Urban,Education,Married,Good,1
APP100499,CUST10499,2023-01-11,55,37810.0,802.0,1,733429,12,1,0,47996.0,308491,0,Male,Self-Employed,Postgraduate,Semi-Urban,Vehicle,Single,Good,1
APP100500,CUST10500,2025-01-30,43,173394.0,673.0,1,1185918,60,2,1,22305.0,570972,1,Female,Salaried,Postgraduate,Rural,Business,Single,Average,0
APP100501,CUST10501,2023-11-19,37,59869.0,591.0,24,64407,12,0,1,82474.0,559999,4,Male,Salaried,Graduate,Semi-Urban,Personal,Single,Excellent,0
APP100502,CUST10502,2025-09-03,46,50955.0,792.0,28,1212502,12,2,0,21318.0,805609,0,Female,Salaried,High School,Urban,Vehicle,Single,Average,0
APP100503,CUST10503,2024-03-20,28,79388.0,686.0,3,371345,24,4,0,57810.0,182042,2,Female,Salaried,Postgraduate,Urban,Business,Married,Excellent,1
APP100504,CUST10504,2023-12-08,49,28207.0,678.0,19,916525,72,2,1,42820.0,160642,4,Female,Contract,Postgraduate,Rural,Business,Married,Average,1
APP100505,CUST10505,2023-08-09,46,177292.0,623.0,22,497564,60,2,0,66800.0,433580,5,Male,Salaried,Postgraduate,Urban,Vehicle,Married,Good,0
APP100506,CUST10506,2023-04-20,30,40031.0,596.0,25,1835917,12,1,0,75942.0,707969,0,Female,Self-Employed,Postgraduate,Semi-Urban,Personal,Single,Good,1
APP100507,CUST10507,2024-02-14,46,98807.0,732.0,15,1640742,36,4,0,25661.0,941323,5,Female,Salaried,Graduate,Semi-Urban,Education,Married,Good,0
APP100508,CUST10508,2024-05-19,54,89312.0,740.0,9,133100,48,3,0,88394.0,392364,3,Male,Self-Employed,Graduate,Semi-Urban,Business,Single,Average,1
APP100509,CUST10509,2023-02-09,61,77766.0,705.0,12,1963637,84,3,1,35816.0,455738,0,Male,Salaried,Graduate,Urban,Home,Married,Good,1
APP100510,CUST10510,2023-09-20,27,161521.0,633.0,1,1547212,60,4,0,17850.0,560679,4,Female,Salaried,Graduate,Urban,Home,Married,Good,1
APP100511,CUST10511,2024-12-08,24,107833.0,610.0,2,544308,24,3,1,83137.0,545076,5,Female,Business,Graduate,Urban,Home,Single,Excellent,1
APP100512,CUST10512,2025-04-02,65,129041.0,583.0,18,1321635,60,0,1,70057.0,580343,3,Male,Salaried,Postgraduate,Rural,Education,Married,Average,1
APP100513,CUST10513,2024-04-05,31,134185.0,648.0,5,1666032,72,3,0,44866.0,643475,5,Male,Salaried,Graduate,Urban,Business,Married,Average,1
APP100514,CUST10514,2023-08-05,49,28350.0,615.0,18,1348972,24,0,1,31644.0,473648,2,Male,Salaried,Postgraduate,Semi-Urban,Personal,Married,Good,1
APP100515,CUST10515,2023-03-18,56,118859.0,562.0,26,1873345,48,4,0,57919.0,385215,1,Female,Salaried,High School,Semi-Urban,Personal,Married,Average,1
APP100516,CUST10516,2025-06-10,45,86487.0,739.0,20,367006,36,3,0,,946069,5,Female,Salaried,Graduate,Urban,Education,Married,Good,0
APP100517,CUST10517,2024-01-25,41,166694.0,591.0,19,1057126,12,3,1,63491.0,659389,2,Male,Salaried,Graduate,Semi-Urban,Business,Married,Average,1
APP100518,CUST10518,2025-11-15,56,141853.0,764.0,18,1049529,60,5,0,38380.0,877894,1,Male,Salaried,High School,Semi-Urban,Vehicle,Married,Good,0
APP100519,CUST10519,2024-01-09,30,71117.0,720.0,7,78004,24,0,0,77822.0,722565,1,Female,Business,Graduate,Rural,Vehicle,Single,Good,0
APP100520,CUST10520,2024-10-15,57,119084.0,712.0,13,856903,48,0,0,80604.0,18376,4,Male,Self-Employed,Postgraduate,Urban,Business,Married,Excellent,1
APP100521,CUST10521,2025-06-22,29,41782.0,815.0,9,574252,12,2,1,80341.0,157947,3,Female,Self-Employed,Graduate,Rural,Business,Single,Poor,1
APP100522,CUST10522,2025-11-13,44,46454.0,594.0,2,666108,84,1,0,8017.0,839038,3,Female,Salaried,Graduate,Urban,Personal,Married,Average,0
APP100523,CUST10523,2025-01-13,55,85904.0,756.0,5,1289815,48,3,0,14926.0,869825,0,Female,Business,Graduate,Semi-Urban,Education,Married,Average,0
APP100524,CUST10524,2024-02-27,55,147936.0,668.0,28,1725093,36,5,0,49508.0,783335,2,Male,Salaried,Graduate,Urban,Education,Married,Good,0
APP100525,CUST10525,2025-05-02,56,164664.0,850.0,14,527044,12,1,1,28486.0,330140,4,Female,Contract,Graduate,Urban,Personal,Married,Good,0
APP100526,CUST10526,2025-04-10,38,171245.0,661.0,22,901740,12,5,0,34511.0,792715,5,Male,Salaried,Graduate,Urban,Home,Married,Good,0
APP100527,CUST10527,2025-08-30,59,140258.0,649.0,22,1444689,84,1,0,15002.0,85456,2,Male,Contract,Graduate,Urban,Vehicle,Single,Average,1
APP100528,CUST10528,2024-09-20,52,129668.0,722.0,17,1113144,12,3,0,53586.0,70783,5,Male,Self-Employed,Graduate,Urban,Business,Married,Poor,1
APP100529,CUST10529,2024-07-23,44,142184.0,674.0,13,1078464,24,5,0,73737.0,887814,5,Male,Salaried,Graduate,Rural,Vehicle,Married,Good,0
APP100530,CUST10530,2023-05-02,43,179822.0,633.0,18,1632330,12,0,0,69668.0,339322,5,Female,Contract,Graduate,Semi-Urban,Vehicle,Married,Good,1
APP100531,CUST10531,2023-06-08,52,34566.0,617.0,27,1320705,48,2,0,32048.0,986037,0,Female,Salaried,High School,Semi-Urban,Education,Single,Average,1
APP100532,CUST10532,2023-11-03,57,156262.0,799.0,25,1680188,24,5,0,45324.0,284509,0,Female,Business,Postgraduate,Urban,Personal,Married,Excellent,1
APP100533,CUST10533,2025-01-20,32,56333.0,603.0,9,938640,12,4,0,71877.0,379399,4,Male,Business,High School,Rural,Home,Single,Good,0
APP100534,CUST10534,2025-11-27,33,139929.0,,14,196539,48,3,0,84517.0,154021,0,Female,Salaried,High School,Rural,Home,Single,Excellent,0
APP100535,CUST10535,2024-08-13,43,107571.0,769.0,3,1065059,48,3,0,79232.0,908261,4,Female,Salaried,Graduate,Urban,Personal,Single,Good,1
APP100536,CUST10536,2023-12-12,45,138263.0,773.0,22,1698819,60,4,0,19525.0,693863,0,Female,Self-Employed,Graduate,Urban,Vehicle,Single,Average,1
APP100537,CUST10537,2023-05-29,55,150661.0,645.0,1,197748,48,1,0,57634.0,917699,3,Female,Self-Employed,High School,Semi-Urban,Personal,Single,Average,0
APP100538,CUST10538,2025-11-05,61,43235.0,675.0,2,1193367,84,2,0,66491.0,343531,4,Male,Business,Graduate,Urban,Personal,Married,Good,1
APP100539,CUST10539,2025-04-14,50,18159.0,660.0,6,736874,72,1,0,10565.0,84942,3,Male,Business,High School,Rural,Business,Married,Good,1
APP100540,CUST10540,2025-02-19,37,161217.0,575.0,22,945150,36,4,0,85483.0,675288,3,Female,Salaried,Postgraduate,Urban,Business,Single,Good,1
APP100541,CUST10541,2023-04-28,40,122859.0,730.0,15,596938,12,4,0,77053.0,677192,4,Male,Business,Graduate,Urban,Vehicle,Married,Average,1
APP100542,CUST10542,2024-12-04,45,165309.0,693.0,30,400434,84,2,0,19287.0,930038,2,Male,Contract,High School,Semi-Urban,Education,Married,Good,0
APP100543,CUST10543,2023-11-13,42,125507.0,798.0,9,1176277,12,4,0,82365.0,924339,1,Male,Salaried,High School,Urban,Home,Single,Good,1
APP100544,CUST10544,2023-10-15,33,157316.0,,18,1895691,12,4,3,7422.0,337395,0,Female,Salaried,Graduate,Urban,Business,Single,Average,0
APP100545,CUST10545,2025-06-26,39,32743.0,772.0,27,279164,48,5,0,34060.0,693741,5,Female,Salaried,Graduate,Urban,Vehicle,Married,Average,1
APP100546,CUST10546,2023-10-24,56,64101.0,777.0,16,1551611,48,2,2,46633.0,260385,0,Male,Business,Postgraduate,Semi-Urban,Personal,Single,Average,1
APP100547,CUST10547,2024-03-18,32,139534.0,694.0,27,655266,12,3,0,76521.0,486370,5,Male,Salaried,Postgraduate,Urban,Business,Single,Average,0
APP100548,CUST10548,2025-06-19,61,102227.0,527.0,18,1627724,72,1,0,18790.0,59780,2,Male,Business,Graduate,Semi-Urban,Personal,Married,Good,1
APP100549,CUST10549,2023-10-28,39,89126.0,652.0,4,709089,24,3,1,30168.0,71412,1,Male,Contract,Postgraduate,Urban,Personal,Married,Average,1
APP100550,CUST10550,2025-06-16,32,74071.0,824.0,22,605639,24,3,0,29019.0,245143,2,Female,Salaried,Graduate,Semi-Urban,Business,Married,Good,0
APP100551,CUST10551,2024-03-01,29,,712.0,19,1604496,36,5,0,48739.0,669685,1,Male,Salaried,Graduate,Urban,Vehicle,Married,Excellent,0
APP100552,CUST10552,2023-09-07,27,161309.0,742.0,12,1423464,60,1,2,8668.0,951950,4,Female,Salaried,Graduate,Urban,Home,Married,Good,0
APP100553,CUST10553,2024-11-16,48,164721.0,683.0,12,729706,84,3,0,81280.0,103975,4,Male,Salaried,High School,Semi-Urban,Vehicle,Married,Good,1
APP100554,CUST10554,2025-01-21,34,64154.0,673.0,10,956630,36,2,0,33754.0,134788,5,Female,Salaried,Graduate,Urban,Education,Single,Good,1
APP100555,CUST10555,2025-09-24,51,25016.0,550.0,10,910587,12,1,0,60614.0,266208,3,Male,Business,Postgraduate,Semi-Urban,Education,Married,Poor,1
APP100556,CUST10556,2024-02-10,39,107678.0,750.0,15,1220025,84,0,1,9509.0,989670,3,Female,Self-Employed,Graduate,Urban,Home,Married,Excellent,0
APP100557,CUST10557,2025-03-11,36,130056.0,771.0,14,650988,12,5,1,7500.0,258199,5,Female,Contract,Postgraduate,Semi-Urban,Education,Single,Poor,1
APP100558,CUST10558,2023-09-01,25,72238.0,619.0,16,809774,12,3,0,80440.0,852094,4,Male,Salaried,High School,Semi-Urban,Personal,Married,Excellent,1
APP100559,CUST10559,2024-01-02,55,76608.0,677.0,21,1891963,60,4,0,31921.0,890096,5,Male,Salaried,Graduate,Semi-Urban,Education,Married,Good,1
APP100560,CUST10560,2023-04-30,32,107081.0,666.0,17,1356147,48,1,1,59551.0,85249,3,Female,Business,Graduate,Rural,Business,Single,Good,1
APP100561,CUST10561,2025-04-29,45,68961.0,722.0,27,513506,60,0,0,21683.0,585813,5,Female,Salaried,Graduate,Urban,Personal,Married,Average,0
APP100562,CUST10562,2024-03-08,41,44917.0,649.0,18,487509,36,4,0,82952.0,933088,4,Male,Salaried,Postgraduate,Rural,Vehicle,Single,Excellent,1
APP100563,CUST10563,2023-07-02,56,171808.0,760.0,3,766696,48,0,0,19833.0,926405,2,Male,Self-Employed,Graduate,Urban,Home,Single,Poor,0
APP100564,CUST10564,2025-01-28,43,45990.0,695.0,21,858094,48,3,0,23290.0,776831,0,Male,Business,Graduate,Urban,Business,Married,Average,1
APP100565,CUST10565,2023-01-31,36,80551.0,499.0,21,1629272,36,4,0,19003.0,118094,4,Male,Salaried,Graduate,Urban,Business,Single,Average,1
APP100566,CUST10566,2025-09-03,59,171512.0,723.0,22,1794339,48,3,1,76656.0,323347,5,Female,Salaried,Postgraduate,Semi-Urban,Home,Married,Excellent,1
APP100567,CUST10567,2024-06-11,65,98811.0,765.0,4,313369,84,4,1,46253.0,218058,4,Female,Contract,Graduate,Semi-Urban,Education,Single,Good,1
APP100568,CUST10568,2025-05-13,62,73103.0,604.0,6,979700,24,1,0,84787.0,92597,4,Female,Salaried,Graduate,Urban,Home,Single,Poor,1
APP100569,CUST10569,2023-04-12,59,124122.0,721.0,1,513002,36,2,0,56025.0,479066,3,Male,Salaried,Postgraduate,Semi-Urban,Home,Single,Good,0
APP100570,CUST10570,2025-12-31,34,37008.0,827.0,0,1245020,36,2,0,76708.0,269234,5,Male,Self-Employed,High School,Rural,Education,Married,Excellent,1
APP100571,CUST10571,2024-09-14,51,50402.0,698.0,11,831608,24,0,0,27706.0,949356,3,Male,Salaried,Postgraduate,Semi-Urban,Vehicle,Single,Good,1
APP100572,CUST10572,2025-03-15,25,154865.0,776.0,9,1640143,60,5,0,89008.0,813886,5,Female,Self-Employed,,Urban,Home,Married,Poor,1
APP100573,CUST10573,2024-02-12,55,154643.0,657.0,7,1208977,60,4,0,47732.0,584372,3,Male,Salaried,Graduate,Urban,Education,Married,Good,0
APP100574,CUST10574,2025-04-09,43,165281.0,689.0,0,1325377,60,3,0,,475459,3,Female,Business,Graduate,Urban,Business,Married,Good,1
APP100575,CUST10575,2025-02-27,49,131550.0,675.0,11,821668,48,5,0,37716.0,783473,2,Male,,Postgraduate,Urban,Home,Married,Good,1
APP100576,CUST10576,2024-09-09,63,109218.0,661.0,1,1602151,24,1,0,11880.0,718926,4,Female,Salaried,Postgraduate,Urban,Home,Married,Poor,0
APP100577,CUST10577,2024-07-02,31,151296.0,679.0,26,1977412,84,1,0,33949.0,458104,2,Female,Salaried,High School,Urban,Vehicle,Married,Excellent,1
APP100578,CUST10578,2023-10-18,38,138779.0,568.0,27,219259,36,1,0,71064.0,626391,3,Female,Business,Graduate,Rural,Vehicle,Married,Excellent,1
APP100579,CUST10579,2024-02-26,32,147714.0,665.0,9,297145,36,2,0,48093.0,169895,2,Male,Salaried,High School,Semi-Urban,Business,Married,Excellent,0
APP100580,CUST10580,2023-06-30,29,50441.0,790.0,21,360625,36,3,1,88844.0,954511,4,Male,Self-Employed,High School,Rural,Vehicle,Married,Excellent,0
APP100581,CUST10581,2024-10-16,30,80368.0,,16,733835,48,1,1,27844.0,895992,4,Male,Salaried,Postgraduate,Rural,Business,Married,Good,0
APP100582,CUST10582,2023-04-24,64,110122.0,610.0,25,1143128,48,1,0,27360.0,936645,3,Male,Salaried,Postgraduate,Semi-Urban,Home,Married,Excellent,1
APP100583,CUST10583,2023-09-17,37,62760.0,695.0,2,249041,72,0,0,,17746,4,Female,Salaried,Graduate,Urban,Education,Single,Good,0
APP100584,CUST10584,2023-09-01,58,41478.0,698.0,6,1306182,84,4,0,48322.0,794779,2,Female,Salaried,Graduate,Semi-Urban,Vehicle,Married,Good,1
APP100585,CUST10585,2024-02-27,27,145881.0,718.0,11,1853541,60,4,0,25704.0,931865,1,Male,Salaried,Graduate,Urban,Business,Married,Good,1
APP100586,CUST10586,2023-12-01,33,89854.0,681.0,7,836157,72,4,0,57646.0,641260,4,Male,Business,Postgraduate,Urban,Vehicle,Married,Poor,1
APP100587,CUST10587,2025-11-12,60,112230.0,695.0,19,1498650,72,5,3,53181.0,271245,2,Male,Self-Employed,Graduate,Urban,Vehicle,Married,Excellent,0
APP100588,CUST10588,2023-09-28,62,103716.0,664.0,11,779846,48,0,0,35589.0,897243,2,Male,Self-Employed,High School,Urban,Personal,Married,Good,1
APP100589,CUST10589,2024-03-29,29,161252.0,594.0,2,124474,60,2,0,88562.0,577383,2,Female,Salaried,Postgraduate,Semi-Urban,Home,Married,Good,1
APP100590,CUST10590,2024-08-16,47,116538.0,685.0,16,337312,60,5,0,86229.0,963957,4,Male,,Graduate,Rural,Vehicle,Single,Good,1
APP100591,CUST10591,2025-10-06,22,33372.0,744.0,27,1654963,36,0,0,14212.0,106483,1,Female,Salaried,High School,Urban,Education,Married,Average,1
APP100592,CUST10592,2025-05-05,25,47796.0,729.0,8,252252,48,1,0,18850.0,430884,3,Female,Salaried,Graduate,Urban,Personal,Married,Average,0
APP100593,CUST10593,2023-05-12,49,116826.0,559.0,9,1863318,60,3,0,44767.0,246411,3,Female,Self-Employed,Graduate,Urban,Business,Married,Good,1
APP100594,CUST10594,2025-02-06,57,138592.0,,21,1422175,72,5,0,12322.0,650190,4,Male,Business,Graduate,Semi-Urban,Business,Married,Average,1
APP100595,CUST10595,2024-05-15,58,111635.0,623.0,5,628528,24,5,0,40911.0,231218,4,Male,Salaried,Postgraduate,Urban,Education,Married,Average,0
APP100596,CUST10596,2023-05-15,39,129022.0,794.0,24,386940,24,1,2,51580.0,284891,0,Male,Self-Employed,Graduate,Rural,Education,Single,Excellent,0
APP100597,CUST10597,2025-02-05,28,72040.0,714.0,0,1939600,48,1,0,55622.0,151081,5,Male,Salaried,High School,Urban,Home,Single,Excellent,1
APP100598,CUST10598,2025-03-22,65,93357.0,,21,1883610,36,3,0,10678.0,880619,1,Female,Business,Graduate,Rural,Education,Married,Good,1
APP100599,CUST10599,2025-02-08,21,96356.0,692.0,11,1482901,36,4,0,70265.0,508110,2,Male,Business,High School,Urban,Business,Single,Poor,1
APP100600,CUST10600,2023-04-04,42,34211.0,685.0,4,302051,60,5,0,71918.0,399272,5,Female,Salaried,Graduate,Urban,Home,Single,Good,1
APP100601,CUST10601,2023-06-14,37,123426.0,802.0,12,1200187,84,0,0,26780.0,955414,2,Male,Salaried,Graduate,Urban,Education,Married,Excellent,0
APP100602,CUST10602,2023-11-21,27,23842.0,763.0,26,1680910,48,2,0,32506.0,737403,5,Female,Self-Employed,Postgraduate,Semi-Urban,Education,Single,Average,1
APP100603,CUST10603,2025-07-28,45,84852.0,699.0,14,1873332,84,1,0,47296.0,681575,3,Female,Salaried,Postgraduate,Urban,Business,Single,Excellent,1
APP100604,CUST10604,2024-09-11,65,143737.0,675.0,21,66488,24,1,0,44882.0,753245,5,Female,,Graduate,Rural,Home,Married,Good,0
APP100605,CUST10605,2023-08-19,24,63968.0,562.0,29,1288489,72,2,0,65510.0,979455,4,Male,Business,Graduate,Urban,Personal,Married,Excellent,1
APP100606,CUST10606,2024-08-04,56,35508.0,714.0,10,430665,60,0,0,47202.0,559663,1,Female,Self-Employed,Graduate,Semi-Urban,Personal,Married,Excellent,0
APP100607,CUST10607,2025-01-02,26,171077.0,681.0,7,758029,72,1,0,6705.0,932580,3,Female,Salaried,Graduate,Urban,Home,Married,Good,0
APP100608,CUST10608,2024-11-01,51,72575.0,732.0,4,716205,84,2,0,76533.0,777312,5,Male,,High School,Urban,Education,Married,Good,1
APP100609,CUST10609,2024-02-07,39,168043.0,754.0,1,1789995,60,1,0,,908044,1,Female,Salaried,Postgraduate,Urban,Education,Married,Excellent,1
APP100610,CUST10610,2025-11-21,64,174671.0,782.0,11,1116970,12,4,0,85071.0,377685,4,Male,Salaried,Graduate,Rural,Home,Married,Average,1
APP100611,CUST10611,2023-05-01,59,84914.0,715.0,27,930425,72,4,0,36051.0,171321,2,Male,Salaried,Postgraduate,Urban,Personal,Married,Excellent,1
APP100612,CUST10612,2024-12-27,47,85055.0,612.0,1,1275554,48,1,0,82665.0,211690,0,Female,Contract,Graduate,Urban,Vehicle,Single,Good,1
APP100613,CUST10613,2024-01-20,30,105697.0,529.0,25,1157908,72,1,3,55467.0,569952,1,Female,Salaried,Postgraduate,Urban,Business,Married,Good,1
APP100614,CUST10614,2024-04-20,46,124239.0,628.0,15,1266953,72,4,0,35785.0,456501,2,Male,Business,Graduate,Semi-Urban,Home,Married,Average,1
APP100615,CUST10615,2024-07-13,39,141106.0,790.0,20,1141204,60,1,3,34402.0,981463,1,Female,Business,Graduate,Urban,Vehicle,Married,Average,0
APP100616,CUST10616,2024-01-24,59,23355.0,827.0,2,857784,24,0,0,7704.0,470802,1,Male,Business,Graduate,Rural,Business,Single,Excellent,1
APP100617,CUST10617,2025-02-28,23,72120.0,672.0,9,1578474,84,0,0,32027.0,568067,1,Male,Salaried,Postgraduate,Urban,Vehicle,Married,Excellent,1
APP100618,CUST10618,2025-01-22,65,,,18,919403,12,3,0,64092.0,326456,4,Female,Salaried,Graduate,Urban,Vehicle,Married,Average,0
APP100619,CUST10619,2024-12-04,33,20257.0,641.0,7,1150569,72,0,0,10725.0,184170,3,Male,Salaried,Postgraduate,Urban,Business,Single,Good,1
APP100620,CUST10620,2023-02-22,48,45364.0,775.0,6,1269034,84,5,0,69105.0,540702,1,Female,Contract,High School,Urban,Vehicle,Married,Good,1
APP100621,CUST10621,2024-07-20,40,174044.0,646.0,0,939459,84,5,0,30223.0,172990,4,Female,Business,Graduate,Urban,Personal,Married,Excellent,1
APP100622,CUST10622,2025-03-31,48,129715.0,734.0,11,1024128,24,5,2,32384.0,414092,0,Male,Salaried,Graduate,Urban,Home,Single,Poor,1
APP100623,CUST10623,2025-11-10,28,44654.0,703.0,28,500281,36,1,0,67993.0,784711,3,Female,Salaried,Postgraduate,Urban,Personal,Married,Average,1
APP100624,CUST10624,2025-11-08,61,99423.0,743.0,27,956644,12,1,0,35027.0,653226,4,Female,Salaried,High School,Semi-Urban,Personal,Single,Excellent,0
APP100625,CUST10625,2025-05-11,59,47320.0,826.0,4,528720,12,2,0,17767.0,732900,0,Female,Salaried,Postgraduate,Urban,Business,Married,Good,0
APP100626,CUST10626,2023-11-18,21,38808.0,734.0,15,556357,84,5,1,23354.0,800630,3,Female,Business,Graduate,Urban,Business,Married,Average,0
APP100627,CUST10627,2025-04-06,23,,701.0,24,1107115,60,5,0,53777.0,622590,4,Female,Business,High School,Semi-Urban,Business,Married,Good,0
APP100628,CUST10628,2024-03-08,33,136581.0,835.0,3,182335,72,0,0,89682.0,628812,0,Female,Self-Employed,Graduate,Urban,Vehicle,Married,Good,0
APP100629,CUST10629,2025-12-18,48,145927.0,716.0,16,1505097,36,4,0,26901.0,173501,4,Male,Self-Employed,Graduate,Urban,Vehicle,Married,Good,1
APP100630,CUST10630,2023-02-27,45,52773.0,,23,1938825,60,4,0,54966.0,370314,0,Female,Salaried,Graduate,Semi-Urban,Home,Single,Excellent,1
APP100631,CUST10631,2025-10-14,53,176819.0,742.0,20,991902,48,3,0,73637.0,203405,1,Male,Salaried,Graduate,Urban,Vehicle,Married,Average,1
APP100632,CUST10632,2025-01-20,58,94396.0,724.0,1,1338886,24,2,0,21515.0,739061,1,Male,Business,Graduate,Urban,Home,Married,Good,1
APP100633,CUST10633,2023-07-01,26,125692.0,667.0,30,1065120,24,4,0,29806.0,220863,3,Female,Business,Postgraduate,Urban,Personal,Single,Good,0
APP100634,CUST10634,2024-08-29,64,75505.0,651.0,11,1305449,60,3,2,8573.0,390537,0,Female,Salaried,Graduate,Urban,Home,Single,Good,1
APP100635,CUST10635,2025-08-18,65,103896.0,668.0,0,1409827,84,0,2,46941.0,383449,1,Male,Salaried,Graduate,Rural,Home,Married,Average,1
APP100636,CUST10636,2023-04-15,52,36135.0,650.0,29,999656,24,2,0,48915.0,765669,3,Male,Salaried,Postgraduate,Urban,Business,Married,Average,1
APP100637,CUST10637,2024-08-29,65,108887.0,670.0,11,536476,72,2,0,58780.0,263469,2,Female,Business,High School,Semi-Urban,Vehicle,Single,Good,0
APP100638,CUST10638,2025-09-16,41,140118.0,627.0,11,998128,24,5,0,10060.0,650047,1,Male,Salaried,Graduate,Semi-Urban,Education,Single,Average,1
APP100639,CUST10639,2024-04-28,36,65377.0,719.0,11,965672,72,1,0,54094.0,599436,1,Male,Self-Employed,Graduate,Semi-Urban,Education,Single,Excellent,1
APP100640,CUST10640,2023-05-09,41,172626.0,713.0,18,1460375,48,5,0,61899.0,975413,5,Female,Salaried,Graduate,Semi-Urban,Business,Single,Average,1
APP100641,CUST10641,2023-11-15,31,80491.0,716.0,24,630420,36,0,2,60421.0,449400,4,Male,Business,High School,Urban,Personal,Single,Good,1
APP100642,CUST10642,2024-12-07,57,76283.0,685.0,16,155494,12,5,0,50610.0,983058,2,Male,Salaried,High School,Urban,Personal,Single,Excellent,0
APP100643,CUST10643,2024-05-23,56,34923.0,677.0,19,1937987,60,2,0,15933.0,637457,0,Female,Salaried,Graduate,Rural,Personal,Single,Excellent,1
APP100644,CUST10644,2023-01-20,55,65591.0,798.0,23,1943021,60,5,0,77168.0,36528,3,Female,Salaried,High School,Semi-Urban,Home,Married,Good,1
APP100645,CUST10645,2025-01-21,39,,695.0,23,1324573,72,3,3,48898.0,508411,2,Female,Salaried,Graduate,Urban,Vehicle,Single,Average,0
APP100646,CUST10646,2023-08-23,40,72336.0,785.0,25,638085,48,5,1,10589.0,932787,0,Female,Business,Graduate,Urban,Personal,Single,Average,1
APP100647,CUST10647,2024-08-28,38,92083.0,615.0,27,1150374,48,4,0,16612.0,403169,1,Male,Self-Employed,Graduate,Urban,Education,Single,Good,1
APP100648,CUST10648,2024-07-07,61,78948.0,734.0,10,1770586,84,0,0,52611.0,655016,5,Male,Salaried,High School,Rural,Home,Single,Excellent,1
APP100649,CUST10649,2024-03-28,34,44672.0,635.0,12,1517806,12,0,0,23888.0,615522,3,Male,Salaried,Graduate,Semi-Urban,Personal,Single,Poor,1
APP100650,CUST10650,2024-08-08,35,22213.0,648.0,26,1699285,36,2,0,24417.0,189887,3,Male,Salaried,Postgraduate,Semi-Urban,Personal,Married,Good,1
APP100651,CUST10651,2025-09-10,51,159365.0,,7,1368154,60,5,0,,326265,2,Male,Business,Graduate,Urban,Vehicle,Married,Good,1
APP100652,CUST10652,2024-02-27,21,80507.0,654.0,9,866460,72,2,1,82551.0,700179,4,Female,Salaried,Postgraduate,Urban,Vehicle,Single,Average,1
APP100653,CUST10653,2023-01-06,23,75134.0,655.0,7,1689422,48,2,0,50440.0,246921,0,Male,Business,Graduate,Urban,Home,Married,Excellent,0
APP100654,CUST10654,2024-04-02,36,151172.0,781.0,19,1909339,60,3,0,40744.0,289160,5,Male,Self-Employed,Graduate,Urban,Education,Married,Good,0
APP100655,CUST10655,2024-07-07,43,46172.0,693.0,7,117573,72,1,0,88391.0,411464,5,Female,Self-Employed,Graduate,Urban,Business,Single,Excellent,1
APP100656,CUST10656,2024-06-05,31,38132.0,707.0,8,703761,24,2,0,16891.0,649472,2,Male,Salaried,Graduate,Urban,Education,Single,Excellent,1
APP100657,CUST10657,2025-04-25,32,36199.0,656.0,6,517508,60,1,0,77131.0,415492,4,Male,Salaried,Graduate,Urban,Vehicle,Married,Average,1
APP100658,CUST10658,2024-07-04,30,54609.0,754.0,13,1089970,36,1,0,67093.0,625832,4,Female,Self-Employed,High School,Semi-Urban,Vehicle,Married,Excellent,1
APP100659,CUST10659,2023-01-11,52,157088.0,717.0,27,1275974,72,0,0,55294.0,758109,4,Female,Salaried,Postgraduate,Urban,Business,Single,Good,0
APP100660,CUST10660,2024-05-11,36,49881.0,667.0,1,395123,36,4,0,33557.0,153427,3,Male,,Postgraduate,Urban,Education,Single,Excellent,1
APP100661,CUST10661,2025-11-05,28,42472.0,571.0,24,1067232,60,4,1,66166.0,480238,0,Female,Business,High School,Rural,Education,Married,Good,0
APP100662,CUST10662,2025-11-22,58,72131.0,706.0,10,840555,24,5,0,88817.0,708636,0,Male,Salaried,Graduate,Urban,Business,Married,Excellent,1
APP100663,CUST10663,2025-01-14,32,173159.0,733.0,7,328747,36,3,0,7192.0,849883,2,Male,Salaried,Graduate,Urban,Vehicle,Single,Average,0
APP100664,CUST10664,2024-05-03,44,30828.0,617.0,12,378085,48,3,0,50032.0,518955,1,Female,Business,Graduate,Rural,Home,Married,Excellent,1
APP100665,CUST10665,2025-01-05,48,114664.0,668.0,20,92597,72,4,0,54851.0,550817,2,Male,Contract,Graduate,Semi-Urban,Education,Single,Average,0
APP100666,CUST10666,2024-04-02,28,150473.0,730.0,14,1817174,60,5,1,47861.0,172086,0,Female,Salaried,High School,Semi-Urban,Personal,Single,Good,1
APP100667,CUST10667,2025-12-10,48,33193.0,572.0,27,920670,24,4,0,39946.0,649830,3,Female,Business,Graduate,Urban,Education,Married,Good,1
APP100668,CUST10668,2024-04-08,56,169379.0,641.0,2,485935,48,5,0,54884.0,287240,2,Male,Self-Employed,Graduate,Rural,Education,Married,Average,0
APP100669,CUST10669,2023-02-12,46,120518.0,718.0,22,1845722,60,5,2,51360.0,624941,1,Male,Contract,Graduate,Urban,Education,Single,Excellent,1
APP100670,CUST10670,2024-06-22,28,37611.0,773.0,13,1402471,84,5,1,68252.0,969237,5,Female,Salaried,Graduate,Rural,Vehicle,Married,Good,0
APP100671,CUST10671,2024-07-21,48,161022.0,850.0,29,136978,24,5,0,46472.0,532705,2,Female,Contract,Postgraduate,Rural,Personal,Married,Excellent,0
APP100672,CUST10672,2023-05-01,48,94240.0,837.0,14,1378413,48,0,0,40455.0,601269,4,Female,Salaried,Postgraduate,Semi-Urban,Education,Single,Good,0
APP100673,CUST10673,2024-09-16,57,20745.0,701.0,1,1581333,36,0,0,33672.0,600241,1,Female,Salaried,Graduate,Semi-Urban,Home,Married,Poor,1
APP100674,CUST10674,2023-11-12,61,73243.0,654.0,28,1267345,60,4,0,8756.0,544782,4,Male,Salaried,High School,Semi-Urban,Personal,Married,Excellent,0
APP100675,CUST10675,2025-10-18,56,21866.0,759.0,18,406668,60,5,0,75030.0,903102,3,Female,Salaried,Graduate,Urban,Business,Married,Average,1
APP100676,CUST10676,2024-09-12,47,146681.0,649.0,11,410013,36,2,0,63151.0,385983,0,Male,Self-Employed,Graduate,Semi-Urban,Home,Married,Good,0
APP100677,CUST10677,2024-03-29,37,89354.0,633.0,24,735352,84,5,0,39047.0,411518,2,Female,Self-Employed,High School,Rural,Business,Single,Excellent,1
APP100678,CUST10678,2024-11-17,29,69374.0,667.0,19,1424545,12,2,0,77074.0,584957,2,Female,Salaried,Graduate,Urban,Education,Married,Poor,1
APP100679,CUST10679,2024-09-15,53,132397.0,658.0,3,714882,48,0,1,67391.0,958931,4,Male,Salaried,High School,Rural,Vehicle,Single,Poor,0
APP100680,CUST10680,2024-09-03,40,142577.0,721.0,2,1491195,36,5,2,7221.0,460486,4,Male,Salaried,Graduate,Semi-Urban,Education,Single,Average,1
APP100681,CUST10681,2025-08-16,33,179188.0,645.0,4,1930414,60,1,0,10164.0,325407,0,Female,Salaried,High School,Semi-Urban,Education,Married,Good,1
APP100682,CUST10682,2024-10-08,48,99029.0,696.0,2,288078,48,4,0,38622.0,831706,2,Male,Salaried,High School,Urban,Business,Single,Excellent,0
APP100683,CUST10683,2025-02-01,49,111574.0,810.0,24,1338716,84,5,0,40980.0,910672,0,Male,Salaried,Graduate,Urban,Education,Single,Good,0
APP100684,CUST10684,2023-08-28,33,169519.0,699.0,14,1766057,48,3,1,56738.0,495850,4,Male,Salaried,Postgraduate,Rural,Home,Married,Good,1
APP100685,CUST10685,2025-01-03,55,48431.0,804.0,18,1746235,12,2,1,89688.0,427019,5,Male,Salaried,Graduate,Urban,Vehicle,Single,Good,1
APP100686,CUST10686,2024-01-12,26,166980.0,780.0,1,1506011,60,5,2,84921.0,689524,4,Female,Business,Graduate,Semi-Urban,Business,Married,Average,0
APP100687,CUST10687,2023-01-04,38,47336.0,734.0,11,838049,24,1,2,28612.0,43441,1,Male,Salaried,Postgraduate,Semi-Urban,Personal,Married,Average,1
APP100688,CUST10688,2025-03-04,25,58992.0,663.0,4,93016,12,2,0,83066.0,68327,4,Female,Salaried,Graduate,Urban,Education,Single,Excellent,1
APP100689,CUST10689,2025-04-25,45,73350.0,768.0,21,493888,12,1,1,73876.0,367605,4,Female,Salaried,High School,Semi-Urban,Business,Single,Good,1
APP100690,CUST10690,2023-07-16,22,87561.0,671.0,16,1384996,24,4,0,65572.0,775629,5,Female,Salaried,Graduate,Urban,Education,Married,Poor,1
APP100691,CUST10691,2024-01-24,30,69955.0,690.0,13,1853823,24,4,0,38043.0,104099,0,Female,Self-Employed,Postgraduate,Urban,Education,Married,Excellent,1
APP100692,CUST10692,2023-09-18,50,79240.0,715.0,27,1432960,84,4,0,82831.0,81925,1,Male,Contract,Graduate,Urban,Business,Married,Good,0
APP100693,CUST10693,2024-08-25,65,169165.0,690.0,26,942724,84,0,0,71250.0,318179,1,Female,Business,High School,Semi-Urban,Home,Single,Excellent,1
APP100694,CUST10694,2023-04-04,25,,636.0,21,1285383,12,1,1,43822.0,377007,2,Female,Self-Employed,Graduate,Rural,Personal,Single,Good,1
APP100695,CUST10695,2023-05-16,53,64607.0,575.0,9,1640823,48,5,0,64424.0,280634,5,Male,Salaried,Postgraduate,Urban,Education,Single,Good,1
APP100696,CUST10696,2024-06-08,21,170035.0,762.0,2,1651386,36,3,1,71345.0,535332,3,Male,Salaried,High School,Urban,Home,Married,Excellent,0
APP100697,CUST10697,2024-05-12,38,70870.0,733.0,3,1547879,36,3,0,57878.0,964273,2,Male,Salaried,Graduate,Urban,Education,Single,Excellent,1
APP100698,CUST10698,2023-04-22,52,82110.0,561.0,5,1501745,12,4,0,69963.0,818941,2,Female,Business,Graduate,Urban,Education,Married,Good,1
APP100699,CUST10699,2024-01-04,31,170008.0,634.0,23,76567,48,3,0,5036.0,557132,2,Male,Business,Graduate,Urban,Home,Married,Good,1
APP100700,CUST10700,2025-07-24,41,134895.0,703.0,30,1552315,24,2,0,37402.0,853644,1,Female,Salaried,Graduate,Rural,Education,Single,Excellent,1
APP100701,CUST10701,2025-02-06,46,22426.0,723.0,24,1161284,72,1,0,15273.0,419820,0,Female,Salaried,Postgraduate,Rural,Personal,Single,Average,1
APP100702,CUST10702,2024-08-08,45,45606.0,576.0,21,176206,12,1,0,30030.0,425776,4,Female,Salaried,Graduate,Urban,Business,Single,Good,1
APP100703,CUST10703,2024-11-03,42,46151.0,683.0,15,596848,60,1,1,57460.0,464324,1,Male,Salaried,Graduate,Semi-Urban,Home,Married,Excellent,1
APP100704,CUST10704,2024-05-25,47,29308.0,730.0,6,1681254,48,2,0,81939.0,137278,4,Female,Business,Graduate,Semi-Urban,Vehicle,Married,Average,1
APP100705,CUST10705,2024-12-13,33,108306.0,664.0,14,1748636,60,5,0,85573.0,906019,4,Female,Salaried,High School,Rural,Education,Single,Good,1
APP100706,CUST10706,2025-03-30,53,124984.0,709.0,29,511365,60,0,1,24039.0,345776,3,Male,Salaried,Graduate,Urban,Business,Single,Excellent,0
APP100707,CUST10707,2024-01-12,54,20204.0,653.0,20,1004164,12,2,0,19017.0,165622,2,Female,Business,,Rural,Personal,Single,Average,1
APP100708,CUST10708,2024-06-28,61,110769.0,758.0,29,1405824,48,1,0,87901.0,581520,3,Male,Salaried,Graduate,Rural,Personal,Single,Excellent,1
APP100709,CUST10709,2023-03-14,55,105265.0,630.0,27,1680669,60,1,0,44215.0,826660,2,Male,Salaried,Graduate,Rural,Vehicle,Married,Average,0
APP100710,CUST10710,2025-08-31,21,49131.0,604.0,30,286109,84,1,0,17583.0,260693,1,Male,Salaried,Graduate,Semi-Urban,Personal,Married,Average,1
APP100711,CUST10711,2024-05-18,41,70428.0,692.0,24,545951,84,5,0,37919.0,615213,4,Male,Salaried,Graduate,Urban,Business,Single,Good,1
APP100712,CUST10712,2025-03-15,26,51870.0,582.0,19,1385216,48,3,0,52025.0,829125,3,Male,Salaried,Graduate,Semi-Urban,Vehicle,Married,Excellent,1
APP100713,CUST10713,2024-12-10,48,121547.0,532.0,25,1837237,36,0,0,49254.0,89533,5,Male,Salaried,Graduate,Urban,Home,Single,Excellent,1
APP100714,CUST10714,2023-11-21,37,67067.0,771.0,10,141257,72,2,0,51275.0,367163,1,Female,Business,Graduate,Urban,Vehicle,Single,Excellent,0
APP100715,CUST10715,2024-01-23,25,130217.0,616.0,21,1102091,60,1,0,62943.0,248815,1,Male,Self-Employed,Graduate,Urban,Home,Single,Average,0
APP100716,CUST10716,2025-04-07,51,170679.0,590.0,20,578742,60,4,0,14514.0,92165,5,Female,Salaried,Postgraduate,Urban,Personal,Married,Good,1
APP100717,CUST10717,2023-08-28,25,174040.0,629.0,0,287145,48,0,2,43416.0,39337,2,Female,Business,Graduate,Urban,Business,Married,Excellent,0
APP100718,CUST10718,2025-09-02,58,116934.0,626.0,4,72873,84,4,0,6511.0,22060,4,Female,Salaried,Postgraduate,Urban,Education,Single,Good,0
APP100719,CUST10719,2023-01-31,23,160980.0,679.0,12,1958928,72,0,0,23642.0,771896,2,Female,,High School,Urban,Vehicle,Single,Excellent,1
APP100720,CUST10720,2024-04-23,43,175495.0,608.0,20,1374447,36,1,1,87151.0,965297,2,Male,Salaried,Graduate,Urban,Personal,Single,Excellent,0
APP100721,CUST10721,2025-11-03,57,92707.0,,13,1751240,60,0,1,56894.0,216213,1,Female,Salaried,High School,Urban,Business,Single,Excellent,1
APP100722,CUST10722,2024-12-17,57,79215.0,738.0,8,643358,12,0,1,29225.0,695641,2,Male,Salaried,Graduate,Rural,Education,Married,Average,0
APP100723,CUST10723,2023-03-09,30,67429.0,594.0,16,1984067,84,1,2,25846.0,702120,0,Female,Salaried,Graduate,Semi-Urban,Vehicle,Single,Excellent,1
APP100724,CUST10724,2025-10-02,30,100152.0,644.0,14,1747428,48,5,0,34152.0,473085,5,Male,Contract,Graduate,Semi-Urban,Business,Married,Good,1
APP100725,CUST10725,2024-06-21,39,126048.0,651.0,20,278497,48,4,0,71107.0,53993,5,Male,Salaried,Graduate,Urban,Personal,Single,Excellent,1
APP100726,CUST10726,2023-10-18,37,156731.0,678.0,30,691501,84,5,0,55354.0,493539,4,Female,Salaried,Postgraduate,Rural,Vehicle,Married,Good,1
APP100727,CUST10727,2025-09-01,41,95240.0,771.0,6,755339,60,4,0,31188.0,608747,5,Male,Salaried,High School,Rural,Vehicle,Married,Good,0
APP100728,CUST10728,2023-01-24,34,131688.0,776.0,26,1648329,36,3,0,65910.0,515956,2,Male,Salaried,Graduate,Urban,Home,Married,Excellent,1
APP100729,CUST10729,2024-02-19,29,64473.0,850.0,21,1283548,60,4,0,47530.0,957303,2,Male,Business,Postgraduate,Urban,Home,Single,Good,1
APP100730,CUST10730,2025-04-30,21,114762.0,520.0,21,634087,84,4,1,83753.0,448876,3,Male,Contract,High School,Semi-Urban,Vehicle,Single,Good,1
APP100731,CUST10731,2025-08-19,65,124956.0,621.0,11,560237,24,0,0,46999.0,374750,4,Female,Salaried,Postgraduate,Semi-Urban,Business,Single,Excellent,1
APP100732,CUST10732,2024-11-11,33,136452.0,826.0,22,670417,60,3,0,11609.0,992369,4,Female,Salaried,High School,Urban,Personal,Married,Average,0
APP100733,CUST10733,2025-11-25,24,144311.0,555.0,5,1513122,72,1,0,63769.0,382744,5,Female,Salaried,Postgraduate,Rural,Education,Single,Good,1
APP100734,CUST10734,2023-04-11,21,25006.0,824.0,20,1762238,84,1,0,,518147,2,Female,Salaried,Postgraduate,Urban,Home,Single,Average,1
APP100735,CUST10735,2024-06-29,60,92218.0,701.0,15,1057470,72,2,1,54322.0,796754,0,Male,Salaried,Postgraduate,Semi-Urban,Personal,Married,Good,1
APP100736,CUST10736,2023-02-08,52,50430.0,704.0,25,419432,84,3,3,10151.0,759719,3,Female,Salaried,Graduate,Urban,Vehicle,Single,Average,1
APP100737,CUST10737,2023-07-30,54,41091.0,594.0,4,293761,24,0,1,11406.0,258390,0,Female,Business,Postgraduate,Urban,Personal,Married,Good,0
APP100738,CUST10738,2025-01-11,48,41989.0,656.0,8,1040221,72,2,0,67678.0,175947,2,Male,Salaried,High School,Urban,Personal,Married,Excellent,1
APP100739,CUST10739,2024-08-14,51,93451.0,821.0,13,292821,72,2,1,52062.0,567726,4,Male,Salaried,Graduate,Urban,Personal,Married,Average,0
APP100740,CUST10740,2025-01-19,28,36990.0,686.0,7,1111451,12,1,0,85429.0,181221,4,Female,Salaried,Graduate,Rural,Vehicle,Married,Average,1
APP100741,CUST10741,2023-06-21,59,108270.0,657.0,13,1650083,48,4,1,37956.0,84369,0,Female,Business,Graduate,Semi-Urban,Home,Single,Poor,1
APP100742,CUST10742,2025-04-17,46,98360.0,720.0,11,872614,72,0,0,58830.0,809566,1,Female,Salaried,Graduate,Rural,Education,Single,Excellent,0
APP100743,CUST10743,2024-03-17,54,54081.0,676.0,30,1834477,48,3,0,77681.0,274719,2,Male,Salaried,High School,Rural,Business,Single,Good,1
APP100744,CUST10744,2025-12-18,23,160105.0,716.0,9,485485,84,2,3,18133.0,606187,4,Female,Salaried,Postgraduate,Urban,Home,Single,Good,1
APP100745,CUST10745,2024-06-17,32,126272.0,626.0,29,391925,36,0,0,17209.0,355451,5,Male,Salaried,Graduate,Urban,Education,Single,Good,0
APP100746,CUST10746,2023-12-31,21,34241.0,684.0,19,1105033,60,1,1,79681.0,99265,1,Male,Salaried,Postgraduate,Rural,Vehicle,Married,Poor,1
APP100747,CUST10747,2024-01-02,64,142932.0,,19,974253,12,2,0,59345.0,171852,4,Female,Contract,Postgraduate,Semi-Urban,Education,Single,Good,1
APP100748,CUST10748,2023-10-23,25,23939.0,555.0,25,1131640,84,2,1,47585.0,811244,5,Male,Business,Postgraduate,Semi-Urban,Vehicle,Single,Good,1
APP100749,CUST10749,2024-08-28,50,131000.0,726.0,20,1738120,24,5,2,39638.0,573810,4,Male,Self-Employed,High School,Urban,Education,Married,Good,1
APP100750,CUST10750,2025-01-25,50,53063.0,597.0,12,934729,36,1,0,25645.0,93383,1,Female,Business,Graduate,Rural,Home,Single,Good,1
APP100751,CUST10751,2024-06-06,37,176117.0,678.0,28,1857523,12,5,0,23408.0,468890,0,Male,Self-Employed,Graduate,Semi-Urban,Vehicle,Single,Good,1
APP100752,CUST10752,2023-09-22,43,65118.0,759.0,18,1308303,12,1,0,17521.0,292076,2,Male,Business,High School,Rural,Personal,Single,Excellent,1
APP100753,CUST10753,2025-11-27,35,102703.0,578.0,14,210353,84,1,2,43221.0,257020,1,Male,Salaried,Graduate,Rural,Vehicle,Married,Good,1
APP100754,CUST10754,2024-01-17,57,170697.0,735.0,7,1880927,24,5,0,26086.0,223247,1,Female,Salaried,Graduate,Semi-Urban,Vehicle,Married,Excellent,0
APP100755,CUST10755,2024-03-06,41,146557.0,668.0,22,1335463,24,0,0,21923.0,53966,4,Male,Salaried,Graduate,Semi-Urban,Education,Married,Good,1
APP100756,CUST10756,2024-01-24,34,45076.0,618.0,20,475037,48,0,0,86761.0,500911,5,Male,Salaried,Graduate,Urban,Vehicle,Single,Good,1
APP100757,CUST10757,2023-02-23,22,62605.0,842.0,9,809129,60,0,0,12202.0,50580,1,Male,Salaried,Graduate,Urban,Education,Married,Average,0
APP100758,CUST10758,2023-01-24,31,102565.0,690.0,2,992151,84,4,0,42206.0,247788,2,Female,Self-Employed,High School,Semi-Urban,Home,Single,Good,1
APP100759,CUST10759,2024-01-30,59,57121.0,647.0,30,1692782,36,2,0,24885.0,717059,0,Female,Salaried,Graduate,Urban,Vehicle,Married,Good,1
APP100760,CUST10760,2024-09-24,58,49433.0,631.0,20,1311633,60,0,1,16218.0,176162,5,Female,Self-Employed,Graduate,Rural,Personal,Married,Excellent,1
APP100761,CUST10761,2023-04-29,54,61309.0,756.0,2,526015,36,4,0,50692.0,375257,0,Female,Self-Employed,Postgraduate,Semi-Urban,Personal,Married,Average,1
APP100762,CUST10762,2025-09-09,58,85468.0,644.0,25,926611,12,2,0,57689.0,293343,0,Female,Salaried,Graduate,Rural,Home,Married,Excellent,0
APP100763,CUST10763,2023-07-11,54,85293.0,747.0,4,387088,72,0,0,11716.0,632816,2,Female,Salaried,Graduate,Urban,Personal,Single,Poor,0
APP100764,CUST10764,2024-05-01,38,114258.0,690.0,15,1187718,72,1,0,21088.0,489993,4,Female,Salaried,Graduate,Rural,Education,Single,Good,0
APP100765,CUST10765,2024-09-24,50,56405.0,774.0,16,77603,84,3,1,36001.0,995991,5,Male,Salaried,Postgraduate,Semi-Urban,Vehicle,Married,Excellent,0
APP100766,CUST10766,2024-12-21,35,61527.0,612.0,5,1931466,24,0,0,27584.0,674197,5,Male,Salaried,Graduate,Rural,Business,Single,Good,1
APP100767,CUST10767,2024-01-19,47,95227.0,622.0,25,120605,24,3,0,,180231,2,Female,Business,Graduate,Urban,Vehicle,Married,Excellent,0
APP100768,CUST10768,2025-03-22,54,149564.0,669.0,19,1380343,12,0,0,9739.0,541976,5,Female,Salaried,Graduate,Semi-Urban,Vehicle,Married,Excellent,1
APP100769,CUST10769,2023-12-12,58,157883.0,675.0,19,618728,12,1,1,35158.0,932291,1,Female,Business,High School,Semi-Urban,Business,Married,Good,1
APP100770,CUST10770,2024-04-17,53,111344.0,663.0,15,1967435,36,3,3,10605.0,957261,3,Male,Business,,Urban,Personal,Married,Good,1
APP100771,CUST10771,2024-11-06,44,173344.0,850.0,23,405970,12,4,0,61492.0,261738,3,Male,Salaried,Graduate,Urban,Personal,Single,Excellent,0
APP100772,CUST10772,2023-01-03,35,,845.0,1,339604,84,1,0,8321.0,95640,3,Male,Self-Employed,Graduate,Rural,Vehicle,Single,Good,0
APP100773,CUST10773,2025-12-09,50,126042.0,712.0,19,264117,36,3,0,49541.0,728500,0,Male,Salaried,Graduate,Urban,Personal,Single,Average,0
APP100774,CUST10774,2025-07-13,62,72110.0,721.0,14,1836741,60,3,0,56701.0,495021,5,Female,Business,Graduate,Urban,Education,Single,Good,1
APP100775,CUST10775,2025-05-25,37,163051.0,672.0,17,1565303,24,5,0,17170.0,589827,2,Male,Salaried,Graduate,Urban,Education,Married,Good,1
APP100776,CUST10776,2025-09-10,25,46328.0,611.0,0,1208949,24,5,2,61045.0,777455,5,Male,Self-Employed,Graduate,Rural,Business,Single,Excellent,1
APP100777,CUST10777,2025-08-30,49,130911.0,676.0,25,1365590,72,1,1,13933.0,660423,2,Male,Salaried,Postgraduate,Semi-Urban,Vehicle,Married,Excellent,1
APP100778,CUST10778,2024-01-14,24,30867.0,748.0,28,1117485,72,1,1,14906.0,869120,5,Female,Contract,Postgraduate,Urban,Education,Single,Average,0
APP100779,CUST10779,2023-05-18,30,77234.0,788.0,28,1369837,84,1,0,28814.0,89732,0,Female,Salaried,High School,Urban,Home,Married,Good,0
APP100780,CUST10780,2023-05-05,37,43851.0,765.0,18,299975,24,2,0,5818.0,966285,1,Female,Salaried,Graduate,Rural,Personal,Married,Good,0
APP100781,CUST10781,2025-07-22,30,49279.0,577.0,11,1952482,84,4,0,13434.0,238403,3,Male,Salaried,Postgraduate,Urban,Vehicle,Married,Excellent,1
APP100782,CUST10782,2024-04-24,37,91402.0,668.0,7,668214,60,0,0,61153.0,151031,3,Male,Business,Graduate,Urban,Education,Married,Excellent,1
APP100783,CUST10783,2024-07-23,40,33449.0,580.0,5,487538,60,5,0,35571.0,758765,5,Male,Self-Employed,Graduate,Urban,Business,Married,Average,1
APP100784,CUST10784,2023-03-07,44,94221.0,778.0,11,177463,48,3,0,45694.0,167352,0,Female,Contract,Graduate,Urban,Education,Married,Good,0
APP100785,CUST10785,2025-05-01,25,107080.0,659.0,6,1200112,36,5,0,50485.0,491676,3,Female,Business,,Semi-Urban,Home,Married,Poor,1
APP100786,CUST10786,2024-03-07,54,23451.0,686.0,17,856560,72,0,0,17069.0,442474,5,Male,Salaried,Graduate,Semi-Urban,Education,Married,Poor,1
APP100787,CUST10787,2024-08-23,26,105178.0,726.0,21,1350557,36,1,0,,262046,4,Male,Salaried,High School,Semi-Urban,Vehicle,Married,Average,1
APP100788,CUST10788,2025-05-05,22,81761.0,850.0,13,1589109,72,5,0,43662.0,163539,5,Female,Salaried,Graduate,Urban,Business,Single,Good,1
APP100789,CUST10789,2023-01-06,33,56870.0,710.0,7,1429721,48,4,0,57169.0,414272,2,Male,Contract,Postgraduate,Urban,Business,Single,Excellent,1
APP100790,CUST10790,2023-06-07,63,114566.0,672.0,23,836872,24,4,0,77928.0,532423,3,Male,Contract,Postgraduate,Urban,Home,Married,Good,1
APP100791,CUST10791,2023-11-26,63,141749.0,597.0,19,230685,84,2,0,21102.0,808996,3,Male,Salaried,Graduate,Urban,Vehicle,Single,Poor,0
APP100792,CUST10792,2023-08-11,31,141765.0,799.0,21,1746355,36,5,0,38457.0,330402,4,Female,Self-Employed,Graduate,Urban,Home,Single,Good,0
APP100793,CUST10793,2024-02-06,43,142881.0,676.0,13,1595851,72,1,1,57290.0,108813,1,Female,Self-Employed,High School,Semi-Urban,Home,Single,Average,1
APP100794,CUST10794,2024-06-28,36,179945.0,814.0,4,1249195,36,3,1,16932.0,987164,5,Female,Self-Employed,,Urban,Home,Single,Poor,0
APP100795,CUST10795,2024-05-23,51,146389.0,773.0,8,1704526,24,2,1,16766.0,818894,1,Female,Business,High School,Semi-Urban,Education,Single,Average,0
APP100796,CUST10796,2023-07-03,31,43372.0,655.0,7,810416,84,1,0,18292.0,61682,5,Female,Salaried,Graduate,Semi-Urban,Personal,Married,Good,0
APP100797,CUST10797,2025-07-03,36,21642.0,586.0,1,1098581,12,2,0,52631.0,532016,4,Female,Business,High School,Urban,Education,Married,Excellent,1
APP100798,CUST10798,2024-08-03,28,177073.0,710.0,27,1332728,72,5,0,77944.0,667991,1,Female,Salaried,Graduate,Urban,Vehicle,Single,Excellent,1
APP100799,CUST10799,2024-06-21,24,52064.0,644.0,15,1367758,12,0,0,81230.0,409100,0,Female,Salaried,Graduate,Semi-Urban,Home,Married,Good,1
APP100800,CUST10800,2024-06-01,60,32122.0,693.0,12,1891422,48,5,0,39533.0,816406,4,Female,Salaried,Graduate,Rural,Home,Single,Poor,1
APP100801,CUST10801,2025-02-06,24,173892.0,769.0,6,1579451,84,1,0,85773.0,382236,5,Male,Salaried,Graduate,Rural,Personal,Single,Average,0
APP100802,CUST10802,2023-10-22,45,86431.0,566.0,15,1954514,60,3,0,10778.0,368321,2,Male,Self-Employed,Graduate,Urban,Business,Married,Excellent,1
APP100803,CUST10803,2025-10-11,23,73745.0,710.0,6,913018,36,3,2,40059.0,905227,2,Male,Self-Employed,Graduate,Semi-Urban,Home,Married,Good,1
APP100804,CUST10804,2023-09-17,52,68081.0,747.0,26,1494398,72,1,0,9866.0,434252,2,Male,Salaried,High School,Urban,Education,Single,Good,1
APP100805,CUST10805,2025-04-05,23,157783.0,751.0,13,852914,36,2,0,78965.0,89614,5,Female,Self-Employed,Graduate,Semi-Urban,Home,Single,Good,0
APP100806,CUST10806,2023-11-12,47,167865.0,588.0,13,804189,48,4,2,65661.0,670634,3,Male,Salaried,Graduate,Rural,Vehicle,Single,Excellent,0
APP100807,CUST10807,2025-01-15,49,157271.0,,11,1301521,48,1,1,48352.0,941355,4,Male,Contract,Graduate,Semi-Urban,Personal,Married,Good,1
APP100808,CUST10808,2024-12-19,52,94253.0,780.0,0,1656812,36,5,0,55736.0,853248,4,Male,Salaried,High School,Urban,Business,Single,Poor,1
APP100809,CUST10809,2024-11-10,39,54191.0,716.0,0,1450707,72,3,1,39075.0,577814,1,Female,Salaried,Graduate,Semi-Urban,Vehicle,Married,Poor,1
APP100810,CUST10810,2025-05-03,41,28211.0,681.0,11,272873,84,0,0,86951.0,582755,4,Male,Salaried,High School,Rural,Education,Married,Good,1
APP100811,CUST10811,2024-04-05,25,129086.0,775.0,19,272322,24,3,0,29104.0,908041,4,Male,Salaried,Graduate,Urban,Vehicle,Married,Good,0
APP100812,CUST10812,2025-12-15,38,170614.0,638.0,20,70875,84,4,0,70827.0,991999,1,Male,Salaried,Postgraduate,Urban,Home,Married,Excellent,0
APP100813,CUST10813,2025-03-17,48,119971.0,575.0,14,1373777,24,3,0,74222.0,224832,4,Female,Contract,Graduate,Urban,Personal,Married,Average,1
APP100814,CUST10814,2025-03-03,62,111783.0,675.0,3,82400,60,4,0,6642.0,391564,4,Male,Salaried,Graduate,Urban,Home,Married,Excellent,0
APP100815,CUST10815,2025-07-18,42,143681.0,730.0,6,514674,84,1,0,67845.0,346574,0,Female,Salaried,Graduate,Urban,Personal,Married,Excellent,1
APP100816,CUST10816,2023-05-29,41,105893.0,768.0,15,118607,36,3,0,13769.0,31965,5,Female,Business,Graduate,Urban,Education,Single,Excellent,1
APP100817,CUST10817,2025-02-06,26,176763.0,730.0,2,1972569,36,2,0,74445.0,501368,1,Male,Salaried,Graduate,Urban,Vehicle,Married,Good,1
APP100818,CUST10818,2023-12-11,21,95960.0,753.0,6,1388223,72,5,0,55375.0,690918,0,Female,Business,Graduate,Urban,Personal,Single,Average,1
APP100819,CUST10819,2025-08-31,25,102388.0,768.0,28,1515557,36,2,2,37078.0,589095,3,Female,Business,Graduate,Semi-Urban,Vehicle,Married,Poor,1
APP100820,CUST10820,2025-07-10,61,40601.0,665.0,23,1199672,72,5,0,17268.0,782671,1,Male,Self-Employed,,Urban,Personal,Single,Good,1
APP100821,CUST10821,2023-01-30,32,167092.0,679.0,21,1086970,36,3,0,,843952,5,Female,Salaried,Graduate,Rural,Home,Single,Average,0
APP100822,CUST10822,2024-12-30,46,157227.0,787.0,5,1669476,48,3,0,79174.0,442161,4,Male,Salaried,Postgraduate,Urban,Personal,Single,Good,0
APP100823,CUST10823,2025-09-08,54,37710.0,599.0,15,934750,12,5,0,65763.0,717384,4,Male,Salaried,Graduate,Semi-Urban,Personal,Married,Good,1
APP100824,CUST10824,2023-08-19,34,126714.0,722.0,23,1360114,36,0,0,16233.0,659318,0,Male,Salaried,Graduate,Urban,Business,Single,Average,1
APP100825,CUST10825,2024-12-29,46,173604.0,636.0,7,134335,12,3,0,35496.0,628271,0,Female,Salaried,Graduate,Urban,Education,Single,Good,0
APP100826,CUST10826,2025-01-15,65,146727.0,773.0,22,413133,24,0,2,22806.0,127194,3,Male,Business,Graduate,Semi-Urban,Home,Single,Excellent,0
APP100827,CUST10827,2024-02-03,47,167673.0,689.0,21,667300,60,0,0,45326.0,611955,3,Male,Salaried,Graduate,Semi-Urban,Home,Single,Average,1
APP100828,CUST10828,2023-04-05,29,81227.0,691.0,5,131748,84,5,0,83807.0,940209,5,Male,Salaried,Postgraduate,Semi-Urban,Vehicle,Married,Excellent,0
APP100829,CUST10829,2024-04-19,46,154039.0,820.0,9,736779,84,0,0,44513.0,193151,4,Female,Salaried,Postgraduate,Semi-Urban,Personal,Single,Excellent,0
APP100830,CUST10830,2025-02-13,42,102289.0,609.0,15,1163771,24,0,0,56761.0,975404,2,Male,Salaried,High School,Semi-Urban,Personal,Single,Good,1
APP100831,CUST10831,2025-03-10,50,169094.0,706.0,10,779055,36,1,0,24465.0,134335,3,Female,Salaried,Graduate,Urban,Personal,Married,Excellent,0
APP100832,CUST10832,2025-08-01,63,23722.0,676.0,12,1712710,84,2,1,44502.0,446926,4,Female,Business,Graduate,Semi-Urban,Home,Married,Good,1
APP100833,CUST10833,2025-10-19,37,176485.0,,28,676692,72,0,2,84396.0,574398,3,Male,Salaried,Graduate,Urban,Business,Married,Good,0
APP100834,CUST10834,2024-09-12,46,99050.0,835.0,5,351286,24,2,0,13250.0,922464,1,Female,Business,Graduate,Urban,Vehicle,Married,Good,0
APP100835,CUST10835,2025-05-09,56,101596.0,645.0,23,835608,48,0,0,65503.0,796221,0,Male,Self-Employed,Graduate,Urban,Personal,Single,Poor,1
APP100836,CUST10836,2025-08-21,21,84732.0,600.0,0,1170116,12,2,2,26310.0,267677,4,Female,Contract,Graduate,Urban,Business,Married,Average,1
APP100837,CUST10837,2025-12-07,28,161369.0,629.0,20,1792225,72,3,0,37206.0,318114,3,Male,Salaried,High School,Urban,Education,Married,Excellent,0
APP100838,CUST10838,2025-03-23,55,86323.0,673.0,18,1437668,84,3,0,14764.0,558064,0,Male,Salaried,Graduate,Urban,Home,Married,Average,0
APP100839,CUST10839,2023-04-05,35,41816.0,695.0,11,1943959,72,2,2,60596.0,970806,2,Female,Salaried,High School,Semi-Urban,Education,Married,Good,0
APP100840,CUST10840,2023-02-02,42,58695.0,699.0,23,1110331,36,0,0,17842.0,285869,3,Male,Contract,Graduate,Urban,Home,Single,Average,1
APP100841,CUST10841,2023-05-02,34,168774.0,825.0,26,1875779,48,1,0,7976.0,69367,4,Male,Business,Postgraduate,Rural,Vehicle,Single,Average,0
APP100842,CUST10842,2023-08-06,46,174314.0,812.0,5,1478705,12,2,0,12426.0,339374,1,Female,Self-Employed,Graduate,Urban,Education,Married,Excellent,0
APP100843,CUST10843,2025-12-12,48,73841.0,788.0,29,1707417,48,4,0,27887.0,599830,0,Female,Salaried,High School,Urban,Vehicle,Single,Good,1
APP100844,CUST10844,2025-03-05,43,146498.0,850.0,17,184962,24,1,0,31710.0,97534,0,Female,Salaried,High School,Semi-Urban,Vehicle,Married,Average,0
APP100845,CUST10845,2023-06-25,34,125096.0,752.0,30,1979384,36,4,1,46387.0,369993,1,Female,Salaried,Graduate,Rural,Vehicle,Married,Good,1
APP100846,CUST10846,2023-10-19,44,110764.0,,12,306760,72,2,0,52470.0,440644,4,Female,Salaried,Graduate,Semi-Urban,Education,Single,Excellent,0
APP100847,CUST10847,2024-05-05,22,103744.0,750.0,6,1115751,72,0,0,11486.0,782275,5,Male,Salaried,Graduate,Semi-Urban,Education,Single,Excellent,0
APP100848,CUST10848,2025-01-30,65,46482.0,738.0,22,902119,24,4,0,44258.0,624911,2,Male,Salaried,Graduate,Rural,Education,Single,Excellent,1
APP100849,CUST10849,2024-09-25,46,27171.0,720.0,12,921415,72,2,0,27623.0,632499,5,Male,Self-Employed,Graduate,Semi-Urban,Personal,Single,Excellent,1
APP100850,CUST10850,2023-05-05,34,118755.0,660.0,20,531503,60,1,0,28806.0,750258,1,Female,Contract,Graduate,Semi-Urban,Vehicle,Single,Good,0
APP100851,CUST10851,2024-08-26,27,126125.0,596.0,7,800071,36,0,1,10973.0,795917,2,Female,Self-Employed,Postgraduate,Rural,Personal,Single,Good,1
APP100852,CUST10852,2025-07-26,23,148722.0,680.0,29,1778224,24,4,0,51215.0,71771,4,Male,Self-Employed,Graduate,Urban,Home,Single,Excellent,1
APP100853,CUST10853,2025-12-01,43,124082.0,732.0,20,96629,36,2,0,50939.0,179746,3,Female,Contract,Postgraduate,Rural,Education,Single,Good,0
APP100854,CUST10854,2024-05-05,63,21696.0,695.0,16,1739643,12,0,0,34157.0,244276,3,Male,,High School,Urban,Business,Single,Poor,1
APP100855,CUST10855,2024-07-18,65,144310.0,610.0,8,1277448,36,0,1,10521.0,102519,5,Male,Salaried,Graduate,Rural,Home,Married,Average,1
APP100856,CUST10856,2023-06-17,38,169130.0,678.0,19,742727,36,3,0,17891.0,487791,4,Female,Business,Graduate,Urban,Vehicle,Married,Good,1
APP100857,CUST10857,2025-01-28,58,169385.0,674.0,12,1569546,12,0,0,87331.0,232024,2,Female,Salaried,Graduate,Urban,Vehicle,Single,Average,1
APP100858,CUST10858,2023-09-06,55,37149.0,685.0,1,1429233,24,2,0,27474.0,858113,5,Female,Salaried,High School,Rural,Personal,Single,Poor,1
APP100859,CUST10859,2023-06-29,35,148064.0,727.0,3,1705626,36,1,0,31507.0,946308,1,Female,Salaried,Graduate,Urban,Education,Married,Average,0
APP100860,CUST10860,2023-01-28,45,71521.0,743.0,29,1258670,48,5,1,15687.0,707604,5,Female,Salaried,Postgraduate,Semi-Urban,Education,Single,Average,0
APP100861,CUST10861,2023-04-27,57,63740.0,652.0,28,1823265,36,3,0,16009.0,268619,4,Female,Salaried,High School,Urban,Home,Married,Average,1
APP100862,CUST10862,2024-12-03,48,124611.0,764.0,24,1026918,24,2,0,49291.0,656091,4,Male,Salaried,Postgraduate,Urban,Home,Single,Good,0
APP100863,CUST10863,2024-10-18,30,154028.0,775.0,1,1156517,72,2,1,53296.0,581361,3,Female,Salaried,Graduate,Rural,Home,Single,Excellent,1
APP100864,CUST10864,2025-04-11,59,84641.0,714.0,3,1404193,84,2,3,45225.0,539335,1,Male,Salaried,High School,Urban,Business,Married,Good,1
APP100865,CUST10865,2023-09-19,37,81811.0,740.0,17,760958,12,4,0,39828.0,917536,3,Male,Contract,Graduate,Semi-Urban,Business,Married,Excellent,1
APP100866,CUST10866,2024-09-17,59,81232.0,764.0,4,1114616,72,4,0,41102.0,475908,2,Male,,High School,Urban,Vehicle,Married,Poor,0
APP100867,CUST10867,2025-02-23,42,33417.0,,18,1168382,24,1,0,61342.0,363101,2,Female,Business,High School,Rural,Vehicle,Single,Good,1
APP100868,CUST10868,2025-11-27,46,173801.0,769.0,9,1767222,60,2,0,38712.0,884923,0,Male,Contract,High School,Semi-Urban,Vehicle,Married,Poor,0
APP100869,CUST10869,2023-07-16,64,130492.0,631.0,17,250211,84,4,1,31823.0,92599,4,Female,Salaried,Graduate,Semi-Urban,Education,Married,Average,1
APP100870,CUST10870,2024-11-14,45,48099.0,638.0,29,686364,72,4,1,,53444,1,Female,Business,High School,Rural,Vehicle,Married,Good,1
APP100871,CUST10871,2025-05-23,37,179033.0,705.0,24,105916,36,4,0,85174.0,192920,1,Female,Salaried,High School,Urban,Personal,Married,Excellent,0
APP100872,CUST10872,2023-11-29,33,161674.0,529.0,20,722960,84,1,0,43052.0,682159,3,Female,Business,Graduate,Semi-Urban,Home,Married,Excellent,1
APP100873,CUST10873,2024-12-20,40,136474.0,703.0,9,445507,36,1,0,28265.0,354002,5,Female,Salaried,Graduate,Semi-Urban,Education,Married,Good,0
APP100874,CUST10874,2023-03-20,45,27256.0,764.0,4,1504915,12,2,0,47012.0,200928,5,Male,Business,Postgraduate,Urban,Business,Single,Average,1
APP100875,CUST10875,2023-07-16,24,52681.0,567.0,16,840243,36,3,1,15916.0,216540,3,Female,Salaried,High School,Semi-Urban,Home,Married,Poor,1
APP100876,CUST10876,2023-08-14,30,109328.0,772.0,21,605564,84,2,0,80045.0,379041,5,Male,Salaried,Graduate,Semi-Urban,Vehicle,Married,Excellent,0
APP100877,CUST10877,2024-08-17,23,61361.0,638.0,12,235217,48,4,0,50532.0,442455,1,Female,Business,Postgraduate,Semi-Urban,Business,Married,Excellent,0
APP100878,CUST10878,2025-07-01,61,52540.0,706.0,22,917481,48,5,0,52659.0,894783,3,Female,Business,High School,Urban,Business,Married,Excellent,1
APP100879,CUST10879,2025-01-04,65,175608.0,648.0,16,251750,72,4,3,19003.0,587183,5,Female,Salaried,Graduate,Urban,Business,Single,Good,0
APP100880,CUST10880,2025-07-07,38,102700.0,733.0,8,1318430,24,0,0,47634.0,899932,0,Male,Self-Employed,Graduate,Urban,Home,Single,Average,1
APP100881,CUST10881,2024-06-20,56,96532.0,767.0,23,796403,12,5,1,79992.0,439159,4,Male,Salaried,Postgraduate,Urban,Education,Single,Excellent,1
APP100882,CUST10882,2023-08-08,42,145626.0,739.0,11,994218,60,5,1,16369.0,67559,0,Male,Self-Employed,Graduate,Urban,Home,Married,Good,1
APP100883,CUST10883,2023-10-20,54,151943.0,690.0,13,761045,72,2,0,24329.0,946507,5,Male,Salaried,Graduate,Semi-Urban,Personal,Single,Good,0
APP100884,CUST10884,2023-07-21,28,64002.0,654.0,13,1766130,24,4,0,83754.0,682861,2,Female,Business,Graduate,Urban,Vehicle,Married,Good,1
APP100885,CUST10885,2023-02-01,60,67812.0,685.0,7,1433782,12,4,0,17410.0,298236,1,Female,Salaried,Graduate,Rural,Education,Married,Good,1
APP100886,CUST10886,2024-12-16,64,171698.0,739.0,22,1249010,84,3,0,34730.0,216591,0,Male,Contract,Graduate,Semi-Urban,Education,Married,Good,0
APP100887,CUST10887,2025-01-22,39,126946.0,742.0,4,1939507,12,0,1,7665.0,821200,0,Male,Salaried,Postgraduate,Urban,Vehicle,Married,Good,0
APP100888,CUST10888,2025-10-13,62,84668.0,731.0,18,620569,84,2,0,44899.0,826036,3,Male,Salaried,Graduate,Urban,Personal,Married,Good,1
APP100889,CUST10889,2023-04-25,61,117003.0,594.0,30,1030317,72,1,0,42703.0,354968,3,Male,Salaried,High School,Semi-Urban,Business,Single,Good,0
APP100890,CUST10890,2024-12-22,57,60998.0,688.0,27,881284,24,2,0,70951.0,313904,3,Female,Salaried,Postgraduate,Rural,Vehicle,Single,Good,1
APP100891,CUST10891,2023-07-01,26,122601.0,642.0,13,836408,24,5,0,29172.0,11476,5,Female,Salaried,Graduate,Semi-Urban,Business,Married,Poor,0
APP100892,CUST10892,2025-02-09,46,25812.0,740.0,8,1876557,36,2,0,7684.0,920848,2,Female,Business,Graduate,Semi-Urban,Vehicle,Married,Average,1
APP100893,CUST10893,2024-04-13,54,79844.0,633.0,29,554869,60,3,0,78030.0,774733,0,Male,Salaried,Graduate,Urban,Home,Married,Good,0
APP100894,CUST10894,2024-03-01,65,151251.0,724.0,6,1801772,48,2,0,24750.0,103138,4,Male,Salaried,Postgraduate,Urban,Personal,Married,Average,1
APP100895,CUST10895,2025-04-13,26,92601.0,669.0,26,1627459,36,3,0,24887.0,258033,3,Female,Salaried,Graduate,Semi-Urban,Personal,Single,Average,1
APP100896,CUST10896,2025-12-19,57,157347.0,549.0,25,670218,12,5,0,25826.0,112620,2,Male,Salaried,Graduate,Urban,Vehicle,Single,Good,0
APP100897,CUST10897,2024-04-29,53,65857.0,760.0,25,1245050,60,3,0,11180.0,121070,5,Male,Self-Employed,Postgraduate,Urban,Personal,Single,Average,1
APP100898,CUST10898,2023-01-11,42,143555.0,688.0,7,1093302,60,4,0,51779.0,80498,2,Male,Business,Graduate,Urban,Business,Single,Good,1
APP100899,CUST10899,2023-02-11,41,38700.0,786.0,13,311745,24,1,1,73095.0,33439,3,Female,Salaried,High School,Semi-Urban,Personal,Married,Average,1
APP100900,CUST10900,2023-05-03,26,111330.0,565.0,21,1819219,60,5,0,67288.0,8400,1,Male,Salaried,Graduate,Semi-Urban,Personal,Married,Good,1
APP100901,CUST10901,2024-12-01,26,162941.0,668.0,27,1453396,72,3,0,45905.0,94976,0,Female,Salaried,Graduate,Semi-Urban,Personal,Single,Poor,0
APP100902,CUST10902,2023-09-09,24,170026.0,674.0,13,1055635,60,0,0,74507.0,248305,3,Male,Business,Graduate,Urban,Education,Married,Good,1
APP100903,CUST10903,2025-08-30,50,81353.0,710.0,10,1796659,12,5,0,,920850,4,Male,Self-Employed,Graduate,Semi-Urban,Vehicle,Single,Good,1
APP100904,CUST10904,2024-08-26,31,118772.0,591.0,13,1280970,72,0,0,23113.0,29610,0,Female,Contract,Graduate,Rural,Home,Married,Good,0
APP100905,CUST10905,2023-08-01,50,109502.0,731.0,20,1800700,72,1,2,47861.0,580644,2,Female,Salaried,Graduate,Semi-Urban,Home,Single,Good,1
APP100906,CUST10906,2023-09-25,51,131943.0,833.0,30,1516703,36,3,0,83487.0,689935,4,Female,Contract,Postgraduate,Semi-Urban,Education,Single,Excellent,0
APP100907,CUST10907,2025-10-02,44,127850.0,726.0,7,796648,60,5,0,30617.0,286872,0,Female,Business,Graduate,Urban,Education,Married,Excellent,0
APP100908,CUST10908,2024-12-07,29,63095.0,697.0,2,1904413,24,5,0,7583.0,646990,4,Male,Business,Postgraduate,Semi-Urban,Home,Married,Good,1
APP100909,CUST10909,2024-06-23,23,163342.0,587.0,27,1156698,84,1,0,,820499,2,Male,Salaried,Postgraduate,Urban,Business,Single,Good,1
APP100910,CUST10910,2024-12-06,51,179980.0,632.0,28,1057260,36,4,0,8055.0,488055,3,Female,Business,High School,Urban,Home,Single,Good,0
APP100911,CUST10911,2025-10-07,60,33523.0,686.0,28,804849,24,0,0,77337.0,836694,4,Female,Salaried,Graduate,Urban,Home,Single,Excellent,1
APP100912,CUST10912,2024-09-10,57,80433.0,650.0,22,1331237,60,5,2,39426.0,506492,3,Male,Self-Employed,Graduate,Urban,Vehicle,Single,Good,0
APP100913,CUST10913,2024-05-12,56,37991.0,767.0,17,1751773,36,2,0,65532.0,268772,2,Male,Salaried,Postgraduate,Semi-Urban,Home,Single,Excellent,1
APP100914,CUST10914,2025-10-17,44,28775.0,730.0,2,315591,60,0,0,14933.0,372212,2,Male,Business,Graduate,Rural,Home,Married,Excellent,0
APP100915,CUST10915,2025-02-20,51,102995.0,850.0,30,234215,12,3,2,36979.0,604345,4,Female,Contract,High School,Semi-Urban,Personal,Married,Excellent,0
APP100916,CUST10916,2023-05-06,26,165745.0,616.0,12,1109238,36,1,1,50047.0,633337,4,Female,Self-Employed,Postgraduate,Urban,Education,Married,Good,1
APP100917,CUST10917,2025-04-20,22,140808.0,692.0,11,1554793,24,0,2,9137.0,423596,2,Male,Self-Employed,Graduate,Semi-Urban,Home,Single,Excellent,1
APP100918,CUST10918,2025-09-09,40,176128.0,586.0,14,1681146,12,2,0,16423.0,589141,4,Female,Self-Employed,Postgraduate,Semi-Urban,Home,Married,Good,1
APP100919,CUST10919,2023-01-12,48,155686.0,523.0,17,448115,48,2,0,39482.0,427139,4,Male,Self-Employed,Graduate,Semi-Urban,Business,Married,Good,1
APP100920,CUST10920,2024-05-30,31,25415.0,744.0,4,865014,24,1,1,49156.0,301202,4,Female,Salaried,Postgraduate,Urban,Home,Single,Excellent,1
APP100921,CUST10921,2023-11-12,24,166036.0,727.0,6,1690335,84,1,0,57483.0,847594,5,Female,Salaried,Graduate,Urban,Vehicle,Married,Good,1
APP100922,CUST10922,2025-10-28,35,55044.0,626.0,10,1746377,60,0,0,39754.0,885848,4,Male,Business,Graduate,Semi-Urban,Business,Single,Good,1
APP100923,CUST10923,2023-11-10,26,67976.0,697.0,25,1271861,24,3,0,41312.0,984898,0,Male,Salaried,Postgraduate,Semi-Urban,Home,Single,Average,1
APP100924,CUST10924,2024-06-30,50,21832.0,643.0,26,1730442,48,4,0,28363.0,201150,2,Female,Business,Graduate,Rural,Vehicle,Single,Average,1
APP100925,CUST10925,2023-02-08,58,52148.0,653.0,10,1960879,24,2,1,22085.0,155042,2,Male,Business,Graduate,Urban,Education,Married,Poor,1
APP100926,CUST10926,2025-11-10,22,130230.0,666.0,26,1706069,12,1,2,61889.0,306035,1,Female,Salaried,Graduate,Semi-Urban,Home,Single,Good,1
APP100927,CUST10927,2023-09-10,35,103076.0,623.0,14,910513,72,4,1,84951.0,665290,3,Male,Contract,Postgraduate,Urban,Education,Married,Good,1
APP100928,CUST10928,2023-10-30,31,56402.0,636.0,9,942215,24,4,0,61414.0,433534,1,Male,Salaried,Graduate,Urban,Home,Married,Poor,1
APP100929,CUST10929,2025-09-05,28,56578.0,638.0,14,284631,36,4,0,52052.0,841539,4,Female,Salaried,Postgraduate,Semi-Urban,Business,Married,Good,0
APP100930,CUST10930,2023-09-15,46,108453.0,722.0,30,133805,84,3,1,37691.0,853385,4,Male,Salaried,Graduate,Rural,Business,Single,Good,1
APP100931,CUST10931,2025-09-26,65,171390.0,482.0,30,1223274,48,1,3,77195.0,767435,0,Female,Contract,Graduate,Semi-Urban,Vehicle,Married,Good,1
APP100932,CUST10932,2024-06-25,64,93715.0,673.0,12,218902,24,2,0,59697.0,375577,0,Female,Contract,High School,Urban,Personal,Married,Good,1
APP100933,CUST10933,2024-10-01,25,129435.0,608.0,13,974570,48,1,0,,54108,0,Female,Salaried,Postgraduate,Urban,Vehicle,Married,Excellent,1
APP100934,CUST10934,2024-07-05,26,169538.0,611.0,16,1109288,72,0,1,8883.0,561862,0,Female,Salaried,Graduate,Urban,Home,Married,Average,1
APP100935,CUST10935,2024-04-05,46,113742.0,651.0,12,1442247,12,2,0,36712.0,777045,0,Male,Salaried,Graduate,Urban,Education,Single,Poor,0
APP100936,CUST10936,2023-08-12,24,63475.0,689.0,9,965885,36,1,0,89860.0,634575,0,Female,Self-Employed,Graduate,Semi-Urban,Education,Single,Excellent,1
APP100937,CUST10937,2023-04-02,39,78142.0,674.0,24,1749752,60,2,0,26545.0,408073,0,Female,Self-Employed,Graduate,Semi-Urban,Home,Married,Average,1
APP100938,CUST10938,2023-10-07,40,175636.0,610.0,0,1855262,24,0,0,23204.0,421729,0,Female,Self-Employed,Postgraduate,Semi-Urban,Personal,Married,Excellent,1
APP100939,CUST10939,2023-09-05,53,171484.0,744.0,0,568680,12,5,1,28268.0,629722,5,Male,Business,Graduate,Semi-Urban,Personal,Single,Excellent,0
APP100940,CUST10940,2025-05-15,40,111526.0,622.0,29,246437,48,2,0,86298.0,552881,0,Female,Self-Employed,Postgraduate,Semi-Urban,Personal,Single,Good,0
APP100941,CUST10941,2023-03-19,32,69001.0,635.0,14,1710049,72,5,0,89383.0,355363,2,Female,Salaried,High School,Semi-Urban,Home,Single,Excellent,1
APP100942,CUST10942,2024-04-02,21,75649.0,711.0,15,411995,84,4,0,41139.0,369188,0,Male,Salaried,Graduate,Urban,Business,Married,Good,1
APP100943,CUST10943,2024-08-08,46,162228.0,714.0,11,1522598,48,3,0,80652.0,941388,3,Female,Business,Graduate,Urban,Business,Single,Excellent,1
APP100944,CUST10944,2025-11-03,34,172136.0,644.0,25,1635074,84,0,0,33436.0,326130,0,Female,Self-Employed,Graduate,Urban,Home,Single,Good,1
APP100945,CUST10945,2023-02-14,58,43711.0,470.0,23,86972,72,2,1,73324.0,782499,5,Male,Salaried,Graduate,Rural,Business,Married,Good,1
APP100946,CUST10946,2023-02-07,57,48106.0,624.0,5,811254,84,0,0,9125.0,665667,4,Female,Salaried,Graduate,Rural,Personal,Married,Average,1
APP100947,CUST10947,2024-02-20,31,83458.0,702.0,5,346280,72,4,0,74142.0,804336,5,Female,Business,Postgraduate,Semi-Urban,Business,Married,Average,1
APP100948,CUST10948,2023-09-02,56,165661.0,742.0,11,487513,12,5,0,46534.0,896503,5,Male,Salaried,High School,Semi-Urban,Home,Married,Excellent,0
APP100949,CUST10949,2025-12-21,33,148429.0,684.0,24,852377,24,3,0,47973.0,361858,4,Male,Self-Employed,Graduate,Semi-Urban,Business,Married,Good,1
APP100950,CUST10950,2024-05-07,63,119754.0,654.0,14,800561,60,0,0,81369.0,458764,0,Male,Self-Employed,Graduate,Urban,Business,Married,Poor,1
APP100951,CUST10951,2023-11-19,23,156286.0,850.0,3,1439900,24,5,0,38521.0,411798,0,Female,Salaried,High School,Urban,Business,Single,Average,0
APP100952,CUST10952,2024-04-12,53,144479.0,662.0,23,1431173,36,4,0,12488.0,325109,4,Female,Self-Employed,Graduate,Urban,Business,Married,Good,1
APP100953,CUST10953,2025-12-20,26,176199.0,736.0,3,921836,24,4,0,44974.0,892880,3,Male,Salaried,Graduate,Rural,Home,Single,Good,1
APP100954,CUST10954,2023-03-28,30,154213.0,590.0,29,980728,72,4,0,47448.0,768807,1,Female,Salaried,Graduate,Urban,Vehicle,Single,Good,1
APP100955,CUST10955,2023-03-21,25,46884.0,608.0,1,1101628,72,5,1,12938.0,244027,2,Male,Salaried,Graduate,Semi-Urban,Business,Single,Good,1
APP100956,CUST10956,2023-08-16,43,20708.0,739.0,26,339416,36,2,1,56113.0,668385,4,Female,Self-Employed,Postgraduate,Rural,Vehicle,Married,Average,1
APP100957,CUST10957,2024-04-27,30,36375.0,768.0,30,1401870,48,1,0,20770.0,709804,0,Male,Business,Graduate,Urban,Home,Married,Excellent,0
APP100958,CUST10958,2024-09-14,64,33088.0,661.0,23,801564,72,0,0,57635.0,701974,2,Male,Salaried,Graduate,Semi-Urban,Education,Married,Poor,1
APP100959,CUST10959,2025-08-05,22,75615.0,551.0,11,198388,36,1,2,77171.0,442160,0,Male,Business,Graduate,Rural,Vehicle,Married,Excellent,1
APP100960,CUST10960,2024-04-29,33,128138.0,677.0,6,1545181,72,4,0,,197259,1,Female,Salaried,High School,Semi-Urban,Home,Single,Good,1
APP100961,CUST10961,2025-04-19,60,28014.0,704.0,19,1761176,60,1,1,62822.0,89724,1,Male,Salaried,Postgraduate,Semi-Urban,Education,Single,Excellent,1
APP100962,CUST10962,2023-01-25,22,152345.0,697.0,8,933527,72,5,0,54934.0,536892,4,Male,Salaried,Graduate,Urban,Business,Married,Good,1
APP100963,CUST10963,2025-02-17,40,120842.0,648.0,30,1429494,12,4,0,70526.0,241515,2,Female,Self-Employed,Graduate,Semi-Urban,Home,Single,Good,1
APP100964,CUST10964,2025-07-19,21,179953.0,679.0,8,879607,36,4,1,26487.0,512731,5,Male,Salaried,Graduate,Urban,Personal,Single,Excellent,1
APP100965,CUST10965,2025-03-05,57,96077.0,634.0,7,443781,84,3,0,58319.0,425506,2,Female,Salaried,High School,Urban,Education,Married,Poor,1
APP100966,CUST10966,2025-01-22,29,157784.0,607.0,13,1054802,24,3,0,17869.0,504348,5,Male,Salaried,Graduate,Semi-Urban,Personal,Married,Good,1
APP100967,CUST10967,2024-03-01,37,70874.0,747.0,0,1038598,36,5,1,79755.0,207811,1,Male,Salaried,Postgraduate,Urban,Business,Single,Good,1
APP100968,CUST10968,2025-12-26,29,87087.0,697.0,22,1114951,48,5,0,45797.0,711133,0,Male,Business,Graduate,Rural,Business,Married,Good,0
APP100969,CUST10969,2024-10-21,31,30297.0,679.0,20,599998,72,1,0,61298.0,799303,5,Male,Salaried,Graduate,Urban,Vehicle,Married,Excellent,0
APP100970,CUST10970,2024-11-15,35,45128.0,652.0,22,1803831,36,0,0,87209.0,740558,5,Male,Salaried,Graduate,Semi-Urban,Business,Single,Good,1
APP100971,CUST10971,2024-06-30,44,86368.0,676.0,11,828912,60,1,0,87299.0,107318,4,Male,Salaried,Postgraduate,Urban,Vehicle,Single,Good,1
APP100972,CUST10972,2025-07-04,58,96958.0,702.0,24,1044143,36,5,1,49933.0,606269,3,Male,Self-Employed,High School,Rural,Education,Single,Good,0
APP100973,CUST10973,2023-02-24,55,50920.0,820.0,1,720534,60,0,2,81579.0,868006,1,Female,Business,Graduate,Urban,Personal,Single,Average,0
APP100974,CUST10974,2023-11-10,50,160228.0,739.0,12,1467746,72,1,1,14570.0,116376,5,Male,Salaried,Graduate,Urban,Education,Single,Excellent,0
APP100975,CUST10975,2023-08-08,51,160180.0,640.0,29,530545,24,2,0,11886.0,378502,1,Female,Salaried,Graduate,Semi-Urban,Personal,Married,Good,0
APP100976,CUST10976,2023-02-18,25,151872.0,641.0,26,77597,72,2,0,72494.0,139577,4,Female,Business,High School,Rural,Home,Married,Excellent,0
APP100977,CUST10977,2024-04-07,64,151682.0,,3,1435009,48,0,1,48087.0,439694,0,Female,Salaried,Postgraduate,Rural,Education,Married,Good,0
APP100978,CUST10978,2023-04-28,34,95603.0,675.0,19,481613,12,3,1,72719.0,613893,2,Female,Self-Employed,Graduate,Urban,Home,Single,Good,1
APP100979,CUST10979,2023-03-23,31,51872.0,629.0,17,1000573,24,0,1,8774.0,936922,1,Female,Business,Graduate,Semi-Urban,Personal,Single,Excellent,1
APP100980,CUST10980,2024-05-10,29,28728.0,726.0,18,1184263,24,1,0,34018.0,807843,4,Female,Salaried,High School,Semi-Urban,Vehicle,Married,Good,1
APP100981,CUST10981,2024-09-25,54,113102.0,492.0,15,168968,12,4,1,19272.0,365713,4,Male,Salaried,Postgraduate,Semi-Urban,Education,Married,Good,1
APP100982,CUST10982,2025-04-16,32,140049.0,730.0,26,1663138,36,2,0,27586.0,276642,4,Male,Salaried,Graduate,Urban,Education,Married,Poor,0
APP100983,CUST10983,2024-08-24,55,38583.0,711.0,13,1566029,72,4,0,38545.0,773396,2,Male,Business,High School,Urban,Vehicle,Single,Good,1
APP100984,CUST10984,2025-02-08,55,103774.0,785.0,29,253570,36,2,0,7566.0,323401,1,Male,Self-Employed,Graduate,Rural,Vehicle,Married,Excellent,0
APP100985,CUST10985,2024-11-03,21,156335.0,756.0,28,1529989,36,1,0,81489.0,192130,5,Male,Salaried,Postgraduate,Rural,Business,Single,Excellent,0
APP100986,CUST10986,2023-06-25,60,144374.0,,7,1671498,72,2,0,70355.0,91995,4,Female,Salaried,High School,Semi-Urban,Business,Single,Excellent,1
APP100987,CUST10987,2025-03-15,42,168528.0,747.0,11,866473,48,0,0,36696.0,944707,2,Female,Self-Employed,High School,Semi-Urban,Personal,Married,Excellent,0
APP100988,CUST10988,2024-09-30,49,109118.0,677.0,8,974752,24,4,0,77940.0,622854,0,Female,Salaried,Graduate,Semi-Urban,Education,Married,Good,1
APP100989,CUST10989,2023-10-24,28,83942.0,545.0,5,397509,60,5,0,72117.0,120498,3,Male,Salaried,Graduate,Urban,Vehicle,Single,Average,1
APP100990,CUST10990,2024-04-19,31,31689.0,702.0,25,969707,12,4,0,84602.0,615884,1,Male,Salaried,Postgraduate,Semi-Urban,Vehicle,Married,Excellent,0
APP100991,CUST10991,2024-06-19,61,51276.0,643.0,17,888418,24,1,1,45735.0,221382,2,Male,Self-Employed,Graduate,Semi-Urban,Home,Married,Good,1
APP100992,CUST10992,2025-11-26,57,119968.0,690.0,1,1910378,36,5,0,78375.0,314061,3,Male,Salaried,High School,Urban,Business,Single,Good,1
APP100993,CUST10993,2023-01-25,34,168945.0,814.0,22,347391,12,4,0,55637.0,497130,3,Female,Salaried,Graduate,Rural,Home,Single,Good,1
APP100994,CUST10994,2023-12-15,50,31050.0,707.0,7,1480264,60,1,0,27129.0,771144,2,Female,Business,High School,Rural,Vehicle,Single,Excellent,1
APP100995,CUST10995,2024-09-28,55,84216.0,614.0,23,256994,24,3,0,35845.0,130154,5,Male,Salaried,Graduate,Rural,Education,Single,Poor,0
APP100996,CUST10996,2023-08-15,41,,762.0,13,830768,24,0,1,84449.0,288074,5,Female,Salaried,Graduate,Urban,Education,Married,Average,0
APP100997,CUST10997,2023-02-07,57,39644.0,717.0,5,1492226,48,2,1,71500.0,608317,2,Male,Self-Employed,Graduate,Semi-Urban,Home,Married,Poor,1
APP100998,CUST10998,2024-07-23,25,80021.0,605.0,9,1685846,24,2,1,15739.0,501547,2,Male,Salaried,High School,Rural,Business,Married,Good,1
APP100999,CUST10999,2023-08-24,39,60291.0,570.0,7,1950188,24,2,0,63172.0,280782,4,Male,Self-Employed,High School,Urban,Personal,Married,Good,1
APP101000,CUST11000,2023-04-24,34,150610.0,617.0,29,682822,60,3,0,7673.0,272868,0,Female,Salaried,Postgraduate,Semi-Urban,Education,Single,Average,0
APP101001,CUST11001,2023-11-02,46,59520.0,753.0,30,739834,60,0,0,,70738,5,Female,Self-Employed,Postgraduate,Rural,Personal,Married,Average,1
APP101002,CUST11002,2023-05-12,24,43675.0,667.0,16,1385364,12,4,0,15624.0,103705,4,Female,Self-Employed,Graduate,Semi-Urban,Business,Single,Excellent,1
APP101003,CUST11003,2023-12-14,45,167359.0,696.0,24,612781,36,4,0,71764.0,138099,3,Male,Business,High School,Rural,Home,Single,Poor,1
APP101004,CUST11004,2024-02-19,65,18174.0,590.0,28,395968,60,0,0,57930.0,150879,3,Male,Self-Employed,Postgraduate,Semi-Urban,Business,Married,Average,1
APP101005,CUST11005,2025-09-09,62,110268.0,755.0,11,564922,12,5,0,39608.0,98962,3,Male,Salaried,Graduate,Urban,Vehicle,Married,Excellent,0
APP101006,CUST11006,2025-01-01,45,52998.0,539.0,16,971463,24,0,2,54649.0,68109,2,Female,Salaried,Graduate,Urban,Business,Married,Good,0
APP101007,CUST11007,2024-10-15,38,161184.0,641.0,12,883721,12,2,1,87456.0,571137,1,Male,Salaried,Graduate,Semi-Urban,Home,Married,Good,1
APP101008,CUST11008,2024-01-20,60,123410.0,721.0,18,482809,12,4,0,24689.0,267322,4,Male,Contract,High School,Urban,Home,Married,Average,1
APP101009,CUST11009,2024-05-26,28,93225.0,606.0,11,482331,12,0,0,68503.0,10817,1,Female,Contract,Graduate,Semi-Urban,Business,Married,Good,1
APP101010,CUST11010,2025-12-02,59,62814.0,736.0,15,816505,72,4,3,77660.0,498499,0,Male,Salaried,Postgraduate,Urban,Home,Single,Excellent,1
APP101011,CUST11011,2023-03-02,60,103091.0,625.0,24,1776476,12,0,0,47124.0,602009,0,Female,Salaried,High School,Rural,Vehicle,Married,Excellent,0
APP101012,CUST11012,2024-07-06,34,68719.0,598.0,30,347625,60,1,1,12587.0,785750,4,Female,Salaried,Graduate,Urban,Personal,Single,Good,1
APP101013,CUST11013,2023-07-07,52,147887.0,786.0,26,276577,84,2,0,8527.0,655050,3,Male,Contract,Graduate,Semi-Urban,Business,Single,Excellent,0
APP101014,CUST11014,2024-03-28,58,51919.0,702.0,4,1699961,84,0,1,,533272,5,Male,Salaried,Postgraduate,Semi-Urban,Home,Single,Excellent,1
APP101015,CUST11015,2025-04-26,53,91155.0,729.0,24,859010,84,3,0,56538.0,331240,0,Male,Salaried,Graduate,Rural,Personal,Single,Good,1
APP101016,CUST11016,2023-07-06,43,,766.0,15,980291,84,0,0,74499.0,878373,1,Male,Salaried,Postgraduate,Urban,Vehicle,Married,Average,0
APP101017,CUST11017,2025-07-26,35,59328.0,494.0,24,1432768,72,1,0,42455.0,518426,1,Female,Salaried,Graduate,Rural,Business,Single,Good,1
APP101018,CUST11018,2023-06-13,53,42618.0,738.0,5,564771,36,3,0,25243.0,998276,5,Female,Salaried,Graduate,Urban,Home,Single,Good,0
APP101019,CUST11019,2023-04-12,45,52675.0,633.0,10,233951,12,3,2,37693.0,878864,2,Female,Salaried,Graduate,Urban,Personal,Married,Excellent,1
APP101020,CUST11020,2024-11-21,37,36919.0,643.0,16,191668,48,0,0,74231.0,237359,3,Female,Salaried,Postgraduate,Semi-Urban,Vehicle,Married,Good,1
APP101021,CUST11021,2024-07-31,53,22173.0,723.0,25,1552461,84,1,0,79648.0,937139,2,Female,Salaried,High School,Semi-Urban,Education,Married,Average,1
APP101022,CUST11022,2024-09-02,22,127369.0,663.0,22,463146,24,3,0,37059.0,734438,4,Female,Salaried,Postgraduate,Semi-Urban,Home,Married,Good,1
APP101023,CUST11023,2024-06-19,34,44400.0,735.0,13,229022,84,2,1,63867.0,639202,0,Female,Salaried,,Semi-Urban,Vehicle,Single,Good,0
APP101024,CUST11024,2025-01-30,60,88305.0,687.0,5,932169,84,5,1,77778.0,429558,5,Male,Business,Postgraduate,Urban,Personal,Single,Excellent,0
APP101025,CUST11025,2025-06-14,60,106791.0,703.0,24,1379407,24,2,0,80477.0,846112,5,Male,Business,Graduate,Urban,Business,Married,Good,0
APP101026,CUST11026,2025-08-28,59,177034.0,653.0,22,496049,72,4,0,60283.0,639614,5,Male,Self-Employed,High School,Urban,Personal,Married,Average,1
APP101027,CUST11027,2023-05-04,26,88533.0,610.0,29,1221116,24,4,0,68853.0,396238,2,Male,Salaried,Graduate,Rural,Business,Single,Good,1
APP101028,CUST11028,2024-10-29,26,121591.0,634.0,27,741349,24,1,0,25001.0,12988,2,Male,Self-Employed,Graduate,Semi-Urban,Vehicle,Married,Excellent,1
APP101029,CUST11029,2023-12-15,23,159650.0,682.0,10,866615,72,3,0,7700.0,37070,4,Male,Salaried,Graduate,Urban,Vehicle,Married,Average,1
APP101030,CUST11030,2023-09-06,27,149060.0,828.0,11,1381478,24,2,0,55157.0,102491,1,Female,Salaried,Graduate,Urban,Personal,Single,Excellent,0
APP101031,CUST11031,2024-12-07,28,167696.0,800.0,12,1755018,12,2,3,23085.0,869564,1,Male,Salaried,High School,Urban,Personal,Married,Good,0
APP101032,CUST11032,2024-12-13,62,57194.0,641.0,3,812301,84,5,0,68883.0,28659,4,Male,Salaried,Graduate,Rural,Business,Married,Good,1
APP101033,CUST11033,2025-10-03,35,127903.0,695.0,6,670656,36,1,1,63147.0,605240,5,Female,Salaried,Graduate,Urban,Home,Single,Poor,0
APP101034,CUST11034,2023-09-04,49,149461.0,668.0,1,1668755,72,3,0,18339.0,263474,1,Female,Salaried,High School,Semi-Urban,Personal,Single,Average,1
APP101035,CUST11035,2024-04-25,53,,700.0,5,96901,48,1,0,20834.0,941675,4,Male,Salaried,Postgraduate,Urban,Home,Married,Good,0
APP101036,CUST11036,2023-04-08,50,131903.0,709.0,30,1575304,72,0,0,81620.0,845210,1,Female,Salaried,Graduate,Semi-Urban,Home,Married,Good,0
APP101037,CUST11037,2023-11-25,59,85391.0,730.0,5,416056,60,2,0,34543.0,103113,4,Male,Self-Employed,Postgraduate,Urban,Home,Single,Good,1
APP101038,CUST11038,2025-10-25,47,162866.0,472.0,17,645350,48,1,0,40930.0,453929,1,Female,Salaried,High School,Urban,Vehicle,Married,Excellent,1
APP101039,CUST11039,2024-04-03,56,76002.0,717.0,29,539838,60,1,1,46074.0,771199,5,Male,Business,High School,Semi-Urban,Vehicle,Single,Average,0
APP101040,CUST11040,2025-03-06,49,53531.0,660.0,19,1775499,72,5,0,65673.0,27736,2,Male,Salaried,Graduate,Semi-Urban,Home,Single,Good,1
APP101041,CUST11041,2024-08-15,58,22986.0,637.0,7,1957016,60,0,0,34044.0,730704,2,Male,Salaried,Graduate,Semi-Urban,Home,Single,Good,1
APP101042,CUST11042,2024-05-12,53,50298.0,750.0,7,445991,48,4,1,83673.0,849213,5,Female,Contract,High School,Urban,Vehicle,Married,Excellent,0
APP101043,CUST11043,2023-03-28,57,19481.0,800.0,28,1602104,12,2,0,39905.0,895624,1,Female,Salaried,High School,Semi-Urban,Business,Married,Excellent,1
APP101044,CUST11044,2024-02-06,47,74408.0,742.0,7,1617725,72,5,0,59004.0,207345,5,Male,Business,Graduate,Urban,Education,Married,Good,1
APP101045,CUST11045,2023-07-16,53,139950.0,651.0,7,854406,72,1,0,67761.0,201571,4,Female,Salaried,Graduate,Semi-Urban,Personal,Married,Good,1
APP101046,CUST11046,2025-02-02,24,165907.0,609.0,0,1776324,24,2,1,76484.0,302270,2,Female,Salaried,Postgraduate,Urban,Home,Married,Excellent,1
APP101047,CUST11047,2023-01-27,42,143355.0,465.0,1,654879,72,4,1,88725.0,656022,0,Male,Salaried,Graduate,Urban,Vehicle,Single,Excellent,1
APP101048,CUST11048,2023-05-15,22,45798.0,704.0,11,1351566,84,1,0,74105.0,259334,1,Male,Business,Graduate,Urban,Home,Married,Good,1
APP101049,CUST11049,2023-07-25,30,109649.0,733.0,14,330759,84,0,0,31012.0,821084,0,Female,Salaried,High School,Urban,Home,Married,Excellent,0
APP101050,CUST11050,2025-11-16,25,82887.0,682.0,3,1005390,72,2,1,68696.0,534678,0,Female,Salaried,Postgraduate,Urban,Home,Single,Good,1
APP101051,CUST11051,2024-08-25,30,37477.0,760.0,27,72838,12,5,2,83513.0,877568,3,Male,Self-Employed,Graduate,Semi-Urban,Home,Single,Good,1
APP101052,CUST11052,2025-12-27,53,166338.0,591.0,24,1401448,24,0,0,26694.0,595230,0,Female,Salaried,Graduate,Urban,Business,Married,Good,1
APP101053,CUST11053,2023-12-28,58,145815.0,677.0,2,1739113,36,4,1,49388.0,582780,0,Female,Business,High School,Urban,Personal,Single,Average,1
APP101054,CUST11054,2024-10-19,33,145426.0,671.0,13,652288,60,4,0,87368.0,889732,5,Female,Salaried,Graduate,Urban,Personal,Single,Excellent,1
APP101055,CUST11055,2025-12-22,51,160961.0,682.0,21,1413518,48,2,0,37835.0,447433,3,Male,Self-Employed,Postgraduate,Urban,Vehicle,Married,Average,1
APP101056,CUST11056,2025-08-29,56,42335.0,778.0,22,1073404,36,4,0,72398.0,196405,3,Female,Salaried,Graduate,Urban,Business,Married,Average,1
APP101057,CUST11057,2025-09-06,65,160326.0,682.0,7,515992,24,3,0,23186.0,889963,3,Female,Salaried,Postgraduate,Urban,Business,Single,Good,0
APP101058,CUST11058,2025-07-29,44,104610.0,668.0,12,194608,84,5,0,34545.0,378617,4,Male,,Postgraduate,Urban,Personal,Married,Average,1
APP101059,CUST11059,2025-06-26,35,29442.0,620.0,22,186772,84,2,2,49391.0,89104,3,Female,Salaried,High School,Rural,Vehicle,Married,Average,1
APP101060,CUST11060,2023-09-03,49,64289.0,790.0,18,744199,84,3,0,78855.0,605257,5,Male,Salaried,Graduate,Semi-Urban,Business,Married,Poor,1
APP101061,CUST11061,2023-10-05,28,71747.0,583.0,21,846680,12,4,0,50788.0,755273,4,Male,Contract,Postgraduate,Semi-Urban,Vehicle,Married,Good,1
APP101062,CUST11062,2023-12-13,25,55327.0,649.0,4,1143867,84,2,0,33401.0,919065,1,Male,Salaried,High School,Semi-Urban,Personal,Married,Good,1
APP101063,CUST11063,2024-01-07,49,165271.0,817.0,30,1967637,48,3,1,63611.0,981360,4,Male,Business,Postgraduate,Rural,Home,Married,Good,0
APP101064,CUST11064,2025-03-19,24,90827.0,725.0,12,265963,60,4,1,17202.0,389583,1,Male,Business,Postgraduate,Urban,Business,Married,Excellent,0
APP101065,CUST11065,2025-04-28,32,124464.0,688.0,27,1224188,72,1,0,68368.0,577769,3,Male,Self-Employed,Postgraduate,Urban,Vehicle,Single,Average,1
APP101066,CUST11066,2023-05-03,65,149184.0,692.0,25,1640041,72,1,0,38135.0,210729,3,Female,Business,Graduate,Rural,Home,Single,Good,1
APP101067,CUST11067,2025-12-16,22,105051.0,619.0,19,1511275,36,0,0,68535.0,557900,1,Male,Salaried,Postgraduate,Semi-Urban,Personal,Married,Good,1
APP101068,CUST11068,2023-06-09,47,168653.0,685.0,0,93815,60,1,0,19897.0,92743,2,Female,Business,Graduate,Semi-Urban,Education,Single,Average,0
APP101069,CUST11069,2025-01-06,51,77722.0,664.0,15,874965,24,3,0,26291.0,933299,5,Male,Salaried,Graduate,Semi-Urban,Business,Single,Poor,0
APP101070,CUST11070,2024-06-01,56,110036.0,703.0,29,1885034,60,5,0,58408.0,284708,4,Male,Business,High School,Semi-Urban,Business,Single,Excellent,1
APP101071,CUST11071,2025-07-23,56,165595.0,577.0,28,154997,12,1,1,78830.0,264005,5,Female,Salaried,Postgraduate,Semi-Urban,Vehicle,Married,Average,0
APP101072,CUST11072,2025-01-15,46,84960.0,720.0,22,1159187,36,2,0,59093.0,577891,5,Male,Business,Postgraduate,Semi-Urban,Personal,Married,Good,1
APP101073,CUST11073,2023-10-15,63,37552.0,766.0,23,661530,36,2,0,9507.0,964503,0,Male,Business,Graduate,Urban,Personal,Single,Good,0
APP101074,CUST11074,2024-02-24,47,159880.0,675.0,1,467876,12,2,0,33854.0,464853,3,Male,Self-Employed,Graduate,Semi-Urban,Business,Married,Poor,1
APP101075,CUST11075,2023-05-20,25,172692.0,739.0,6,760463,60,1,0,20475.0,891835,4,Male,Salaried,Graduate,Rural,Business,Single,Average,0
APP101076,CUST11076,2024-12-07,40,18887.0,713.0,5,417057,84,1,0,49905.0,660873,5,Female,Business,Postgraduate,Semi-Urban,Vehicle,Married,Good,1
APP101077,CUST11077,2024-11-28,31,49802.0,644.0,4,92082,12,0,0,84870.0,725375,4,Male,Salaried,High School,Urban,Vehicle,Married,Good,0
APP101078,CUST11078,2025-09-13,30,103024.0,611.0,28,197330,84,5,1,89366.0,788079,5,Male,Salaried,Graduate,Semi-Urban,Education,Married,Good,1
APP101079,CUST11079,2024-04-19,60,136639.0,621.0,3,677901,48,5,0,89285.0,278468,3,Male,Salaried,Postgraduate,Urban,Home,Single,Good,1
APP101080,CUST11080,2024-01-24,58,136248.0,712.0,1,934747,12,4,0,45185.0,544779,5,Female,Salaried,High School,Rural,Vehicle,Married,Excellent,0
APP101081,CUST11081,2024-05-25,26,99938.0,686.0,9,926122,84,0,0,69398.0,346373,1,Male,Salaried,Postgraduate,Semi-Urban,Home,Single,Good,1
APP101082,CUST11082,2024-06-21,28,140746.0,786.0,21,145220,60,3,2,81593.0,217531,3,Male,Salaried,Postgraduate,Urban,Business,Married,Excellent,1
APP101083,CUST11083,2023-08-01,43,44049.0,749.0,4,1638253,84,2,0,31427.0,39600,4,Female,Salaried,Postgraduate,Semi-Urban,Education,Married,Good,1
APP101084,CUST11084,2025-06-15,46,95789.0,749.0,17,141860,12,1,1,60535.0,593467,2,Male,Salaried,Graduate,Semi-Urban,Education,Married,Average,0
APP101085,CUST11085,2025-11-27,63,102526.0,710.0,9,733045,24,4,0,81572.0,263590,5,Female,Salaried,Graduate,Urban,Education,Single,Excellent,1
APP101086,CUST11086,2023-08-21,32,156918.0,618.0,22,1551012,72,4,0,68690.0,523298,1,Female,Salaried,Graduate,Urban,Personal,Married,Average,1
APP101087,CUST11087,2023-09-17,46,64220.0,714.0,21,994699,12,1,0,19060.0,933376,3,Female,Salaried,Graduate,Urban,Business,Single,Excellent,0
APP101088,CUST11088,2023-11-04,33,64163.0,695.0,27,71797,72,0,0,55641.0,179130,0,Female,Self-Employed,High School,Rural,Personal,Single,Good,0
APP101089,CUST11089,2024-02-07,60,152837.0,605.0,14,1996983,12,4,0,18607.0,135047,3,Female,Salaried,Postgraduate,Urban,Personal,Married,Good,1
APP101090,CUST11090,2025-09-23,38,135126.0,781.0,30,933601,60,5,0,68560.0,995177,4,Male,Contract,Graduate,Semi-Urban,Education,Single,Average,1
APP101091,CUST11091,2025-01-19,45,99486.0,773.0,26,1868803,48,0,1,69213.0,540646,4,Male,Salaried,Graduate,Urban,Personal,Single,Average,1
APP101092,CUST11092,2023-10-31,53,93277.0,604.0,8,640620,48,1,0,66776.0,76343,0,Female,Salaried,High School,Urban,Business,Single,Good,1
APP101093,CUST11093,2023-12-09,60,122245.0,642.0,10,810943,72,0,0,53864.0,250258,1,Male,Salaried,Graduate,Urban,Business,Single,Excellent,0
APP101094,CUST11094,2025-11-27,63,140332.0,649.0,25,1323573,60,5,0,37970.0,555791,4,Male,Self-Employed,Postgraduate,Urban,Personal,Single,Good,0
APP101095,CUST11095,2025-05-04,32,40931.0,736.0,20,506123,84,2,0,33210.0,984298,1,Female,Salaried,Graduate,Rural,Business,Married,Good,0
APP101096,CUST11096,2025-12-05,64,107116.0,727.0,24,1498980,60,1,0,49088.0,57268,1,Female,Contract,High School,Rural,Home,Single,Good,1
APP101097,CUST11097,2023-09-13,56,73633.0,693.0,24,335840,60,5,0,65035.0,839337,3,Male,Salaried,Graduate,Urban,Personal,Married,Excellent,1
APP101098,CUST11098,2023-05-17,24,69913.0,711.0,28,1100600,24,1,0,16683.0,854100,1,Male,Salaried,Graduate,Urban,Education,Single,Excellent,1
APP101099,CUST11099,2025-03-28,25,112776.0,593.0,16,479201,36,5,0,7962.0,158306,5,Female,Contract,High School,Rural,Education,Married,Good,1
APP101100,CUST11100,2025-08-30,57,43991.0,719.0,20,711944,12,5,0,67248.0,212687,4,Male,Salaried,Graduate,Urban,Business,Married,Good,1
APP101101,CUST11101,2023-02-07,28,122092.0,682.0,8,1451718,60,4,0,40552.0,979254,4,Female,Contract,Graduate,Urban,Business,Married,Good,1
APP101102,CUST11102,2023-04-15,62,159633.0,639.0,22,208116,60,4,0,50321.0,953479,2,Female,Contract,Graduate,Urban,Education,Married,Good,1
APP101103,CUST11103,2023-09-12,48,165973.0,575.0,15,831627,60,4,2,52350.0,468095,1,Female,Contract,Postgraduate,Semi-Urban,Home,Married,Good,1
APP101104,CUST11104,2024-05-02,51,113556.0,692.0,5,317429,48,2,1,68565.0,468380,2,Male,Business,Graduate,Urban,Education,Married,Average,1
APP101105,CUST11105,2024-04-02,29,80875.0,717.0,21,506331,60,2,0,48861.0,93104,3,Female,Salaried,Postgraduate,Semi-Urban,Personal,Single,Good,0
APP101106,CUST11106,2024-06-11,49,174989.0,562.0,10,843802,12,5,1,44164.0,295250,2,Female,Salaried,Postgraduate,Semi-Urban,Education,Single,Good,1
APP101107,CUST11107,2024-08-13,34,80120.0,691.0,22,67903,84,3,2,87095.0,734877,1,Female,Salaried,Graduate,Urban,Vehicle,Married,Excellent,1
APP101108,CUST11108,2024-06-08,60,151060.0,699.0,16,737859,84,1,0,49963.0,498467,4,Female,Contract,High School,Urban,Home,Single,Good,1
APP101109,CUST11109,2024-01-05,61,128041.0,648.0,3,1982912,60,4,0,76227.0,728138,3,Female,Salaried,Postgraduate,Rural,Home,Single,Good,1
APP101110,CUST11110,2023-04-12,42,146467.0,718.0,28,859427,12,1,0,8532.0,587726,1,Male,Salaried,Postgraduate,Rural,Education,Married,Good,0
APP101111,CUST11111,2025-07-04,31,163328.0,680.0,14,417304,24,5,1,25733.0,315541,3,Male,Business,Graduate,Semi-Urban,Vehicle,Married,Average,1
APP101112,CUST11112,2024-10-25,43,136490.0,711.0,0,478416,84,0,0,88463.0,710870,0,Male,Salaried,Graduate,Urban,Personal,Single,Average,1
APP101113,CUST11113,2024-11-20,21,144155.0,730.0,21,1711241,36,5,0,48114.0,434640,1,Female,Self-Employed,Graduate,Urban,Education,Married,Average,1
APP101114,CUST11114,2024-08-21,57,46230.0,730.0,29,1300050,48,2,0,84018.0,971963,0,Male,Contract,High School,Semi-Urban,Personal,Married,Excellent,1
APP101115,CUST11115,2024-08-22,41,77778.0,766.0,28,456782,12,3,1,10456.0,318419,2,Female,Self-Employed,Graduate,Urban,Vehicle,Married,Good,1
APP101116,CUST11116,2024-06-24,46,63833.0,715.0,19,1922830,84,0,0,8413.0,583322,1,Male,Self-Employed,High School,Rural,Education,Married,Good,1
APP101117,CUST11117,2024-01-24,56,40625.0,654.0,0,419556,84,1,1,12085.0,728738,0,Male,Self-Employed,High School,Urban,Education,Married,Good,0
APP101118,CUST11118,2023-12-29,43,50088.0,641.0,8,887654,72,2,1,32937.0,676377,5,Female,Self-Employed,Graduate,Semi-Urban,Personal,Married,Good,1
APP101119,CUST11119,2025-07-19,21,121937.0,610.0,11,1979096,24,4,0,25563.0,84372,4,Male,Salaried,Postgraduate,Urban,Education,Married,Average,1
APP101120,CUST11120,2024-09-03,60,94361.0,701.0,3,543301,36,0,0,79868.0,84722,2,Male,Salaried,Postgraduate,Semi-Urban,Vehicle,Married,Good,1
APP101121,CUST11121,2024-12-22,35,106229.0,789.0,27,1451170,36,2,0,42575.0,563720,1,Male,Salaried,Postgraduate,Semi-Urban,Education,Married,Excellent,1
APP101122,CUST11122,2023-12-09,41,153189.0,663.0,21,493884,36,1,2,12386.0,420973,1,Female,Self-Employed,Graduate,Urban,Business,Married,Good,0
APP101123,CUST11123,2023-05-15,29,108265.0,724.0,12,683654,12,5,1,64150.0,314332,4,Male,Self-Employed,Graduate,Urban,Vehicle,Married,Excellent,0
APP101124,CUST11124,2025-07-28,29,115718.0,634.0,6,1470798,24,1,2,34572.0,919593,4,Female,Salaried,Postgraduate,Semi-Urban,Home,Single,Excellent,1
APP101125,CUST11125,2025-09-04,30,78710.0,705.0,7,638141,60,0,0,40271.0,560404,0,Female,Salaried,Graduate,Rural,Personal,Single,Excellent,1
APP101126,CUST11126,2024-01-15,46,,784.0,27,235715,72,0,0,54810.0,434932,0,Female,Salaried,High School,Semi-Urban,Vehicle,Married,Excellent,0
APP101127,CUST11127,2023-02-07,61,48949.0,741.0,12,960226,24,5,0,69260.0,325882,0,Male,Salaried,Graduate,Urban,Home,Single,Average,1
APP101128,CUST11128,2025-02-19,55,171619.0,572.0,10,203405,24,0,0,81566.0,811888,3,Male,Salaried,Postgraduate,Rural,Home,Married,Good,0
APP101129,CUST11129,2023-11-06,45,86136.0,733.0,8,1507750,84,3,1,18138.0,139706,2,Female,Business,High School,Urban,Vehicle,Single,Excellent,0
APP101130,CUST11130,2023-04-16,46,129541.0,736.0,24,1675306,24,4,0,52369.0,578654,1,Female,Business,Graduate,Urban,Home,Married,Good,1
APP101131,CUST11131,2024-07-09,31,79842.0,703.0,23,464170,12,2,0,20646.0,394078,2,Male,,Graduate,Urban,Home,Married,Average,0
APP101132,CUST11132,2024-02-01,58,44990.0,740.0,15,1329331,72,5,0,33812.0,25856,4,Male,Self-Employed,Postgraduate,Urban,Business,Married,Good,1
APP101133,CUST11133,2023-06-02,22,165265.0,627.0,9,583963,12,1,0,81181.0,728355,5,Male,Salaried,High School,Urban,Education,Single,Poor,1
APP101134,CUST11134,2024-06-19,27,48109.0,695.0,10,1188166,72,1,0,19628.0,762370,2,Male,Business,Graduate,Semi-Urban,Business,Married,Good,1
APP101135,CUST11135,2025-09-22,38,148356.0,773.0,30,1469290,72,4,0,29486.0,495271,2,Female,Salaried,High School,Urban,Education,Single,Poor,1
APP101136,CUST11136,2025-08-23,47,168305.0,766.0,11,343805,84,0,1,44266.0,589903,0,Male,Contract,Graduate,Urban,Home,Married,Excellent,0
APP101137,CUST11137,2025-06-11,54,146133.0,731.0,27,1687153,12,0,0,51557.0,350270,4,Female,Salaried,Graduate,Urban,Education,Married,Good,0
APP101138,CUST11138,2024-08-05,47,19306.0,624.0,30,67184,72,1,0,89961.0,79137,2,Female,Salaried,High School,Semi-Urban,Business,Married,Good,0
APP101139,CUST11139,2023-07-20,37,21849.0,612.0,13,884395,24,4,0,82731.0,860437,1,Male,Self-Employed,Postgraduate,Urban,Personal,Single,Poor,0
APP101140,CUST11140,2023-01-12,63,30360.0,699.0,18,731182,12,1,0,89258.0,947295,0,Male,Salaried,Postgraduate,Urban,Personal,Married,Average,1
APP101141,CUST11141,2025-12-11,64,129072.0,704.0,11,505519,72,0,0,21494.0,829047,2,Male,Self-Employed,Graduate,Urban,Education,Single,Good,0
APP101142,CUST11142,2025-02-06,44,112767.0,682.0,17,257537,36,5,2,26571.0,529636,4,Male,Salaried,High School,Urban,Personal,Single,Excellent,1
APP101143,CUST11143,2025-07-08,45,72330.0,630.0,20,841699,12,2,0,39486.0,565707,5,Male,Salaried,Graduate,Urban,Vehicle,Married,Good,1
APP101144,CUST11144,2024-06-04,27,69707.0,723.0,16,233719,84,0,0,66635.0,401094,1,Male,Self-Employed,Postgraduate,Urban,Personal,Married,Excellent,0
APP101145,CUST11145,2023-04-10,26,36689.0,698.0,2,1095218,48,5,0,5125.0,803289,5,Male,Salaried,High School,Urban,Education,Married,Good,1
APP101146,CUST11146,2025-05-20,44,47084.0,712.0,0,1947822,12,2,0,53814.0,108053,4,Female,Salaried,Graduate,Urban,Home,Single,Good,1
APP101147,CUST11147,2024-01-01,53,58387.0,735.0,28,872457,12,3,1,24318.0,180101,4,Female,Business,Graduate,Urban,Business,Married,Good,1
APP101148,CUST11148,2024-10-18,49,92816.0,669.0,18,171246,12,4,0,67363.0,484130,4,Male,Contract,High School,Semi-Urban,Personal,Married,Average,1
APP101149,CUST11149,2023-06-10,63,20642.0,653.0,28,389749,72,5,0,48162.0,901040,5,Female,Self-Employed,Graduate,Semi-Urban,Education,Married,Excellent,1
APP101150,CUST11150,2025-01-30,42,60137.0,773.0,3,706341,12,3,0,12590.0,723574,3,Female,Business,Graduate,Semi-Urban,Business,Married,Good,0
APP101151,CUST11151,2023-06-24,46,80260.0,633.0,22,879868,48,0,1,39850.0,201610,1,Male,Contract,Graduate,Rural,Vehicle,Married,Good,1
APP101152,CUST11152,2024-06-28,48,164510.0,655.0,27,723832,60,4,1,17134.0,251877,4,Female,Self-Employed,Postgraduate,Rural,Home,Married,Good,0
APP101153,CUST11153,2024-04-21,41,66442.0,783.0,15,200408,12,5,0,30230.0,292802,3,Male,Contract,Postgraduate,Urban,Business,Married,Good,1
APP101154,CUST11154,2023-10-10,27,121061.0,649.0,30,1779523,36,0,0,20058.0,814699,0,Male,Salaried,Graduate,Urban,Business,Married,Excellent,0
APP101155,CUST11155,2025-08-14,37,152066.0,683.0,11,913624,48,4,1,84837.0,378142,3,Female,Self-Employed,Graduate,Rural,Education,Married,Poor,1
APP101156,CUST11156,2024-03-27,40,143844.0,659.0,20,1087004,60,4,1,32039.0,347033,0,Male,Salaried,Graduate,Urban,Vehicle,Single,Good,1
APP101157,CUST11157,2023-03-23,61,,,20,1336015,72,0,0,70820.0,727413,5,Male,Business,Graduate,Semi-Urban,Personal,Married,Excellent,1
APP101158,CUST11158,2025-03-26,40,19813.0,681.0,12,396655,12,0,0,43334.0,190070,3,Male,Business,High School,Rural,Vehicle,Married,Good,0
APP101159,CUST11159,2024-06-03,42,111027.0,614.0,16,583953,60,5,1,48525.0,244463,5,Female,Salaried,High School,Semi-Urban,Home,Married,Excellent,1
APP101160,CUST11160,2023-05-14,48,141489.0,709.0,7,732457,36,4,0,89194.0,130513,4,Female,Self-Employed,Postgraduate,Urban,Personal,Married,Excellent,0
APP101161,CUST11161,2024-03-22,60,102381.0,773.0,12,927709,48,5,0,33443.0,476927,3,Male,Business,Graduate,Semi-Urban,Vehicle,Single,Good,0
APP101162,CUST11162,2023-04-28,27,73276.0,524.0,19,1675338,48,4,1,8972.0,449747,3,Male,Business,Graduate,Urban,Home,Married,Excellent,1
APP101163,CUST11163,2025-01-18,21,59243.0,659.0,25,1825909,72,5,0,69936.0,653180,4,Female,Salaried,Graduate,Rural,Business,Married,Average,1
APP101164,CUST11164,2024-10-07,52,78272.0,724.0,4,468401,72,0,1,84215.0,320560,0,Female,Business,High School,Urban,Business,Single,Average,1
APP101165,CUST11165,2024-01-14,33,83618.0,526.0,17,1174487,72,0,0,34519.0,253583,4,Male,Salaried,Postgraduate,Urban,Business,Married,Good,1
APP101166,CUST11166,2024-08-30,50,19920.0,790.0,14,1191219,60,1,2,84914.0,952871,1,Female,Self-Employed,Postgraduate,Semi-Urban,Business,Married,Good,1
APP101167,CUST11167,2025-08-23,43,124121.0,718.0,11,866916,12,5,0,80864.0,153304,3,Male,Salaried,Graduate,Urban,Personal,Single,Good,1
APP101168,CUST11168,2024-06-08,39,94872.0,771.0,28,309383,24,1,1,60881.0,588336,1,Female,Salaried,Postgraduate,Urban,Business,Married,Excellent,0
APP101169,CUST11169,2024-07-29,52,99132.0,648.0,16,413309,48,1,0,29732.0,721797,4,Female,Salaried,High School,Urban,Personal,Married,Good,0
APP101170,CUST11170,2025-07-25,50,20093.0,657.0,24,226682,24,3,0,22673.0,578645,5,Female,Salaried,Postgraduate,Urban,Personal,Single,Good,1
APP101171,CUST11171,2024-10-23,49,30905.0,678.0,14,1804743,84,4,0,80909.0,686828,4,Female,Business,Graduate,Rural,Vehicle,Married,Excellent,1
APP101172,CUST11172,2025-05-25,65,139759.0,850.0,1,862267,48,2,1,10720.0,202128,2,Male,Salaried,Graduate,Urban,Business,Married,Good,0
APP101173,CUST11173,2023-01-12,49,173423.0,789.0,5,1849215,72,3,0,64115.0,254336,1,Male,Business,Graduate,Urban,Education,Single,Average,0
APP101174,CUST11174,2024-01-23,50,48981.0,700.0,16,146453,12,4,0,56940.0,550785,2,Female,Contract,,Semi-Urban,Business,Single,Average,1
APP101175,CUST11175,2023-03-24,36,91903.0,709.0,15,628078,12,2,0,10153.0,905441,1,Male,Business,Postgraduate,Urban,Education,Single,Excellent,0
APP101176,CUST11176,2025-09-02,60,88821.0,738.0,16,782320,48,1,0,76762.0,490679,5,Male,Salaried,Graduate,Semi-Urban,Business,Single,Excellent,0
APP101177,CUST11177,2024-01-31,39,127200.0,850.0,24,1894651,60,2,0,73512.0,11258,2,Female,Self-Employed,Graduate,Urban,Personal,Married,Excellent,1
APP101178,CUST11178,2024-06-28,38,,719.0,19,387990,84,0,2,43019.0,323103,2,Female,Salaried,Postgraduate,Urban,Business,Single,Average,0
APP101179,CUST11179,2024-10-22,21,134506.0,693.0,8,1510743,72,0,0,89833.0,564190,1,Male,Salaried,Graduate,Urban,Business,Married,Average,1
APP101180,CUST11180,2024-10-01,34,96513.0,665.0,26,535320,12,5,0,21587.0,544742,4,Female,Business,Graduate,Urban,Business,Married,Average,1
APP101181,CUST11181,2023-04-10,22,168946.0,708.0,4,458449,84,4,2,23206.0,42606,0,Male,Salaried,Postgraduate,Semi-Urban,Business,Single,Good,0
APP101182,CUST11182,2024-04-01,48,156746.0,646.0,22,587488,84,3,0,15736.0,449843,4,Female,Contract,Postgraduate,Urban,Vehicle,Married,Good,0
APP101183,CUST11183,2025-05-23,50,68516.0,727.0,0,626563,12,1,0,11971.0,322113,0,Male,,Graduate,Rural,Vehicle,Married,Good,0
APP101184,CUST11184,2023-11-24,58,87212.0,583.0,5,519284,36,4,0,61577.0,91465,1,Female,Salaried,Graduate,Semi-Urban,Personal,Married,Average,1
APP101185,CUST11185,2024-12-24,24,151498.0,670.0,23,1974009,84,1,0,80043.0,487929,3,Female,Salaried,Postgraduate,Urban,Personal,Single,Average,0
APP101186,CUST11186,2023-03-15,21,148970.0,745.0,13,1775227,12,0,0,30724.0,923289,4,Male,Business,High School,Rural,Education,Single,Good,0
APP101187,CUST11187,2023-04-02,28,108009.0,718.0,16,1403168,36,3,0,83694.0,340823,2,Female,Salaried,High School,Urban,Personal,Single,Good,0
APP101188,CUST11188,2023-11-26,49,179015.0,655.0,24,998084,12,3,1,60155.0,94628,4,Male,Salaried,Graduate,Semi-Urban,Vehicle,Single,Average,0
APP101189,CUST11189,2023-06-24,59,62816.0,673.0,18,665973,12,0,0,16108.0,970322,1,Male,Self-Employed,Graduate,Urban,Personal,Married,Excellent,1
APP101190,CUST11190,2023-11-11,23,22138.0,768.0,0,1513138,84,2,0,82613.0,385929,3,Female,Contract,Graduate,Urban,Education,Single,Average,1
APP101191,CUST11191,2024-05-11,52,109176.0,599.0,0,1895627,60,3,1,74711.0,780245,3,Female,Self-Employed,Graduate,Rural,Education,Single,Good,1
APP101192,CUST11192,2024-03-03,30,93945.0,600.0,12,1728318,60,2,0,61938.0,18635,4,Female,Salaried,High School,Rural,Vehicle,Married,Good,1
APP101193,CUST11193,2023-02-04,30,22017.0,620.0,13,1624630,72,1,2,73498.0,605806,4,Female,Salaried,Postgraduate,Semi-Urban,Personal,Single,Good,0
APP101194,CUST11194,2023-04-29,39,28451.0,689.0,26,1888557,12,3,0,84152.0,18409,5,Male,Business,Graduate,Urban,Education,Single,Good,1
APP101195,CUST11195,2025-07-13,54,111863.0,588.0,5,1772629,72,5,0,22751.0,184828,4,Male,Self-Employed,Graduate,Rural,Personal,Married,Good,1
APP101196,CUST11196,2025-04-07,53,28278.0,761.0,26,505235,72,0,0,75746.0,23541,1,Female,Contract,Graduate,Semi-Urban,Personal,Married,Poor,1
APP101197,CUST11197,2024-01-25,43,61764.0,621.0,5,1589250,72,2,0,37390.0,63022,0,Male,Salaried,Postgraduate,Urban,Vehicle,Single,Poor,1
APP101198,CUST11198,2023-06-25,48,141030.0,707.0,0,1879220,72,5,0,20993.0,74064,5,Female,Salaried,High School,Urban,Vehicle,Married,Good,1
APP101199,CUST11199,2023-04-16,52,150206.0,647.0,29,1992946,48,1,0,65403.0,172399,0,Male,Salaried,High School,Rural,Personal,Married,Good,1
APP101200,CUST11200,2024-08-14,27,80943.0,685.0,13,543496,84,1,0,31859.0,969392,2,Female,Self-Employed,Postgraduate,Rural,Business,Married,Good,1
APP101201,CUST11201,2025-07-02,49,113667.0,570.0,2,1933336,84,3,0,25878.0,226126,1,Female,Salaried,Postgraduate,Rural,Business,Married,Good,1
APP101202,CUST11202,2025-08-12,28,72318.0,765.0,22,1569493,48,3,0,85459.0,29946,5,Male,Contract,Graduate,Urban,Home,Single,Poor,1
APP101203,CUST11203,2025-08-10,21,121423.0,618.0,9,1318748,12,5,0,32100.0,626904,3,Female,Salaried,High School,Semi-Urban,Home,Married,Excellent,1
APP101204,CUST11204,2025-05-10,23,121998.0,610.0,18,1123877,48,4,0,67284.0,892673,5,Male,Salaried,Graduate,Urban,Home,Married,Excellent,1
APP101205,CUST11205,2023-05-07,44,78128.0,850.0,18,1667627,12,4,0,64976.0,134622,2,Female,Salaried,Graduate,Semi-Urban,Vehicle,Married,Average,1
APP101206,CUST11206,2025-04-03,43,39869.0,732.0,18,1250413,60,3,0,45023.0,947060,3,Male,Salaried,Postgraduate,Semi-Urban,Personal,Married,Excellent,1
APP101207,CUST11207,2023-08-22,28,23039.0,762.0,27,881219,84,4,0,52709.0,504658,5,Male,Self-Employed,Graduate,Urban,Education,Married,Average,1
APP101208,CUST11208,2024-10-28,57,170353.0,724.0,22,1106001,24,0,0,81553.0,370589,3,Male,Self-Employed,High School,Semi-Urban,Personal,Married,Excellent,0
APP101209,CUST11209,2025-07-19,23,130935.0,656.0,3,325001,36,5,0,59524.0,906841,4,Male,Salaried,Graduate,Urban,Personal,Married,Poor,0
APP101210,CUST11210,2023-05-17,53,28442.0,592.0,19,1282419,84,0,0,49974.0,656568,3,Female,Salaried,Graduate,Urban,Home,Married,Average,1
APP101211,CUST11211,2024-07-09,48,91788.0,668.0,18,1453719,48,4,2,51478.0,382755,5,Female,Self-Employed,Graduate,Urban,Personal,Married,Average,1
APP101212,CUST11212,2025-01-28,28,137729.0,617.0,9,1514236,48,3,0,58768.0,551063,3,Female,Business,Postgraduate,Semi-Urban,Home,Single,Poor,1
APP101213,CUST11213,2023-02-25,54,45586.0,621.0,26,833849,60,0,0,85396.0,225649,1,Male,Salaried,Graduate,Urban,Personal,Single,Excellent,1
APP101214,CUST11214,2023-12-22,55,71053.0,571.0,24,1664321,48,1,2,78622.0,923339,4,Female,Self-Employed,High School,Urban,Education,Single,Good,1
APP101215,CUST11215,2025-07-11,52,104346.0,699.0,1,545496,12,3,2,53544.0,449861,4,Female,Salaried,Graduate,Urban,Business,Single,Good,0
APP101216,CUST11216,2025-03-23,44,85087.0,808.0,3,785101,12,5,1,23050.0,433963,2,Female,Self-Employed,Graduate,Semi-Urban,Business,Married,Average,1
APP101217,CUST11217,2025-12-22,34,161697.0,732.0,23,443920,24,2,0,24784.0,703645,4,Female,Self-Employed,Graduate,Urban,Vehicle,Single,Excellent,0
APP101218,CUST11218,2025-12-22,52,52397.0,682.0,5,579740,24,2,0,16774.0,967388,0,Male,Salaried,Postgraduate,Semi-Urban,Education,Single,Average,0
APP101219,CUST11219,2025-03-16,63,76671.0,,29,161153,84,3,1,39968.0,511087,1,Female,Self-Employed,Graduate,Rural,Personal,Married,Excellent,0
APP101220,CUST11220,2025-11-18,36,134214.0,461.0,6,1923870,24,4,1,63236.0,414320,2,Female,Salaried,High School,Urban,Education,Single,Average,1
APP101221,CUST11221,2024-08-22,24,84897.0,658.0,15,242543,12,0,0,82678.0,19927,0,Male,Salaried,Graduate,Semi-Urban,Personal,Single,Good,0
APP101222,CUST11222,2024-07-21,57,175221.0,583.0,28,1036721,72,0,0,55135.0,140593,3,Female,Salaried,Graduate,Urban,Education,Married,Good,1
APP101223,CUST11223,2024-12-05,41,154355.0,700.0,6,1577850,72,3,2,28007.0,311230,0,Male,Salaried,High School,Urban,Education,Married,Good,0
APP101224,CUST11224,2024-09-03,34,156682.0,671.0,17,1379020,24,1,0,30158.0,150352,2,Female,Business,Graduate,Urban,Business,Single,Excellent,0
APP101225,CUST11225,2023-05-21,51,32924.0,625.0,19,450717,24,5,0,76587.0,68266,4,Male,Salaried,Graduate,Semi-Urban,Education,Married,Good,1
APP101226,CUST11226,2024-07-14,38,131143.0,698.0,25,1100421,12,4,0,9115.0,166825,1,Male,Business,Graduate,Rural,Vehicle,Single,Good,1
APP101227,CUST11227,2024-05-13,27,128253.0,698.0,25,1217918,60,1,0,89560.0,187600,2,Female,Salaried,Graduate,Rural,Personal,Married,Good,1
APP101228,CUST11228,2024-09-18,30,118297.0,804.0,21,875613,84,3,0,64317.0,511700,0,Female,Salaried,Graduate,Rural,Home,Single,Average,1
APP101229,CUST11229,2024-05-16,27,18869.0,741.0,18,500479,48,3,0,11371.0,447821,0,Female,Salaried,High School,Rural,Education,Married,Good,1
APP101230,CUST11230,2025-01-10,53,115088.0,706.0,8,811654,84,1,3,44355.0,991499,2,Female,Salaried,Graduate,Urban,Home,Single,Good,1
APP101231,CUST11231,2025-02-02,43,19014.0,619.0,28,1861868,36,2,0,48375.0,624259,5,Female,Contract,Postgraduate,Urban,Business,Married,Average,1
APP101232,CUST11232,2024-11-05,41,28103.0,609.0,19,1046270,72,3,0,79616.0,164149,5,Female,Self-Employed,Postgraduate,Urban,Home,Married,Average,1
APP101233,CUST11233,2023-02-18,39,128317.0,735.0,9,1816974,72,5,1,72419.0,254307,2,Male,Salaried,Postgraduate,Semi-Urban,Vehicle,Single,Excellent,1
APP101234,CUST11234,2024-09-18,39,100409.0,675.0,12,298850,12,4,0,75357.0,727044,5,Male,Contract,Graduate,Urban,Vehicle,Single,Average,1
APP101235,CUST11235,2024-11-10,56,41248.0,709.0,17,1837226,84,1,0,13338.0,906642,2,Male,Salaried,Graduate,Rural,Business,Married,Poor,1
APP101236,CUST11236,2023-10-04,49,178133.0,763.0,15,1346264,12,2,0,27007.0,435561,4,Male,Salaried,Graduate,Semi-Urban,Vehicle,Single,Poor,0
APP101237,CUST11237,2023-02-16,38,173242.0,577.0,21,608692,36,1,0,7477.0,953540,2,Female,Salaried,High School,Semi-Urban,Personal,Married,Average,1
APP101238,CUST11238,2025-07-14,22,26024.0,795.0,16,1645428,84,2,0,83671.0,709633,3,Male,Contract,Graduate,Urban,Vehicle,Single,Good,1
APP101239,CUST11239,2023-08-04,21,103947.0,763.0,21,1720762,36,2,0,47423.0,418218,1,Male,Self-Employed,Graduate,Urban,Education,Married,Good,0
APP101240,CUST11240,2023-08-18,25,168368.0,536.0,12,1024939,24,5,1,80973.0,984524,1,Male,Self-Employed,Postgraduate,Urban,Vehicle,Married,Good,1
APP101241,CUST11241,2023-11-19,40,109829.0,850.0,11,330371,84,4,1,53100.0,315584,3,Female,Self-Employed,Graduate,Rural,Personal,Single,Good,0
APP101242,CUST11242,2023-08-13,31,110708.0,714.0,9,1057800,36,3,0,80038.0,961902,0,Female,Self-Employed,Postgraduate,Urban,Business,Married,Good,0
APP101243,CUST11243,2023-02-15,62,104664.0,654.0,0,1619495,48,2,0,34236.0,762386,0,Female,Business,Graduate,Semi-Urban,Vehicle,Married,Good,1
APP101244,CUST11244,2025-11-03,22,167329.0,729.0,29,1193835,48,3,0,5368.0,909203,0,Male,Salaried,Graduate,Rural,Personal,Married,Good,0
APP101245,CUST11245,2024-09-24,23,161927.0,617.0,7,1223027,72,4,0,30839.0,195588,0,Female,Salaried,Postgraduate,Urban,Education,Single,Good,0
APP101246,CUST11246,2024-01-10,43,103178.0,731.0,20,490691,48,3,0,78098.0,600754,4,Male,Salaried,Graduate,Urban,Home,Married,Good,0
APP101247,CUST11247,2024-12-03,32,119121.0,630.0,21,1115791,84,5,1,12139.0,870356,3,Male,Business,Postgraduate,Semi-Urban,Home,Married,Good,0
APP101248,CUST11248,2025-09-13,40,38025.0,842.0,17,180577,48,5,0,32141.0,126411,1,Male,Self-Employed,High School,Semi-Urban,Business,Single,Average,0
APP101249,CUST11249,2023-11-29,25,153530.0,695.0,1,1881256,48,0,0,69262.0,583253,3,Female,Self-Employed,Graduate,Rural,Business,Single,Good,0
APP101250,CUST11250,2023-06-15,57,81610.0,739.0,15,121074,24,5,0,11704.0,548979,1,Female,Salaried,High School,Urban,Home,Single,Poor,0
APP101251,CUST11251,2024-05-21,58,88843.0,631.0,11,989203,72,2,0,6887.0,860610,0,Female,Salaried,High School,Urban,Home,Married,Good,1
APP101252,CUST11252,2023-04-27,50,125237.0,751.0,8,682909,12,4,1,16975.0,548489,4,Male,Business,Graduate,Urban,Business,Single,Excellent,0
APP101253,CUST11253,2025-07-31,29,148299.0,689.0,2,979958,72,5,1,5544.0,274565,2,Female,Salaried,Graduate,Semi-Urban,Home,Married,Excellent,1
APP101254,CUST11254,2024-09-27,54,23668.0,584.0,21,1802153,72,1,0,89984.0,634639,2,Female,Business,Graduate,Urban,Vehicle,Single,Good,1
APP101255,CUST11255,2024-04-01,64,91233.0,672.0,25,156759,72,4,0,51323.0,936058,5,Female,Salaried,Postgraduate,Semi-Urban,Personal,Single,Good,0
APP101256,CUST11256,2025-05-18,55,173489.0,835.0,20,1227047,36,2,3,55382.0,457044,0,Male,Self-Employed,Postgraduate,Urban,Business,Married,Average,1
APP101257,CUST11257,2023-08-04,42,99982.0,754.0,29,1906719,12,4,1,28926.0,455836,0,Male,Self-Employed,Graduate,Semi-Urban,Personal,Married,Average,1
APP101258,CUST11258,2023-04-23,64,124133.0,662.0,27,1506851,36,5,2,18333.0,338268,3,Male,Business,Graduate,Urban,Education,Married,Average,1
APP101259,CUST11259,2025-11-05,44,28751.0,550.0,3,1671262,24,1,0,21942.0,618595,4,Male,Salaried,Graduate,Urban,Education,Married,Good,1
APP101260,CUST11260,2023-08-04,37,64218.0,628.0,25,1886294,24,0,0,85220.0,882792,4,Female,Self-Employed,Postgraduate,Rural,Vehicle,Married,Good,1
APP101261,CUST11261,2024-03-02,30,144649.0,585.0,1,1263945,60,2,0,27447.0,249636,3,Female,Salaried,Postgraduate,Urban,Education,Married,Good,0
APP101262,CUST11262,2025-12-02,50,25352.0,552.0,7,682592,60,2,0,79397.0,604140,4,Male,Contract,Graduate,Urban,Business,Married,Good,1
APP101263,CUST11263,2025-02-02,43,106835.0,749.0,9,1203535,24,4,1,29833.0,851677,4,Female,Salaried,Graduate,Semi-Urban,Vehicle,Married,Good,1
APP101264,CUST11264,2023-10-11,52,115493.0,695.0,15,1337893,24,3,0,,899585,2,Male,Salaried,High School,Semi-Urban,Vehicle,Married,Good,1
APP101265,CUST11265,2025-04-13,37,46927.0,825.0,22,1780421,36,3,0,71586.0,244321,4,Female,Self-Employed,Graduate,Urban,Business,Married,Poor,1
APP101266,CUST11266,2025-12-19,37,119948.0,615.0,10,1420687,24,1,0,26530.0,50562,0,Female,Salaried,High School,Semi-Urban,Home,Married,Good,0
APP101267,CUST11267,2023-08-18,34,47493.0,690.0,17,1982811,84,0,1,52060.0,164306,2,Female,Business,Graduate,Urban,Personal,Single,Average,1
APP101268,CUST11268,2024-01-20,29,49707.0,585.0,21,1228321,12,0,0,86292.0,352466,0,Male,Salaried,Graduate,Urban,Business,Single,Good,1
APP101269,CUST11269,2023-06-08,60,156368.0,645.0,13,104583,36,4,0,74558.0,238708,0,Female,Salaried,High School,Urban,Home,Single,Good,0
APP101270,CUST11270,2025-04-03,22,174470.0,673.0,7,1746941,24,4,0,46104.0,413545,3,Female,Contract,Postgraduate,Rural,Home,Married,Average,0
APP101271,CUST11271,2024-04-15,65,53842.0,662.0,22,494846,36,3,0,7634.0,413914,5,Female,Contract,Graduate,Rural,Education,Single,Excellent,0
APP101272,CUST11272,2023-07-27,45,31261.0,694.0,14,1209935,36,5,0,70210.0,226935,4,Female,Salaried,High School,Urban,Vehicle,Single,Good,1
APP101273,CUST11273,2023-06-23,59,94709.0,763.0,16,1649950,48,0,0,12288.0,707969,4,Male,Salaried,Postgraduate,Urban,Vehicle,Married,Good,0
APP101274,CUST11274,2025-11-07,29,113985.0,755.0,20,721844,60,5,1,79528.0,283692,4,Male,Salaried,Postgraduate,Urban,Education,Married,Excellent,1
APP101275,CUST11275,2025-10-13,42,124616.0,632.0,17,773983,36,0,0,39253.0,962261,4,Male,Salaried,Graduate,Urban,Education,Single,Good,1
APP101276,CUST11276,2024-12-08,63,85173.0,688.0,5,678420,72,5,0,32005.0,260644,2,Female,Salaried,Graduate,Rural,Vehicle,Married,Good,1
APP101277,CUST11277,2025-09-01,24,49781.0,750.0,22,1613905,84,5,2,54824.0,594522,1,Female,Salaried,Graduate,Urban,Business,Single,Excellent,1
APP101278,CUST11278,2024-02-01,46,31652.0,768.0,29,1157839,84,0,3,82702.0,23340,0,Female,Business,High School,Urban,Business,Married,Average,1
APP101279,CUST11279,2025-08-31,49,23103.0,640.0,13,1772611,36,1,0,58574.0,598684,5,Male,Salaried,Graduate,Urban,Business,Married,Good,1
APP101280,CUST11280,2025-02-04,65,43500.0,743.0,22,1159240,72,1,0,22798.0,876127,5,Male,Self-Employed,High School,Urban,Business,Single,Good,1
APP101281,CUST11281,2024-11-07,54,118336.0,715.0,2,467896,84,4,0,65712.0,163937,1,Female,Self-Employed,Graduate,Urban,Education,Single,Good,1
APP101282,CUST11282,2024-05-31,43,131499.0,610.0,6,956906,48,5,0,34301.0,236144,1,Male,Self-Employed,Graduate,Semi-Urban,Personal,Single,Average,1
APP101283,CUST11283,2024-10-23,57,167524.0,750.0,14,1437688,24,5,3,60267.0,720127,1,Male,Salaried,Graduate,Urban,Personal,Single,Excellent,1
APP101284,CUST11284,2023-11-02,31,67393.0,701.0,20,1800062,36,5,0,,674103,2,Female,Self-Employed,Graduate,Urban,Vehicle,Single,Good,1
APP101285,CUST11285,2023-12-24,26,65406.0,559.0,23,1865594,48,5,0,8846.0,207834,1,Male,Business,Graduate,Urban,Personal,Married,Good,1
APP101286,CUST11286,2024-02-23,38,81059.0,668.0,30,446608,12,5,0,68571.0,607542,2,Female,Business,Graduate,Semi-Urban,Business,Single,Average,1
APP101287,CUST11287,2024-10-03,41,165026.0,693.0,27,505473,48,3,0,19481.0,639480,3,Male,Salaried,Graduate,Urban,Education,Married,Good,0
APP101288,CUST11288,2024-05-21,62,100722.0,645.0,15,1166380,60,2,0,47154.0,765285,3,Male,Salaried,Postgraduate,Urban,Business,Married,Excellent,0
APP101289,CUST11289,2023-11-08,56,,782.0,15,874832,60,5,0,56176.0,972438,5,Male,Business,Graduate,Urban,Home,Married,Good,1
APP101290,CUST11290,2024-12-04,61,146128.0,785.0,7,479767,24,3,0,61628.0,131658,3,Male,Self-Employed,Graduate,Urban,Education,Single,Good,1
APP101291,CUST11291,2023-09-02,58,20187.0,661.0,6,1913096,72,1,0,13048.0,265464,2,Female,Contract,Postgraduate,Urban,Home,Single,Excellent,1
APP101292,CUST11292,2024-04-21,54,95243.0,653.0,5,1309663,24,5,0,32386.0,193044,2,Female,Salaried,Postgraduate,Urban,Home,Married,Average,1
APP101293,CUST11293,2024-09-06,37,53098.0,680.0,1,992969,84,1,0,38336.0,292674,0,Male,Salaried,High School,Urban,Vehicle,Married,Excellent,1
APP101294,CUST11294,2024-03-11,57,170297.0,675.0,21,491371,72,4,0,28853.0,195408,1,Female,Salaried,High School,Urban,Home,Single,Excellent,0
APP101295,CUST11295,2023-09-07,45,152678.0,646.0,12,1186469,72,2,0,39713.0,588291,4,Male,Salaried,High School,Urban,Personal,Married,Excellent,0
APP101296,CUST11296,2025-11-11,58,75620.0,412.0,11,1890977,72,0,1,62690.0,824340,4,Female,Salaried,Graduate,Semi-Urban,Personal,Single,Good,1
APP101297,CUST11297,2024-04-21,32,144270.0,822.0,14,58981,72,2,0,21791.0,906839,1,Male,Business,Graduate,Semi-Urban,Home,Married,Good,1
APP101298,CUST11298,2024-05-25,43,175561.0,690.0,26,1512824,60,5,0,74764.0,72186,4,Female,Self-Employed,Graduate,Urban,Vehicle,Married,Excellent,0
APP101299,CUST11299,2025-02-12,62,32387.0,677.0,8,366235,84,5,0,82481.0,45653,4,Male,Salaried,Postgraduate,Semi-Urban,Home,Married,Average,1
APP101300,CUST11300,2025-07-12,42,87463.0,714.0,30,157154,60,2,0,46573.0,397647,4,Male,Business,High School,Semi-Urban,Education,Single,Excellent,0
APP101301,CUST11301,2025-12-01,41,151663.0,684.0,1,1385128,36,2,0,44899.0,778621,5,Female,Self-Employed,Graduate,Rural,Education,Single,Good,1
APP101302,CUST11302,2023-03-15,47,109683.0,658.0,16,1778177,84,4,0,19975.0,262426,2,Male,Self-Employed,Graduate,Semi-Urban,Education,Married,Excellent,1
APP101303,CUST11303,2025-03-19,51,80061.0,615.0,26,1098378,60,1,0,78247.0,183104,2,Male,Self-Employed,Postgraduate,Semi-Urban,Education,Married,Average,1
APP101304,CUST11304,2025-04-10,26,99257.0,552.0,28,884372,24,0,0,17105.0,825215,2,Male,Self-Employed,Graduate,Semi-Urban,Home,Single,Average,0
APP101305,CUST11305,2025-11-11,47,79753.0,588.0,4,1574730,60,2,0,54645.0,582823,1,Male,Salaried,High School,Urban,Business,Married,Average,1
APP101306,CUST11306,2023-08-08,60,102774.0,606.0,10,756465,84,0,0,35146.0,773354,3,Female,Self-Employed,High School,Urban,Business,Married,Excellent,1
APP101307,CUST11307,2023-03-20,54,160159.0,739.0,21,1290698,84,2,1,85774.0,898270,5,Female,Self-Employed,Graduate,Urban,Education,Single,Good,1
APP101308,CUST11308,2023-08-23,32,179888.0,744.0,18,1102233,24,1,0,8868.0,994332,5,Male,Salaried,Graduate,Urban,Vehicle,Married,Good,0
APP101309,CUST11309,2023-06-06,65,41408.0,624.0,23,857662,12,0,0,58537.0,355417,4,Male,Salaried,Postgraduate,Urban,Vehicle,Single,Good,1
APP101310,CUST11310,2023-11-23,27,142116.0,490.0,6,986184,84,3,0,49294.0,720887,0,Female,Salaried,Graduate,Urban,Home,Married,Good,1
APP101311,CUST11311,2024-10-03,30,149208.0,691.0,1,1312342,60,1,0,66264.0,261653,2,Female,Salaried,High School,Urban,Business,Married,Average,1
APP101312,CUST11312,2024-09-12,65,35413.0,658.0,15,659019,24,0,0,80596.0,816983,5,Male,Business,Graduate,Rural,Home,Married,Excellent,1
APP101313,CUST11313,2025-09-11,37,131650.0,657.0,11,223412,72,2,0,10433.0,834975,5,Male,Salaried,Postgraduate,Urban,Personal,Single,Good,1
APP101314,CUST11314,2025-11-09,46,77500.0,762.0,22,1789886,84,2,1,27612.0,417720,0,Female,Salaried,Graduate,Semi-Urban,Education,Married,Good,1
APP101315,CUST11315,2024-08-28,41,102514.0,700.0,14,713227,48,1,0,22822.0,938875,4,Male,Salaried,Postgraduate,Rural,Personal,Single,Good,0
APP101316,CUST11316,2025-05-13,48,74358.0,617.0,30,1832478,72,1,0,39120.0,580263,5,Female,Salaried,Graduate,Semi-Urban,Personal,Married,Excellent,1
APP101317,CUST11317,2025-01-18,22,84197.0,600.0,0,1102905,36,2,0,46004.0,222418,5,Female,Self-Employed,Graduate,Urban,Vehicle,Married,Excellent,1
APP101318,CUST11318,2025-07-03,63,94240.0,670.0,24,1055591,84,0,0,26294.0,820468,3,Female,Self-Employed,Postgraduate,Semi-Urban,Business,Married,Good,1
APP101319,CUST11319,2025-06-17,21,34322.0,622.0,12,1396585,24,3,0,89300.0,512914,0,Male,Salaried,Graduate,Urban,Education,Single,Poor,1
APP101320,CUST11320,2025-09-24,56,131053.0,685.0,22,772300,72,4,2,75096.0,348227,4,Female,Contract,Graduate,Urban,Home,Married,Poor,1
APP101321,CUST11321,2025-05-09,46,24968.0,767.0,5,1618473,60,1,0,87119.0,583044,4,Female,Salaried,High School,Rural,Education,Single,Excellent,1
APP101322,CUST11322,2024-07-26,49,45518.0,587.0,12,87869,60,2,1,86096.0,622027,2,Male,Self-Employed,High School,Urban,Home,Married,Excellent,1
APP101323,CUST11323,2023-02-07,41,69925.0,697.0,17,1296553,84,0,0,9424.0,915780,3,Female,Business,Graduate,Rural,Home,Single,Good,0
APP101324,CUST11324,2023-04-28,31,129900.0,759.0,2,548185,12,1,1,45615.0,276449,4,Female,Salaried,Graduate,Urban,Business,Single,Good,0
APP101325,CUST11325,2024-01-25,60,111422.0,684.0,0,1182560,48,0,1,31863.0,472565,3,Female,Contract,Graduate,Semi-Urban,Personal,Single,Average,0
APP101326,CUST11326,2024-11-10,31,19700.0,744.0,14,961604,84,1,0,34469.0,333580,2,Female,Business,Graduate,Urban,Home,Single,Good,1
APP101327,CUST11327,2024-01-12,56,111782.0,668.0,25,1199645,24,2,1,28184.0,270891,0,Female,Contract,Graduate,Rural,Business,Single,Good,0
APP101328,CUST11328,2025-04-28,59,41199.0,703.0,12,298577,72,0,0,40175.0,181096,5,Female,Salaried,High School,Urban,Personal,Single,Good,1
APP101329,CUST11329,2024-01-11,60,23520.0,723.0,4,926143,48,2,0,59649.0,710983,5,Male,Salaried,Graduate,Rural,Personal,Married,Excellent,1
APP101330,CUST11330,2024-08-17,55,127814.0,647.0,24,378396,12,0,0,68872.0,290389,1,Male,Business,Graduate,Urban,Education,Married,Good,0
APP101331,CUST11331,2025-01-16,54,141364.0,839.0,12,1440106,84,1,0,74327.0,925607,1,Male,Contract,Graduate,Semi-Urban,Education,Single,Good,1
APP101332,CUST11332,2025-12-01,44,32955.0,733.0,21,168728,36,4,1,37208.0,505038,1,Female,Contract,Graduate,Semi-Urban,Education,Single,Average,0
APP101333,CUST11333,2024-04-02,42,162989.0,788.0,4,573846,48,4,0,57445.0,463825,5,Female,Business,Graduate,Urban,Vehicle,Married,Excellent,0
APP101334,CUST11334,2025-11-17,25,82925.0,770.0,27,1124377,12,3,0,56998.0,119938,3,Female,Business,Graduate,Semi-Urban,Personal,Single,Good,1
APP101335,CUST11335,2025-01-10,53,125216.0,715.0,18,792647,84,3,0,61994.0,204105,1,Male,Salaried,Graduate,Urban,Vehicle,Married,Poor,1
APP101336,CUST11336,2024-09-20,56,88269.0,794.0,20,1858501,84,5,1,57463.0,427793,0,Male,Salaried,Graduate,Urban,Education,Married,Good,1
APP101337,CUST11337,2023-11-22,40,59458.0,704.0,23,1713573,24,2,2,64895.0,457962,4,Female,Salaried,Graduate,Semi-Urban,Business,Married,Average,1
APP101338,CUST11338,2024-09-10,39,107037.0,635.0,27,365414,84,0,0,80165.0,484764,3,Male,Salaried,Graduate,Rural,Education,Married,Good,1
APP101339,CUST11339,2023-11-21,55,170185.0,691.0,17,1563414,36,3,0,37894.0,144559,5,Male,Salaried,Graduate,Semi-Urban,Home,Married,Average,0
APP101340,CUST11340,2024-05-30,63,117977.0,615.0,20,891967,84,1,0,26990.0,971953,0,Female,Salaried,Graduate,Semi-Urban,Business,Single,Good,0
APP101341,CUST11341,2025-01-15,37,61939.0,532.0,21,305560,60,4,0,47580.0,886991,5,Male,Salaried,Graduate,Semi-Urban,Business,Single,Excellent,1
APP101342,CUST11342,2023-09-05,65,47345.0,626.0,9,818026,12,0,0,78230.0,750773,3,Male,Contract,Graduate,Rural,Personal,Single,Average,1
APP101343,CUST11343,2024-02-02,63,128107.0,695.0,23,782119,60,5,0,41087.0,574855,3,Male,Salaried,High School,Rural,Vehicle,Married,Average,1
APP101344,CUST11344,2024-08-04,54,139866.0,770.0,7,66220,84,4,0,13673.0,200921,3,Male,Salaried,High School,Semi-Urban,Home,Married,Good,0
APP101345,CUST11345,2023-07-22,29,87166.0,626.0,14,1374112,36,0,0,43199.0,259536,2,Female,Self-Employed,Postgraduate,Urban,Business,Married,Good,1
APP101346,CUST11346,2023-08-09,46,115406.0,766.0,20,1577379,12,3,0,37187.0,208125,4,Female,Business,High School,Urban,Vehicle,Single,Average,0
APP101347,CUST11347,2025-05-16,22,67298.0,599.0,24,445462,12,3,1,74914.0,770480,1,Male,Salaried,Graduate,Urban,Vehicle,Married,Excellent,1
APP101348,CUST11348,2023-09-20,29,62942.0,621.0,19,1380730,84,2,1,28553.0,903141,2,Male,Salaried,Postgraduate,Rural,Home,Single,Good,1
APP101349,CUST11349,2023-10-23,29,,799.0,27,176951,36,5,0,57287.0,265227,4,Male,Salaried,High School,Rural,Home,Married,Excellent,0
APP101350,CUST11350,2025-10-16,60,120811.0,694.0,24,1429078,24,0,1,48780.0,121322,5,Male,Salaried,Postgraduate,Semi-Urban,Education,Married,Excellent,1
APP101351,CUST11351,2023-10-19,37,72935.0,677.0,26,533419,12,5,0,87158.0,780053,1,Female,Salaried,High School,Rural,Education,Married,Good,1
APP101352,CUST11352,2024-11-14,21,140439.0,708.0,22,198306,36,1,0,6420.0,125717,2,Female,,High School,Urban,Business,Married,Average,0
APP101353,CUST11353,2025-05-25,45,26328.0,600.0,21,932622,48,5,0,52440.0,665975,2,Male,Business,High School,Semi-Urban,Business,Married,Average,1
APP101354,CUST11354,2025-11-20,63,33534.0,665.0,3,1738659,60,3,1,70876.0,605292,0,Male,Self-Employed,Graduate,Semi-Urban,Business,Married,Poor,1
APP101355,CUST11355,2025-12-03,60,103280.0,690.0,1,492667,12,2,0,49310.0,802311,2,Male,Salaried,Postgraduate,Urban,Education,Single,Excellent,1
APP101356,CUST11356,2024-07-08,62,54320.0,782.0,23,959222,48,3,0,48953.0,888923,3,Male,Salaried,Postgraduate,Semi-Urban,Business,Single,Good,0
APP101357,CUST11357,2023-12-15,45,67170.0,565.0,5,175223,12,4,0,9987.0,188068,5,Female,Salaried,Graduate,Urban,Business,Married,Excellent,0
APP101358,CUST11358,2023-08-07,59,118546.0,822.0,27,572886,24,3,0,50517.0,411294,2,Male,Salaried,High School,Semi-Urban,Education,Married,Excellent,0
APP101359,CUST11359,2025-10-19,55,98201.0,681.0,30,649493,84,0,1,37456.0,715135,3,Male,Self-Employed,Postgraduate,Semi-Urban,Education,Single,Good,1
APP101360,CUST11360,2024-03-25,23,26640.0,607.0,2,1513576,36,2,0,43180.0,533878,4,Female,Contract,Postgraduate,Rural,Business,Single,Excellent,1
APP101361,CUST11361,2024-05-18,57,179121.0,593.0,6,997176,12,0,1,67237.0,714460,4,Male,Salaried,Graduate,Semi-Urban,Business,Married,Good,1
APP101362,CUST11362,2023-03-27,64,154690.0,710.0,9,1099658,36,1,0,62505.0,278054,3,Female,Contract,Postgraduate,Urban,Vehicle,Single,Excellent,1
APP101363,CUST11363,2024-06-06,64,150992.0,589.0,22,1502940,72,1,2,78206.0,168048,0,Female,Contract,Postgraduate,Urban,Personal,Married,Good,1
APP101364,CUST11364,2024-04-05,50,61937.0,648.0,5,1257142,12,3,1,84302.0,288718,0,Male,Salaried,Graduate,Urban,Education,Married,Average,1
APP101365,CUST11365,2025-10-10,58,161279.0,671.0,15,911525,24,2,0,34681.0,701012,4,Female,Salaried,High School,Urban,Personal,Married,Average,0
APP101366,CUST11366,2024-09-21,54,,776.0,1,1412672,24,5,1,13323.0,486468,5,Male,Salaried,Postgraduate,Semi-Urban,Education,Married,Average,1
APP101367,CUST11367,2023-09-09,32,177988.0,766.0,23,86719,84,2,0,72393.0,38430,2,Male,Self-Employed,High School,Urban,Vehicle,Married,Average,1
APP101368,CUST11368,2023-01-18,39,88463.0,642.0,16,98737,84,2,3,52223.0,996239,4,Female,Salaried,Graduate,Semi-Urban,Personal,Married,Good,1
APP101369,CUST11369,2024-05-14,57,111500.0,674.0,12,1551245,48,2,0,65832.0,847059,4,Female,Salaried,High School,Urban,Vehicle,Single,Average,1
APP101370,CUST11370,2024-04-02,64,55158.0,570.0,0,157271,24,3,0,30247.0,786923,3,Female,Contract,Postgraduate,Urban,Home,Married,Average,1
APP101371,CUST11371,2023-04-25,37,102607.0,537.0,5,1793472,36,0,0,89076.0,57239,0,Male,Salaried,Graduate,Urban,Personal,Married,Excellent,1
APP101372,CUST11372,2025-01-22,30,137639.0,598.0,4,231676,72,3,0,13484.0,845345,5,Male,Salaried,Graduate,Urban,Personal,Single,Average,1
APP101373,CUST11373,2025-02-07,32,89696.0,774.0,24,1542625,24,5,1,35682.0,890404,3,Male,Business,High School,Urban,Personal,Single,Good,1
APP101374,CUST11374,2024-03-22,36,79510.0,749.0,12,642127,12,0,1,75459.0,360420,4,Male,Business,Graduate,Urban,Home,Single,Excellent,1
APP101375,CUST11375,2023-12-19,44,138076.0,719.0,27,884363,24,5,0,47019.0,407693,1,Male,Salaried,Postgraduate,Urban,Home,Married,Good,1
APP101376,CUST11376,2024-09-16,39,76692.0,581.0,22,1400645,72,4,0,86456.0,582060,2,Female,Salaried,Postgraduate,Urban,Vehicle,Single,Good,1
APP101377,CUST11377,2024-06-24,28,148841.0,637.0,17,232075,36,4,0,48263.0,70696,4,Female,Business,High School,Urban,Home,Married,Good,1
APP101378,CUST11378,2023-11-18,51,33810.0,,28,1540689,12,0,0,26938.0,703718,3,Female,Business,Graduate,Urban,Education,Single,Excellent,1
APP101379,CUST11379,2023-08-14,41,154198.0,678.0,11,137745,48,3,0,59890.0,180277,1,Male,Contract,Graduate,Urban,Business,Single,Good,0
APP101380,CUST11380,2023-12-27,37,179081.0,673.0,6,176298,48,5,0,18319.0,994500,1,Male,Salaried,Graduate,Urban,Personal,Single,Good,0
APP101381,CUST11381,2025-04-13,43,129718.0,615.0,14,667997,48,5,0,64432.0,460592,4,Male,Self-Employed,Postgraduate,Semi-Urban,Vehicle,Married,Poor,1
APP101382,CUST11382,2023-04-22,57,108932.0,716.0,2,354431,84,1,0,65772.0,218009,5,Male,Salaried,Graduate,Urban,Vehicle,Single,Average,1
APP101383,CUST11383,2023-07-31,36,18192.0,707.0,15,1844662,12,5,0,11900.0,367981,0,Male,Contract,Graduate,Semi-Urban,Vehicle,Single,Average,0
APP101384,CUST11384,2025-08-05,26,54413.0,635.0,0,476228,48,3,1,72696.0,421110,1,Female,Salaried,Graduate,Urban,Vehicle,Married,Excellent,1
APP101385,CUST11385,2023-06-08,28,161888.0,713.0,26,1730116,84,1,0,21236.0,894182,2,Male,Salaried,Graduate,Rural,Personal,Married,Good,1
APP101386,CUST11386,2024-07-25,45,,774.0,15,747143,24,3,0,69255.0,195991,3,Female,Salaried,High School,Urban,Vehicle,Married,Good,1
APP101387,CUST11387,2024-10-31,38,83048.0,797.0,23,421467,12,2,0,61485.0,509679,3,Male,Salaried,High School,Semi-Urban,Personal,Married,Good,1
APP101388,CUST11388,2025-06-29,45,141130.0,727.0,29,1053231,12,5,0,67293.0,502074,3,Female,Salaried,Graduate,Urban,Vehicle,Married,Excellent,1
APP101389,CUST11389,2025-10-19,32,68940.0,725.0,11,1560107,12,2,0,11221.0,905004,4,Male,Salaried,High School,Semi-Urban,Vehicle,Married,Good,0
APP101390,CUST11390,2024-02-08,35,58142.0,672.0,18,1837702,60,4,0,30294.0,769173,3,Male,Salaried,Graduate,Semi-Urban,Business,Married,Good,1
APP101391,CUST11391,2024-02-08,46,,767.0,26,1538283,84,4,0,15038.0,794350,3,Female,Salaried,Postgraduate,Urban,Education,Single,Good,1
APP101392,CUST11392,2024-08-23,61,179770.0,610.0,7,270013,36,0,1,58649.0,116683,2,Male,Business,High School,Urban,Home,Single,Excellent,1
APP101393,CUST11393,2023-07-12,65,159727.0,759.0,22,501800,60,5,0,28360.0,292773,0,Male,Salaried,Postgraduate,Rural,Home,Single,Good,0
APP101394,CUST11394,2025-09-26,46,179147.0,668.0,11,849235,60,1,0,13255.0,545987,5,Male,Business,Graduate,Rural,Home,Married,Average,0
APP101395,CUST11395,2024-06-06,52,158431.0,802.0,14,1279273,60,2,0,73235.0,903868,4,Female,Self-Employed,Graduate,Semi-Urban,Education,Married,Good,0
APP101396,CUST11396,2023-12-16,30,147048.0,734.0,1,1741683,36,3,0,53169.0,845416,4,Female,Salaried,High School,Rural,Personal,Married,Average,0
APP101397,CUST11397,2023-11-12,36,60056.0,,28,929793,60,5,1,5372.0,842795,3,Male,,High School,Urban,Home,Married,Good,1
APP101398,CUST11398,2025-07-31,27,69831.0,672.0,29,63698,48,0,1,58179.0,798501,2,Female,Business,High School,Semi-Urban,Home,Married,Average,0
APP101399,CUST11399,2025-07-01,37,77191.0,729.0,29,1002064,12,3,0,62649.0,636103,1,Female,Salaried,Graduate,Urban,Home,Married,Excellent,0
APP101400,CUST11400,2024-10-13,43,,726.0,16,65376,12,2,0,23898.0,976789,3,Female,Salaried,Graduate,Semi-Urban,Personal,Married,Good,0
APP101401,CUST11401,2024-09-26,46,126117.0,660.0,6,526870,84,5,2,55083.0,109726,3,Female,Salaried,Postgraduate,Semi-Urban,Education,Married,Good,0
APP101402,CUST11402,2025-10-07,41,32671.0,697.0,12,325261,24,2,0,28855.0,861495,4,Female,Salaried,Graduate,Urban,Education,Single,Poor,0
APP101403,CUST11403,2024-08-15,42,45048.0,757.0,0,286591,72,5,0,39758.0,286243,4,Male,Salaried,Graduate,Semi-Urban,Personal,Married,Good,1
APP101404,CUST11404,2024-03-19,27,43963.0,588.0,5,1023885,48,5,0,14607.0,980481,3,Male,Contract,Graduate,Urban,Business,Married,Good,1
APP101405,CUST11405,2024-09-12,34,61954.0,744.0,12,1529748,36,2,0,79089.0,544910,4,Male,Business,Graduate,Urban,Vehicle,Married,Excellent,0
APP101406,CUST11406,2025-01-25,35,113430.0,729.0,10,1147362,72,2,1,10383.0,424497,2,Female,Business,Graduate,Rural,Personal,Married,Good,0
APP101407,CUST11407,2024-05-11,27,18717.0,779.0,9,687293,12,3,0,65112.0,306577,1,Female,Salaried,Postgraduate,Rural,Vehicle,Single,Good,1
APP101408,CUST11408,2025-02-11,29,29676.0,636.0,15,1317426,60,0,0,5715.0,44875,1,Female,Contract,Graduate,Urban,Education,Single,Average,1
APP101409,CUST11409,2024-01-09,28,,690.0,26,378624,84,2,0,14837.0,217139,1,Male,Self-Employed,Postgraduate,Semi-Urban,Vehicle,Single,Good,1
APP101410,CUST11410,2023-07-03,43,136696.0,705.0,25,737055,84,4,2,62886.0,920813,3,Male,Business,Graduate,Urban,Home,Married,Good,0
APP101411,CUST11411,2023-02-01,49,148830.0,745.0,23,889665,24,0,0,55699.0,665492,5,Male,Salaried,Graduate,Urban,Vehicle,Married,Excellent,0
APP101412,CUST11412,2023-10-10,38,22994.0,722.0,22,1471742,24,4,1,84486.0,624220,3,Male,Salaried,Graduate,Rural,Vehicle,Married,Excellent,1
APP101413,CUST11413,2025-04-15,51,22234.0,597.0,19,1514294,12,3,0,78528.0,849448,3,Male,Business,High School,Urban,Education,Married,Good,0
APP101414,CUST11414,2025-05-22,50,87300.0,712.0,16,493226,48,2,1,31817.0,179311,2,Male,Salaried,Postgraduate,Urban,Business,Single,Good,1
APP101415,CUST11415,2024-11-16,59,61949.0,840.0,16,1085752,84,0,0,54803.0,590179,1,Male,Contract,Postgraduate,Urban,Vehicle,Single,Good,1
APP101416,CUST11416,2024-04-06,55,55405.0,736.0,3,1057845,72,2,0,83893.0,374110,4,Male,Salaried,Graduate,Urban,Education,Married,Average,1
APP101417,CUST11417,2025-05-20,38,52872.0,813.0,4,142529,24,5,0,75278.0,360487,4,Female,Contract,Postgraduate,Urban,Home,Married,Excellent,0
APP101418,CUST11418,2025-09-10,62,60215.0,768.0,27,1565697,12,2,1,65345.0,568838,0,Female,Salaried,High School,Semi-Urban,Vehicle,Married,Good,0
APP101419,CUST11419,2024-01-03,59,41185.0,792.0,22,1864360,48,0,0,18369.0,646583,0,Female,Salaried,Graduate,Urban,Vehicle,Married,Average,1
APP101420,CUST11420,2024-10-19,37,59153.0,713.0,13,1538281,12,2,0,65428.0,778380,5,Male,Self-Employed,Postgraduate,Urban,Home,Single,Good,1
APP101421,CUST11421,2023-06-15,34,95535.0,729.0,19,1723783,12,2,0,10044.0,294340,4,Male,Self-Employed,Graduate,Urban,Personal,Single,Good,1
APP101422,CUST11422,2025-09-26,51,151653.0,709.0,9,1968541,48,1,0,70123.0,217601,1,Male,Self-Employed,High School,Urban,Business,Single,Good,1
APP101423,CUST11423,2024-08-24,44,69717.0,690.0,13,524381,48,1,1,80824.0,845281,3,Female,Salaried,High School,Urban,Home,Single,Good,1
APP101424,CUST11424,2024-08-16,55,20763.0,746.0,27,522803,48,0,0,12261.0,227566,4,Male,Salaried,Graduate,Urban,Home,Married,Excellent,1
APP101425,CUST11425,2023-05-06,64,110910.0,651.0,0,1584851,12,0,1,23064.0,838790,5,Female,Salaried,Graduate,Urban,Home,Married,Excellent,1
APP101426,CUST11426,2023-02-07,65,73480.0,831.0,10,1821246,24,5,0,80335.0,44513,5,Female,Salaried,High School,Urban,Personal,Married,Excellent,1
APP101427,CUST11427,2023-12-14,54,136094.0,620.0,25,259870,36,5,3,74058.0,240010,4,Male,Self-Employed,Graduate,Urban,Home,Married,Average,0
APP101428,CUST11428,2025-01-06,23,174379.0,751.0,22,643695,36,2,0,18690.0,246943,0,Female,Salaried,High School,Semi-Urban,Personal,Married,Good,0
APP101429,CUST11429,2025-01-03,57,29064.0,793.0,17,1696673,12,4,0,7057.0,175100,1,Male,Salaried,Graduate,Urban,Business,Married,Poor,1
APP101430,CUST11430,2024-03-01,63,,677.0,15,329373,12,0,0,42589.0,347625,4,Female,Contract,Postgraduate,Urban,Personal,Married,Average,0
APP101431,CUST11431,2024-10-09,60,55548.0,607.0,28,616464,24,2,1,19559.0,93915,3,Male,Salaried,Graduate,Semi-Urban,Business,Single,Good,1
APP101432,CUST11432,2023-10-13,46,24476.0,777.0,26,669113,48,4,0,18692.0,916222,3,Male,Self-Employed,Graduate,Rural,Business,Married,Average,1
APP101433,CUST11433,2023-11-16,43,108101.0,705.0,17,970764,12,1,0,53429.0,43877,2,Male,Salaried,High School,Rural,Business,Married,Excellent,0
APP101434,CUST11434,2024-05-26,64,20382.0,751.0,7,1196131,84,5,1,70738.0,683185,3,Female,Salaried,Graduate,Rural,Education,Married,Good,1
APP101435,CUST11435,2023-08-13,59,176018.0,682.0,27,577433,60,0,1,21972.0,595739,4,Male,Self-Employed,High School,Rural,Business,Married,Poor,0
APP101436,CUST11436,2024-05-20,35,97698.0,820.0,9,1195865,48,2,1,46530.0,553136,4,Male,Salaried,Graduate,Semi-Urban,Personal,Married,Excellent,0
APP101437,CUST11437,2025-01-11,24,171407.0,531.0,25,1761738,84,1,0,80073.0,411885,3,Male,Salaried,High School,Rural,Education,Single,Good,1
APP101438,CUST11438,2025-10-25,49,63095.0,718.0,9,838695,12,3,0,72178.0,277019,0,Male,Business,Graduate,Semi-Urban,Home,Married,Excellent,1
APP101439,CUST11439,2024-04-12,42,147974.0,791.0,4,470129,60,1,1,6365.0,347533,1,Male,Business,Graduate,Urban,Home,Married,Good,0
APP101440,CUST11440,2025-07-26,45,45197.0,698.0,9,107788,84,2,0,70544.0,859393,5,Female,Business,Graduate,Urban,Vehicle,Married,Excellent,1
APP101441,CUST11441,2025-02-03,33,145619.0,713.0,17,1762091,72,5,0,54683.0,627264,4,Female,Self-Employed,Graduate,Semi-Urban,Business,Single,Good,0
APP101442,CUST11442,2023-06-12,38,40010.0,657.0,20,1754858,24,4,0,63896.0,955697,3,Female,Salaried,Graduate,Rural,Vehicle,Married,Average,1
APP101443,CUST11443,2024-10-14,53,173195.0,692.0,23,777591,60,3,2,23001.0,105091,5,Male,Salaried,High School,Urban,Business,Married,Excellent,0
APP101444,CUST11444,2025-06-19,36,105923.0,565.0,5,201744,12,3,0,11722.0,763312,3,Male,Business,High School,Urban,Business,Married,Average,0
APP101445,CUST11445,2025-03-18,65,151962.0,636.0,2,1268174,36,5,1,25100.0,21552,4,Male,Salaried,Graduate,Semi-Urban,Personal,Single,Excellent,1
APP101446,CUST11446,2023-03-23,62,148526.0,631.0,7,1930352,84,3,0,22460.0,169354,2,Female,Salaried,Graduate,Semi-Urban,Personal,Married,Excellent,0
APP101447,CUST11447,2024-04-25,64,127162.0,740.0,30,959251,12,0,1,66645.0,172275,1,Female,Salaried,High School,Rural,Home,Single,Good,0
APP101448,CUST11448,2024-05-30,22,138927.0,647.0,29,462230,36,2,0,74551.0,395826,4,Male,Salaried,Postgraduate,Rural,Education,Married,Average,1
APP101449,CUST11449,2023-07-06,55,26026.0,649.0,8,1696216,24,3,0,73498.0,238901,5,Female,Salaried,Graduate,Urban,Home,Single,Average,1
APP101450,CUST11450,2023-05-26,62,82925.0,662.0,4,534495,24,1,0,9840.0,744896,3,Female,Salaried,Graduate,Urban,Business,Married,Excellent,1
APP101451,CUST11451,2025-10-02,54,86842.0,634.0,28,1401044,48,4,1,55064.0,625626,2,Male,Self-Employed,High School,Urban,Education,Married,Excellent,1
APP101452,CUST11452,2023-06-01,50,51665.0,710.0,1,1606321,84,2,0,53105.0,81105,4,Female,Salaried,Graduate,Rural,Vehicle,Single,Average,1
APP101453,CUST11453,2023-04-03,33,27277.0,718.0,1,930507,48,5,1,10699.0,882234,1,Male,Self-Employed,Graduate,Urban,Business,Single,Good,1
APP101454,CUST11454,2025-11-20,33,66008.0,752.0,6,1325286,36,1,0,10922.0,860172,2,Female,Business,Graduate,Urban,Personal,Single,Excellent,1
APP101455,CUST11455,2024-06-23,38,32683.0,739.0,16,744058,36,0,0,29919.0,78301,5,Female,Salaried,Graduate,Urban,Home,Married,Good,1
APP101456,CUST11456,2024-10-10,52,149742.0,731.0,9,913601,24,3,0,63536.0,998736,3,Female,Salaried,Graduate,Urban,Home,Married,Average,0
APP101457,CUST11457,2024-08-24,52,166961.0,665.0,11,1908392,60,1,0,31508.0,423144,0,Male,Salaried,High School,Urban,Vehicle,Married,Excellent,1
APP101458,CUST11458,2023-02-18,55,96542.0,661.0,1,577800,36,2,0,30278.0,447126,1,Female,Salaried,Graduate,Rural,Home,Married,Excellent,1
APP101459,CUST11459,2024-06-24,59,72319.0,625.0,9,736860,36,1,0,19862.0,19679,2,Male,Self-Employed,Postgraduate,Semi-Urban,Home,Married,Good,0
APP101460,CUST11460,2023-06-05,49,110067.0,623.0,19,1222351,84,0,2,18598.0,104421,4,Female,Salaried,Postgraduate,Rural,Education,Married,Good,1
APP101461,CUST11461,2025-02-13,49,170711.0,705.0,0,128743,60,4,2,72434.0,39173,4,Male,Salaried,Postgraduate,Urban,Business,Married,Excellent,1
APP101462,CUST11462,2024-06-29,64,165705.0,636.0,3,397786,48,3,0,29774.0,836331,2,Male,Salaried,Graduate,Semi-Urban,Education,Single,Average,0
APP101463,CUST11463,2024-10-11,36,86975.0,800.0,12,441731,48,2,0,57384.0,315009,4,Male,Business,Postgraduate,Semi-Urban,Education,Married,Average,0
APP101464,CUST11464,2025-09-27,64,119158.0,687.0,11,654146,36,3,0,7822.0,43182,2,Female,Salaried,Postgraduate,Urban,Home,Single,Good,0
APP101465,CUST11465,2025-12-16,30,29577.0,803.0,10,1677664,84,3,2,42252.0,568397,1,Male,Business,Graduate,Urban,Business,Married,Excellent,1
APP101466,CUST11466,2023-06-24,50,95299.0,733.0,28,1554932,48,5,0,18052.0,664534,4,Female,Self-Employed,Graduate,Semi-Urban,Home,Single,Poor,0
APP101467,CUST11467,2023-01-27,45,38176.0,632.0,9,1723228,48,3,0,88574.0,415277,1,Male,Salaried,Graduate,Semi-Urban,Home,Single,Good,0
APP101468,CUST11468,2023-05-27,59,81972.0,685.0,14,1604109,72,1,0,87511.0,636334,3,Male,Salaried,,Urban,Education,Single,Good,1
APP101469,CUST11469,2025-05-17,40,138018.0,564.0,4,1363107,84,1,0,18269.0,751291,3,Male,Salaried,Postgraduate,Urban,Personal,Married,Poor,0
APP101470,CUST11470,2023-09-22,25,37996.0,704.0,24,237232,48,4,0,73577.0,463965,3,Male,,Graduate,Urban,Personal,Single,Average,0
APP101471,CUST11471,2023-09-15,21,118922.0,639.0,16,778927,24,0,0,,236042,3,Female,Salaried,Postgraduate,Urban,Education,Married,Good,0
APP101472,CUST11472,2025-04-06,50,104598.0,606.0,27,1231447,12,2,0,74915.0,594812,4,Female,Salaried,Graduate,Urban,Education,Single,Good,1
APP101473,CUST11473,2025-01-12,23,53931.0,804.0,4,169095,36,1,0,12661.0,198180,2,Male,Salaried,Graduate,Urban,Home,Single,Excellent,0
APP101474,CUST11474,2024-12-10,65,142168.0,767.0,1,1658412,36,3,0,69547.0,870244,4,Female,Self-Employed,Postgraduate,Urban,Business,Single,Average,0
APP101475,CUST11475,2025-12-29,34,141099.0,765.0,8,1001399,24,0,1,77503.0,734981,5,Female,Contract,Postgraduate,Semi-Urban,Home,Single,Average,0
APP101476,CUST11476,2025-11-14,50,52693.0,749.0,5,140450,12,2,0,65614.0,386086,4,Male,Self-Employed,Graduate,Rural,Home,Single,Good,0
APP101477,CUST11477,2023-08-07,24,126944.0,597.0,17,1728533,12,2,0,86210.0,902004,1,Female,Salaried,Postgraduate,Urban,Vehicle,Single,Average,0
APP101478,CUST11478,2024-07-14,38,35374.0,660.0,13,916603,24,2,0,18531.0,950985,2,Female,Contract,Graduate,Urban,Home,Single,Average,1
APP101479,CUST11479,2025-06-10,57,99471.0,665.0,18,1532171,60,2,0,,581226,0,Male,Salaried,Graduate,Urban,Business,Single,Excellent,1
APP101480,CUST11480,2025-11-29,45,63913.0,562.0,13,357558,60,4,0,58000.0,691636,0,Female,Salaried,Postgraduate,Semi-Urban,Home,Single,Good,1
APP101481,CUST11481,2024-08-19,21,141683.0,648.0,7,1695935,12,2,0,23565.0,523344,2,Male,Salaried,Postgraduate,Semi-Urban,Education,Married,Good,1
APP101482,CUST11482,2023-12-09,35,62516.0,649.0,16,1735672,60,0,0,5832.0,488349,0,Female,Salaried,Graduate,Semi-Urban,Business,Married,Average,1
APP101483,CUST11483,2024-05-17,29,105796.0,699.0,27,1599460,60,1,0,51978.0,331994,2,Male,Salaried,,Semi-Urban,Education,Single,Excellent,1
APP101484,CUST11484,2024-03-25,35,44069.0,850.0,2,1035848,60,0,0,87941.0,393337,1,Female,Self-Employed,Graduate,Rural,Vehicle,Single,Good,1
APP101485,CUST11485,2023-12-02,44,136333.0,688.0,28,1177167,12,3,0,15185.0,428817,1,Female,Salaried,Postgraduate,Rural,Vehicle,Married,Good,0
APP101486,CUST11486,2023-01-04,24,102811.0,699.0,9,798501,60,5,0,8492.0,55324,4,Female,Salaried,Postgraduate,Urban,Business,Single,Excellent,1
APP101487,CUST11487,2025-01-28,32,136028.0,671.0,16,1065807,36,4,0,63238.0,681624,0,Female,Salaried,Postgraduate,Rural,Personal,Married,Excellent,1
APP101488,CUST11488,2024-05-31,57,57178.0,745.0,26,316441,72,4,0,63859.0,870858,2,Female,Business,Graduate,Semi-Urban,Personal,Married,Good,0
APP101489,CUST11489,2023-08-26,57,50821.0,609.0,10,683801,12,3,0,49630.0,514958,1,Male,Contract,Graduate,Semi-Urban,Business,Single,Excellent,0
APP101490,CUST11490,2023-04-13,63,34999.0,832.0,7,922911,24,0,0,70824.0,444528,4,Female,Self-Employed,Postgraduate,Semi-Urban,Business,Single,Good,1
APP101491,CUST11491,2025-10-06,26,56712.0,,0,1197328,60,0,0,45584.0,572140,0,Male,Salaried,Graduate,Rural,Education,Single,Good,1
APP101492,CUST11492,2025-11-23,59,51722.0,660.0,12,186080,48,3,1,6076.0,970411,0,Male,Self-Employed,Graduate,Rural,Vehicle,Married,Good,0
APP101493,CUST11493,2024-06-01,44,28625.0,763.0,20,267885,12,5,0,39139.0,646791,0,Female,Salaried,Graduate,Urban,Business,Single,Good,0
APP101494,CUST11494,2024-03-15,31,24859.0,623.0,3,1476201,84,2,0,71610.0,157130,1,Male,Contract,Graduate,Urban,Home,Married,Good,1
APP101495,CUST11495,2023-08-13,33,128986.0,744.0,6,197892,24,2,0,42702.0,873089,1,Female,Business,Graduate,Rural,Education,Married,Excellent,0
APP101496,CUST11496,2024-07-18,54,39839.0,795.0,13,514764,72,1,2,32535.0,894932,0,Female,Salaried,Postgraduate,Urban,Vehicle,Single,Good,1
APP101497,CUST11497,2025-12-18,45,45216.0,672.0,4,203325,36,0,0,68737.0,304496,1,Female,Business,Graduate,Urban,Education,Single,Good,1
APP101498,CUST11498,2023-09-03,27,70953.0,844.0,23,472418,84,0,1,68705.0,272165,0,Female,Salaried,Graduate,Urban,Vehicle,Married,Average,1
APP101499,CUST11499,2025-07-16,24,67522.0,738.0,27,996740,24,3,1,74810.0,814046,3,Male,Salaried,Postgraduate,Semi-Urban,Home,Single,Excellent,1
APP101500,CUST11500,2025-08-10,28,153958.0,739.0,29,641444,60,3,0,33198.0,326275,1,Female,Self-Employed,Graduate,Semi-Urban,Vehicle,Single,Good,0
APP101501,CUST11501,2025-03-29,40,129249.0,792.0,10,1865824,48,2,0,64113.0,179022,2,Female,Salaried,Graduate,Urban,Education,Married,Excellent,1
APP101502,CUST11502,2023-08-04,49,25485.0,812.0,16,110263,60,0,0,50760.0,640101,1,Female,Contract,Graduate,Semi-Urban,Vehicle,Single,Excellent,0
APP101503,CUST11503,2023-10-10,65,165839.0,710.0,4,673540,24,0,0,62840.0,179492,0,Male,Salaried,High School,Rural,Education,Married,Good,1
APP101504,CUST11504,2024-07-26,30,130701.0,750.0,19,1217208,12,4,0,40276.0,531919,2,Male,Business,Postgraduate,Urban,Business,Single,Good,1
APP101505,CUST11505,2024-01-17,63,177525.0,795.0,2,1959863,84,1,0,82554.0,666705,4,Male,Self-Employed,Graduate,Urban,Home,Married,Good,1
APP101506,CUST11506,2025-12-04,54,120638.0,603.0,4,66575,48,1,0,66913.0,373544,2,Male,Business,Graduate,Rural,Education,Married,Poor,0
APP101507,CUST11507,2023-06-21,46,30226.0,560.0,25,1372924,84,2,0,63028.0,52674,2,Female,Salaried,Graduate,Rural,Personal,Single,Excellent,1
APP101508,CUST11508,2023-02-13,61,111405.0,686.0,14,1110528,84,5,1,78608.0,397467,1,Male,Salaried,Graduate,Urban,Personal,Single,Good,1
APP101509,CUST11509,2023-08-16,23,40588.0,558.0,18,1618402,48,0,0,18348.0,31844,5,Male,Business,Graduate,Semi-Urban,Vehicle,Single,Average,0
APP101510,CUST11510,2024-07-27,26,55019.0,666.0,15,1181899,24,4,2,51678.0,76836,2,Male,Self-Employed,Postgraduate,Semi-Urban,Business,Married,Excellent,1
APP101511,CUST11511,2023-11-13,25,83133.0,714.0,7,1805078,72,0,0,18952.0,895580,2,Male,Salaried,Graduate,Urban,Business,Married,Good,0
APP101512,CUST11512,2024-12-31,25,132444.0,669.0,12,1263520,72,3,0,5318.0,482312,0,Female,Salaried,High School,Rural,Personal,Single,Excellent,1
APP101513,CUST11513,2024-08-23,43,135603.0,679.0,15,734736,60,2,0,82354.0,796794,1,Female,Contract,Graduate,Urban,Vehicle,Married,Good,0
APP101514,CUST11514,2024-09-15,29,176598.0,615.0,2,1820020,24,5,1,31011.0,275241,0,Male,Business,Graduate,Semi-Urban,Business,Married,Good,1
APP101515,CUST11515,2024-04-11,55,,749.0,0,192712,48,1,0,23787.0,526387,1,Male,Self-Employed,Graduate,Urban,Business,Married,Good,0
APP101516,CUST11516,2023-10-24,40,61395.0,610.0,8,338581,24,0,1,68428.0,526718,4,Female,Business,High School,Rural,Vehicle,Single,Good,1
APP101517,CUST11517,2024-06-28,62,173103.0,532.0,30,177129,48,5,0,17516.0,665959,5,Female,Salaried,Postgraduate,Urban,Education,Married,Average,1
APP101518,CUST11518,2024-05-03,55,143814.0,674.0,8,924113,84,2,1,39055.0,751348,2,Female,Contract,Graduate,Urban,Personal,Married,Excellent,1
APP101519,CUST11519,2025-10-16,38,130599.0,759.0,21,828810,60,1,1,13752.0,707733,1,Female,Self-Employed,High School,Urban,Business,Married,Poor,0
APP101520,CUST11520,2023-08-03,37,43939.0,696.0,25,582191,12,0,1,71911.0,9258,2,Male,Salaried,Postgraduate,Urban,Education,Single,Excellent,1
APP101521,CUST11521,2025-10-22,44,169396.0,603.0,16,1313352,84,4,0,85506.0,620354,2,Male,Salaried,Postgraduate,Rural,Education,Single,Excellent,1
APP101522,CUST11522,2024-10-22,23,171939.0,698.0,23,601151,12,2,0,64850.0,189343,3,Female,Salaried,Graduate,Urban,Education,Married,Poor,0
APP101523,CUST11523,2024-10-15,52,18203.0,723.0,1,355525,24,0,0,22538.0,339320,0,Male,Self-Employed,High School,Semi-Urban,Education,Married,Average,1
APP101524,CUST11524,2025-03-12,55,165616.0,697.0,8,1913556,48,1,0,17657.0,566344,5,Male,Self-Employed,Graduate,Rural,Home,Single,Average,1
APP101525,CUST11525,2023-12-07,58,164971.0,670.0,29,493172,12,1,0,22843.0,284405,1,Male,Business,Graduate,Semi-Urban,Home,Married,Excellent,0
APP101526,CUST11526,2024-12-04,33,47063.0,726.0,23,1042030,84,4,1,86119.0,386317,4,Female,Contract,Graduate,Urban,Vehicle,Single,Average,1
APP101527,CUST11527,2024-02-11,45,108880.0,560.0,18,585755,48,2,0,26491.0,580984,5,Female,Salaried,Graduate,Semi-Urban,Personal,Single,Good,0
APP101528,CUST11528,2025-05-02,29,21748.0,623.0,12,370098,60,2,1,51431.0,173899,3,Female,Self-Employed,Graduate,Urban,Vehicle,Single,Average,1
APP101529,CUST11529,2023-11-02,24,135269.0,592.0,4,336045,84,5,0,68475.0,806573,0,Female,,Graduate,Urban,Home,Single,Poor,0
APP101530,CUST11530,2025-05-23,34,98764.0,791.0,8,1908309,24,0,0,47180.0,949256,4,Male,Salaried,Graduate,Urban,Vehicle,Married,Excellent,1
APP101531,CUST11531,2024-05-09,57,169956.0,743.0,12,807902,48,5,0,23540.0,94084,4,Female,Salaried,Postgraduate,Semi-Urban,Vehicle,Single,Good,0
APP101532,CUST11532,2024-07-31,54,174255.0,704.0,0,921612,24,1,1,76515.0,630192,2,Female,Salaried,Graduate,Semi-Urban,Education,Single,Average,0
APP101533,CUST11533,2024-06-24,31,126036.0,581.0,24,1692767,48,1,0,65635.0,98219,0,Male,Salaried,Graduate,Semi-Urban,Business,Married,Good,1
APP101534,CUST11534,2025-02-06,61,168331.0,746.0,14,416099,84,4,1,12943.0,581968,3,Female,Salaried,Postgraduate,Urban,Home,Single,Excellent,1
APP101535,CUST11535,2025-06-14,23,134525.0,794.0,3,983708,72,4,0,13911.0,548080,1,Male,Business,Graduate,Semi-Urban,Home,Married,Excellent,1
APP101536,CUST11536,2024-03-30,48,103679.0,733.0,3,594043,72,2,2,45254.0,960132,1,Female,Self-Employed,Graduate,Urban,Vehicle,Married,Good,0
APP101537,CUST11537,2023-10-26,49,143829.0,687.0,30,1420537,48,5,0,68000.0,375613,3,Male,Self-Employed,Postgraduate,Urban,Business,Single,Good,1
APP101538,CUST11538,2024-03-02,29,146216.0,737.0,19,838525,60,1,0,74305.0,320244,2,Male,Self-Employed,Graduate,Rural,Vehicle,Single,Excellent,0
APP101539,CUST11539,2024-12-16,23,151175.0,710.0,9,306094,24,0,0,7479.0,129118,2,Male,Salaried,Graduate,Urban,Personal,Married,Good,0
APP101540,CUST11540,2025-01-26,45,83901.0,759.0,27,512753,36,3,1,15112.0,203942,4,Male,Salaried,Postgraduate,Urban,Home,Married,Excellent,1
APP101541,CUST11541,2023-01-31,54,165175.0,758.0,24,1981327,48,0,0,75267.0,398983,0,Female,Salaried,Graduate,Rural,Education,Married,Excellent,0
APP101542,CUST11542,2023-11-28,32,116046.0,673.0,29,1383660,48,4,1,67612.0,818424,4,Male,Salaried,Postgraduate,Urban,Education,Married,Excellent,1
APP101543,CUST11543,2023-02-21,62,108012.0,640.0,5,749400,72,0,0,81897.0,395612,1,Male,Contract,Postgraduate,Semi-Urban,Education,Married,Average,0
APP101544,CUST11544,2023-08-31,29,96278.0,660.0,26,1004826,12,1,0,51809.0,34570,3,Female,Self-Employed,High School,Semi-Urban,Home,Single,Excellent,0
APP101545,CUST11545,2025-02-13,35,30391.0,730.0,23,1751578,84,5,0,37205.0,200769,0,Male,Salaried,Graduate,Urban,Home,Married,Average,1
APP101546,CUST11546,2024-11-16,60,120476.0,665.0,11,1190120,72,2,0,77604.0,213345,3,Male,Salaried,Postgraduate,Rural,Education,Single,Average,0
APP101547,CUST11547,2024-07-26,45,177973.0,634.0,29,1707301,24,5,0,11557.0,477124,0,Female,Self-Employed,Graduate,Semi-Urban,Home,Single,Good,1
APP101548,CUST11548,2025-05-21,25,138721.0,690.0,19,405113,72,3,1,41098.0,648859,5,Female,Self-Employed,Graduate,Urban,Education,Single,Excellent,0
APP101549,CUST11549,2024-11-30,31,115537.0,773.0,15,1205577,36,2,3,43790.0,91126,1,Female,Self-Employed,Graduate,Urban,Personal,Married,Average,0
APP101550,CUST11550,2024-06-02,54,99159.0,700.0,2,1186301,60,3,0,39826.0,518852,1,Male,Salaried,Graduate,Rural,Personal,Married,Good,1
APP101551,CUST11551,2024-08-17,44,149040.0,669.0,13,1476504,84,3,1,27074.0,372533,5,Male,Salaried,High School,Semi-Urban,Personal,Single,Excellent,1
APP101552,CUST11552,2023-10-10,35,53503.0,714.0,0,160675,36,1,0,37401.0,853012,0,Female,Salaried,Graduate,Semi-Urban,Vehicle,Single,Good,0
APP101553,CUST11553,2024-08-21,58,93403.0,696.0,9,144266,60,1,0,16565.0,792176,2,Female,Business,Graduate,Rural,Vehicle,Single,Excellent,0
APP101554,CUST11554,2023-05-28,28,82286.0,545.0,30,1369956,36,4,0,69702.0,228766,0,Female,Salaried,Graduate,Urban,Business,Single,Good,1
APP101555,CUST11555,2023-03-11,25,92842.0,742.0,14,909029,84,4,0,54926.0,680918,1,Male,Salaried,Postgraduate,Semi-Urban,Business,Married,Good,1
APP101556,CUST11556,2023-08-22,46,122927.0,721.0,6,1313772,72,3,0,85873.0,194933,3,Male,Self-Employed,High School,Rural,Business,Married,Good,1
APP101557,CUST11557,2024-11-09,38,32908.0,691.0,3,184974,36,5,0,16112.0,520102,4,Female,Salaried,Graduate,Urban,Personal,Married,Good,1
APP101558,CUST11558,2024-09-27,26,55228.0,770.0,13,673944,72,4,0,84297.0,299403,3,Male,Self-Employed,Graduate,Semi-Urban,Personal,Married,Poor,0
APP101559,CUST11559,2024-04-11,57,41386.0,781.0,23,346508,84,1,1,13885.0,777604,1,Male,Salaried,Postgraduate,Urban,Personal,Married,Good,0
APP101560,CUST11560,2024-07-10,33,46302.0,750.0,15,1729935,72,4,0,6376.0,419666,3,Male,Salaried,Graduate,Semi-Urban,Home,Single,Good,1
APP101561,CUST11561,2025-06-12,48,78815.0,626.0,13,1066487,24,3,2,10939.0,848381,2,Female,Business,Postgraduate,Semi-Urban,Home,Married,Average,1
APP101562,CUST11562,2025-04-15,25,81344.0,629.0,2,1455130,72,2,1,,697289,2,Female,Salaried,Graduate,Urban,Personal,Married,Good,1
APP101563,CUST11563,2024-09-09,33,129603.0,774.0,16,1249744,12,5,0,7846.0,575877,0,Male,Salaried,Graduate,Urban,Education,Married,Good,0
APP101564,CUST11564,2023-05-14,37,79114.0,,20,193092,36,5,0,77353.0,787223,3,Female,Salaried,High School,Urban,Business,Married,Average,1
APP101565,CUST11565,2023-01-08,60,43525.0,679.0,13,1681337,84,0,0,12430.0,342266,3,Male,Business,Graduate,Semi-Urban,Vehicle,Married,Average,1
APP101566,CUST11566,2023-01-28,65,97818.0,723.0,17,291472,48,4,2,31328.0,922790,1,Male,Self-Employed,Graduate,Semi-Urban,Business,Single,Good,0
APP101567,CUST11567,2025-02-21,52,132589.0,559.0,2,356297,48,5,3,16151.0,991287,0,Female,Contract,High School,Rural,Education,Single,Excellent,1
APP101568,CUST11568,2024-06-24,49,163406.0,708.0,29,1270925,48,1,1,64797.0,495726,0,Female,Business,Graduate,Urban,Home,Married,Good,1
APP101569,CUST11569,2024-09-18,23,112715.0,762.0,21,350646,84,2,0,,703922,3,Female,Business,Graduate,Rural,Personal,Married,Good,1
APP101570,CUST11570,2025-11-23,60,24644.0,579.0,18,65675,12,1,1,39484.0,206707,4,Male,Salaried,High School,Urban,Home,Married,Good,1
APP101571,CUST11571,2023-01-07,54,119154.0,814.0,2,1216960,72,4,0,32664.0,283531,3,Female,Business,High School,Urban,Home,Single,Good,1
APP101572,CUST11572,2023-02-09,60,61469.0,614.0,11,1176805,36,3,0,11780.0,905797,3,Male,Salaried,,Urban,Education,Married,Good,0
APP101573,CUST11573,2025-06-27,47,124609.0,733.0,21,663337,60,0,0,73867.0,27319,3,Male,Business,High School,Rural,Home,Married,Good,0
APP101574,CUST11574,2023-03-03,33,166447.0,684.0,4,757508,60,0,1,33604.0,660771,2,Male,Business,High School,Urban,Home,Married,Excellent,0
APP101575,CUST11575,2024-01-14,65,83206.0,695.0,9,1449877,84,2,2,22762.0,812161,5,Male,Self-Employed,Postgraduate,Urban,Business,Married,Average,1
APP101576,CUST11576,2023-11-18,53,114462.0,594.0,8,1318895,24,5,0,28765.0,614935,0,Male,Salaried,High School,Urban,Business,Single,Average,1
APP101577,CUST11577,2025-01-02,26,101178.0,785.0,0,1728575,12,5,1,68726.0,903534,5,Female,Self-Employed,Graduate,Semi-Urban,Education,Married,Average,1
APP101578,CUST11578,2025-04-18,44,173065.0,714.0,12,1732954,36,5,1,42043.0,807136,2,Male,Salaried,High School,Rural,Personal,Married,Good,1
APP101579,CUST11579,2024-02-23,39,104724.0,812.0,2,1978329,72,0,0,64051.0,932613,4,Male,Salaried,Postgraduate,Semi-Urban,Business,Married,Good,1
APP101580,CUST11580,2023-01-20,36,114393.0,596.0,18,776262,48,3,0,15556.0,465108,1,Female,Contract,Graduate,Urban,Home,Single,Average,0
APP101581,CUST11581,2024-02-16,60,145314.0,676.0,10,862897,12,5,0,84091.0,429388,4,Male,Salaried,High School,Rural,Vehicle,Married,Good,1
APP101582,CUST11582,2024-07-02,48,94312.0,706.0,15,1917294,12,1,0,15004.0,209957,0,Female,Salaried,Graduate,Rural,Business,Married,Good,1
APP101583,CUST11583,2024-08-27,53,93324.0,695.0,5,1153371,36,5,0,63956.0,416200,1,Male,Self-Employed,High School,Urban,Vehicle,Married,Excellent,1
APP101584,CUST11584,2023-12-23,61,89196.0,740.0,23,1468859,84,3,0,25810.0,163532,5,Female,Self-Employed,Graduate,Semi-Urban,Personal,Married,Good,0
APP101585,CUST11585,2023-07-20,33,88014.0,675.0,2,784543,72,2,1,,651133,4,Female,Business,Graduate,Urban,Home,Single,Average,1
APP101586,CUST11586,2025-12-07,63,157282.0,849.0,18,153845,84,2,0,81724.0,659605,0,Female,Self-Employed,High School,Semi-Urban,Business,Married,Excellent,0
APP101587,CUST11587,2025-02-03,65,159994.0,693.0,5,1410706,84,0,0,5247.0,436690,4,Female,Salaried,Graduate,Semi-Urban,Personal,Single,Good,0
APP101588,CUST11588,2023-08-19,45,51340.0,474.0,7,1010705,24,3,0,25762.0,573737,1,Female,Salaried,Graduate,Urban,Education,Married,Good,1
APP101589,CUST11589,2023-10-30,62,57850.0,696.0,21,1010819,84,1,0,50995.0,125247,1,Male,Salaried,Postgraduate,Rural,Personal,Single,Good,1
APP101590,CUST11590,2024-01-22,56,131711.0,785.0,12,1436116,72,3,2,64423.0,667556,4,Female,Salaried,Postgraduate,Urban,Education,Single,Excellent,1
APP101591,CUST11591,2024-12-15,47,29094.0,,11,1940186,24,1,0,84347.0,485209,2,Female,Business,Graduate,Semi-Urban,Education,Married,Average,1
APP101592,CUST11592,2025-07-13,58,105959.0,616.0,29,847177,24,1,0,74277.0,842966,4,Female,Salaried,Postgraduate,Rural,Business,Single,Excellent,1
APP101593,CUST11593,2023-02-27,27,23741.0,627.0,9,1877096,48,3,1,66969.0,18549,5,Male,Salaried,Graduate,Urban,Vehicle,Married,Average,1
APP101594,CUST11594,2024-03-09,25,129585.0,609.0,2,1352306,48,4,0,34052.0,14821,4,Female,Business,Postgraduate,Urban,Education,Single,Excellent,1
APP101595,CUST11595,2024-06-05,63,140564.0,654.0,3,1302002,36,3,1,54214.0,40564,4,Male,Salaried,Graduate,Urban,Home,Married,Excellent,1
APP101596,CUST11596,2025-02-06,65,86798.0,758.0,0,916069,72,1,0,39319.0,802505,2,Male,Salaried,Graduate,Semi-Urban,Business,Married,Average,1
APP101597,CUST11597,2025-04-08,51,134026.0,804.0,12,972532,84,5,0,76842.0,12282,3,Female,Self-Employed,Postgraduate,Rural,Education,Married,Average,1
APP101598,CUST11598,2024-04-27,43,128130.0,508.0,23,279333,24,2,1,73541.0,765615,1,Male,Salaried,Postgraduate,Urban,Business,Single,Poor,1
APP101599,CUST11599,2024-01-02,62,40164.0,662.0,3,622854,36,2,0,73858.0,721506,5,Male,Self-Employed,High School,Urban,Home,Single,Excellent,1
APP101600,CUST11600,2025-06-07,30,48257.0,713.0,21,880154,24,0,0,86544.0,417405,0,Male,Business,High School,Urban,Business,Single,Good,1
APP101601,CUST11601,2025-06-01,52,163283.0,705.0,10,923055,12,2,0,45765.0,377110,1,Male,Contract,Postgraduate,Semi-Urban,Business,Married,Excellent,0
APP101602,CUST11602,2024-02-15,63,113989.0,832.0,18,423218,60,4,0,29870.0,210855,1,Male,Salaried,Graduate,Semi-Urban,Education,Married,Excellent,0
APP101603,CUST11603,2023-07-02,50,154304.0,539.0,10,649262,60,1,1,17466.0,15771,3,Female,Salaried,Postgraduate,Urban,Personal,Married,Excellent,1
APP101604,CUST11604,2023-06-07,59,70691.0,496.0,11,526908,24,3,1,50284.0,328636,1,Male,Self-Employed,Postgraduate,Urban,Business,Married,Excellent,0
APP101605,CUST11605,2023-01-13,51,97768.0,845.0,10,396228,36,3,0,55034.0,966229,1,Male,Salaried,Postgraduate,Urban,Education,Married,Average,0
APP101606,CUST11606,2024-07-19,38,174685.0,747.0,5,220951,48,4,0,38161.0,682594,2,Male,Salaried,Graduate,Urban,Home,Single,Excellent,1
APP101607,CUST11607,2025-05-21,56,32026.0,647.0,11,1516559,72,2,1,73275.0,225354,2,Male,Salaried,Graduate,Urban,Home,Single,Good,1
APP101608,CUST11608,2024-07-08,22,48908.0,703.0,26,298595,24,1,1,65811.0,563384,2,Male,Self-Employed,Graduate,Urban,Personal,Married,Good,1
APP101609,CUST11609,2024-11-08,34,37610.0,708.0,8,1727281,24,2,0,,17236,2,Female,Business,Postgraduate,Semi-Urban,Home,Single,Excellent,1
APP101610,CUST11610,2025-05-12,33,81185.0,645.0,24,1953107,72,0,1,66314.0,580832,2,Male,Contract,Graduate,Urban,Education,Married,Poor,1
APP101611,CUST11611,2024-09-09,49,90567.0,701.0,9,229729,84,2,0,58626.0,303065,5,Male,Business,Graduate,Urban,Personal,Single,Good,1
APP101612,CUST11612,2023-07-23,32,54182.0,717.0,2,1238146,48,0,0,83730.0,291720,0,Male,Salaried,Postgraduate,Semi-Urban,Education,Single,Average,1
APP101613,CUST11613,2025-08-14,59,134136.0,841.0,2,254739,24,3,2,74767.0,136238,3,Female,Self-Employed,Graduate,Rural,Personal,Married,Poor,0
APP101614,CUST11614,2023-10-29,22,149642.0,762.0,19,1385827,12,1,0,56929.0,150724,4,Female,Salaried,Postgraduate,Semi-Urban,Personal,Married,Poor,1
APP101615,CUST11615,2025-12-02,52,37288.0,820.0,27,734153,48,5,0,71937.0,417854,5,Female,Contract,Graduate,Urban,Education,Married,Average,1
APP101616,CUST11616,2025-03-05,33,96824.0,589.0,22,970200,12,0,0,13086.0,544521,2,Male,Contract,High School,Rural,Personal,Married,Good,0
APP101617,CUST11617,2024-08-19,47,178949.0,664.0,15,890271,60,2,0,67582.0,269029,3,Male,Contract,Graduate,Urban,Education,Single,Excellent,1
APP101618,CUST11618,2024-12-29,61,102425.0,708.0,2,1712105,72,2,0,71065.0,582808,4,Male,Business,Graduate,Urban,Home,Single,Good,0
APP101619,CUST11619,2024-05-20,37,18917.0,546.0,9,1646261,48,3,1,45779.0,231972,1,Male,Salaried,Postgraduate,Rural,Home,Married,Good,1
APP101620,CUST11620,2024-09-30,60,93602.0,779.0,23,1630568,84,4,0,28462.0,216316,5,Male,Self-Employed,High School,Semi-Urban,Business,Married,Average,1
APP101621,CUST11621,2023-07-10,51,82575.0,738.0,10,1087763,48,5,0,52769.0,104203,1,Male,Contract,Postgraduate,Semi-Urban,Vehicle,Single,Average,0
APP101622,CUST11622,2025-06-17,54,90518.0,662.0,7,1089528,36,4,0,60878.0,957520,3,Male,Self-Employed,Postgraduate,Urban,Vehicle,Married,Good,1
APP101623,CUST11623,2023-03-01,44,,676.0,5,1901450,36,2,0,21956.0,639047,0,Male,Business,High School,Urban,Home,Married,Excellent,1
APP101624,CUST11624,2023-03-03,65,167134.0,784.0,19,769148,72,4,0,87563.0,205020,0,Male,Contract,Postgraduate,Urban,Business,Single,Excellent,1
APP101625,CUST11625,2023-10-29,55,34999.0,630.0,10,1228152,84,5,0,49555.0,463026,3,Male,Self-Employed,Graduate,Urban,Vehicle,Married,Good,1
APP101626,CUST11626,2024-09-29,26,159013.0,787.0,27,59765,48,5,0,50602.0,147841,0,Male,Salaried,Postgraduate,Urban,Education,Married,Excellent,1
APP101627,CUST11627,2025-09-25,39,79169.0,671.0,26,1476548,60,1,2,10605.0,479699,0,Female,Salaried,High School,Urban,Education,Single,Good,1
APP101628,CUST11628,2023-06-21,50,172542.0,747.0,20,60002,84,4,0,81213.0,441363,1,Female,Salaried,Postgraduate,Urban,Personal,Married,Good,0
APP101629,CUST11629,2023-03-04,27,147744.0,697.0,11,1882717,24,1,2,21938.0,666809,0,Female,Salaried,Graduate,Semi-Urban,Vehicle,Married,Excellent,1
APP101630,CUST11630,2025-02-10,30,128684.0,850.0,15,1896398,72,2,0,64502.0,440395,0,Female,Salaried,Postgraduate,Rural,Education,Married,Good,0
APP101631,CUST11631,2023-01-16,61,77821.0,623.0,17,225508,84,2,1,57545.0,761796,3,Male,Self-Employed,Graduate,Semi-Urban,Vehicle,Married,Good,1
APP101632,CUST11632,2024-11-21,52,153601.0,647.0,12,1357022,72,2,0,48534.0,635747,0,Female,Salaried,Graduate,Semi-Urban,Personal,Single,Good,0
APP101633,CUST11633,2025-04-21,54,30192.0,577.0,21,527698,84,3,1,20009.0,275280,5,Female,Contract,High School,Urban,Home,Single,Poor,1
APP101634,CUST11634,2025-06-17,48,92102.0,608.0,2,1085044,36,4,0,35246.0,759023,2,Female,Salaried,High School,Urban,Business,Married,Excellent,0
APP101635,CUST11635,2025-07-21,35,132894.0,743.0,14,295620,60,0,2,33185.0,863418,2,Female,Business,Graduate,Urban,Personal,Married,Good,0
APP101636,CUST11636,2023-06-24,50,104795.0,810.0,21,580929,72,5,0,51642.0,834431,3,Female,Salaried,Postgraduate,Urban,Personal,Single,Average,0
APP101637,CUST11637,2024-02-21,57,84677.0,752.0,27,1525501,60,0,1,14185.0,94567,2,Male,Self-Employed,High School,Semi-Urban,Personal,Single,Good,1
APP101638,CUST11638,2024-03-26,49,153699.0,690.0,20,1209695,72,2,1,69366.0,822484,1,Female,Self-Employed,Postgraduate,Rural,Business,Married,Good,0
APP101639,CUST11639,2025-04-15,42,152327.0,623.0,13,482525,36,4,0,24843.0,459497,5,Female,Business,Postgraduate,Rural,Education,Married,Good,1
APP101640,CUST11640,2023-10-07,24,154285.0,757.0,17,1376344,24,1,0,22505.0,409562,5,Male,Salaried,Graduate,Urban,Vehicle,Single,Good,1
APP101641,CUST11641,2023-09-01,40,120412.0,619.0,30,1108542,36,0,0,33022.0,718037,3,Female,Salaried,Graduate,Rural,Home,Married,Excellent,1
APP101642,CUST11642,2024-11-05,52,37404.0,589.0,27,270422,72,2,1,66609.0,806284,0,Male,Salaried,Postgraduate,Urban,Home,Single,Good,0
APP101643,CUST11643,2023-05-26,56,,667.0,28,1263837,60,0,0,59261.0,906850,2,Male,Salaried,High School,Urban,Business,Single,Good,0
APP101644,CUST11644,2025-12-26,24,174452.0,537.0,13,1169877,12,0,0,21439.0,864035,1,Male,Salaried,Graduate,Urban,Home,Single,Good,0
APP101645,CUST11645,2023-04-13,47,168245.0,586.0,4,689411,36,5,0,85196.0,429701,3,Male,Salaried,High School,Semi-Urban,Business,Married,Good,1
APP101646,CUST11646,2023-11-06,37,41989.0,831.0,20,1509015,60,0,0,79385.0,735585,3,Female,Self-Employed,Postgraduate,Semi-Urban,Business,Married,Good,1
APP101647,CUST11647,2023-04-27,32,126106.0,572.0,13,545521,84,2,0,75272.0,897503,0,Female,Business,Graduate,Urban,Vehicle,Married,Good,0
APP101648,CUST11648,2025-02-01,42,42519.0,601.0,24,1438903,84,5,0,40377.0,29272,4,Male,Contract,Graduate,Urban,Vehicle,Single,Good,1
APP101649,CUST11649,2025-01-07,37,40439.0,695.0,26,808912,36,2,0,8909.0,401979,2,Female,Salaried,Graduate,Urban,Business,Married,Excellent,1
APP101650,CUST11650,2023-07-06,30,136570.0,699.0,7,1103535,72,3,0,19867.0,588375,1,Male,Salaried,Graduate,Urban,Vehicle,Single,Good,1
APP101651,CUST11651,2025-02-23,21,32995.0,672.0,27,1065024,84,3,0,69685.0,503448,3,Female,Business,High School,Rural,Education,Married,Excellent,1
APP101652,CUST11652,2024-12-07,42,41559.0,540.0,27,362946,60,3,0,5794.0,846280,2,Female,Salaried,Postgraduate,Rural,Personal,Married,Good,0
APP101653,CUST11653,2025-05-25,46,107049.0,754.0,22,1055252,24,0,0,88481.0,35075,1,Male,Salaried,Graduate,Rural,Home,Single,Good,1
APP101654,CUST11654,2025-03-06,38,154093.0,657.0,30,1746989,60,4,0,63527.0,820124,5,Female,Self-Employed,Graduate,Urban,Home,Single,Excellent,1
APP101655,CUST11655,2024-04-17,34,116000.0,782.0,14,1484515,84,2,0,20369.0,97085,5,Male,Self-Employed,Graduate,Urban,Home,Married,Average,0
APP101656,CUST11656,2024-07-09,49,170191.0,642.0,27,77215,84,3,2,28807.0,857846,1,Male,Business,Graduate,Rural,Home,Married,Good,0
APP101657,CUST11657,2024-11-12,32,57350.0,764.0,28,105046,48,4,0,15856.0,689208,5,Female,Contract,Graduate,Rural,Education,Single,Excellent,1
APP101658,CUST11658,2023-04-04,56,43517.0,787.0,14,1088470,12,3,0,11795.0,387314,3,Female,Contract,Postgraduate,Urban,Education,Married,Excellent,1
APP101659,CUST11659,2025-01-05,55,171322.0,655.0,29,1856129,72,3,0,36063.0,232349,2,Male,Business,Postgraduate,Semi-Urban,Personal,Single,Good,1
APP101660,CUST11660,2025-02-28,32,107132.0,756.0,18,1089089,60,4,0,65951.0,24268,1,Male,Business,High School,Urban,Business,Single,Good,1
APP101661,CUST11661,2023-02-07,27,77546.0,590.0,25,1455313,84,3,0,,393031,3,Female,Salaried,High School,Rural,Vehicle,Married,Average,0
APP101662,CUST11662,2025-02-20,49,123686.0,710.0,19,477310,72,0,1,15149.0,343467,2,Female,Business,Postgraduate,Urban,Personal,Married,Good,1
APP101663,CUST11663,2024-04-26,31,106151.0,782.0,5,1792605,36,0,0,31328.0,646273,2,Female,Salaried,High School,Rural,Home,Single,Average,1
APP101664,CUST11664,2023-04-21,53,21327.0,729.0,18,217198,36,5,0,74098.0,177692,3,Female,Business,Graduate,Urban,Vehicle,Single,Excellent,1
APP101665,CUST11665,2024-02-14,26,138318.0,850.0,26,391180,60,0,0,38623.0,495423,2,Male,Salaried,Graduate,Semi-Urban,Personal,Married,Good,0
APP101666,CUST11666,2024-02-01,35,178840.0,733.0,24,1994872,48,1,1,47255.0,606160,4,Female,Salaried,Graduate,Urban,Home,Married,Average,0
APP101667,CUST11667,2023-02-11,52,133945.0,663.0,7,1743197,84,5,0,41389.0,884706,1,Female,Salaried,Graduate,Urban,Personal,Married,Good,1
APP101668,CUST11668,2023-02-10,31,64830.0,850.0,5,1639636,60,3,0,9206.0,525317,1,Male,Salaried,Graduate,Urban,Home,Married,Excellent,0
APP101669,CUST11669,2024-02-03,43,70446.0,813.0,19,626231,24,1,0,68565.0,307283,2,Female,Salaried,Graduate,Semi-Urban,Home,Married,Good,0
APP101670,CUST11670,2023-07-01,46,164232.0,570.0,22,381012,48,2,0,25897.0,451353,3,Male,Salaried,Graduate,Urban,Education,Single,Poor,1
APP101671,CUST11671,2025-01-13,54,176302.0,631.0,28,1410575,84,4,1,84687.0,301181,0,Male,,Postgraduate,Semi-Urban,Home,Married,Good,1
APP101672,CUST11672,2024-12-18,54,158148.0,612.0,14,727578,84,2,0,9370.0,83434,5,Female,Business,High School,Urban,Personal,Single,Good,1
APP101673,CUST11673,2024-04-08,49,87341.0,738.0,26,675412,72,1,0,29045.0,153750,2,Female,Business,Graduate,Urban,Vehicle,Married,Good,1
APP101674,CUST11674,2025-12-09,24,49085.0,733.0,2,1048512,60,0,0,57584.0,965555,0,Male,Business,Graduate,Semi-Urban,Education,Married,Excellent,0
APP101675,CUST11675,2023-10-25,37,73571.0,732.0,9,1417925,84,3,0,53671.0,23141,2,Male,Business,Postgraduate,Urban,Vehicle,Married,Good,1
APP101676,CUST11676,2023-05-25,55,163787.0,568.0,14,710319,72,5,0,20326.0,473908,0,Female,Contract,Graduate,Rural,Business,Married,Excellent,1
APP101677,CUST11677,2023-01-16,33,146308.0,642.0,23,264051,84,3,1,72777.0,815592,2,Male,Self-Employed,Postgraduate,Semi-Urban,Vehicle,Married,Good,0
APP101678,CUST11678,2025-12-11,61,23750.0,679.0,15,488350,12,0,0,35639.0,411051,3,Male,Self-Employed,Graduate,Semi-Urban,Business,Married,Average,1
APP101679,CUST11679,2023-04-17,59,131931.0,553.0,16,600162,48,3,0,65874.0,538671,5,Male,Business,Postgraduate,Urban,Business,Married,Good,1
APP101680,CUST11680,2023-08-07,35,96768.0,625.0,18,705295,60,4,0,44766.0,109882,0,Male,Salaried,Graduate,Urban,Education,Married,Poor,0
APP101681,CUST11681,2025-07-23,49,53903.0,792.0,10,575589,12,4,1,26278.0,160636,4,Male,Salaried,Graduate,Rural,Vehicle,Married,Excellent,1
APP101682,CUST11682,2023-12-03,49,109036.0,573.0,15,1418737,60,4,0,76980.0,898981,3,Male,Business,Postgraduate,Urban,Home,Single,Good,1
APP101683,CUST11683,2025-07-09,31,105954.0,799.0,4,1666183,24,2,2,73551.0,745121,5,Male,Salaried,Graduate,Rural,Education,Married,Average,1
APP101684,CUST11684,2024-01-06,52,101014.0,772.0,4,794976,36,0,0,85439.0,436700,2,Female,Salaried,Postgraduate,Urban,Education,Single,Excellent,1
APP101685,CUST11685,2025-09-24,22,135305.0,668.0,25,1315867,72,4,0,44583.0,56556,0,Male,Salaried,High School,Urban,Home,Married,Excellent,1
APP101686,CUST11686,2025-03-20,34,174410.0,641.0,13,1062696,60,1,0,75400.0,483698,5,Female,Business,Graduate,Semi-Urban,Vehicle,Married,Good,1
APP101687,CUST11687,2023-09-11,40,50101.0,752.0,17,334599,48,4,0,14676.0,950784,1,Male,Contract,Postgraduate,Rural,Education,Single,Good,0
APP101688,CUST11688,2024-08-02,42,20775.0,631.0,25,709472,60,5,0,9234.0,703142,3,Female,Salaried,Postgraduate,Urban,Business,Single,Poor,1
APP101689,CUST11689,2024-09-27,31,129497.0,635.0,7,1417753,60,2,0,26340.0,448639,0,Male,Salaried,Postgraduate,Urban,Home,Single,Good,0
APP101690,CUST11690,2025-11-19,47,63619.0,688.0,4,1602859,60,1,0,89259.0,162367,3,Female,Salaried,Graduate,Semi-Urban,Personal,Single,Average,1
APP101691,CUST11691,2023-07-04,23,168611.0,530.0,6,1601870,84,0,0,13526.0,849028,0,Female,Self-Employed,Postgraduate,Urban,Education,Married,Average,0
APP101692,CUST11692,2024-04-18,37,75124.0,581.0,30,1288008,60,0,0,77378.0,103236,1,Female,Salaried,High School,Urban,Business,Married,Excellent,1
APP101693,CUST11693,2025-09-11,64,83149.0,666.0,15,525634,84,5,0,39626.0,904856,4,Female,Salaried,High School,Urban,Vehicle,Married,Average,0
APP101694,CUST11694,2025-09-10,48,44616.0,726.0,22,419068,48,4,1,6207.0,237144,1,Male,Salaried,High School,Semi-Urban,Vehicle,Single,Good,1
APP101695,CUST11695,2024-05-16,49,79799.0,630.0,13,1131311,48,1,0,87844.0,365289,2,Male,Salaried,Postgraduate,Semi-Urban,Home,Single,Excellent,1
APP101696,CUST11696,2025-05-23,41,108221.0,675.0,4,909213,60,5,1,67420.0,250117,3,Male,Salaried,Graduate,Rural,Business,Married,Average,1
APP101697,CUST11697,2023-12-16,36,132879.0,569.0,23,1339783,84,1,0,57097.0,342431,4,Male,Self-Employed,Postgraduate,Urban,Home,Married,Good,1
APP101698,CUST11698,2023-03-01,57,43479.0,760.0,8,178305,36,4,0,69414.0,455169,3,Female,Salaried,High School,Urban,Education,Married,Good,0
APP101699,CUST11699,2025-05-28,40,117165.0,707.0,3,1821577,60,4,2,10429.0,472680,5,Male,Self-Employed,Graduate,Urban,Home,Single,Good,1
APP101700,CUST11700,2024-04-09,26,73863.0,713.0,3,1730913,72,3,0,58591.0,863110,0,Male,Salaried,Graduate,Urban,Personal,Single,Excellent,0
APP101701,CUST11701,2023-11-07,39,100569.0,727.0,15,464927,72,3,0,12591.0,837387,2,Male,Salaried,Graduate,Urban,Home,Single,Good,0
APP101702,CUST11702,2025-07-19,25,164480.0,696.0,23,1366350,48,4,0,43660.0,318224,2,Male,Salaried,Graduate,Semi-Urban,Home,Married,Good,0
APP101703,CUST11703,2025-08-22,23,34351.0,654.0,16,1164064,72,2,0,82313.0,873225,3,Female,Self-Employed,Graduate,Urban,Education,Married,Good,1
APP101704,CUST11704,2023-10-07,21,,775.0,14,184278,72,5,1,45459.0,725290,2,Male,Self-Employed,High School,Semi-Urban,Business,Married,Average,1
APP101705,CUST11705,2024-12-11,58,62825.0,702.0,3,572059,24,3,1,83084.0,945154,3,Male,Business,Graduate,Rural,Personal,Single,Good,0
APP101706,CUST11706,2025-08-24,35,29349.0,678.0,5,892721,60,4,0,67099.0,370861,0,Female,,High School,Rural,Home,Married,Excellent,1
APP101707,CUST11707,2024-11-25,54,62254.0,689.0,15,331097,60,1,0,67848.0,945716,0,Female,Salaried,Graduate,Urban,Education,Married,Excellent,0
APP101708,CUST11708,2025-06-28,55,56225.0,688.0,28,1461652,60,5,1,83405.0,334870,3,Male,Salaried,High School,Urban,Education,Married,Average,1
APP101709,CUST11709,2024-07-20,45,30453.0,677.0,3,1764004,60,3,0,9661.0,726898,1,Female,Salaried,Graduate,Urban,Education,Married,Good,1
APP101710,CUST11710,2023-09-28,44,167886.0,723.0,5,308946,12,2,0,49802.0,572170,1,Male,Salaried,High School,Rural,Business,Married,Poor,0
APP101711,CUST11711,2025-09-06,32,167335.0,620.0,4,128930,60,5,0,23782.0,28038,0,Male,Salaried,Graduate,Rural,Home,Single,Good,1
APP101712,CUST11712,2025-12-12,38,95694.0,625.0,15,236988,84,5,0,54179.0,865062,4,Male,Salaried,Graduate,Rural,Vehicle,Single,Excellent,1
APP101713,CUST11713,2025-04-20,35,33735.0,732.0,29,1361787,48,0,1,6898.0,813883,1,Male,Self-Employed,,Semi-Urban,Personal,Married,Excellent,1
APP101714,CUST11714,2025-09-30,64,164902.0,,24,1411378,84,1,0,83455.0,729648,3,Female,Business,Graduate,Urban,Vehicle,Married,Good,0
APP101715,CUST11715,2023-08-28,36,65893.0,763.0,15,626453,48,2,0,45068.0,60352,0,Female,Salaried,Postgraduate,Rural,Business,Married,Good,1
APP101716,CUST11716,2023-12-27,47,145006.0,721.0,9,392925,12,2,0,72963.0,549809,2,Female,Salaried,Postgraduate,Rural,Home,Married,Excellent,0
APP101717,CUST11717,2025-01-03,28,63066.0,649.0,8,190931,60,2,1,81303.0,331452,2,Female,Business,Graduate,Rural,Vehicle,Single,Good,1
APP101718,CUST11718,2025-05-01,45,152445.0,733.0,3,1652028,36,1,0,88956.0,975358,1,Male,Salaried,Postgraduate,Urban,Vehicle,Married,Average,0
APP101719,CUST11719,2025-05-09,37,159407.0,780.0,28,154946,84,2,1,63654.0,753664,4,Female,Business,Graduate,Urban,Vehicle,Married,Average,0
APP101720,CUST11720,2024-12-01,49,172813.0,724.0,13,1310561,60,0,1,41123.0,125631,5,Female,Contract,Graduate,Urban,Personal,Single,Good,1
APP101721,CUST11721,2025-04-15,28,28692.0,740.0,3,964012,48,3,0,61198.0,828638,1,Male,Business,Graduate,Rural,Home,Single,Average,0
APP101722,CUST11722,2025-04-02,35,63541.0,677.0,11,807730,84,1,0,57872.0,861395,4,Male,Salaried,Graduate,Rural,Education,Married,Excellent,0
APP101723,CUST11723,2023-04-07,47,84983.0,764.0,23,411395,24,2,0,9902.0,655695,1,Female,Self-Employed,Graduate,Urban,Home,Single,Excellent,0
APP101724,CUST11724,2023-11-23,27,168655.0,646.0,9,1643637,72,4,0,31850.0,928060,2,Male,Self-Employed,Graduate,Semi-Urban,Vehicle,Single,Excellent,1
APP101725,CUST11725,2023-03-14,23,171837.0,715.0,30,500511,24,3,1,53554.0,373980,4,Male,Salaried,Graduate,Urban,Home,Single,Excellent,1
APP101726,CUST11726,2025-09-20,49,172978.0,850.0,3,608227,36,5,0,48034.0,285916,2,Male,Business,Graduate,Urban,Education,Married,Average,1
APP101727,CUST11727,2025-09-20,64,138747.0,730.0,17,973618,60,1,0,69843.0,164135,3,Female,Salaried,High School,Urban,Personal,Married,Excellent,0
APP101728,CUST11728,2023-11-29,44,103103.0,658.0,12,934907,12,4,0,13280.0,896728,3,Female,Business,Graduate,Urban,Home,Married,Good,0
APP101729,CUST11729,2024-04-02,23,168592.0,658.0,12,301442,60,5,1,85490.0,551997,0,Female,Salaried,Postgraduate,Urban,Home,Single,Good,0
APP101730,CUST11730,2025-01-03,40,43566.0,685.0,13,1373538,36,4,0,51814.0,186924,2,Male,Salaried,Graduate,Urban,Personal,Married,Good,1
APP101731,CUST11731,2025-05-25,35,91193.0,754.0,30,1370055,36,2,0,62465.0,927887,2,Female,Self-Employed,Graduate,Semi-Urban,Personal,Single,Good,1
APP101732,CUST11732,2025-05-07,45,179206.0,701.0,17,1600147,72,1,0,51973.0,792665,0,Male,Salaried,Postgraduate,Urban,Vehicle,Single,Good,0
APP101733,CUST11733,2023-04-09,50,159417.0,641.0,0,367152,36,2,0,42729.0,294290,3,Female,Salaried,Graduate,Rural,Vehicle,Single,Good,0
APP101734,CUST11734,2025-01-01,34,139015.0,641.0,20,1694609,24,5,0,37800.0,134205,3,Male,Salaried,Postgraduate,Semi-Urban,Personal,Single,Average,1
APP101735,CUST11735,2025-07-13,27,148956.0,701.0,15,748508,72,0,0,79423.0,657731,4,Male,Salaried,Postgraduate,Semi-Urban,Education,Single,Excellent,0
APP101736,CUST11736,2023-09-01,37,88744.0,693.0,14,1355021,60,4,0,83871.0,318594,4,Female,Self-Employed,Graduate,Rural,Vehicle,Single,Excellent,1
APP101737,CUST11737,2024-10-23,64,51455.0,724.0,21,315721,84,0,0,76713.0,685073,5,Female,Salaried,High School,Urban,Education,Single,Good,0
APP101738,CUST11738,2025-10-02,40,177090.0,759.0,24,123916,60,5,2,46206.0,179830,3,Female,Salaried,High School,Urban,Personal,Married,Good,1
APP101739,CUST11739,2024-01-02,56,72219.0,850.0,4,1758012,12,2,0,8926.0,347469,5,Female,Salaried,Graduate,Urban,Home,Single,Good,1
APP101740,CUST11740,2024-05-13,29,63991.0,580.0,28,476141,36,3,0,65445.0,204538,1,Male,Salaried,Postgraduate,Urban,Personal,Married,Poor,0
APP101741,CUST11741,2023-04-23,58,91616.0,742.0,5,1073585,36,4,0,48056.0,475864,2,Female,Self-Employed,Graduate,Urban,Personal,Married,Average,0
APP101742,CUST11742,2025-08-02,42,105438.0,697.0,5,109314,48,3,0,80690.0,279518,4,Male,Salaried,Postgraduate,Semi-Urban,Business,Single,Average,0
APP101743,CUST11743,2025-11-13,22,134841.0,552.0,2,1926213,72,1,0,73495.0,55985,1,Male,Business,High School,Semi-Urban,Personal,Married,Good,1
APP101744,CUST11744,2023-10-10,44,158558.0,784.0,15,454311,48,4,3,89147.0,822444,4,Female,Salaried,Postgraduate,Urban,Vehicle,Married,Excellent,1
APP101745,CUST11745,2024-02-05,28,76870.0,722.0,11,1736447,72,0,0,39161.0,613347,0,Male,Salaried,Graduate,Urban,Home,Single,Average,1
APP101746,CUST11746,2024-07-21,31,104694.0,750.0,3,659003,24,3,0,64251.0,291927,2,Female,Self-Employed,Graduate,Urban,Education,Single,Average,1
APP101747,CUST11747,2025-12-13,33,61856.0,563.0,0,286576,72,5,0,23407.0,413779,5,Female,,High School,Urban,Business,Married,Good,1
APP101748,CUST11748,2024-12-14,37,119407.0,673.0,3,106680,60,1,0,83561.0,310337,5,Female,Salaried,Graduate,Semi-Urban,Vehicle,Married,Average,1
APP101749,CUST11749,2024-02-26,28,49379.0,609.0,0,1126976,12,4,0,76600.0,266204,4,Male,Salaried,Graduate,Urban,Home,Married,Poor,1
APP101750,CUST11750,2025-04-28,41,82729.0,850.0,30,556367,84,5,2,61714.0,277186,3,Female,Salaried,High School,Rural,Education,Single,Good,0
APP101751,CUST11751,2024-04-19,38,177450.0,776.0,20,681633,72,1,0,11639.0,64031,5,Female,Salaried,,Semi-Urban,Home,Married,Excellent,0
APP101752,CUST11752,2024-02-09,50,72353.0,639.0,26,1821282,72,0,0,7478.0,48163,0,Male,Self-Employed,Graduate,Urban,Vehicle,Married,Good,1
APP101753,CUST11753,2023-02-05,38,32031.0,575.0,26,1185686,72,5,2,69546.0,879788,0,Female,Salaried,Graduate,Urban,Home,Married,Poor,0
APP101754,CUST11754,2023-12-24,51,83982.0,705.0,7,1742984,12,4,0,78465.0,363932,3,Female,Salaried,Graduate,Urban,Personal,Married,Good,1
APP101755,CUST11755,2024-07-11,58,54683.0,772.0,23,340706,36,1,0,67876.0,924712,0,Male,Contract,Graduate,Rural,Home,Single,Good,0
APP101756,CUST11756,2025-12-03,52,132091.0,560.0,4,1008167,12,2,0,46941.0,241929,2,Female,Business,Postgraduate,Rural,Personal,Single,Good,1
APP101757,CUST11757,2023-11-16,31,135797.0,620.0,29,68510,36,4,0,34974.0,18796,4,Male,Salaried,Postgraduate,Urban,Vehicle,Single,Excellent,1
APP101758,CUST11758,2025-01-07,65,166690.0,607.0,25,1684472,84,4,0,49183.0,620250,0,Male,Salaried,Postgraduate,Semi-Urban,Business,Married,Good,1
APP101759,CUST11759,2024-10-19,45,24587.0,755.0,1,515705,60,4,1,13418.0,523299,2,Male,Salaried,Graduate,Urban,Personal,Single,Good,1
APP101760,CUST11760,2024-04-16,53,80790.0,662.0,11,1412902,12,4,1,88186.0,420886,3,Male,Salaried,Graduate,Urban,Home,Married,Average,1
APP101761,CUST11761,2024-06-08,58,49480.0,665.0,21,809987,36,2,1,62148.0,291464,4,Male,Salaried,Graduate,Semi-Urban,Home,Married,Average,1
APP101762,CUST11762,2023-01-25,61,169599.0,703.0,16,601171,60,5,0,84919.0,287218,3,Male,Salaried,Graduate,Rural,Home,Single,Average,0
APP101763,CUST11763,2024-10-01,28,41569.0,624.0,6,1595701,60,5,1,36708.0,557219,4,Male,Salaried,Graduate,Urban,Vehicle,Married,Excellent,1
APP101764,CUST11764,2025-05-25,31,29151.0,582.0,10,776787,36,5,0,37924.0,286137,0,Male,Salaried,Graduate,Urban,Education,Married,Excellent,1
APP101765,CUST11765,2023-06-23,42,62739.0,793.0,3,741204,36,0,0,28382.0,60330,0,Male,Salaried,High School,Semi-Urban,Home,Married,Average,1
APP101766,CUST11766,2023-07-05,44,50954.0,800.0,4,986232,24,2,0,31649.0,431207,4,Female,Salaried,Graduate,Rural,Home,Married,Good,1
APP101767,CUST11767,2025-09-27,61,127373.0,703.0,5,804283,60,2,0,35373.0,806435,2,Female,Salaried,Graduate,Semi-Urban,Personal,Married,Excellent,0
APP101768,CUST11768,2024-06-11,37,52700.0,709.0,10,585382,36,1,2,87680.0,707856,2,Female,Salaried,High School,Urban,Business,Single,Excellent,1
APP101769,CUST11769,2025-08-29,32,141728.0,785.0,0,1022916,60,3,0,,19743,2,Male,Self-Employed,High School,Rural,Home,Married,Good,1
APP101770,CUST11770,2024-11-14,52,84788.0,702.0,24,1635508,12,5,1,27791.0,975430,1,Male,Contract,Graduate,Rural,Vehicle,Married,Excellent,1
APP101771,CUST11771,2023-07-05,35,89045.0,659.0,9,1330956,84,3,0,63896.0,129291,5,Male,Contract,Graduate,Semi-Urban,Education,Married,Good,1
APP101772,CUST11772,2024-07-28,36,162972.0,693.0,19,135834,48,1,0,28115.0,870975,5,Female,Salaried,Graduate,Rural,Education,Married,Average,1
APP101773,CUST11773,2023-11-05,42,145992.0,794.0,23,1469702,48,2,0,22341.0,29300,5,Female,Business,Graduate,Semi-Urban,Education,Single,Good,0
APP101774,CUST11774,2024-06-21,48,98059.0,694.0,20,1552538,72,1,0,21637.0,115888,2,Female,Salaried,High School,Urban,Vehicle,Single,Average,0
APP101775,CUST11775,2025-05-07,40,19881.0,640.0,10,102748,36,4,1,29269.0,111818,0,Male,Salaried,High School,Urban,Education,Married,Excellent,1
APP101776,CUST11776,2023-07-12,53,150702.0,701.0,23,1944029,36,1,0,88489.0,217783,1,Male,Self-Employed,Graduate,Semi-Urban,Education,Single,Good,1
APP101777,CUST11777,2023-02-22,30,38789.0,739.0,30,1161227,60,1,2,28877.0,76509,2,Female,Self-Employed,Graduate,Rural,Personal,Married,Excellent,1
APP101778,CUST11778,2024-04-19,60,144083.0,730.0,16,1397527,72,4,0,,14703,0,Female,Salaried,Graduate,Rural,Education,Single,Average,1
APP101779,CUST11779,2023-06-23,52,106059.0,731.0,7,78669,36,3,0,61035.0,496065,1,Male,Salaried,Postgraduate,Urban,Personal,Married,Poor,0
APP101780,CUST11780,2024-11-30,53,64151.0,628.0,26,735521,60,4,0,17405.0,220078,0,Female,Salaried,Graduate,Urban,Personal,Married,Good,1
APP101781,CUST11781,2024-01-25,22,127388.0,748.0,12,1499074,36,0,1,67309.0,492928,4,Female,Self-Employed,Graduate,Rural,Personal,Married,Good,1
APP101782,CUST11782,2024-04-01,53,21262.0,692.0,26,338683,60,1,0,46767.0,201086,0,Male,Contract,Graduate,Semi-Urban,Vehicle,Married,Good,0
APP101783,CUST11783,2025-11-18,53,84981.0,637.0,19,1902753,36,1,0,14973.0,224888,1,Female,Salaried,Graduate,Urban,Home,Married,Average,1
APP101784,CUST11784,2023-05-02,61,138951.0,747.0,17,744793,24,3,0,63565.0,880835,2,Male,Contract,Postgraduate,Semi-Urban,Business,Single,Good,0
APP101785,CUST11785,2024-02-22,33,141099.0,656.0,26,283670,84,2,0,28091.0,438647,5,Male,Salaried,High School,Urban,Education,Single,Average,1
APP101786,CUST11786,2023-06-08,50,,572.0,21,1919563,60,4,0,24584.0,61436,1,Male,Contract,Graduate,Rural,Business,Married,Excellent,1
APP101787,CUST11787,2024-08-20,53,93485.0,615.0,15,1492865,84,2,0,79607.0,288989,2,Female,Business,Graduate,Rural,Home,Married,Good,1
APP101788,CUST11788,2024-05-30,33,72722.0,676.0,1,1917691,24,0,0,75624.0,611065,2,Male,Salaried,Postgraduate,Rural,Personal,Single,Good,1
APP101789,CUST11789,2025-10-22,46,107499.0,733.0,4,75741,24,4,0,21550.0,40055,3,Male,Salaried,Postgraduate,Urban,Personal,Single,Average,1
APP101790,CUST11790,2024-10-20,42,179004.0,625.0,17,1251934,24,0,0,7063.0,407094,4,Male,Salaried,Postgraduate,Rural,Personal,Single,Good,0
APP101791,CUST11791,2024-11-08,59,24901.0,672.0,2,53599,24,0,0,78839.0,539497,3,Female,Contract,Graduate,Semi-Urban,Personal,Married,Good,1
APP101792,CUST11792,2023-11-11,22,135473.0,599.0,26,1227089,12,0,0,16631.0,63812,5,Female,Salaried,Postgraduate,Urban,Education,Single,Average,1
APP101793,CUST11793,2023-11-24,58,26597.0,764.0,21,863725,84,5,0,6125.0,99035,1,Female,Self-Employed,High School,Urban,Home,Single,Excellent,1
APP101794,CUST11794,2023-10-03,59,147631.0,819.0,16,1376109,72,4,0,40409.0,370283,3,Male,Salaried,Graduate,Rural,Home,Single,Good,1
APP101795,CUST11795,2024-12-16,46,81909.0,811.0,15,552865,84,4,0,55581.0,259948,5,Female,Contract,Postgraduate,Semi-Urban,Home,Married,Good,0
APP101796,CUST11796,2024-03-27,35,90391.0,762.0,5,1373038,48,5,0,27485.0,367982,2,Female,Salaried,Postgraduate,Urban,Business,Married,Excellent,0
APP101797,CUST11797,2024-04-30,54,157335.0,755.0,18,315199,12,3,0,83330.0,147076,1,Female,Salaried,Graduate,Rural,Personal,Single,Good,0
APP101798,CUST11798,2024-07-20,62,81293.0,535.0,6,695452,36,5,0,88554.0,780578,3,Female,Salaried,Graduate,Urban,Vehicle,Single,Average,1
APP101799,CUST11799,2023-09-03,64,174877.0,703.0,17,1705443,36,1,0,79398.0,363267,0,Male,Salaried,Graduate,Rural,Home,Married,Good,1
APP101800,CUST11800,2025-07-23,60,29874.0,653.0,13,1760256,72,2,0,6690.0,955894,5,Male,Salaried,High School,Semi-Urban,Business,Single,Good,0
APP101801,CUST11801,2025-06-07,31,104402.0,756.0,5,1203393,48,2,1,20740.0,557688,5,Male,Self-Employed,Graduate,Semi-Urban,Education,Single,Average,0
APP101802,CUST11802,2023-06-13,23,32079.0,500.0,7,54642,48,0,0,53643.0,867943,4,Male,Salaried,High School,Semi-Urban,Personal,Married,Poor,0
APP101803,CUST11803,2024-06-10,26,90779.0,704.0,14,1584486,48,4,0,14156.0,83121,0,Male,Salaried,High School,Urban,Business,Married,Average,0
APP101804,CUST11804,2023-01-01,29,113408.0,674.0,14,1632185,24,4,0,42214.0,645051,1,Male,Salaried,,Rural,Vehicle,Married,Average,1
APP101805,CUST11805,2025-05-12,26,158090.0,774.0,14,1440688,12,0,0,68389.0,142948,3,Female,Salaried,Graduate,Urban,Vehicle,Married,Poor,1
APP101806,CUST11806,2023-05-17,29,138606.0,806.0,15,1842229,36,1,0,80694.0,446320,2,Female,Salaried,High School,Semi-Urban,Education,Single,Average,1
APP101807,CUST11807,2023-05-31,59,138062.0,620.0,0,502834,12,2,1,7808.0,914615,3,Female,Self-Employed,High School,Urban,Home,Married,Poor,0
APP101808,CUST11808,2025-09-30,51,30100.0,624.0,10,1725634,12,5,0,67987.0,477351,1,Female,Salaried,Postgraduate,Urban,Home,Single,Average,1
APP101809,CUST11809,2025-11-07,52,75021.0,707.0,26,571315,12,3,3,75938.0,357919,1,Male,Salaried,High School,Semi-Urban,Business,Single,Good,1
APP101810,CUST11810,2025-09-25,61,168872.0,820.0,28,1517836,48,1,0,72500.0,835338,1,Male,Self-Employed,Graduate,Rural,Business,Single,Good,1
APP101811,CUST11811,2024-11-28,32,146126.0,695.0,24,1251619,72,4,1,67167.0,649213,1,Female,Salaried,Postgraduate,Urban,Home,Married,Average,0
APP101812,CUST11812,2025-12-24,28,110446.0,594.0,4,1878918,72,0,0,65734.0,25378,5,Female,Self-Employed,Graduate,Urban,Home,Married,Good,1
APP101813,CUST11813,2023-11-29,28,47437.0,645.0,4,1470482,48,2,0,22206.0,555856,3,Male,Salaried,High School,Semi-Urban,Business,Single,Average,1
APP101814,CUST11814,2024-01-07,48,169014.0,705.0,28,1737047,36,0,0,14629.0,262447,0,Female,Salaried,Graduate,Semi-Urban,Personal,Single,Excellent,1
APP101815,CUST11815,2024-08-03,40,38862.0,708.0,27,691447,36,4,0,37337.0,888478,2,Female,Business,Graduate,Urban,Vehicle,Married,Average,1
APP101816,CUST11816,2024-11-16,27,29669.0,637.0,20,1096842,36,0,1,68829.0,746584,2,Female,Salaried,Postgraduate,Semi-Urban,Vehicle,Married,Good,0
APP101817,CUST11817,2024-12-09,31,139219.0,643.0,5,1910735,72,5,0,74401.0,253958,4,Male,Salaried,Graduate,Urban,Education,Married,Excellent,1
APP101818,CUST11818,2025-07-16,40,33916.0,616.0,1,123820,72,2,0,74830.0,616620,5,Male,Business,High School,Urban,Vehicle,Single,Average,0
APP101819,CUST11819,2025-01-09,36,28878.0,776.0,5,683350,12,0,0,51939.0,112014,1,Male,Salaried,High School,Urban,Business,Married,Good,1
APP101820,CUST11820,2023-09-28,24,20985.0,627.0,13,1837137,48,2,0,17965.0,520293,1,Female,Salaried,Graduate,Semi-Urban,Personal,Married,Excellent,0
APP101821,CUST11821,2024-12-11,26,59235.0,655.0,10,601764,24,0,2,17228.0,560084,1,Male,Contract,Graduate,Urban,Business,Married,Good,1
APP101822,CUST11822,2023-11-21,42,36931.0,653.0,3,572117,12,0,0,53419.0,724710,5,Female,Self-Employed,Graduate,Urban,Home,Single,Excellent,1
APP101823,CUST11823,2025-09-16,46,110876.0,,23,1554475,60,2,0,54229.0,60061,0,Female,Salaried,High School,Semi-Urban,Home,Married,Excellent,1
APP101824,CUST11824,2025-03-08,23,18336.0,625.0,28,1764927,72,5,0,17822.0,604885,1,Male,Self-Employed,Postgraduate,Semi-Urban,Vehicle,Single,Good,1
APP101825,CUST11825,2025-07-08,61,,782.0,26,1839033,12,0,0,35070.0,553689,4,Male,Salaried,Graduate,Semi-Urban,Personal,Married,Average,1
APP101826,CUST11826,2024-06-30,62,63536.0,599.0,24,1218931,48,5,1,73723.0,139882,4,Male,Salaried,Postgraduate,Urban,Education,Single,Good,0
APP101827,CUST11827,2025-12-28,34,87504.0,618.0,8,1168623,60,1,1,12135.0,366360,0,Male,Business,Graduate,Semi-Urban,Business,Married,Good,1
APP101828,CUST11828,2025-06-26,31,117214.0,590.0,23,191868,84,3,0,84044.0,880794,5,Male,Salaried,Graduate,Rural,Education,Single,Average,1
APP101829,CUST11829,2023-07-31,38,131936.0,683.0,2,1102457,12,1,0,44441.0,9902,1,Male,Salaried,Graduate,Urban,Education,Single,Good,0
APP101830,CUST11830,2024-08-19,32,34279.0,831.0,25,589956,48,3,2,44884.0,516092,3,Male,Salaried,,Urban,Education,Single,Good,1
APP101831,CUST11831,2023-02-17,43,121751.0,680.0,15,281789,48,1,0,23043.0,784555,3,Female,Contract,Postgraduate,Semi-Urban,Education,Married,Good,1
APP101832,CUST11832,2023-08-19,32,122433.0,695.0,10,215384,72,3,0,80043.0,723094,2,Male,Salaried,Graduate,Semi-Urban,Business,Married,Good,1
APP101833,CUST11833,2024-08-01,33,89386.0,630.0,26,78106,24,0,0,8062.0,266566,0,Female,Salaried,Graduate,Semi-Urban,Home,Single,Excellent,0
APP101834,CUST11834,2025-08-07,45,104124.0,685.0,3,798118,12,2,0,57214.0,876580,3,Male,Salaried,Graduate,Semi-Urban,Business,Single,Poor,0
APP101835,CUST11835,2025-07-20,65,123750.0,782.0,0,852161,48,2,0,88990.0,316867,2,Female,Salaried,Graduate,Urban,Home,Married,Excellent,0
APP101836,CUST11836,2023-02-21,39,95485.0,701.0,24,703642,36,4,2,58409.0,327743,4,Female,Salaried,Postgraduate,Semi-Urban,Home,Married,Good,1
APP101837,CUST11837,2024-02-26,56,92055.0,850.0,20,644608,48,3,0,15868.0,212271,2,Male,Contract,High School,Urban,Business,Single,Good,0
APP101838,CUST11838,2024-09-02,65,109911.0,784.0,21,1939921,24,4,0,73089.0,281111,1,Male,Salaried,High School,Urban,Business,Married,Good,1
APP101839,CUST11839,2024-03-21,28,116618.0,684.0,15,371546,48,5,0,22428.0,380456,1,Male,Salaried,High School,Rural,Business,Single,Good,0
APP101840,CUST11840,2025-08-18,49,131892.0,682.0,18,171649,72,5,0,76493.0,700896,4,Female,Salaried,Graduate,Rural,Home,Married,Good,1
APP101841,CUST11841,2023-05-11,52,89128.0,812.0,15,416074,84,4,0,75114.0,665495,0,Male,Self-Employed,High School,Semi-Urban,Business,Single,Good,0
APP101842,CUST11842,2024-08-22,64,167180.0,700.0,10,1791218,12,3,0,43389.0,329509,5,Male,Salaried,High School,Urban,Personal,Single,Excellent,1
APP101843,CUST11843,2024-01-09,38,70495.0,796.0,25,542665,72,2,0,39734.0,608896,1,Female,Business,Graduate,Semi-Urban,Vehicle,Single,Average,0
APP101844,CUST11844,2024-07-04,26,100806.0,840.0,7,1566430,12,3,1,81084.0,353097,1,Female,Contract,High School,Semi-Urban,Vehicle,Married,Excellent,0
APP101845,CUST11845,2024-06-13,38,111185.0,675.0,30,1077306,60,5,0,70107.0,383471,2,Female,Salaried,Postgraduate,Semi-Urban,Personal,Single,Average,1
APP101846,CUST11846,2024-01-22,39,67649.0,716.0,22,743578,12,0,0,89170.0,863411,2,Female,Contract,High School,Semi-Urban,Vehicle,Married,Good,0
APP101847,CUST11847,2023-12-02,42,113402.0,764.0,0,634027,60,4,0,16679.0,108146,2,Female,Salaried,Postgraduate,Urban,Home,Single,Excellent,0
APP101848,CUST11848,2025-01-05,57,48676.0,748.0,25,1347341,72,4,0,52743.0,944429,3,Female,Salaried,Postgraduate,Urban,Business,Single,Excellent,1
APP101849,CUST11849,2025-10-21,52,82093.0,747.0,27,316651,36,5,2,29717.0,231610,4,Female,Business,Graduate,Semi-Urban,Business,Married,Average,0
APP101850,CUST11850,2025-06-14,61,97414.0,590.0,20,227375,24,3,0,30579.0,631619,0,Female,Self-Employed,High School,Rural,Business,Married,Good,0
APP101851,CUST11851,2024-06-21,23,111095.0,626.0,25,1201128,36,4,0,69102.0,560281,2,Male,Business,High School,Rural,Personal,Married,Excellent,1
APP101852,CUST11852,2024-05-10,48,90307.0,653.0,8,653347,60,2,0,39782.0,201868,0,Male,Salaried,Graduate,Semi-Urban,Personal,Married,Average,1
APP101853,CUST11853,2025-11-01,30,113432.0,781.0,27,1254315,48,4,0,75160.0,657526,2,Female,Contract,Graduate,Urban,Home,Single,Average,1
APP101854,CUST11854,2024-05-22,55,49923.0,597.0,26,1757928,48,3,0,28103.0,866095,1,Female,Business,Graduate,Urban,Personal,Single,Good,1
APP101855,CUST11855,2024-11-11,49,135449.0,804.0,11,1860762,36,5,1,58077.0,776845,0,Female,Salaried,Graduate,Urban,Business,Single,Good,1
APP101856,CUST11856,2024-07-18,35,65574.0,748.0,21,180514,48,2,0,33534.0,578771,3,Female,Contract,Graduate,Semi-Urban,Home,Married,Good,0
APP101857,CUST11857,2025-02-19,53,139757.0,777.0,7,1565355,60,2,0,43636.0,762874,2,Female,Contract,Graduate,Urban,Home,Married,Excellent,0
APP101858,CUST11858,2025-01-29,27,71664.0,620.0,25,1972688,72,4,2,55486.0,685203,5,Male,Salaried,Postgraduate,Semi-Urban,Business,Single,Good,1
APP101859,CUST11859,2023-05-08,32,85384.0,695.0,16,1124106,24,3,0,38435.0,121747,4,Female,Self-Employed,Graduate,Rural,Education,Single,Average,1
APP101860,CUST11860,2023-05-26,50,49027.0,712.0,9,291348,84,4,0,38152.0,496592,1,Female,Business,Graduate,Urban,Business,Single,Good,1
APP101861,CUST11861,2024-05-13,41,52485.0,709.0,26,1113881,12,0,0,63952.0,567167,2,Male,Business,High School,Urban,Home,Single,Good,1
APP101862,CUST11862,2025-08-23,51,168528.0,712.0,6,159097,60,5,1,24638.0,466673,0,Female,Salaried,Graduate,Urban,Education,Married,Good,1
APP101863,CUST11863,2024-07-13,44,53554.0,,18,1876669,84,0,0,21396.0,245021,2,Female,Self-Employed,Graduate,Urban,Business,Single,Good,1
APP101864,CUST11864,2025-07-12,40,64922.0,700.0,24,1841203,60,2,0,45494.0,271032,1,Male,Contract,High School,Semi-Urban,Business,Single,Good,1
APP101865,CUST11865,2024-02-07,57,31409.0,768.0,5,1578001,12,4,0,31783.0,332857,4,Female,Salaried,Graduate,Semi-Urban,Education,Single,Good,1
APP101866,CUST11866,2025-09-02,24,54639.0,603.0,20,542049,12,0,0,10403.0,973655,4,Female,Business,Graduate,Semi-Urban,Education,Married,Excellent,0
APP101867,CUST11867,2023-12-08,48,37692.0,806.0,23,1150620,24,1,0,69052.0,915257,4,Female,Salaried,Graduate,Rural,Vehicle,Married,Average,0
APP101868,CUST11868,2025-12-07,64,107037.0,764.0,23,1058882,24,0,0,28838.0,274570,5,Male,Salaried,High School,Urban,Education,Single,Excellent,0
APP101869,CUST11869,2024-06-24,40,36074.0,618.0,27,180436,24,4,0,43919.0,75031,1,Female,Salaried,Graduate,Semi-Urban,Personal,Married,Good,1
APP101870,CUST11870,2024-05-25,44,164621.0,719.0,27,139363,48,4,0,82895.0,234645,5,Female,Business,Graduate,Semi-Urban,Education,Single,Good,0
APP101871,CUST11871,2023-01-19,52,47963.0,758.0,18,370961,60,5,2,52995.0,801479,5,Male,Salaried,Graduate,Urban,Home,Single,Average,1
APP101872,CUST11872,2024-05-09,61,70265.0,597.0,17,1725902,72,0,0,27614.0,154111,2,Male,,Graduate,Urban,Education,Married,Average,1
APP101873,CUST11873,2023-12-21,56,34061.0,693.0,14,1669530,12,4,0,80593.0,721456,1,Female,Salaried,Graduate,Semi-Urban,Business,Single,Excellent,1
APP101874,CUST11874,2024-07-12,54,177882.0,684.0,1,1517965,60,4,0,5100.0,957805,1,Female,Salaried,Graduate,Urban,Personal,Married,Good,0
APP101875,CUST11875,2023-12-11,56,131502.0,642.0,13,1903917,84,5,0,66720.0,446923,2,Female,Salaried,Graduate,Rural,Education,Married,Excellent,1
APP101876,CUST11876,2025-12-19,22,40800.0,697.0,20,1555759,60,5,0,75514.0,443330,3,Female,Self-Employed,Postgraduate,Urban,Personal,Married,Excellent,1
APP101877,CUST11877,2024-11-18,35,134192.0,645.0,9,998511,24,5,0,15988.0,523785,5,Female,Self-Employed,Graduate,Urban,Vehicle,Single,Poor,1
APP101878,CUST11878,2023-08-17,54,,793.0,27,456201,24,5,0,85067.0,812798,4,Female,Salaried,Graduate,Urban,Personal,Married,Excellent,1
APP101879,CUST11879,2023-05-27,56,46054.0,643.0,15,1085953,60,1,0,82167.0,418961,0,Female,Salaried,Graduate,Semi-Urban,Business,Single,Excellent,1
APP101880,CUST11880,2023-11-28,26,31233.0,749.0,6,1121101,24,2,0,82229.0,965586,5,Male,Self-Employed,High School,Urban,Vehicle,Married,Excellent,1
APP101881,CUST11881,2024-03-08,59,174140.0,566.0,7,1210869,48,4,0,43148.0,191342,0,Male,Salaried,Graduate,Urban,Education,Single,Good,1
APP101882,CUST11882,2024-02-03,62,83727.0,678.0,9,1199622,12,3,0,18823.0,671713,2,Female,Business,Graduate,Urban,Personal,Married,Average,1
APP101883,CUST11883,2025-04-15,32,108610.0,691.0,14,87403,84,5,0,29696.0,816512,0,Male,Salaried,Postgraduate,Urban,Vehicle,Married,Good,0
APP101884,CUST11884,2024-08-09,23,88453.0,675.0,7,1266841,60,2,0,16629.0,23788,3,Female,Salaried,Graduate,Urban,Education,Single,Good,0
APP101885,CUST11885,2024-08-21,65,122135.0,660.0,12,1598757,12,5,1,8856.0,957473,1,Female,Salaried,Graduate,Urban,Education,Married,Good,0
APP101886,CUST11886,2025-01-26,38,174904.0,640.0,11,447046,48,2,1,36051.0,977675,4,Female,Salaried,Graduate,Semi-Urban,Personal,Married,Good,0
APP101887,CUST11887,2023-12-12,60,126464.0,747.0,7,1023648,84,3,0,71611.0,852065,0,Female,Salaried,Postgraduate,Semi-Urban,Personal,Single,Good,1
APP101888,CUST11888,2025-11-02,41,31682.0,765.0,14,1230181,24,0,0,38469.0,394605,0,Male,Salaried,High School,Urban,Vehicle,Married,Good,1
APP101889,CUST11889,2025-01-07,35,172455.0,684.0,25,1866490,36,1,0,,666019,2,Female,Salaried,Postgraduate,Urban,Personal,Single,Good,0
APP101890,CUST11890,2024-01-15,53,76160.0,608.0,11,202018,48,4,0,77372.0,301065,2,Female,Salaried,Postgraduate,Rural,Education,Single,Average,0
APP101891,CUST11891,2024-02-25,55,41666.0,825.0,10,335648,36,0,2,51072.0,664521,1,Female,Salaried,,Semi-Urban,Business,Married,Excellent,1
APP101892,CUST11892,2025-10-07,46,76817.0,624.0,18,1733415,12,3,0,48406.0,151575,4,Female,Business,Postgraduate,Rural,Vehicle,Married,Excellent,0
APP101893,CUST11893,2024-02-22,28,109198.0,581.0,13,1416435,60,1,0,40017.0,752899,0,Male,Self-Employed,Postgraduate,Urban,Business,Single,Poor,1
APP101894,CUST11894,2023-12-22,56,59830.0,539.0,26,1782191,84,1,1,15705.0,514240,1,Female,Business,Graduate,Urban,Business,Married,Average,1
APP101895,CUST11895,2023-01-16,50,28234.0,697.0,17,1023945,24,1,0,24606.0,816414,4,Male,Self-Employed,Postgraduate,Semi-Urban,Education,Single,Average,1
APP101896,CUST11896,2023-11-11,43,75616.0,674.0,12,1659719,84,3,0,78654.0,860446,1,Male,Salaried,Graduate,Urban,Business,Married,Good,1
APP101897,CUST11897,2024-06-16,62,27221.0,767.0,3,1140297,48,5,0,40319.0,513180,0,Female,Business,Graduate,Urban,Home,Married,Good,1
APP101898,CUST11898,2025-11-05,64,160482.0,736.0,30,161597,24,5,0,62254.0,191982,2,Female,Salaried,Graduate,Urban,Vehicle,Married,Good,0
APP101899,CUST11899,2024-06-28,34,19051.0,712.0,16,222922,36,5,0,50318.0,581920,2,Female,Salaried,Postgraduate,Urban,Education,Single,Excellent,1
APP101900,CUST11900,2024-11-24,34,128529.0,670.0,18,1461379,36,0,1,7214.0,498881,2,Male,Salaried,High School,Urban,Personal,Single,Average,1
APP101901,CUST11901,2023-03-10,22,94918.0,773.0,26,346867,72,4,0,79070.0,163244,3,Male,Business,Postgraduate,Semi-Urban,Education,Single,Good,1
APP101902,CUST11902,2024-02-15,57,96116.0,830.0,8,1789675,84,1,0,54869.0,649344,1,Female,Self-Employed,Graduate,Semi-Urban,Personal,Single,Poor,1
APP101903,CUST11903,2025-12-11,25,140226.0,766.0,22,834717,60,1,1,40228.0,342840,0,Female,Salaried,Graduate,Urban,Education,Married,Good,1
APP101904,CUST11904,2025-12-24,58,62757.0,655.0,6,1628403,36,0,0,49696.0,193876,1,Male,Salaried,High School,Urban,Home,Married,Excellent,1
APP101905,CUST11905,2025-03-22,65,139008.0,749.0,0,1040533,60,5,0,8255.0,630038,2,Female,Salaried,Graduate,Semi-Urban,Vehicle,Married,Good,1
APP101906,CUST11906,2025-07-07,61,149379.0,660.0,6,1739224,72,1,0,32841.0,475683,5,Male,Salaried,Postgraduate,Urban,Business,Married,Excellent,1
APP101907,CUST11907,2025-04-26,34,74889.0,607.0,25,413284,48,1,0,,757066,5,Male,Contract,Graduate,Semi-Urban,Education,Married,Average,1
APP101908,CUST11908,2025-01-09,59,53944.0,623.0,6,1250959,72,3,0,82817.0,461323,1,Male,Salaried,Graduate,Semi-Urban,Vehicle,Single,Good,1
APP101909,CUST11909,2024-03-14,45,117555.0,663.0,19,1857179,60,2,1,45522.0,326070,4,Male,Salaried,High School,Urban,Vehicle,Single,Good,1
APP101910,CUST11910,2024-06-13,40,56134.0,698.0,6,1954188,36,0,0,44708.0,602425,5,Female,Salaried,Postgraduate,Urban,Vehicle,Single,Poor,1
APP101911,CUST11911,2024-12-30,22,176395.0,845.0,7,1477705,12,0,0,70150.0,501571,5,Female,Salaried,Postgraduate,Semi-Urban,Vehicle,Married,Poor,0
APP101912,CUST11912,2023-09-30,59,43954.0,624.0,15,398125,60,5,0,35697.0,598341,1,Male,Salaried,Graduate,Urban,Vehicle,Married,Poor,0
APP101913,CUST11913,2024-04-03,26,107959.0,789.0,2,1920942,24,0,2,15722.0,861770,3,Female,Business,Graduate,Urban,Business,Married,Excellent,0
APP101914,CUST11914,2025-03-30,37,22992.0,666.0,12,1491975,12,5,0,70480.0,377838,3,Male,Business,Graduate,Urban,Business,Single,Average,1
APP101915,CUST11915,2024-07-21,45,19961.0,539.0,9,845907,84,3,1,21029.0,351439,2,Female,Contract,Graduate,Rural,Education,Married,Poor,1
APP101916,CUST11916,2025-05-10,48,30497.0,652.0,17,1576558,60,3,0,70550.0,995890,0,Male,Self-Employed,Graduate,Rural,Personal,Married,Good,1
APP101917,CUST11917,2024-05-11,22,31255.0,778.0,6,244202,24,4,1,82042.0,667104,4,Female,Self-Employed,Postgraduate,Semi-Urban,Education,Single,Excellent,1
APP101918,CUST11918,2025-03-05,55,153639.0,716.0,20,371721,84,5,1,13208.0,617597,0,Female,Contract,Postgraduate,Urban,Vehicle,Married,Average,0
APP101919,CUST11919,2025-03-15,57,66847.0,720.0,20,1880904,72,3,0,80507.0,380865,0,Male,Contract,Graduate,Urban,Personal,Single,Average,1
APP101920,CUST11920,2025-12-31,25,38389.0,790.0,29,1386728,12,5,0,13127.0,470000,4,Female,Business,Postgraduate,Urban,Education,Married,Average,1
APP101921,CUST11921,2025-07-22,21,141802.0,612.0,4,782228,60,0,0,52782.0,982587,3,Male,Business,High School,Urban,Personal,Married,Good,0
APP101922,CUST11922,2025-09-18,60,79576.0,611.0,30,491157,48,4,0,20646.0,55123,5,Female,Self-Employed,Graduate,Urban,Business,Single,Excellent,1
APP101923,CUST11923,2025-04-19,32,61919.0,520.0,22,1665620,72,2,0,88744.0,380876,2,Male,Salaried,Graduate,Semi-Urban,Vehicle,Married,Good,0
APP101924,CUST11924,2024-09-26,56,21358.0,756.0,24,1824194,24,1,1,27713.0,77672,1,Female,Salaried,High School,Urban,Personal,Single,Good,0
APP101925,CUST11925,2024-08-25,65,106535.0,732.0,26,1703594,48,1,0,37267.0,964789,3,Female,Self-Employed,High School,Rural,Home,Married,Good,1
APP101926,CUST11926,2025-01-05,43,123982.0,744.0,23,471128,36,4,0,8864.0,717856,2,Male,Salaried,Graduate,Urban,Vehicle,Married,Excellent,0
APP101927,CUST11927,2025-09-17,51,23698.0,601.0,21,656990,72,5,0,81197.0,213408,5,Male,Business,Graduate,Semi-Urban,Business,Married,Excellent,1
APP101928,CUST11928,2024-01-02,31,84809.0,570.0,6,1280307,72,5,0,37559.0,779008,3,Female,Business,Postgraduate,Semi-Urban,Business,Single,Good,1
APP101929,CUST11929,2023-09-13,30,111079.0,591.0,24,883272,60,5,0,80858.0,262058,4,Female,Self-Employed,Graduate,Urban,Education,Married,Good,0
APP101930,CUST11930,2024-03-15,23,73805.0,621.0,29,1311160,60,2,0,77246.0,984900,0,Male,Salaried,Graduate,Urban,Home,Married,Good,1
APP101931,CUST11931,2024-03-10,34,93033.0,807.0,26,1095254,24,1,1,36362.0,581526,4,Male,Salaried,Graduate,Urban,Personal,Single,Good,0
APP101932,CUST11932,2024-11-20,36,116239.0,765.0,21,350767,72,4,0,37380.0,804849,5,Male,Salaried,Graduate,Rural,Education,Single,Good,1
APP101933,CUST11933,2023-11-04,30,148407.0,656.0,16,899735,60,5,0,69994.0,882273,1,Male,Salaried,Postgraduate,Urban,Business,Married,Average,0
APP101934,CUST11934,2024-02-13,49,62041.0,712.0,3,1931070,36,3,0,46284.0,443345,4,Female,Self-Employed,Graduate,Urban,Personal,Married,Excellent,1
APP101935,CUST11935,2025-04-05,30,49954.0,639.0,23,106690,84,0,1,84922.0,829151,5,Female,Salaried,Graduate,Rural,Business,Married,Average,1
APP101936,CUST11936,2023-03-28,32,26002.0,,22,1831518,84,2,0,83874.0,533290,0,Female,Salaried,High School,Semi-Urban,Business,Married,Average,1
APP101937,CUST11937,2023-01-03,50,87783.0,605.0,15,1197556,84,5,0,60277.0,662692,3,Female,Salaried,Postgraduate,Urban,Home,Married,Good,1
APP101938,CUST11938,2024-01-07,61,125524.0,746.0,18,1515426,60,1,0,20316.0,817581,2,Female,Business,High School,Urban,Vehicle,Married,Average,1
APP101939,CUST11939,2024-10-03,21,142857.0,626.0,9,567926,72,0,0,29463.0,770124,5,Female,Salaried,Postgraduate,Urban,Personal,Single,Good,0
APP101940,CUST11940,2025-11-12,25,37738.0,750.0,2,565717,84,4,0,80739.0,730271,5,Male,Business,Graduate,Urban,Home,Married,Good,0
APP101941,CUST11941,2023-04-08,40,28703.0,658.0,26,971594,12,5,1,9888.0,362138,1,Female,Salaried,Graduate,Urban,Business,Married,Excellent,1
APP101942,CUST11942,2024-10-31,28,131776.0,631.0,2,1405986,48,1,0,16325.0,366133,3,Male,Salaried,Graduate,Urban,Business,Married,Good,1
APP101943,CUST11943,2023-11-17,63,161464.0,811.0,27,211080,72,0,0,24088.0,615096,5,Male,Self-Employed,Postgraduate,Semi-Urban,Home,Married,Good,0
APP101944,CUST11944,2024-06-17,32,62724.0,703.0,30,924075,36,3,0,79922.0,850355,5,Male,Contract,Graduate,Urban,Personal,Married,Good,0
APP101945,CUST11945,2025-03-30,21,50299.0,666.0,16,632992,72,2,0,81803.0,22352,2,Male,Salaried,High School,Urban,Business,Married,Excellent,0
APP101946,CUST11946,2024-01-02,40,33641.0,747.0,30,1865017,36,4,0,20419.0,590369,0,Female,Self-Employed,Graduate,Rural,Personal,Married,Excellent,1
APP101947,CUST11947,2024-02-21,48,97534.0,590.0,9,506082,72,1,1,58749.0,782368,4,Male,Business,Graduate,Urban,Home,Married,Good,1
APP101948,CUST11948,2024-12-29,63,24305.0,773.0,16,1478094,84,3,0,50854.0,461994,3,Male,Business,Postgraduate,Urban,Business,Single,Excellent,1
APP101949,CUST11949,2025-04-27,57,36782.0,680.0,21,844814,48,2,0,7904.0,203641,2,Female,Salaried,Postgraduate,Semi-Urban,Education,Married,Average,1
APP101950,CUST11950,2024-10-31,57,96257.0,735.0,29,490990,48,2,0,83966.0,503595,2,Male,Business,Postgraduate,Rural,Education,Married,Good,1
APP101951,CUST11951,2023-05-13,32,95963.0,574.0,29,1566362,36,3,1,68556.0,26645,4,Male,Contract,High School,Urban,Business,Single,Good,1
APP101952,CUST11952,2023-02-22,57,139987.0,661.0,16,1827998,72,1,0,85535.0,554631,3,Female,Self-Employed,Graduate,Semi-Urban,Vehicle,Married,Excellent,0
APP101953,CUST11953,2025-01-10,64,169638.0,690.0,20,1974617,48,2,0,,792077,3,Male,Business,Postgraduate,Semi-Urban,Business,Single,Excellent,0
APP101954,CUST11954,2024-11-25,48,142591.0,767.0,3,1669562,24,4,0,32633.0,298919,0,Female,Salaried,Postgraduate,Semi-Urban,Business,Married,Good,0
APP101955,CUST11955,2023-01-23,35,85766.0,741.0,20,313254,72,0,3,89644.0,533409,3,Female,Salaried,High School,Semi-Urban,Business,Married,Poor,1
APP101956,CUST11956,2024-04-04,26,24511.0,661.0,22,525197,48,4,0,29055.0,789270,5,Female,Self-Employed,Graduate,Semi-Urban,Home,Married,Good,1
APP101957,CUST11957,2024-10-11,64,132816.0,714.0,5,1230034,12,5,0,23642.0,855174,4,Female,Salaried,Graduate,Rural,Business,Married,Average,0
APP101958,CUST11958,2024-04-26,40,175249.0,784.0,11,265192,12,2,1,58014.0,471864,3,Female,Business,Graduate,Rural,Business,Married,Average,0
APP101959,CUST11959,2023-04-30,34,22765.0,675.0,24,1340858,24,0,0,63274.0,264806,0,Male,Contract,High School,Urban,Home,Married,Excellent,1
APP101960,CUST11960,2024-11-03,22,169426.0,667.0,21,1932809,48,3,0,8646.0,276415,2,Female,Business,High School,Rural,Business,Married,Average,0
APP101961,CUST11961,2023-07-27,29,41929.0,548.0,24,1999020,12,0,0,18173.0,437420,5,Female,Contract,Postgraduate,Urban,Education,Single,Good,1
APP101962,CUST11962,2023-11-14,57,177892.0,669.0,19,932517,84,0,0,12025.0,161284,3,Female,Salaried,,Semi-Urban,Education,Single,Poor,0
APP101963,CUST11963,2023-12-04,40,129576.0,560.0,16,1301505,72,0,0,,377965,4,Female,Business,Graduate,Rural,Business,Married,Good,1
APP101964,CUST11964,2023-06-04,46,178595.0,681.0,16,1057480,60,2,2,19853.0,867260,3,Female,Salaried,Postgraduate,Urban,Home,Married,Excellent,1
APP101965,CUST11965,2025-05-17,49,89088.0,764.0,9,1130142,48,5,0,55423.0,421697,1,Male,Salaried,Graduate,Urban,Business,Single,Poor,1
APP101966,CUST11966,2024-01-29,21,95525.0,531.0,6,1339876,24,5,1,66156.0,504812,0,Male,Self-Employed,Postgraduate,Rural,Business,Single,Excellent,1
APP101967,CUST11967,2024-05-19,55,31780.0,783.0,28,1122374,48,1,0,16326.0,502106,2,Female,Salaried,High School,Urban,Personal,Single,Average,1
APP101968,CUST11968,2025-08-28,26,24589.0,665.0,15,1505357,36,5,0,8463.0,492245,1,Male,Contract,Graduate,Urban,Vehicle,Single,Excellent,1
APP101969,CUST11969,2023-11-09,57,111664.0,688.0,28,73027,36,2,0,32163.0,100011,4,Female,Salaried,High School,Semi-Urban,Home,Married,Good,0
APP101970,CUST11970,2023-01-14,25,122188.0,652.0,12,550252,12,1,0,19075.0,988908,3,Female,Contract,High School,Urban,Vehicle,Single,Good,0
APP101971,CUST11971,2023-03-18,53,111326.0,562.0,2,540847,36,3,0,48315.0,511122,0,Female,Salaried,High School,Rural,Personal,Single,Poor,1
APP101972,CUST11972,2024-02-13,34,58953.0,631.0,1,1890639,24,3,0,21010.0,567970,5,Male,Business,Graduate,Urban,Vehicle,Married,Excellent,1
APP101973,CUST11973,2024-01-29,32,83785.0,847.0,15,1843801,12,3,0,71433.0,459657,3,Female,Business,Graduate,Rural,Business,Single,Good,0
APP101974,CUST11974,2023-08-08,62,37309.0,608.0,29,1338204,24,3,0,5605.0,78749,3,Female,Self-Employed,Graduate,Rural,Education,Married,Good,1
APP101975,CUST11975,2025-01-13,40,72195.0,571.0,5,1679742,72,3,3,41445.0,982473,3,Male,Salaried,High School,Semi-Urban,Home,Single,Poor,0
APP101976,CUST11976,2024-03-08,44,43901.0,701.0,5,1668070,24,4,0,42315.0,748635,5,Female,Business,Graduate,Semi-Urban,Home,Married,Good,1
APP101977,CUST11977,2025-03-16,63,172648.0,684.0,12,677761,36,2,0,13652.0,856179,3,Male,Salaried,High School,Semi-Urban,Business,Single,Good,0
APP101978,CUST11978,2025-09-14,54,43464.0,666.0,6,1026086,72,1,0,37229.0,6903,0,Male,Self-Employed,High School,Urban,Vehicle,Single,Good,1
APP101979,CUST11979,2024-10-15,45,34260.0,691.0,4,108334,36,3,0,35530.0,171416,5,Female,Self-Employed,Graduate,Urban,Home,Married,Good,1
APP101980,CUST11980,2025-03-27,49,142997.0,738.0,23,1433043,24,4,0,54101.0,631701,5,Male,Salaried,Graduate,Rural,Personal,Married,Average,1
APP101981,CUST11981,2025-01-24,59,53440.0,,6,627907,36,5,0,85266.0,353678,1,Female,Salaried,Graduate,Semi-Urban,Personal,Married,Excellent,1
APP101982,CUST11982,2024-11-06,51,113082.0,705.0,1,1726400,36,4,0,42924.0,651990,4,Male,Salaried,,Rural,Vehicle,Single,Average,1
APP101983,CUST11983,2025-04-11,63,123583.0,767.0,30,470091,36,4,0,43541.0,778341,5,Male,Contract,High School,Semi-Urban,Personal,Married,Good,0
APP101984,CUST11984,2023-01-28,43,74683.0,615.0,16,729874,48,2,1,69658.0,809751,1,Male,Salaried,Postgraduate,Urban,Education,Single,Excellent,1
APP101985,CUST11985,2025-09-14,64,142206.0,516.0,12,1622180,72,3,0,61327.0,366063,0,Female,Business,Graduate,Urban,Business,Married,Good,1
APP101986,CUST11986,2024-02-20,58,151059.0,740.0,29,1252228,72,4,0,48654.0,681801,4,Male,Self-Employed,High School,Urban,Home,Single,Average,1
APP101987,CUST11987,2023-01-25,40,174177.0,850.0,24,309201,84,4,0,20930.0,343322,5,Female,Contract,Graduate,Rural,Business,Married,Good,0
APP101988,CUST11988,2024-11-03,43,96484.0,689.0,20,791187,72,3,0,8518.0,999816,2,Female,Salaried,Graduate,Semi-Urban,Vehicle,Single,Excellent,1
APP101989,CUST11989,2024-06-25,65,162098.0,705.0,27,581022,84,2,1,35982.0,160934,1,Female,Salaried,Graduate,Semi-Urban,Business,Married,Excellent,1
APP101990,CUST11990,2023-06-14,36,86309.0,668.0,26,1836936,24,4,0,11775.0,429319,0,Male,Business,Postgraduate,Semi-Urban,Home,Married,Average,1
APP101991,CUST11991,2023-07-27,62,63927.0,809.0,20,875440,84,1,0,28990.0,147582,0,Male,Self-Employed,Postgraduate,Urban,Home,Single,Good,1
APP101992,CUST11992,2025-08-06,28,60946.0,684.0,27,361493,84,0,0,10378.0,695051,0,Female,Salaried,Postgraduate,Urban,Vehicle,Single,Poor,0
APP101993,CUST11993,2025-09-11,41,144503.0,676.0,15,1237462,60,5,1,51402.0,526017,4,Female,Salaried,Graduate,Urban,Home,Married,Good,0
APP101994,CUST11994,2024-09-05,21,159449.0,758.0,25,1534946,24,0,0,44441.0,863423,3,Female,Salaried,Graduate,Urban,Personal,Married,Good,0
APP101995,CUST11995,2024-01-08,28,71592.0,654.0,19,188923,72,0,1,76980.0,700732,2,Female,Salaried,High School,Urban,Business,Married,Good,1
APP101996,CUST11996,2024-09-09,49,156419.0,594.0,1,182672,12,2,0,84712.0,766816,4,Female,Self-Employed,Postgraduate,Urban,Education,Married,Good,0
APP101997,CUST11997,2023-03-10,52,51776.0,756.0,4,106614,36,4,0,30060.0,73309,4,Female,Self-Employed,High School,Rural,Education,Married,Average,1
APP101998,CUST11998,2023-04-11,58,152855.0,646.0,17,253474,36,0,2,79915.0,179122,5,Male,Salaried,Graduate,Semi-Urban,Education,Single,Good,1
APP101999,CUST11999,2023-01-01,25,73798.0,617.0,27,840124,60,0,0,51993.0,255953,1,Female,Salaried,High School,Urban,Vehicle,Married,Excellent,0
APP102000,CUST12000,2023-12-17,42,153370.0,848.0,6,176745,12,5,0,27765.0,556665,2,Female,Salaried,Graduate,Semi-Urban,Education,Single,Good,0
APP102001,CUST12001,2023-01-07,54,88204.0,677.0,10,1287675,48,3,0,64053.0,325480,0,Female,Self-Employed,High School,Urban,Business,Married,Good,1
APP102002,CUST12002,2023-11-14,21,104207.0,727.0,24,823131,84,4,0,28196.0,342456,4,Female,Business,High School,Semi-Urban,Home,Married,Average,0
APP102003,CUST12003,2024-09-14,46,118356.0,692.0,24,1905381,24,4,0,20468.0,252663,2,Male,Salaried,High School,Urban,Personal,Married,Poor,1
APP102004,CUST12004,2024-05-23,63,78652.0,624.0,10,1852572,48,5,0,13174.0,980723,1,Male,Salaried,Graduate,Rural,Education,Married,Good,1
APP102005,CUST12005,2023-07-05,30,147572.0,742.0,21,1620011,12,3,0,50820.0,495811,3,Female,Salaried,Graduate,Urban,Education,Single,Good,1
APP102006,CUST12006,2024-12-28,50,38922.0,714.0,16,1079517,60,4,0,24098.0,886373,2,Female,Contract,Graduate,Rural,Education,Married,Good,1
APP102007,CUST12007,2024-04-06,38,169388.0,641.0,15,506021,12,1,0,77582.0,326373,0,Female,Self-Employed,Graduate,Semi-Urban,Personal,Married,Average,1
APP102008,CUST12008,2023-12-09,37,94996.0,722.0,12,424557,60,5,0,9186.0,594967,4,Male,Salaried,Graduate,Semi-Urban,Business,Single,Poor,0
APP102009,CUST12009,2024-09-26,46,166040.0,651.0,21,1047887,48,2,0,21722.0,979152,3,Male,Salaried,Postgraduate,Rural,Education,Single,Poor,0
APP102010,CUST12010,2024-12-13,28,48266.0,607.0,4,588795,48,3,1,76504.0,817130,1,Male,,Graduate,Urban,Home,Married,Excellent,0
APP102011,CUST12011,2025-10-28,60,173072.0,600.0,19,1423651,12,5,1,45452.0,415299,0,Female,Self-Employed,High School,Urban,Vehicle,Single,Good,1
APP102012,CUST12012,2024-07-29,32,163083.0,710.0,15,649787,12,0,2,33270.0,574457,3,Male,Salaried,High School,Urban,Personal,Married,Good,0
APP102013,CUST12013,2023-05-16,47,20866.0,661.0,27,1825578,84,4,0,53311.0,945206,5,Female,Salaried,Graduate,Rural,Business,Married,Good,1
APP102014,CUST12014,2024-01-18,28,130669.0,803.0,21,778229,36,1,0,46129.0,890006,5,Female,Business,Postgraduate,Urban,Home,Married,Excellent,0
APP102015,CUST12015,2023-07-05,45,23898.0,687.0,21,950794,60,1,0,11387.0,308166,1,Female,Salaried,High School,Urban,Personal,Married,Excellent,1
APP102016,CUST12016,2024-09-30,24,36395.0,631.0,15,1982457,36,2,0,29394.0,71543,0,Female,Salaried,Graduate,Urban,Personal,Single,Good,1
APP102017,CUST12017,2025-07-16,53,22006.0,702.0,15,1457539,24,5,0,81827.0,884387,4,Female,Contract,High School,Semi-Urban,Vehicle,Married,Good,1
APP102018,CUST12018,2025-08-21,21,28956.0,593.0,13,1924431,24,1,0,35093.0,638056,1,Male,Contract,Graduate,Urban,Vehicle,Married,Good,1
APP102019,CUST12019,2024-07-14,39,155150.0,684.0,5,1202188,12,5,0,61636.0,211782,3,Male,Contract,Postgraduate,Urban,Business,Single,Excellent,1
APP102020,CUST12020,2025-06-16,51,178703.0,714.0,1,136120,48,4,0,73146.0,887848,0,Male,Salaried,Graduate,Urban,Education,Married,Average,0
APP102021,CUST12021,2024-09-30,36,113676.0,705.0,30,953841,24,4,0,40241.0,405419,5,Female,Salaried,Graduate,Urban,Vehicle,Single,Good,0
APP102022,CUST12022,2023-11-17,34,139724.0,788.0,13,927350,24,1,1,59407.0,720132,5,Male,Salaried,Postgraduate,Semi-Urban,Business,Single,Average,0
APP102023,CUST12023,2025-05-07,25,80901.0,850.0,15,640888,36,4,0,33337.0,827924,2,Female,Business,High School,Urban,Personal,Married,Good,0
APP102024,CUST12024,2025-09-24,61,125227.0,740.0,22,616136,36,5,0,9804.0,885957,0,Female,Business,Graduate,Rural,Education,Single,Average,0
APP102025,CUST12025,2023-10-12,46,135192.0,778.0,29,1076923,84,4,0,39058.0,753227,3,Female,Business,Graduate,Semi-Urban,Home,Married,Excellent,0
APP102026,CUST12026,2025-11-17,48,49417.0,850.0,19,581108,84,0,1,80763.0,639518,3,Male,Contract,Postgraduate,Urban,Personal,Married,Excellent,0
APP102027,CUST12027,2023-12-17,22,106020.0,615.0,12,844944,24,5,0,62450.0,355663,2,Male,Business,Postgraduate,Semi-Urban,Business,Single,Good,0
APP102028,CUST12028,2023-03-24,26,101639.0,700.0,14,1266373,12,3,0,56759.0,850068,3,Male,Salaried,High School,Rural,Home,Single,Average,1
APP102029,CUST12029,2024-10-27,29,112881.0,654.0,11,363678,36,4,0,64529.0,60639,0,Male,Salaried,Postgraduate,Urban,Personal,Single,Excellent,1
APP102030,CUST12030,2024-06-24,53,150659.0,753.0,8,1839087,24,4,0,36334.0,569973,5,Female,Salaried,Graduate,Urban,Vehicle,Single,Excellent,1
APP102031,CUST12031,2024-04-24,61,139688.0,710.0,25,1485911,48,5,0,68534.0,222501,1,Female,Salaried,High School,Semi-Urban,Business,Single,Poor,1
APP102032,CUST12032,2023-08-01,45,133584.0,629.0,17,1793712,36,2,0,68452.0,807171,5,Female,Salaried,Graduate,Urban,Home,Married,Excellent,1
APP102033,CUST12033,2025-07-18,33,104567.0,691.0,20,635233,24,3,0,11511.0,428133,5,Female,Business,Graduate,Semi-Urban,Vehicle,Married,Good,0
APP102034,CUST12034,2023-12-26,29,93886.0,769.0,13,1868284,84,3,0,45965.0,25704,0,Female,Salaried,Graduate,Semi-Urban,Home,Single,Average,1
APP102035,CUST12035,2023-08-02,33,167888.0,592.0,19,395564,60,3,0,44440.0,887120,3,Male,Self-Employed,Graduate,Urban,Education,Married,Average,1
APP102036,CUST12036,2023-10-31,51,47432.0,630.0,24,1277103,36,1,0,68118.0,456737,2,Male,Business,Graduate,Urban,Education,Single,Good,1
APP102037,CUST12037,2023-07-19,61,90373.0,619.0,3,1444208,60,0,0,54217.0,314527,2,Female,Salaried,Postgraduate,Rural,Business,Married,Poor,1
APP102038,CUST12038,2023-08-26,31,38884.0,714.0,7,563796,36,0,0,36139.0,208814,4,Female,Salaried,Postgraduate,Urban,Home,Single,Good,1
APP102039,CUST12039,2024-11-01,24,23454.0,783.0,7,233505,36,2,0,73517.0,749152,2,Female,,Graduate,Urban,Education,Single,Excellent,1
APP102040,CUST12040,2025-05-28,54,92960.0,539.0,21,1370431,84,3,0,17785.0,29307,2,Female,Salaried,High School,Semi-Urban,Personal,Married,Average,1
APP102041,CUST12041,2023-09-08,58,120421.0,697.0,21,1813198,72,3,0,59740.0,796148,3,Female,Self-Employed,Postgraduate,Urban,Personal,Married,Good,1
APP102042,CUST12042,2024-04-20,24,61618.0,621.0,15,1184585,72,4,1,85202.0,978774,1,Male,Self-Employed,Graduate,Rural,Education,Married,Good,1
APP102043,CUST12043,2024-05-12,58,65111.0,765.0,26,789145,60,5,1,75632.0,105924,1,Female,Self-Employed,Postgraduate,Semi-Urban,Education,Married,Poor,1
APP102044,CUST12044,2025-09-04,39,138592.0,672.0,23,583885,12,1,0,18950.0,417136,3,Male,Salaried,High School,Semi-Urban,Business,Single,Excellent,0
APP102045,CUST12045,2025-09-23,26,77993.0,700.0,27,1158643,24,1,0,69642.0,960375,2,Male,Salaried,Graduate,Urban,Business,Married,Good,1
APP102046,CUST12046,2024-12-01,54,146652.0,690.0,28,1841456,12,2,0,56169.0,47928,0,Female,Self-Employed,Postgraduate,Rural,Personal,Married,Good,1
APP102047,CUST12047,2025-02-22,38,157920.0,774.0,27,622310,12,0,1,77209.0,487216,5,Female,Salaried,Graduate,Rural,Vehicle,Single,Good,1
APP102048,CUST12048,2024-03-04,33,96672.0,844.0,9,563959,72,3,0,72278.0,501837,5,Male,Salaried,Graduate,Urban,Home,Single,Good,0
APP102049,CUST12049,2024-06-22,61,84125.0,605.0,24,262996,24,5,0,43488.0,805019,1,Male,Business,Postgraduate,Semi-Urban,Vehicle,Married,Good,0
APP102050,CUST12050,2025-06-19,43,135509.0,619.0,30,949105,72,2,0,41277.0,792627,3,Male,Salaried,Graduate,Urban,Business,Married,Average,0
APP102051,CUST12051,2025-08-25,39,79602.0,714.0,20,1598055,72,1,0,50041.0,392855,0,Female,Business,Graduate,Urban,Vehicle,Married,Average,1
APP102052,CUST12052,2023-07-29,65,60222.0,629.0,26,1083360,84,1,0,8534.0,947587,2,Male,Salaried,High School,Urban,Business,Married,Good,1
APP102053,CUST12053,2024-05-05,31,67223.0,760.0,16,461998,72,1,0,85221.0,775452,3,Female,Salaried,Graduate,Semi-Urban,Vehicle,Married,Good,0
APP102054,CUST12054,2024-04-15,21,83333.0,772.0,0,626070,48,3,0,75672.0,907414,1,Male,Salaried,Graduate,Rural,Personal,Single,Good,0
APP102055,CUST12055,2024-07-21,44,140650.0,649.0,30,515360,12,3,1,76121.0,682798,0,Female,Business,High School,Semi-Urban,Business,Married,Good,0
APP102056,CUST12056,2024-10-25,27,67420.0,633.0,17,1808949,84,3,0,79090.0,549297,0,Female,Business,Graduate,Semi-Urban,Personal,Married,Good,1
APP102057,CUST12057,2024-07-03,45,93504.0,669.0,9,1995724,84,4,0,61310.0,111172,1,Male,Salaried,High School,Rural,Vehicle,Married,Good,1
APP102058,CUST12058,2023-07-17,41,20462.0,698.0,25,551525,12,0,1,6634.0,892555,0,Female,Contract,Postgraduate,Rural,Education,Single,Good,1
APP102059,CUST12059,2024-06-04,35,27460.0,714.0,20,954462,84,1,0,21908.0,484895,5,Female,Salaried,Graduate,Semi-Urban,Education,Married,Good,0
APP102060,CUST12060,2024-11-18,21,117319.0,521.0,3,908468,12,1,1,26310.0,265226,1,Male,Salaried,Graduate,Rural,Home,Married,Poor,1
APP102061,CUST12061,2024-04-11,32,158347.0,617.0,0,1396062,48,4,0,85653.0,256505,5,Female,Salaried,Graduate,Urban,Education,Married,Good,0
APP102062,CUST12062,2024-08-18,27,162341.0,660.0,3,1184321,36,1,0,72258.0,280840,3,Male,Salaried,High School,Urban,Home,Single,Good,0
APP102063,CUST12063,2023-05-19,35,147593.0,630.0,3,988481,84,1,0,,395877,4,Male,Salaried,Graduate,Urban,Vehicle,Married,Good,1
APP102064,CUST12064,2025-10-11,41,140672.0,475.0,25,1333224,60,3,0,61081.0,12564,2,Male,Salaried,Graduate,Urban,Home,Married,Good,1
APP102065,CUST12065,2023-08-30,39,90920.0,548.0,3,1418116,60,3,0,66572.0,532925,3,Female,Contract,,Urban,Home,Married,Excellent,1
APP102066,CUST12066,2023-11-12,49,40553.0,592.0,16,1213412,48,0,0,74400.0,760537,5,Female,Self-Employed,Postgraduate,Rural,Home,Married,Good,1
APP102067,CUST12067,2024-10-28,45,173438.0,681.0,8,156998,12,1,0,71603.0,985263,2,Male,Business,Postgraduate,Semi-Urban,Personal,Married,Good,0
APP102068,CUST12068,2025-01-02,53,62036.0,657.0,29,100021,60,2,0,77807.0,678150,2,Female,Self-Employed,Graduate,Semi-Urban,Home,Single,Average,1
APP102069,CUST12069,2023-05-15,52,166441.0,643.0,18,1560849,48,1,0,82364.0,98695,5,Male,Self-Employed,Graduate,Urban,Business,Married,Average,1
APP102070,CUST12070,2024-08-01,55,160867.0,750.0,12,570410,72,1,0,36131.0,731410,5,Male,Salaried,Graduate,Semi-Urban,Vehicle,Single,Good,0
APP102071,CUST12071,2025-12-28,64,88021.0,750.0,3,1229248,24,0,1,25386.0,235953,1,Male,Self-Employed,Graduate,Urban,Personal,Married,Excellent,1
APP102072,CUST12072,2024-03-14,58,125205.0,701.0,4,430703,60,2,0,54781.0,717284,4,Female,Contract,Graduate,Semi-Urban,Business,Single,Excellent,0
APP102073,CUST12073,2023-03-18,46,179215.0,699.0,28,1951844,24,1,1,66760.0,223371,5,Female,Self-Employed,High School,Semi-Urban,Vehicle,Married,Excellent,0
APP102074,CUST12074,2024-02-04,31,178497.0,626.0,12,794875,12,5,0,72370.0,279712,2,Female,Salaried,Graduate,Semi-Urban,Personal,Married,Excellent,0
APP102075,CUST12075,2024-01-09,55,106209.0,635.0,22,474018,60,5,1,59470.0,622827,2,Male,Salaried,High School,Urban,Vehicle,Married,Excellent,1
APP102076,CUST12076,2025-11-01,28,93139.0,562.0,15,783121,48,2,0,58283.0,265515,3,Male,Contract,Graduate,Rural,Education,Married,Good,1
APP102077,CUST12077,2025-01-27,34,23368.0,671.0,21,651305,36,5,0,7353.0,337991,4,Female,Salaried,Graduate,Urban,Vehicle,Married,Good,1
APP102078,CUST12078,2025-01-18,30,153693.0,749.0,4,1578545,60,3,0,18878.0,570884,4,Female,Business,High School,Urban,Education,Married,Good,0
APP102079,CUST12079,2025-02-02,22,76829.0,792.0,7,1864285,60,3,0,81668.0,829747,2,Male,Salaried,Graduate,Rural,Education,Single,Good,1
APP102080,CUST12080,2024-02-21,29,147036.0,672.0,15,761182,60,2,0,13203.0,546479,4,Male,Salaried,High School,Rural,Vehicle,Single,Average,0
APP102081,CUST12081,2023-07-26,23,32719.0,727.0,29,1543395,60,1,0,15322.0,646371,3,Male,Business,High School,Urban,Education,Single,Poor,1
APP102082,CUST12082,2023-12-07,41,47227.0,476.0,0,414833,48,2,0,81831.0,812340,1,Male,Salaried,Graduate,Semi-Urban,Personal,Single,Good,1
APP102083,CUST12083,2024-12-21,46,127430.0,658.0,22,130291,48,5,0,,661775,2,Female,Salaried,Graduate,Urban,Education,Married,Excellent,1
APP102084,CUST12084,2023-11-07,28,156638.0,656.0,27,1975458,36,2,0,40925.0,45276,0,Female,Salaried,Postgraduate,Urban,Home,Single,Excellent,0
APP102085,CUST12085,2024-09-16,22,30306.0,802.0,5,1789528,48,5,0,27247.0,52650,2,Male,Self-Employed,Graduate,Semi-Urban,Personal,Married,Excellent,1
APP102086,CUST12086,2023-03-24,26,71822.0,719.0,10,630294,48,3,0,22340.0,69427,2,Male,Salaried,Postgraduate,Urban,Personal,Single,Good,1
APP102087,CUST12087,2025-10-23,48,,727.0,15,678556,12,2,2,27522.0,613657,1,Female,Salaried,High School,Semi-Urban,Personal,Married,Good,0
APP102088,CUST12088,2025-05-22,49,164158.0,723.0,4,1410858,84,4,0,49594.0,675766,5,Male,Business,Graduate,Urban,Home,Single,Good,0
APP102089,CUST12089,2023-08-24,46,166459.0,693.0,15,636686,12,5,0,82631.0,951840,5,Male,Salaried,Graduate,Rural,Home,Single,Excellent,1
APP102090,CUST12090,2024-01-24,45,176114.0,805.0,6,271163,84,4,0,51335.0,99957,0,Female,Salaried,High School,Semi-Urban,Home,Single,Average,0
APP102091,CUST12091,2024-01-28,32,107424.0,517.0,18,725234,24,3,0,39723.0,237872,0,Female,Self-Employed,High School,Semi-Urban,Home,Married,Excellent,1
APP102092,CUST12092,2025-01-16,25,167395.0,701.0,0,1942236,36,1,0,80740.0,344460,0,Female,Salaried,Graduate,Semi-Urban,Home,Single,Excellent,1
APP102093,CUST12093,2023-01-30,54,36019.0,775.0,8,1947678,84,5,0,9991.0,569159,5,Male,Salaried,Graduate,Rural,Business,Married,Good,1
APP102094,CUST12094,2025-09-08,57,93426.0,548.0,17,1224189,12,1,1,41833.0,279365,1,Male,Contract,Graduate,Rural,Business,Married,Excellent,1
APP102095,CUST12095,2024-08-27,35,58863.0,753.0,12,152071,36,3,0,21067.0,550404,4,Female,Business,Graduate,Semi-Urban,Home,Single,Good,0
APP102096,CUST12096,2023-10-10,64,129023.0,633.0,25,1603672,36,1,0,18763.0,962294,0,Female,Salaried,Graduate,Semi-Urban,Personal,Single,Poor,0
APP102097,CUST12097,2023-08-26,56,159355.0,698.0,14,160572,60,5,0,56955.0,241871,4,Male,Self-Employed,High School,Semi-Urban,Education,Married,Average,0
APP102098,CUST12098,2024-12-31,35,167351.0,631.0,2,822054,72,0,0,49863.0,46474,3,Male,Salaried,Postgraduate,Urban,Education,Single,Excellent,1
APP102099,CUST12099,2023-01-31,63,64999.0,762.0,23,188997,72,5,0,22408.0,223091,1,Male,Salaried,Postgraduate,Urban,Business,Married,Good,0
APP102100,CUST12100,2025-09-04,43,,668.0,27,1888115,72,5,0,30176.0,569388,4,Female,Contract,Postgraduate,Urban,Home,Single,Good,1
APP102101,CUST12101,2025-07-03,26,40908.0,753.0,9,136388,36,4,0,40097.0,122982,5,Female,Salaried,Graduate,Semi-Urban,Vehicle,Married,Poor,1
APP102102,CUST12102,2023-07-26,64,144278.0,723.0,8,670007,60,0,0,56850.0,253668,5,Male,Business,High School,Urban,Education,Married,Poor,0
APP102103,CUST12103,2025-06-21,63,131002.0,630.0,12,1740882,24,0,0,58846.0,272560,0,Female,Salaried,Postgraduate,Semi-Urban,Education,Married,Excellent,1
APP102104,CUST12104,2024-08-05,65,118706.0,728.0,15,1912625,24,0,3,40794.0,20251,0,Female,Salaried,Graduate,Urban,Personal,Single,Average,1
APP102105,CUST12105,2024-04-04,41,140019.0,640.0,2,1172834,72,5,0,68324.0,425290,4,Female,Salaried,Graduate,Semi-Urban,Education,Married,Excellent,1
APP102106,CUST12106,2023-05-16,43,127708.0,695.0,21,886507,24,3,0,63486.0,987951,5,Male,Salaried,Graduate,Rural,Business,Married,Good,0
APP102107,CUST12107,2025-09-04,63,27343.0,667.0,22,1749862,60,0,0,6011.0,455900,4,Male,Business,Graduate,Urban,Home,Married,Good,1
APP102108,CUST12108,2023-10-11,36,94173.0,757.0,14,859063,72,2,0,28427.0,772436,3,Female,Self-Employed,Graduate,Semi-Urban,Home,Married,Good,0
APP102109,CUST12109,2025-04-29,35,118260.0,731.0,16,697408,84,1,1,43392.0,264463,1,Male,Self-Employed,Postgraduate,Semi-Urban,Education,Married,Average,0
APP102110,CUST12110,2023-12-17,45,178206.0,688.0,13,767804,84,3,1,63990.0,738060,5,Female,Self-Employed,Postgraduate,Urban,Vehicle,Married,Good,0
APP102111,CUST12111,2023-01-17,56,87443.0,639.0,6,1982166,60,2,0,55852.0,522656,2,Female,Business,Graduate,Semi-Urban,Business,Married,Average,1
APP102112,CUST12112,2024-02-18,31,75530.0,595.0,19,559800,24,5,0,20229.0,321966,5,Male,Business,Graduate,Urban,Education,Single,Poor,1
APP102113,CUST12113,2023-01-06,35,153899.0,700.0,15,451099,72,5,0,83780.0,204076,3,Female,Salaried,Graduate,Urban,Business,Single,Average,1
APP102114,CUST12114,2025-02-18,24,114143.0,643.0,20,1669085,84,2,0,87138.0,974084,5,Female,Business,Graduate,Urban,Vehicle,Married,Good,1
APP102115,CUST12115,2023-03-28,41,162771.0,549.0,7,1246845,60,4,0,30302.0,715660,3,Female,Salaried,High School,Rural,Business,Single,Average,1
APP102116,CUST12116,2023-07-08,33,132527.0,590.0,3,1466642,48,4,1,28536.0,48655,5,Female,Self-Employed,High School,Rural,Business,Married,Good,1
APP102117,CUST12117,2024-02-24,42,,812.0,30,83550,84,2,0,10585.0,924531,3,Female,Business,Graduate,Rural,Business,Married,Average,0
APP102118,CUST12118,2025-12-26,39,162670.0,641.0,19,326786,48,4,0,54130.0,94091,0,Female,Salaried,High School,Rural,Home,Single,Excellent,0
APP102119,CUST12119,2023-09-05,54,129362.0,771.0,23,680381,60,1,1,66957.0,148016,4,Male,Salaried,Postgraduate,Urban,Vehicle,Single,Good,1
APP102120,CUST12120,2025-05-09,34,46807.0,663.0,14,467799,60,1,3,62210.0,267459,5,Female,Contract,Postgraduate,Urban,Home,Married,Average,1
APP102121,CUST12121,2023-07-26,24,77550.0,783.0,4,1359764,12,5,0,87731.0,215741,1,Male,Salaried,High School,Rural,Personal,Married,Average,0
APP102122,CUST12122,2024-02-28,47,21558.0,778.0,12,1716749,84,4,1,85373.0,172829,0,Male,Business,Graduate,Semi-Urban,Education,Single,Poor,1
APP102123,CUST12123,2024-07-02,49,68113.0,628.0,5,653826,12,0,1,10456.0,784341,3,Male,Salaried,Postgraduate,Urban,Home,Single,Excellent,0
APP102124,CUST12124,2024-05-01,48,70999.0,541.0,27,374158,36,2,1,58861.0,103834,1,Male,Self-Employed,Postgraduate,Semi-Urban,Business,Married,Good,1
APP102125,CUST12125,2023-05-13,55,,547.0,26,855955,84,1,2,42289.0,422484,0,Male,Business,Postgraduate,Urban,Personal,Single,Good,1
APP102126,CUST12126,2023-04-25,28,71218.0,629.0,29,422429,72,4,0,14775.0,638186,2,Female,Salaried,Graduate,Semi-Urban,Vehicle,Married,Good,0
APP102127,CUST12127,2024-01-12,36,37229.0,832.0,4,775903,36,4,0,69881.0,318155,5,Female,Salaried,High School,Semi-Urban,Vehicle,Married,Good,1
APP102128,CUST12128,2025-09-03,62,93209.0,659.0,16,680167,36,1,1,19099.0,987048,5,Male,Salaried,Graduate,Semi-Urban,Home,Single,Excellent,0
APP102129,CUST12129,2023-07-30,56,45877.0,701.0,6,140629,24,1,0,46842.0,468509,3,Female,Salaried,Graduate,Semi-Urban,Business,Single,Average,0
APP102130,CUST12130,2023-05-12,50,115137.0,788.0,5,1606280,48,0,0,62163.0,569928,0,Male,Salaried,Graduate,Rural,Business,Single,Average,0
APP102131,CUST12131,2023-06-03,38,56084.0,698.0,1,388974,24,4,0,87351.0,905234,0,Female,Business,Postgraduate,Urban,Vehicle,Single,Excellent,0
APP102132,CUST12132,2025-07-08,22,99780.0,696.0,10,1071445,72,4,1,82762.0,166039,3,Male,Contract,Graduate,Semi-Urban,Business,Married,Excellent,1
APP102133,CUST12133,2025-08-09,33,165878.0,737.0,6,1406258,60,3,0,79675.0,620619,2,Male,Self-Employed,Postgraduate,Semi-Urban,Education,Married,Excellent,1
APP102134,CUST12134,2025-03-16,24,55034.0,712.0,21,359454,12,5,0,49867.0,558086,5,Male,Business,Graduate,Semi-Urban,Home,Married,Good,0
APP102135,CUST12135,2023-05-27,46,73468.0,683.0,20,978412,72,0,0,14859.0,460004,4,Female,Business,Graduate,Urban,Home,Married,Average,1
APP102136,CUST12136,2024-12-15,45,168166.0,636.0,7,1213842,60,1,0,60700.0,113262,2,Female,Self-Employed,Graduate,Rural,Business,Single,Excellent,0
APP102137,CUST12137,2023-08-19,50,28589.0,696.0,4,1286938,72,1,0,7539.0,366515,3,Male,Business,Graduate,Urban,Vehicle,Single,Good,1
APP102138,CUST12138,2024-03-26,31,75221.0,772.0,26,496850,60,2,0,,822893,4,Male,Salaried,Postgraduate,Urban,Education,Single,Excellent,1
APP102139,CUST12139,2025-06-25,27,19657.0,824.0,17,849131,84,5,0,38158.0,366175,0,Female,Salaried,Graduate,Semi-Urban,Education,Single,Poor,1
APP102140,CUST12140,2025-12-08,51,116300.0,712.0,21,1329817,12,1,1,70618.0,873595,2,Female,Salaried,Postgraduate,Urban,Education,Married,Average,1
APP102141,CUST12141,2023-04-17,64,135229.0,747.0,15,1349825,60,4,0,55154.0,854928,2,Male,Business,Postgraduate,Urban,Personal,Single,Poor,1
APP102142,CUST12142,2023-04-03,30,57531.0,710.0,13,116912,36,1,2,62824.0,96897,5,Male,Salaried,Postgraduate,Urban,Business,Single,Excellent,1
APP102143,CUST12143,2025-04-08,59,70227.0,683.0,11,1768191,72,4,0,17281.0,595535,5,Male,Salaried,Graduate,Semi-Urban,Education,Married,Good,0
APP102144,CUST12144,2023-05-20,33,21164.0,729.0,16,129183,12,4,3,20120.0,147157,4,Female,Salaried,Graduate,Urban,Business,Married,Excellent,0
APP102145,CUST12145,2023-01-11,51,111078.0,779.0,4,110282,60,0,0,14946.0,622550,0,Male,Contract,Graduate,Urban,Vehicle,Married,Good,0
APP102146,CUST12146,2024-03-23,27,59247.0,624.0,13,108249,36,1,0,81427.0,471676,2,Female,Business,Graduate,Semi-Urban,Vehicle,Single,Excellent,0
APP102147,CUST12147,2025-07-15,62,168673.0,581.0,5,1661040,36,0,0,31111.0,86085,4,Female,Salaried,Postgraduate,Urban,Vehicle,Single,Average,1
APP102148,CUST12148,2024-01-30,62,68599.0,650.0,14,582451,84,5,0,57396.0,132061,2,Male,Self-Employed,High School,Urban,Personal,Single,Good,1
APP102149,CUST12149,2024-01-13,56,153624.0,706.0,6,1939218,48,4,0,38290.0,325996,5,Female,Contract,Postgraduate,Rural,Vehicle,Single,Good,0
APP102150,CUST12150,2023-12-27,40,158489.0,755.0,13,173844,36,5,0,39462.0,734358,0,Male,Salaried,Postgraduate,Semi-Urban,Business,Married,Average,0
APP102151,CUST12151,2024-11-13,24,86207.0,616.0,17,416731,24,1,0,89172.0,113293,0,Male,Salaried,Postgraduate,Semi-Urban,Home,Married,Good,1
APP102152,CUST12152,2025-10-13,27,90055.0,503.0,0,805640,12,5,0,9837.0,269704,1,Female,Self-Employed,Graduate,Urban,Home,Married,Good,0
APP102153,CUST12153,2024-10-03,21,120266.0,652.0,5,384123,12,5,2,16801.0,747419,4,Male,Salaried,Graduate,Semi-Urban,Business,Single,Good,0
APP102154,CUST12154,2024-07-26,64,96270.0,675.0,2,653148,12,1,0,28710.0,24944,5,Female,,Graduate,Semi-Urban,Home,Single,Poor,0
APP102155,CUST12155,2025-09-23,65,129426.0,603.0,4,1250791,60,0,3,45916.0,334857,5,Female,Business,Postgraduate,Urban,Education,Married,Good,1
APP102156,CUST12156,2025-07-11,62,152794.0,633.0,11,1889928,72,0,0,18065.0,251597,5,Male,Self-Employed,High School,Semi-Urban,Home,Married,Good,0
APP102157,CUST12157,2024-01-31,33,88442.0,755.0,30,1705775,60,4,0,67546.0,982665,3,Female,Self-Employed,Graduate,Semi-Urban,Personal,Married,Poor,1
APP102158,CUST12158,2023-07-05,42,113632.0,696.0,10,874428,24,4,0,50474.0,25098,2,Female,Contract,Graduate,Urban,Vehicle,Married,Good,1
APP102159,CUST12159,2024-01-06,41,39438.0,,12,1503540,72,1,1,41388.0,237454,0,Male,Salaried,Graduate,Semi-Urban,Home,Married,Poor,1
APP102160,CUST12160,2024-08-30,42,76819.0,663.0,15,406215,84,1,0,81167.0,556763,2,Female,Salaried,Graduate,Urban,Home,Married,Excellent,0
APP102161,CUST12161,2023-10-09,48,61856.0,633.0,30,97252,36,3,0,79667.0,440952,2,Male,Salaried,Graduate,Semi-Urban,Personal,Single,Good,1
APP102162,CUST12162,2025-11-22,29,59938.0,663.0,17,959166,60,3,0,84843.0,681776,3,Male,Business,Postgraduate,Semi-Urban,Personal,Married,Excellent,1
APP102163,CUST12163,2023-03-23,46,77807.0,727.0,30,506395,72,2,0,8709.0,788669,0,Female,Business,Graduate,Urban,Home,Married,Good,0
APP102164,CUST12164,2023-05-28,29,67877.0,578.0,16,1151332,36,4,0,53754.0,740016,1,Female,Self-Employed,Postgraduate,Semi-Urban,Education,Single,Excellent,1
APP102165,CUST12165,2025-08-22,35,61461.0,814.0,16,1935243,72,5,0,10094.0,383482,5,Male,Self-Employed,Graduate,Rural,Home,Single,Excellent,1
APP102166,CUST12166,2025-09-18,30,111474.0,733.0,28,402690,36,2,1,14415.0,7948,4,Female,Salaried,High School,Urban,Education,Single,Excellent,0
APP102167,CUST12167,2025-08-05,44,101136.0,650.0,10,443236,72,2,0,53846.0,662880,2,Male,Salaried,Postgraduate,Rural,Vehicle,Single,Good,1
APP102168,CUST12168,2024-05-09,62,38435.0,751.0,19,962234,60,0,1,84066.0,208877,3,Female,Salaried,High School,Urban,Business,Single,Excellent,1
APP102169,CUST12169,2024-12-23,28,163263.0,782.0,9,1309901,60,5,0,12472.0,394438,3,Male,Self-Employed,Graduate,Rural,Vehicle,Married,Average,0
APP102170,CUST12170,2024-12-03,44,102726.0,665.0,28,420565,24,0,0,68730.0,67976,4,Male,Business,Graduate,Urban,Home,Married,Excellent,0
APP102171,CUST12171,2025-10-27,36,176458.0,674.0,15,977168,84,3,3,41131.0,149408,4,Female,Business,Graduate,Urban,Home,Married,Good,1
APP102172,CUST12172,2025-04-05,46,72786.0,802.0,1,1427355,84,2,0,89943.0,720472,0,Female,Salaried,Graduate,Urban,Education,Single,Excellent,1
APP102173,CUST12173,2024-03-09,47,31704.0,849.0,16,859657,48,3,0,88737.0,520501,2,Female,Salaried,Graduate,Rural,Personal,Single,Excellent,1
APP102174,CUST12174,2025-11-23,57,74635.0,692.0,21,249245,12,5,1,32948.0,771094,2,Male,Business,Postgraduate,Semi-Urban,Education,Single,Average,0
APP102175,CUST12175,2024-07-16,24,151195.0,603.0,29,943317,60,5,0,51908.0,805452,4,Male,Salaried,Graduate,Semi-Urban,Personal,Married,Average,1
APP102176,CUST12176,2023-05-18,44,108710.0,655.0,19,1597840,60,4,0,54835.0,97816,5,Female,Salaried,Postgraduate,Rural,Personal,Married,Average,0
APP102177,CUST12177,2024-01-02,39,80993.0,767.0,9,1183909,36,1,0,28115.0,526908,1,Female,Salaried,Graduate,Urban,Personal,Single,Good,0
APP102178,CUST12178,2023-04-16,56,130752.0,613.0,12,1794161,48,0,0,32961.0,331710,2,Male,Self-Employed,Graduate,Urban,Personal,Married,Excellent,1
APP102179,CUST12179,2025-03-04,59,174488.0,674.0,11,322951,84,4,0,52083.0,900446,3,Female,Salaried,High School,Semi-Urban,Home,Married,Excellent,0
APP102180,CUST12180,2025-11-21,30,150886.0,712.0,14,1050778,60,4,0,64417.0,152818,5,Female,Salaried,Graduate,Urban,Business,Single,Good,1
APP102181,CUST12181,2024-09-27,45,96537.0,621.0,6,1104978,72,0,0,57062.0,783889,4,Male,Self-Employed,Postgraduate,Urban,Business,Single,Average,1
APP102182,CUST12182,2025-09-13,38,68258.0,772.0,26,1103097,84,0,1,52182.0,859224,2,Female,Salaried,High School,Semi-Urban,Vehicle,Married,Average,0
APP102183,CUST12183,2025-08-15,39,165580.0,742.0,21,768525,48,5,0,7017.0,372800,0,Male,Salaried,High School,Urban,Vehicle,Married,Good,0
APP102184,CUST12184,2025-05-04,56,103166.0,841.0,20,825173,12,5,0,9223.0,360392,4,Male,Self-Employed,High School,Urban,Vehicle,Single,Good,1
APP102185,CUST12185,2023-03-19,30,131710.0,749.0,25,951125,72,2,0,66852.0,83372,3,Female,Business,Graduate,Urban,Education,Single,Excellent,0
APP102186,CUST12186,2023-07-28,53,53699.0,618.0,27,58382,36,3,1,55509.0,686071,0,Female,Salaried,Graduate,Urban,Vehicle,Married,Average,1
APP102187,CUST12187,2023-01-08,25,64335.0,730.0,12,566243,24,5,1,28075.0,795790,4,Female,Salaried,Graduate,Semi-Urban,Vehicle,Single,Good,1
APP102188,CUST12188,2025-01-06,55,64806.0,764.0,11,947428,72,4,1,11531.0,671699,4,Male,Salaried,Graduate,Urban,Vehicle,Married,Good,1
APP102189,CUST12189,2023-08-15,64,95853.0,768.0,11,1594449,84,2,1,9666.0,561327,2,Male,Salaried,Graduate,Urban,Home,Single,Average,1
APP102190,CUST12190,2023-06-24,54,,632.0,27,589353,12,2,0,49023.0,911417,0,Male,Business,Postgraduate,Semi-Urban,Vehicle,Single,Average,0
APP102191,CUST12191,2023-03-22,53,52785.0,623.0,1,397614,72,4,0,40236.0,812677,4,Female,Salaried,High School,Rural,Business,Single,Excellent,1
APP102192,CUST12192,2025-12-16,41,103016.0,605.0,4,64425,48,5,0,45059.0,658312,5,Male,Salaried,Graduate,Semi-Urban,Home,Married,Excellent,0
APP102193,CUST12193,2023-08-26,37,150681.0,,24,849543,48,4,0,45023.0,248859,3,Male,Salaried,Graduate,Semi-Urban,Personal,Married,Average,1
APP102194,CUST12194,2025-11-15,42,84253.0,737.0,24,1270447,12,1,0,9236.0,808691,0,Male,Salaried,Postgraduate,Semi-Urban,Education,Married,Good,0
APP102195,CUST12195,2023-07-06,57,109128.0,628.0,1,627545,84,5,0,72475.0,66086,5,Female,Salaried,Graduate,Semi-Urban,Home,Married,Average,1
APP102196,CUST12196,2024-09-21,35,177213.0,700.0,22,1815113,48,3,0,41624.0,191179,2,Male,Contract,Postgraduate,Rural,Home,Married,Excellent,1
APP102197,CUST12197,2025-10-10,55,179081.0,681.0,25,393190,72,4,1,37818.0,208737,1,Female,Self-Employed,High School,Rural,Business,Married,Average,0
APP102198,CUST12198,2025-03-25,48,145581.0,617.0,29,874283,24,5,0,86462.0,189075,4,Female,Salaried,High School,Semi-Urban,Vehicle,Single,Average,0
APP102199,CUST12199,2024-09-05,27,128966.0,693.0,19,1631680,72,0,0,35100.0,184861,1,Male,Business,Graduate,Urban,Personal,Married,Average,1
APP102200,CUST10000,2025-06-10,52,155854.0,704.0,12,1569645,24,1,0,71896.0,768008,4,Male,Salaried,Graduate,Semi-Urban,Business,Married,Good,1
APP102201,CUST10001,2023-06-27,31,117352.0,835.0,28,52175,48,3,0,49696.0,963077,5,Male,Salaried,Graduate,Urban,Business,Married,Good,1
APP102202,CUST10002,2025-09-11,30,175005.0,641.0,2,1372061,72,5,0,82530.0,454024,2,Female,Contract,Graduate,Rural,Home,Married,Excellent,1
APP102203,CUST10003,2023-10-07,29,95154.0,562.0,10,900340,48,0,0,29941.0,701948,2,Female,Salaried,High School,Semi-Urban,Personal,Married,Poor,1
APP102204,CUST10004,2025-03-08,34,157379.0,611.0,15,1779590,84,5,0,64347.0,868179,2,Female,Contract,Graduate,Semi-Urban,Business,Married,Excellent,1
APP102205,CUST10005,2025-12-13,33,126297.0,623.0,0,1552687,24,0,0,81629.0,231805,2,Female,Self-Employed,Graduate,Urban,Education,Single,Excellent,0
APP102206,CUST10006,2023-03-08,45,56346.0,658.0,18,1682560,84,3,0,38025.0,659484,0,Male,Contract,Graduate,Urban,Education,Married,Excellent,1
APP102207,CUST10007,2024-06-27,22,130138.0,612.0,10,238961,48,1,0,16651.0,610452,0,Male,Business,Graduate,Urban,Business,Single,Average,0
APP102208,CUST10008,2024-06-03,55,68772.0,752.0,8,1316792,60,0,0,88254.0,948804,4,Female,Salaried,Postgraduate,Urban,Home,Married,Average,1
APP102209,CUST10009,2024-05-13,27,58149.0,606.0,13,395259,36,2,0,54823.0,509460,0,Female,Business,Graduate,Semi-Urban,Education,Married,Average,0
APP102210,CUST10010,2025-08-03,41,,692.0,30,342338,72,3,0,53122.0,183164,4,Female,Salaried,Graduate,Urban,Home,Married,Good,0
APP102211,CUST10011,2024-12-27,38,176598.0,840.0,8,478053,60,3,1,18589.0,874480,0,Female,Self-Employed,Graduate,Rural,Vehicle,Married,Poor,0
APP102212,CUST10012,2025-12-05,23,114758.0,732.0,6,1560686,84,4,0,44768.0,484697,0,Female,Salaried,Postgraduate,Urban,Vehicle,Single,Excellent,1
APP102213,CUST10013,2025-11-24,62,146447.0,724.0,15,1182934,48,1,1,69986.0,505475,0,Female,Self-Employed,Postgraduate,Urban,Home,Married,Average,0
APP102214,CUST10014,2023-07-08,59,23695.0,829.0,2,1271224,48,2,2,5234.0,235395,3,Female,Business,Postgraduate,Semi-Urban,Business,Single,Good,0
APP102215,CUST10015,2025-08-04,61,57169.0,783.0,28,1463268,36,2,1,77370.0,525069,2,Female,Business,Graduate,Urban,Vehicle,Single,Good,1
APP102216,CUST10016,2023-05-16,31,65947.0,732.0,18,1773663,48,4,1,20055.0,446624,3,Male,Business,Graduate,Rural,Vehicle,Married,Excellent,0
APP102217,CUST10017,2024-06-29,59,63865.0,667.0,3,608867,36,0,0,73743.0,913694,0,Male,Business,Graduate,Urban,Education,Married,Excellent,1
APP102218,CUST10018,2025-03-03,44,174625.0,688.0,6,1195130,72,0,0,7400.0,746207,0,Female,Salaried,Postgraduate,Urban,Business,Single,Good,0
APP102219,CUST10019,2024-07-08,39,122501.0,685.0,22,721915,24,2,0,80145.0,70124,3,Male,Business,High School,Urban,Home,Single,Excellent,1
APP102220,CUST10020,2025-06-12,24,78410.0,660.0,27,1938302,36,1,0,59157.0,302753,5,Male,Self-Employed,High School,Urban,Vehicle,Single,Good,1
APP102221,CUST10021,2025-08-03,46,121754.0,706.0,11,624065,36,0,0,65598.0,933643,4,Male,Business,Graduate,Semi-Urban,Business,Married,Excellent,0
APP102222,CUST10022,2024-06-08,58,108895.0,716.0,29,1497698,60,3,0,30015.0,698605,2,Female,Contract,High School,Urban,Vehicle,Married,Excellent,0
APP102223,CUST10023,2023-06-23,62,173888.0,597.0,17,90751,48,5,0,84720.0,243242,4,Female,Salaried,Postgraduate,Semi-Urban,Education,Single,Average,0
APP102224,CUST10024,2024-09-28,52,68705.0,812.0,27,1299247,72,4,2,71186.0,448376,5,Female,Salaried,Postgraduate,Semi-Urban,Business,Married,Average,1
APP102225,CUST10025,2023-07-26,59,133700.0,721.0,30,1207326,24,1,0,69430.0,743506,2,Male,Business,Graduate,Semi-Urban,Personal,Single,Poor,0
APP102226,CUST10026,2025-08-06,65,91914.0,670.0,4,1172756,12,0,0,54185.0,711147,1,Female,Salaried,Graduate,Urban,Education,Married,Good,1
APP102227,CUST10027,2023-04-14,56,19881.0,707.0,22,813274,84,5,0,67306.0,165024,2,Male,Salaried,Graduate,Semi-Urban,Home,Single,Average,1
APP102228,CUST10028,2025-11-29,60,65365.0,760.0,22,254750,36,2,0,24416.0,593691,4,Female,Business,Graduate,Urban,Business,Married,Average,0
APP102229,CUST10029,2025-11-12,57,97211.0,580.0,21,1916652,12,4,0,83655.0,477320,2,Female,Salaried,Graduate,Semi-Urban,Vehicle,Single,Good,1
APP102230,CUST10030,2023-10-17,53,174078.0,682.0,25,1132097,48,0,0,78180.0,782309,1,Male,Contract,Postgraduate,Urban,Business,Married,Good,1
APP102231,CUST10031,2024-07-20,56,59198.0,601.0,9,585852,84,2,0,55262.0,750795,1,Female,Contract,High School,Urban,Home,Married,Excellent,1
APP102232,CUST10032,2025-08-21,23,171903.0,850.0,11,679443,36,0,0,79189.0,507550,0,Male,Salaried,Postgraduate,Semi-Urban,Business,Single,Excellent,0
APP102233,CUST10033,2025-04-17,29,118649.0,700.0,7,1038144,12,4,0,84952.0,82538,1,Female,Business,Postgraduate,Semi-Urban,Vehicle,Single,Average,1
APP102234,CUST10034,2024-02-15,28,,602.0,18,470515,60,3,0,58662.0,930033,3,Female,Salaried,Postgraduate,Urban,Education,Single,Good,0
APP102235,CUST10035,2025-05-31,53,154949.0,850.0,14,1089535,12,3,0,72410.0,743965,4,Female,Business,Graduate,Urban,Education,Married,Good,0
APP102236,CUST10036,2025-06-04,26,57553.0,650.0,0,1539750,84,5,0,57191.0,839910,3,Male,Salaried,Graduate,Rural,Vehicle,Single,Excellent,1
APP102237,CUST10037,2024-02-28,61,153994.0,674.0,2,237150,60,2,0,80965.0,67525,5,Female,Business,Postgraduate,Urban,Personal,Married,Good,0
APP102238,CUST10038,2023-06-04,59,140778.0,680.0,26,1505213,84,3,0,17213.0,598536,3,Male,Salaried,Postgraduate,Urban,Personal,Married,Average,0
APP102239,CUST10039,2023-05-31,24,135018.0,626.0,17,1449467,24,4,0,53987.0,134210,4,Male,Self-Employed,Postgraduate,Urban,Education,Single,Good,1
APP102240,CUST10040,2023-07-31,33,153758.0,,17,847634,48,2,0,88176.0,987595,5,Male,Business,Postgraduate,Semi-Urban,Home,Single,Good,0
APP102241,CUST10041,2025-05-30,22,50766.0,524.0,29,421551,72,0,0,64783.0,306970,3,Female,Salaried,Graduate,Semi-Urban,Business,Married,Good,1
APP102242,CUST10042,2025-01-24,25,50006.0,771.0,29,1757621,12,1,1,66353.0,980389,3,Female,Business,High School,Urban,Vehicle,Single,Good,1
APP102243,CUST10043,2024-06-24,64,49422.0,605.0,1,1188773,36,0,0,20802.0,286472,5,Female,Contract,High School,Semi-Urban,Home,Single,Poor,1
APP102244,CUST10044,2024-12-01,47,134590.0,659.0,4,1141213,84,4,1,86658.0,88247,3,Female,Self-Employed,Graduate,Semi-Urban,Business,Married,Average,1
APP102245,CUST10045,2023-06-21,52,30205.0,746.0,28,723726,84,5,0,65646.0,797338,1,Female,Business,Graduate,Semi-Urban,Education,Single,Excellent,1
APP102246,CUST10046,2024-01-06,41,172599.0,675.0,0,1595040,48,2,0,48671.0,259590,4,Male,Salaried,Graduate,Rural,Vehicle,Married,Good,1
APP102247,CUST10047,2025-07-01,28,167515.0,678.0,9,1122852,12,0,0,71945.0,820539,4,Male,Self-Employed,Graduate,Urban,Home,Single,Good,0
APP102248,CUST10048,2025-03-12,58,165596.0,614.0,19,1965954,36,2,1,48388.0,318556,4,Male,Salaried,Graduate,Rural,Business,Married,Good,1
APP102249,CUST10049,2023-09-13,28,134477.0,847.0,29,1960222,36,3,2,39600.0,612637,3,Male,Salaried,Graduate,Rural,Education,Married,Good,1
APP102250,CUST10050,2025-09-16,23,46202.0,730.0,9,205647,84,1,0,88944.0,786105,1,Male,Self-Employed,Graduate,Urban,Education,Married,Excellent,0
APP102251,CUST10051,2024-11-06,64,79692.0,609.0,4,1533193,72,4,0,65690.0,931657,4,Male,Self-Employed,Postgraduate,Rural,Business,Single,Average,1
APP102252,CUST10052,2025-05-13,23,38855.0,703.0,17,353374,84,0,1,10736.0,313357,2,Female,Salaried,Postgraduate,Semi-Urban,Personal,Single,Good,0
APP102253,CUST10053,2024-02-20,42,,603.0,20,1833360,72,1,0,75529.0,692039,4,Male,Salaried,High School,Rural,Personal,Married,Poor,1
APP102254,CUST10054,2023-11-25,26,67241.0,819.0,25,1049767,84,4,1,48871.0,493340,0,Male,Business,Graduate,Semi-Urban,Business,Single,Excellent,1
APP102255,CUST10055,2025-07-06,22,121119.0,705.0,14,436230,84,4,0,52165.0,905064,2,Male,Salaried,Postgraduate,Urban,Business,Married,Excellent,0
APP102256,CUST10056,2025-08-19,43,70003.0,617.0,19,1228102,36,5,1,61786.0,515866,4,Male,Salaried,Graduate,Semi-Urban,Business,Single,Good,1
APP102257,CUST10057,2025-04-03,64,112837.0,742.0,7,1606299,72,3,1,36247.0,89388,3,Female,Salaried,Graduate,Urban,Education,Married,Good,1
APP102258,CUST10058,2023-09-06,22,112283.0,669.0,16,511833,36,5,0,33821.0,380102,4,Male,Salaried,Graduate,Urban,Vehicle,Single,Good,1
APP102259,CUST10059,2025-01-14,58,165044.0,593.0,30,728381,12,5,0,8213.0,942116,1,Female,Contract,Graduate,Semi-Urban,Education,Married,Poor,1
APP102260,CUST10060,2023-11-04,37,141805.0,719.0,11,1507449,84,2,0,34495.0,35907,1,Female,Business,Graduate,Rural,Education,Married,Good,1
APP102261,CUST10061,2024-07-26,55,111846.0,716.0,20,1395779,24,2,0,76744.0,100707,4,Male,Salaried,High School,Semi-Urban,Personal,Single,Good,1
APP102262,CUST10062,2025-03-08,54,40927.0,775.0,29,1100108,72,1,0,14644.0,396329,3,Male,Salaried,Graduate,Semi-Urban,Business,Single,Average,1
APP102263,CUST10063,2025-09-27,43,138589.0,695.0,29,569518,60,3,0,11453.0,521224,3,Female,Contract,Graduate,Urban,Education,Married,Good,0
APP102264,CUST10064,2025-01-30,50,133657.0,698.0,26,1201242,60,4,1,81629.0,844983,3,Male,Business,Graduate,Semi-Urban,Education,Married,Good,1
APP102265,CUST10065,2023-10-20,28,84630.0,702.0,11,1804741,60,3,2,16263.0,479200,4,Male,Salaried,Graduate,Semi-Urban,Business,Married,Average,1
APP102266,CUST10066,2024-02-14,42,122428.0,810.0,25,1180127,24,3,0,61480.0,664326,4,Male,Business,Graduate,Urban,Vehicle,Married,Good,1
APP102267,CUST10067,2023-07-17,64,140035.0,667.0,0,218828,36,1,0,70841.0,112412,0,Female,Salaried,Graduate,Urban,Personal,Single,Good,0
APP102268,CUST10068,2023-03-21,56,144244.0,725.0,25,1694744,36,2,1,37021.0,190505,1,Male,Salaried,Postgraduate,Semi-Urban,Home,Married,Good,1
APP102269,CUST10069,2023-05-17,25,87518.0,736.0,25,156734,48,3,1,,681761,2,Female,Salaried,Graduate,Urban,Education,Married,Good,0
APP102270,CUST10070,2023-08-01,33,99326.0,716.0,3,950429,60,3,1,71408.0,157611,2,Female,Contract,Graduate,Urban,Vehicle,Married,Excellent,0
APP102271,CUST10071,2024-09-10,49,161277.0,664.0,7,780002,60,3,0,46128.0,825450,1,Female,Business,Graduate,Rural,Home,Single,Poor,0
APP102272,CUST10072,2025-08-17,51,138243.0,699.0,0,1001710,36,0,1,47563.0,850974,5,Male,Salaried,Graduate,Rural,Business,Married,Excellent,0
APP102273,CUST10073,2023-06-15,36,30748.0,683.0,26,888600,60,3,0,22414.0,992728,0,Female,Self-Employed,Postgraduate,Semi-Urban,Home,Single,Excellent,0
APP102274,CUST10074,2024-03-05,62,170169.0,837.0,14,163123,36,3,2,80462.0,68534,1,Male,Salaried,Graduate,Semi-Urban,Business,Single,Good,0
APP102275,CUST10075,2023-05-01,50,152164.0,656.0,17,780548,84,4,2,60883.0,222065,0,Female,Salaried,Postgraduate,Urban,Vehicle,Married,Average,0
APP102276,CUST10076,2023-11-27,36,71311.0,622.0,0,992054,84,5,1,42210.0,41555,5,Male,Salaried,Graduate,Urban,Home,Married,Average,1
APP102277,CUST10077,2025-12-27,32,40692.0,690.0,10,1498181,36,0,0,20290.0,505651,0,Male,Self-Employed,High School,Rural,Personal,Single,Good,1
APP102278,CUST10078,2024-09-11,37,142954.0,684.0,22,1186473,72,3,1,8667.0,626203,3,Female,Salaried,Postgraduate,Semi-Urban,Vehicle,Married,Average,1
APP102279,CUST10079,2023-02-06,36,172934.0,705.0,1,1789783,36,5,0,22660.0,277614,1,Female,Salaried,,Semi-Urban,Home,Married,Good,1
APP102280,CUST10080,2025-08-21,32,148035.0,656.0,0,678887,12,3,0,77089.0,829858,2,Female,Salaried,High School,Urban,Education,Single,Good,1
APP102281,CUST10081,2025-04-24,28,,698.0,30,1964247,12,1,1,87462.0,210801,4,Male,Self-Employed,Postgraduate,Rural,Home,Married,Average,1
APP102282,CUST10082,2025-03-07,40,98152.0,700.0,11,1379362,12,1,0,62698.0,320068,5,Male,Salaried,Graduate,Urban,Home,Single,Excellent,1
APP102283,CUST10083,2023-10-13,23,,758.0,15,1467582,12,5,0,9808.0,236588,5,Male,Salaried,High School,Urban,Personal,Single,Average,1
APP102284,CUST10084,2025-06-05,36,21969.0,697.0,21,1347327,24,0,1,45499.0,896699,4,Female,Salaried,Graduate,Urban,Vehicle,Single,Good,1
APP102285,CUST10085,2023-08-08,50,53733.0,698.0,21,1135085,48,4,1,33015.0,850386,1,Male,Salaried,Graduate,Semi-Urban,Education,Married,Average,0
APP102286,CUST10086,2025-10-27,65,87855.0,729.0,9,1964425,48,0,1,38351.0,391651,4,Male,Self-Employed,High School,Semi-Urban,Vehicle,Single,Excellent,1
APP102287,CUST10087,2023-08-04,43,59743.0,755.0,17,885669,36,0,0,54662.0,485829,0,Male,Contract,Graduate,Semi-Urban,Vehicle,Married,Poor,0
APP102288,CUST10088,2024-11-11,48,148193.0,616.0,14,720774,84,1,0,79674.0,172831,4,Female,Salaried,Graduate,Urban,Education,Married,Good,1
APP102289,CUST10089,2023-10-20,60,125445.0,596.0,16,1948184,60,1,0,41241.0,997335,0,Female,Self-Employed,Postgraduate,Rural,Education,Single,Good,1
APP102290,CUST10090,2023-02-12,25,38323.0,817.0,29,1227209,12,4,1,6198.0,515091,0,Male,Salaried,Graduate,Rural,Personal,Married,Good,1
APP102291,CUST10091,2024-11-23,40,34428.0,743.0,9,916297,48,3,0,17113.0,281879,2,Female,Salaried,Graduate,Urban,Business,Married,Poor,1
APP102292,CUST10092,2025-08-16,60,52578.0,674.0,2,1740045,48,4,1,43639.0,576299,4,Female,Salaried,Graduate,Rural,Personal,Married,Good,1
APP102293,CUST10093,2023-04-24,64,104486.0,691.0,25,636347,12,3,0,69036.0,902153,2,Female,Self-Employed,High School,Rural,Education,Single,Good,0
APP102294,CUST10094,2025-07-09,21,82140.0,661.0,29,361294,84,5,3,72983.0,991072,4,Female,Business,Graduate,Urban,Home,Single,Average,1
APP102295,CUST10095,2023-08-25,50,125325.0,706.0,20,924799,24,5,0,79944.0,769669,0,Female,Business,Graduate,Urban,Home,Married,Good,1
APP102296,CUST10096,2024-10-14,41,101829.0,617.0,15,1663955,24,2,0,22674.0,916805,4,Female,Salaried,Graduate,Rural,Vehicle,Single,Good,1
APP102297,CUST10097,2023-06-07,40,24364.0,753.0,5,254196,48,1,0,17413.0,303815,5,Female,Self-Employed,Graduate,Urban,Vehicle,Single,Average,0
APP102298,CUST10098,2025-06-26,26,146867.0,703.0,2,50903,24,2,1,59986.0,390052,5,Female,Business,High School,Urban,Business,Married,Excellent,1
APP102299,CUST10099,2025-08-18,42,149763.0,706.0,8,1339600,72,2,0,52937.0,508771,2,Female,Salaried,High School,Semi-Urban,Business,Single,Average,0
APP102300,CUST10100,2025-05-02,38,113598.0,623.0,10,890667,12,1,0,78085.0,755793,3,Male,Contract,Graduate,Semi-Urban,Business,Married,Good,0
APP102301,CUST10101,2025-06-04,28,75062.0,729.0,20,239637,84,2,0,28071.0,424052,5,Male,Salaried,Graduate,Semi-Urban,Business,Married,Good,0
APP102302,CUST10102,2023-03-01,59,162933.0,625.0,12,891774,48,0,1,79229.0,369118,2,Female,Business,Graduate,Semi-Urban,Home,Married,Excellent,0
APP102303,CUST10103,2024-02-05,52,106302.0,638.0,17,1272371,12,3,0,,780775,3,Female,Salaried,Graduate,Semi-Urban,Education,Married,Average,1
APP102304,CUST10104,2025-04-07,53,81928.0,697.0,25,1134148,24,4,0,87306.0,878246,1,Female,Self-Employed,Postgraduate,Urban,Business,Married,Average,1
APP102305,CUST10105,2024-04-20,36,59347.0,850.0,21,1902618,12,1,0,46371.0,133338,2,Female,Self-Employed,Postgraduate,Urban,Personal,Married,Good,1
APP102306,CUST10106,2024-10-16,32,21121.0,703.0,27,1919060,24,0,1,72542.0,223510,5,Male,Salaried,Graduate,Urban,Business,Married,Good,1
APP102307,CUST10107,2025-04-24,58,101793.0,497.0,23,1197569,84,5,0,10213.0,590142,5,Female,Contract,Graduate,Rural,Home,Single,Excellent,1
APP102308,CUST10108,2025-07-12,54,46164.0,642.0,26,399207,24,4,2,68815.0,842920,4,Male,Salaried,High School,Rural,Vehicle,Married,Average,1
APP102309,CUST10109,2024-09-29,34,43491.0,741.0,21,1005054,12,4,2,56299.0,41091,3,Male,Salaried,Graduate,Urban,Personal,Married,Good,1
APP102310,CUST10110,2024-10-10,56,77222.0,605.0,3,1021537,84,4,0,41636.0,143192,5,Male,Business,Graduate,Urban,Business,Married,Excellent,1
APP102311,CUST10111,2023-08-01,53,172237.0,752.0,21,472227,24,2,0,68948.0,12859,4,Male,Salaried,Postgraduate,Rural,Home,Married,Average,0
APP102312,CUST10112,2025-09-16,43,21748.0,,23,1594603,72,2,0,80066.0,234475,3,Male,Salaried,High School,Urban,Vehicle,Single,Average,0
APP102313,CUST10113,2025-03-14,65,44553.0,764.0,7,671828,36,2,2,52128.0,953115,2,Male,Business,Postgraduate,Urban,Business,Single,Excellent,1
APP102314,CUST10114,2023-05-08,22,134547.0,648.0,12,103533,12,2,0,77173.0,181549,2,Female,Business,Postgraduate,Rural,Home,Single,Average,1
APP102315,CUST10115,2025-08-09,61,78380.0,642.0,9,729424,36,0,0,54504.0,142858,4,Female,Contract,Postgraduate,Semi-Urban,Home,Single,Average,1
APP102316,CUST10116,2023-08-05,41,62331.0,732.0,1,833185,12,2,0,75500.0,890429,2,Male,Business,Postgraduate,Urban,Education,Single,Poor,0
APP102317,CUST10117,2024-12-11,22,138617.0,689.0,7,1279229,24,1,0,57340.0,812617,4,Female,Business,Graduate,Rural,Home,Married,Excellent,1
APP102318,CUST10118,2023-01-20,47,57560.0,685.0,5,1218964,24,4,0,39070.0,626014,0,Male,Contract,High School,Rural,Business,Married,Good,1
APP102319,CUST10119,2025-12-19,29,71865.0,808.0,15,1913710,84,0,0,78285.0,598533,3,Female,,Graduate,Urban,Home,Single,Poor,1
APP102320,CUST10120,2024-11-05,21,93910.0,735.0,17,1222058,48,5,0,71382.0,482906,4,Male,Salaried,Postgraduate,Rural,Personal,Married,Excellent,1
APP102321,CUST10121,2024-12-14,31,153747.0,541.0,16,845063,72,2,0,83926.0,645006,3,Male,Business,,Semi-Urban,Home,Single,Good,1
APP102322,CUST10122,2025-01-08,23,95986.0,750.0,5,1353512,48,5,0,84271.0,593194,0,Female,Salaried,Graduate,Urban,Home,Married,Good,1
APP102323,CUST10123,2024-07-10,43,28068.0,742.0,12,1185964,36,4,0,19876.0,877827,3,Male,Salaried,Graduate,Rural,Personal,Married,Good,1
APP102324,CUST10124,2023-07-16,46,72460.0,779.0,22,1747662,24,0,0,84503.0,74745,4,Female,Business,Graduate,Urban,Business,Married,Good,1
APP102325,CUST10125,2025-07-24,24,118766.0,620.0,13,1692907,48,4,1,56676.0,93915,2,Male,Contract,Graduate,Urban,Vehicle,Single,Average,1
APP102326,CUST10126,2024-11-08,38,64418.0,714.0,29,1782917,24,5,0,23262.0,416219,3,Female,Salaried,Postgraduate,Urban,Education,Married,Good,1
APP102327,CUST10127,2024-05-18,26,44206.0,698.0,25,1920772,12,0,0,29054.0,244464,3,Female,Salaried,High School,Semi-Urban,Vehicle,Married,Good,1
APP102328,CUST10128,2025-01-07,55,146180.0,618.0,20,1855707,48,3,0,28051.0,96087,5,Female,Salaried,Graduate,Urban,Business,Married,Good,1
APP102329,CUST10129,2025-03-02,42,18287.0,761.0,29,1882723,36,0,0,33385.0,527853,5,Female,Salaried,Graduate,Rural,Business,Married,Good,1
APP102330,CUST10130,2023-07-16,63,40337.0,672.0,9,1542305,84,2,0,40587.0,875868,0,Female,Salaried,Graduate,Semi-Urban,Personal,Single,Excellent,0
APP102331,CUST10131,2025-02-19,35,169738.0,776.0,23,703302,48,5,0,60131.0,869348,1,Male,Self-Employed,Graduate,Urban,Vehicle,Single,Poor,0
APP102332,CUST10132,2025-01-13,42,150233.0,634.0,10,163076,24,4,0,32653.0,538995,2,Male,Salaried,Graduate,Semi-Urban,Home,Single,Good,0
APP102333,CUST10133,2024-02-26,57,118667.0,580.0,12,1721871,60,4,1,49790.0,684739,4,Female,Salaried,Graduate,Semi-Urban,Personal,Married,Good,1
APP102334,CUST10134,2024-03-07,62,108071.0,672.0,11,771558,60,4,0,47018.0,55277,0,Male,Business,High School,Urban,Personal,Married,Average,1
APP102335,CUST10135,2025-07-14,32,116064.0,707.0,8,1909948,84,1,0,65992.0,882036,4,Male,Self-Employed,Postgraduate,Urban,Education,Single,Excellent,1
APP102336,CUST10136,2023-08-23,62,124511.0,650.0,3,943850,84,1,1,59840.0,732802,4,Female,Salaried,Postgraduate,Semi-Urban,Personal,Single,Average,0
APP102337,CUST10137,2023-11-23,58,163830.0,460.0,6,1170368,72,2,0,49561.0,872863,3,Female,Salaried,High School,Urban,Vehicle,Married,Excellent,1
APP102338,CUST10138,2025-07-22,38,21178.0,719.0,23,471648,84,3,1,87594.0,846188,0,Male,Salaried,Graduate,Rural,Business,Married,Average,1
APP102339,CUST10139,2024-04-23,65,49831.0,718.0,28,1106943,24,1,0,15070.0,745316,0,Female,Contract,Graduate,Urban,Education,Single,Excellent,1
APP102340,CUST10140,2024-03-03,55,151248.0,742.0,21,1996772,12,0,0,44025.0,85748,5,Female,Salaried,High School,Urban,Home,Single,Average,1
APP102341,CUST10141,2024-10-27,50,121306.0,661.0,1,808961,48,5,0,38779.0,84859,2,Female,Contract,Graduate,Urban,Vehicle,Married,Good,1
APP102342,CUST10142,2025-05-07,44,175699.0,657.0,6,993015,84,2,3,21616.0,365614,1,Male,Business,Graduate,Semi-Urban,Home,Single,Good,1
APP102343,CUST10143,2024-10-03,62,130025.0,798.0,28,845005,60,3,0,5797.0,328723,4,Female,Self-Employed,Postgraduate,Urban,Personal,Married,Good,1
APP102344,CUST10144,2025-03-21,50,108417.0,572.0,8,1638446,12,0,0,44889.0,910309,2,Male,Salaried,Graduate,Urban,Vehicle,Married,Excellent,1
APP102345,CUST10145,2025-12-02,34,29984.0,671.0,4,1235026,24,4,0,69390.0,77884,5,Female,Business,Postgraduate,Urban,Education,Married,Average,1
APP102346,CUST10146,2024-07-28,26,107312.0,701.0,14,901728,12,1,0,18594.0,726471,2,Male,Salaried,High School,Semi-Urban,Education,Married,Excellent,0
APP102347,CUST10147,2025-10-15,23,101291.0,735.0,17,1767436,24,0,1,52754.0,700299,4,Female,Salaried,High School,Urban,Home,Single,Good,1
APP102348,CUST10148,2025-10-25,36,25135.0,703.0,3,377985,72,3,0,58639.0,259557,3,Female,Salaried,Graduate,Urban,Business,Married,Excellent,1
APP102349,CUST10149,2025-03-13,27,18320.0,621.0,18,1644745,48,2,1,78226.0,938252,3,Female,Self-Employed,Postgraduate,Urban,Education,Married,Poor,1
APP102350,CUST10150,2024-02-04,34,170756.0,778.0,19,906665,12,0,0,17669.0,598167,4,Male,Salaried,Graduate,Rural,Home,Single,Good,1
APP102351,CUST10151,2024-08-17,29,106774.0,690.0,25,1805478,48,2,1,89509.0,121506,5,Male,Contract,Graduate,Rural,Business,Single,Excellent,1
APP102352,CUST10152,2023-04-27,35,170961.0,565.0,6,639573,12,4,0,26085.0,571403,5,Male,Salaried,Graduate,Semi-Urban,Vehicle,Married,Good,1
APP102353,CUST10153,2024-01-18,41,116071.0,706.0,25,1158123,24,3,1,33787.0,329167,0,Male,Business,High School,Urban,Education,Married,Poor,1
APP102354,CUST10154,2025-05-08,55,159842.0,726.0,7,1816087,24,3,0,29051.0,489143,1,Female,Salaried,Graduate,Urban,Education,Single,Good,1
APP102355,CUST10155,2023-03-23,22,127863.0,837.0,16,712582,12,1,1,60566.0,617231,3,Female,Salaried,Graduate,Urban,Home,Married,Good,1
APP102356,CUST10156,2025-04-11,47,59777.0,721.0,12,1106509,72,5,0,55615.0,458200,1,Male,Salaried,High School,Urban,Education,Married,Good,1
APP102357,CUST10157,2025-05-22,22,64250.0,579.0,23,1444105,24,3,0,82090.0,833927,2,Male,Contract,High School,Urban,Home,Single,Excellent,1
APP102358,CUST10158,2024-10-14,55,91034.0,581.0,20,815127,36,0,1,57262.0,376373,2,Male,Salaried,Graduate,Urban,Education,Married,Excellent,0
APP102359,CUST10159,2025-01-03,38,122940.0,784.0,27,1721570,36,0,0,42639.0,438963,4,Male,Self-Employed,Graduate,Urban,Home,Married,Good,1
APP102360,CUST10160,2023-03-11,34,58130.0,630.0,22,521653,48,0,1,83890.0,997194,4,Male,Salaried,Postgraduate,Urban,Education,Married,Average,1
APP102361,CUST10161,2024-01-22,40,151609.0,574.0,10,1081830,84,4,0,10289.0,982882,4,Male,Business,Graduate,Urban,Vehicle,Married,Average,0
APP102362,CUST10162,2024-06-07,38,33216.0,765.0,26,921022,36,3,0,29744.0,681915,5,Female,Salaried,Graduate,Urban,Vehicle,Married,Average,1
APP102363,CUST10163,2023-10-24,30,102149.0,654.0,0,1467119,36,3,1,22945.0,424839,3,Male,Salaried,Graduate,Urban,Home,Married,Excellent,1
APP102364,CUST10164,2024-09-08,45,21009.0,761.0,1,371289,72,0,0,,501929,1,Male,Self-Employed,Graduate,Urban,Vehicle,Single,Average,1
APP102365,CUST10165,2024-12-19,22,107904.0,621.0,16,224682,72,1,0,29227.0,697669,2,Male,Salaried,Graduate,Urban,Home,Married,Good,1
APP102366,CUST10166,2025-12-24,45,178399.0,801.0,4,1418240,84,1,2,87494.0,257140,1,Female,Salaried,Postgraduate,Urban,Home,Married,Good,0
APP102367,CUST10167,2023-06-27,53,163281.0,755.0,29,1627408,60,3,0,14934.0,746140,3,Male,Salaried,Graduate,Urban,Personal,Married,Good,0
APP102368,CUST10168,2025-10-28,56,33029.0,636.0,29,1058358,84,3,0,50530.0,973170,1,Female,Self-Employed,Postgraduate,Urban,Vehicle,Married,Excellent,1
APP102369,CUST10169,2023-01-11,51,120171.0,565.0,5,891244,60,2,0,58168.0,229535,1,Female,,Graduate,Urban,Personal,Married,Excellent,1
APP102370,CUST10170,2025-02-23,34,132456.0,850.0,25,1301258,72,3,1,81086.0,399283,5,Male,Salaried,High School,Urban,Personal,Single,Good,1
APP102371,CUST10171,2024-02-15,21,80559.0,674.0,24,1281148,60,0,2,70095.0,546553,4,Female,Business,Graduate,Semi-Urban,Education,Married,Excellent,1
APP102372,CUST10172,2025-06-10,36,82892.0,633.0,23,1007122,72,5,2,74560.0,77445,5,Male,Salaried,Graduate,Rural,Home,Single,Good,1
APP102373,CUST10173,2024-08-29,23,88409.0,794.0,6,1479810,60,4,0,36772.0,681776,5,Female,Self-Employed,High School,Rural,Business,Married,Good,1
APP102374,CUST10174,2023-06-04,55,157707.0,761.0,27,1984062,24,3,0,13722.0,871204,1,Male,Self-Employed,Graduate,Urban,Personal,Single,Average,1
APP102375,CUST10175,2024-08-21,61,51065.0,779.0,20,1315630,72,3,0,55142.0,519406,1,Male,Contract,Graduate,Urban,Education,Single,Poor,1
APP102376,CUST10176,2025-04-03,26,138544.0,683.0,29,1585871,84,0,0,72656.0,364045,5,Female,Salaried,Graduate,Urban,Vehicle,Married,Poor,1
APP102377,CUST10177,2023-12-16,45,125340.0,,14,1024090,48,2,0,10877.0,188863,1,Male,Self-Employed,Graduate,Rural,Business,Married,Average,1
APP102378,CUST10178,2025-07-31,33,51783.0,592.0,18,1516581,48,5,0,23904.0,162197,5,Male,Salaried,Graduate,Semi-Urban,Home,Married,Poor,1
APP102379,CUST10179,2023-01-19,54,52152.0,649.0,15,444833,72,3,1,87871.0,736825,0,Female,Salaried,High School,Rural,Education,Single,Average,0
APP102380,CUST10180,2023-11-09,28,76741.0,719.0,24,309711,36,1,1,85195.0,845141,5,Female,Salaried,High School,Urban,Business,Married,Poor,0
APP102381,CUST10181,2025-07-15,41,125049.0,778.0,12,675122,48,1,0,34684.0,308204,2,Male,Salaried,Graduate,Urban,Home,Married,Good,0
APP102382,CUST10182,2024-06-11,54,47092.0,740.0,4,1232981,84,1,3,71500.0,560699,2,Female,Salaried,Graduate,Urban,Home,Married,Average,1
APP102383,CUST10183,2024-07-10,24,166725.0,684.0,2,90002,36,4,2,39902.0,57684,1,Male,Self-Employed,High School,Rural,Business,Married,Excellent,1
APP102384,CUST10184,2024-03-20,45,104483.0,654.0,2,305549,48,4,0,58606.0,695944,5,Female,Salaried,Graduate,Urban,Education,Married,Good,1
APP102385,CUST10185,2023-08-19,35,139585.0,778.0,18,1031124,12,5,0,40571.0,863379,5,Female,Salaried,Graduate,Semi-Urban,Business,Single,Poor,0
APP102386,CUST10186,2024-09-16,24,77754.0,747.0,13,1841624,12,3,0,74447.0,691962,4,Female,Salaried,High School,Urban,Personal,Married,Good,1
APP102387,CUST10187,2025-10-07,65,179050.0,624.0,15,532843,72,3,0,81752.0,905457,4,Male,Salaried,Graduate,Rural,Home,Married,Excellent,1
APP102388,CUST10188,2025-06-07,32,105592.0,622.0,21,443727,84,3,0,71944.0,513311,4,Male,Salaried,High School,Urban,Vehicle,Married,Good,0
APP102389,CUST10189,2023-12-25,52,112543.0,649.0,16,424994,84,4,0,83731.0,77740,5,Male,Salaried,High School,Rural,Business,Single,Average,1
APP102390,CUST10190,2023-02-13,52,61169.0,639.0,26,1752875,48,5,2,48938.0,548187,5,Male,Salaried,Postgraduate,Urban,Business,Married,Average,1
APP102391,CUST10191,2025-05-26,48,72745.0,767.0,3,743210,24,3,0,62203.0,750413,2,Male,Self-Employed,Graduate,Semi-Urban,Home,Married,Good,0
APP102392,CUST10192,2023-08-11,33,128168.0,723.0,12,695836,36,0,0,62805.0,498259,3,Female,Salaried,Graduate,Urban,Home,Single,Excellent,0
APP102393,CUST10193,2025-06-20,51,131985.0,732.0,7,1573964,48,2,0,77649.0,205660,1,Male,Business,Graduate,Rural,Business,Single,Average,0
APP102394,CUST10194,2023-09-28,34,23543.0,704.0,18,1130362,72,1,0,45910.0,971914,2,Female,Contract,Postgraduate,Semi-Urban,Vehicle,Married,Average,1
APP102395,CUST10195,2023-07-31,40,39067.0,708.0,4,1566148,36,1,0,27761.0,587140,4,Female,Salaried,Graduate,Urban,Home,Married,Good,1
APP102396,CUST10196,2023-09-04,38,69033.0,571.0,1,348388,60,0,0,29992.0,961058,2,Female,Salaried,Graduate,Semi-Urban,Home,Married,Average,0
APP102397,CUST10197,2025-08-05,49,63256.0,750.0,14,1828650,72,3,3,84314.0,672373,2,Male,Salaried,Graduate,Urban,Personal,Married,Good,0
APP102398,CUST10198,2025-03-31,26,171263.0,648.0,1,1165837,48,5,0,60448.0,967868,2,Female,Salaried,High School,Urban,Education,Married,Good,1
APP102399,CUST10199,2023-03-13,52,104803.0,688.0,10,1379197,24,5,1,74903.0,659608,4,Male,Business,Postgraduate,Semi-Urban,Personal,Married,Average,1
APP102400,CUST10200,2023-10-22,49,136843.0,655.0,12,751893,60,4,0,50447.0,370168,3,Male,Salaried,Graduate,Semi-Urban,Vehicle,Single,Average,1
APP102401,CUST10201,2023-06-20,63,46992.0,701.0,22,320640,72,3,0,15786.0,969717,0,Male,Salaried,Graduate,Semi-Urban,Education,Single,Good,0
APP102402,CUST10202,2023-09-03,22,66803.0,733.0,9,1219098,48,5,0,47706.0,958998,1,Male,Salaried,Postgraduate,Semi-Urban,Business,Married,Excellent,1
APP102403,CUST10203,2024-09-08,43,127975.0,614.0,2,455486,12,3,1,81587.0,529966,1,Female,Salaried,Graduate,Semi-Urban,Vehicle,Married,Excellent,1
APP102404,CUST10204,2023-08-28,39,162282.0,709.0,4,781368,84,1,1,20611.0,522379,2,Male,Salaried,Graduate,Rural,Vehicle,Married,Average,0
APP102405,CUST10205,2023-11-07,51,44270.0,656.0,2,332868,48,1,0,9490.0,690712,3,Female,Salaried,Postgraduate,Urban,Personal,Married,Average,0
APP102406,CUST10206,2024-02-02,25,154269.0,789.0,5,342560,12,4,0,55004.0,837229,4,Female,Salaried,Postgraduate,Semi-Urban,Education,Married,Good,0
APP102407,CUST10207,2025-07-11,39,,606.0,12,1658439,12,1,0,65634.0,669458,0,Male,Self-Employed,Graduate,Rural,Vehicle,Single,Good,1
APP102408,CUST10208,2025-03-02,54,59486.0,615.0,9,524406,72,3,1,11377.0,668819,0,Female,Salaried,Postgraduate,Urban,Education,Married,Good,1
APP102409,CUST10209,2023-01-22,30,32859.0,663.0,18,1699478,48,0,0,14903.0,306038,2,Female,Business,Postgraduate,Urban,Business,Married,Average,1
APP102410,CUST10210,2025-03-23,45,176308.0,621.0,7,1192142,84,4,0,19567.0,491431,2,Female,Salaried,Postgraduate,Semi-Urban,Education,Married,Good,1
APP102411,CUST10211,2025-06-22,22,50083.0,673.0,17,1350637,48,0,0,53556.0,365346,4,Male,Salaried,Graduate,Rural,Personal,Married,Good,1
APP102412,CUST10212,2025-04-11,31,85708.0,650.0,2,1827044,12,3,0,31606.0,345907,4,Female,Salaried,Graduate,Semi-Urban,Personal,Married,Average,1
APP102413,CUST10213,2025-11-10,51,129462.0,697.0,23,1225768,36,4,1,87976.0,75442,5,Male,Business,Graduate,Urban,Vehicle,Single,Excellent,1
APP102414,CUST10214,2024-05-21,35,165735.0,766.0,23,1642223,60,0,0,7260.0,12898,4,Male,Salaried,Postgraduate,Urban,Education,Single,Good,0
APP102415,CUST10215,2023-06-09,29,111076.0,695.0,16,451914,24,4,0,35267.0,317496,2,Male,Salaried,High School,Urban,Personal,Single,Good,1
APP102416,CUST10216,2025-01-13,43,37053.0,702.0,7,1300040,48,3,0,63369.0,314351,3,Male,Salaried,Graduate,Urban,Home,Married,Good,1
APP102417,CUST10217,2025-03-23,39,160157.0,611.0,9,1846999,60,5,0,55060.0,518259,2,Female,Contract,High School,Urban,Personal,Married,Average,1
APP102418,CUST10218,2023-06-29,29,,680.0,1,1006996,60,4,0,21833.0,956388,2,Female,Business,Graduate,Urban,Business,Single,Good,0
APP102419,CUST10219,2023-08-01,55,107745.0,658.0,11,1566573,36,5,1,8498.0,339024,0,Female,Salaried,Graduate,Semi-Urban,Home,Married,Excellent,1
APP102420,CUST10220,2024-06-13,41,87517.0,741.0,22,617922,60,3,0,70310.0,387762,4,Male,Salaried,Graduate,Semi-Urban,Education,Married,Good,0
APP102421,CUST10221,2023-01-27,29,170225.0,633.0,5,1215831,48,4,0,51729.0,374538,1,Female,Salaried,Graduate,Rural,Vehicle,Single,Excellent,1
APP102422,CUST10222,2025-07-27,48,,625.0,1,1665728,72,4,0,15518.0,163438,4,Male,Salaried,Graduate,Urban,Home,Married,Excellent,1
APP102423,CUST10223,2025-05-19,27,159625.0,714.0,20,1979490,72,5,0,83037.0,771876,5,Female,Business,Graduate,Urban,Personal,Married,Good,1
APP102424,CUST10224,2024-03-13,36,169883.0,839.0,22,87355,60,1,0,27254.0,379526,3,Male,Self-Employed,Postgraduate,Urban,Vehicle,Married,Poor,0
APP102425,CUST10225,2023-10-12,36,155207.0,677.0,23,1136266,48,5,1,86438.0,671196,3,Male,Salaried,Graduate,Urban,Vehicle,Married,Average,1
APP102426,CUST10226,2024-10-22,53,154645.0,703.0,2,1529606,48,5,0,30545.0,546730,4,Male,Business,Graduate,Urban,Vehicle,Single,Average,0
APP102427,CUST10227,2024-10-10,24,97267.0,761.0,16,1785581,12,5,1,8345.0,323580,4,Male,Salaried,Postgraduate,Rural,Vehicle,Single,Average,1
APP102428,CUST10228,2023-07-08,24,156261.0,728.0,28,790174,36,3,0,85906.0,251447,2,Female,,Graduate,Urban,Education,Single,Average,1
APP102429,CUST10229,2024-04-23,59,98077.0,729.0,6,253811,84,2,0,61366.0,518481,1,Male,Salaried,Graduate,Urban,Education,Single,Average,1
APP102430,CUST10230,2024-08-25,60,94623.0,683.0,28,1679494,24,5,0,51721.0,518494,2,Female,Salaried,Graduate,Urban,Education,Married,Good,1
APP102431,CUST10231,2025-10-11,37,149004.0,684.0,20,229243,84,4,1,64829.0,133934,0,Female,Salaried,Graduate,Urban,Personal,Married,Good,1
APP102432,CUST10232,2024-05-31,57,71687.0,633.0,4,1644522,12,0,2,14642.0,439136,0,Female,Self-Employed,Graduate,Urban,Education,Married,Excellent,1
APP102433,CUST10233,2025-07-04,59,86312.0,726.0,22,567196,24,1,1,88375.0,126751,3,Male,Salaried,Graduate,Semi-Urban,Vehicle,Married,Good,1
APP102434,CUST10234,2023-08-18,49,125615.0,725.0,0,1618333,84,5,1,69533.0,505499,3,Male,Salaried,Graduate,Rural,Home,Single,Average,1
APP102435,CUST10235,2025-05-18,56,148976.0,,7,1337780,48,5,0,77571.0,541974,1,Male,Business,Graduate,Semi-Urban,Home,Single,Good,1
APP102436,CUST10236,2025-01-28,58,45564.0,653.0,11,327941,72,1,0,58382.0,572892,3,Female,Contract,Graduate,Semi-Urban,Home,Single,Excellent,0
APP102437,CUST10237,2023-02-03,59,46835.0,752.0,13,895231,12,5,3,38299.0,932860,5,Male,Self-Employed,Graduate,Semi-Urban,Home,Single,Good,1
APP102438,CUST10238,2023-10-23,57,25697.0,775.0,15,1479021,84,4,1,40035.0,787697,0,Male,Self-Employed,Graduate,Urban,Home,Married,Good,1
APP102439,CUST10239,2024-03-28,55,98165.0,599.0,9,803702,60,2,0,28583.0,46163,1,Female,Business,Postgraduate,Semi-Urban,Business,Married,Poor,1
APP102440,CUST10240,2023-05-22,27,166118.0,668.0,14,1412956,60,5,0,27105.0,950297,0,Male,Self-Employed,High School,Urban,Home,Married,Excellent,0
APP102441,CUST10241,2024-10-09,47,75823.0,778.0,20,580553,24,1,0,86666.0,531779,4,Female,Salaried,High School,Semi-Urban,Home,Married,Average,0
APP102442,CUST10242,2023-05-08,48,27615.0,641.0,23,1618911,48,5,0,18736.0,878174,4,Female,Salaried,Graduate,Urban,Home,Single,Good,1
APP102443,CUST10243,2025-04-14,42,154132.0,730.0,25,1748475,72,3,0,47281.0,64382,1,Female,Salaried,Postgraduate,Rural,Personal,Married,Poor,1
APP102444,CUST10244,2025-07-13,34,,691.0,14,1301782,24,4,0,84351.0,870896,2,Male,Salaried,Postgraduate,Semi-Urban,Business,Married,Good,0
APP102445,CUST10245,2024-12-30,27,94436.0,715.0,9,1050182,84,4,0,29312.0,831204,5,Male,Salaried,Postgraduate,Urban,Home,Single,Average,1
APP102446,CUST10246,2024-04-07,57,138562.0,693.0,20,496710,84,2,1,82780.0,82096,5,Female,Business,Graduate,Semi-Urban,Education,Married,Excellent,1
APP102447,CUST10247,2024-07-17,42,89117.0,746.0,27,433898,72,3,1,47668.0,12011,3,Female,Salaried,Graduate,Urban,Personal,Single,Excellent,1
APP102448,CUST10248,2024-05-28,25,52782.0,613.0,6,1019772,84,3,1,60652.0,485836,1,Male,Salaried,Graduate,Urban,Business,Married,Good,1
APP102449,CUST10249,2023-01-01,22,96533.0,622.0,25,1082956,36,2,1,16718.0,967022,5,Male,Salaried,Graduate,Urban,Education,Married,Good,1
APP102450,CUST10250,2025-12-14,47,90684.0,800.0,2,1780934,72,0,0,87320.0,426849,3,Female,Salaried,Graduate,Urban,Education,Married,Good,1
APP102451,CUST10251,2023-12-04,41,97558.0,848.0,1,1190002,60,5,1,48997.0,665222,0,Female,Business,Graduate,Urban,Personal,Married,Excellent,1
APP102452,CUST10252,2025-06-26,58,99422.0,690.0,5,1061918,84,3,0,36428.0,829550,2,Female,Self-Employed,Graduate,Urban,Education,Married,Good,1
APP102453,CUST10253,2025-03-28,35,174328.0,819.0,20,1506098,84,0,2,63822.0,260178,3,Male,Business,Postgraduate,Urban,Vehicle,Married,Good,1
APP102454,CUST10254,2025-10-30,41,179077.0,632.0,8,1817942,12,0,0,31490.0,855281,4,Female,Salaried,Graduate,Urban,Personal,Married,Good,1
APP102455,CUST10255,2023-12-11,30,24638.0,650.0,9,561933,12,4,1,55209.0,181375,4,Male,Salaried,Postgraduate,Urban,Personal,Single,Excellent,1
APP102456,CUST10256,2025-09-03,43,55419.0,799.0,3,1276993,12,5,0,52351.0,409919,0,Female,Self-Employed,Graduate,Urban,Vehicle,Married,Average,1
APP102457,CUST10257,2025-06-01,59,51377.0,750.0,26,1241533,72,4,0,46001.0,128793,1,Male,Salaried,,Rural,Personal,Married,Good,1
APP102458,CUST10258,2023-07-17,25,124244.0,810.0,2,1732545,60,1,0,50856.0,375059,3,Female,Salaried,Graduate,Rural,Education,Married,Good,0
APP102459,CUST10259,2025-11-03,21,41382.0,725.0,8,880258,72,4,0,21410.0,20096,0,Male,Salaried,Graduate,Rural,Education,Single,Good,1
APP102460,CUST10260,2025-05-21,33,171466.0,614.0,23,1678461,48,3,0,57685.0,851479,4,Male,Contract,Graduate,Urban,Education,Single,Good,1
APP102461,CUST10261,2024-06-25,41,85789.0,707.0,21,147375,60,3,0,40386.0,740002,4,Male,Business,Graduate,Semi-Urban,Vehicle,Married,Good,0
APP102462,CUST10262,2024-04-01,46,128634.0,780.0,16,1869941,60,5,1,79898.0,333035,4,Male,Salaried,High School,Semi-Urban,Education,Single,Good,1
APP102463,CUST10263,2025-01-19,65,149936.0,680.0,13,1902092,72,0,0,77578.0,123160,2,Male,Salaried,Postgraduate,Urban,Vehicle,Single,Average,1
APP102464,CUST10264,2024-01-01,41,117572.0,669.0,9,1450167,72,3,0,30286.0,537720,2,Male,Self-Employed,High School,Rural,Vehicle,Single,Poor,0
APP102465,CUST10265,2024-02-05,38,162738.0,726.0,12,578671,12,4,0,16391.0,413916,4,Female,Salaried,Graduate,Rural,Vehicle,Single,Excellent,0
APP102466,CUST10266,2024-07-27,57,141664.0,648.0,11,142313,60,4,0,31999.0,654078,5,Female,Salaried,Postgraduate,Semi-Urban,Personal,Single,Excellent,0
APP102467,CUST10267,2024-04-26,65,170027.0,712.0,26,870793,12,5,0,7018.0,523372,1,Female,Salaried,High School,Urban,Business,Married,Excellent,0
APP102468,CUST10268,2023-04-20,52,128674.0,695.0,0,130294,48,4,0,17952.0,324006,2,Male,Salaried,High School,Semi-Urban,Vehicle,Married,Good,0
APP102469,CUST10269,2025-10-15,56,121533.0,653.0,27,1684195,36,2,3,86776.0,947700,3,Male,Salaried,Postgraduate,Urban,Education,Married,Excellent,1
APP102470,CUST10270,2024-02-10,37,99845.0,764.0,21,145057,12,5,0,24282.0,102186,2,Female,Salaried,Graduate,Urban,Vehicle,Married,Average,0
APP102471,CUST10271,2023-11-05,55,87590.0,738.0,28,201601,72,5,1,59354.0,313762,3,Male,Contract,High School,Semi-Urban,Home,Single,Good,1
APP102472,CUST10272,2023-06-09,31,145775.0,663.0,18,1812510,84,3,1,22942.0,87774,2,Male,Salaried,Graduate,Urban,Personal,Married,Good,1
APP102473,CUST10273,2025-04-23,41,84471.0,689.0,18,1842563,24,5,1,65938.0,901671,4,Female,Salaried,Postgraduate,Urban,Education,Married,Good,1
APP102474,CUST10274,2023-02-24,46,61298.0,670.0,5,433829,36,1,0,6722.0,789912,3,Female,Self-Employed,Graduate,Urban,Personal,Single,Average,1
APP102475,CUST10275,2025-01-30,24,66924.0,642.0,12,1195493,48,3,0,41820.0,588946,1,Female,Salaried,Graduate,Semi-Urban,Personal,Single,Excellent,1
APP102476,CUST10276,2023-09-13,54,165781.0,563.0,18,1592708,84,3,0,72187.0,622600,2,Female,Contract,Graduate,Rural,Home,Married,Average,1
APP102477,CUST10277,2024-06-17,38,27726.0,654.0,12,343076,72,2,1,39546.0,388195,2,Female,Salaried,Graduate,Urban,Vehicle,Single,Good,1
APP102478,CUST10278,2024-02-26,60,58542.0,643.0,26,565303,36,3,0,70030.0,133081,4,Female,Contract,High School,Urban,Education,Married,Good,1
APP102479,CUST10279,2025-08-03,55,169317.0,699.0,25,1362628,72,0,2,71219.0,929208,3,Female,Salaried,Postgraduate,Urban,Business,Married,Good,1
APP102480,CUST10280,2025-08-19,61,52753.0,723.0,21,1072762,12,4,0,23394.0,876976,5,Male,Business,Graduate,Semi-Urban,Personal,Single,Excellent,1
APP102481,CUST10281,2025-03-23,49,97788.0,630.0,20,556705,84,4,0,63559.0,151451,4,Male,Self-Employed,High School,Rural,Business,Single,Good,1
APP102482,CUST10282,2025-06-05,49,39316.0,718.0,3,1522150,72,5,0,51705.0,583886,3,Male,Contract,High School,Urban,Business,Married,Average,1
APP102483,CUST10283,2023-09-21,58,102698.0,618.0,23,604700,84,2,0,89502.0,309164,2,Male,Self-Employed,Graduate,Urban,Vehicle,Single,Excellent,1
APP102484,CUST10284,2025-01-17,62,33960.0,681.0,1,1968718,48,4,1,31469.0,537861,2,Female,Self-Employed,Graduate,Urban,Business,Married,Good,1
APP102485,CUST10285,2025-04-12,41,48791.0,645.0,14,303928,24,0,0,79041.0,420631,2,Male,Self-Employed,High School,Rural,Education,Single,Excellent,0
APP102486,CUST10286,2023-08-21,62,43216.0,746.0,11,1310680,12,2,0,66338.0,858100,2,Male,Business,Graduate,Urban,Vehicle,Married,Good,1
APP102487,CUST10287,2024-11-10,33,82427.0,699.0,29,52928,12,1,0,10492.0,318772,0,Male,Business,Postgraduate,Semi-Urban,Business,Single,Average,0
APP102488,CUST10288,2023-08-21,61,130470.0,682.0,26,901590,84,4,0,21827.0,57287,2,Male,Salaried,Graduate,Urban,Vehicle,Married,Good,0
APP102489,CUST10289,2025-12-04,37,91290.0,643.0,6,1260280,48,3,0,32492.0,380982,2,Female,Salaried,High School,Semi-Urban,Education,Single,Good,1
APP102490,CUST10290,2024-07-11,29,65014.0,665.0,19,82309,48,0,0,73802.0,507550,5,Male,Salaried,High School,Urban,Personal,Married,Excellent,1
APP102491,CUST10291,2025-07-01,61,153150.0,827.0,17,845712,36,0,0,76445.0,268088,5,Female,Salaried,Graduate,Urban,Home,Married,Average,1
APP102492,CUST10292,2024-11-11,21,68519.0,652.0,30,90449,24,4,0,17869.0,404056,3,Female,Business,High School,Urban,Vehicle,Single,Good,0
APP102493,CUST10293,2023-12-01,22,22042.0,726.0,22,1054675,72,5,0,44782.0,451330,2,Male,,High School,Semi-Urban,Home,Married,Excellent,1
APP102494,CUST10294,2024-02-08,49,67052.0,682.0,12,863389,36,1,0,26863.0,306586,2,Female,Salaried,Graduate,Urban,Personal,Single,Good,0
APP102495,CUST10295,2023-09-13,53,32389.0,724.0,16,1790831,72,3,0,66987.0,263153,3,Male,Self-Employed,Graduate,Semi-Urban,Education,Married,Excellent,1
APP102496,CUST10296,2025-12-25,30,113961.0,753.0,3,1431219,72,1,1,49055.0,179561,2,Female,Business,Graduate,Urban,Personal,Married,Average,1
APP102497,CUST10297,2025-10-16,60,86111.0,663.0,24,667345,72,1,1,78355.0,705621,2,Female,Self-Employed,Graduate,Semi-Urban,Home,Married,Excellent,1
APP102498,CUST10298,2025-07-29,41,123058.0,743.0,13,1852087,36,4,1,34136.0,311422,4,Female,Salaried,Postgraduate,Semi-Urban,Education,Single,Good,1
APP102499,CUST10299,2025-02-10,48,111715.0,850.0,19,1470785,12,3,2,19837.0,825034,0,Male,Contract,High School,Semi-Urban,Business,Single,Good,1
APP102500,CUST10300,2025-08-03,31,68733.0,733.0,27,555074,48,4,0,80592.0,287278,3,Male,Salaried,High School,Urban,Business,Single,Good,1
APP102501,CUST10301,2023-11-07,54,52754.0,811.0,12,727055,12,4,0,5715.0,861152,4,Male,Business,High School,Rural,Vehicle,Married,Good,0
APP102502,CUST10302,2024-11-12,28,167696.0,726.0,2,649181,24,5,0,22275.0,339858,5,Male,Salaried,Postgraduate,Urban,Business,Married,Average,1
APP102503,CUST10303,2023-05-09,42,103886.0,620.0,25,1554915,36,0,0,25191.0,468920,1,Female,Salaried,Graduate,Urban,Home,Married,Good,1
APP102504,CUST10304,2025-02-19,28,175753.0,711.0,25,861608,24,5,0,87420.0,693014,1,Male,Business,High School,Semi-Urban,Business,Married,Excellent,1
APP102505,CUST10305,2023-11-22,35,107524.0,665.0,17,723769,48,5,1,65126.0,206599,5,Female,Business,Graduate,Semi-Urban,Vehicle,Married,Excellent,0
APP102506,CUST10306,2025-02-28,37,99006.0,645.0,13,829824,48,4,0,56792.0,275290,0,Female,Salaried,Graduate,Semi-Urban,Education,Single,Poor,0
APP102507,CUST10307,2023-01-17,43,42704.0,685.0,14,893399,60,5,0,13894.0,117188,1,Female,Self-Employed,High School,Semi-Urban,Business,Single,Good,1
APP102508,CUST10308,2024-11-29,44,112913.0,678.0,2,1623851,24,5,0,,469042,0,Female,Salaried,Graduate,Semi-Urban,Vehicle,Single,Good,1
APP102509,CUST10309,2025-10-05,65,112108.0,611.0,0,1297149,12,2,0,89114.0,517142,1,Female,Salaried,Postgraduate,Rural,Business,Single,Average,1
APP102510,CUST10310,2023-12-08,39,25493.0,850.0,25,286692,84,3,0,28321.0,717910,1,Female,Self-Employed,High School,Semi-Urban,Business,Married,Excellent,0
APP102511,CUST10311,2025-09-29,25,87639.0,751.0,23,933286,24,0,1,29959.0,750445,4,Female,Business,High School,Urban,Home,Married,Good,0
APP102512,CUST10312,2025-04-17,52,72383.0,708.0,16,1124591,36,3,0,15515.0,909654,1,Female,Business,High School,Rural,Vehicle,Married,Good,0
APP102513,CUST10313,2024-09-19,64,152066.0,697.0,2,1586519,48,0,1,79613.0,478596,5,Female,Salaried,High School,Rural,Vehicle,Single,Good,1
APP102514,CUST10314,2025-02-09,21,65234.0,780.0,13,424494,48,2,2,70196.0,528464,0,Female,Self-Employed,Graduate,Urban,Personal,Married,Excellent,0
APP102515,CUST10315,2025-05-27,43,146674.0,846.0,2,1951412,24,4,0,26443.0,908172,2,Female,Salaried,High School,Urban,Personal,Married,Average,0
APP102516,CUST10316,2024-12-10,57,23594.0,741.0,12,166751,24,0,0,58550.0,754778,2,Male,Salaried,Graduate,Semi-Urban,Vehicle,Married,Good,1
APP102517,CUST10317,2025-04-28,28,25371.0,699.0,14,1804217,72,0,1,80979.0,373599,2,Female,Salaried,Graduate,Urban,Home,Married,Excellent,1
APP102518,CUST10318,2025-01-08,33,65315.0,800.0,17,98231,24,0,0,42208.0,725924,0,Male,Contract,Postgraduate,Urban,Business,Single,Excellent,0
APP102519,CUST10319,2023-06-26,28,145251.0,701.0,13,1782968,72,2,0,6783.0,193603,0,Male,Salaried,Graduate,Rural,Education,Single,Excellent,0
APP102520,CUST10320,2025-08-03,43,97526.0,723.0,20,1389025,36,3,1,83649.0,613068,2,Female,Salaried,High School,Urban,Business,Married,Average,0
APP102521,CUST10321,2023-12-23,63,165698.0,765.0,25,1152882,36,2,0,75921.0,144006,5,Female,Self-Employed,Graduate,Urban,Education,Married,Good,0
APP102522,CUST10322,2024-05-09,21,104005.0,661.0,2,269248,12,0,0,11982.0,362525,1,Female,Salaried,Graduate,Semi-Urban,Home,Single,Average,0
APP102523,CUST10323,2023-02-04,65,123573.0,534.0,18,1219715,24,5,0,,236948,2,Female,Business,High School,Urban,Personal,Married,Average,1
APP102524,CUST10324,2025-03-28,44,156202.0,657.0,7,1641182,12,0,0,20316.0,184121,3,Male,Salaried,Graduate,Rural,Vehicle,Married,Average,1
APP102525,CUST10325,2023-01-10,55,155900.0,748.0,3,1242894,84,5,0,72966.0,373499,0,Male,Business,Postgraduate,Urban,Home,Married,Good,1
APP102526,CUST10326,2025-09-12,44,75514.0,743.0,3,1001348,60,4,0,7936.0,453496,3,Female,Salaried,High School,Semi-Urban,Education,Single,Good,1
APP102527,CUST10327,2024-06-14,37,166955.0,791.0,18,1262250,36,2,0,82400.0,100597,3,Male,Salaried,High School,Urban,Vehicle,Married,Good,0
APP102528,CUST10328,2023-04-05,25,93986.0,660.0,10,1382304,48,5,0,79843.0,451620,0,Female,Business,Postgraduate,Semi-Urban,Education,Single,Good,1
APP102529,CUST10329,2024-07-29,40,103959.0,809.0,0,821687,72,2,3,11709.0,7127,2,Female,Self-Employed,High School,Semi-Urban,Business,Single,Good,1
APP102530,CUST10330,2024-03-25,41,20035.0,704.0,7,1638033,60,1,1,25707.0,211691,5,Female,Salaried,High School,Rural,Business,Married,Excellent,1
APP102531,CUST10331,2025-10-14,60,127767.0,735.0,14,1124544,48,3,0,44384.0,723096,4,Male,Salaried,High School,Urban,Business,Married,Poor,0
APP102532,CUST10332,2023-04-06,51,35241.0,758.0,0,254830,60,1,0,40187.0,679451,3,Male,Salaried,Graduate,Rural,Vehicle,Single,Excellent,0
APP102533,CUST10333,2025-05-14,56,70975.0,586.0,6,1738255,12,5,0,71935.0,932437,2,Male,Salaried,Postgraduate,Semi-Urban,Personal,Single,Excellent,1
APP102534,CUST10334,2024-10-30,31,172226.0,615.0,20,1386164,12,1,0,47536.0,392697,4,Female,Salaried,Graduate,Rural,Personal,Married,Good,1
APP102535,CUST10335,2023-07-26,35,174697.0,612.0,19,284856,72,3,1,29188.0,283021,3,Male,Salaried,High School,Urban,Education,Married,Excellent,0
APP102536,CUST10336,2025-04-29,39,74396.0,770.0,19,1614904,36,5,0,19245.0,957085,2,Female,Salaried,High School,Semi-Urban,Personal,Married,Excellent,1
APP102537,CUST10337,2023-09-03,27,136920.0,667.0,23,1466801,84,4,0,37286.0,803951,3,Female,Salaried,Graduate,Urban,Personal,Married,Excellent,0
APP102538,CUST10338,2025-06-02,48,162403.0,842.0,10,1161073,72,4,0,39303.0,471568,2,Male,Salaried,Graduate,Urban,Education,Married,Excellent,1
APP102539,CUST10339,2023-03-24,63,104226.0,690.0,26,1628226,84,3,1,46049.0,537639,5,Female,Salaried,Graduate,Semi-Urban,Education,Married,Good,1
APP102540,CUST10340,2023-11-13,25,102719.0,580.0,28,935686,48,3,2,85901.0,390367,1,Female,Self-Employed,Graduate,Semi-Urban,Education,Married,Good,1
APP102541,CUST10341,2024-10-06,25,81014.0,640.0,13,1762186,60,5,0,61200.0,413864,1,Female,Self-Employed,Postgraduate,Semi-Urban,Vehicle,Single,Good,1
APP102542,CUST10342,2024-01-05,50,57346.0,699.0,21,1691218,72,2,0,83986.0,324692,0,Female,Salaried,High School,Urban,Education,Single,Good,0
APP102543,CUST10343,2025-01-18,52,88411.0,729.0,15,86368,84,5,0,74726.0,114538,4,Male,Salaried,High School,Urban,Vehicle,Single,Good,0
APP102544,CUST10344,2024-09-21,28,161326.0,616.0,13,94109,24,2,0,47861.0,360141,3,Female,Salaried,Postgraduate,Urban,Vehicle,Single,Good,0
APP102545,CUST10345,2023-06-29,30,177693.0,733.0,11,1287293,24,2,0,48639.0,505016,3,Female,Self-Employed,Graduate,Rural,Vehicle,Single,Excellent,1
APP102546,CUST10346,2024-08-24,58,94441.0,753.0,16,1024501,36,2,2,28937.0,198895,2,Female,Self-Employed,Graduate,Urban,Education,Married,Excellent,0
APP102547,CUST10347,2024-08-22,52,64121.0,642.0,13,77426,84,5,0,64514.0,392741,4,Male,Salaried,Graduate,Urban,Personal,Single,Average,0
APP102548,CUST10348,2025-04-20,48,78197.0,838.0,9,954064,72,0,1,77988.0,246509,3,Female,Contract,Graduate,Urban,Personal,Single,Good,0
APP102549,CUST10349,2023-12-14,37,102577.0,650.0,23,686925,48,0,3,8960.0,966984,4,Female,Salaried,Graduate,Urban,Education,Single,Excellent,1
APP102550,CUST10350,2023-11-27,51,,615.0,28,1661887,24,4,0,44602.0,437233,4,Male,Self-Employed,Postgraduate,Urban,Personal,Single,Poor,1
APP102551,CUST10351,2024-09-01,28,118211.0,575.0,13,1482988,36,0,0,15564.0,44253,1,Female,Salaried,High School,Semi-Urban,Education,Married,Good,1
APP102552,CUST10352,2025-01-13,60,153909.0,782.0,17,1551059,72,0,1,70533.0,997217,3,Male,Salaried,Graduate,Semi-Urban,Vehicle,Single,Excellent,1
APP102553,CUST10353,2024-07-22,45,161687.0,692.0,21,1254540,36,2,0,52510.0,236181,3,Female,Salaried,High School,Rural,Business,Married,Poor,0
APP102554,CUST10354,2024-01-24,29,19466.0,654.0,8,563168,48,2,0,10091.0,91967,0,Male,Self-Employed,Postgraduate,Rural,Home,Single,Good,1
APP102555,CUST10355,2025-08-28,22,,579.0,16,1994219,24,3,0,67335.0,157996,4,Female,Salaried,High School,Rural,Education,Married,Poor,1
APP102556,CUST10356,2025-01-16,35,101886.0,661.0,5,1717761,24,2,0,35519.0,564152,2,Male,Self-Employed,Postgraduate,Urban,Vehicle,Single,Excellent,1
APP102557,CUST10357,2023-05-17,23,83911.0,850.0,7,1026729,24,5,0,8710.0,279637,1,Male,Self-Employed,High School,Urban,Business,Married,Excellent,0
APP102558,CUST10358,2023-10-09,56,169818.0,529.0,25,721367,84,3,0,68564.0,10337,0,Female,Salaried,Graduate,Urban,Vehicle,Single,Good,0
APP102559,CUST10359,2025-10-15,24,106422.0,643.0,12,1702641,12,3,0,64977.0,68281,1,Female,Self-Employed,Graduate,Semi-Urban,Home,Married,Excellent,1
APP102560,CUST10360,2025-01-13,34,91369.0,824.0,17,94858,84,0,0,69975.0,545323,2,Male,Salaried,Graduate,Semi-Urban,Personal,Single,Excellent,1
APP102561,CUST10361,2024-06-14,61,19893.0,784.0,4,1319086,24,2,0,62614.0,355998,0,Female,Salaried,Graduate,Semi-Urban,Personal,Married,Average,1
APP102562,CUST10362,2023-01-16,61,48573.0,647.0,5,1450762,60,0,0,12988.0,243913,1,Female,Self-Employed,Graduate,Urban,Vehicle,Single,Excellent,1
APP102563,CUST10363,2025-10-01,45,114907.0,705.0,20,919530,12,2,0,40754.0,242798,2,Male,Self-Employed,High School,Urban,Home,Single,Average,0
APP102564,CUST10364,2024-07-21,30,117956.0,725.0,18,1643103,72,0,0,28074.0,205390,5,Male,Salaried,Postgraduate,Semi-Urban,Vehicle,Married,Good,1
APP102565,CUST10365,2025-12-27,41,136580.0,700.0,3,506185,84,0,0,26198.0,739694,0,Female,Salaried,High School,Urban,Personal,Married,Average,0
APP102566,CUST10366,2023-01-30,56,170271.0,824.0,6,980569,12,0,1,81045.0,287028,2,Female,Salaried,Graduate,Semi-Urban,Vehicle,Married,Good,0
APP102567,CUST10367,2024-10-25,32,109404.0,715.0,3,1995959,12,5,1,30180.0,14074,0,Female,Salaried,,Rural,Business,Married,Good,0
APP102568,CUST10368,2025-09-25,47,75724.0,775.0,24,1139867,84,4,1,53068.0,884317,3,Female,Contract,Graduate,Urban,Home,Married,Good,1
APP102569,CUST10369,2025-05-24,60,104133.0,704.0,10,1137381,84,0,2,21560.0,31907,3,Male,Salaried,High School,Semi-Urban,Personal,Married,Good,1
APP102570,CUST10370,2023-01-22,22,33989.0,538.0,11,1197407,12,1,0,47674.0,223597,1,Male,Contract,High School,Semi-Urban,Vehicle,Married,Good,0
APP102571,CUST10371,2025-11-19,33,46931.0,601.0,13,199515,36,1,0,70152.0,371867,4,Male,Contract,Postgraduate,Urban,Home,Married,Excellent,1
APP102572,CUST10372,2025-08-13,52,27290.0,616.0,12,59290,60,1,0,43938.0,537912,5,Male,Salaried,Graduate,Urban,Vehicle,Single,Excellent,1
APP102573,CUST10373,2024-10-21,51,139136.0,671.0,28,1492003,48,5,1,40391.0,260160,4,Female,Salaried,Graduate,Urban,Personal,Married,Excellent,1
APP102574,CUST10374,2025-12-08,36,,846.0,9,1444354,24,3,1,33731.0,471641,2,Male,Business,Graduate,Semi-Urban,Home,Married,Good,1
APP102575,CUST10375,2023-11-21,52,108477.0,717.0,17,1904080,84,0,0,89698.0,949760,0,Male,Salaried,High School,Urban,Personal,Married,Average,1
APP102576,CUST10376,2023-06-30,52,144299.0,682.0,15,879722,12,1,0,30236.0,146527,3,Female,Salaried,Graduate,Rural,Business,Married,Excellent,0
APP102577,CUST10377,2023-05-02,54,179205.0,783.0,4,135186,48,5,0,42133.0,248808,4,Female,Salaried,Postgraduate,Rural,Business,Married,Good,0
APP102578,CUST10378,2023-05-04,31,123686.0,581.0,7,1900123,84,3,0,81915.0,147266,3,Male,Salaried,High School,Urban,Education,Married,Average,1
APP102579,CUST10379,2023-09-23,30,176124.0,653.0,13,1628013,36,1,0,9340.0,813054,5,Female,Salaried,Postgraduate,Urban,Home,Single,Good,1
APP102580,CUST10380,2023-01-28,35,125286.0,642.0,4,878424,48,2,2,75291.0,490740,2,Male,Salaried,High School,Semi-Urban,Business,Single,Average,0
APP102581,CUST10381,2023-03-18,37,58475.0,720.0,25,329860,12,4,0,53731.0,973473,5,Female,Self-Employed,Postgraduate,Rural,Education,Single,Average,0
APP102582,CUST10382,2024-03-07,60,100666.0,757.0,27,1982732,72,0,2,62428.0,78106,5,Female,Contract,Graduate,Urban,Home,Married,Excellent,1
APP102583,CUST10383,2025-05-28,38,114622.0,725.0,23,1636485,60,4,0,57822.0,26487,2,Male,,Graduate,Semi-Urban,Personal,Single,Poor,1
APP102584,CUST10384,2025-06-12,29,153705.0,727.0,7,1498612,48,4,0,46866.0,5617,0,Female,Salaried,Postgraduate,Rural,Vehicle,Single,Excellent,1
APP102585,CUST10385,2025-11-24,45,166376.0,663.0,24,835088,84,2,1,88795.0,115988,5,Male,Salaried,Graduate,Urban,Vehicle,Single,Average,1
APP102586,CUST10386,2024-03-11,60,125573.0,714.0,25,949497,12,2,0,46813.0,392529,4,Male,Salaried,Postgraduate,Urban,Personal,Single,Good,1
APP102587,CUST10387,2025-12-21,34,64546.0,627.0,5,1915407,84,2,0,71042.0,111813,2,Male,Self-Employed,Graduate,Rural,Business,Single,Good,0
APP102588,CUST10388,2023-02-21,45,25008.0,,15,1217950,12,3,0,79135.0,642309,2,Female,Self-Employed,Postgraduate,Urban,Vehicle,Single,Average,1
APP102589,CUST10389,2023-04-26,42,66291.0,652.0,27,1403818,24,1,1,13715.0,666645,3,Male,Salaried,Postgraduate,Urban,Personal,Single,Average,1
APP102590,CUST10390,2023-02-16,50,176477.0,606.0,3,1930519,72,0,0,60902.0,562512,1,Male,Business,High School,Urban,Education,Married,Good,0
APP102591,CUST10391,2024-03-13,40,54386.0,693.0,11,1413963,24,2,0,19783.0,988540,5,Male,Self-Employed,Graduate,Urban,Education,Married,Good,1
APP102592,CUST10392,2023-04-11,41,108909.0,547.0,10,427275,72,5,0,72933.0,979730,4,Male,Salaried,Postgraduate,Rural,Personal,Married,Excellent,0
APP102593,CUST10393,2023-04-17,64,169899.0,801.0,2,1622566,60,0,1,45680.0,33994,0,Male,Self-Employed,High School,Urban,Home,Married,Average,1
APP102594,CUST10394,2025-09-09,52,51040.0,750.0,30,865182,24,0,2,64179.0,329583,5,Male,Salaried,Graduate,Rural,Business,Married,Excellent,1
APP102595,CUST10395,2025-11-24,41,78354.0,715.0,11,1321258,60,0,0,44970.0,973971,0,Female,Self-Employed,Graduate,Urban,Business,Married,Average,1
APP102596,CUST10396,2025-09-27,55,96543.0,568.0,29,984814,84,2,0,78236.0,631466,3,Male,Salaried,High School,Urban,Personal,Married,Good,1
APP102597,CUST10397,2023-12-25,52,36157.0,,4,891830,36,2,2,9718.0,814446,5,Female,Salaried,Postgraduate,Semi-Urban,Vehicle,Single,Good,1
APP102598,CUST10398,2025-06-05,50,53315.0,693.0,5,787902,36,1,0,32111.0,337653,0,Female,Business,Graduate,Rural,Business,Married,Good,0
APP102599,CUST10399,2025-03-10,59,53932.0,670.0,18,1042711,72,2,0,43718.0,599598,5,Male,Self-Employed,Graduate,Urban,Business,Single,Average,1
APP102600,CUST10400,2025-10-22,32,170236.0,563.0,17,1871661,72,2,0,80769.0,741415,2,Female,Self-Employed,Graduate,Semi-Urban,Education,Single,Poor,1
APP102601,CUST10401,2024-03-10,61,163486.0,591.0,15,356489,24,0,0,84707.0,987758,5,Female,Salaried,Graduate,Urban,Education,Single,Good,0
APP102602,CUST10402,2024-08-26,38,163399.0,,22,667718,36,1,0,15726.0,445333,4,Male,Self-Employed,Postgraduate,Rural,Education,Married,Poor,0
APP102603,CUST10403,2024-07-19,41,131880.0,594.0,10,164921,48,4,0,22139.0,251763,5,Female,Salaried,Graduate,Rural,Business,Married,Poor,1
APP102604,CUST10404,2025-07-04,33,150018.0,793.0,4,666017,48,2,0,70681.0,519752,0,Male,Business,Graduate,Semi-Urban,Business,Single,Average,1
APP102605,CUST10405,2023-08-16,41,32693.0,727.0,8,1674707,84,5,1,49782.0,984098,4,Female,Self-Employed,Graduate,Semi-Urban,Business,Married,Average,0
APP102606,CUST10406,2024-06-28,28,45241.0,630.0,30,715582,48,2,0,24958.0,746476,0,Male,Salaried,Postgraduate,Urban,Vehicle,Married,Good,1
APP102607,CUST10407,2024-10-09,60,133194.0,778.0,2,999013,84,4,0,26307.0,880067,1,Female,Salaried,Postgraduate,Urban,Vehicle,Single,Excellent,0
APP102608,CUST10408,2023-09-05,27,113790.0,763.0,29,181458,36,0,1,74134.0,317362,1,Male,Business,Graduate,Urban,Vehicle,Single,Good,1
APP102609,CUST10409,2025-12-12,43,164612.0,712.0,30,1949342,48,1,1,18583.0,266312,4,Male,Self-Employed,Graduate,Urban,Home,Married,Average,1
APP102610,CUST10410,2023-11-10,64,90255.0,687.0,7,379314,60,0,0,22013.0,837822,1,Female,Contract,Graduate,Semi-Urban,Business,Single,Poor,0
APP102611,CUST10411,2023-02-06,52,174153.0,668.0,5,90878,12,3,0,52984.0,959988,1,Male,Salaried,Postgraduate,Urban,Business,Single,Good,0
APP102612,CUST10412,2024-12-24,31,29350.0,650.0,3,250741,72,2,0,49874.0,309732,2,Male,Self-Employed,Postgraduate,Urban,Personal,Married,Average,1
APP102613,CUST10413,2025-09-06,42,74809.0,590.0,11,1075184,24,5,0,45197.0,905823,0,Female,Self-Employed,High School,Rural,Personal,Married,Average,1
APP102614,CUST10414,2023-03-25,42,119894.0,805.0,11,1267997,84,3,0,14096.0,18302,1,Male,Self-Employed,Graduate,Rural,Home,Single,Good,1
APP102615,CUST10415,2025-06-18,63,115557.0,651.0,30,1854207,60,2,0,76091.0,453976,4,Male,Business,Graduate,Urban,Personal,Married,Excellent,1
APP102616,CUST10416,2024-12-19,45,177441.0,692.0,24,1613764,48,3,0,78533.0,532522,2,Female,Salaried,High School,Semi-Urban,Vehicle,Single,Average,1
APP102617,CUST10417,2024-07-03,42,49728.0,622.0,20,1713216,12,4,1,81345.0,666854,1,Female,Salaried,Graduate,Urban,Home,Married,Excellent,1
APP102618,CUST10418,2024-12-15,48,35576.0,671.0,15,1513321,24,2,0,30618.0,195697,5,Female,Salaried,,Urban,Home,Married,Excellent,1
APP102619,CUST10419,2024-08-09,49,178073.0,850.0,30,1038807,60,5,0,14868.0,936743,4,Female,Salaried,Graduate,Urban,Home,Single,Good,1
APP102620,CUST10420,2023-06-01,33,101384.0,636.0,9,1533313,24,2,0,26882.0,861466,0,Female,Salaried,Graduate,Rural,Education,Single,Average,1
APP102621,CUST10421,2025-11-27,38,18390.0,799.0,21,592671,84,3,0,25639.0,785638,5,Female,Salaried,High School,Semi-Urban,Personal,Single,Good,1
APP102622,CUST10422,2023-06-14,22,63436.0,688.0,13,710261,84,1,0,41963.0,376878,1,Male,Salaried,High School,Semi-Urban,Business,Married,Average,1
APP102623,CUST10423,2025-07-26,49,29569.0,741.0,30,879321,72,3,1,65464.0,600091,4,Female,Salaried,Graduate,Urban,Education,Married,Excellent,1
APP102624,CUST10424,2023-07-31,41,162101.0,783.0,30,1637497,36,2,0,34470.0,453539,5,Female,Business,,Urban,Vehicle,Married,Good,0
APP102625,CUST10425,2024-06-09,35,40490.0,710.0,12,636532,84,2,1,75714.0,148618,4,Female,Salaried,Postgraduate,Urban,Education,Married,Good,1
APP102626,CUST10426,2025-01-11,47,63875.0,664.0,8,240091,48,1,0,68670.0,684839,3,Male,Salaried,High School,Rural,Vehicle,Married,Average,1
APP102627,CUST10427,2023-05-12,51,23867.0,676.0,6,978211,60,0,0,81434.0,565725,5,Male,Self-Employed,Postgraduate,Urban,Business,Single,Good,1
APP102628,CUST10428,2023-04-06,35,98820.0,679.0,11,1842048,60,1,0,76102.0,714227,4,Male,Salaried,Graduate,Urban,Business,Married,Excellent,1
APP102629,CUST10429,2025-10-09,43,117515.0,830.0,4,1444317,12,0,0,25353.0,670017,5,Female,Self-Employed,Postgraduate,Urban,Personal,Single,Good,1
APP102630,CUST10430,2024-06-05,44,27121.0,579.0,17,750461,12,5,1,43188.0,617277,3,Male,Salaried,Graduate,Semi-Urban,Education,Married,Average,1
APP102631,CUST10431,2024-01-09,64,19539.0,557.0,3,750066,12,2,1,38375.0,105265,0,Male,Business,High School,Urban,Business,Married,Good,1
APP102632,CUST10432,2025-11-05,33,166099.0,562.0,1,782444,24,4,0,76210.0,903676,0,Male,Salaried,Graduate,Urban,Vehicle,Married,Excellent,0
APP102633,CUST10433,2024-08-30,42,145402.0,623.0,2,65115,48,4,1,27272.0,284403,2,Male,Salaried,Graduate,Urban,Business,Married,Good,1
APP102634,CUST10434,2023-01-18,63,92229.0,743.0,25,1173955,24,3,3,26716.0,919958,5,Female,Salaried,Graduate,Semi-Urban,Personal,Single,Excellent,1
APP102635,CUST10435,2025-10-27,57,157993.0,747.0,11,1332129,48,1,0,40162.0,951149,3,Female,Salaried,High School,Semi-Urban,Vehicle,Single,Good,1
APP102636,CUST10436,2025-09-04,53,68435.0,644.0,2,614267,60,1,2,81587.0,854106,4,Female,Business,Graduate,Rural,Home,Married,Excellent,1
APP102637,CUST10437,2025-05-28,23,,688.0,3,746001,84,4,0,78606.0,210342,2,Female,Self-Employed,Graduate,Urban,Personal,Married,Excellent,0
APP102638,CUST10438,2024-08-16,39,81965.0,606.0,5,643665,84,0,1,34472.0,729412,5,Female,Business,Graduate,Rural,Personal,Single,Good,1
APP102639,CUST10439,2024-10-04,43,129048.0,613.0,11,1875722,24,1,0,63504.0,778913,2,Female,Salaried,Graduate,Urban,Home,Single,Excellent,1
APP102640,CUST10440,2023-05-09,49,114444.0,733.0,18,580704,24,0,0,60441.0,806464,5,Male,Business,Graduate,Urban,Business,Single,Excellent,0
APP102641,CUST10441,2025-03-11,50,87922.0,769.0,9,978137,24,0,0,66401.0,877851,0,Female,Salaried,Postgraduate,Semi-Urban,Personal,Married,Average,0
APP102642,CUST10442,2024-03-30,59,115799.0,654.0,29,440929,36,0,0,63835.0,227202,4,Female,Salaried,High School,Semi-Urban,Home,Married,Excellent,0
APP102643,CUST10443,2025-05-25,64,111948.0,813.0,0,705954,72,0,2,61936.0,700361,3,Female,Salaried,Graduate,Urban,Home,Married,Good,0
APP102644,CUST10444,2024-07-24,45,,762.0,16,457609,48,3,0,36518.0,31004,0,Female,Self-Employed,Graduate,Semi-Urban,Personal,Married,Average,1
APP102645,CUST10445,2025-12-31,57,26947.0,809.0,15,478596,84,3,0,89935.0,804602,2,Female,Business,Graduate,Urban,Education,Married,Excellent,1
APP102646,CUST10446,2025-10-10,28,66785.0,667.0,8,750416,48,4,0,59462.0,895683,1,Male,Salaried,Graduate,Semi-Urban,Personal,Single,Excellent,1
APP102647,CUST10447,2024-02-05,62,137963.0,804.0,24,1491084,24,3,0,32313.0,480710,2,Male,Business,Postgraduate,Semi-Urban,Education,Married,Good,1
APP102648,CUST10448,2024-04-06,36,18507.0,850.0,20,1982515,36,5,0,21110.0,284986,1,Male,Business,Postgraduate,Urban,Business,Married,Good,1
APP102649,CUST10449,2023-03-30,28,176223.0,659.0,8,692531,24,1,0,39816.0,897131,5,Male,Salaried,Postgraduate,Urban,Home,Single,Good,0
APP102650,CUST10450,2025-04-02,21,29618.0,678.0,26,972365,48,5,0,66549.0,489827,0,Male,Self-Employed,High School,Urban,Vehicle,Single,Average,1
APP102651,CUST10451,2023-01-06,64,92286.0,619.0,22,677358,72,3,0,33530.0,948571,5,Female,Salaried,Graduate,Urban,Personal,Married,Excellent,0
APP102652,CUST10452,2025-08-02,25,34122.0,604.0,8,1658990,84,1,0,5893.0,860140,3,Male,Business,Postgraduate,Urban,Vehicle,Single,Good,0
APP102653,CUST10453,2023-03-25,23,156426.0,605.0,11,654670,72,1,0,31885.0,974126,4,Male,Self-Employed,Graduate,Urban,Business,Married,Poor,1
APP102654,CUST10454,2025-12-31,21,127598.0,629.0,22,1321361,60,0,2,49560.0,565483,1,Female,Salaried,Graduate,Urban,Personal,Married,Excellent,0
APP102655,CUST10455,2024-09-12,24,104436.0,711.0,8,1001186,36,4,0,18613.0,133138,4,Male,Business,Graduate,Urban,Vehicle,Married,Excellent,1
APP102656,CUST10456,2023-06-21,60,154109.0,632.0,14,592516,72,0,0,84852.0,963070,5,Male,Salaried,Postgraduate,Semi-Urban,Business,Married,Good,1
APP102657,CUST10457,2024-11-29,55,46633.0,708.0,1,1592091,36,0,0,11087.0,12736,0,Female,Business,Postgraduate,Semi-Urban,Education,Married,Poor,1
APP102658,CUST10458,2023-09-30,52,42495.0,710.0,10,598297,24,5,0,40701.0,577546,0,Female,Salaried,Graduate,Semi-Urban,Business,Single,Excellent,1
APP102659,CUST10459,2024-06-13,62,82550.0,655.0,10,836526,60,3,0,23665.0,363948,5,Female,Business,Postgraduate,Urban,Personal,Married,Good,1
APP102660,CUST10460,2023-11-15,54,54483.0,685.0,7,1598780,48,5,0,34622.0,834907,5,Male,Self-Employed,Postgraduate,Urban,Personal,Single,Excellent,1
APP102661,CUST10461,2024-03-04,63,131181.0,650.0,22,1179212,72,3,0,87403.0,573799,0,Male,Self-Employed,High School,Semi-Urban,Personal,Married,Good,0
APP102662,CUST10462,2025-04-26,45,52069.0,667.0,5,1281869,72,5,0,46989.0,271350,3,Male,Salaried,High School,Rural,Business,Married,Excellent,1
APP102663,CUST10463,2023-09-06,30,156442.0,629.0,20,1197029,12,1,0,49741.0,908320,1,Female,Business,Graduate,Rural,Personal,Single,Good,1
APP102664,CUST10464,2024-01-22,41,137873.0,696.0,19,1509222,84,3,1,83700.0,24348,4,Male,Salaried,Graduate,Semi-Urban,Business,Married,Good,1
APP102665,CUST10465,2023-12-29,59,134843.0,645.0,6,1153062,48,3,0,,61057,2,Male,Salaried,Postgraduate,Semi-Urban,Home,Married,Poor,1
APP102666,CUST10466,2023-03-09,47,89947.0,603.0,2,1975518,72,5,0,76637.0,696441,5,Male,Salaried,Postgraduate,Semi-Urban,Home,Married,Average,1
APP102667,CUST10467,2024-03-13,47,113761.0,735.0,7,539881,72,2,0,64175.0,380503,5,Male,Business,Graduate,Urban,Home,Married,Average,0
APP102668,CUST10468,2025-10-12,22,131753.0,737.0,17,767654,48,1,0,38546.0,122615,0,Female,Salaried,Postgraduate,Semi-Urban,Vehicle,Married,Excellent,1
APP102669,CUST10469,2023-10-23,61,149764.0,773.0,16,310243,60,1,0,8475.0,505393,4,Female,Salaried,Graduate,Urban,Home,Married,Excellent,0
APP102670,CUST10470,2024-10-08,33,46926.0,613.0,10,1643724,36,2,0,75259.0,984712,4,Female,Business,Graduate,Urban,Home,Single,Good,1
APP102671,CUST10471,2023-02-02,29,117782.0,654.0,1,384956,48,5,0,19890.0,423070,3,Female,Business,Postgraduate,Semi-Urban,Business,Single,Good,0
APP102672,CUST10472,2023-02-01,56,122700.0,707.0,24,1426807,36,5,0,28270.0,285176,1,Male,Salaried,Graduate,Rural,Business,Single,Good,1
APP102673,CUST10473,2024-07-08,42,91984.0,652.0,20,1343432,60,1,0,11713.0,321823,3,Female,Salaried,Graduate,Urban,Personal,Single,Excellent,1
APP102674,CUST10474,2023-11-01,62,67593.0,733.0,26,1500278,60,5,0,79137.0,788534,3,Male,Salaried,High School,Semi-Urban,Personal,Single,Good,1
APP102675,CUST10475,2025-03-03,46,93609.0,727.0,23,1836999,24,4,0,70317.0,165344,4,Female,Business,Graduate,Urban,Personal,Married,Excellent,1
APP102676,CUST10476,2023-04-06,32,23209.0,726.0,18,1148183,12,4,0,70117.0,374798,1,Female,Business,Graduate,Urban,Business,Married,Good,1
APP102677,CUST10477,2025-12-25,37,144700.0,799.0,6,1501537,60,2,0,87979.0,766848,1,Male,Business,Graduate,Semi-Urban,Business,Married,Excellent,1
APP102678,CUST10478,2024-06-04,34,155605.0,738.0,30,1467384,60,3,0,67594.0,643457,1,Male,Self-Employed,Graduate,Rural,Home,Single,Average,1
APP102679,CUST10479,2023-08-18,34,104597.0,702.0,17,1308181,36,4,0,88520.0,302253,0,Female,Salaried,Graduate,Urban,Education,Married,Excellent,1
APP102680,CUST10480,2025-01-02,54,25211.0,675.0,7,592618,60,5,1,83271.0,55670,1,Male,Salaried,High School,Semi-Urban,Business,Married,Poor,1
APP102681,CUST10481,2023-12-24,40,27927.0,681.0,13,957235,48,2,0,89153.0,498358,4,Female,Salaried,High School,Urban,Education,Married,Average,1
APP102682,CUST10482,2024-02-06,31,135333.0,610.0,6,1794014,24,4,2,61505.0,317166,0,Male,Salaried,High School,Rural,Business,Married,Average,1
APP102683,CUST10483,2025-02-28,36,173666.0,558.0,27,1809268,24,0,0,47257.0,403754,2,Female,Contract,Postgraduate,Semi-Urban,Business,Married,Poor,0
APP102684,CUST10484,2023-04-09,51,94382.0,725.0,20,547337,48,2,0,84510.0,573525,5,Female,Salaried,High School,Semi-Urban,Vehicle,Single,Excellent,1
APP102685,CUST10485,2023-09-28,26,157005.0,782.0,27,1874998,72,1,0,51492.0,669893,3,Female,Contract,Graduate,Rural,Education,Married,Good,0
APP102686,CUST10486,2023-12-28,39,121780.0,665.0,26,271437,60,4,0,81159.0,982154,1,Female,Business,High School,Urban,Vehicle,Married,Average,0
APP102687,CUST10487,2024-06-11,57,58696.0,809.0,3,1404056,84,1,0,20395.0,993517,2,Male,Business,Graduate,Urban,Home,Married,Excellent,0
APP102688,CUST10488,2025-11-10,24,85616.0,677.0,16,582358,12,2,0,77005.0,800795,1,Male,Self-Employed,Postgraduate,Semi-Urban,Vehicle,Married,Good,0
APP102689,CUST10489,2024-06-23,24,155161.0,543.0,4,575608,60,4,0,30040.0,213872,3,Female,Salaried,Graduate,Semi-Urban,Vehicle,Married,Good,1
APP102690,CUST10490,2024-08-17,40,175195.0,759.0,11,925475,24,1,2,73702.0,51304,4,Female,Salaried,High School,Semi-Urban,Home,Married,Good,1
APP102691,CUST10491,2025-04-12,30,156869.0,654.0,8,351065,12,3,0,26637.0,251888,4,Female,Self-Employed,Graduate,Urban,Education,Married,Average,0
APP102692,CUST10492,2024-02-01,44,68013.0,766.0,25,56589,84,3,2,72745.0,541107,3,Male,Salaried,Graduate,Semi-Urban,Personal,Married,Good,0
APP102693,CUST10493,2025-11-25,55,157418.0,594.0,19,929427,72,0,0,13747.0,541479,2,Female,Salaried,Graduate,Semi-Urban,Business,Married,Excellent,0
APP102694,CUST10494,2024-05-09,46,166725.0,721.0,12,1638453,36,5,0,25250.0,11499,0,Male,Self-Employed,Graduate,Urban,Education,Married,Poor,1
APP102695,CUST10495,2023-11-10,57,67556.0,630.0,24,86375,36,2,0,82737.0,592289,5,Male,Business,High School,Semi-Urban,Home,Single,Excellent,0
APP102696,CUST10496,2024-05-04,58,141723.0,705.0,27,93085,84,5,0,59040.0,639671,5,Female,Business,Graduate,Urban,Vehicle,Married,Average,1
APP102697,CUST10497,2023-08-21,41,44140.0,747.0,17,635128,60,5,0,36305.0,546956,5,Male,Salaried,Graduate,Rural,Personal,Single,Poor,1
APP102698,CUST10498,2025-10-26,60,19184.0,730.0,19,748560,60,1,0,70318.0,669122,0,Female,Contract,High School,Urban,Vehicle,Married,Average,1
APP102699,CUST10499,2024-10-25,59,173918.0,695.0,8,1721568,12,0,0,69237.0,888260,1,Female,Self-Employed,Postgraduate,Urban,Business,Single,Good,0
APP102700,CUST10500,2023-09-01,41,129361.0,587.0,3,933479,12,2,0,88110.0,679608,3,Male,Self-Employed,Postgraduate,Urban,Home,Single,Average,1
APP102701,CUST10501,2023-08-29,30,171267.0,745.0,20,1129558,72,3,0,57362.0,895781,3,Male,Salaried,High School,Urban,Personal,Single,Good,0
APP102702,CUST10502,2024-07-11,58,23606.0,767.0,26,1944728,60,5,0,15096.0,705304,0,Female,Self-Employed,Postgraduate,Semi-Urban,Education,Married,Good,1
APP102703,CUST10503,2023-03-16,24,153028.0,612.0,7,984250,24,1,3,80764.0,212941,2,Male,Self-Employed,Graduate,Rural,Education,Married,Good,1
APP102704,CUST10504,2023-10-10,65,34555.0,623.0,0,1389234,36,5,0,14218.0,383809,5,Male,Self-Employed,Graduate,Semi-Urban,Home,Married,Good,1
APP102705,CUST10505,2023-03-28,40,108385.0,771.0,16,245961,72,4,1,89338.0,266566,3,Male,Salaried,Graduate,Urban,Home,Married,Average,0
APP102706,CUST10506,2025-05-30,37,167762.0,,24,1495643,12,3,0,52381.0,887620,4,Female,Business,Postgraduate,Urban,Vehicle,Married,Good,1
APP102707,CUST10507,2025-07-18,27,76502.0,625.0,8,1698898,24,5,0,89483.0,636230,4,Female,Contract,Graduate,Urban,Personal,Single,Good,1
APP102708,CUST10508,2023-06-09,24,175419.0,710.0,19,1459108,60,4,0,24335.0,18070,3,Male,Business,Postgraduate,Urban,Business,Married,Good,0
APP102709,CUST10509,2024-03-21,49,121844.0,642.0,12,1554777,48,4,0,51861.0,620680,5,Female,Salaried,Postgraduate,Urban,Home,Married,Average,1
APP102710,CUST10510,2023-03-23,34,109321.0,702.0,1,94845,12,1,2,34907.0,102164,5,Female,Salaried,High School,Semi-Urban,Personal,Married,Average,0
APP102711,CUST10511,2025-10-27,23,67056.0,659.0,12,1352835,72,1,0,87189.0,698167,5,Male,Salaried,High School,Urban,Home,Single,Excellent,1
APP102712,CUST10512,2023-07-01,44,116234.0,665.0,8,1995861,48,4,2,44387.0,880391,2,Male,Self-Employed,Postgraduate,Semi-Urban,Home,Married,Good,1
APP102713,CUST10513,2025-05-19,57,59850.0,773.0,29,1206993,24,0,1,79655.0,446249,4,Male,Business,Graduate,Semi-Urban,Education,Single,Good,1
APP102714,CUST10514,2025-08-23,36,45843.0,505.0,19,163436,84,5,0,62407.0,423428,2,Female,Salaried,Postgraduate,Urban,Personal,Single,Good,1
APP102715,CUST10515,2024-04-22,24,80320.0,732.0,5,1336774,36,4,0,70262.0,630565,0,Female,Contract,Postgraduate,Rural,Education,Single,Excellent,1
APP102716,CUST10516,2023-07-02,44,47793.0,761.0,27,1381879,84,4,0,9555.0,9626,1,Male,Self-Employed,Graduate,Urban,Education,Married,Average,1
APP102717,CUST10517,2023-06-23,54,166929.0,643.0,0,538288,84,1,0,51095.0,54270,5,Female,Salaried,Graduate,Urban,Personal,Married,Excellent,0
APP102718,CUST10518,2023-01-14,50,37627.0,760.0,27,139788,84,5,0,69051.0,832199,0,Female,Salaried,High School,Rural,Education,Married,Good,0
APP102719,CUST10519,2023-03-14,38,79822.0,618.0,24,1646867,24,2,0,6042.0,852937,1,Female,Salaried,Postgraduate,Urban,Vehicle,Single,Average,0
APP102720,CUST10520,2024-05-28,39,73798.0,641.0,4,680010,36,3,0,9188.0,7292,4,Male,Self-Employed,High School,Urban,Business,Married,Excellent,1
APP102721,CUST10521,2024-08-24,51,93318.0,632.0,30,1920147,24,1,0,83596.0,383936,1,Female,Salaried,Graduate,Urban,Business,Married,Good,1
APP102722,CUST10522,2023-12-09,39,122186.0,761.0,2,1335020,84,5,0,63153.0,806291,1,Female,Self-Employed,Graduate,Urban,Vehicle,Married,Average,0
APP102723,CUST10523,2023-11-29,39,105902.0,559.0,3,888884,12,5,1,15233.0,428801,3,Male,Business,Postgraduate,Semi-Urban,Home,Married,Good,1
APP102724,CUST10524,2023-12-21,42,177629.0,813.0,0,1120781,84,0,0,8088.0,402035,1,Female,Salaried,High School,Rural,Education,Married,Average,0
APP102725,CUST10525,2025-04-26,44,89334.0,667.0,13,1849995,12,3,0,6646.0,640274,3,Female,Salaried,Postgraduate,Semi-Urban,Business,Married,Average,1
APP102726,CUST10526,2023-06-12,65,124719.0,736.0,8,1679819,72,1,0,18127.0,530568,1,Male,Self-Employed,Graduate,Semi-Urban,Personal,Single,Excellent,1
APP102727,CUST10527,2023-04-26,32,141099.0,730.0,29,1864099,84,1,1,37615.0,461696,3,Female,Salaried,High School,Semi-Urban,Home,Single,Good,0
APP102728,CUST10528,2025-10-28,50,30720.0,701.0,23,319608,48,2,0,71023.0,476993,4,Male,Contract,Graduate,Rural,Business,Single,Good,0
APP102729,CUST10529,2025-11-12,58,75608.0,645.0,3,1836582,24,0,2,20453.0,150219,4,Female,Salaried,High School,Semi-Urban,Education,Married,Excellent,0
APP102730,CUST10530,2025-03-01,51,,783.0,17,1079356,84,0,3,57233.0,745712,1,Female,Salaried,Graduate,Rural,Business,Married,Excellent,1
APP102731,CUST10531,2024-06-26,56,120828.0,651.0,13,253729,24,5,1,39515.0,251522,2,Male,Self-Employed,Postgraduate,Urban,Education,Married,Good,1
APP102732,CUST10532,2024-02-18,39,144613.0,635.0,24,321984,84,5,0,63092.0,727525,4,Male,Business,High School,Urban,Home,Single,Average,0
APP102733,CUST10533,2024-11-12,65,90095.0,756.0,3,545832,48,1,0,87447.0,502019,0,Male,Salaried,Graduate,Urban,Vehicle,Married,Average,1
APP102734,CUST10534,2024-10-03,56,123924.0,701.0,24,352912,84,2,2,70000.0,800066,0,Female,Salaried,Graduate,Rural,Education,Married,Good,0
APP102735,CUST10535,2024-10-30,50,114452.0,792.0,9,857359,60,1,1,88087.0,335694,3,Female,Business,Graduate,Urban,Education,Married,Good,1
APP102736,CUST10536,2023-01-22,53,105593.0,685.0,2,1057438,72,4,1,66993.0,146845,2,Male,Salaried,Postgraduate,Semi-Urban,Home,Single,Good,1
APP102737,CUST10537,2025-08-26,38,124975.0,641.0,22,1983630,24,5,0,58762.0,678241,5,Male,Salaried,Graduate,Semi-Urban,Home,Married,Average,1
APP102738,CUST10538,2023-11-26,48,95242.0,711.0,6,1113905,72,4,0,86814.0,984100,3,Male,Self-Employed,Graduate,Rural,Personal,Married,Good,0
APP102739,CUST10539,2025-11-11,31,134041.0,656.0,9,1114367,24,2,0,82467.0,668640,1,Female,Self-Employed,Graduate,Semi-Urban,Home,Married,Good,1
APP102740,CUST10540,2025-06-20,65,144202.0,643.0,12,1413347,24,1,1,27188.0,64593,4,Female,Business,Graduate,Semi-Urban,Business,Single,Good,1
APP102741,CUST10541,2024-12-24,53,95606.0,752.0,3,1489605,60,5,1,71019.0,161627,2,Male,Salaried,Graduate,Rural,Education,Single,Good,1
APP102742,CUST10542,2023-09-09,37,141769.0,827.0,17,719732,84,2,0,5451.0,308565,3,Female,Salaried,High School,Rural,Vehicle,Married,Average,1
APP102743,CUST10543,2023-07-24,26,136542.0,672.0,10,1081743,12,1,0,9069.0,614760,3,Female,Self-Employed,Postgraduate,Urban,Home,Married,Good,0
APP102744,CUST10544,2025-04-11,24,124438.0,617.0,24,1584682,72,1,0,,163404,0,Female,Business,Postgraduate,Rural,Education,Single,Excellent,0
APP102745,CUST10545,2025-03-01,40,18924.0,678.0,3,1802405,48,4,0,18386.0,311732,1,Male,Self-Employed,Postgraduate,Urban,Vehicle,Married,Excellent,1
APP102746,CUST10546,2025-12-20,47,69322.0,729.0,23,421698,72,3,0,12207.0,884045,3,Female,Salaried,High School,Semi-Urban,Personal,Single,Average,1
APP102747,CUST10547,2024-04-09,35,175550.0,709.0,13,180436,84,0,0,43439.0,930141,0,Male,Salaried,Graduate,Urban,Business,Married,Excellent,0
APP102748,CUST10548,2024-01-29,26,89042.0,780.0,17,1185649,60,5,0,57285.0,95491,2,Male,Business,Postgraduate,Urban,Personal,Married,Excellent,0
APP102749,CUST10549,2025-10-17,34,64418.0,740.0,7,1348470,36,0,0,23157.0,91416,3,Male,Salaried,Graduate,Rural,Home,Single,Average,1
APP102750,CUST10550,2024-10-21,31,118699.0,607.0,26,346514,36,2,2,79726.0,313302,5,Male,Salaried,Postgraduate,Semi-Urban,Business,Single,Good,1
APP102751,CUST10551,2025-06-30,59,108140.0,653.0,9,1149984,60,0,0,88985.0,583086,5,Male,Salaried,Postgraduate,Urban,Personal,Married,Good,0
APP102752,CUST10552,2024-06-13,29,29781.0,586.0,4,1451661,84,4,1,46357.0,974639,0,Male,Business,High School,Urban,Education,Married,Good,1
APP102753,CUST10553,2025-11-24,46,154587.0,776.0,22,466919,60,3,1,19929.0,676515,5,Female,Contract,Graduate,Rural,Home,Single,Poor,0
APP102754,CUST10554,2023-02-26,36,135358.0,541.0,6,1244882,12,5,0,53747.0,991100,1,Male,Salaried,High School,Urban,Personal,Married,Excellent,1
APP102755,CUST10555,2024-06-05,25,54133.0,594.0,11,188604,72,1,1,12913.0,968969,4,Female,Salaried,Graduate,Urban,Business,Married,Good,0
APP102756,CUST10556,2023-12-27,30,115628.0,652.0,24,347560,84,1,2,80531.0,839513,5,Female,Salaried,Postgraduate,Semi-Urban,Business,Married,Good,0
APP102757,CUST10557,2023-08-22,23,94946.0,732.0,2,1171015,72,4,0,31727.0,979490,2,Female,Salaried,Postgraduate,Urban,Vehicle,Married,Excellent,0
APP102758,CUST10558,2023-08-11,33,103058.0,651.0,25,592530,36,5,0,6946.0,323100,3,Female,Salaried,Postgraduate,Semi-Urban,Business,Married,Good,1
APP102759,CUST10559,2023-11-23,63,158167.0,663.0,3,755614,84,0,0,66061.0,831710,0,Male,Salaried,High School,Urban,Business,Married,Average,0
APP102760,CUST10560,2025-04-15,50,169542.0,664.0,9,1964332,48,1,1,71930.0,73486,3,Female,Self-Employed,Postgraduate,Urban,Home,Married,Good,1
APP102761,CUST10561,2024-05-03,65,61129.0,703.0,3,871681,72,0,0,66472.0,189764,4,Male,Salaried,Postgraduate,Rural,Business,Married,Average,1
APP102762,CUST10562,2024-04-22,26,26531.0,598.0,14,1985132,24,4,0,72957.0,838587,3,Male,Business,Postgraduate,Rural,Vehicle,Single,Good,1
APP102763,CUST10563,2025-09-11,37,55038.0,619.0,28,931481,24,1,1,24467.0,94338,3,Female,Self-Employed,Postgraduate,Rural,Business,Married,Average,0
APP102764,CUST10564,2025-03-02,65,105939.0,816.0,9,1338223,12,2,2,29504.0,666423,0,Male,Salaried,Graduate,Semi-Urban,Vehicle,Single,Average,0
APP102765,CUST10565,2024-05-26,39,60674.0,720.0,20,921510,84,3,0,81516.0,346885,4,Female,Salaried,Graduate,Urban,Education,Married,Good,1
APP102766,CUST10566,2025-10-09,62,145572.0,747.0,29,344438,12,0,0,6844.0,573978,2,Male,Business,High School,Urban,Vehicle,Married,Average,0
APP102767,CUST10567,2024-01-17,55,47831.0,694.0,21,1813720,84,5,0,39572.0,918736,0,Male,Business,High School,Semi-Urban,Home,Single,Good,1
APP102768,CUST10568,2024-03-27,46,75174.0,679.0,15,446900,36,0,0,89423.0,686867,4,Male,Salaried,Graduate,Urban,Personal,Single,Good,1
APP102769,CUST10569,2023-08-02,25,29279.0,724.0,14,467011,48,0,2,88813.0,12661,4,Female,Salaried,Graduate,Urban,Personal,Single,Good,0
APP102770,CUST10570,2024-07-18,49,78610.0,745.0,18,567351,48,0,0,27975.0,172261,3,Female,Business,Graduate,Urban,Education,Single,Excellent,0
APP102771,CUST10571,2025-01-01,57,71051.0,753.0,28,765661,60,4,0,24449.0,236366,1,Male,Salaried,High School,Urban,Home,Married,Average,1
APP102772,CUST10572,2024-03-14,40,74652.0,681.0,19,512403,12,4,1,24459.0,149129,1,Male,Salaried,Postgraduate,Urban,Education,Married,Good,1
APP102773,CUST10573,2025-01-24,41,83524.0,762.0,18,191503,84,5,0,71795.0,221848,2,Female,Contract,High School,Urban,Education,Single,Good,0
APP102774,CUST10574,2024-09-20,30,24470.0,505.0,17,1567459,72,4,1,23604.0,366930,3,Male,Business,Graduate,Rural,Business,Single,Excellent,1
APP102775,CUST10575,2025-06-21,25,71473.0,757.0,25,401771,24,5,0,84395.0,957817,1,Female,Self-Employed,Graduate,Urban,Business,Married,Good,0
APP102776,CUST10576,2025-12-01,56,168952.0,658.0,11,140381,72,5,1,65140.0,304132,0,Female,Salaried,High School,Semi-Urban,Home,Single,Poor,1
APP102777,CUST10577,2024-01-30,26,62439.0,732.0,24,402171,24,4,3,30362.0,148563,2,Female,Salaried,Graduate,Urban,Personal,Married,Average,1
APP102778,CUST10578,2023-09-04,46,32308.0,641.0,15,1351217,36,1,0,32943.0,327303,3,Female,Self-Employed,Graduate,Rural,Vehicle,Single,Good,0
APP102779,CUST10579,2025-06-23,24,109563.0,590.0,0,1809308,24,4,1,26319.0,824842,5,Male,Business,Graduate,Semi-Urban,Business,Married,Good,1
APP102780,CUST10580,2023-09-05,59,53081.0,715.0,15,906798,72,1,3,56050.0,346012,0,Female,Salaried,Postgraduate,Urban,Home,Single,Good,1
APP102781,CUST10581,2024-08-21,59,27837.0,577.0,1,144176,72,2,3,12697.0,198101,1,Female,Contract,Graduate,Urban,Home,Single,Excellent,0
APP102782,CUST10582,2025-05-14,55,136128.0,660.0,23,1742531,48,4,0,58655.0,563642,1,Female,Salaried,Postgraduate,Semi-Urban,Personal,Single,Good,1
APP102783,CUST10583,2023-03-25,21,130651.0,629.0,14,385014,84,2,0,33735.0,351473,1,Female,Salaried,Postgraduate,Urban,Home,Married,Good,0
APP102784,CUST10584,2025-02-11,44,115624.0,677.0,6,621675,48,4,0,36293.0,11504,1,Male,Salaried,Postgraduate,Urban,Home,Single,Poor,0
APP102785,CUST10585,2023-02-20,56,175371.0,750.0,27,1806863,12,2,0,74485.0,361105,4,Female,Self-Employed,Graduate,Urban,Personal,Married,Good,1
APP102786,CUST10586,2024-07-03,26,48063.0,653.0,0,845736,72,3,0,81195.0,821243,5,Male,Business,High School,Urban,Business,Single,Good,1
APP102787,CUST10587,2025-02-09,61,87453.0,714.0,4,1604975,84,2,0,13010.0,971710,2,Female,Business,Graduate,Urban,Personal,Married,Average,1
APP102788,CUST10588,2025-09-07,64,120166.0,745.0,9,1902040,36,1,0,86936.0,808657,2,Female,Salaried,Graduate,Urban,Education,Married,Good,1
APP102789,CUST10589,2024-04-09,51,32506.0,644.0,21,141291,24,0,0,45727.0,503448,1,Male,Business,High School,Urban,Business,Single,Good,0
APP102790,CUST10590,2024-02-23,40,131604.0,646.0,20,949321,12,5,1,19787.0,756869,2,Female,Salaried,Graduate,Rural,Education,Single,Good,1
APP102791,CUST10591,2023-03-28,44,44026.0,793.0,3,1158062,60,2,1,78442.0,632179,5,Male,Salaried,Graduate,Rural,Home,Married,Good,1
APP102792,CUST10592,2023-09-16,45,176744.0,684.0,13,1688416,60,0,0,18303.0,259936,0,Female,Self-Employed,High School,Urban,Education,Married,Average,1
APP102793,CUST10593,2023-11-07,56,70413.0,728.0,12,1041348,84,3,0,71802.0,97732,0,Male,Salaried,Postgraduate,Urban,Personal,Married,Good,0
APP102794,CUST10594,2023-06-22,41,83066.0,728.0,0,472870,24,3,1,58448.0,155362,2,Male,Salaried,Graduate,Rural,Personal,Married,Average,0
APP102795,CUST10595,2025-07-28,50,68971.0,600.0,15,1137820,24,1,0,74513.0,780136,1,Male,Salaried,High School,Semi-Urban,Vehicle,Single,Average,1
APP102796,CUST10596,2024-05-19,44,176353.0,633.0,22,1497734,84,1,0,11068.0,506706,3,Male,Salaried,Postgraduate,Rural,Home,Single,Good,0
APP102797,CUST10597,2023-11-25,64,131978.0,718.0,8,100697,24,2,1,36227.0,736020,5,Male,Salaried,Postgraduate,Urban,Personal,Single,Excellent,0
APP102798,CUST10598,2023-07-15,62,177163.0,535.0,21,1887701,48,4,0,17740.0,501576,1,Female,Salaried,Graduate,Urban,Business,Single,Good,1
APP102799,CUST10599,2023-03-03,50,68494.0,674.0,15,762111,24,3,1,69745.0,240358,4,Male,Salaried,High School,Rural,Personal,Single,Good,1
APP102800,CUST10600,2025-11-14,42,121864.0,625.0,18,1179674,60,0,1,12791.0,793704,3,Male,Salaried,Graduate,Urban,Business,Single,Good,0
APP102801,CUST10601,2024-07-15,48,167682.0,773.0,14,1629123,24,4,0,5485.0,142213,5,Female,Business,Postgraduate,Semi-Urban,Home,Single,Good,0
APP102802,CUST10602,2025-06-15,27,150151.0,716.0,25,694034,72,3,1,50048.0,332124,4,Male,Salaried,High School,Semi-Urban,Vehicle,Single,Good,0
APP102803,CUST10603,2025-12-11,55,113386.0,779.0,13,557099,84,2,0,,848599,2,Female,Self-Employed,Postgraduate,Rural,Vehicle,Single,Average,0
APP102804,CUST10604,2025-04-23,48,104126.0,687.0,19,157772,36,3,1,42441.0,947182,4,Female,Self-Employed,Graduate,Rural,Education,Single,Good,1
APP102805,CUST10605,2023-02-09,34,98863.0,681.0,9,167928,60,1,1,5337.0,866129,2,Male,Business,Graduate,Urban,Personal,Single,Good,0
APP102806,CUST10606,2024-12-28,30,96291.0,667.0,20,1145995,36,0,0,20092.0,661431,4,Male,Business,Graduate,Urban,Home,Married,Average,1
APP102807,CUST10607,2024-04-01,36,143659.0,652.0,30,1462812,60,0,0,61052.0,153192,3,Male,Salaried,Graduate,Urban,Education,Single,Excellent,1
APP102808,CUST10608,2025-05-27,36,25235.0,850.0,11,1416825,12,1,0,6471.0,96477,4,Male,Salaried,High School,Rural,Home,Single,Excellent,0
APP102809,CUST10609,2025-02-26,51,100733.0,751.0,27,246979,72,4,0,56194.0,240752,1,Male,Self-Employed,Graduate,Urban,Home,Single,Poor,0
APP102810,CUST10610,2023-01-02,62,80712.0,610.0,0,1781319,60,1,2,49388.0,684493,2,Male,Business,Graduate,Urban,Education,Married,Excellent,1
APP102811,CUST10611,2023-08-04,45,170545.0,850.0,20,73404,72,0,0,77025.0,926134,0,Female,Salaried,Postgraduate,Rural,Home,Married,Excellent,0
APP102812,CUST10612,2025-02-15,33,143849.0,660.0,16,909088,60,2,0,63045.0,857195,4,Female,Salaried,Postgraduate,Semi-Urban,Education,Single,Good,1
APP102813,CUST10613,2024-11-09,26,97823.0,714.0,8,186774,36,4,0,78392.0,642934,2,Female,Business,High School,Rural,Personal,Married,Excellent,0
APP102814,CUST10614,2024-02-18,64,122215.0,760.0,22,1565675,36,5,0,66088.0,870976,0,Female,Business,High School,Semi-Urban,Education,Married,Good,1
APP102815,CUST10615,2023-07-29,29,50230.0,575.0,18,150965,84,3,1,79901.0,190935,2,Male,Self-Employed,Postgraduate,Urban,Personal,Married,Good,1
APP102816,CUST10616,2025-12-17,65,102573.0,628.0,24,1679196,60,5,0,10664.0,977812,2,Male,Salaried,Postgraduate,Urban,Vehicle,Married,Good,1
APP102817,CUST10617,2023-02-12,56,58644.0,814.0,17,1269067,60,2,1,10379.0,287098,0,Female,Salaried,High School,Urban,Education,Married,Good,1
APP102818,CUST10618,2023-05-18,63,63203.0,673.0,27,1844512,48,5,1,72660.0,390468,0,Male,Salaried,Graduate,Urban,Vehicle,Single,Average,1
APP102819,CUST10619,2024-09-29,40,84677.0,765.0,6,1726046,72,4,0,36536.0,897729,3,Male,Salaried,Graduate,Semi-Urban,Education,Single,Good,1
APP102820,CUST10620,2024-04-13,38,174497.0,656.0,8,1472115,72,0,0,9991.0,347355,5,Female,Contract,Graduate,Urban,Home,Married,Good,1
APP102821,CUST10621,2024-12-26,63,141246.0,683.0,21,1987627,72,0,0,77330.0,854219,4,Female,Salaried,Graduate,Urban,Vehicle,Married,Poor,1
APP102822,CUST10622,2023-07-21,41,102817.0,824.0,25,1579870,72,2,0,33359.0,661979,4,Female,Salaried,Postgraduate,Semi-Urban,Business,Married,Good,0
APP102823,CUST10623,2023-07-11,24,87806.0,723.0,20,158269,12,5,0,54302.0,869853,2,Female,Salaried,Graduate,Rural,Business,Single,Excellent,0
APP102824,CUST10624,2023-04-17,53,60814.0,664.0,11,910276,12,4,2,23043.0,203812,1,Male,Self-Employed,Graduate,Rural,Business,Single,Excellent,1
APP102825,CUST10625,2023-11-23,47,88219.0,639.0,6,482458,24,3,3,14070.0,606518,1,Female,Salaried,Graduate,Semi-Urban,Vehicle,Married,Poor,0
APP102826,CUST10626,2025-01-19,27,113345.0,646.0,13,961415,60,5,0,77735.0,639410,5,Male,Self-Employed,Graduate,Urban,Personal,Married,Average,0
APP102827,CUST10627,2024-10-05,26,118088.0,783.0,14,84142,60,5,0,89239.0,176414,2,Female,Business,Graduate,Rural,Education,Married,Average,0
APP102828,CUST10628,2023-12-23,35,87322.0,747.0,14,159699,60,3,0,89803.0,407589,3,Female,Salaried,High School,Semi-Urban,Home,Married,Good,1
APP102829,CUST10629,2024-08-17,38,39650.0,604.0,5,1719090,60,1,1,19133.0,278592,0,Female,Salaried,High School,Rural,Home,Single,Good,1
APP102830,CUST10630,2024-05-15,52,112242.0,697.0,20,1368113,72,2,0,61955.0,972453,2,Male,Business,Graduate,Semi-Urban,Vehicle,Married,Excellent,1
APP102831,CUST10631,2024-04-12,31,158262.0,685.0,13,775299,72,4,0,33571.0,167282,4,Male,Business,Graduate,Urban,Business,Married,Average,0
APP102832,CUST10632,2024-05-22,40,56196.0,714.0,1,774442,12,2,0,31991.0,423626,1,Male,Salaried,High School,Rural,Home,Married,Good,0
APP102833,CUST10633,2023-04-16,44,47709.0,645.0,7,152281,36,3,0,82115.0,201119,1,Male,Salaried,Graduate,Semi-Urban,Home,Married,Good,1
APP102834,CUST10634,2025-12-25,35,98428.0,772.0,30,1520685,48,4,0,54741.0,260984,1,Female,Business,Postgraduate,Urban,Personal,Married,Good,1
APP102835,CUST10635,2023-07-14,27,27943.0,690.0,12,1632252,72,0,0,89539.0,951532,3,Female,Salaried,Graduate,Urban,Home,Single,Excellent,1
APP102836,CUST10636,2023-02-16,41,39042.0,718.0,22,1609891,72,0,0,26871.0,204372,4,Female,Salaried,Graduate,Urban,Home,Single,Good,1
APP102837,CUST10637,2025-10-05,62,61894.0,631.0,5,550508,84,4,0,11223.0,834801,3,Female,Business,Graduate,Semi-Urban,Education,Single,Good,1
APP102838,CUST10638,2024-06-20,46,155941.0,635.0,4,1161545,72,2,1,19197.0,200807,0,Male,Salaried,High School,Semi-Urban,Home,Married,Excellent,0
APP102839,CUST10639,2025-04-26,64,74759.0,850.0,4,1659524,36,2,0,79923.0,909804,2,Female,Self-Employed,Graduate,Urban,Education,Single,Excellent,0
APP102840,CUST10640,2024-12-09,34,123973.0,825.0,24,139244,36,0,0,85375.0,278611,2,Female,Salaried,High School,Rural,Business,Single,Good,0
APP102841,CUST10641,2025-03-18,57,62306.0,685.0,0,992230,12,0,2,68196.0,144271,1,Female,Salaried,Graduate,Semi-Urban,Personal,Married,Good,1
APP102842,CUST10642,2024-09-03,41,126369.0,805.0,8,1702408,72,3,0,84432.0,32095,1,Male,Self-Employed,Graduate,Urban,Home,Single,Excellent,1
APP102843,CUST10643,2023-04-25,38,169990.0,,5,806913,84,4,0,46525.0,638003,0,Male,Salaried,High School,Urban,Personal,Single,Excellent,0
APP102844,CUST10644,2024-11-10,25,46379.0,643.0,19,244068,48,2,1,21198.0,234071,3,Male,Business,High School,Rural,Personal,Married,Poor,1
APP102845,CUST10645,2024-09-22,23,,636.0,25,1491903,60,3,0,39524.0,306151,5,Female,Salaried,High School,Urban,Personal,Married,Excellent,0
APP102846,CUST10646,2023-08-07,43,152034.0,740.0,29,1738234,72,2,0,89293.0,790057,5,Male,Salaried,Graduate,Rural,Vehicle,Married,Excellent,0
APP102847,CUST10647,2023-07-16,46,162923.0,710.0,6,591833,12,0,1,23515.0,123562,5,Male,Salaried,High School,Urban,Education,Married,Good,0
APP102848,CUST10648,2024-02-05,57,135626.0,660.0,8,707739,12,4,1,27027.0,970215,4,Female,Business,Graduate,Urban,Personal,Married,Excellent,1
APP102849,CUST10649,2025-01-18,44,143180.0,744.0,4,1325421,48,1,0,18792.0,805049,0,Male,Salaried,Graduate,Semi-Urban,Business,Married,Good,0
APP102850,CUST10650,2024-11-11,39,70349.0,582.0,13,554700,84,4,0,86313.0,557592,2,Female,Salaried,Graduate,Semi-Urban,Home,Married,Average,1
APP102851,CUST10651,2023-03-17,45,163817.0,699.0,4,1972354,24,5,0,37544.0,991369,2,Female,Salaried,Graduate,Urban,Personal,Single,Good,1
APP102852,CUST10652,2023-10-14,41,23730.0,597.0,7,746480,12,1,2,89287.0,101729,3,Male,Self-Employed,Postgraduate,Rural,Personal,Married,Average,1
APP102853,CUST10653,2025-05-10,32,162993.0,600.0,6,1378529,36,3,2,28665.0,191293,0,Female,Salaried,Postgraduate,Urban,Home,Single,Average,1
APP102854,CUST10654,2025-01-11,61,37023.0,637.0,12,1020317,36,1,0,36126.0,737459,4,Female,Business,Graduate,Rural,Business,Single,Excellent,1
APP102855,CUST10655,2023-10-21,53,144796.0,717.0,12,517221,60,1,0,24481.0,76120,0,Female,Contract,Graduate,Semi-Urban,Personal,Single,Good,0
APP102856,CUST10656,2025-03-19,24,99533.0,639.0,7,1388687,12,3,0,28549.0,603629,0,Female,Salaried,Graduate,Urban,Personal,Single,Good,0
APP102857,CUST10657,2025-06-04,62,101286.0,599.0,10,977252,84,4,0,73872.0,882232,3,Male,Salaried,Postgraduate,Semi-Urban,Business,Married,Good,1
APP102858,CUST10658,2024-02-18,27,59979.0,726.0,27,1122000,60,3,0,78693.0,79625,4,Female,Business,Graduate,Rural,Personal,Married,Average,1
APP102859,CUST10659,2024-03-06,42,40837.0,802.0,25,991418,12,5,0,57236.0,936143,5,Male,Salaried,Graduate,Semi-Urban,Business,Single,Average,0
APP102860,CUST10660,2023-06-20,53,164069.0,738.0,17,800963,48,0,0,68983.0,160757,2,Female,Business,Postgraduate,Semi-Urban,Personal,Married,Good,1
APP102861,CUST10661,2024-06-27,37,122975.0,825.0,24,1993419,72,0,0,41155.0,525901,1,Female,Salaried,High School,Urban,Home,Married,Excellent,0
APP102862,CUST10662,2025-09-15,44,38923.0,796.0,18,1832414,84,1,1,42481.0,594704,5,Female,Salaried,Graduate,Semi-Urban,Business,Married,Excellent,1
APP102863,CUST10663,2023-03-13,54,26876.0,653.0,5,462707,12,3,1,72967.0,118792,4,Female,Contract,Graduate,Rural,Home,Married,Good,1
APP102864,CUST10664,2025-10-19,48,78973.0,737.0,21,1279102,84,3,1,87561.0,65356,2,Female,Salaried,Postgraduate,Semi-Urban,Home,Single,Excellent,1
APP102865,CUST10665,2024-06-15,63,151959.0,683.0,1,382213,24,3,0,25446.0,278254,5,Female,Salaried,Postgraduate,Semi-Urban,Personal,Married,Average,1
APP102866,CUST10666,2023-08-27,61,60422.0,770.0,27,1281573,84,5,1,,628752,3,Female,Self-Employed,High School,Urban,Business,Married,Good,1
APP102867,CUST10667,2024-12-11,59,69413.0,683.0,12,925551,84,5,1,38208.0,246549,4,Male,Contract,Graduate,Rural,Vehicle,Married,Good,1
APP102868,CUST10668,2024-07-30,42,120484.0,631.0,22,1659913,36,4,0,22522.0,975266,4,Male,Salaried,Graduate,Urban,Home,Single,Good,0
APP102869,CUST10669,2024-12-13,37,151913.0,793.0,24,339965,48,2,0,52402.0,681488,2,Male,Contract,High School,Semi-Urban,Home,Single,Average,0
APP102870,CUST10670,2024-10-03,54,46756.0,714.0,27,932229,72,2,3,30490.0,634923,2,Female,Self-Employed,Graduate,Urban,Home,Married,Average,1
APP102871,CUST10671,2024-08-12,26,89576.0,640.0,25,1070576,72,2,0,43011.0,543972,0,Male,Contract,Graduate,Urban,Personal,Single,Average,1
APP102872,CUST10672,2023-07-09,26,136248.0,653.0,10,735305,36,4,0,40071.0,449371,0,Female,Business,Graduate,Semi-Urban,Personal,Married,Good,1
APP102873,CUST10673,2025-03-22,54,28304.0,640.0,0,984888,84,3,0,52754.0,118102,4,Male,Self-Employed,Graduate,Semi-Urban,Home,Married,Excellent,1
APP102874,CUST10674,2025-10-11,21,48341.0,615.0,23,1520202,72,2,0,50102.0,815851,1,Male,Business,High School,Rural,Personal,Single,Good,1
APP102875,CUST10675,2024-09-16,30,153830.0,654.0,1,1176310,60,3,0,19040.0,789002,3,Female,Salaried,Graduate,Urban,Personal,Married,Good,0
APP102876,CUST10676,2024-09-20,41,166082.0,718.0,29,506982,48,1,0,12046.0,661887,2,Female,Contract,Postgraduate,Urban,Personal,Married,Poor,0
APP102877,CUST10677,2025-06-07,25,145039.0,695.0,16,275962,24,2,0,44374.0,937724,0,Female,Salaried,Graduate,Rural,Education,Single,Good,0
APP102878,CUST10678,2025-11-24,22,150447.0,657.0,7,559622,36,1,0,41189.0,421918,3,Female,Salaried,High School,Urban,Business,Married,Good,1
APP102879,CUST10679,2025-02-22,42,117485.0,802.0,1,450385,12,4,1,88998.0,375553,5,Female,Self-Employed,High School,Semi-Urban,Personal,Married,Average,0
APP102880,CUST10680,2024-11-01,22,40092.0,539.0,5,1458165,12,0,2,39968.0,787581,5,Male,Salaried,Graduate,Rural,Education,Married,Good,1
APP102881,CUST10681,2024-12-22,30,149562.0,713.0,30,578118,12,5,0,25935.0,557045,4,Female,Business,Postgraduate,Rural,Education,Married,Good,0
APP102882,CUST10682,2024-06-09,54,21729.0,679.0,21,1023810,48,4,0,60581.0,838096,2,Female,Business,Graduate,Urban,Personal,Single,Excellent,1
APP102883,CUST10683,2024-06-20,36,155046.0,617.0,4,1971948,24,4,0,14009.0,214693,5,Female,Salaried,Postgraduate,Semi-Urban,Education,Single,Excellent,0
APP102884,CUST10684,2025-04-26,59,136222.0,717.0,15,1294915,72,4,0,51989.0,917658,2,Male,Salaried,Postgraduate,Semi-Urban,Vehicle,Married,Average,0
APP102885,CUST10685,2025-09-22,42,103216.0,674.0,7,1257405,24,2,2,51876.0,806637,0,Female,Salaried,Graduate,Urban,Education,Married,Average,0
APP102886,CUST10686,2025-07-02,32,101860.0,784.0,18,1162443,24,1,0,,780217,5,Male,Business,Graduate,Urban,Business,Single,Good,0
APP102887,CUST10687,2023-06-27,44,114870.0,755.0,15,1003154,36,5,0,41724.0,327351,1,Male,Business,Graduate,Rural,Education,Married,Good,1
APP102888,CUST10688,2023-10-03,60,39398.0,833.0,12,739126,48,2,0,56377.0,550282,5,Male,Salaried,Postgraduate,Urban,Personal,Married,Good,1
APP102889,CUST10689,2023-11-08,58,52650.0,654.0,25,1048982,12,0,0,73861.0,494697,2,Male,Contract,High School,Semi-Urban,Home,Single,Good,1
APP102890,CUST10690,2025-03-01,30,170364.0,795.0,30,1917427,36,5,0,13699.0,650697,1,Female,Salaried,Postgraduate,Semi-Urban,Vehicle,Married,Excellent,0
APP102891,CUST10691,2024-11-28,55,121889.0,603.0,19,853100,72,4,0,8745.0,259457,3,Female,Salaried,Graduate,Urban,Education,Single,Average,0
APP102892,CUST10692,2023-01-27,52,21159.0,682.0,6,1508038,24,3,1,49837.0,91170,5,Female,Salaried,Graduate,Urban,Vehicle,Married,Good,1
APP102893,CUST10693,2025-07-01,27,116162.0,655.0,30,1123572,84,0,0,35794.0,113502,2,Female,Salaried,Graduate,Semi-Urban,Business,Married,Good,1
APP102894,CUST10694,2024-02-26,41,120834.0,735.0,15,363456,12,1,0,26198.0,35569,5,Male,Self-Employed,Graduate,Urban,Education,Single,Excellent,0
APP102895,CUST10695,2025-11-03,40,166137.0,733.0,22,1757001,48,0,0,62803.0,887143,5,Male,Salaried,Graduate,Semi-Urban,Education,Married,Good,0
APP102896,CUST10696,2024-05-15,46,39638.0,622.0,15,1371187,60,2,0,18489.0,115702,2,Female,Business,Graduate,Urban,Vehicle,Married,Excellent,1
APP102897,CUST10697,2025-06-26,24,19073.0,739.0,28,1018150,24,3,0,55557.0,273770,1,Female,Self-Employed,High School,Urban,Education,Married,Good,1
APP102898,CUST10698,2023-11-21,42,47320.0,661.0,11,1340028,24,2,0,66439.0,630447,0,Female,Salaried,High School,Urban,Education,Single,Good,1
APP102899,CUST10699,2023-10-12,35,52924.0,629.0,13,1774943,24,5,1,27474.0,533252,5,Male,Self-Employed,Graduate,Urban,Home,Married,Good,1
APP102900,CUST10700,2025-12-04,60,86116.0,689.0,23,1822015,24,4,0,61439.0,258695,4,Male,Salaried,Graduate,Urban,Vehicle,Single,Excellent,1
APP102901,CUST10701,2024-05-12,41,20159.0,579.0,17,1389422,12,4,0,88956.0,969881,3,Male,Self-Employed,Graduate,Semi-Urban,Personal,Married,Average,0
APP102902,CUST10702,2025-06-30,35,66940.0,760.0,26,668657,48,0,0,60186.0,379938,2,Female,Salaried,Graduate,Urban,Personal,Married,Good,1
APP102903,CUST10703,2023-05-25,42,97436.0,686.0,27,649857,36,4,0,73213.0,285202,5,Male,Salaried,Graduate,Urban,Business,Single,Good,1
APP102904,CUST10704,2025-08-05,48,32678.0,687.0,17,366096,12,4,0,60296.0,227374,0,Male,Salaried,High School,Urban,Home,Single,Good,0
APP102905,CUST10705,2023-03-23,34,161093.0,683.0,15,1025569,48,5,0,39512.0,247706,2,Male,Business,High School,Semi-Urban,Vehicle,Married,Good,1
APP102906,CUST10706,2025-09-06,47,155844.0,814.0,19,608457,36,1,0,81711.0,171232,5,Female,Self-Employed,High School,Semi-Urban,Vehicle,Married,Good,1
APP102907,CUST10707,2024-05-02,61,85163.0,804.0,15,1115405,24,1,0,6177.0,152334,3,Male,Contract,High School,Urban,Home,Married,Average,0
APP102908,CUST10708,2023-03-23,60,172536.0,791.0,12,1027639,48,2,0,5761.0,372326,4,Female,Salaried,Postgraduate,Semi-Urban,Home,Married,Average,0
APP102909,CUST10709,2023-04-04,48,69137.0,684.0,25,54522,24,2,0,11458.0,773568,2,Female,Contract,Graduate,Semi-Urban,Business,Married,Good,0
APP102910,CUST10710,2023-12-09,46,179304.0,606.0,28,1970695,84,1,0,64698.0,498441,5,Female,Salaried,Postgraduate,Urban,Personal,Single,Good,1
APP102911,CUST10711,2025-03-07,22,79497.0,689.0,8,1527111,48,0,0,59775.0,754861,1,Male,Business,High School,Rural,Vehicle,Married,Excellent,1
APP102912,CUST10712,2023-12-27,45,118485.0,714.0,25,1481054,72,1,0,58866.0,671244,0,Female,Salaried,Postgraduate,Urban,Home,Married,Excellent,1
APP102913,CUST10713,2025-12-25,23,123468.0,751.0,27,168576,60,2,0,25110.0,788821,4,Male,Salaried,Graduate,Urban,Vehicle,Single,Good,1
APP102914,CUST10714,2024-09-15,28,18901.0,713.0,8,1594912,24,3,0,88853.0,9433,2,Male,Business,Graduate,Semi-Urban,Personal,Married,Average,1
APP102915,CUST10715,2025-05-17,64,105980.0,613.0,12,953851,24,4,0,66446.0,350891,5,Female,Business,Graduate,Urban,Vehicle,Married,Good,1
APP102916,CUST10716,2024-03-04,53,125594.0,650.0,28,211545,24,5,0,33433.0,343371,4,Female,Business,Graduate,Urban,Vehicle,Married,Good,1
APP102917,CUST10717,2023-06-20,62,20881.0,643.0,3,844131,72,3,1,77715.0,822495,1,Female,Salaried,Postgraduate,Rural,Home,Married,Excellent,1
APP102918,CUST10718,2024-07-31,55,47863.0,730.0,8,1166741,12,3,3,,824916,2,Male,Self-Employed,Graduate,Semi-Urban,Home,Married,Good,0
APP102919,CUST10719,2023-03-09,26,154694.0,732.0,14,1532247,36,4,0,74980.0,878212,4,Female,Salaried,Graduate,Urban,Home,Single,Good,0
APP102920,CUST10720,2025-11-23,59,150450.0,742.0,13,1698556,24,1,0,73500.0,619484,2,Male,Salaried,High School,Rural,Personal,Single,Average,1
APP102921,CUST10721,2023-01-01,43,63201.0,713.0,18,591729,24,0,0,46990.0,959040,2,Female,Business,High School,Urban,Education,Married,Excellent,0
APP102922,CUST10722,2023-05-31,45,77251.0,536.0,11,80716,12,3,0,64891.0,297228,4,Male,Salaried,Postgraduate,Urban,Personal,Single,Good,0
APP102923,CUST10723,2025-06-20,63,90572.0,561.0,20,1685039,12,0,0,64866.0,643743,2,Female,Contract,Graduate,Urban,Home,Single,Average,1
APP102924,CUST10724,2023-09-15,39,57255.0,679.0,25,1105410,60,5,1,83347.0,291946,1,Female,Salaried,Postgraduate,Semi-Urban,Business,Married,Average,1
APP102925,CUST10725,2025-01-19,25,81212.0,697.0,24,1615429,48,5,0,80603.0,778405,4,Male,Contract,,Urban,Vehicle,Single,Average,1
APP102926,CUST10726,2024-09-19,31,68210.0,784.0,5,1360185,24,5,3,44992.0,243875,5,Female,Self-Employed,Postgraduate,Semi-Urban,Vehicle,Married,Good,1
APP102927,CUST10727,2025-03-05,32,,696.0,2,68179,48,2,0,70097.0,586300,4,Female,Salaried,High School,Urban,Vehicle,Married,Poor,0
APP102928,CUST10728,2023-01-19,30,40499.0,617.0,25,1386939,84,3,0,81008.0,643898,1,Female,Salaried,High School,Semi-Urban,Vehicle,Single,Average,1
APP102929,CUST10729,2023-02-04,28,120552.0,740.0,24,153153,12,5,1,85662.0,779252,1,Female,Business,Graduate,Urban,Business,Married,Average,0
APP102930,CUST10730,2024-01-06,44,79360.0,689.0,21,1769718,12,2,2,8101.0,418830,1,Male,Business,Graduate,Urban,Home,Married,Poor,1
APP102931,CUST10731,2024-05-05,48,153675.0,660.0,19,1573155,60,5,1,31990.0,468785,5,Male,Salaried,Graduate,Rural,Education,Married,Poor,1
APP102932,CUST10732,2025-03-27,61,145466.0,569.0,15,1876839,36,1,1,74214.0,337066,5,Male,Self-Employed,Graduate,Urban,Vehicle,Married,Excellent,1
APP102933,CUST10733,2023-01-07,56,103473.0,696.0,29,649255,72,3,0,39611.0,213758,2,Male,Salaried,Graduate,Semi-Urban,Education,Married,Excellent,1
APP102934,CUST10734,2024-07-02,57,161704.0,707.0,19,938886,72,2,0,66495.0,13157,2,Male,Business,Postgraduate,Urban,Personal,Single,Good,1
APP102935,CUST10735,2024-01-06,41,179679.0,615.0,23,1077097,72,5,0,56090.0,578030,3,Female,Contract,High School,Semi-Urban,Personal,Single,Good,1
APP102936,CUST10736,2025-01-26,28,109873.0,746.0,22,1632360,12,2,0,20958.0,232016,2,Male,Salaried,High School,Urban,Vehicle,Married,Good,1
APP102937,CUST10737,2024-07-27,29,,739.0,16,1842803,24,5,2,77619.0,536963,1,Female,Self-Employed,Postgraduate,Semi-Urban,Home,Single,Good,1
APP102938,CUST10738,2024-11-11,35,74344.0,694.0,15,1793174,60,1,1,70256.0,293372,3,Male,Salaried,Graduate,Semi-Urban,Business,Married,Excellent,1
APP102939,CUST10739,2023-03-29,60,156421.0,691.0,5,96025,36,0,1,72002.0,809683,1,Female,Salaried,Graduate,Urban,Vehicle,Married,Excellent,1
APP102940,CUST10740,2024-04-07,38,89154.0,761.0,7,1358857,84,5,0,54887.0,28349,0,Male,Business,High School,Urban,Personal,Married,Good,1
APP102941,CUST10741,2025-12-07,62,45464.0,718.0,18,1420606,72,0,0,5339.0,134417,5,Female,Salaried,Postgraduate,Semi-Urban,Personal,Single,Excellent,1
APP102942,CUST10742,2024-04-25,40,139897.0,637.0,29,1515355,60,3,1,55528.0,316322,4,Male,Salaried,Postgraduate,Urban,Education,Married,Average,1
APP102943,CUST10743,2025-04-02,26,55344.0,675.0,24,1888720,12,1,0,87624.0,872794,0,Female,Business,Postgraduate,Rural,Business,Single,Poor,0
APP102944,CUST10744,2024-06-07,32,101791.0,732.0,25,1454787,72,3,0,74260.0,781204,5,Female,Self-Employed,Postgraduate,Urban,Vehicle,Married,Good,1
APP102945,CUST10745,2023-07-30,22,173371.0,538.0,1,357633,36,0,0,58570.0,771505,5,Female,Salaried,Graduate,Urban,Home,Married,Good,1
APP102946,CUST10746,2023-09-01,27,150534.0,620.0,13,82664,84,1,0,26643.0,210732,1,Female,Salaried,Graduate,Urban,Education,Married,Excellent,0
APP102947,CUST10747,2023-08-27,36,138209.0,741.0,21,1864735,48,4,3,65252.0,142660,2,Female,Salaried,Graduate,Urban,Business,Single,Good,1
APP102948,CUST10748,2025-02-07,23,99441.0,781.0,11,193492,84,1,0,15334.0,625767,4,Male,Salaried,Postgraduate,Urban,Education,Married,Average,0
APP102949,CUST10749,2023-08-23,65,108456.0,767.0,16,1022114,36,1,0,67977.0,774486,2,Female,Self-Employed,Postgraduate,Urban,Home,Married,Good,1
APP102950,CUST10750,2023-07-06,23,99788.0,757.0,27,841747,84,4,0,5789.0,658332,2,Female,Salaried,Graduate,Urban,Personal,Single,Excellent,0
APP102951,CUST10751,2024-12-13,47,32175.0,700.0,26,1562709,24,2,0,38941.0,92687,4,Female,Self-Employed,Graduate,Urban,Vehicle,Married,Average,1
APP102952,CUST10752,2024-05-11,63,155263.0,613.0,14,1960041,72,2,0,5552.0,657613,4,Male,Salaried,Postgraduate,Urban,Vehicle,Married,Poor,1
APP102953,CUST10753,2023-07-06,60,101434.0,675.0,17,275648,72,2,0,24806.0,68196,0,Female,Salaried,Graduate,Urban,Home,Married,Good,0
APP102954,CUST10754,2025-07-24,58,102518.0,541.0,15,1740726,48,0,2,41979.0,513370,1,Female,Salaried,Graduate,Urban,Vehicle,Married,Excellent,1
APP102955,CUST10755,2023-11-09,53,84537.0,788.0,12,541127,84,1,1,13823.0,37400,2,Male,Self-Employed,Graduate,Urban,Vehicle,Married,Good,0
APP102956,CUST10756,2025-03-29,48,133721.0,629.0,20,653318,48,5,0,36980.0,520593,1,Male,Salaried,Postgraduate,Semi-Urban,Education,Married,Excellent,1
APP102957,CUST10757,2023-01-22,21,65645.0,650.0,16,113910,84,4,0,5860.0,280680,1,Female,Contract,Graduate,Semi-Urban,Home,Married,Average,0
APP102958,CUST10758,2023-03-09,28,41283.0,769.0,7,802648,72,5,0,5290.0,400916,3,Female,Salaried,High School,Rural,Education,Married,Average,1
APP102959,CUST10759,2024-01-27,57,104971.0,569.0,0,1028476,24,0,1,47417.0,751970,0,Male,Salaried,High School,Urban,Vehicle,Single,Good,0
APP102960,CUST10760,2025-12-24,52,110759.0,601.0,28,1844829,84,4,0,84880.0,996849,2,Female,Salaried,High School,Urban,Business,Single,Average,1
APP102961,CUST10761,2024-12-29,63,120780.0,710.0,24,1416639,48,5,0,10870.0,937619,5,Female,Salaried,High School,Urban,Business,Single,Good,1
APP102962,CUST10762,2024-06-24,57,179096.0,729.0,25,786648,12,0,0,38397.0,713289,4,Female,Business,Postgraduate,Urban,Education,Single,Good,0
APP102963,CUST10763,2024-07-21,24,48734.0,685.0,26,1594718,72,0,0,21186.0,705873,4,Male,Business,High School,Rural,Personal,Married,Good,1
APP102964,CUST10764,2025-06-18,50,18515.0,687.0,2,447348,36,0,0,26016.0,613895,1,Female,Salaried,Postgraduate,Urban,Personal,Single,Average,1
APP102965,CUST10765,2023-07-31,26,128782.0,785.0,15,439297,36,4,1,74616.0,567388,0,Female,Self-Employed,High School,Urban,Home,Married,Average,0
APP102966,CUST10766,2023-07-19,39,84727.0,738.0,27,1140174,24,5,2,83508.0,224798,0,Male,Self-Employed,Postgraduate,Urban,Business,Married,Excellent,1
APP102967,CUST10767,2025-09-13,52,127164.0,728.0,1,1585604,12,5,0,72296.0,419656,2,Male,Contract,Graduate,Rural,Business,Single,Good,1
APP102968,CUST10768,2023-06-27,29,64216.0,748.0,14,548515,48,3,0,16274.0,227688,2,Male,Salaried,Graduate,Semi-Urban,Education,Single,Good,1
APP102969,CUST10769,2025-07-19,32,89833.0,667.0,0,988055,84,0,0,28304.0,508679,1,Female,Salaried,High School,Urban,Vehicle,Married,Average,1
APP102970,CUST10770,2023-02-13,31,76755.0,850.0,8,1953214,72,2,0,,562235,1,Female,Salaried,Graduate,Rural,Home,Single,Good,1
APP102971,CUST10771,2023-06-17,36,45856.0,517.0,15,387044,36,1,0,73934.0,340676,1,Male,Salaried,High School,Rural,Education,Married,Good,1
APP102972,CUST10772,2023-10-14,21,,799.0,30,76296,36,3,0,52698.0,245153,3,Female,Business,Graduate,Urban,Personal,Married,Average,0
APP102973,CUST10773,2024-12-09,65,173234.0,758.0,3,1247714,36,3,1,81051.0,347542,0,Male,Contract,Graduate,Urban,Vehicle,Married,Good,1
APP102974,CUST10774,2023-12-03,41,155080.0,709.0,11,1258540,36,4,0,19705.0,64413,1,Female,Salaried,Postgraduate,Urban,Home,Married,Good,1
APP102975,CUST10775,2024-08-08,50,25987.0,696.0,0,649865,60,3,0,41329.0,239840,0,Female,Business,High School,Semi-Urban,Vehicle,Married,Average,1
APP102976,CUST10776,2023-07-02,33,114502.0,678.0,0,779950,24,5,0,64736.0,421320,5,Female,Contract,Graduate,Urban,Personal,Married,Excellent,0
APP102977,CUST10777,2023-01-16,54,152404.0,773.0,6,1700037,48,4,0,57996.0,263810,4,Female,Contract,High School,Rural,Education,Single,Excellent,1
APP102978,CUST10778,2025-06-05,24,84323.0,,17,519509,72,4,0,15607.0,349985,4,Female,Business,Graduate,Urban,Education,Married,Excellent,0
APP102979,CUST10779,2025-04-16,48,27873.0,635.0,22,1163347,72,2,0,57956.0,565148,0,Female,,High School,Rural,Business,Married,Excellent,1
APP102980,CUST10780,2023-04-20,58,123219.0,758.0,27,550010,72,0,0,35006.0,984688,5,Male,Salaried,High School,Semi-Urban,Education,Married,Good,0
APP102981,CUST10781,2023-11-02,51,23033.0,809.0,30,994988,48,3,1,83554.0,469279,4,Female,Contract,Graduate,Semi-Urban,Business,Married,Good,0
APP102982,CUST10782,2025-09-06,47,91324.0,545.0,22,1962873,24,0,0,80352.0,391534,4,Male,Salaried,High School,Urban,Education,Married,Good,1
APP102983,CUST10783,2023-01-06,25,33689.0,850.0,14,149074,12,0,0,25494.0,508311,4,Female,Salaried,Graduate,Rural,Home,Married,Excellent,0
APP102984,CUST10784,2025-04-22,45,127756.0,612.0,25,573136,84,0,0,26237.0,543015,2,Male,Salaried,High School,Semi-Urban,Personal,Single,Excellent,1
APP102985,CUST10785,2023-12-27,23,18066.0,618.0,29,1518907,84,4,0,,231575,5,Male,Business,Graduate,Semi-Urban,Vehicle,Married,Good,1
APP102986,CUST10786,2024-10-17,53,132159.0,597.0,24,731398,24,0,0,45963.0,524372,2,Female,Salaried,Postgraduate,Urban,Personal,Single,Good,1
APP102987,CUST10787,2025-09-10,24,25533.0,690.0,12,610910,36,3,1,35541.0,880817,0,Female,Business,High School,Rural,Personal,Single,Good,1
APP102988,CUST10788,2024-12-24,45,133828.0,594.0,15,1396606,84,4,0,8447.0,925223,0,Female,Salaried,Graduate,Urban,Business,Married,Excellent,1
APP102989,CUST10789,2023-04-25,40,77658.0,603.0,6,1239549,36,3,0,76120.0,783161,3,Male,Salaried,Postgraduate,Rural,Business,Single,Excellent,1
APP102990,CUST10790,2023-10-03,54,56498.0,638.0,15,892809,24,4,0,32156.0,512432,2,Female,Salaried,Graduate,Urban,Home,Married,Excellent,1
APP102991,CUST10791,2023-03-21,46,127028.0,700.0,12,132910,24,1,0,41559.0,380915,0,Female,Salaried,Graduate,Semi-Urban,Vehicle,Married,Excellent,0
APP102992,CUST10792,2023-06-28,25,29772.0,708.0,13,1279510,48,1,0,26465.0,673284,2,Female,Salaried,Graduate,Rural,Education,Married,Average,0
APP102993,CUST10793,2024-07-14,55,107385.0,783.0,16,431136,48,1,1,47120.0,800647,3,Female,Salaried,Graduate,Urban,Education,Single,Good,0
APP102994,CUST10794,2024-05-23,48,30940.0,781.0,11,563271,60,1,0,87753.0,250911,0,Male,Salaried,Postgraduate,Semi-Urban,Personal,Single,Excellent,1
APP102995,CUST10795,2023-09-17,49,136027.0,767.0,28,555042,72,4,1,15190.0,619412,0,Female,Business,Graduate,Urban,Home,Married,Good,0
APP102996,CUST10796,2023-10-19,29,34932.0,670.0,23,213878,60,0,0,68394.0,620114,0,Male,Self-Employed,Graduate,Urban,Vehicle,Married,Good,0
APP102997,CUST10797,2025-06-03,58,42648.0,552.0,23,723019,72,2,0,10335.0,589782,0,Male,Self-Employed,Postgraduate,Semi-Urban,Education,Single,Good,1
APP102998,CUST10798,2023-10-18,26,50966.0,550.0,19,1081810,36,5,0,59639.0,708369,1,Female,Salaried,Graduate,Urban,Personal,Single,Excellent,1
APP102999,CUST10799,2024-06-25,39,176849.0,766.0,12,204525,60,2,0,76796.0,876977,5,Female,Salaried,Graduate,Urban,Home,Single,Average,0
