Customer_ID,Customer_Age,Customer_Type,Product_Name,Product_Category,Review_Text,Rating,Review_Date,Verified_Purchase,Sentiment
CUST00001,28,Loyal,Coffee Maker,Home & Kitchen,Good product and the delivery was quick. Order 6191.,4.0,2026-01-08,Yes,Positive
CUST00002,39,New,Power Bank,Electronics,The quality is acceptable for everyday use. Order 7949. Really!!,4.0,2026-07-15,Yes,Neutral
CUST00003,61,Loyal,Self Help Book,Books,VERY HAPPY WITH MY PURCHASE. HIGHLY RECOMMENDED!,4.0,2026-05-20,Yes,Positive
CUST00004,26,Returning,Novel,Books,"It works properly, but nothing special. Really!!",4.0,2025-12-06,Yes,Neutral
CUST00005,57,Returning,Shampoo,Beauty,"Product is decent, but there is room for improvement. Really!!",4.0,2026-01-25,Yes,Neutral
CUST00006,31,Loyal,Self Help Book,Books,"It works properly, but nothing special.",4.0,2025-09-28,Yes,Neutral
CUST00007,41,Returning,Coffee,Grocery,Excellent product! Very good quality and fast delivery.,4.0,2025-07-07,Yes,Positive
CUST00008,34,Loyal,Dry Fruits,Grocery,Great experience. The item arrived on time. Order 9006.,4.0,2025-10-16,Yes,Positive
CUST00009,40,Returning,Power Bank,Electronics,I am disappointed with this purchase. Order 7278.,2.0,2025-04-09,Yes,Negative
CUST00010,43,Loyal,Bluetooth Speaker,Electronics,Amazing quality and value for money. Really!!,4.0,2026-02-02,Yes,Positive
CUST00011,49,Returning,Coffee,Grocery,GREAT EXPERIENCE. THE ITEM ARRIVED ON TIME. ORDER 8035. REALLY!!,4.0,2026-02-11,Yes,Positive
CUST00012,23,Returning,Cookbook,Books,Good product and the delivery was quick. Order 4157.,4.0,2025-11-27,Yes,Positive
CUST00013,30,New,Programming Book,Books,Excellent product! Very good quality and fast delivery. Really!!,4.0,2025-12-25,Yes,Positive
CUST00014,29,Returning,Bluetooth Speaker,Electronics,"The product is comfortable, useful, and well made. Order 1663.",5.0,2026-01-21,Yes,Positive
CUST00015,49,New,Coffee,Grocery,Excellent product! Very good quality and fast delivery.,4.0,2026-02-07,Yes,Positive
CUST00016,34,Loyal,Water Bottle,Home & Kitchen,I really liked this product. It works perfectly.,5.0,2025-10-07,Yes,Positive
CUST00017,23,New,Moisturizer,Beauty,Bad experience. I would not recommend this product. Really!!,1.0,2026-10-22,Yes,Negative
CUST00018,50,Loyal,Shampoo,Beauty,I really liked this product. It works perfectly.,4.0,2026-10-03,Yes,Positive
CUST00019,43,New,Hair Dryer,Beauty,Average quality. It is fine for the price.,4.0,2026-07-26,Yes,Neutral
CUST00020,52,Loyal,Power Bank,Electronics,Bad experience. I would not recommend this product.,1.0,2025-07-27,No,Negative
CUST00021,37,Returning,Programming Book,Books,Very poor quality. The product stopped working quickly. Really!!,2.0,2025-04-22,Yes,Negative
CUST00022,58,New,Coffee Maker,Home & Kitchen,"It works properly, but nothing special.",4.0,2026-02-02,Yes,Neutral
CUST00023,39,Returning,Water Bottle,Home & Kitchen,THE ITEM ARRIVED ON TIME AND WAS AS DESCRIBED.,4.0,2025-02-07,No,Neutral
CUST00024,50,New,Cookies,Grocery,Amazing quality and value for money.,5.0,2026-10-21,Yes,Positive
CUST00025,58,New,Self Help Book,Books,The product is okay and works as expected.,3.0,2025-12-15,Yes,Neutral
CUST00026,20,Returning,Coffee,Grocery,The item arrived late and the package was damaged. Really!!,1.0,2026-07-20,Yes,Negative
CUST00027,19,Returning,Mixer Grinder,Home & Kitchen,AVERAGE QUALITY. IT IS FINE FOR THE PRICE.,4.0,2025-04-14,Yes,Neutral
CUST00028,24,New,Gym Gloves,Sports,"It works properly, but nothing special.",4.0,2026-11-16,Yes,Neutral
CUST00029,19,Loyal,Moisturizer,Beauty,"The product is comfortable, useful, and well made.",5.0,2025-02-20,Yes,Positive
CUST00030,32,Returning,Jacket,Clothing,Good product and the delivery was quick.,5.0,2026-03-20,Yes,Positive
CUST00031,64,Loyal,Moisturizer,Beauty,Not worth the money. The quality is very poor. Order 1004.,2.0,2026-10-18,No,Negative
CUST00032,54,Returning,Coffee,Grocery,"The product is comfortable, useful, and well made. Order 9311.",5.0,2025-05-07,Yes,Positive
CUST00033,42,New,Novel,Books,I really liked this product. It works perfectly.,5.0,2025-09-29,Yes,Positive
CUST00034,39,New,Mixer Grinder,Home & Kitchen,"It works properly, but nothing special.",3.0,2025-08-08,Yes,Neutral
CUST00035,38,Loyal,Sneakers,Clothing,"THE PRODUCT IS COMFORTABLE, USEFUL, AND WELL MADE. REALLY!!",5.0,2025-10-16,Yes,Positive
CUST00036,36,Returning,Cookies,Grocery,AVERAGE QUALITY. IT IS FINE FOR THE PRICE.,4.0,2025-11-21,Yes,Neutral
CUST00037,50,New,T-Shirt,Clothing,Average quality. It is fine for the price. Order 7303.,3.0,2026-11-22,No,Neutral
CUST00038,48,Returning,Running Shoes,Sports,The product is okay and works as expected.,4.0,2025-09-10,Yes,Neutral
CUST00039,58,Loyal,Self Help Book,Books,The product is okay and works as expected.,4.0,2026-05-16,Yes,Neutral
CUST00040,41,Loyal,Yoga Mat,Sports,Not worth the money. The quality is very poor.,1.0,2025-04-09,Yes,Negative
CUST00041,30,Loyal,Face Wash,Beauty,Great experience. The item arrived on time.,4.0,2025-09-30,Yes,Positive
CUST00042,58,Loyal,Hair Dryer,Beauty,Excellent product! Very good quality and fast delivery.,4.0,2025-09-22,Yes,Positive
CUST00043,42,Loyal,Mixer Grinder,Home & Kitchen,Not worth the money. The quality is very poor.,2.0,2026-04-29,No,Negative
CUST00044,52,Loyal,T-Shirt,Clothing,"It works properly, but nothing special.",3.0,2025-08-23,Yes,Neutral
CUST00045,30,Returning,Coffee,Grocery,VERY POOR QUALITY. THE PRODUCT STOPPED WORKING QUICKLY.,2.0,2026-09-26,Yes,Negative
CUST00046,24,New,Face Wash,Beauty,"The product is comfortable, useful, and well made.",4.0,2025-05-12,Yes,Positive
CUST00047,56,Returning,Jacket,Clothing,The item arrived on time and was as described.,3.0,2025-06-22,Yes,Neutral
CUST00048,20,New,Cookies,Grocery,I really liked this product. It works perfectly.,4.0,2025-07-09,Yes,Positive
CUST00049,49,New,Face Wash,Beauty,Excellent product! Very good quality and fast delivery.,4.0,2025-05-29,Yes,Positive
CUST00050,20,Loyal,Coffee,Grocery,Not worth the money. The quality is very poor. Order 7190.,1.0,2025-01-12,No,Negative
CUST00051,43,Returning,Hair Dryer,Beauty,"The product is comfortable, useful, and well made.",5.0,2025-06-27,Yes,Positive
CUST00052,37,New,Power Bank,Electronics,Very happy with my purchase. Highly recommended!,4.0,2026-07-12,Yes,Positive
CUST00053,62,New,Programming Book,Books,The item arrived late and the package was damaged.,2.0,2026-01-09,No,Negative
CUST00054,30,New,Water Bottle,Home & Kitchen,Very poor quality. The product stopped working quickly.,1.0,2025-04-15,Yes,Negative
CUST00055,40,New,Novel,Books,Great experience. The item arrived on time.,4.0,2026-11-08,Yes,Positive
CUST00056,18,New,Gym Gloves,Sports,Good product and the delivery was quick. Really!!,5.0,2025-02-03,Yes,Positive
CUST00057,18,Returning,Sneakers,Clothing,I really liked this product. It works perfectly.,5.0,2026-01-24,Yes,Positive
CUST00058,28,Loyal,Programming Book,Books,The product is okay and works as expected. Order 4374.,4.0,2026-02-26,Yes,Neutral
CUST00059,55,New,Cookies,Grocery,I am disappointed with this purchase.,2.0,2025-12-01,Yes,Negative
CUST00060,34,New,Smart Watch,Electronics,The item arrived on time and was as described.,4.0,2025-02-22,Yes,Neutral
CUST00061,33,New,Dry Fruits,Grocery,Amazing quality and value for money. Order 2906.,4.0,2025-07-14,Yes,Positive
CUST00062,39,New,Jeans,Clothing,The product does not work as expected. Order 8570.,1.0,2026-05-28,Yes,Negative
CUST00063,64,New,Smart Watch,Electronics,"The product is comfortable, useful, and well made.",5.0,2025-08-27,Yes,Positive
CUST00064,43,Loyal,Cookbook,Books,Good product and the delivery was quick. Order 2276.,5.0,2025-08-04,Yes,Positive
CUST00065,64,New,Cookbook,Books,Amazing quality and value for money.,4.0,2026-05-21,Yes,Positive
CUST00066,39,Returning,Smart Watch,Electronics,Excellent product! Very good quality and fast delivery. Really!!,4.0,2026-06-21,No,Positive
CUST00067,39,Returning,Moisturizer,Beauty,"Product is decent, but there is room for improvement.",3.0,2026-01-04,Yes,Neutral
CUST00068,23,New,Mixer Grinder,Home & Kitchen,Good product and the delivery was quick.,4.0,2025-10-16,Yes,Positive
CUST00069,20,Loyal,Dry Fruits,Grocery,"The product is comfortable, useful, and well made. Order 7986. Really!!",4.0,2025-02-09,Yes,Positive
CUST00070,47,Returning,Programming Book,Books,Bad experience. I would not recommend this product.,2.0,2026-07-28,No,Negative
CUST00071,36,New,Self Help Book,Books,Average quality. It is fine for the price.,4.0,2025-04-23,Yes,Neutral
CUST00072,60,Loyal,Face Wash,Beauty,The quality is acceptable for everyday use.,3.0,2026-11-21,Yes,Neutral
CUST00073,54,New,Wireless Earbuds,Electronics,I really liked this product. It works perfectly.,4.0,2026-07-04,Yes,Positive
CUST00074,28,New,Running Shoes,Sports,Excellent product! Very good quality and fast delivery.,5.0,2026-08-11,Yes,Positive
CUST00075,47,Loyal,Novel,Books,Bad experience. I would not recommend this product. Order 6468. Really!!,2.0,2025-06-14,No,Negative
CUST00076,25,Loyal,Sneakers,Clothing,Average quality. It is fine for the price.,4.0,2026-06-10,No,Neutral
CUST00077,19,Returning,Wireless Earbuds,Electronics,The product is okay and works as expected.,3.0,2026-09-08,Yes,Neutral
CUST00078,64,New,Face Wash,Beauty,"The product is comfortable, useful, and well made.",4.0,2026-04-23,No,Positive
CUST00079,21,Returning,Smart Watch,Electronics,The quality is acceptable for everyday use.,4.0,2026-06-06,Yes,Neutral
CUST00080,32,New,Hair Dryer,Beauty,The quality is acceptable for everyday use. Really!!,4.0,2025-09-18,Yes,Neutral
CUST00081,60,Loyal,Face Wash,Beauty,Good product and the delivery was quick.,5.0,2026-10-22,Yes,Positive
CUST00082,30,Returning,Shampoo,Beauty,Bad experience. I would not recommend this product. Order 7166.,2.0,2026-09-15,Yes,Negative
CUST00083,45,Loyal,Green Tea,Grocery,"Product is decent, but there is room for improvement.",4.0,2025-02-20,Yes,Neutral
CUST00084,53,Returning,Jacket,Clothing,Bad experience. I would not recommend this product. Really!!,2.0,2025-01-01,No,Negative
CUST00085,43,New,Moisturizer,Beauty,Great experience. The item arrived on time. Really!!,4.0,2026-07-29,Yes,Positive
CUST00086,60,Loyal,Power Bank,Electronics,Bad experience. I would not recommend this product.,2.0,2025-06-28,Yes,Negative
CUST00087,39,Returning,Cookies,Grocery,"Product is decent, but there is room for improvement.",3.0,2026-04-14,Yes,Neutral
CUST00088,18,New,Smart Watch,Electronics,,1.0,2025-08-03,Yes,Negative
CUST00089,18,Returning,Cookware Set,Home & Kitchen,The quality is acceptable for everyday use. Order 5524.,4.0,2025-06-24,Yes,Neutral
CUST00090,46,Loyal,Bluetooth Speaker,Electronics,Excellent product! Very good quality and fast delivery.,5.0,2026-10-05,Yes,Positive
CUST00091,46,New,T-Shirt,Clothing,"The product is comfortable, useful, and well made.",4.0,2026-03-19,Yes,Positive
CUST00092,51,Loyal,Cookies,Grocery,The product is okay and works as expected. Really!!,4.0,2025-03-29,Yes,Neutral
CUST00093,65,Returning,Programming Book,Books,THE ITEM ARRIVED LATE AND THE PACKAGE WAS DAMAGED.,1.0,2025-11-26,Yes,Negative
CUST00094,37,Loyal,Green Tea,Grocery,Amazing quality and value for money. Order 2308.,4.0,2026-01-21,Yes,Positive
CUST00095,61,Loyal,Sneakers,Clothing,Very happy with my purchase. Highly recommended!,,2026-05-21,Yes,Positive
CUST00096,34,Returning,Wireless Earbuds,Electronics,I really liked this product. It works perfectly.,5.0,2026-07-06,Yes,Positive
CUST00097,40,New,Cricket Bat,Sports,Excellent product! Very good quality and fast delivery. Order 3541.,5.0,2025-05-26,Yes,Positive
CUST00098,40,New,Jeans,Clothing,Very poor quality. The product stopped working quickly.,2.0,2025-12-08,Yes,Negative
CUST00099,27,New,Yoga Mat,Sports,Bad experience. I would not recommend this product.,1.0,2026-04-21,Yes,Negative
CUST00100,46,New,Cookware Set,Home & Kitchen,I REALLY LIKED THIS PRODUCT. IT WORKS PERFECTLY. ORDER 2386. REALLY!!,5.0,2025-10-23,Yes,Positive
CUST00101,39,New,Cookies,Grocery,The item arrived late and the package was damaged.,2.0,2025-10-16,Yes,Negative
CUST00102,51,New,Running Shoes,Sports,Amazing quality and value for money. Really!!,4.0,2026-03-26,Yes,Positive
CUST00103,52,Loyal,Smart Watch,Electronics,Excellent product! Very good quality and fast delivery.,4.0,2025-08-17,Yes,Positive
CUST00104,34,Returning,Mixer Grinder,Home & Kitchen,BAD EXPERIENCE. I WOULD NOT RECOMMEND THIS PRODUCT.,1.0,2026-05-12,Yes,Negative
CUST00105,23,New,Cookbook,Books,Amazing quality and value for money.,5.0,2025-03-30,Yes,Positive
CUST00106,40,Returning,Coffee,Grocery,The product is okay and works as expected. Really!!,3.0,2025-03-27,No,Neutral
CUST00107,46,Returning,Cookware Set,Home & Kitchen,GOOD PRODUCT AND THE DELIVERY WAS QUICK. REALLY!!,4.0,2026-01-07,No,Positive
CUST00108,62,Returning,Moisturizer,Beauty,I really liked this product. It works perfectly.,5.0,2025-06-20,Yes,Positive
CUST00109,30,Returning,Novel,Books,"Product is decent, but there is room for improvement.",3.0,2025-01-16,Yes,Neutral
CUST00110,35,Loyal,Cricket Bat,Sports,I AM DISAPPOINTED WITH THIS PURCHASE. ORDER 4241.,1.0,2025-02-08,Yes,Negative
CUST00111,27,Returning,Face Wash,Beauty,Excellent product! Very good quality and fast delivery.,4.0,2025-12-25,Yes,Positive
CUST00112,54,New,Sneakers,Clothing,The product is okay and works as expected. Order 2165.,4.0,2026-12-06,No,Neutral
CUST00113,54,Loyal,Sneakers,Clothing,Great experience. The item arrived on time.,4.0,2026-12-11,No,Positive
CUST00114,25,New,Moisturizer,Beauty,The item arrived late and the package was damaged.,1.0,2025-11-06,Yes,Negative
CUST00115,23,New,Mixer Grinder,Home & Kitchen,I really liked this product. It works perfectly. Order 1824.,5.0,2025-02-23,No,Positive
CUST00116,35,Returning,Mixer Grinder,Home & Kitchen,The item arrived late and the package was damaged.,2.0,2025-08-04,No,Negative
CUST00117,20,Loyal,Power Bank,Electronics,GOOD PRODUCT AND THE DELIVERY WAS QUICK. ORDER 5675.,5.0,2026-06-25,No,Positive
CUST00118,22,Returning,Cookbook,Books,Not worth the money. The quality is very poor. Order 1954.,2.0,2026-03-30,No,Negative
CUST00119,20,Returning,Gym Gloves,Sports,Very happy with my purchase. Highly recommended! Order 6233.,4.0,2025-10-16,No,Positive
CUST00120,42,New,Water Bottle,Home & Kitchen,"Product is decent, but there is room for improvement.",3.0,2025-12-22,Yes,Neutral
CUST00121,27,Loyal,Coffee,Grocery,"IT WORKS PROPERLY, BUT NOTHING SPECIAL.",4.0,2026-11-01,No,Neutral
CUST00122,44,New,Yoga Mat,Sports,I REALLY LIKED THIS PRODUCT. IT WORKS PERFECTLY.,5.0,2025-01-17,Yes,Positive
CUST00123,49,Returning,Jacket,Clothing,Good product and the delivery was quick. Really!!,4.0,2026-02-16,Yes,Positive
CUST00124,34,Returning,Face Wash,Beauty,The product does not work as expected. Really!!,1.0,2026-12-06,Yes,Negative
CUST00125,52,New,Hair Dryer,Beauty,I really liked this product. It works perfectly.,4.0,2025-01-07,Yes,Positive
CUST00126,21,New,Jacket,Clothing,The item arrived late and the package was damaged. Really!!,1.0,2026-02-01,No,Negative
CUST00127,39,Loyal,Programming Book,Books,GOOD PRODUCT AND THE DELIVERY WAS QUICK.,5.0,2026-12-08,No,Positive
CUST00128,36,New,Face Wash,Beauty,Very happy with my purchase. Highly recommended!,5.0,2026-01-22,Yes,Positive
CUST00129,32,Loyal,Hair Dryer,Beauty,"The product is comfortable, useful, and well made. Order 2980.",5.0,2025-03-01,Yes,Positive
CUST00130,61,New,Coffee Maker,Home & Kitchen,The product does not work as expected. Order 2050.,1.0,2026-01-13,Yes,Negative
CUST00131,39,Returning,Wireless Earbuds,Electronics,The product is okay and works as expected. Order 2875.,4.0,2025-04-27,Yes,Neutral
CUST00132,55,Loyal,Coffee,Grocery,Good product and the delivery was quick. Order 9465.,4.0,2026-12-30,No,Positive
CUST00133,49,Loyal,Power Bank,Electronics,The item arrived on time and was as described. Really!!,4.0,2025-11-06,Yes,Neutral
CUST00134,58,New,Smart Watch,Electronics,AVERAGE QUALITY. IT IS FINE FOR THE PRICE.,3.0,2026-08-12,Yes,Neutral
CUST00135,59,Loyal,Cookies,Grocery,I really liked this product. It works perfectly.,5.0,2025-11-01,No,Positive
CUST00136,29,Returning,Power Bank,Electronics,Amazing quality and value for money. Order 7917.,5.0,2025-11-14,No,Positive
CUST00137,20,Loyal,T-Shirt,Clothing,The item arrived on time and was as described.,3.0,2026-12-01,Yes,Neutral
CUST00138,36,Loyal,Water Bottle,Home & Kitchen,"The product is comfortable, useful, and well made.",5.0,2025-12-22,Yes,Positive
CUST00139,39,New,Sneakers,Clothing,The product does not work as expected.,1.0,2025-11-08,No,Negative
CUST00140,24,New,Green Tea,Grocery,Average quality. It is fine for the price.,3.0,2026-12-26,Yes,Neutral
CUST00141,49,New,Hair Dryer,Beauty,"Product is decent, but there is room for improvement.",4.0,2025-09-07,Yes,Neutral
CUST00142,29,Loyal,Mixer Grinder,Home & Kitchen,I really liked this product. It works perfectly.,4.0,2026-06-14,Yes,Positive
CUST00143,31,Returning,Jeans,Clothing,The item arrived on time and was as described.,4.0,2026-01-10,Yes,Neutral
CUST00144,56,Returning,Face Wash,Beauty,Excellent product! Very good quality and fast delivery. Order 2646.,5.0,2025-01-28,Yes,Positive
CUST00145,28,Returning,Dry Fruits,Grocery,The product is okay and works as expected. Really!!,3.0,2026-09-22,Yes,Neutral
CUST00146,18,New,Coffee Maker,Home & Kitchen,I really liked this product. It works perfectly. Really!!,5.0,2025-10-11,Yes,Positive
CUST00147,32,Returning,Hair Dryer,Beauty,"It works properly, but nothing special.",3.0,2025-09-08,Yes,Neutral
CUST00148,22,New,Novel,Books,I REALLY LIKED THIS PRODUCT. IT WORKS PERFECTLY. ORDER 1281. REALLY!!,4.0,2026-11-22,Yes,Positive
CUST00149,46,New,Bluetooth Speaker,Electronics,GOOD PRODUCT AND THE DELIVERY WAS QUICK.,5.0,2025-08-11,Yes,Positive
CUST00150,33,Returning,Running Shoes,Sports,GREAT EXPERIENCE. THE ITEM ARRIVED ON TIME. REALLY!!,5.0,2026-01-10,Yes,Positive
CUST00151,51,New,Programming Book,Books,Great experience. The item arrived on time.,4.0,2025-04-29,No,Positive
CUST00152,25,New,Shampoo,Beauty,Average quality. It is fine for the price. Order 8705.,3.0,2025-01-01,Yes,Neutral
CUST00153,23,Loyal,T-Shirt,Clothing,"It works properly, but nothing special.",4.0,2025-06-10,Yes,Neutral
CUST00154,63,Returning,Cricket Bat,Sports,Very poor quality. The product stopped working quickly. Order 4230.,2.0,2026-03-30,No,Negative
CUST00155,38,Loyal,Coffee,Grocery,The item arrived late and the package was damaged.,1.0,2025-03-17,Yes,Negative
CUST00156,61,Returning,Smart Watch,Electronics,The item arrived on time and was as described.,3.0,2025-09-24,Yes,Neutral
CUST00157,45,New,T-Shirt,Clothing,Average quality. It is fine for the price.,4.0,2025-06-03,Yes,Neutral
CUST00158,60,New,T-Shirt,Clothing,Good product and the delivery was quick. Order 9234.,5.0,2026-02-11,Yes,Positive
CUST00159,38,New,Green Tea,Grocery,The product does not work as expected.,2.0,2025-11-30,Yes,Negative
CUST00160,47,Returning,Jeans,Clothing,Very happy with my purchase. Highly recommended!,5.0,2026-08-12,Yes,Positive
CUST00161,59,Returning,Bluetooth Speaker,Electronics,Amazing quality and value for money. Order 8052. Really!!,5.0,2026-01-20,Yes,Positive
CUST00162,26,Returning,Novel,Books,Great experience. The item arrived on time.,5.0,2025-01-10,Yes,Positive
CUST00163,41,Loyal,Gym Gloves,Sports,I really liked this product. It works perfectly.,5.0,2025-03-01,Yes,Positive
CUST00164,52,Returning,Coffee,Grocery,The item arrived late and the package was damaged.,1.0,2026-09-23,Yes,Negative
CUST00165,31,New,T-Shirt,Clothing,Good product and the delivery was quick.,4.0,2026-03-17,Yes,Positive
CUST00166,58,New,Cricket Bat,Sports,The item arrived late and the package was damaged.,1.0,2025-10-07,Yes,Negative
CUST00167,54,New,Hair Dryer,Beauty,I really liked this product. It works perfectly.,5.0,2025-03-14,Yes,Positive
CUST00168,61,Loyal,Hair Dryer,Beauty,Excellent product! Very good quality and fast delivery.,4.0,2025-05-29,Yes,Positive
CUST00169,40,Returning,Cookbook,Books,The item arrived on time and was as described.,4.0,2025-07-28,No,Neutral
CUST00170,33,New,Self Help Book,Books,Very happy with my purchase. Highly recommended! Order 4374.,5.0,2026-10-10,No,Positive
CUST00171,47,New,Hair Dryer,Beauty,The product does not work as expected. Order 7770. Really!!,1.0,2026-02-10,Yes,Negative
CUST00172,53,New,Cricket Bat,Sports,The product is okay and works as expected.,4.0,2025-04-24,Yes,Neutral
CUST00173,40,Returning,Hair Dryer,Beauty,I really liked this product. It works perfectly.,5.0,2026-04-11,Yes,Positive
CUST00174,59,Returning,Shampoo,Beauty,The item arrived late and the package was damaged.,1.0,2026-03-05,Yes,Negative
CUST00175,32,New,Programming Book,Books,Bad experience. I would not recommend this product. Really!!,1.0,2026-08-01,Yes,Negative
CUST00176,50,Loyal,Smart Watch,Electronics,"The product is comfortable, useful, and well made.",4.0,2025-04-20,No,Positive
CUST00177,25,New,Running Shoes,Sports,NOT WORTH THE MONEY. THE QUALITY IS VERY POOR.,2.0,2026-06-21,Yes,Negative
CUST00178,35,New,Self Help Book,Books,Very happy with my purchase. Highly recommended!,5.0,2026-03-23,Yes,Positive
CUST00179,51,Returning,Yoga Mat,Sports,"The product is comfortable, useful, and well made.",4.0,2026-10-04,Yes,Positive
CUST00180,63,Loyal,Moisturizer,Beauty,THE PRODUCT IS OKAY AND WORKS AS EXPECTED. REALLY!!,4.0,2025-03-21,Yes,Neutral
CUST00181,53,Returning,Moisturizer,Beauty,"Product is decent, but there is room for improvement.",3.0,2026-11-21,Yes,Neutral
CUST00182,24,New,Novel,Books,Bad experience. I would not recommend this product.,2.0,2026-08-21,No,Negative
CUST00183,56,New,T-Shirt,Clothing,"The product is comfortable, useful, and well made. Really!!",4.0,2025-01-13,Yes,Positive
CUST00184,28,Loyal,Wireless Earbuds,Electronics,Good product and the delivery was quick. Order 5268. Really!!,5.0,2025-11-04,Yes,Positive
CUST00185,46,Returning,Smart Watch,Electronics,"The product is comfortable, useful, and well made. Order 5719.",4.0,2025-01-21,No,Positive
CUST00186,27,Returning,Running Shoes,Sports,Excellent product! Very good quality and fast delivery.,4.0,2025-08-20,Yes,Positive
CUST00187,40,New,Bluetooth Speaker,Electronics,Average quality. It is fine for the price.,4.0,2026-08-04,Yes,Neutral
CUST00188,41,Loyal,Gym Gloves,Sports,Good product and the delivery was quick. Order 4271. Really!!,4.0,2025-01-17,No,Positive
CUST00189,45,Loyal,Cookware Set,Home & Kitchen,Average quality. It is fine for the price.,3.0,2026-03-18,Yes,Neutral
CUST00190,19,Loyal,Smart Watch,Electronics,Average quality. It is fine for the price. Order 7511.,3.0,2026-07-15,Yes,Neutral
CUST00191,38,Loyal,Sneakers,Clothing,EXCELLENT PRODUCT! VERY GOOD QUALITY AND FAST DELIVERY.,5.0,2026-01-09,Yes,Positive
CUST00192,42,Loyal,Green Tea,Grocery,Not worth the money. The quality is very poor. Order 1521.,1.0,2025-05-04,Yes,Negative
CUST00193,47,Loyal,Jacket,Clothing,Very happy with my purchase. Highly recommended! Order 1685. Really!!,5.0,2026-05-12,Yes,Positive
CUST00194,40,Loyal,Self Help Book,Books,Good product and the delivery was quick.,4.0,2026-08-21,Yes,Positive
CUST00195,48,Loyal,Moisturizer,Beauty,Very happy with my purchase. Highly recommended! Order 4537. Really!!,4.0,2026-02-11,No,Positive
CUST00196,40,New,Cookbook,Books,The item arrived on time and was as described.,3.0,2025-04-18,Yes,Neutral
CUST00197,21,Loyal,Coffee Maker,Home & Kitchen,Average quality. It is fine for the price.,3.0,2026-05-06,Yes,Neutral
CUST00198,53,Returning,Running Shoes,Sports,The quality is acceptable for everyday use. Really!!,3.0,2026-08-25,No,Neutral
CUST00199,23,Loyal,Mixer Grinder,Home & Kitchen,Bad experience. I would not recommend this product. Order 4489.,1.0,2026-11-29,Yes,Negative
CUST00200,57,Loyal,Novel,Books,VERY HAPPY WITH MY PURCHASE. HIGHLY RECOMMENDED!,4.0,2025-07-21,Yes,Positive
CUST00201,20,New,Gym Gloves,Sports,Excellent product! Very good quality and fast delivery.,5.0,2026-11-29,Yes,Positive
CUST00202,36,New,Moisturizer,Beauty,The quality is acceptable for everyday use.,4.0,2025-07-30,Yes,Neutral
CUST00203,62,Returning,Cookware Set,Home & Kitchen,"The product is comfortable, useful, and well made.",5.0,2025-04-23,Yes,Positive
CUST00204,62,New,Face Wash,Beauty,Very happy with my purchase. Highly recommended! Order 9667.,5.0,2025-07-17,Yes,Positive
CUST00205,43,New,Coffee,Grocery,The item arrived on time and was as described.,3.0,2026-05-15,Yes,Neutral
CUST00206,62,Loyal,Novel,Books,Good product and the delivery was quick.,4.0,2026-03-02,No,Positive
CUST00207,22,Returning,Jeans,Clothing,Good product and the delivery was quick. Really!!,5.0,2025-09-17,Yes,Positive
CUST00208,61,New,Programming Book,Books,The item arrived late and the package was damaged.,2.0,2026-08-19,Yes,Negative
CUST00209,45,Returning,Cookies,Grocery,BAD EXPERIENCE. I WOULD NOT RECOMMEND THIS PRODUCT. REALLY!!,1.0,2026-02-04,Yes,Negative
CUST00210,35,Returning,Cookware Set,Home & Kitchen,Good product and the delivery was quick. Really!!,5.0,2026-03-17,Yes,Positive
CUST00211,41,Loyal,Coffee Maker,Home & Kitchen,AMAZING QUALITY AND VALUE FOR MONEY.,5.0,2025-07-18,Yes,Positive
CUST00212,43,New,Coffee Maker,Home & Kitchen,Bad experience. I would not recommend this product.,1.0,2025-11-01,Yes,Negative
CUST00213,59,New,Moisturizer,Beauty,Not worth the money. The quality is very poor. Really!!,1.0,2026-08-21,Yes,Negative
CUST00214,34,Returning,Cookbook,Books,GOOD PRODUCT AND THE DELIVERY WAS QUICK. ORDER 7171.,4.0,2026-05-09,Yes,Positive
CUST00215,56,Returning,Coffee Maker,Home & Kitchen,Good product and the delivery was quick. Order 4137. Really!!,4.0,2025-12-10,No,Positive
CUST00216,37,Returning,Dry Fruits,Grocery,Amazing quality and value for money. Really!!,4.0,2025-03-09,Yes,Positive
CUST00217,57,Returning,Gym Gloves,Sports,Good product and the delivery was quick. Really!!,4.0,2025-01-26,Yes,Positive
CUST00218,56,Loyal,Mixer Grinder,Home & Kitchen,The quality is acceptable for everyday use.,4.0,2026-01-14,Yes,Neutral
CUST00219,53,New,Face Wash,Beauty,The item arrived on time and was as described. Order 7411.,3.0,2025-03-13,No,Neutral
CUST00220,24,Loyal,Face Wash,Beauty,"The product is comfortable, useful, and well made. Really!!",5.0,2025-09-16,No,Positive
CUST00221,60,New,Hair Dryer,Beauty,"The product is comfortable, useful, and well made. Order 4200. Really!!",5.0,2026-01-01,Yes,Positive
CUST00222,38,Returning,Yoga Mat,Sports,Not worth the money. The quality is very poor.,1.0,2025-06-11,Yes,Negative
CUST00223,51,Returning,Smart Watch,Electronics,The item arrived late and the package was damaged. Order 9004.,2.0,2026-10-07,No,Negative
CUST00224,28,Returning,Moisturizer,Beauty,Excellent product! Very good quality and fast delivery.,4.0,2025-12-30,Yes,Positive
CUST00225,43,Returning,Yoga Mat,Sports,I really liked this product. It works perfectly.,5.0,2026-11-06,Yes,Positive
CUST00226,22,Loyal,Cookbook,Books,Great experience. The item arrived on time. Order 2098.,4.0,2025-10-16,Yes,Positive
CUST00227,37,New,Self Help Book,Books,Average quality. It is fine for the price. Really!!,3.0,2026-10-02,Yes,Neutral
CUST00228,31,New,Cricket Bat,Sports,The product is okay and works as expected. Order 8358. Really!!,4.0,2026-01-28,No,Neutral
CUST00229,51,Returning,Water Bottle,Home & Kitchen,AVERAGE QUALITY. IT IS FINE FOR THE PRICE.,3.0,2025-05-22,No,Neutral
CUST00230,57,Returning,Smart Watch,Electronics,Amazing quality and value for money.,4.0,2026-09-06,Yes,Positive
CUST00231,62,Loyal,Shampoo,Beauty,The item arrived late and the package was damaged.,2.0,2025-03-04,Yes,Negative
CUST00232,53,New,Cookbook,Books,THE PRODUCT IS OKAY AND WORKS AS EXPECTED.,3.0,2025-09-22,Yes,Neutral
CUST00233,58,Loyal,Self Help Book,Books,Excellent product! Very good quality and fast delivery. Really!!,5.0,2026-05-29,Yes,Positive
CUST00234,65,Returning,Self Help Book,Books,The product is okay and works as expected.,3.0,2025-02-04,Yes,Neutral
CUST00235,50,New,Mixer Grinder,Home & Kitchen,"It works properly, but nothing special. Really!!",4.0,2025-07-20,No,Neutral
CUST00236,63,Loyal,Programming Book,Books,THE PRODUCT IS OKAY AND WORKS AS EXPECTED. ORDER 8468.,4.0,2026-10-21,No,Neutral
CUST00237,24,Returning,Hair Dryer,Beauty,Good product and the delivery was quick.,4.0,2026-08-02,Yes,Positive
CUST00238,39,New,Cookbook,Books,I am disappointed with this purchase.,2.0,2026-07-27,Yes,Negative
CUST00239,57,Returning,Bluetooth Speaker,Electronics,Amazing quality and value for money.,4.0,2026-03-08,Yes,Positive
CUST00240,50,Returning,Cookware Set,Home & Kitchen,GOOD PRODUCT AND THE DELIVERY WAS QUICK.,5.0,2025-12-07,Yes,Positive
CUST00241,58,New,Gym Gloves,Sports,I really liked this product. It works perfectly.,4.0,2026-07-25,Yes,Positive
CUST00242,62,New,Cookies,Grocery,The product does not work as expected. Really!!,2.0,2026-09-12,Yes,Negative
CUST00243,56,Returning,Yoga Mat,Sports,The product does not work as expected.,2.0,2026-06-04,No,Negative
CUST00244,19,Returning,T-Shirt,Clothing,"The product is comfortable, useful, and well made. Really!!",5.0,2026-10-01,Yes,Positive
CUST00245,32,New,Jacket,Clothing,GREAT EXPERIENCE. THE ITEM ARRIVED ON TIME.,4.0,2025-04-15,Yes,Positive
CUST00246,37,Returning,Moisturizer,Beauty,The product does not work as expected. Order 5658.,1.0,2026-09-21,No,Negative
CUST00247,62,Loyal,Smart Watch,Electronics,"The product is comfortable, useful, and well made. Order 5008.",4.0,2025-12-23,Yes,Positive
CUST00248,35,Loyal,Novel,Books,The product is okay and works as expected.,3.0,2026-01-10,Yes,Neutral
CUST00249,32,New,Moisturizer,Beauty,Bad experience. I would not recommend this product.,2.0,2025-01-23,Yes,Negative
CUST00250,45,New,Dry Fruits,Grocery,Average quality. It is fine for the price. Really!!,4.0,2025-07-15,Yes,Neutral
CUST00251,64,Loyal,Cookware Set,Home & Kitchen,"Product is decent, but there is room for improvement.",3.0,2025-05-06,Yes,Neutral
CUST00252,48,New,Novel,Books,Good product and the delivery was quick.,4.0,2026-03-10,Yes,Positive
CUST00253,60,Loyal,Cookbook,Books,AMAZING QUALITY AND VALUE FOR MONEY. REALLY!!,5.0,2026-07-17,Yes,Positive
CUST00254,54,Loyal,Jacket,Clothing,"IT WORKS PROPERLY, BUT NOTHING SPECIAL.",4.0,2026-10-08,Yes,Neutral
CUST00255,65,Returning,Gym Gloves,Sports,Very poor quality. The product stopped working quickly. Order 5154.,2.0,2025-03-10,Yes,Negative
CUST00256,49,New,Jacket,Clothing,Average quality. It is fine for the price. Order 5916.,4.0,2026-05-12,Yes,Neutral
CUST00257,41,New,Moisturizer,Beauty,"It works properly, but nothing special.",3.0,2025-04-21,No,Neutral
CUST00258,36,,Bluetooth Speaker,Electronics,Good product and the delivery was quick.,5.0,2026-06-04,Yes,Positive
CUST00259,62,Loyal,Sneakers,Clothing,Very happy with my purchase. Highly recommended! Really!!,4.0,2025-09-03,Yes,Positive
CUST00260,34,Loyal,Moisturizer,Beauty,"Product is decent, but there is room for improvement. Order 2207.",4.0,2026-10-28,No,Neutral
CUST00261,41,Loyal,Bluetooth Speaker,Electronics,"The product is comfortable, useful, and well made.",5.0,2026-12-16,No,Positive
CUST00262,64,Loyal,Mixer Grinder,Home & Kitchen,Excellent product! Very good quality and fast delivery.,4.0,2025-06-12,Yes,Positive
CUST00263,55,Loyal,Cookware Set,Home & Kitchen,Very happy with my purchase. Highly recommended! Order 3384.,4.0,2025-01-13,No,Positive
CUST00264,59,Returning,Novel,Books,Great experience. The item arrived on time. Order 5117.,5.0,2025-07-23,No,Positive
CUST00265,57,Loyal,Jeans,Clothing,"The product is comfortable, useful, and well made. Really!!",4.0,2026-10-09,Yes,Positive
CUST00266,26,Loyal,Yoga Mat,Sports,Good product and the delivery was quick. Really!!,5.0,2026-11-07,Yes,Positive
CUST00267,55,Loyal,Programming Book,Books,Great experience. The item arrived on time. Really!!,4.0,2026-08-07,Yes,Positive
CUST00268,19,New,Programming Book,Books,THE PRODUCT DOES NOT WORK AS EXPECTED. REALLY!!,2.0,2025-06-11,No,Negative
CUST00269,56,Loyal,Hair Dryer,Beauty,"Product is decent, but there is room for improvement. Order 2497.",4.0,2025-08-03,No,Neutral
CUST00270,30,New,Bluetooth Speaker,Electronics,Amazing quality and value for money. Order 8398.,5.0,2025-02-22,Yes,Positive
CUST00271,37,Returning,Shampoo,Beauty,The product is okay and works as expected.,4.0,2025-06-27,Yes,Neutral
CUST00272,48,Returning,Jeans,Clothing,Bad experience. I would not recommend this product. Really!!,2.0,2025-12-20,Yes,Negative
CUST00273,49,Returning,Jeans,Clothing,Excellent product! Very good quality and fast delivery. Really!!,5.0,2025-07-28,Yes,Positive
CUST00274,18,Loyal,Moisturizer,Beauty,VERY POOR QUALITY. THE PRODUCT STOPPED WORKING QUICKLY.,1.0,2025-05-17,No,Negative
CUST00275,29,Loyal,Novel,Books,Very happy with my purchase. Highly recommended!,5.0,2026-02-05,Yes,Positive
CUST00276,38,New,Dry Fruits,Grocery,Excellent product! Very good quality and fast delivery.,4.0,2025-01-13,Yes,Positive
CUST00277,36,Loyal,Gym Gloves,Sports,Amazing quality and value for money.,5.0,2025-10-20,Yes,Positive
CUST00278,31,Loyal,Sneakers,Clothing,Great experience. The item arrived on time.,5.0,2026-03-31,Yes,Positive
CUST00279,39,New,Self Help Book,Books,Good product and the delivery was quick.,4.0,2026-09-13,Yes,Positive
CUST00280,61,New,Self Help Book,Books,Excellent product! Very good quality and fast delivery. Order 8430. Really!!,5.0,2026-05-03,Yes,Positive
CUST00281,27,New,Self Help Book,Books,"IT WORKS PROPERLY, BUT NOTHING SPECIAL.",4.0,2025-02-22,Yes,Neutral
CUST00282,42,Loyal,Jacket,Clothing,"THE PRODUCT IS COMFORTABLE, USEFUL, AND WELL MADE. REALLY!!",4.0,2026-09-06,Yes,Positive
CUST00283,37,Loyal,Self Help Book,Books,"It works properly, but nothing special.",3.0,2026-11-18,Yes,Neutral
CUST00284,24,New,Yoga Mat,Sports,Very happy with my purchase. Highly recommended! Order 6818.,5.0,2025-02-02,Yes,Positive
CUST00285,24,Loyal,Moisturizer,Beauty,Excellent product! Very good quality and fast delivery. Really!!,4.0,2026-04-02,Yes,Positive
CUST00286,58,New,Water Bottle,Home & Kitchen,Very poor quality. The product stopped working quickly.,1.0,2025-08-14,Yes,Negative
CUST00287,28,Loyal,Hair Dryer,Beauty,"Product is decent, but there is room for improvement. Order 6223.",4.0,2026-06-24,Yes,Neutral
CUST00288,30,New,Coffee Maker,Home & Kitchen,I really liked this product. It works perfectly. Order 1025.,4.0,2025-12-26,No,Positive
CUST00289,64,Loyal,Novel,Books,Amazing quality and value for money.,5.0,2026-11-17,Yes,Positive
CUST00290,55,Loyal,Smart Watch,Electronics,GOOD PRODUCT AND THE DELIVERY WAS QUICK.,5.0,2025-01-15,Yes,Positive
CUST00291,48,Returning,Programming Book,Books,Bad experience. I would not recommend this product. Order 3645.,1.0,2026-06-02,Yes,Negative
CUST00292,48,Returning,T-Shirt,Clothing,Amazing quality and value for money. Really!!,4.0,2025-09-29,Yes,Positive
CUST00293,36,Loyal,Bluetooth Speaker,Electronics,Amazing quality and value for money.,5.0,2025-06-03,Yes,Positive
CUST00294,19,Returning,Cricket Bat,Sports,The product does not work as expected.,2.0,2026-06-04,Yes,Negative
CUST00295,39,New,Shampoo,Beauty,Very happy with my purchase. Highly recommended! Order 7976.,5.0,2025-02-13,Yes,Positive
CUST00296,59,Returning,Cricket Bat,Sports,Good product and the delivery was quick.,5.0,2026-04-01,No,Positive
CUST00297,44,Returning,Moisturizer,Beauty,AMAZING QUALITY AND VALUE FOR MONEY. ORDER 8618.,4.0,2025-05-09,Yes,Positive
CUST00298,56,Loyal,Water Bottle,Home & Kitchen,THE PRODUCT IS OKAY AND WORKS AS EXPECTED. REALLY!!,3.0,2026-12-19,Yes,Neutral
CUST00299,43,New,Sneakers,Clothing,The product does not work as expected.,1.0,2026-09-20,Yes,Negative
CUST00300,46,New,Gym Gloves,Sports,VERY POOR QUALITY. THE PRODUCT STOPPED WORKING QUICKLY. ORDER 2913.,1.0,2026-10-13,Yes,Negative
CUST00301,24,Returning,Cookies,Grocery,Very happy with my purchase. Highly recommended!,4.0,2026-10-07,Yes,Positive
CUST00302,36,Loyal,Smart Watch,Electronics,Average quality. It is fine for the price.,4.0,2026-05-09,Yes,Neutral
CUST00303,53,Returning,Mixer Grinder,Home & Kitchen,GREAT EXPERIENCE. THE ITEM ARRIVED ON TIME.,5.0,2026-06-20,Yes,Positive
CUST00304,22,Loyal,Green Tea,Grocery,I am disappointed with this purchase.,1.0,2025-06-30,Yes,Negative
CUST00305,55,New,Coffee,Grocery,Excellent product! Very good quality and fast delivery. Order 6445. Really!!,4.0,2025-07-31,Yes,Positive
CUST00306,30,Loyal,Smart Watch,Electronics,Great experience. The item arrived on time. Order 4109.,4.0,2025-11-02,No,Positive
CUST00307,53,Loyal,Cookies,Grocery,The item arrived late and the package was damaged. Really!!,2.0,2026-05-19,Yes,Negative
CUST00308,26,New,Cookware Set,Home & Kitchen,Excellent product! Very good quality and fast delivery.,5.0,2026-04-25,Yes,Positive
CUST00309,18,Loyal,Yoga Mat,Sports,VERY HAPPY WITH MY PURCHASE. HIGHLY RECOMMENDED!,5.0,2026-07-17,Yes,Positive
CUST00310,40,Returning,Bluetooth Speaker,Electronics,I am disappointed with this purchase.,1.0,2026-05-24,No,Negative
CUST00311,20,New,Moisturizer,Beauty,Amazing quality and value for money. Order 3120.,4.0,2026-07-15,Yes,Positive
CUST00312,36,Loyal,Hair Dryer,Beauty,The product is okay and works as expected.,4.0,2026-02-23,Yes,Neutral
CUST00313,23,New,Yoga Mat,Sports,The quality is acceptable for everyday use. Really!!,3.0,2025-06-17,Yes,Neutral
CUST00314,36,Loyal,Programming Book,Books,Amazing quality and value for money. Really!!,4.0,2026-04-03,No,Positive
CUST00315,24,Returning,Gym Gloves,Sports,"Product is decent, but there is room for improvement.",4.0,2026-01-10,Yes,Neutral
CUST00316,29,Returning,Wireless Earbuds,Electronics,The item arrived late and the package was damaged.,1.0,2025-11-27,Yes,Negative
CUST00317,50,Returning,Cookbook,Books,"The product is comfortable, useful, and well made.",5.0,2026-05-04,Yes,Positive
CUST00318,32,Loyal,Cookbook,Books,I really liked this product. It works perfectly. Order 8846.,4.0,2025-08-03,Yes,Positive
CUST00319,43,Returning,Wireless Earbuds,Electronics,"Product is decent, but there is room for improvement.",4.0,2025-07-21,Yes,Neutral
CUST00320,44,New,Hair Dryer,Beauty,The product does not work as expected.,1.0,2026-08-06,Yes,Negative
CUST00321,43,Loyal,Programming Book,Books,Excellent product! Very good quality and fast delivery.,5.0,2025-10-22,Yes,Positive
CUST00322,64,Returning,Shampoo,Beauty,Not worth the money. The quality is very poor. Really!!,1.0,2025-11-05,Yes,Negative
CUST00323,53,Loyal,Power Bank,Electronics,The item arrived late and the package was damaged.,1.0,2025-09-15,No,Negative
CUST00324,38,Loyal,Coffee Maker,Home & Kitchen,I am disappointed with this purchase.,2.0,2026-09-02,Yes,Negative
CUST00325,26,New,Jeans,Clothing,Excellent product! Very good quality and fast delivery. Order 1816.,5.0,2026-09-10,Yes,Positive
CUST00326,38,Loyal,Face Wash,Beauty,"The product is comfortable, useful, and well made. Order 1369.",4.0,2026-01-02,Yes,Positive
CUST00327,58,Returning,Water Bottle,Home & Kitchen,Excellent product! Very good quality and fast delivery.,4.0,2025-07-31,Yes,Positive
CUST00328,63,New,Dry Fruits,Grocery,"IT WORKS PROPERLY, BUT NOTHING SPECIAL.",3.0,2025-10-23,Yes,Neutral
CUST00329,35,Returning,Dry Fruits,Grocery,"THE PRODUCT IS COMFORTABLE, USEFUL, AND WELL MADE.",5.0,2025-10-02,Yes,Positive
CUST00330,25,Loyal,Water Bottle,Home & Kitchen,"The product is comfortable, useful, and well made.",5.0,2026-05-05,Yes,Positive
CUST00331,26,Returning,Self Help Book,Books,Amazing quality and value for money.,4.0,2025-07-06,Yes,Positive
CUST00332,60,New,Jacket,Clothing,The item arrived on time and was as described.,4.0,2025-04-02,Yes,Neutral
CUST00333,60,Returning,Cookies,Grocery,Amazing quality and value for money.,4.0,2025-07-26,Yes,Positive
CUST00334,27,New,Running Shoes,Sports,The quality is acceptable for everyday use.,3.0,2026-03-31,Yes,Neutral
CUST00335,42,New,T-Shirt,Clothing,The item arrived late and the package was damaged. Order 1195.,1.0,2025-11-15,Yes,Negative
CUST00336,59,New,Shampoo,Beauty,The product does not work as expected.,2.0,2025-11-10,No,Negative
CUST00337,58,Returning,Coffee,Grocery,The product does not work as expected. Really!!,2.0,2026-03-02,No,Negative
CUST00338,40,New,Cookies,Grocery,Amazing quality and value for money. Really!!,4.0,2026-07-12,Yes,Positive
CUST00339,47,Returning,Shampoo,Beauty,Good product and the delivery was quick. Order 4687.,5.0,2025-10-16,Yes,Positive
CUST00340,51,New,Water Bottle,Home & Kitchen,I really liked this product. It works perfectly. Really!!,5.0,2026-06-24,Yes,Positive
CUST00341,25,Loyal,Face Wash,Beauty,Great experience. The item arrived on time.,5.0,2025-05-17,Yes,Positive
CUST00342,51,Loyal,Yoga Mat,Sports,Amazing quality and value for money.,5.0,2025-04-03,Yes,Positive
CUST00343,24,New,T-Shirt,Clothing,Excellent product! Very good quality and fast delivery.,4.0,2025-11-01,Yes,Positive
CUST00344,20,Loyal,Mixer Grinder,Home & Kitchen,"It works properly, but nothing special.",3.0,2026-09-21,Yes,Neutral
CUST00345,39,New,Cricket Bat,Sports,The product is okay and works as expected.,3.0,2025-12-30,Yes,Neutral
CUST00346,28,New,Green Tea,Grocery,The quality is acceptable for everyday use.,3.0,2026-06-26,Yes,Neutral
CUST00347,45,New,Face Wash,Beauty,I really liked this product. It works perfectly. Order 3581.,4.0,2026-11-16,Yes,Positive
CUST00348,36,Loyal,Running Shoes,Sports,"The product is comfortable, useful, and well made.",4.0,2025-07-25,Yes,Positive
CUST00349,49,Loyal,Green Tea,Grocery,"THE PRODUCT IS COMFORTABLE, USEFUL, AND WELL MADE.",4.0,2025-08-23,No,Positive
CUST00350,25,New,Smart Watch,Electronics,VERY POOR QUALITY. THE PRODUCT STOPPED WORKING QUICKLY. ORDER 8291. REALLY!!,2.0,2025-11-10,No,Negative
CUST00351,24,New,Moisturizer,Beauty,Average quality. It is fine for the price. Really!!,3.0,2025-08-08,Yes,Neutral
CUST00352,39,Returning,Jeans,Clothing,Great experience. The item arrived on time.,4.0,2026-11-13,Yes,Positive
CUST00353,61,Loyal,Moisturizer,Beauty,The item arrived on time and was as described. Order 8404.,4.0,2025-12-02,Yes,Neutral
CUST00354,55,New,Bluetooth Speaker,Electronics,"Product is decent, but there is room for improvement.",4.0,2025-07-14,No,Neutral
CUST00355,44,Loyal,Cookbook,Books,The product is okay and works as expected.,3.0,2026-08-09,Yes,Neutral
CUST00356,37,New,Sneakers,Clothing,Not worth the money. The quality is very poor.,1.0,2026-01-27,Yes,Negative
CUST00357,63,Returning,Hair Dryer,Beauty,"The product is comfortable, useful, and well made.",5.0,2025-08-05,No,Positive
CUST00358,55,Loyal,Coffee Maker,Home & Kitchen,THE PRODUCT DOES NOT WORK AS EXPECTED.,1.0,2026-10-14,Yes,Negative
CUST00359,30,New,Dry Fruits,Grocery,"It works properly, but nothing special.",4.0,2026-04-04,Yes,Neutral
CUST00360,49,Loyal,Programming Book,Books,THE ITEM ARRIVED ON TIME AND WAS AS DESCRIBED. ORDER 7644.,4.0,2025-08-23,Yes,Neutral
CUST00361,36,Loyal,Running Shoes,Sports,The product does not work as expected.,1.0,2025-03-15,Yes,Negative
CUST00362,22,Loyal,Face Wash,Beauty,The item arrived on time and was as described.,3.0,2026-07-16,Yes,Neutral
CUST00363,44,Loyal,Running Shoes,Sports,Not worth the money. The quality is very poor.,2.0,2026-12-23,Yes,Negative
CUST00364,27,Returning,Bluetooth Speaker,Electronics,Not worth the money. The quality is very poor.,2.0,2025-03-05,No,Negative
CUST00365,65,New,Jacket,Clothing,Very happy with my purchase. Highly recommended! Order 8086.,5.0,2025-02-28,Yes,Positive
CUST00366,30,New,Jeans,Clothing,Bad experience. I would not recommend this product.,2.0,2026-03-14,Yes,Negative
CUST00367,37,Loyal,Power Bank,Electronics,The item arrived on time and was as described. Order 8175. Really!!,4.0,2026-06-03,Yes,Neutral
CUST00368,37,New,Water Bottle,Home & Kitchen,The item arrived late and the package was damaged.,1.0,2026-04-10,Yes,Negative
CUST00369,34,Returning,Shampoo,Beauty,The product does not work as expected. Order 7419.,1.0,2026-05-09,Yes,Negative
CUST00370,32,New,Sneakers,Clothing,Very happy with my purchase. Highly recommended! Order 9954.,5.0,2026-09-30,Yes,Positive
CUST00371,27,Loyal,Gym Gloves,Sports,Very happy with my purchase. Highly recommended!,5.0,2025-02-18,Yes,Positive
CUST00372,40,Returning,Green Tea,Grocery,Very happy with my purchase. Highly recommended! Order 6457.,5.0,2025-01-31,Yes,Positive
CUST00373,65,Returning,Cookware Set,Home & Kitchen,THE QUALITY IS ACCEPTABLE FOR EVERYDAY USE. ORDER 2289.,4.0,2025-05-25,Yes,Neutral
CUST00374,30,New,Power Bank,Electronics,I am disappointed with this purchase. Really!!,2.0,2026-06-14,Yes,Negative
CUST00375,26,Returning,Bluetooth Speaker,Electronics,Average quality. It is fine for the price.,4.0,2025-03-23,Yes,Neutral
CUST00376,35,Loyal,Cookware Set,Home & Kitchen,"Product is decent, but there is room for improvement.",4.0,2026-12-09,Yes,Neutral
CUST00377,43,Returning,Cricket Bat,Sports,Good product and the delivery was quick.,4.0,2025-11-06,Yes,Positive
CUST00378,47,Loyal,Hair Dryer,Beauty,THE PRODUCT IS OKAY AND WORKS AS EXPECTED.,3.0,2026-10-05,Yes,Neutral
CUST00379,23,Returning,Self Help Book,Books,Bad experience. I would not recommend this product.,1.0,2026-09-03,No,Negative
CUST00380,42,Loyal,Novel,Books,Not worth the money. The quality is very poor.,2.0,2025-10-14,Yes,Negative
CUST00381,30,New,Smart Watch,Electronics,Bad experience. I would not recommend this product.,2.0,2026-04-26,Yes,Negative
CUST00382,64,Loyal,Mixer Grinder,Home & Kitchen,I really liked this product. It works perfectly. Order 6850. Really!!,5.0,2025-08-17,Yes,Positive
CUST00383,46,Returning,Running Shoes,Sports,Average quality. It is fine for the price.,4.0,2025-12-04,Yes,Neutral
CUST00384,27,Loyal,Wireless Earbuds,Electronics,Good product and the delivery was quick. Order 7992.,5.0,2026-04-16,Yes,Positive
CUST00385,51,New,Coffee Maker,Home & Kitchen,Excellent product! Very good quality and fast delivery.,4.0,2025-05-20,Yes,Positive
CUST00386,28,Loyal,Jacket,Clothing,Excellent product! Very good quality and fast delivery. Order 2690. Really!!,5.0,2025-09-30,Yes,Positive
CUST00387,54,New,Sneakers,Clothing,"It works properly, but nothing special.",4.0,2026-05-14,Yes,Neutral
CUST00388,57,Loyal,Jacket,Clothing,The item arrived on time and was as described.,3.0,2026-10-30,Yes,Neutral
CUST00389,39,Returning,Face Wash,Beauty,The quality is acceptable for everyday use.,4.0,2025-10-26,Yes,Neutral
CUST00390,52,Returning,Self Help Book,Books,I really liked this product. It works perfectly.,4.0,2026-11-27,Yes,Positive
CUST00391,55,Loyal,T-Shirt,Clothing,I really liked this product. It works perfectly.,5.0,2026-01-02,Yes,Positive
CUST00392,59,New,Cookbook,Books,The quality is acceptable for everyday use.,4.0,2025-12-26,Yes,Neutral
CUST00393,61,Returning,Moisturizer,Beauty,THE PRODUCT DOES NOT WORK AS EXPECTED. ORDER 4354. REALLY!!,1.0,2025-06-11,No,Negative
CUST00394,42,Returning,Smart Watch,Electronics,Very happy with my purchase. Highly recommended!,5.0,2026-01-13,Yes,Positive
CUST00395,63,Loyal,Running Shoes,Sports,NOT WORTH THE MONEY. THE QUALITY IS VERY POOR. ORDER 7589.,1.0,2025-01-25,Yes,Negative
CUST00396,44,Returning,Coffee,Grocery,Good product and the delivery was quick. Really!!,5.0,2026-12-27,Yes,Positive
CUST00397,22,Returning,Mixer Grinder,Home & Kitchen,AVERAGE QUALITY. IT IS FINE FOR THE PRICE.,3.0,2026-11-24,Yes,Neutral
CUST00398,57,Loyal,Jeans,Clothing,Good product and the delivery was quick.,4.0,2025-04-18,Yes,Positive
CUST00399,47,New,Moisturizer,Beauty,Amazing quality and value for money.,5.0,2026-11-29,Yes,Positive
CUST00400,18,New,Yoga Mat,Sports,Great experience. The item arrived on time. Order 8000.,4.0,2025-07-10,Yes,Positive
CUST00401,43,New,Wireless Earbuds,Electronics,Very poor quality. The product stopped working quickly. Order 3028.,1.0,2025-06-15,Yes,Negative
CUST00402,44,New,Coffee,Grocery,"THE PRODUCT IS COMFORTABLE, USEFUL, AND WELL MADE. REALLY!!",5.0,2026-02-19,Yes,Positive
CUST00403,64,New,Jeans,Clothing,Bad experience. I would not recommend this product. Really!!,2.0,2026-06-16,Yes,Negative
CUST00404,61,Loyal,Cricket Bat,Sports,Average quality. It is fine for the price.,3.0,2025-01-19,Yes,Neutral
CUST00405,41,New,Face Wash,Beauty,Amazing quality and value for money. Order 2939.,5.0,2025-05-25,No,Positive
CUST00406,65,Loyal,Programming Book,Books,The item arrived late and the package was damaged.,1.0,2025-07-06,Yes,Negative
CUST00407,25,Loyal,Dry Fruits,Grocery,Not worth the money. The quality is very poor. Really!!,1.0,2025-06-08,No,Negative
CUST00408,52,Returning,Smart Watch,Electronics,Great experience. The item arrived on time.,5.0,2025-08-18,Yes,Positive
CUST00409,47,Returning,Cookies,Grocery,"It works properly, but nothing special.",3.0,2026-09-26,Yes,Neutral
CUST00410,26,New,Jeans,Clothing,Good product and the delivery was quick.,5.0,2025-07-31,Yes,Positive
CUST00411,34,New,Dry Fruits,Grocery,The item arrived late and the package was damaged.,2.0,2026-02-20,Yes,Negative
CUST00412,20,New,Coffee Maker,Home & Kitchen,Bad experience. I would not recommend this product. Order 3197.,2.0,2025-03-17,Yes,Negative
CUST00413,22,Loyal,Gym Gloves,Sports,THE PRODUCT IS OKAY AND WORKS AS EXPECTED. REALLY!!,3.0,2025-09-13,No,Neutral
CUST00414,63,Returning,Jeans,Clothing,Average quality. It is fine for the price. Order 3415.,3.0,2026-01-10,No,Neutral
CUST00415,38,Returning,Mixer Grinder,Home & Kitchen,Amazing quality and value for money. Really!!,4.0,2026-05-18,Yes,Positive
CUST00416,35,Loyal,Mixer Grinder,Home & Kitchen,I REALLY LIKED THIS PRODUCT. IT WORKS PERFECTLY.,5.0,2025-07-06,Yes,Positive
CUST00417,21,Loyal,Shampoo,Beauty,Very happy with my purchase. Highly recommended!,4.0,2026-10-04,Yes,Positive
CUST00418,57,New,Cookbook,Books,Great experience. The item arrived on time.,4.0,2026-07-09,No,Positive
CUST00419,46,Loyal,Hair Dryer,Beauty,VERY HAPPY WITH MY PURCHASE. HIGHLY RECOMMENDED!,5.0,2026-09-05,Yes,Positive
CUST00420,32,Loyal,Running Shoes,Sports,I really liked this product. It works perfectly.,4.0,2026-03-12,Yes,Positive
CUST00421,53,Returning,Cookbook,Books,"IT WORKS PROPERLY, BUT NOTHING SPECIAL. REALLY!!",3.0,2025-08-12,Yes,Neutral
CUST00422,46,Returning,Coffee Maker,Home & Kitchen,Very happy with my purchase. Highly recommended!,5.0,2026-01-02,Yes,Positive
CUST00423,49,Returning,Shampoo,Beauty,Amazing quality and value for money.,4.0,2026-06-01,Yes,Positive
CUST00424,59,Loyal,Jacket,Clothing,"IT WORKS PROPERLY, BUT NOTHING SPECIAL. ORDER 2859.",3.0,2026-08-03,No,Neutral
CUST00425,19,Loyal,Gym Gloves,Sports,The item arrived on time and was as described.,4.0,2025-05-18,Yes,Neutral
CUST00426,41,New,Dry Fruits,Grocery,EXCELLENT PRODUCT! VERY GOOD QUALITY AND FAST DELIVERY.,4.0,2025-12-07,Yes,Positive
CUST00427,45,New,Smart Watch,Electronics,I really liked this product. It works perfectly.,4.0,2026-12-12,Yes,Positive
CUST00428,29,Loyal,Running Shoes,Sports,Not worth the money. The quality is very poor. Order 5042.,1.0,2025-07-01,Yes,Negative
CUST00429,59,New,T-Shirt,Clothing,"PRODUCT IS DECENT, BUT THERE IS ROOM FOR IMPROVEMENT. ORDER 8845. REALLY!!",4.0,2025-12-27,Yes,Neutral
CUST00430,33,Returning,Coffee Maker,Home & Kitchen,"The product is comfortable, useful, and well made. Order 8701. Really!!",4.0,2026-04-19,Yes,Positive
CUST00431,37,Loyal,Sneakers,Clothing,EXCELLENT PRODUCT! VERY GOOD QUALITY AND FAST DELIVERY. REALLY!!,5.0,2026-08-01,Yes,Positive
CUST00432,29,New,Gym Gloves,Sports,"The product is comfortable, useful, and well made.",4.0,2025-12-06,Yes,Positive
CUST00433,29,Returning,Sneakers,Clothing,I REALLY LIKED THIS PRODUCT. IT WORKS PERFECTLY.,5.0,2026-03-30,Yes,Positive
CUST00434,53,Returning,Smart Watch,Electronics,"The product is comfortable, useful, and well made.",4.0,2025-07-14,Yes,Positive
CUST00435,31,Returning,Cookies,Grocery,THE ITEM ARRIVED ON TIME AND WAS AS DESCRIBED.,3.0,2025-12-03,Yes,Neutral
CUST00436,22,New,Moisturizer,Beauty,The quality is acceptable for everyday use. Order 6675.,4.0,2026-01-07,Yes,Neutral
CUST00437,63,Returning,Shampoo,Beauty,"The product is comfortable, useful, and well made. Order 1864. Really!!",4.0,2025-09-08,No,Positive
CUST00438,42,Loyal,Face Wash,Beauty,The product does not work as expected. Order 8774.,1.0,2026-12-25,Yes,Negative
CUST00439,52,Returning,Jacket,Clothing,Great experience. The item arrived on time.,5.0,2025-07-12,Yes,Positive
CUST00440,50,Loyal,Gym Gloves,Sports,Excellent product! Very good quality and fast delivery.,5.0,2026-11-06,Yes,Positive
CUST00441,55,Loyal,Novel,Books,Very happy with my purchase. Highly recommended!,4.0,2025-06-20,Yes,Positive
CUST00442,25,Returning,Water Bottle,Home & Kitchen,"The product is comfortable, useful, and well made.",4.0,2026-09-19,Yes,Positive
CUST00443,32,Loyal,Cookware Set,Home & Kitchen,"Product is decent, but there is room for improvement.",4.0,2026-10-28,Yes,Neutral
CUST00444,59,New,Programming Book,Books,I am disappointed with this purchase.,1.0,2025-08-20,Yes,Negative
CUST00445,43,Returning,Smart Watch,Electronics,Great experience. The item arrived on time.,5.0,2026-10-14,Yes,Positive
CUST00446,21,Loyal,Gym Gloves,Sports,Bad experience. I would not recommend this product.,2.0,2025-11-01,Yes,Negative
CUST00447,64,New,Shampoo,Beauty,VERY HAPPY WITH MY PURCHASE. HIGHLY RECOMMENDED!,4.0,2025-02-23,Yes,Positive
CUST00448,46,New,Programming Book,Books,"THE PRODUCT IS COMFORTABLE, USEFUL, AND WELL MADE. ORDER 9989.",5.0,2026-09-14,No,Positive
CUST00449,40,New,Jeans,Clothing,I really liked this product. It works perfectly.,5.0,2026-06-03,Yes,Positive
CUST00450,50,New,Self Help Book,Books,Very poor quality. The product stopped working quickly. Order 2464.,1.0,2025-07-07,Yes,Negative
CUST00451,52,New,Sneakers,Clothing,THE ITEM ARRIVED ON TIME AND WAS AS DESCRIBED.,3.0,2025-10-19,Yes,Neutral
CUST00452,52,Loyal,Cricket Bat,Sports,Amazing quality and value for money. Really!!,5.0,2025-07-06,Yes,Positive
CUST00453,28,Returning,Self Help Book,Books,The quality is acceptable for everyday use.,4.0,2025-09-25,No,Neutral
CUST00454,62,Returning,Green Tea,Grocery,"It works properly, but nothing special. Order 7396. Really!!",4.0,2025-02-13,Yes,Neutral
CUST00455,27,New,Sneakers,Clothing,GOOD PRODUCT AND THE DELIVERY WAS QUICK.,4.0,2026-09-22,Yes,Positive
CUST00456,56,New,Sneakers,Clothing,"The product is comfortable, useful, and well made. Order 2184.",5.0,2025-10-01,Yes,Positive
CUST00457,28,Loyal,Green Tea,Grocery,Not worth the money. The quality is very poor.,2.0,2025-07-15,Yes,Negative
CUST00458,33,Loyal,Running Shoes,Sports,The quality is acceptable for everyday use. Order 3181.,3.0,2026-11-10,Yes,Neutral
CUST00459,22,Returning,Yoga Mat,Sports,Great experience. The item arrived on time. Really!!,4.0,2026-04-25,No,Positive
CUST00460,46,Loyal,Jacket,Clothing,I REALLY LIKED THIS PRODUCT. IT WORKS PERFECTLY. ORDER 1924. REALLY!!,5.0,2026-06-02,Yes,Positive
CUST00461,21,Loyal,Face Wash,Beauty,The product does not work as expected.,1.0,2026-03-27,Yes,Negative
CUST00462,24,Loyal,Cricket Bat,Sports,"It works properly, but nothing special.",3.0,2026-09-06,No,Neutral
CUST00463,42,Returning,Self Help Book,Books,Very poor quality. The product stopped working quickly. Really!!,2.0,2025-12-11,Yes,Negative
CUST00464,42,Returning,Running Shoes,Sports,"The product is comfortable, useful, and well made. Order 3936. Really!!",4.0,2025-05-21,Yes,Positive
CUST00465,57,New,Cookies,Grocery,Amazing quality and value for money. Order 6560. Really!!,4.0,2025-09-06,Yes,Positive
CUST00466,42,Returning,Running Shoes,Sports,Bad experience. I would not recommend this product.,1.0,2026-01-02,Yes,Negative
CUST00467,28,Loyal,Jacket,Clothing,"IT WORKS PROPERLY, BUT NOTHING SPECIAL.",3.0,2025-11-05,Yes,Neutral
CUST00468,35,Loyal,Self Help Book,Books,The product does not work as expected. Order 5658.,1.0,2026-11-30,Yes,Negative
CUST00469,52,Returning,T-Shirt,Clothing,Very happy with my purchase. Highly recommended! Really!!,4.0,2026-09-30,Yes,Positive
CUST00470,39,New,Shampoo,Beauty,NOT WORTH THE MONEY. THE QUALITY IS VERY POOR.,1.0,2025-03-26,No,Negative
CUST00471,60,Returning,Programming Book,Books,Great experience. The item arrived on time.,4.0,2026-04-08,Yes,Positive
CUST00472,59,Loyal,Green Tea,Grocery,GREAT EXPERIENCE. THE ITEM ARRIVED ON TIME.,5.0,2026-03-08,Yes,Positive
CUST00473,40,New,Running Shoes,Sports,Excellent product! Very good quality and fast delivery.,4.0,2026-09-21,Yes,Positive
CUST00474,55,Returning,Wireless Earbuds,Electronics,Average quality. It is fine for the price. Really!!,3.0,2025-03-16,Yes,Neutral
CUST00475,41,New,Bluetooth Speaker,Electronics,The product does not work as expected. Really!!,2.0,2026-12-03,Yes,Negative
CUST00476,36,Loyal,Jacket,Clothing,Excellent product! Very good quality and fast delivery.,4.0,2025-01-25,Yes,Positive
CUST00477,51,New,Coffee,Grocery,Very poor quality. The product stopped working quickly. Really!!,2.0,2025-02-14,Yes,Negative
CUST00478,35,New,Wireless Earbuds,Electronics,Excellent product! Very good quality and fast delivery. Order 3598.,5.0,2026-04-24,Yes,Positive
CUST00479,22,Loyal,Coffee,Grocery,The product is okay and works as expected.,3.0,2025-03-20,Yes,Neutral
CUST00480,63,New,Water Bottle,Home & Kitchen,"It works properly, but nothing special. Order 8788.",4.0,2025-04-27,Yes,Neutral
CUST00481,26,Loyal,Jeans,Clothing,I am disappointed with this purchase.,2.0,2026-07-26,Yes,Negative
CUST00482,42,Loyal,Green Tea,Grocery,The product does not work as expected.,1.0,2025-07-02,Yes,Negative
CUST00483,52,Returning,Cookware Set,Home & Kitchen,"It works properly, but nothing special.",4.0,2025-07-11,Yes,Neutral
CUST00484,32,New,Power Bank,Electronics,Very happy with my purchase. Highly recommended! Really!!,5.0,2026-07-01,No,Positive
CUST00485,57,Loyal,Cookies,Grocery,"The product is comfortable, useful, and well made. Really!!",5.0,2026-12-23,Yes,Positive
CUST00486,53,New,Jeans,Clothing,I am disappointed with this purchase.,2.0,2025-08-03,No,Negative
CUST00487,51,Loyal,Cookware Set,Home & Kitchen,Great experience. The item arrived on time.,5.0,2025-06-15,Yes,Positive
CUST00488,65,Returning,Cookware Set,Home & Kitchen,Good product and the delivery was quick.,5.0,2025-11-23,Yes,Positive
CUST00489,18,Loyal,Cookies,Grocery,The quality is acceptable for everyday use.,3.0,2025-08-18,Yes,Neutral
CUST00490,58,Loyal,Moisturizer,Beauty,Amazing quality and value for money.,4.0,2025-07-28,Yes,Positive
CUST00491,48,Loyal,Coffee,Grocery,The item arrived late and the package was damaged. Really!!,2.0,2025-01-24,Yes,Negative
CUST00492,53,Loyal,Cookies,Grocery,The quality is acceptable for everyday use. Really!!,4.0,2026-08-14,Yes,Neutral
CUST00493,30,New,Cookbook,Books,VERY POOR QUALITY. THE PRODUCT STOPPED WORKING QUICKLY. ORDER 6607.,2.0,2026-03-22,Yes,Negative
CUST00494,42,Returning,Green Tea,Grocery,Good product and the delivery was quick.,5.0,2026-01-27,Yes,Positive
CUST00495,39,Loyal,Yoga Mat,Sports,Good product and the delivery was quick.,4.0,2025-11-02,Yes,Positive
CUST00496,47,Returning,Coffee,Grocery,Excellent product! Very good quality and fast delivery. Really!!,5.0,2025-11-21,Yes,Positive
CUST00497,39,Returning,Water Bottle,Home & Kitchen,AMAZING QUALITY AND VALUE FOR MONEY. ORDER 7852.,5.0,2026-11-05,Yes,Positive
CUST00498,21,New,Smart Watch,Electronics,"The product is comfortable, useful, and well made.",5.0,2025-10-10,Yes,Positive
CUST00499,59,New,T-Shirt,Clothing,"Product is decent, but there is room for improvement. Order 4510. Really!!",3.0,2026-03-16,No,Neutral
CUST00500,47,Returning,Jeans,Clothing,Good product and the delivery was quick.,4.0,2026-12-09,No,Positive
CUST00501,60,New,Face Wash,Beauty,I really liked this product. It works perfectly.,5.0,2026-04-19,Yes,Positive
CUST00502,44,Returning,Hair Dryer,Beauty,VERY HAPPY WITH MY PURCHASE. HIGHLY RECOMMENDED! REALLY!!,5.0,2025-03-06,No,Positive
CUST00503,47,New,Water Bottle,Home & Kitchen,Great experience. The item arrived on time. Order 6077.,5.0,2026-04-04,No,Positive
CUST00504,34,Returning,Jeans,Clothing,Excellent product! Very good quality and fast delivery.,4.0,2026-04-16,Yes,Positive
CUST00505,18,New,T-Shirt,Clothing,The quality is acceptable for everyday use.,3.0,2026-12-11,Yes,Neutral
CUST00506,43,New,Self Help Book,Books,The item arrived late and the package was damaged. Really!!,2.0,2026-08-09,Yes,Negative
CUST00507,63,New,Cookies,Grocery,Amazing quality and value for money. Really!!,5.0,2025-07-25,Yes,Positive
CUST00508,39,New,Hair Dryer,Beauty,Amazing quality and value for money. Really!!,5.0,2025-05-09,Yes,Positive
CUST00509,30,Loyal,Dry Fruits,Grocery,"The product is comfortable, useful, and well made.",5.0,2025-02-13,No,Positive
CUST00510,50,Loyal,Jeans,Clothing,"Product is decent, but there is room for improvement. Order 9895. Really!!",3.0,2026-09-23,Yes,Neutral
CUST00511,40,Loyal,Bluetooth Speaker,Electronics,AMAZING QUALITY AND VALUE FOR MONEY. REALLY!!,4.0,2025-11-10,Yes,Positive
CUST00512,24,Returning,Green Tea,Grocery,Very poor quality. The product stopped working quickly.,2.0,2026-11-01,No,Negative
CUST00513,29,New,Coffee Maker,Home & Kitchen,Excellent product! Very good quality and fast delivery.,5.0,2026-06-11,Yes,Positive
CUST00514,30,Loyal,T-Shirt,Clothing,The quality is acceptable for everyday use.,3.0,2025-08-03,Yes,Neutral
CUST00515,55,New,Mixer Grinder,Home & Kitchen,,4.0,2025-12-10,Yes,Positive
CUST00516,26,New,Novel,Books,Excellent product! Very good quality and fast delivery. Order 5920. Really!!,5.0,2025-04-27,Yes,Positive
CUST00517,34,Returning,Jeans,Clothing,Average quality. It is fine for the price.,3.0,2026-05-11,Yes,Neutral
CUST00518,37,Loyal,Jacket,Clothing,The product is okay and works as expected.,3.0,2026-09-12,Yes,Neutral
CUST00519,63,New,Jeans,Clothing,Great experience. The item arrived on time. Order 5626. Really!!,5.0,2026-04-25,Yes,Positive
CUST00520,60,New,Dry Fruits,Grocery,I really liked this product. It works perfectly.,4.0,2026-10-28,Yes,Positive
CUST00521,18,New,Yoga Mat,Sports,"It works properly, but nothing special.",4.0,2025-09-23,Yes,Neutral
CUST00522,31,Loyal,Green Tea,Grocery,Good product and the delivery was quick.,4.0,2025-03-31,Yes,Positive
CUST00523,28,Returning,Running Shoes,Sports,Excellent product! Very good quality and fast delivery.,5.0,2026-09-12,Yes,Positive
CUST00524,38,Returning,Shampoo,Beauty,Not worth the money. The quality is very poor.,2.0,2026-04-02,Yes,Negative
CUST00525,20,Loyal,Coffee Maker,Home & Kitchen,Excellent product! Very good quality and fast delivery.,5.0,2025-11-18,No,Positive
CUST00526,35,Loyal,Shampoo,Beauty,AMAZING QUALITY AND VALUE FOR MONEY.,5.0,2026-01-08,Yes,Positive
CUST00527,22,Loyal,Dry Fruits,Grocery,AMAZING QUALITY AND VALUE FOR MONEY.,4.0,2025-07-11,No,Positive
CUST00528,38,New,Wireless Earbuds,Electronics,"It works properly, but nothing special.",4.0,2025-09-24,Yes,Neutral
CUST00529,61,Loyal,Shampoo,Beauty,The product does not work as expected.,2.0,2026-06-30,Yes,Negative
CUST00530,59,New,Green Tea,Grocery,The product is okay and works as expected.,4.0,2025-04-16,Yes,Neutral
CUST00531,25,New,Jacket,Clothing,I am disappointed with this purchase.,2.0,2025-09-24,Yes,Negative
CUST00532,38,New,Shampoo,Beauty,THE PRODUCT IS OKAY AND WORKS AS EXPECTED.,4.0,2026-04-05,Yes,Neutral
CUST00533,41,Loyal,Dry Fruits,Grocery,I am disappointed with this purchase.,2.0,2025-05-09,Yes,Negative
CUST00534,34,Loyal,Jeans,Clothing,The product does not work as expected.,2.0,2025-10-21,Yes,Negative
CUST00535,35,New,Power Bank,Electronics,Good product and the delivery was quick.,4.0,2025-12-18,No,Positive
CUST00536,28,Loyal,Jeans,Clothing,I REALLY LIKED THIS PRODUCT. IT WORKS PERFECTLY.,4.0,2025-02-26,Yes,Positive
CUST00537,64,New,T-Shirt,Clothing,The product does not work as expected.,2.0,2025-08-14,Yes,Negative
CUST00538,61,New,Running Shoes,Sports,The product does not work as expected.,2.0,2025-12-09,Yes,Negative
CUST00539,59,Loyal,Smart Watch,Electronics,I am disappointed with this purchase.,2.0,2025-10-02,Yes,Negative
CUST00540,22,Returning,Smart Watch,Electronics,Excellent product! Very good quality and fast delivery. Order 1545. Really!!,5.0,2025-07-01,Yes,Positive
CUST00541,61,Returning,T-Shirt,Clothing,I really liked this product. It works perfectly. Really!!,4.0,2026-04-30,Yes,Positive
CUST00542,26,Loyal,Coffee,Grocery,Good product and the delivery was quick.,5.0,2026-02-01,Yes,Positive
CUST00543,57,Loyal,Dry Fruits,Grocery,The product does not work as expected.,1.0,2025-05-23,Yes,Negative
CUST00544,65,New,Yoga Mat,Sports,THE PRODUCT IS OKAY AND WORKS AS EXPECTED. ORDER 8787.,3.0,2025-08-07,No,Neutral
CUST00545,42,Returning,Yoga Mat,Sports,Amazing quality and value for money. Order 9446.,5.0,2025-09-13,No,Positive
CUST00546,51,Returning,Water Bottle,Home & Kitchen,Very happy with my purchase. Highly recommended!,4.0,2026-09-07,No,Positive
CUST00547,54,Loyal,Smart Watch,Electronics,The quality is acceptable for everyday use. Order 9613.,4.0,2026-11-14,No,Neutral
CUST00548,48,Returning,Self Help Book,Books,"It works properly, but nothing special.",4.0,2025-10-08,Yes,Neutral
CUST00549,51,New,Water Bottle,Home & Kitchen,Good product and the delivery was quick.,5.0,2026-03-01,Yes,Positive
CUST00550,49,Returning,Wireless Earbuds,Electronics,Very happy with my purchase. Highly recommended! Order 7731.,4.0,2026-01-03,No,Positive
CUST00551,39,New,Programming Book,Books,Bad experience. I would not recommend this product. Really!!,1.0,2025-07-18,Yes,Negative
CUST00552,43,New,Dry Fruits,Grocery,Bad experience. I would not recommend this product. Order 6287.,2.0,2026-04-06,No,Negative
CUST00553,29,Loyal,Novel,Books,"The product is comfortable, useful, and well made.",5.0,2026-12-09,No,Positive
CUST00554,54,New,Bluetooth Speaker,Electronics,Great experience. The item arrived on time. Order 7811.,5.0,2026-02-18,Yes,Positive
CUST00555,61,New,Cookies,Grocery,Very happy with my purchase. Highly recommended!,4.0,2026-05-22,No,Positive
CUST00556,27,Returning,Jacket,Clothing,I REALLY LIKED THIS PRODUCT. IT WORKS PERFECTLY.,5.0,2026-03-20,Yes,Positive
CUST00557,26,New,Yoga Mat,Sports,Excellent product! Very good quality and fast delivery.,4.0,2025-02-27,Yes,Positive
CUST00558,30,Returning,Sneakers,Clothing,Good product and the delivery was quick.,4.0,2026-09-01,Yes,Positive
CUST00559,44,New,Power Bank,Electronics,"Product is decent, but there is room for improvement.",3.0,2025-05-07,Yes,Neutral
CUST00560,64,Returning,Yoga Mat,Sports,Not worth the money. The quality is very poor.,2.0,2026-08-28,No,Negative
CUST00561,62,Returning,Wireless Earbuds,Electronics,"It works properly, but nothing special. Order 5372.",3.0,2025-02-24,Yes,Neutral
CUST00562,30,New,Cookware Set,Home & Kitchen,I really liked this product. It works perfectly.,4.0,2025-07-20,Yes,Positive
CUST00563,26,New,Cookware Set,Home & Kitchen,The item arrived late and the package was damaged.,2.0,2025-09-15,Yes,Negative
CUST00564,53,New,Power Bank,Electronics,The product is okay and works as expected. Order 6585.,3.0,2026-12-10,Yes,Neutral
CUST00565,36,Returning,T-Shirt,Clothing,The product does not work as expected. Order 9498. Really!!,1.0,2025-12-10,No,Negative
CUST00566,52,Returning,Moisturizer,Beauty,Excellent product! Very good quality and fast delivery.,4.0,2025-07-30,Yes,Positive
CUST00567,39,Returning,Self Help Book,Books,"IT WORKS PROPERLY, BUT NOTHING SPECIAL. ORDER 7784.",3.0,2025-01-27,Yes,Neutral
CUST00568,24,Returning,Self Help Book,Books,The product is okay and works as expected.,4.0,2025-02-07,Yes,Neutral
CUST00569,56,New,Self Help Book,Books,The product is okay and works as expected. Order 3594.,4.0,2025-07-23,Yes,Neutral
CUST00570,41,New,Face Wash,Beauty,GREAT EXPERIENCE. THE ITEM ARRIVED ON TIME.,4.0,2025-05-15,Yes,Positive
CUST00571,19,Returning,Dry Fruits,Grocery,Good product and the delivery was quick. Really!!,5.0,2025-04-18,No,Positive
CUST00572,23,Returning,Green Tea,Grocery,"THE PRODUCT IS COMFORTABLE, USEFUL, AND WELL MADE. ORDER 7130.",5.0,2025-02-14,Yes,Positive
CUST00573,39,Returning,Water Bottle,Home & Kitchen,Very happy with my purchase. Highly recommended!,4.0,2026-07-17,Yes,Positive
CUST00574,34,Returning,Dry Fruits,Grocery,EXCELLENT PRODUCT! VERY GOOD QUALITY AND FAST DELIVERY.,5.0,2025-11-21,Yes,Positive
CUST00575,20,New,Mixer Grinder,Home & Kitchen,Good product and the delivery was quick.,4.0,2025-06-17,Yes,Positive
CUST00576,23,New,Gym Gloves,Sports,Very happy with my purchase. Highly recommended! Really!!,4.0,2025-08-29,Yes,Positive
CUST00577,39,Loyal,Cookware Set,Home & Kitchen,The product is okay and works as expected.,4.0,2026-03-15,No,Neutral
CUST00578,62,New,Power Bank,Electronics,Not worth the money. The quality is very poor.,1.0,2025-12-19,Yes,Negative
CUST00579,27,Returning,Cookies,Grocery,Good product and the delivery was quick. Order 4959.,4.0,2025-06-11,Yes,Positive
CUST00580,51,Returning,Hair Dryer,Beauty,Good product and the delivery was quick.,4.0,2026-01-31,Yes,Positive
CUST00581,39,New,Jacket,Clothing,The item arrived late and the package was damaged. Order 4990. Really!!,2.0,2026-01-04,No,Negative
CUST00582,54,Returning,Jacket,Clothing,"Product is decent, but there is room for improvement.",4.0,2026-04-24,Yes,Neutral
CUST00583,52,Returning,Self Help Book,Books,Amazing quality and value for money.,5.0,2026-05-29,Yes,Positive
CUST00584,44,Returning,Shampoo,Beauty,AMAZING QUALITY AND VALUE FOR MONEY.,5.0,2026-05-08,Yes,Positive
CUST00585,32,Returning,Hair Dryer,Beauty,I really liked this product. It works perfectly. Really!!,5.0,2025-12-17,Yes,Positive
CUST00586,46,Loyal,Mixer Grinder,Home & Kitchen,Bad experience. I would not recommend this product.,2.0,2026-03-18,Yes,Negative
CUST00587,35,Loyal,Mixer Grinder,Home & Kitchen,GREAT EXPERIENCE. THE ITEM ARRIVED ON TIME.,4.0,2026-03-23,Yes,Positive
CUST00588,35,Returning,Coffee Maker,Home & Kitchen,THE PRODUCT IS OKAY AND WORKS AS EXPECTED.,4.0,2026-05-24,Yes,Neutral
CUST00589,53,Returning,T-Shirt,Clothing,I really liked this product. It works perfectly.,5.0,2025-02-18,Yes,Positive
CUST00590,55,Loyal,Gym Gloves,Sports,The item arrived late and the package was damaged.,2.0,2025-01-26,Yes,Negative
CUST00591,33,Loyal,Dry Fruits,Grocery,Amazing quality and value for money. Order 4727.,4.0,2025-05-29,No,Positive
CUST00592,24,Returning,Wireless Earbuds,Electronics,Average quality. It is fine for the price. Order 9186. Really!!,3.0,2025-07-19,No,Neutral
CUST00593,26,Loyal,Running Shoes,Sports,Not worth the money. The quality is very poor.,2.0,2026-10-28,Yes,Negative
CUST00594,55,Returning,Cricket Bat,Sports,"Product is decent, but there is room for improvement. Order 9740. Really!!",4.0,2025-01-14,No,Neutral
CUST00595,60,Loyal,Mixer Grinder,Home & Kitchen,EXCELLENT PRODUCT! VERY GOOD QUALITY AND FAST DELIVERY.,4.0,2026-01-24,No,Positive
CUST00596,40,Returning,Water Bottle,Home & Kitchen,The product is okay and works as expected. Order 4885.,3.0,2026-10-27,Yes,Neutral
CUST00597,19,Returning,T-Shirt,Clothing,THE PRODUCT DOES NOT WORK AS EXPECTED.,1.0,2026-02-08,No,Negative
CUST00598,64,Loyal,Cookbook,Books,EXCELLENT PRODUCT! VERY GOOD QUALITY AND FAST DELIVERY. ORDER 7906.,4.0,2025-11-27,Yes,Positive
CUST00599,45,Loyal,Mixer Grinder,Home & Kitchen,"IT WORKS PROPERLY, BUT NOTHING SPECIAL.",4.0,2025-08-31,Yes,Neutral
CUST00600,22,Loyal,Face Wash,Beauty,Excellent product! Very good quality and fast delivery.,4.0,2026-01-29,Yes,Positive
CUST00601,24,New,Water Bottle,Home & Kitchen,Very poor quality. The product stopped working quickly.,2.0,2025-06-10,Yes,Negative
CUST00602,49,New,Yoga Mat,Sports,The product is okay and works as expected.,4.0,2025-07-07,Yes,Neutral
CUST00603,22,Loyal,Water Bottle,Home & Kitchen,"The product is comfortable, useful, and well made.",4.0,2026-12-29,Yes,Positive
CUST00604,33,New,Jeans,Clothing,Good product and the delivery was quick. Really!!,5.0,2026-06-18,Yes,Positive
CUST00605,33,Loyal,Cricket Bat,Sports,VERY HAPPY WITH MY PURCHASE. HIGHLY RECOMMENDED!,4.0,2025-03-14,Yes,Positive
CUST00606,56,Returning,Cookware Set,Home & Kitchen,I really liked this product. It works perfectly.,5.0,2026-05-29,Yes,Positive
CUST00607,29,Loyal,Novel,Books,"It works properly, but nothing special.",3.0,2025-12-03,Yes,Neutral
CUST00608,26,Returning,Face Wash,Beauty,Amazing quality and value for money. Order 9553.,5.0,2025-01-29,Yes,Positive
CUST00609,61,Loyal,Sneakers,Clothing,The quality is acceptable for everyday use. Really!!,4.0,2025-03-16,Yes,Neutral
CUST00610,65,New,Coffee,Grocery,"The product is comfortable, useful, and well made. Order 3149. Really!!",5.0,2026-04-06,Yes,Positive
CUST00611,48,New,Novel,Books,"Product is decent, but there is room for improvement. Order 5615.",3.0,2025-08-22,Yes,Neutral
CUST00612,20,Returning,Sneakers,Clothing,"THE PRODUCT IS COMFORTABLE, USEFUL, AND WELL MADE. ORDER 5569.",5.0,2026-06-21,Yes,Positive
CUST00613,48,Loyal,Smart Watch,Electronics,THE ITEM ARRIVED LATE AND THE PACKAGE WAS DAMAGED.,2.0,2025-12-18,Yes,Negative
CUST00614,54,Returning,Bluetooth Speaker,Electronics,I am disappointed with this purchase. Order 2353.,2.0,2026-03-30,Yes,Negative
CUST00615,59,New,Coffee Maker,Home & Kitchen,Amazing quality and value for money.,5.0,2026-03-26,Yes,Positive
CUST00616,47,Returning,Cricket Bat,Sports,I am disappointed with this purchase. Order 1615. Really!!,1.0,2025-09-12,Yes,Negative
CUST00617,32,Loyal,Cricket Bat,Sports,Average quality. It is fine for the price. Order 8282.,3.0,2026-07-06,Yes,Neutral
CUST00618,36,New,Bluetooth Speaker,Electronics,Amazing quality and value for money. Really!!,4.0,2026-09-01,Yes,Positive
CUST00619,43,New,Running Shoes,Sports,I am disappointed with this purchase. Order 6191.,1.0,2025-09-26,Yes,Negative
CUST00620,50,Returning,Gym Gloves,Sports,Excellent product! Very good quality and fast delivery.,4.0,2026-02-26,Yes,Positive
CUST00621,34,Loyal,Shampoo,Beauty,I am disappointed with this purchase.,2.0,2025-07-05,No,Negative
CUST00622,65,Loyal,Coffee Maker,Home & Kitchen,"The product is comfortable, useful, and well made.",4.0,2026-08-24,Yes,Positive
CUST00623,51,Loyal,Smart Watch,Electronics,Good product and the delivery was quick. Really!!,4.0,2025-02-03,Yes,Positive
CUST00624,20,Returning,Bluetooth Speaker,Electronics,I really liked this product. It works perfectly.,4.0,2025-11-25,Yes,Positive
CUST00625,46,Returning,Hair Dryer,Beauty,The item arrived on time and was as described.,3.0,2025-11-29,Yes,Neutral
CUST00626,65,Returning,Cricket Bat,Sports,Amazing quality and value for money.,4.0,2025-12-17,Yes,Positive
CUST00627,55,Loyal,Dry Fruits,Grocery,I really liked this product. It works perfectly. Order 6791.,5.0,2025-08-20,Yes,Positive
CUST00628,35,New,Cookbook,Books,"THE PRODUCT IS COMFORTABLE, USEFUL, AND WELL MADE. REALLY!!",5.0,2026-08-22,Yes,Positive
CUST00629,62,New,Moisturizer,Beauty,Amazing quality and value for money.,5.0,2026-01-14,Yes,Positive
CUST00630,22,New,Coffee,Grocery,Not worth the money. The quality is very poor.,2.0,2025-09-24,Yes,Negative
CUST00631,45,Loyal,Cricket Bat,Sports,Average quality. It is fine for the price.,3.0,2025-12-09,Yes,Neutral
CUST00632,62,New,Yoga Mat,Sports,The item arrived on time and was as described.,4.0,2025-01-20,Yes,Neutral
CUST00633,18,Loyal,Mixer Grinder,Home & Kitchen,I really liked this product. It works perfectly. Order 3975.,4.0,2025-01-13,Yes,Positive
CUST00634,30,New,Programming Book,Books,THE PRODUCT IS OKAY AND WORKS AS EXPECTED.,3.0,2026-01-22,Yes,Neutral
CUST00635,33,Returning,Sneakers,Clothing,THE PRODUCT DOES NOT WORK AS EXPECTED.,2.0,2025-11-28,Yes,Negative
CUST00636,30,Loyal,Sneakers,Clothing,Excellent product! Very good quality and fast delivery. Order 1727. Really!!,4.0,2026-06-11,Yes,Positive
CUST00637,21,Returning,T-Shirt,Clothing,The quality is acceptable for everyday use.,3.0,2025-03-01,Yes,Neutral
CUST00638,42,New,Wireless Earbuds,Electronics,I REALLY LIKED THIS PRODUCT. IT WORKS PERFECTLY.,4.0,2025-10-06,Yes,Positive
CUST00639,40,Returning,Running Shoes,Sports,Bad experience. I would not recommend this product.,2.0,2026-05-03,Yes,Negative
CUST00640,37,New,Gym Gloves,Sports,Good product and the delivery was quick.,5.0,2025-07-21,Yes,Positive
CUST00641,33,Returning,Coffee Maker,Home & Kitchen,I REALLY LIKED THIS PRODUCT. IT WORKS PERFECTLY. ORDER 5317.,5.0,2025-01-21,No,Positive
CUST00642,55,Loyal,Power Bank,Electronics,Excellent product! Very good quality and fast delivery. Order 5055.,5.0,2025-04-13,Yes,Positive
CUST00643,24,Returning,Bluetooth Speaker,Electronics,The quality is acceptable for everyday use.,4.0,2026-09-26,Yes,Neutral
CUST00644,42,Loyal,Self Help Book,Books,Good product and the delivery was quick. Order 4513. Really!!,4.0,2026-09-20,Yes,Positive
CUST00645,39,Loyal,Cookbook,Books,I REALLY LIKED THIS PRODUCT. IT WORKS PERFECTLY.,5.0,2025-02-22,Yes,Positive
CUST00646,29,Loyal,Dry Fruits,Grocery,Amazing quality and value for money.,4.0,2026-09-05,Yes,Positive
CUST00647,55,Loyal,Programming Book,Books,The item arrived late and the package was damaged. Order 4201.,2.0,2026-08-25,Yes,Negative
CUST00648,52,New,Programming Book,Books,I really liked this product. It works perfectly. Order 4345. Really!!,5.0,2026-01-30,Yes,Positive
CUST00649,27,Loyal,Bluetooth Speaker,Electronics,Good product and the delivery was quick.,4.0,2025-07-30,Yes,Positive
CUST00650,31,New,Face Wash,Beauty,Very happy with my purchase. Highly recommended!,5.0,2026-01-06,Yes,Positive
CUST00651,23,Returning,Green Tea,Grocery,Average quality. It is fine for the price. Order 9434.,4.0,2025-03-08,No,Neutral
CUST00652,45,Returning,Cookies,Grocery,Average quality. It is fine for the price.,4.0,2025-06-07,No,Neutral
CUST00653,57,Loyal,Programming Book,Books,The item arrived on time and was as described. Order 8450. Really!!,4.0,2026-12-16,Yes,Neutral
CUST00654,40,New,Shampoo,Beauty,I REALLY LIKED THIS PRODUCT. IT WORKS PERFECTLY.,4.0,2026-04-15,Yes,Positive
CUST00655,62,New,Sneakers,Clothing,Average quality. It is fine for the price.,4.0,2026-04-20,No,Neutral
CUST00656,24,Loyal,Gym Gloves,Sports,I REALLY LIKED THIS PRODUCT. IT WORKS PERFECTLY. ORDER 4174.,5.0,2025-04-02,No,Positive
CUST00657,65,New,Jacket,Clothing,Great experience. The item arrived on time. Really!!,5.0,2026-10-30,Yes,Positive
CUST00658,20,Loyal,Cookware Set,Home & Kitchen,Great experience. The item arrived on time.,5.0,2026-12-02,Yes,Positive
CUST00659,42,Returning,Gym Gloves,Sports,Amazing quality and value for money.,5.0,2026-02-07,No,Positive
CUST00660,64,Returning,Face Wash,Beauty,AMAZING QUALITY AND VALUE FOR MONEY. ORDER 2214.,4.0,2026-01-29,Yes,Positive
CUST00661,60,Loyal,Self Help Book,Books,Good product and the delivery was quick.,5.0,2025-08-09,No,Positive
CUST00662,50,Loyal,Running Shoes,Sports,Average quality. It is fine for the price.,4.0,2025-08-24,Yes,Neutral
CUST00663,25,New,Running Shoes,Sports,The item arrived late and the package was damaged. Order 7643.,1.0,2026-09-02,Yes,Negative
CUST00664,63,Returning,Smart Watch,Electronics,Average quality. It is fine for the price.,3.0,2025-10-05,No,Neutral
CUST00665,45,Returning,Gym Gloves,Sports,Amazing quality and value for money. Really!!,4.0,2025-03-20,No,Positive
CUST00666,46,New,Wireless Earbuds,Electronics,Great experience. The item arrived on time.,5.0,2026-11-29,Yes,Positive
CUST00667,27,New,Novel,Books,Amazing quality and value for money.,5.0,2025-08-21,Yes,Positive
CUST00668,56,New,Sneakers,Clothing,Excellent product! Very good quality and fast delivery. Order 2469.,5.0,2025-04-28,Yes,Positive
CUST00669,33,Loyal,Shampoo,Beauty,Amazing quality and value for money.,5.0,2026-04-22,No,Positive
CUST00670,56,Returning,Water Bottle,Home & Kitchen,"IT WORKS PROPERLY, BUT NOTHING SPECIAL. REALLY!!",3.0,2025-08-28,Yes,Neutral
CUST00671,19,New,Moisturizer,Beauty,I AM DISAPPOINTED WITH THIS PURCHASE.,1.0,2025-04-03,Yes,Negative
CUST00672,42,New,Programming Book,Books,Very poor quality. The product stopped working quickly.,1.0,2025-03-26,Yes,Negative
CUST00673,52,Loyal,Bluetooth Speaker,Electronics,I am disappointed with this purchase.,1.0,2026-02-26,Yes,Negative
CUST00674,50,Returning,Face Wash,Beauty,The product does not work as expected.,1.0,2025-07-23,Yes,Negative
CUST00675,37,New,Self Help Book,Books,Great experience. The item arrived on time.,4.0,2026-06-15,Yes,Positive
CUST00676,29,Loyal,Face Wash,Beauty,"THE PRODUCT IS COMFORTABLE, USEFUL, AND WELL MADE.",5.0,2025-03-20,Yes,Positive
CUST00677,61,Loyal,Self Help Book,Books,Very happy with my purchase. Highly recommended!,5.0,2025-06-12,Yes,Positive
CUST00678,39,Loyal,Programming Book,Books,The product is okay and works as expected. Order 9401.,4.0,2026-01-29,No,Neutral
CUST00679,46,Returning,Jeans,Clothing,Very happy with my purchase. Highly recommended!,4.0,2025-07-11,Yes,Positive
CUST00680,61,Returning,Smart Watch,Electronics,The quality is acceptable for everyday use.,3.0,2025-04-23,Yes,Neutral
CUST00681,34,Loyal,Shampoo,Beauty,Great experience. The item arrived on time. Order 9101.,5.0,2026-05-27,Yes,Positive
CUST00682,55,Returning,Jacket,Clothing,Amazing quality and value for money.,4.0,2026-05-04,Yes,Positive
CUST00683,35,New,Cookware Set,Home & Kitchen,The product does not work as expected.,1.0,2025-11-16,Yes,Negative
CUST00684,62,Returning,Bluetooth Speaker,Electronics,I really liked this product. It works perfectly.,5.0,2025-05-09,Yes,Positive
CUST00685,47,Loyal,Wireless Earbuds,Electronics,Very happy with my purchase. Highly recommended! Really!!,4.0,2025-01-11,Yes,Positive
CUST00686,56,New,Sneakers,Clothing,"Product is decent, but there is room for improvement.",3.0,2025-10-17,No,Neutral
CUST00687,56,Loyal,Mixer Grinder,Home & Kitchen,"The product is comfortable, useful, and well made.",5.0,2026-12-07,No,Positive
CUST00688,30,New,Cookbook,Books,"It works properly, but nothing special. Really!!",4.0,2025-10-24,No,Neutral
CUST00689,19,Loyal,Coffee Maker,Home & Kitchen,The product does not work as expected. Order 1614.,1.0,2026-11-29,No,Negative
CUST00690,23,Returning,Green Tea,Grocery,"IT WORKS PROPERLY, BUT NOTHING SPECIAL.",3.0,2025-04-02,Yes,Neutral
CUST00691,44,New,Programming Book,Books,Good product and the delivery was quick. Really!!,4.0,2026-08-28,Yes,Positive
CUST00692,53,Returning,Gym Gloves,Sports,Very poor quality. The product stopped working quickly. Really!!,2.0,2026-10-23,Yes,Negative
CUST00693,38,Returning,Hair Dryer,Beauty,Excellent product! Very good quality and fast delivery.,4.0,2026-09-24,Yes,Positive
CUST00694,35,Returning,Shampoo,Beauty,Amazing quality and value for money.,5.0,2025-04-23,Yes,Positive
CUST00695,65,Loyal,Cookbook,Books,I really liked this product. It works perfectly. Order 9002.,4.0,2025-01-12,Yes,Positive
CUST00696,51,Returning,Water Bottle,Home & Kitchen,Very poor quality. The product stopped working quickly.,1.0,2025-12-29,No,Negative
CUST00697,23,New,Running Shoes,Sports,Not worth the money. The quality is very poor.,1.0,2026-03-10,Yes,Negative
CUST00698,23,Returning,Programming Book,Books,Good product and the delivery was quick.,4.0,2025-04-16,Yes,Positive
CUST00699,28,Loyal,Coffee,Grocery,I am disappointed with this purchase.,1.0,2025-05-21,Yes,Negative
CUST00700,55,Loyal,Moisturizer,Beauty,THE PRODUCT IS OKAY AND WORKS AS EXPECTED.,4.0,2026-02-19,Yes,Neutral
CUST00701,24,Loyal,Green Tea,Grocery,Amazing quality and value for money.,4.0,2026-08-17,Yes,Positive
CUST00702,28,New,Jeans,Clothing,Very happy with my purchase. Highly recommended!,4.0,2026-01-11,Yes,Positive
CUST00703,37,Returning,Face Wash,Beauty,VERY HAPPY WITH MY PURCHASE. HIGHLY RECOMMENDED!,5.0,2025-10-13,Yes,Positive
CUST00704,43,Returning,Gym Gloves,Sports,"Product is decent, but there is room for improvement. Order 9215.",4.0,2026-02-26,Yes,Neutral
CUST00705,45,New,Dry Fruits,Grocery,AMAZING QUALITY AND VALUE FOR MONEY. ORDER 2564.,5.0,2026-01-22,Yes,Positive
CUST00706,43,Loyal,T-Shirt,Clothing,The quality is acceptable for everyday use.,4.0,2025-02-25,Yes,Neutral
CUST00707,51,Returning,Wireless Earbuds,Electronics,Excellent product! Very good quality and fast delivery.,5.0,2026-10-03,No,Positive
CUST00708,29,Returning,Programming Book,Books,Very happy with my purchase. Highly recommended! Order 1556. Really!!,5.0,2025-06-16,Yes,Positive
CUST00709,36,Returning,Yoga Mat,Sports,"The product is comfortable, useful, and well made. Order 3511.",4.0,2025-05-05,Yes,Positive
CUST00710,35,Loyal,Face Wash,Beauty,"The product is comfortable, useful, and well made. Order 9572.",5.0,2025-07-21,Yes,Positive
CUST00711,50,Returning,Jacket,Clothing,Very happy with my purchase. Highly recommended! Really!!,5.0,2025-07-20,Yes,Positive
CUST00712,52,New,Coffee,Grocery,The product does not work as expected.,1.0,2026-09-09,Yes,Negative
CUST00713,51,Loyal,Novel,Books,Great experience. The item arrived on time. Order 8062.,4.0,2025-03-01,Yes,Positive
CUST00714,32,Returning,Hair Dryer,Beauty,"Product is decent, but there is room for improvement. Order 5264.",4.0,2026-07-14,Yes,Neutral
CUST00715,35,Returning,Running Shoes,Sports,Bad experience. I would not recommend this product.,1.0,2026-11-10,Yes,Negative
CUST00716,51,Returning,Cookies,Grocery,Excellent product! Very good quality and fast delivery.,4.0,2026-06-29,Yes,Positive
CUST00717,34,New,Running Shoes,Sports,Bad experience. I would not recommend this product. Order 9974.,1.0,2026-10-13,Yes,Negative
CUST00718,38,New,Jacket,Clothing,Good product and the delivery was quick.,5.0,2026-12-10,Yes,Positive
CUST00719,42,Loyal,Face Wash,Beauty,AMAZING QUALITY AND VALUE FOR MONEY.,5.0,2025-08-03,No,Positive
CUST00720,59,New,T-Shirt,Clothing,I am disappointed with this purchase.,2.0,2026-08-07,No,Negative
CUST00721,55,Loyal,Cookware Set,Home & Kitchen,Good product and the delivery was quick.,4.0,2026-09-21,Yes,Positive
CUST00722,48,Returning,Programming Book,Books,Average quality. It is fine for the price. Order 3889.,3.0,2025-03-09,Yes,Neutral
CUST00723,46,Loyal,Self Help Book,Books,Very happy with my purchase. Highly recommended! Order 5240.,4.0,2026-02-18,No,Positive
CUST00724,40,Loyal,Wireless Earbuds,Electronics,AVERAGE QUALITY. IT IS FINE FOR THE PRICE. ORDER 4416.,4.0,2026-12-30,Yes,Neutral
CUST00725,25,Loyal,Novel,Books,"Product is decent, but there is room for improvement.",4.0,2025-04-22,Yes,Neutral
CUST00726,52,Returning,Green Tea,Grocery,I really liked this product. It works perfectly.,5.0,2025-09-27,Yes,Positive
CUST00727,64,Returning,Jeans,Clothing,Amazing quality and value for money.,5.0,2025-11-06,Yes,Positive
CUST00728,45,Loyal,Cookware Set,Home & Kitchen,I really liked this product. It works perfectly.,5.0,2025-08-24,Yes,Positive
CUST00729,49,Loyal,Hair Dryer,Beauty,Excellent product! Very good quality and fast delivery.,4.0,2025-10-18,Yes,Positive
CUST00730,61,Loyal,Coffee,Grocery,Very happy with my purchase. Highly recommended!,5.0,2026-03-12,Yes,Positive
CUST00731,59,New,Jacket,Clothing,"It works properly, but nothing special.",4.0,2026-04-21,Yes,Neutral
CUST00732,39,New,Jeans,Clothing,Excellent product! Very good quality and fast delivery.,5.0,2026-12-14,No,Positive
CUST00733,64,Returning,Yoga Mat,Sports,"PRODUCT IS DECENT, BUT THERE IS ROOM FOR IMPROVEMENT. ORDER 5640.",4.0,2025-08-12,No,Neutral
CUST00734,60,New,Cricket Bat,Sports,Good product and the delivery was quick.,4.0,2025-09-03,Yes,Positive
CUST00735,32,Loyal,Bluetooth Speaker,Electronics,I am disappointed with this purchase. Really!!,1.0,2026-07-12,Yes,Negative
CUST00736,41,New,Bluetooth Speaker,Electronics,The product is okay and works as expected.,4.0,2025-03-07,Yes,Neutral
CUST00737,42,Returning,Cookies,Grocery,The product is okay and works as expected.,3.0,2026-09-20,No,Neutral
CUST00738,44,New,Dry Fruits,Grocery,Amazing quality and value for money. Order 9529.,4.0,2026-09-17,Yes,Positive
CUST00739,54,Loyal,Novel,Books,"IT WORKS PROPERLY, BUT NOTHING SPECIAL.",4.0,2025-05-02,Yes,Neutral
CUST00740,34,Returning,Coffee Maker,Home & Kitchen,THE ITEM ARRIVED ON TIME AND WAS AS DESCRIBED.,4.0,2026-12-06,Yes,Neutral
CUST00741,50,Loyal,Self Help Book,Books,THE PRODUCT DOES NOT WORK AS EXPECTED.,2.0,2026-09-09,Yes,Negative
CUST00742,65,New,Programming Book,Books,The product is okay and works as expected.,4.0,2026-06-21,No,Neutral
CUST00743,18,New,Wireless Earbuds,Electronics,Excellent product! Very good quality and fast delivery. Order 2725. Really!!,5.0,2026-03-19,No,Positive
CUST00744,31,Returning,Wireless Earbuds,Electronics,Amazing quality and value for money.,5.0,2025-12-12,No,Positive
CUST00745,32,Loyal,Cookies,Grocery,I am disappointed with this purchase.,1.0,2026-02-22,Yes,Negative
CUST00746,49,New,Wireless Earbuds,Electronics,Very poor quality. The product stopped working quickly. Order 1909. Really!!,2.0,2025-12-12,Yes,Negative
CUST00747,28,Loyal,Running Shoes,Sports,Very happy with my purchase. Highly recommended!,5.0,2025-01-15,Yes,Positive
CUST00748,54,Returning,Face Wash,Beauty,VERY POOR QUALITY. THE PRODUCT STOPPED WORKING QUICKLY.,2.0,2025-07-29,Yes,Negative
CUST00749,48,Loyal,Shampoo,Beauty,"The product is comfortable, useful, and well made. Order 1973.",4.0,2025-04-15,Yes,Positive
CUST00750,54,Loyal,Coffee,Grocery,Not worth the money. The quality is very poor.,1.0,2026-01-16,Yes,Negative
CUST00751,50,Returning,T-Shirt,Clothing,The product does not work as expected.,2.0,2026-07-23,Yes,Negative
CUST00752,60,New,Novel,Books,I am disappointed with this purchase.,2.0,2025-09-26,Yes,Negative
CUST00753,49,Returning,Water Bottle,Home & Kitchen,"It works properly, but nothing special.",3.0,2025-12-31,Yes,Neutral
CUST00754,36,Loyal,Green Tea,Grocery,Amazing quality and value for money. Order 5830.,5.0,2026-01-25,Yes,Positive
CUST00755,23,Returning,Power Bank,Electronics,Average quality. It is fine for the price. Order 6329.,4.0,2025-07-05,Yes,Neutral
CUST00756,45,Returning,Sneakers,Clothing,Very happy with my purchase. Highly recommended!,4.0,2025-03-23,Yes,Positive
CUST00757,42,Loyal,Moisturizer,Beauty,Excellent product! Very good quality and fast delivery. Really!!,5.0,2025-04-21,Yes,Positive
CUST00758,65,,Programming Book,Books,"The product is comfortable, useful, and well made.",4.0,2026-05-18,Yes,Positive
CUST00759,27,Returning,Jeans,Clothing,Great experience. The item arrived on time.,4.0,2026-11-20,No,Positive
CUST00760,51,New,Dry Fruits,Grocery,Great experience. The item arrived on time.,5.0,2026-07-14,Yes,Positive
CUST00761,44,Loyal,Face Wash,Beauty,Very poor quality. The product stopped working quickly.,1.0,2026-08-14,Yes,Negative
CUST00762,63,Returning,Jacket,Clothing,Good product and the delivery was quick.,5.0,2025-07-27,Yes,Positive
CUST00763,31,Returning,Mixer Grinder,Home & Kitchen,Average quality. It is fine for the price.,4.0,2025-01-02,No,Neutral
CUST00764,32,Returning,Mixer Grinder,Home & Kitchen,NOT WORTH THE MONEY. THE QUALITY IS VERY POOR.,1.0,2026-05-31,No,Negative
CUST00765,64,Returning,Power Bank,Electronics,I am disappointed with this purchase.,2.0,2026-06-17,Yes,Negative
CUST00766,54,Loyal,Dry Fruits,Grocery,"The product is comfortable, useful, and well made.",5.0,2026-10-02,Yes,Positive
CUST00767,30,New,Novel,Books,Very happy with my purchase. Highly recommended! Order 3985.,4.0,2025-08-27,Yes,Positive
CUST00768,18,New,Power Bank,Electronics,Good product and the delivery was quick. Order 2832.,4.0,2026-08-24,Yes,Positive
CUST00769,19,New,Gym Gloves,Sports,Average quality. It is fine for the price. Really!!,4.0,2025-05-25,Yes,Neutral
CUST00770,21,New,Water Bottle,Home & Kitchen,Excellent product! Very good quality and fast delivery. Really!!,4.0,2025-10-20,No,Positive
CUST00771,47,Returning,Novel,Books,Amazing quality and value for money. Really!!,5.0,2025-03-29,No,Positive
CUST00772,39,Returning,Mixer Grinder,Home & Kitchen,Excellent product! Very good quality and fast delivery.,4.0,2026-11-29,Yes,Positive
CUST00773,33,Loyal,Gym Gloves,Sports,GREAT EXPERIENCE. THE ITEM ARRIVED ON TIME. ORDER 5332. REALLY!!,5.0,2026-04-18,Yes,Positive
CUST00774,52,New,Water Bottle,Home & Kitchen,Not worth the money. The quality is very poor.,2.0,2026-02-10,Yes,Negative
CUST00775,53,Loyal,Running Shoes,Sports,The item arrived on time and was as described. Really!!,4.0,2025-03-22,No,Neutral
CUST00776,34,Returning,Yoga Mat,Sports,I really liked this product. It works perfectly. Order 1667.,5.0,2026-10-11,Yes,Positive
CUST00777,34,Loyal,Sneakers,Clothing,AMAZING QUALITY AND VALUE FOR MONEY.,4.0,2025-07-14,Yes,Positive
CUST00778,28,Loyal,Coffee,Grocery,Great experience. The item arrived on time. Order 7709. Really!!,5.0,2026-04-07,No,Positive
CUST00779,45,New,Dry Fruits,Grocery,Great experience. The item arrived on time. Really!!,5.0,2026-04-09,Yes,Positive
CUST00780,22,Loyal,Hair Dryer,Beauty,Bad experience. I would not recommend this product.,1.0,2025-02-28,Yes,Negative
CUST00781,38,Loyal,Face Wash,Beauty,Very poor quality. The product stopped working quickly.,1.0,2025-02-21,Yes,Negative
CUST00782,45,New,Gym Gloves,Sports,Good product and the delivery was quick. Order 1671.,5.0,2025-02-20,Yes,Positive
CUST00783,52,New,Jeans,Clothing,Very happy with my purchase. Highly recommended!,4.0,2026-04-24,No,Positive
CUST00784,21,New,Jeans,Clothing,THE ITEM ARRIVED LATE AND THE PACKAGE WAS DAMAGED. ORDER 1600.,2.0,2026-02-21,Yes,Negative
CUST00785,43,New,Green Tea,Grocery,"It works properly, but nothing special. Really!!",3.0,2025-08-15,Yes,Neutral
CUST00786,36,Returning,Yoga Mat,Sports,Good product and the delivery was quick.,5.0,2025-11-30,Yes,Positive
CUST00787,55,Loyal,Coffee,Grocery,Very happy with my purchase. Highly recommended!,4.0,2026-11-04,No,Positive
CUST00788,27,New,Jacket,Clothing,Great experience. The item arrived on time.,5.0,2026-08-12,Yes,Positive
CUST00789,51,New,Gym Gloves,Sports,I really liked this product. It works perfectly. Really!!,4.0,2026-08-04,No,Positive
CUST00790,50,New,Yoga Mat,Sports,Bad experience. I would not recommend this product. Really!!,1.0,2026-09-29,Yes,Negative
CUST00791,18,Loyal,Jeans,Clothing,I really liked this product. It works perfectly.,5.0,2026-05-27,Yes,Positive
CUST00792,48,Returning,Sneakers,Clothing,Not worth the money. The quality is very poor. Order 4574.,2.0,2026-10-05,Yes,Negative
CUST00793,50,Returning,Coffee Maker,Home & Kitchen,Average quality. It is fine for the price.,4.0,2026-04-02,Yes,Neutral
CUST00794,38,Loyal,Power Bank,Electronics,GREAT EXPERIENCE. THE ITEM ARRIVED ON TIME.,5.0,2026-04-13,No,Positive
CUST00795,23,New,Sneakers,Clothing,Very poor quality. The product stopped working quickly. Order 5370.,1.0,2025-03-30,Yes,Negative
CUST00796,54,New,Wireless Earbuds,Electronics,The item arrived late and the package was damaged. Order 6969.,1.0,2026-02-15,Yes,Negative
CUST00797,48,Loyal,Coffee,Grocery,I really liked this product. It works perfectly. Really!!,4.0,2025-09-25,Yes,Positive
CUST00798,31,New,Shampoo,Beauty,Very poor quality. The product stopped working quickly. Really!!,2.0,2026-08-15,Yes,Negative
CUST00799,36,New,Smart Watch,Electronics,Amazing quality and value for money.,5.0,2025-09-22,Yes,Positive
CUST00800,18,Returning,Mixer Grinder,Home & Kitchen,"Product is decent, but there is room for improvement.",3.0,2026-06-01,Yes,Neutral
CUST00801,22,Loyal,Sneakers,Clothing,I am disappointed with this purchase.,1.0,2025-12-04,No,Negative
CUST00802,58,Loyal,Green Tea,Grocery,Great experience. The item arrived on time.,5.0,2026-03-13,Yes,Positive
CUST00803,54,Loyal,Face Wash,Beauty,Bad experience. I would not recommend this product. Really!!,1.0,2025-09-26,No,Negative
CUST00804,58,Returning,Shampoo,Beauty,The product is okay and works as expected.,3.0,2025-01-29,Yes,Neutral
CUST00805,56,Returning,Water Bottle,Home & Kitchen,Excellent product! Very good quality and fast delivery.,4.0,2025-08-25,Yes,Positive
CUST00806,39,New,Cricket Bat,Sports,Average quality. It is fine for the price.,3.0,2026-09-04,Yes,Neutral
CUST00807,30,Loyal,Face Wash,Beauty,Average quality. It is fine for the price. Order 2868.,4.0,2025-02-10,Yes,Neutral
CUST00808,33,New,Smart Watch,Electronics,Great experience. The item arrived on time.,4.0,2025-09-23,No,Positive
CUST00809,27,Loyal,Face Wash,Beauty,Good product and the delivery was quick. Order 5717.,5.0,2025-06-06,Yes,Positive
CUST00810,56,Returning,Cricket Bat,Sports,Amazing quality and value for money. Order 3787.,5.0,2026-03-03,Yes,Positive
CUST00811,60,Loyal,Mixer Grinder,Home & Kitchen,EXCELLENT PRODUCT! VERY GOOD QUALITY AND FAST DELIVERY.,5.0,2026-09-19,No,Positive
CUST00812,31,Loyal,Coffee Maker,Home & Kitchen,Very poor quality. The product stopped working quickly.,1.0,2025-12-05,Yes,Negative
CUST00813,27,Loyal,Face Wash,Beauty,The item arrived on time and was as described. Order 4080. Really!!,4.0,2025-10-06,Yes,Neutral
CUST00814,49,Returning,Power Bank,Electronics,The product does not work as expected. Really!!,2.0,2026-03-26,Yes,Negative
CUST00815,28,New,Cookbook,Books,Amazing quality and value for money.,5.0,2025-12-02,No,Positive
CUST00816,43,Loyal,Hair Dryer,Beauty,Average quality. It is fine for the price. Order 5635.,3.0,2025-06-28,Yes,Neutral
CUST00817,26,New,Bluetooth Speaker,Electronics,The product is okay and works as expected. Order 2212.,4.0,2026-04-21,Yes,Neutral
CUST00818,32,New,Moisturizer,Beauty,The quality is acceptable for everyday use.,4.0,2025-07-07,No,Neutral
CUST00819,46,Returning,Coffee,Grocery,I AM DISAPPOINTED WITH THIS PURCHASE.,1.0,2026-07-14,No,Negative
CUST00820,19,Returning,Gym Gloves,Sports,I really liked this product. It works perfectly.,5.0,2025-08-16,No,Positive
CUST00821,18,Loyal,Cricket Bat,Sports,Great experience. The item arrived on time.,4.0,2026-01-16,Yes,Positive
CUST00822,61,Loyal,Cookbook,Books,AMAZING QUALITY AND VALUE FOR MONEY.,4.0,2026-04-26,Yes,Positive
CUST00823,45,Returning,Green Tea,Grocery,Excellent product! Very good quality and fast delivery.,5.0,2025-02-13,No,Positive
CUST00824,19,New,Dry Fruits,Grocery,Great experience. The item arrived on time. Order 6947.,4.0,2026-03-21,Yes,Positive
CUST00825,47,Loyal,Cricket Bat,Sports,Average quality. It is fine for the price.,3.0,2025-11-13,Yes,Neutral
CUST00826,18,Loyal,Coffee,Grocery,Very happy with my purchase. Highly recommended!,4.0,2025-03-27,Yes,Positive
CUST00827,64,New,Coffee Maker,Home & Kitchen,"The product is comfortable, useful, and well made.",5.0,2025-09-13,No,Positive
CUST00828,57,Loyal,Dry Fruits,Grocery,Great experience. The item arrived on time. Really!!,4.0,2026-11-08,Yes,Positive
CUST00829,59,New,Cookies,Grocery,Good product and the delivery was quick.,5.0,2026-03-04,Yes,Positive
CUST00830,58,Loyal,Mixer Grinder,Home & Kitchen,Very happy with my purchase. Highly recommended! Order 8624. Really!!,4.0,2026-12-07,No,Positive
CUST00831,45,Loyal,Bluetooth Speaker,Electronics,Very happy with my purchase. Highly recommended! Order 3949. Really!!,5.0,2025-07-24,No,Positive
CUST00832,44,Loyal,Bluetooth Speaker,Electronics,Amazing quality and value for money.,4.0,2025-06-22,Yes,Positive
CUST00833,50,Loyal,Cookware Set,Home & Kitchen,The product does not work as expected.,2.0,2025-02-24,Yes,Negative
CUST00834,64,Loyal,Cookies,Grocery,Excellent product! Very good quality and fast delivery. Really!!,5.0,2025-02-07,Yes,Positive
CUST00835,55,New,Cookware Set,Home & Kitchen,GREAT EXPERIENCE. THE ITEM ARRIVED ON TIME. ORDER 9904.,4.0,2026-01-31,No,Positive
CUST00836,64,New,Coffee Maker,Home & Kitchen,Great experience. The item arrived on time.,4.0,2025-05-22,Yes,Positive
CUST00837,46,New,Green Tea,Grocery,VERY HAPPY WITH MY PURCHASE. HIGHLY RECOMMENDED!,4.0,2026-12-20,Yes,Positive
CUST00838,47,Returning,Shampoo,Beauty,I REALLY LIKED THIS PRODUCT. IT WORKS PERFECTLY.,4.0,2025-11-07,Yes,Positive
CUST00839,33,Returning,Programming Book,Books,Amazing quality and value for money. Order 8630.,4.0,2026-04-23,Yes,Positive
CUST00840,22,Loyal,Yoga Mat,Sports,"Product is decent, but there is room for improvement. Really!!",4.0,2026-05-25,Yes,Neutral
CUST00841,24,New,T-Shirt,Clothing,I REALLY LIKED THIS PRODUCT. IT WORKS PERFECTLY. ORDER 4186.,4.0,2026-05-16,Yes,Positive
CUST00842,27,New,Moisturizer,Beauty,"The product is comfortable, useful, and well made. Order 3268.",5.0,2026-11-06,Yes,Positive
CUST00843,19,Returning,Jacket,Clothing,The product is okay and works as expected.,3.0,2025-12-02,Yes,Neutral
CUST00844,65,New,Smart Watch,Electronics,I really liked this product. It works perfectly. Order 2897.,4.0,2025-03-29,Yes,Positive
CUST00845,25,Returning,Cookbook,Books,"The product is comfortable, useful, and well made.",5.0,2026-06-27,Yes,Positive
CUST00846,63,Returning,Yoga Mat,Sports,Average quality. It is fine for the price.,3.0,2025-03-02,Yes,Neutral
CUST00847,38,Returning,Cricket Bat,Sports,The item arrived late and the package was damaged.,1.0,2025-03-23,Yes,Negative
CUST00848,32,Loyal,Sneakers,Clothing,The item arrived late and the package was damaged.,2.0,2026-06-29,Yes,Negative
CUST00849,49,Loyal,Coffee Maker,Home & Kitchen,The item arrived on time and was as described.,3.0,2025-11-15,No,Neutral
CUST00850,21,Returning,Dry Fruits,Grocery,"The product is comfortable, useful, and well made. Order 5228.",5.0,2025-01-21,No,Positive
CUST00851,50,Returning,Water Bottle,Home & Kitchen,Amazing quality and value for money. Order 1144.,5.0,2026-09-29,Yes,Positive
CUST00852,40,Loyal,Yoga Mat,Sports,I really liked this product. It works perfectly.,4.0,2025-09-22,Yes,Positive
CUST00853,21,Returning,Jeans,Clothing,Not worth the money. The quality is very poor.,2.0,2025-03-18,Yes,Negative
CUST00854,18,Loyal,Cookbook,Books,The quality is acceptable for everyday use. Order 1770. Really!!,3.0,2025-11-28,Yes,Neutral
CUST00855,43,New,Shampoo,Beauty,Very happy with my purchase. Highly recommended!,5.0,2026-06-10,Yes,Positive
CUST00856,36,Returning,Coffee,Grocery,Average quality. It is fine for the price.,3.0,2025-04-22,Yes,Neutral
CUST00857,43,New,Novel,Books,The item arrived on time and was as described. Really!!,3.0,2026-09-04,Yes,Neutral
CUST00858,21,New,Novel,Books,Average quality. It is fine for the price.,3.0,2025-04-03,Yes,Neutral
CUST00859,22,Returning,Cookbook,Books,I REALLY LIKED THIS PRODUCT. IT WORKS PERFECTLY.,4.0,2025-07-10,Yes,Positive
CUST00860,52,Returning,Water Bottle,Home & Kitchen,THE PRODUCT IS OKAY AND WORKS AS EXPECTED. ORDER 7065.,4.0,2026-08-05,Yes,Neutral
CUST00861,47,Loyal,Smart Watch,Electronics,"It works properly, but nothing special.",3.0,2026-11-26,No,Neutral
CUST00862,23,New,Coffee Maker,Home & Kitchen,Good product and the delivery was quick. Order 5675.,4.0,2026-07-17,Yes,Positive
CUST00863,29,New,Sneakers,Clothing,Great experience. The item arrived on time. Order 3296. Really!!,5.0,2026-08-06,Yes,Positive
CUST00864,43,New,Running Shoes,Sports,Very happy with my purchase. Highly recommended!,5.0,2026-04-09,Yes,Positive
CUST00865,27,New,Running Shoes,Sports,The item arrived on time and was as described. Really!!,3.0,2026-01-01,Yes,Neutral
CUST00866,29,New,Gym Gloves,Sports,Very poor quality. The product stopped working quickly. Really!!,1.0,2026-12-25,Yes,Negative
CUST00867,62,Loyal,Jacket,Clothing,"Product is decent, but there is room for improvement.",3.0,2026-04-19,Yes,Neutral
CUST00868,46,Returning,Gym Gloves,Sports,AMAZING QUALITY AND VALUE FOR MONEY.,4.0,2025-11-05,Yes,Positive
CUST00869,32,New,Jacket,Clothing,"Product is decent, but there is room for improvement. Order 2250.",3.0,2025-10-20,Yes,Neutral
CUST00870,53,New,Sneakers,Clothing,Amazing quality and value for money.,5.0,2025-06-03,Yes,Positive
CUST00871,29,Loyal,Cookies,Grocery,GREAT EXPERIENCE. THE ITEM ARRIVED ON TIME.,4.0,2025-07-30,Yes,Positive
CUST00872,28,Loyal,T-Shirt,Clothing,"PRODUCT IS DECENT, BUT THERE IS ROOM FOR IMPROVEMENT.",4.0,2026-12-15,No,Neutral
CUST00873,62,New,Bluetooth Speaker,Electronics,Average quality. It is fine for the price.,4.0,2026-10-18,Yes,Neutral
CUST00874,38,Returning,Gym Gloves,Sports,THE ITEM ARRIVED LATE AND THE PACKAGE WAS DAMAGED.,2.0,2026-07-16,No,Negative
CUST00875,58,New,Programming Book,Books,Good product and the delivery was quick.,5.0,2026-09-10,Yes,Positive
CUST00876,20,Loyal,Green Tea,Grocery,"It works properly, but nothing special. Order 1661. Really!!",3.0,2026-01-14,Yes,Neutral
CUST00877,61,Loyal,Bluetooth Speaker,Electronics,I really liked this product. It works perfectly.,4.0,2026-05-02,Yes,Positive
CUST00878,53,Loyal,Moisturizer,Beauty,Excellent product! Very good quality and fast delivery. Really!!,4.0,2026-07-28,Yes,Positive
CUST00879,38,New,Water Bottle,Home & Kitchen,Good product and the delivery was quick.,4.0,2026-09-11,Yes,Positive
CUST00880,24,Returning,Hair Dryer,Beauty,Great experience. The item arrived on time. Order 1416.,5.0,2026-02-02,No,Positive
CUST00881,46,Returning,Cookware Set,Home & Kitchen,I am disappointed with this purchase. Really!!,1.0,2026-12-05,No,Negative
CUST00882,34,Returning,Bluetooth Speaker,Electronics,"The product is comfortable, useful, and well made.",5.0,2026-12-27,Yes,Positive
CUST00883,59,Loyal,Programming Book,Books,Great experience. The item arrived on time.,5.0,2025-08-15,Yes,Positive
CUST00884,61,New,Face Wash,Beauty,Good product and the delivery was quick. Order 6974.,5.0,2025-12-30,Yes,Positive
CUST00885,55,Loyal,Mixer Grinder,Home & Kitchen,The quality is acceptable for everyday use.,4.0,2025-10-31,No,Neutral
CUST00886,23,Loyal,Yoga Mat,Sports,I really liked this product. It works perfectly.,5.0,2026-07-19,Yes,Positive
CUST00887,43,Loyal,Cookies,Grocery,Amazing quality and value for money.,4.0,2025-01-08,Yes,Positive
CUST00888,23,Loyal,Jeans,Clothing,The item arrived on time and was as described.,3.0,2026-04-29,Yes,Neutral
CUST00889,25,New,Coffee Maker,Home & Kitchen,"It works properly, but nothing special. Really!!",3.0,2025-02-01,No,Neutral
CUST00890,44,New,Coffee,Grocery,Amazing quality and value for money.,5.0,2026-09-09,Yes,Positive
CUST00891,33,Returning,Programming Book,Books,Very happy with my purchase. Highly recommended!,4.0,2026-12-20,Yes,Positive
CUST00892,50,New,Cookware Set,Home & Kitchen,"It works properly, but nothing special. Really!!",4.0,2026-11-16,No,Neutral
CUST00893,64,Loyal,Green Tea,Grocery,GREAT EXPERIENCE. THE ITEM ARRIVED ON TIME.,4.0,2025-11-07,Yes,Positive
CUST00894,50,Returning,T-Shirt,Clothing,Very happy with my purchase. Highly recommended! Order 8871.,5.0,2025-10-30,Yes,Positive
CUST00895,24,New,Face Wash,Beauty,Very happy with my purchase. Highly recommended!,4.0,2026-04-07,No,Positive
CUST00896,51,New,Wireless Earbuds,Electronics,Good product and the delivery was quick. Order 4495.,5.0,2026-01-26,Yes,Positive
CUST00897,23,New,Yoga Mat,Sports,The item arrived late and the package was damaged.,1.0,2026-01-08,Yes,Negative
CUST00898,65,New,Yoga Mat,Sports,Very poor quality. The product stopped working quickly. Order 5746.,2.0,2025-10-04,No,Negative
CUST00899,59,New,Dry Fruits,Grocery,Good product and the delivery was quick. Order 1573.,5.0,2026-05-31,Yes,Positive
CUST00900,59,Loyal,Power Bank,Electronics,The product is okay and works as expected. Really!!,3.0,2025-11-13,Yes,Neutral
CUST00901,60,Loyal,Self Help Book,Books,I am disappointed with this purchase.,2.0,2026-07-04,No,Negative
CUST00902,38,Loyal,Cookbook,Books,NOT WORTH THE MONEY. THE QUALITY IS VERY POOR. ORDER 4823.,1.0,2025-10-25,Yes,Negative
CUST00903,26,New,Face Wash,Beauty,Great experience. The item arrived on time.,4.0,2025-04-30,No,Positive
CUST00904,33,New,Smart Watch,Electronics,Good product and the delivery was quick.,5.0,2025-09-12,Yes,Positive
CUST00905,45,Returning,Smart Watch,Electronics,The product does not work as expected.,2.0,2026-08-18,Yes,Negative
CUST00906,22,Loyal,Bluetooth Speaker,Electronics,Great experience. The item arrived on time.,4.0,2025-09-16,No,Positive
CUST00907,18,New,Mixer Grinder,Home & Kitchen,VERY HAPPY WITH MY PURCHASE. HIGHLY RECOMMENDED!,4.0,2026-01-09,Yes,Positive
CUST00908,39,Loyal,Moisturizer,Beauty,Good product and the delivery was quick.,4.0,2025-04-15,Yes,Positive
CUST00909,31,Returning,Sneakers,Clothing,Excellent product! Very good quality and fast delivery.,4.0,2026-02-14,Yes,Positive
CUST00910,51,New,Mixer Grinder,Home & Kitchen,Good product and the delivery was quick. Order 5155. Really!!,5.0,2025-08-19,Yes,Positive
CUST00911,20,Loyal,Water Bottle,Home & Kitchen,I really liked this product. It works perfectly. Order 7560.,4.0,2026-04-20,Yes,Positive
CUST00912,51,New,Power Bank,Electronics,The item arrived on time and was as described.,3.0,2026-12-12,Yes,Neutral
CUST00913,42,New,Sneakers,Clothing,Good product and the delivery was quick. Order 2906.,5.0,2026-03-24,No,Positive
CUST00914,25,Returning,Water Bottle,Home & Kitchen,I really liked this product. It works perfectly.,4.0,2026-11-09,Yes,Positive
CUST00915,19,Loyal,Moisturizer,Beauty,AVERAGE QUALITY. IT IS FINE FOR THE PRICE.,3.0,2025-02-24,Yes,Neutral
CUST00916,65,Loyal,Mixer Grinder,Home & Kitchen,Very happy with my purchase. Highly recommended! Order 6604.,4.0,2025-11-02,Yes,Positive
CUST00917,50,Returning,Jacket,Clothing,"The product is comfortable, useful, and well made.",5.0,2025-06-05,Yes,Positive
CUST00918,27,Returning,Hair Dryer,Beauty,The item arrived on time and was as described. Order 7855.,3.0,2025-04-12,Yes,Neutral
CUST00919,54,Returning,Coffee Maker,Home & Kitchen,Good product and the delivery was quick.,5.0,2025-03-01,Yes,Positive
CUST00920,54,New,Gym Gloves,Sports,The item arrived late and the package was damaged.,2.0,2025-10-13,No,Negative
CUST00921,44,Returning,Coffee Maker,Home & Kitchen,The product is okay and works as expected.,3.0,2026-04-01,Yes,Neutral
CUST00922,64,Loyal,Cricket Bat,Sports,GREAT EXPERIENCE. THE ITEM ARRIVED ON TIME.,4.0,2025-10-29,Yes,Positive
CUST00923,64,Loyal,Water Bottle,Home & Kitchen,AMAZING QUALITY AND VALUE FOR MONEY. ORDER 3552. REALLY!!,4.0,2025-06-21,Yes,Positive
CUST00924,42,Returning,Self Help Book,Books,"The product is comfortable, useful, and well made.",5.0,2026-07-13,Yes,Positive
CUST00925,26,New,Cricket Bat,Sports,VERY POOR QUALITY. THE PRODUCT STOPPED WORKING QUICKLY. ORDER 7805. REALLY!!,2.0,2025-08-01,No,Negative
CUST00926,26,Returning,Sneakers,Clothing,"THE PRODUCT IS COMFORTABLE, USEFUL, AND WELL MADE.",4.0,2025-09-27,Yes,Positive
CUST00927,40,New,Green Tea,Grocery,Very happy with my purchase. Highly recommended! Really!!,5.0,2026-02-23,Yes,Positive
CUST00928,65,Returning,Hair Dryer,Beauty,I REALLY LIKED THIS PRODUCT. IT WORKS PERFECTLY. REALLY!!,5.0,2026-09-15,Yes,Positive
CUST00929,63,Returning,Jeans,Clothing,Good product and the delivery was quick.,5.0,2025-05-13,Yes,Positive
CUST00930,50,New,Moisturizer,Beauty,GOOD PRODUCT AND THE DELIVERY WAS QUICK. REALLY!!,4.0,2026-02-24,Yes,Positive
CUST00931,27,Loyal,Self Help Book,Books,GREAT EXPERIENCE. THE ITEM ARRIVED ON TIME. ORDER 7213. REALLY!!,5.0,2025-02-14,Yes,Positive
CUST00932,62,Loyal,Self Help Book,Books,The product does not work as expected.,2.0,2026-05-18,Yes,Negative
CUST00933,19,Returning,Yoga Mat,Sports,"It works properly, but nothing special. Order 8795.",3.0,2026-06-15,Yes,Neutral
CUST00934,61,Returning,Smart Watch,Electronics,THE PRODUCT DOES NOT WORK AS EXPECTED. ORDER 8856.,2.0,2026-01-27,Yes,Negative
CUST00935,63,Loyal,Cookbook,Books,Very happy with my purchase. Highly recommended! Order 2629.,5.0,2026-08-20,Yes,Positive
CUST00936,22,Loyal,Moisturizer,Beauty,"It works properly, but nothing special.",3.0,2025-09-07,Yes,Neutral
CUST00937,42,New,Yoga Mat,Sports,I really liked this product. It works perfectly. Really!!,5.0,2025-01-16,Yes,Positive
CUST00938,51,Loyal,Moisturizer,Beauty,"THE PRODUCT IS COMFORTABLE, USEFUL, AND WELL MADE.",5.0,2026-07-22,Yes,Positive
CUST00939,29,New,Running Shoes,Sports,Excellent product! Very good quality and fast delivery. Really!!,4.0,2026-10-15,Yes,Positive
CUST00940,55,Returning,Shampoo,Beauty,I really liked this product. It works perfectly.,4.0,2025-09-15,Yes,Positive
CUST00941,30,Loyal,Hair Dryer,Beauty,"The product is comfortable, useful, and well made. Order 5861.",4.0,2026-08-24,Yes,Positive
CUST00942,60,New,Power Bank,Electronics,The product is okay and works as expected. Order 9176. Really!!,3.0,2025-04-13,Yes,Neutral
CUST00943,61,Loyal,Power Bank,Electronics,Average quality. It is fine for the price. Really!!,4.0,2026-12-01,Yes,Neutral
CUST00944,45,Returning,Cookies,Grocery,Great experience. The item arrived on time.,4.0,2026-04-09,Yes,Positive
CUST00945,22,Returning,Jeans,Clothing,I really liked this product. It works perfectly.,5.0,2026-05-17,Yes,Positive
CUST00946,26,Loyal,Power Bank,Electronics,Excellent product! Very good quality and fast delivery.,4.0,2026-11-09,Yes,Positive
CUST00947,58,Returning,Face Wash,Beauty,VERY HAPPY WITH MY PURCHASE. HIGHLY RECOMMENDED!,4.0,2026-10-09,Yes,Positive
CUST00948,48,Returning,Moisturizer,Beauty,Excellent product! Very good quality and fast delivery.,5.0,2026-11-15,Yes,Positive
CUST00949,33,Loyal,Cookies,Grocery,Amazing quality and value for money.,5.0,2026-09-13,No,Positive
CUST00950,23,New,Cookies,Grocery,I really liked this product. It works perfectly. Order 2614.,5.0,2026-05-12,Yes,Positive
CUST00951,50,New,Wireless Earbuds,Electronics,Good product and the delivery was quick.,4.0,2026-03-30,Yes,Positive
CUST00952,21,Loyal,Shampoo,Beauty,Bad experience. I would not recommend this product.,1.0,2025-02-26,Yes,Negative
CUST00953,36,New,T-Shirt,Clothing,Bad experience. I would not recommend this product.,2.0,2026-06-16,Yes,Negative
CUST00954,38,Returning,Cookbook,Books,"The product is comfortable, useful, and well made.",5.0,2026-12-07,Yes,Positive
CUST00955,27,Loyal,Jacket,Clothing,The quality is acceptable for everyday use.,4.0,2026-07-20,Yes,Neutral
CUST00956,52,Loyal,Programming Book,Books,The product is okay and works as expected.,3.0,2025-02-22,No,Neutral
CUST00957,51,New,Bluetooth Speaker,Electronics,THE QUALITY IS ACCEPTABLE FOR EVERYDAY USE.,3.0,2026-02-17,Yes,Neutral
CUST00958,30,Loyal,Smart Watch,Electronics,GREAT EXPERIENCE. THE ITEM ARRIVED ON TIME.,4.0,2026-08-31,No,Positive
CUST00959,38,Returning,Face Wash,Beauty,Average quality. It is fine for the price.,4.0,2026-01-29,Yes,Neutral
CUST00960,51,Returning,Self Help Book,Books,Excellent product! Very good quality and fast delivery.,5.0,2025-12-17,Yes,Positive
CUST00961,62,Loyal,Cookbook,Books,The quality is acceptable for everyday use.,3.0,2025-04-03,No,Neutral
CUST00962,61,Loyal,Water Bottle,Home & Kitchen,Excellent product! Very good quality and fast delivery.,5.0,2025-09-10,Yes,Positive
CUST00963,37,New,Mixer Grinder,Home & Kitchen,"It works properly, but nothing special.",4.0,2025-03-09,Yes,Neutral
CUST00964,65,New,Dry Fruits,Grocery,Very happy with my purchase. Highly recommended!,5.0,2026-02-06,No,Positive
CUST00965,48,Returning,Mixer Grinder,Home & Kitchen,I really liked this product. It works perfectly.,5.0,2025-08-17,Yes,Positive
CUST00966,59,Loyal,Face Wash,Beauty,Excellent product! Very good quality and fast delivery. Order 5649.,4.0,2025-08-05,Yes,Positive
CUST00967,59,New,Cookware Set,Home & Kitchen,Excellent product! Very good quality and fast delivery. Order 5370.,4.0,2025-04-17,Yes,Positive
CUST00968,54,Loyal,Mixer Grinder,Home & Kitchen,VERY HAPPY WITH MY PURCHASE. HIGHLY RECOMMENDED!,4.0,2026-12-31,Yes,Positive
CUST00969,51,New,Jeans,Clothing,The product does not work as expected. Order 7336. Really!!,1.0,2025-04-30,Yes,Negative
CUST00970,27,New,Green Tea,Grocery,Good product and the delivery was quick.,5.0,2025-05-14,Yes,Positive
CUST00971,31,Returning,Dry Fruits,Grocery,"Product is decent, but there is room for improvement. Order 5781.",4.0,2026-01-04,Yes,Neutral
CUST00972,50,New,Sneakers,Clothing,"The product is comfortable, useful, and well made.",4.0,2025-12-21,Yes,Positive
CUST00973,59,Loyal,Gym Gloves,Sports,The quality is acceptable for everyday use.,4.0,2026-06-29,Yes,Neutral
CUST00974,58,New,Shampoo,Beauty,The item arrived late and the package was damaged.,1.0,2025-09-16,Yes,Negative
CUST00975,44,New,Coffee Maker,Home & Kitchen,THE ITEM ARRIVED LATE AND THE PACKAGE WAS DAMAGED.,2.0,2025-01-13,No,Negative
CUST00976,38,Returning,Novel,Books,Very happy with my purchase. Highly recommended!,4.0,2025-12-13,Yes,Positive
CUST00977,42,Returning,Coffee Maker,Home & Kitchen,"Product is decent, but there is room for improvement. Order 9733.",3.0,2025-08-03,Yes,Neutral
CUST00978,22,New,Coffee Maker,Home & Kitchen,I REALLY LIKED THIS PRODUCT. IT WORKS PERFECTLY.,5.0,2026-05-21,Yes,Positive
CUST00979,53,New,Bluetooth Speaker,Electronics,GOOD PRODUCT AND THE DELIVERY WAS QUICK.,5.0,2025-12-15,Yes,Positive
CUST00980,59,Loyal,Hair Dryer,Beauty,Bad experience. I would not recommend this product. Order 4081.,2.0,2025-04-24,Yes,Negative
CUST00981,23,Returning,Cricket Bat,Sports,I really liked this product. It works perfectly.,4.0,2025-10-31,Yes,Positive
CUST00982,49,Returning,Running Shoes,Sports,Excellent product! Very good quality and fast delivery.,5.0,2026-01-31,No,Positive
CUST00983,41,New,Bluetooth Speaker,Electronics,Very happy with my purchase. Highly recommended!,5.0,2025-12-03,No,Positive
CUST00984,34,Returning,Cookware Set,Home & Kitchen,Very happy with my purchase. Highly recommended! Order 4925.,4.0,2025-09-20,Yes,Positive
CUST00985,49,New,Running Shoes,Sports,Very poor quality. The product stopped working quickly.,1.0,2025-03-11,Yes,Negative
CUST00986,53,New,Mixer Grinder,Home & Kitchen,"It works properly, but nothing special.",3.0,2025-06-30,Yes,Neutral
CUST00987,26,Loyal,Hair Dryer,Beauty,Amazing quality and value for money.,4.0,2026-10-24,No,Positive
CUST00988,19,Returning,T-Shirt,Clothing,THE ITEM ARRIVED ON TIME AND WAS AS DESCRIBED. ORDER 6783. REALLY!!,3.0,2025-04-16,Yes,Neutral
CUST00989,44,Returning,Mixer Grinder,Home & Kitchen,Average quality. It is fine for the price. Order 3567.,4.0,2025-02-18,Yes,Neutral
CUST00990,27,Returning,Cookware Set,Home & Kitchen,Very poor quality. The product stopped working quickly. Really!!,1.0,2025-08-01,No,Negative
CUST00991,21,Loyal,Coffee Maker,Home & Kitchen,VERY POOR QUALITY. THE PRODUCT STOPPED WORKING QUICKLY.,2.0,2026-12-24,Yes,Negative
CUST00992,53,New,Bluetooth Speaker,Electronics,VERY HAPPY WITH MY PURCHASE. HIGHLY RECOMMENDED! ORDER 5233. REALLY!!,4.0,2025-08-18,Yes,Positive
CUST00993,20,Returning,Gym Gloves,Sports,"Product is decent, but there is room for improvement. Really!!",3.0,2026-08-29,Yes,Neutral
CUST00994,45,Returning,Coffee Maker,Home & Kitchen,Good product and the delivery was quick. Order 7412.,4.0,2026-01-24,No,Positive
CUST00995,37,Returning,Cookbook,Books,Excellent product! Very good quality and fast delivery.,4.0,2025-04-22,Yes,Positive
CUST00996,33,Loyal,Self Help Book,Books,"The product is comfortable, useful, and well made. Order 7324. Really!!",5.0,2025-09-10,Yes,Positive
CUST00997,53,New,Sneakers,Clothing,GOOD PRODUCT AND THE DELIVERY WAS QUICK.,4.0,2025-11-20,Yes,Positive
CUST00998,39,New,Cookies,Grocery,"The product is comfortable, useful, and well made.",5.0,2026-03-22,Yes,Positive
CUST00999,62,Returning,Bluetooth Speaker,Electronics,Amazing quality and value for money.,5.0,2025-06-01,Yes,Positive
CUST01000,53,Loyal,Gym Gloves,Sports,Amazing quality and value for money. Order 6486. Really!!,5.0,2025-08-27,Yes,Positive
CUST01001,38,New,Cookware Set,Home & Kitchen,Amazing quality and value for money.,4.0,2026-08-17,No,Positive
CUST01002,55,Loyal,T-Shirt,Clothing,VERY POOR QUALITY. THE PRODUCT STOPPED WORKING QUICKLY.,1.0,2026-11-14,Yes,Negative
CUST01003,51,New,Running Shoes,Sports,Great experience. The item arrived on time.,5.0,2026-03-22,Yes,Positive
CUST01004,29,Returning,Face Wash,Beauty,GREAT EXPERIENCE. THE ITEM ARRIVED ON TIME.,4.0,2026-07-23,Yes,Positive
CUST01005,26,Returning,Cookware Set,Home & Kitchen,Not worth the money. The quality is very poor.,1.0,2025-10-31,Yes,Negative
CUST01006,40,Loyal,Green Tea,Grocery,Great experience. The item arrived on time.,4.0,2026-04-19,Yes,Positive
CUST01007,46,New,Jeans,Clothing,Very poor quality. The product stopped working quickly.,1.0,2026-04-13,Yes,Negative
CUST01008,47,Returning,Moisturizer,Beauty,"It works properly, but nothing special.",3.0,2026-04-19,Yes,Neutral
CUST01009,48,Returning,Jeans,Clothing,VERY POOR QUALITY. THE PRODUCT STOPPED WORKING QUICKLY.,1.0,2025-12-28,Yes,Negative
CUST01010,30,Returning,Water Bottle,Home & Kitchen,Average quality. It is fine for the price. Order 2620.,3.0,2026-05-17,Yes,Neutral
CUST01011,35,New,Cookbook,Books,Very happy with my purchase. Highly recommended!,5.0,2025-08-25,Yes,Positive
CUST01012,56,New,Smart Watch,Electronics,The product does not work as expected.,2.0,2025-10-17,Yes,Negative
CUST01013,62,New,Sneakers,Clothing,Great experience. The item arrived on time.,5.0,2026-01-10,Yes,Positive
CUST01014,38,Returning,Dry Fruits,Grocery,Very poor quality. The product stopped working quickly.,2.0,2025-04-25,Yes,Negative
CUST01015,21,New,Power Bank,Electronics,The item arrived on time and was as described.,3.0,2025-03-05,Yes,Neutral
CUST01016,59,Loyal,Self Help Book,Books,Amazing quality and value for money.,4.0,2025-06-27,No,Positive
CUST01017,24,New,Wireless Earbuds,Electronics,I really liked this product. It works perfectly. Order 2217.,4.0,2025-12-19,Yes,Positive
CUST01018,56,Returning,Cricket Bat,Sports,I really liked this product. It works perfectly.,5.0,2026-06-02,Yes,Positive
CUST01019,61,Loyal,T-Shirt,Clothing,AMAZING QUALITY AND VALUE FOR MONEY.,4.0,2026-04-15,No,Positive
CUST01020,19,Loyal,Hair Dryer,Beauty,Good product and the delivery was quick.,5.0,2026-02-18,Yes,Positive
CUST01021,30,Loyal,Shampoo,Beauty,Great experience. The item arrived on time. Really!!,5.0,2025-08-12,Yes,Positive
CUST01022,31,New,Green Tea,Grocery,I really liked this product. It works perfectly. Really!!,5.0,2025-01-03,No,Positive
CUST01023,28,Loyal,Yoga Mat,Sports,Amazing quality and value for money.,5.0,2025-05-22,Yes,Positive
CUST01024,34,Returning,Self Help Book,Books,EXCELLENT PRODUCT! VERY GOOD QUALITY AND FAST DELIVERY.,4.0,2026-09-08,Yes,Positive
CUST01025,27,Returning,Gym Gloves,Sports,"The product is comfortable, useful, and well made. Order 4427.",4.0,2026-09-14,Yes,Positive
CUST01026,61,Returning,Mixer Grinder,Home & Kitchen,Excellent product! Very good quality and fast delivery. Really!!,4.0,2025-10-02,Yes,Positive
CUST01027,29,Loyal,Novel,Books,"It works properly, but nothing special.",4.0,2025-09-02,Yes,Neutral
CUST01028,21,Returning,Moisturizer,Beauty,The quality is acceptable for everyday use.,3.0,2026-09-26,Yes,Neutral
CUST01029,26,Loyal,Bluetooth Speaker,Electronics,Very happy with my purchase. Highly recommended! Order 5925.,4.0,2026-01-28,No,Positive
CUST01030,56,Loyal,Gym Gloves,Sports,I AM DISAPPOINTED WITH THIS PURCHASE.,2.0,2026-05-13,No,Negative
CUST01031,53,New,Novel,Books,Good product and the delivery was quick.,4.0,2026-03-04,Yes,Positive
CUST01032,49,New,Mixer Grinder,Home & Kitchen,EXCELLENT PRODUCT! VERY GOOD QUALITY AND FAST DELIVERY.,5.0,2026-10-11,Yes,Positive
CUST01033,22,Loyal,Moisturizer,Beauty,"It works properly, but nothing special.",3.0,2026-11-07,Yes,Neutral
CUST01034,24,Returning,Mixer Grinder,Home & Kitchen,"Product is decent, but there is room for improvement.",3.0,2026-12-09,Yes,Neutral
CUST01035,42,Loyal,Green Tea,Grocery,"The product is comfortable, useful, and well made. Order 2562.",5.0,2025-08-16,Yes,Positive
CUST01036,35,Returning,Hair Dryer,Beauty,"It works properly, but nothing special. Really!!",3.0,2025-01-16,Yes,Neutral
CUST01037,63,New,Yoga Mat,Sports,Great experience. The item arrived on time. Really!!,5.0,2026-02-04,Yes,Positive
CUST01038,18,New,Coffee,Grocery,The item arrived on time and was as described.,4.0,2026-10-02,Yes,Neutral
CUST01039,64,Loyal,Green Tea,Grocery,VERY HAPPY WITH MY PURCHASE. HIGHLY RECOMMENDED!,5.0,2025-05-29,Yes,Positive
CUST01040,43,Returning,Programming Book,Books,"It works properly, but nothing special. Order 5964.",4.0,2026-05-04,Yes,Neutral
CUST01041,36,Returning,Sneakers,Clothing,Great experience. The item arrived on time. Really!!,4.0,2026-12-07,Yes,Positive
CUST01042,51,Returning,Bluetooth Speaker,Electronics,Very happy with my purchase. Highly recommended!,5.0,2026-12-27,No,Positive
CUST01043,29,Returning,Cookies,Grocery,Good product and the delivery was quick.,5.0,2026-02-15,Yes,Positive
CUST01044,53,New,Cricket Bat,Sports,"It works properly, but nothing special.",3.0,2026-04-07,Yes,Neutral
CUST01045,37,Loyal,Face Wash,Beauty,The product is okay and works as expected.,4.0,2026-04-09,Yes,Neutral
CUST01046,57,New,Yoga Mat,Sports,The product is okay and works as expected. Order 5090.,3.0,2026-03-17,Yes,Neutral
CUST01047,50,New,Moisturizer,Beauty,Very happy with my purchase. Highly recommended!,5.0,2025-05-08,No,Positive
CUST01048,34,New,Gym Gloves,Sports,I am disappointed with this purchase.,2.0,2025-10-07,Yes,Negative
CUST01049,64,Returning,Jeans,Clothing,Great experience. The item arrived on time. Really!!,5.0,2025-06-28,Yes,Positive
CUST01050,58,Loyal,Coffee,Grocery,Very happy with my purchase. Highly recommended!,4.0,2025-12-04,Yes,Positive
CUST01051,63,New,Green Tea,Grocery,I really liked this product. It works perfectly. Order 4611.,5.0,2025-03-16,Yes,Positive
CUST01052,48,Loyal,Cricket Bat,Sports,Very poor quality. The product stopped working quickly. Really!!,2.0,2026-06-15,Yes,Negative
CUST01053,64,Returning,Cookware Set,Home & Kitchen,"Product is decent, but there is room for improvement.",4.0,2025-09-13,Yes,Neutral
CUST01054,34,Returning,Hair Dryer,Beauty,Amazing quality and value for money.,4.0,2026-04-30,Yes,Positive
CUST01055,26,Returning,Coffee,Grocery,"Product is decent, but there is room for improvement. Order 4055.",4.0,2025-03-24,Yes,Neutral
CUST01056,48,Loyal,Sneakers,Clothing,The item arrived on time and was as described.,3.0,2025-09-03,Yes,Neutral
CUST01057,51,Loyal,Moisturizer,Beauty,"THE PRODUCT IS COMFORTABLE, USEFUL, AND WELL MADE. REALLY!!",5.0,2025-12-27,Yes,Positive
CUST01058,50,Returning,Sneakers,Clothing,The quality is acceptable for everyday use.,3.0,2026-08-18,No,Neutral
CUST01059,63,Returning,Bluetooth Speaker,Electronics,"The product is comfortable, useful, and well made.",4.0,2025-11-24,Yes,Positive
CUST01060,22,Loyal,Yoga Mat,Sports,Good product and the delivery was quick. Order 8899.,5.0,2025-10-03,Yes,Positive
CUST01061,25,Loyal,Jacket,Clothing,Good product and the delivery was quick. Order 6025.,5.0,2025-06-22,Yes,Positive
CUST01062,23,Returning,Gym Gloves,Sports,"It works properly, but nothing special.",3.0,2026-03-15,Yes,Neutral
CUST01063,41,Loyal,Moisturizer,Beauty,THE ITEM ARRIVED ON TIME AND WAS AS DESCRIBED.,3.0,2025-05-22,Yes,Neutral
CUST01064,49,New,Dry Fruits,Grocery,Excellent product! Very good quality and fast delivery.,5.0,2025-06-29,Yes,Positive
CUST01065,25,New,Dry Fruits,Grocery,The product is okay and works as expected.,4.0,2025-11-09,Yes,Neutral
CUST01066,34,New,Bluetooth Speaker,Electronics,Great experience. The item arrived on time.,5.0,2025-08-10,Yes,Positive
CUST01067,38,Loyal,Water Bottle,Home & Kitchen,"The product is comfortable, useful, and well made.",5.0,2026-04-09,No,Positive
CUST01068,24,Returning,Hair Dryer,Beauty,"It works properly, but nothing special. Order 2217.",4.0,2025-07-03,Yes,Neutral
CUST01069,48,Loyal,Cookbook,Books,Very happy with my purchase. Highly recommended!,5.0,2026-03-14,No,Positive
CUST01070,42,New,Water Bottle,Home & Kitchen,The product does not work as expected.,2.0,2025-10-22,Yes,Negative
CUST01071,52,New,Novel,Books,Very happy with my purchase. Highly recommended!,5.0,2026-09-03,Yes,Positive
CUST01072,32,New,Smart Watch,Electronics,"PRODUCT IS DECENT, BUT THERE IS ROOM FOR IMPROVEMENT.",4.0,2026-07-30,No,Neutral
CUST01073,24,Returning,Cricket Bat,Sports,Amazing quality and value for money. Order 2484.,4.0,2025-04-14,Yes,Positive
CUST01074,52,Loyal,Dry Fruits,Grocery,Great experience. The item arrived on time.,5.0,2025-02-05,Yes,Positive
CUST01075,38,Loyal,Hair Dryer,Beauty,GOOD PRODUCT AND THE DELIVERY WAS QUICK.,5.0,2025-06-30,No,Positive
CUST01076,65,New,Coffee Maker,Home & Kitchen,The item arrived on time and was as described.,4.0,2025-06-18,Yes,Neutral
CUST01077,47,New,Green Tea,Grocery,"It works properly, but nothing special.",4.0,2026-04-16,Yes,Neutral
CUST01078,46,New,Coffee Maker,Home & Kitchen,Very happy with my purchase. Highly recommended! Really!!,4.0,2025-01-02,Yes,Positive
CUST01079,52,Returning,Coffee Maker,Home & Kitchen,"It works properly, but nothing special.",3.0,2026-03-04,Yes,Neutral
CUST01080,53,Loyal,Shampoo,Beauty,Excellent product! Very good quality and fast delivery. Order 6510.,4.0,2025-06-08,Yes,Positive
CUST01081,61,Returning,Smart Watch,Electronics,The item arrived on time and was as described. Really!!,4.0,2026-06-05,Yes,Neutral
CUST01082,50,New,Coffee,Grocery,The quality is acceptable for everyday use. Order 9950. Really!!,4.0,2026-10-13,No,Neutral
CUST01083,44,Returning,Programming Book,Books,Great experience. The item arrived on time. Really!!,5.0,2026-03-18,Yes,Positive
CUST01084,65,Returning,Cookbook,Books,I am disappointed with this purchase. Really!!,2.0,2026-11-26,No,Negative
CUST01085,31,Returning,Moisturizer,Beauty,The product does not work as expected.,2.0,2025-09-24,Yes,Negative
CUST01086,45,Returning,Smart Watch,Electronics,Not worth the money. The quality is very poor.,2.0,2025-09-28,No,Negative
CUST01087,61,Loyal,Bluetooth Speaker,Electronics,The item arrived late and the package was damaged. Really!!,2.0,2026-06-09,Yes,Negative
CUST01088,51,New,Cookware Set,Home & Kitchen,Very poor quality. The product stopped working quickly. Really!!,2.0,2025-02-02,Yes,Negative
CUST01089,43,Returning,Face Wash,Beauty,The product is okay and works as expected.,3.0,2026-02-20,Yes,Neutral
CUST01090,64,Loyal,T-Shirt,Clothing,AVERAGE QUALITY. IT IS FINE FOR THE PRICE.,3.0,2025-02-19,No,Neutral
CUST01091,53,New,Smart Watch,Electronics,The quality is acceptable for everyday use.,4.0,2025-01-16,Yes,Neutral
CUST01092,31,New,Hair Dryer,Beauty,Bad experience. I would not recommend this product.,1.0,2026-06-21,Yes,Negative
CUST01093,36,Loyal,Programming Book,Books,Average quality. It is fine for the price. Really!!,4.0,2026-05-03,Yes,Neutral
CUST01094,45,Loyal,Face Wash,Beauty,I really liked this product. It works perfectly.,4.0,2025-01-06,Yes,Positive
CUST01095,29,Returning,Face Wash,Beauty,AMAZING QUALITY AND VALUE FOR MONEY.,5.0,2026-06-06,Yes,Positive
CUST01096,49,Loyal,Face Wash,Beauty,The product does not work as expected. Order 3415. Really!!,2.0,2025-08-19,Yes,Negative
CUST01097,61,New,Power Bank,Electronics,"Product is decent, but there is room for improvement. Order 3633.",4.0,2025-08-29,No,Neutral
CUST01098,56,New,Wireless Earbuds,Electronics,Great experience. The item arrived on time. Really!!,4.0,2025-07-12,Yes,Positive
CUST01099,23,Loyal,Moisturizer,Beauty,Not worth the money. The quality is very poor.,1.0,2026-07-04,Yes,Negative
CUST01100,21,New,Coffee Maker,Home & Kitchen,"It works properly, but nothing special.",3.0,2025-05-03,Yes,Neutral
CUST01101,43,Loyal,Coffee Maker,Home & Kitchen,The item arrived on time and was as described.,3.0,2026-12-02,Yes,Neutral
CUST01102,63,New,Cookware Set,Home & Kitchen,The quality is acceptable for everyday use.,3.0,2026-06-21,Yes,Neutral
CUST01103,30,Returning,T-Shirt,Clothing,The item arrived on time and was as described.,4.0,2026-09-06,Yes,Neutral
CUST01104,64,New,Self Help Book,Books,GOOD PRODUCT AND THE DELIVERY WAS QUICK. REALLY!!,4.0,2026-06-15,Yes,Positive
CUST01105,34,Returning,Coffee Maker,Home & Kitchen,The quality is acceptable for everyday use. Really!!,4.0,2026-03-08,Yes,Neutral
CUST01106,25,Returning,Power Bank,Electronics,AMAZING QUALITY AND VALUE FOR MONEY.,4.0,2026-07-08,Yes,Positive
CUST01107,51,New,Water Bottle,Home & Kitchen,Amazing quality and value for money. Order 7867.,4.0,2026-05-03,Yes,Positive
CUST01108,38,New,Smart Watch,Electronics,"PRODUCT IS DECENT, BUT THERE IS ROOM FOR IMPROVEMENT. ORDER 2592.",4.0,2026-07-21,Yes,Neutral
CUST01109,50,New,Coffee,Grocery,Great experience. The item arrived on time. Order 2561. Really!!,4.0,2025-01-09,Yes,Positive
CUST01110,38,Returning,Shampoo,Beauty,Average quality. It is fine for the price.,3.0,2025-04-09,Yes,Neutral
CUST01111,46,Returning,Cookies,Grocery,Good product and the delivery was quick. Really!!,5.0,2025-01-21,Yes,Positive
CUST01112,37,New,Face Wash,Beauty,Excellent product! Very good quality and fast delivery.,4.0,2025-11-10,Yes,Positive
CUST01113,40,Loyal,Moisturizer,Beauty,Very poor quality. The product stopped working quickly. Really!!,1.0,2026-02-27,Yes,Negative
CUST01114,52,Loyal,Shampoo,Beauty,"The product is comfortable, useful, and well made.",5.0,2026-02-19,Yes,Positive
CUST01115,49,Returning,Cookbook,Books,Excellent product! Very good quality and fast delivery.,5.0,2025-05-22,Yes,Positive
CUST01116,65,Returning,Self Help Book,Books,Very happy with my purchase. Highly recommended!,5.0,2026-06-27,Yes,Positive
CUST01117,55,Loyal,Power Bank,Electronics,Very poor quality. The product stopped working quickly. Order 4123.,1.0,2026-04-23,Yes,Negative
CUST01118,47,Returning,Cookbook,Books,THE ITEM ARRIVED ON TIME AND WAS AS DESCRIBED.,4.0,2026-07-02,Yes,Neutral
CUST01119,48,Returning,Jeans,Clothing,Excellent product! Very good quality and fast delivery.,4.0,2026-07-13,Yes,Positive
CUST01120,45,Returning,Wireless Earbuds,Electronics,The item arrived on time and was as described. Order 2636.,4.0,2026-02-23,Yes,Neutral
CUST01121,29,,Self Help Book,Books,Very happy with my purchase. Highly recommended!,5.0,2025-06-23,Yes,Positive
CUST01122,48,New,Self Help Book,Books,Good product and the delivery was quick.,4.0,2025-02-16,Yes,Positive
CUST01123,58,Loyal,T-Shirt,Clothing,Excellent product! Very good quality and fast delivery.,5.0,2026-11-21,No,Positive
CUST01124,32,Returning,Gym Gloves,Sports,Great experience. The item arrived on time.,4.0,2025-01-26,Yes,Positive
CUST01125,65,Returning,Power Bank,Electronics,I am disappointed with this purchase. Order 3765.,1.0,2025-04-28,Yes,Negative
CUST01126,37,Loyal,Hair Dryer,Beauty,Excellent product! Very good quality and fast delivery. Order 4667.,4.0,2026-10-09,Yes,Positive
CUST01127,62,Returning,Self Help Book,Books,Good product and the delivery was quick. Order 3800.,5.0,2025-09-13,No,Positive
CUST01128,29,Loyal,Gym Gloves,Sports,I really liked this product. It works perfectly. Really!!,5.0,2025-08-05,Yes,Positive
CUST01129,63,Returning,Cookware Set,Home & Kitchen,Amazing quality and value for money. Order 2734. Really!!,4.0,2026-05-03,Yes,Positive
CUST01130,31,New,Self Help Book,Books,Excellent product! Very good quality and fast delivery.,5.0,2025-03-23,Yes,Positive
CUST01131,44,New,Cricket Bat,Sports,Good product and the delivery was quick.,5.0,2025-10-16,Yes,Positive
CUST01132,30,Loyal,Power Bank,Electronics,Good product and the delivery was quick. Really!!,4.0,2026-06-13,Yes,Positive
CUST01133,61,Loyal,Coffee Maker,Home & Kitchen,Very happy with my purchase. Highly recommended! Order 9031.,5.0,2025-06-18,Yes,Positive
CUST01134,47,Returning,Wireless Earbuds,Electronics,I really liked this product. It works perfectly.,4.0,2026-06-15,Yes,Positive
CUST01135,24,New,Mixer Grinder,Home & Kitchen,"It works properly, but nothing special.",4.0,2026-07-03,Yes,Neutral
CUST01136,52,Returning,Cookies,Grocery,Amazing quality and value for money.,5.0,2025-05-23,No,Positive
CUST01137,42,Returning,Water Bottle,Home & Kitchen,Very happy with my purchase. Highly recommended! Order 5001.,4.0,2026-05-21,Yes,Positive
CUST01138,28,New,Yoga Mat,Sports,Good product and the delivery was quick.,5.0,2025-04-16,Yes,Positive
CUST01139,65,Loyal,Cookbook,Books,Great experience. The item arrived on time. Order 6892. Really!!,5.0,2026-05-10,No,Positive
CUST01140,42,Loyal,Cookware Set,Home & Kitchen,Very happy with my purchase. Highly recommended! Order 6541.,5.0,2026-03-15,Yes,Positive
CUST01141,21,Returning,Face Wash,Beauty,The product does not work as expected.,2.0,2026-08-15,Yes,Negative
CUST01142,38,Loyal,Programming Book,Books,Excellent product! Very good quality and fast delivery.,4.0,2026-05-13,Yes,Positive
CUST01143,22,Returning,Smart Watch,Electronics,BAD EXPERIENCE. I WOULD NOT RECOMMEND THIS PRODUCT.,2.0,2026-08-15,Yes,Negative
CUST01144,28,New,Self Help Book,Books,I am disappointed with this purchase.,1.0,2026-12-16,Yes,Negative
CUST01145,42,New,Smart Watch,Electronics,"Product is decent, but there is room for improvement.",4.0,2026-04-21,No,Neutral
CUST01146,33,Loyal,T-Shirt,Clothing,I really liked this product. It works perfectly.,5.0,2025-05-15,Yes,Positive
CUST01147,35,New,Moisturizer,Beauty,THE PRODUCT DOES NOT WORK AS EXPECTED. ORDER 7764.,1.0,2025-10-21,Yes,Negative
CUST01148,62,Returning,Running Shoes,Sports,Very happy with my purchase. Highly recommended!,5.0,2026-11-01,No,Positive
CUST01149,41,Loyal,Wireless Earbuds,Electronics,VERY HAPPY WITH MY PURCHASE. HIGHLY RECOMMENDED! ORDER 3377.,4.0,2025-06-29,Yes,Positive
CUST01150,30,Returning,Cookies,Grocery,"It works properly, but nothing special. Order 3407.",3.0,2025-10-08,No,Neutral
CUST01151,32,Returning,Shampoo,Beauty,NOT WORTH THE MONEY. THE QUALITY IS VERY POOR. REALLY!!,2.0,2025-01-30,Yes,Negative
CUST01152,52,Loyal,Power Bank,Electronics,Good product and the delivery was quick. Really!!,5.0,2026-03-21,Yes,Positive
CUST01153,65,Returning,Self Help Book,Books,AMAZING QUALITY AND VALUE FOR MONEY.,5.0,2026-02-20,Yes,Positive
CUST01154,52,Returning,Cookware Set,Home & Kitchen,Excellent product! Very good quality and fast delivery.,4.0,2025-08-23,No,Positive
CUST01155,18,Loyal,Mixer Grinder,Home & Kitchen,VERY HAPPY WITH MY PURCHASE. HIGHLY RECOMMENDED! REALLY!!,5.0,2026-07-08,Yes,Positive
CUST01156,47,Returning,Water Bottle,Home & Kitchen,I am disappointed with this purchase.,2.0,2026-11-09,Yes,Negative
CUST01157,63,Loyal,Hair Dryer,Beauty,Great experience. The item arrived on time.,5.0,2025-11-30,Yes,Positive
CUST01158,21,Loyal,Dry Fruits,Grocery,The product is okay and works as expected.,4.0,2025-07-05,No,Neutral
CUST01159,32,New,Dry Fruits,Grocery,"It works properly, but nothing special. Order 1782.",3.0,2026-10-08,Yes,Neutral
CUST01160,60,Loyal,Dry Fruits,Grocery,VERY POOR QUALITY. THE PRODUCT STOPPED WORKING QUICKLY.,2.0,2025-03-03,Yes,Negative
CUST01161,46,Returning,Yoga Mat,Sports,Very happy with my purchase. Highly recommended! Order 7321.,4.0,2026-07-13,No,Positive
CUST01162,18,Loyal,T-Shirt,Clothing,Very happy with my purchase. Highly recommended!,5.0,2025-04-07,No,Positive
CUST01163,45,Returning,Cookbook,Books,Great experience. The item arrived on time. Order 7866.,4.0,2026-05-27,Yes,Positive
CUST01164,56,New,Wireless Earbuds,Electronics,"The product is comfortable, useful, and well made.",5.0,2026-11-08,Yes,Positive
CUST01165,27,Returning,Cookies,Grocery,Excellent product! Very good quality and fast delivery. Order 2500.,5.0,2026-04-26,No,Positive
CUST01166,54,Loyal,Cookbook,Books,Excellent product! Very good quality and fast delivery. Really!!,4.0,2026-05-13,Yes,Positive
CUST01167,51,Returning,Jacket,Clothing,"The product is comfortable, useful, and well made. Order 4871.",5.0,2026-02-08,Yes,Positive
CUST01168,26,New,Dry Fruits,Grocery,Great experience. The item arrived on time. Order 1986. Really!!,5.0,2025-02-05,Yes,Positive
CUST01169,31,Returning,Bluetooth Speaker,Electronics,The item arrived on time and was as described.,4.0,2026-03-27,Yes,Neutral
CUST01170,37,Returning,Programming Book,Books,Bad experience. I would not recommend this product.,2.0,2025-01-31,Yes,Negative
CUST01171,50,Loyal,Mixer Grinder,Home & Kitchen,Amazing quality and value for money. Really!!,5.0,2025-05-20,Yes,Positive
CUST01172,64,Loyal,Face Wash,Beauty,Not worth the money. The quality is very poor.,1.0,2025-03-01,Yes,Negative
CUST01173,39,Returning,Self Help Book,Books,The product does not work as expected.,1.0,2025-11-27,Yes,Negative
CUST01174,49,Returning,Jacket,Clothing,The quality is acceptable for everyday use.,4.0,2025-05-31,Yes,Neutral
CUST01175,58,New,Cookies,Grocery,"THE PRODUCT IS COMFORTABLE, USEFUL, AND WELL MADE. ORDER 9737. REALLY!!",4.0,2025-10-26,Yes,Positive
CUST01176,65,Loyal,Bluetooth Speaker,Electronics,Great experience. The item arrived on time. Order 9142. Really!!,5.0,2025-04-20,No,Positive
CUST01177,32,New,Cookies,Grocery,The quality is acceptable for everyday use. Really!!,4.0,2025-07-02,No,Neutral
CUST01178,64,Returning,Cricket Bat,Sports,Average quality. It is fine for the price.,3.0,2026-02-19,No,Neutral
CUST01179,39,Loyal,Novel,Books,The quality is acceptable for everyday use.,4.0,2026-09-26,Yes,Neutral
CUST01180,28,New,Shampoo,Beauty,Very happy with my purchase. Highly recommended! Really!!,4.0,2025-01-24,No,Positive
CUST01181,23,Loyal,Gym Gloves,Sports,Good product and the delivery was quick.,4.0,2025-12-15,Yes,Positive
CUST01182,44,New,Coffee,Grocery,GOOD PRODUCT AND THE DELIVERY WAS QUICK. ORDER 2361.,4.0,2025-06-25,Yes,Positive
CUST01183,45,Loyal,Green Tea,Grocery,GREAT EXPERIENCE. THE ITEM ARRIVED ON TIME.,5.0,2026-03-18,Yes,Positive
CUST01184,46,Loyal,Wireless Earbuds,Electronics,The product does not work as expected.,1.0,2026-12-08,Yes,Negative
CUST01185,26,Loyal,Self Help Book,Books,AMAZING QUALITY AND VALUE FOR MONEY.,4.0,2026-12-18,Yes,Positive
CUST01186,58,New,Mixer Grinder,Home & Kitchen,Good product and the delivery was quick.,4.0,2025-10-22,Yes,Positive
CUST01187,25,New,Programming Book,Books,Very poor quality. The product stopped working quickly.,1.0,2026-05-07,Yes,Negative
CUST01188,47,Loyal,Programming Book,Books,Very happy with my purchase. Highly recommended!,5.0,2025-01-13,Yes,Positive
CUST01189,63,Returning,Cookware Set,Home & Kitchen,The item arrived on time and was as described.,3.0,2025-10-29,No,Neutral
CUST01190,38,Returning,Self Help Book,Books,I really liked this product. It works perfectly. Order 5145.,4.0,2026-10-25,Yes,Positive
CUST01191,31,New,Jeans,Clothing,Excellent product! Very good quality and fast delivery. Order 8681.,5.0,2026-07-15,Yes,Positive
CUST01192,57,New,Jeans,Clothing,"It works properly, but nothing special.",3.0,2025-02-04,Yes,Neutral
CUST01193,54,New,Coffee,Grocery,Good product and the delivery was quick.,4.0,2026-09-02,Yes,Positive
CUST01194,65,New,Power Bank,Electronics,Amazing quality and value for money. Really!!,5.0,2025-11-13,Yes,Positive
CUST01195,27,Returning,Coffee Maker,Home & Kitchen,I really liked this product. It works perfectly. Really!!,5.0,2025-01-12,No,Positive
CUST01196,18,Returning,Novel,Books,Amazing quality and value for money. Really!!,4.0,2026-12-05,Yes,Positive
CUST01197,59,Returning,Sneakers,Clothing,"Product is decent, but there is room for improvement. Order 1926.",3.0,2025-08-23,Yes,Neutral
CUST01198,33,Returning,Jeans,Clothing,Great experience. The item arrived on time. Order 6581.,5.0,2025-10-25,Yes,Positive
CUST01199,61,Returning,Shampoo,Beauty,Very happy with my purchase. Highly recommended!,5.0,2025-09-30,Yes,Positive
CUST01200,48,Loyal,Moisturizer,Beauty,I REALLY LIKED THIS PRODUCT. IT WORKS PERFECTLY.,5.0,2026-08-01,Yes,Positive
CUST01201,43,Loyal,Dry Fruits,Grocery,Great experience. The item arrived on time.,4.0,2025-05-28,Yes,Positive
CUST01202,56,Returning,T-Shirt,Clothing,I am disappointed with this purchase. Really!!,1.0,2025-10-24,Yes,Negative
CUST01203,52,Returning,Power Bank,Electronics,Very happy with my purchase. Highly recommended! Order 1400. Really!!,4.0,2025-12-07,Yes,Positive
CUST01204,50,New,Cookies,Grocery,The product is okay and works as expected.,4.0,2025-09-08,Yes,Neutral
CUST01205,18,Returning,Power Bank,Electronics,VERY HAPPY WITH MY PURCHASE. HIGHLY RECOMMENDED!,4.0,2025-11-15,No,Positive
CUST01206,24,New,Coffee Maker,Home & Kitchen,The product does not work as expected. Order 6153.,1.0,2025-03-20,No,Negative
CUST01207,31,Returning,Face Wash,Beauty,Great experience. The item arrived on time. Order 4684.,5.0,2025-06-16,Yes,Positive
CUST01208,27,Returning,Gym Gloves,Sports,The product is okay and works as expected.,3.0,2025-07-22,Yes,Neutral
CUST01209,24,Returning,Yoga Mat,Sports,Good product and the delivery was quick.,4.0,2026-05-23,Yes,Positive
CUST01210,44,Returning,Water Bottle,Home & Kitchen,Great experience. The item arrived on time.,5.0,2025-06-22,No,Positive
CUST01211,29,Returning,T-Shirt,Clothing,"It works properly, but nothing special.",3.0,2025-11-03,Yes,Neutral
CUST01212,39,Returning,Shampoo,Beauty,Good product and the delivery was quick.,4.0,2026-07-20,Yes,Positive
CUST01213,46,Returning,Cookies,Grocery,Great experience. The item arrived on time. Really!!,4.0,2026-08-06,Yes,Positive
CUST01214,18,Returning,Green Tea,Grocery,The product is okay and works as expected.,4.0,2026-03-22,Yes,Neutral
CUST01215,59,Returning,Cricket Bat,Sports,Very poor quality. The product stopped working quickly. Order 8699. Really!!,2.0,2026-04-13,Yes,Negative
CUST01216,21,Returning,Running Shoes,Sports,Excellent product! Very good quality and fast delivery. Order 8179.,4.0,2026-01-04,Yes,Positive
CUST01217,37,Loyal,Coffee,Grocery,The product is okay and works as expected.,3.0,2026-11-28,Yes,Neutral
CUST01218,61,Loyal,Cookware Set,Home & Kitchen,Great experience. The item arrived on time.,4.0,2025-02-16,Yes,Positive
CUST01219,46,Returning,Cookbook,Books,GREAT EXPERIENCE. THE ITEM ARRIVED ON TIME.,4.0,2025-02-21,Yes,Positive
CUST01220,64,Loyal,Coffee Maker,Home & Kitchen,I really liked this product. It works perfectly.,5.0,2026-10-16,Yes,Positive
CUST01221,21,Loyal,Running Shoes,Sports,"It works properly, but nothing special.",4.0,2025-08-29,Yes,Neutral
CUST01222,30,Loyal,T-Shirt,Clothing,Good product and the delivery was quick.,4.0,2025-07-16,No,Positive
CUST01223,42,Loyal,Running Shoes,Sports,,5.0,2025-08-04,No,Positive
CUST01224,53,Loyal,Green Tea,Grocery,Great experience. The item arrived on time. Really!!,4.0,2026-07-12,Yes,Positive
CUST01225,28,Returning,T-Shirt,Clothing,The product is okay and works as expected.,4.0,2026-12-03,Yes,Neutral
CUST01226,60,Returning,Self Help Book,Books,THE QUALITY IS ACCEPTABLE FOR EVERYDAY USE.,4.0,2025-03-15,Yes,Neutral
CUST01227,62,Loyal,Coffee Maker,Home & Kitchen,Very happy with my purchase. Highly recommended!,5.0,2026-08-28,No,Positive
CUST01228,38,Loyal,Shampoo,Beauty,The product is okay and works as expected.,3.0,2026-01-15,Yes,Neutral
CUST01229,44,New,Yoga Mat,Sports,"PRODUCT IS DECENT, BUT THERE IS ROOM FOR IMPROVEMENT. REALLY!!",3.0,2025-05-25,Yes,Neutral
CUST01230,19,Returning,Smart Watch,Electronics,"The product is comfortable, useful, and well made.",4.0,2025-12-17,Yes,Positive
CUST01231,61,Returning,Wireless Earbuds,Electronics,Good product and the delivery was quick. Really!!,4.0,2026-07-03,Yes,Positive
CUST01232,40,Loyal,Cookware Set,Home & Kitchen,Average quality. It is fine for the price. Really!!,4.0,2026-11-06,Yes,Neutral
CUST01233,40,New,Shampoo,Beauty,Great experience. The item arrived on time.,5.0,2025-10-17,No,Positive
CUST01234,19,Returning,Wireless Earbuds,Electronics,"The product is comfortable, useful, and well made.",4.0,2026-08-28,Yes,Positive
CUST01235,44,Loyal,Jacket,Clothing,I really liked this product. It works perfectly.,4.0,2026-09-10,Yes,Positive
CUST01236,46,New,Gym Gloves,Sports,Great experience. The item arrived on time. Order 1468.,5.0,2026-12-24,Yes,Positive
CUST01237,65,Loyal,Sneakers,Clothing,VERY HAPPY WITH MY PURCHASE. HIGHLY RECOMMENDED! REALLY!!,4.0,2025-11-01,Yes,Positive
CUST01238,64,Returning,Jeans,Clothing,Not worth the money. The quality is very poor.,2.0,2026-01-28,Yes,Negative
CUST01239,35,Loyal,Cookware Set,Home & Kitchen,Amazing quality and value for money.,4.0,2026-05-23,Yes,Positive
CUST01240,22,New,Green Tea,Grocery,GREAT EXPERIENCE. THE ITEM ARRIVED ON TIME. REALLY!!,5.0,2026-12-27,Yes,Positive
CUST01241,61,New,Gym Gloves,Sports,Excellent product! Very good quality and fast delivery.,5.0,2025-06-25,Yes,Positive
CUST01242,50,Loyal,Cookware Set,Home & Kitchen,"It works properly, but nothing special.",3.0,2025-04-16,Yes,Neutral
CUST01243,46,Loyal,Programming Book,Books,Very poor quality. The product stopped working quickly. Order 7614.,1.0,2025-10-12,Yes,Negative
CUST01244,19,New,Hair Dryer,Beauty,The quality is acceptable for everyday use.,4.0,2025-08-01,Yes,Neutral
CUST01245,38,New,Coffee,Grocery,"It works properly, but nothing special.",3.0,2025-03-31,Yes,Neutral
CUST01246,56,Returning,Cookbook,Books,"The product is comfortable, useful, and well made. Order 1541.",5.0,2026-06-03,Yes,Positive
CUST01247,57,Loyal,Power Bank,Electronics,The product does not work as expected. Order 8583.,2.0,2025-01-15,No,Negative
CUST01248,32,Returning,Yoga Mat,Sports,Great experience. The item arrived on time.,5.0,2026-06-20,Yes,Positive
CUST01249,49,New,T-Shirt,Clothing,"The product is comfortable, useful, and well made.",5.0,2025-02-01,No,Positive
CUST01250,54,Returning,Coffee Maker,Home & Kitchen,"It works properly, but nothing special.",3.0,2025-10-06,No,Neutral
CUST01251,24,Returning,Cricket Bat,Sports,Very poor quality. The product stopped working quickly. Order 3995.,2.0,2026-06-05,Yes,Negative
CUST01252,42,Loyal,Coffee,Grocery,Very happy with my purchase. Highly recommended!,4.0,2025-05-29,Yes,Positive
CUST01253,54,New,Mixer Grinder,Home & Kitchen,Very happy with my purchase. Highly recommended!,5.0,2026-11-15,Yes,Positive
CUST01254,29,New,Novel,Books,The item arrived late and the package was damaged.,2.0,2025-03-16,Yes,Negative
CUST01255,51,Returning,Face Wash,Beauty,I am disappointed with this purchase. Order 2210.,1.0,2025-03-28,Yes,Negative
CUST01256,41,Returning,Dry Fruits,Grocery,"THE PRODUCT IS COMFORTABLE, USEFUL, AND WELL MADE.",5.0,2025-08-05,Yes,Positive
CUST01257,62,Loyal,Jeans,Clothing,Great experience. The item arrived on time.,5.0,2026-01-01,No,Positive
CUST01258,30,Returning,Power Bank,Electronics,Amazing quality and value for money. Order 1500.,5.0,2026-09-08,Yes,Positive
CUST01259,27,New,Self Help Book,Books,The product does not work as expected. Order 4746.,1.0,2025-03-07,Yes,Negative
CUST01260,61,New,Face Wash,Beauty,Amazing quality and value for money. Really!!,4.0,2025-11-26,Yes,Positive
CUST01261,22,New,Novel,Books,The product is okay and works as expected. Really!!,3.0,2026-04-02,Yes,Neutral
CUST01262,23,Loyal,Face Wash,Beauty,Great experience. The item arrived on time. Really!!,4.0,2025-01-07,Yes,Positive
CUST01263,47,Returning,Coffee,Grocery,AMAZING QUALITY AND VALUE FOR MONEY. ORDER 1629.,5.0,2025-06-05,Yes,Positive
CUST01264,59,Returning,Power Bank,Electronics,GOOD PRODUCT AND THE DELIVERY WAS QUICK. REALLY!!,4.0,2026-08-04,No,Positive
CUST01265,60,New,Power Bank,Electronics,Excellent product! Very good quality and fast delivery.,4.0,2026-02-11,No,Positive
CUST01266,61,Loyal,Running Shoes,Sports,"The product is comfortable, useful, and well made.",4.0,2026-06-10,Yes,Positive
CUST01267,32,New,Bluetooth Speaker,Electronics,The item arrived on time and was as described.,4.0,2026-05-01,Yes,Neutral
CUST01268,49,Loyal,Cricket Bat,Sports,Amazing quality and value for money.,4.0,2025-07-25,Yes,Positive
CUST01269,57,Returning,Dry Fruits,Grocery,Very happy with my purchase. Highly recommended!,4.0,2026-12-03,Yes,Positive
CUST01270,43,Returning,Novel,Books,THE QUALITY IS ACCEPTABLE FOR EVERYDAY USE.,4.0,2026-02-23,Yes,Neutral
CUST01271,62,Loyal,Cookbook,Books,The item arrived on time and was as described. Order 1209.,4.0,2026-09-19,Yes,Neutral
CUST01272,57,Returning,Smart Watch,Electronics,Great experience. The item arrived on time. Really!!,4.0,2025-07-28,Yes,Positive
CUST01273,63,New,Yoga Mat,Sports,I REALLY LIKED THIS PRODUCT. IT WORKS PERFECTLY. ORDER 3556. REALLY!!,5.0,2025-08-22,No,Positive
CUST01274,49,New,Jeans,Clothing,The item arrived on time and was as described.,3.0,2025-07-07,Yes,Neutral
CUST01275,38,Returning,Wireless Earbuds,Electronics,I really liked this product. It works perfectly.,4.0,2026-12-25,Yes,Positive
CUST01276,31,Returning,Cookware Set,Home & Kitchen,BAD EXPERIENCE. I WOULD NOT RECOMMEND THIS PRODUCT.,2.0,2025-09-01,Yes,Negative
CUST01277,41,Returning,Running Shoes,Sports,"The product is comfortable, useful, and well made. Order 7609.",4.0,2025-01-22,Yes,Positive
CUST01278,51,Loyal,Yoga Mat,Sports,EXCELLENT PRODUCT! VERY GOOD QUALITY AND FAST DELIVERY. ORDER 2002.,4.0,2026-10-07,Yes,Positive
CUST01279,34,New,Power Bank,Electronics,I really liked this product. It works perfectly. Order 8616.,5.0,2026-08-05,Yes,Positive
CUST01280,24,Loyal,Green Tea,Grocery,Great experience. The item arrived on time. Order 9949.,5.0,2025-12-08,Yes,Positive
CUST01281,33,Returning,Face Wash,Beauty,Excellent product! Very good quality and fast delivery.,4.0,2025-09-01,Yes,Positive
CUST01282,30,Loyal,Jeans,Clothing,"The product is comfortable, useful, and well made. Order 6438. Really!!",4.0,2026-07-21,Yes,Positive
CUST01283,20,Loyal,Yoga Mat,Sports,Very happy with my purchase. Highly recommended!,4.0,2025-01-29,Yes,Positive
CUST01284,30,Returning,Power Bank,Electronics,Very poor quality. The product stopped working quickly.,2.0,2025-06-14,Yes,Negative
CUST01285,57,New,Cricket Bat,Sports,I really liked this product. It works perfectly.,5.0,2026-05-08,No,Positive
CUST01286,26,Returning,Mixer Grinder,Home & Kitchen,The item arrived late and the package was damaged. Order 3054.,2.0,2026-07-16,Yes,Negative
CUST01287,20,New,Jacket,Clothing,THE QUALITY IS ACCEPTABLE FOR EVERYDAY USE. REALLY!!,3.0,2026-01-03,Yes,Neutral
CUST01288,42,New,Cookware Set,Home & Kitchen,Excellent product! Very good quality and fast delivery.,5.0,2025-11-20,Yes,Positive
CUST01289,42,New,Self Help Book,Books,Very poor quality. The product stopped working quickly. Really!!,2.0,2025-05-07,Yes,Negative
CUST01290,50,Returning,Cookbook,Books,Great experience. The item arrived on time. Order 1064.,5.0,2026-11-25,Yes,Positive
CUST01291,46,New,Mixer Grinder,Home & Kitchen,Very happy with my purchase. Highly recommended!,4.0,2025-01-10,Yes,Positive
CUST01292,60,Returning,Hair Dryer,Beauty,The quality is acceptable for everyday use. Really!!,3.0,2026-06-10,Yes,Neutral
CUST01293,45,Loyal,Coffee Maker,Home & Kitchen,The item arrived on time and was as described.,4.0,2025-09-17,Yes,Neutral
CUST01294,49,Returning,Running Shoes,Sports,The quality is acceptable for everyday use. Order 1098.,3.0,2026-08-02,No,Neutral
CUST01295,47,Loyal,Cookware Set,Home & Kitchen,The item arrived on time and was as described. Really!!,4.0,2026-01-14,Yes,Neutral
CUST01296,25,Returning,Running Shoes,Sports,The item arrived late and the package was damaged.,2.0,2026-06-03,Yes,Negative
CUST01297,40,Loyal,Jeans,Clothing,Good product and the delivery was quick. Really!!,4.0,2026-06-21,No,Positive
CUST01298,40,Returning,Cookbook,Books,Bad experience. I would not recommend this product.,1.0,2025-12-09,Yes,Negative
CUST01299,56,Returning,Dry Fruits,Grocery,"THE PRODUCT IS COMFORTABLE, USEFUL, AND WELL MADE.",5.0,2025-01-19,Yes,Positive
CUST01300,50,Loyal,Sneakers,Clothing,"It works properly, but nothing special.",4.0,2025-12-23,Yes,Neutral
CUST01301,48,Returning,Jacket,Clothing,Great experience. The item arrived on time.,4.0,2025-10-15,No,Positive
CUST01302,25,Loyal,Green Tea,Grocery,I really liked this product. It works perfectly.,4.0,2025-04-15,Yes,Positive
CUST01303,43,Returning,Power Bank,Electronics,The item arrived on time and was as described. Order 9098.,3.0,2026-02-23,Yes,Neutral
CUST01304,18,New,Power Bank,Electronics,Average quality. It is fine for the price.,4.0,2025-12-22,No,Neutral
CUST01305,29,Loyal,Power Bank,Electronics,I really liked this product. It works perfectly. Really!!,4.0,2026-08-16,Yes,Positive
CUST01306,32,Loyal,Jacket,Clothing,Good product and the delivery was quick.,5.0,2026-07-08,Yes,Positive
CUST01307,60,Returning,Coffee Maker,Home & Kitchen,THE PRODUCT DOES NOT WORK AS EXPECTED. ORDER 2149.,2.0,2026-09-01,No,Negative
CUST01308,50,Returning,Mixer Grinder,Home & Kitchen,Excellent product! Very good quality and fast delivery.,5.0,2026-04-26,Yes,Positive
CUST01309,61,Returning,Green Tea,Grocery,I am disappointed with this purchase. Order 7900.,1.0,2025-03-07,Yes,Negative
CUST01310,37,Returning,Hair Dryer,Beauty,Good product and the delivery was quick. Order 4368. Really!!,4.0,2026-02-26,Yes,Positive
CUST01311,46,Loyal,Programming Book,Books,The item arrived late and the package was damaged. Order 5477. Really!!,1.0,2026-10-07,No,Negative
CUST01312,53,Loyal,Mixer Grinder,Home & Kitchen,The item arrived on time and was as described.,3.0,2026-11-30,Yes,Neutral
CUST01313,25,Loyal,Dry Fruits,Grocery,Very poor quality. The product stopped working quickly.,2.0,2025-08-19,No,Negative
CUST01314,43,New,T-Shirt,Clothing,,4.0,2025-07-16,Yes,Positive
CUST01315,37,New,T-Shirt,Clothing,"THE PRODUCT IS COMFORTABLE, USEFUL, AND WELL MADE. REALLY!!",4.0,2026-02-02,Yes,Positive
CUST01316,33,Loyal,Jeans,Clothing,The item arrived late and the package was damaged.,2.0,2026-11-09,Yes,Negative
CUST01317,31,Loyal,Coffee,Grocery,The item arrived late and the package was damaged. Really!!,1.0,2025-12-02,No,Negative
CUST01318,53,Loyal,Mixer Grinder,Home & Kitchen,Very happy with my purchase. Highly recommended!,4.0,2026-11-15,Yes,Positive
CUST01319,47,New,Coffee Maker,Home & Kitchen,Great experience. The item arrived on time. Order 3755.,5.0,2025-03-26,Yes,Positive
CUST01320,49,Returning,Running Shoes,Sports,GOOD PRODUCT AND THE DELIVERY WAS QUICK. REALLY!!,5.0,2025-10-09,Yes,Positive
CUST01321,38,Loyal,Moisturizer,Beauty,The product is okay and works as expected. Really!!,3.0,2026-12-02,No,Neutral
CUST01322,51,Returning,Novel,Books,I really liked this product. It works perfectly.,4.0,2025-03-28,Yes,Positive
CUST01323,55,Returning,Smart Watch,Electronics,Not worth the money. The quality is very poor.,1.0,2026-11-28,Yes,Negative
CUST01324,36,Returning,Yoga Mat,Sports,Amazing quality and value for money. Really!!,4.0,2025-06-28,No,Positive
CUST01325,31,Loyal,Gym Gloves,Sports,NOT WORTH THE MONEY. THE QUALITY IS VERY POOR.,2.0,2025-09-26,Yes,Negative
CUST01326,24,Returning,Sneakers,Clothing,I am disappointed with this purchase. Really!!,1.0,2026-08-15,Yes,Negative
CUST01327,57,Loyal,T-Shirt,Clothing,The item arrived on time and was as described.,3.0,2026-09-01,No,Neutral
CUST01328,27,New,Wireless Earbuds,Electronics,The item arrived on time and was as described. Really!!,4.0,2025-09-03,No,Neutral
CUST01329,59,Returning,Cookware Set,Home & Kitchen,The product is okay and works as expected.,4.0,2025-03-14,Yes,Neutral
CUST01330,53,Loyal,Gym Gloves,Sports,"IT WORKS PROPERLY, BUT NOTHING SPECIAL.",4.0,2025-10-20,Yes,Neutral
CUST01331,21,New,Jeans,Clothing,"It works properly, but nothing special.",4.0,2026-09-17,Yes,Neutral
CUST01332,50,Loyal,Shampoo,Beauty,Average quality. It is fine for the price. Order 6567.,3.0,2026-11-06,No,Neutral
CUST01333,60,New,Running Shoes,Sports,I am disappointed with this purchase. Order 3418.,2.0,2026-04-13,Yes,Negative
CUST01334,54,Returning,Green Tea,Grocery,THE PRODUCT DOES NOT WORK AS EXPECTED. REALLY!!,2.0,2026-06-08,Yes,Negative
CUST01335,23,Loyal,Coffee,Grocery,Good product and the delivery was quick. Order 6948. Really!!,,2026-08-03,No,Positive
CUST01336,55,New,Face Wash,Beauty,The item arrived on time and was as described.,4.0,2025-02-03,Yes,Neutral
CUST01337,28,Returning,Power Bank,Electronics,GOOD PRODUCT AND THE DELIVERY WAS QUICK.,5.0,2025-03-15,Yes,Positive
CUST01338,48,New,Jeans,Clothing,The item arrived on time and was as described. Order 5671. Really!!,3.0,2025-03-22,Yes,Neutral
CUST01339,21,New,Wireless Earbuds,Electronics,Very happy with my purchase. Highly recommended! Really!!,4.0,2025-01-31,No,Positive
CUST01340,49,Loyal,Water Bottle,Home & Kitchen,I am disappointed with this purchase. Order 4785.,1.0,2025-04-15,Yes,Negative
CUST01341,24,Returning,Water Bottle,Home & Kitchen,I REALLY LIKED THIS PRODUCT. IT WORKS PERFECTLY.,5.0,2025-10-16,Yes,Positive
CUST01342,32,Loyal,Face Wash,Beauty,I am disappointed with this purchase. Really!!,1.0,2026-09-15,No,Negative
CUST01343,25,Returning,Sneakers,Clothing,The product does not work as expected.,1.0,2025-06-14,Yes,Negative
CUST01344,51,Loyal,Dry Fruits,Grocery,"Product is decent, but there is room for improvement.",3.0,2025-09-30,Yes,Neutral
CUST01345,47,Loyal,Jacket,Clothing,"The product is comfortable, useful, and well made. Really!!",4.0,2026-12-26,Yes,Positive
CUST01346,31,Loyal,Cookware Set,Home & Kitchen,Good product and the delivery was quick. Order 6012.,4.0,2026-09-28,Yes,Positive
CUST01347,18,New,Cookware Set,Home & Kitchen,Bad experience. I would not recommend this product.,2.0,2025-01-27,Yes,Negative
CUST01348,40,Loyal,Sneakers,Clothing,Excellent product! Very good quality and fast delivery.,5.0,2025-01-29,Yes,Positive
CUST01349,54,Loyal,Hair Dryer,Beauty,"THE PRODUCT IS COMFORTABLE, USEFUL, AND WELL MADE.",4.0,2025-09-18,No,Positive
CUST01350,37,New,Bluetooth Speaker,Electronics,"The product is comfortable, useful, and well made. Really!!",5.0,2025-06-21,Yes,Positive
CUST01351,62,Loyal,Gym Gloves,Sports,Very happy with my purchase. Highly recommended! Really!!,4.0,2026-07-10,Yes,Positive
CUST01352,32,Loyal,T-Shirt,Clothing,"The product is comfortable, useful, and well made. Really!!",4.0,2026-12-09,Yes,Positive
CUST01353,47,New,Moisturizer,Beauty,Excellent product! Very good quality and fast delivery. Really!!,5.0,2026-06-03,No,Positive
CUST01354,34,Loyal,Cookbook,Books,Great experience. The item arrived on time.,4.0,2026-07-27,No,Positive
CUST01355,20,Loyal,Cookware Set,Home & Kitchen,Amazing quality and value for money. Order 3391.,4.0,2026-02-15,Yes,Positive
CUST01356,34,Loyal,Shampoo,Beauty,Very poor quality. The product stopped working quickly. Order 6419.,2.0,2026-05-13,Yes,Negative
CUST01357,27,New,Jacket,Clothing,"THE PRODUCT IS COMFORTABLE, USEFUL, AND WELL MADE.",4.0,2026-03-26,No,Positive
CUST01358,18,Loyal,Moisturizer,Beauty,The item arrived on time and was as described.,3.0,2026-01-29,Yes,Neutral
CUST01359,59,New,Smart Watch,Electronics,"The product is comfortable, useful, and well made. Order 3167.",5.0,2025-11-16,Yes,Positive
CUST01360,44,Loyal,Jacket,Clothing,Very happy with my purchase. Highly recommended!,4.0,2026-09-11,Yes,Positive
CUST01361,61,Returning,Programming Book,Books,Great experience. The item arrived on time.,4.0,2026-12-29,Yes,Positive
CUST01362,45,Returning,Sneakers,Clothing,The product is okay and works as expected.,3.0,2025-02-28,Yes,Neutral
CUST01363,61,Loyal,Power Bank,Electronics,Good product and the delivery was quick.,5.0,2025-02-20,Yes,Positive
CUST01364,61,New,Cricket Bat,Sports,Good product and the delivery was quick. Order 5300.,5.0,2025-05-15,Yes,Positive
CUST01365,33,New,Running Shoes,Sports,I am disappointed with this purchase.,2.0,2026-02-08,Yes,Negative
CUST01366,58,Returning,Wireless Earbuds,Electronics,"The product is comfortable, useful, and well made.",4.0,2026-02-02,Yes,Positive
CUST01367,36,Loyal,Green Tea,Grocery,The quality is acceptable for everyday use. Order 3808. Really!!,4.0,2025-09-08,No,Neutral
CUST01368,52,Returning,Shampoo,Beauty,"THE PRODUCT IS COMFORTABLE, USEFUL, AND WELL MADE.",5.0,2025-09-03,Yes,Positive
CUST01369,49,New,Moisturizer,Beauty,VERY HAPPY WITH MY PURCHASE. HIGHLY RECOMMENDED! REALLY!!,4.0,2026-12-21,Yes,Positive
CUST01370,65,New,Bluetooth Speaker,Electronics,I am disappointed with this purchase. Order 8097.,2.0,2025-02-01,Yes,Negative
CUST01371,54,Returning,Dry Fruits,Grocery,"It works properly, but nothing special. Order 7125.",4.0,2025-11-26,Yes,Neutral
CUST01372,40,New,Jacket,Clothing,"PRODUCT IS DECENT, BUT THERE IS ROOM FOR IMPROVEMENT. REALLY!!",4.0,2026-08-09,Yes,Neutral
CUST01373,50,,Moisturizer,Beauty,Great experience. The item arrived on time. Order 8622.,5.0,2025-09-22,No,Positive
CUST01374,63,New,Cookbook,Books,The product does not work as expected. Really!!,2.0,2026-07-27,Yes,Negative
CUST01375,38,New,Water Bottle,Home & Kitchen,Bad experience. I would not recommend this product. Order 5075.,2.0,2025-07-10,Yes,Negative
CUST01376,45,New,Mixer Grinder,Home & Kitchen,The product is okay and works as expected.,3.0,2026-05-20,No,Neutral
CUST01377,47,Loyal,Sneakers,Clothing,I am disappointed with this purchase.,1.0,2025-09-07,Yes,Negative
CUST01378,23,New,Jacket,Clothing,Great experience. The item arrived on time.,4.0,2025-11-30,No,Positive
CUST01379,62,Returning,Running Shoes,Sports,The item arrived late and the package was damaged.,1.0,2026-08-19,Yes,Negative
CUST01380,30,New,Coffee,Grocery,"It works properly, but nothing special.",3.0,2026-06-10,Yes,Neutral
CUST01381,57,Loyal,Moisturizer,Beauty,Excellent product! Very good quality and fast delivery.,5.0,2025-12-21,Yes,Positive
CUST01382,40,New,Green Tea,Grocery,The product is okay and works as expected. Really!!,4.0,2025-03-05,Yes,Neutral
CUST01383,36,Loyal,Coffee,Grocery,Average quality. It is fine for the price.,3.0,2025-04-13,Yes,Neutral
CUST01384,40,New,Sneakers,Clothing,"The product is comfortable, useful, and well made.",4.0,2026-04-28,Yes,Positive
CUST01385,32,New,Self Help Book,Books,Great experience. The item arrived on time. Order 4569.,5.0,2026-11-27,Yes,Positive
CUST01386,45,Returning,Coffee,Grocery,Excellent product! Very good quality and fast delivery. Really!!,5.0,2025-05-26,Yes,Positive
CUST01387,52,Loyal,Programming Book,Books,Amazing quality and value for money.,4.0,2025-03-18,No,Positive
CUST01388,39,New,Cricket Bat,Sports,"The product is comfortable, useful, and well made. Order 2776.",4.0,2025-08-08,No,Positive
CUST01389,18,New,Gym Gloves,Sports,The item arrived late and the package was damaged.,2.0,2025-09-01,No,Negative
CUST01390,24,Returning,Dry Fruits,Grocery,AMAZING QUALITY AND VALUE FOR MONEY. ORDER 5022.,4.0,2025-10-02,Yes,Positive
CUST01391,29,Returning,Smart Watch,Electronics,Bad experience. I would not recommend this product.,2.0,2025-08-30,Yes,Negative
CUST01392,27,Returning,Running Shoes,Sports,Amazing quality and value for money.,5.0,2026-12-14,Yes,Positive
CUST01393,51,Returning,Shampoo,Beauty,Very happy with my purchase. Highly recommended!,5.0,2026-06-26,Yes,Positive
CUST01394,36,Returning,Smart Watch,Electronics,The product is okay and works as expected.,3.0,2025-01-17,Yes,Neutral
CUST01395,25,Loyal,Coffee Maker,Home & Kitchen,Great experience. The item arrived on time. Really!!,4.0,2026-01-02,No,Positive
CUST01396,25,Returning,Novel,Books,Not worth the money. The quality is very poor. Order 2969. Really!!,1.0,2025-01-31,Yes,Negative
CUST01397,41,New,Moisturizer,Beauty,The item arrived on time and was as described.,4.0,2025-03-29,Yes,Neutral
CUST01398,30,New,Running Shoes,Sports,The item arrived late and the package was damaged.,2.0,2026-12-25,Yes,Negative
CUST01399,51,Returning,Bluetooth Speaker,Electronics,The quality is acceptable for everyday use. Really!!,4.0,2026-01-19,Yes,Neutral
CUST01400,27,New,T-Shirt,Clothing,Excellent product! Very good quality and fast delivery. Order 3928.,4.0,2025-11-08,Yes,Positive
CUST01401,53,New,Mixer Grinder,Home & Kitchen,Bad experience. I would not recommend this product.,2.0,2025-05-04,Yes,Negative
CUST01402,62,Returning,Cookies,Grocery,Very happy with my purchase. Highly recommended! Order 4417. Really!!,4.0,2026-11-19,Yes,Positive
CUST01403,58,Loyal,Cookbook,Books,Excellent product! Very good quality and fast delivery.,4.0,2026-04-01,Yes,Positive
CUST01404,59,Returning,Yoga Mat,Sports,I really liked this product. It works perfectly.,4.0,2025-04-08,No,Positive
CUST01405,51,New,Gym Gloves,Sports,Excellent product! Very good quality and fast delivery.,4.0,2025-12-22,Yes,Positive
CUST01406,37,New,Dry Fruits,Grocery,THE PRODUCT DOES NOT WORK AS EXPECTED.,1.0,2026-07-22,Yes,Negative
CUST01407,30,New,Hair Dryer,Beauty,I really liked this product. It works perfectly.,5.0,2026-05-21,No,Positive
CUST01408,32,New,Wireless Earbuds,Electronics,Good product and the delivery was quick.,5.0,2025-10-06,No,Positive
CUST01409,61,New,Jacket,Clothing,"It works properly, but nothing special.",4.0,2025-05-21,Yes,Neutral
CUST01410,50,New,Cookies,Grocery,Amazing quality and value for money.,5.0,2026-06-15,Yes,Positive
CUST01411,18,Returning,Hair Dryer,Beauty,The product is okay and works as expected. Order 2358.,3.0,2026-05-20,Yes,Neutral
CUST01412,18,New,Running Shoes,Sports,The quality is acceptable for everyday use. Order 1891. Really!!,3.0,2025-10-20,Yes,Neutral
CUST01413,22,Returning,Cricket Bat,Sports,Amazing quality and value for money.,5.0,2025-02-28,No,Positive
CUST01414,42,Loyal,Novel,Books,"It works properly, but nothing special. Order 5313.",4.0,2026-10-10,Yes,Neutral
CUST01415,62,Loyal,Cookbook,Books,Excellent product! Very good quality and fast delivery.,4.0,2025-10-25,Yes,Positive
CUST01416,43,New,Cookies,Grocery,"The product is comfortable, useful, and well made. Order 9951.",5.0,2025-02-01,Yes,Positive
CUST01417,57,New,Coffee Maker,Home & Kitchen,Amazing quality and value for money. Order 6326. Really!!,5.0,2026-07-01,Yes,Positive
CUST01418,21,New,Shampoo,Beauty,"The product is comfortable, useful, and well made.",5.0,2026-08-27,Yes,Positive
CUST01419,42,Returning,Running Shoes,Sports,Great experience. The item arrived on time.,4.0,2025-03-08,No,Positive
CUST01420,63,Loyal,Shampoo,Beauty,Amazing quality and value for money. Really!!,5.0,2025-07-11,Yes,Positive
CUST01421,29,Returning,Shampoo,Beauty,The product does not work as expected.,1.0,2026-06-17,No,Negative
CUST01422,44,Returning,Jacket,Clothing,The product is okay and works as expected. Order 7303. Really!!,4.0,2026-07-10,Yes,Neutral
CUST01423,51,Loyal,Coffee,Grocery,THE ITEM ARRIVED LATE AND THE PACKAGE WAS DAMAGED.,1.0,2026-06-22,No,Negative
CUST01424,53,Loyal,Cookies,Grocery,Amazing quality and value for money.,5.0,2026-01-15,Yes,Positive
CUST01425,22,New,Green Tea,Grocery,Very poor quality. The product stopped working quickly.,2.0,2025-04-17,No,Negative
CUST01426,60,New,Self Help Book,Books,I am disappointed with this purchase. Order 5815. Really!!,2.0,2026-08-22,No,Negative
CUST01427,58,Loyal,Dry Fruits,Grocery,I am disappointed with this purchase.,2.0,2025-06-09,Yes,Negative
CUST01428,43,Loyal,Programming Book,Books,"Product is decent, but there is room for improvement. Really!!",3.0,2026-12-12,No,Neutral
CUST01429,28,Loyal,Cookies,Grocery,Very happy with my purchase. Highly recommended!,4.0,2026-09-27,Yes,Positive
CUST01430,51,Returning,Green Tea,Grocery,I really liked this product. It works perfectly.,5.0,2026-05-29,Yes,Positive
CUST01431,18,New,Cookies,Grocery,Very poor quality. The product stopped working quickly. Order 7315.,1.0,2025-04-28,Yes,Negative
CUST01432,36,Loyal,Novel,Books,"IT WORKS PROPERLY, BUT NOTHING SPECIAL. ORDER 1293.",3.0,2025-05-23,No,Neutral
CUST01433,38,New,Coffee Maker,Home & Kitchen,The quality is acceptable for everyday use. Order 7586.,4.0,2025-10-16,Yes,Neutral
CUST01434,53,Returning,Jeans,Clothing,VERY HAPPY WITH MY PURCHASE. HIGHLY RECOMMENDED! REALLY!!,5.0,2026-10-09,Yes,Positive
CUST01435,65,Loyal,Gym Gloves,Sports,VERY HAPPY WITH MY PURCHASE. HIGHLY RECOMMENDED! REALLY!!,4.0,2025-07-15,No,Positive
CUST01436,23,Loyal,Cricket Bat,Sports,Average quality. It is fine for the price.,3.0,2025-07-31,Yes,Neutral
CUST01437,49,New,Shampoo,Beauty,Average quality. It is fine for the price.,4.0,2025-06-25,Yes,Neutral
CUST01438,24,New,Green Tea,Grocery,The product does not work as expected.,1.0,2025-04-19,Yes,Negative
CUST01439,25,New,Running Shoes,Sports,I really liked this product. It works perfectly.,4.0,2025-07-18,Yes,Positive
CUST01440,31,New,Moisturizer,Beauty,EXCELLENT PRODUCT! VERY GOOD QUALITY AND FAST DELIVERY.,4.0,2026-10-28,Yes,Positive
CUST01441,41,New,Cookies,Grocery,Average quality. It is fine for the price.,4.0,2025-04-21,Yes,Neutral
CUST01442,22,Loyal,Coffee,Grocery,Very poor quality. The product stopped working quickly. Order 7381.,2.0,2025-12-01,Yes,Negative
CUST01443,32,Loyal,Green Tea,Grocery,Very happy with my purchase. Highly recommended!,5.0,2026-08-08,Yes,Positive
CUST01444,35,Loyal,Water Bottle,Home & Kitchen,The item arrived late and the package was damaged. Order 3106.,2.0,2025-12-18,Yes,Negative
CUST01445,31,New,Self Help Book,Books,"It works properly, but nothing special. Order 1479.",4.0,2025-08-05,Yes,Neutral
CUST01446,41,Returning,Dry Fruits,Grocery,THE ITEM ARRIVED LATE AND THE PACKAGE WAS DAMAGED. ORDER 3348.,2.0,2025-11-13,Yes,Negative
CUST01447,60,Returning,Shampoo,Beauty,Average quality. It is fine for the price.,4.0,2026-04-27,Yes,Neutral
CUST01448,32,New,T-Shirt,Clothing,I really liked this product. It works perfectly. Order 7065.,4.0,2025-03-28,No,Positive
CUST01449,29,Loyal,Novel,Books,EXCELLENT PRODUCT! VERY GOOD QUALITY AND FAST DELIVERY.,4.0,2026-06-09,Yes,Positive
CUST01450,49,Loyal,Wireless Earbuds,Electronics,The item arrived late and the package was damaged.,2.0,2025-10-17,No,Negative
CUST01451,42,New,Bluetooth Speaker,Electronics,"The product is comfortable, useful, and well made.",4.0,2025-08-29,Yes,Positive
CUST01452,31,Returning,Running Shoes,Sports,Very happy with my purchase. Highly recommended! Really!!,5.0,2026-06-21,Yes,Positive
CUST01453,60,Returning,Running Shoes,Sports,Very happy with my purchase. Highly recommended! Really!!,5.0,2026-04-01,No,Positive
CUST01454,62,Returning,Moisturizer,Beauty,Amazing quality and value for money. Order 1399.,5.0,2026-02-18,Yes,Positive
CUST01455,45,Loyal,Self Help Book,Books,"Product is decent, but there is room for improvement. Order 4950.",3.0,2025-09-11,No,Neutral
CUST01456,49,Loyal,Coffee Maker,Home & Kitchen,Excellent product! Very good quality and fast delivery.,4.0,2025-05-01,Yes,Positive
CUST01457,57,New,Gym Gloves,Sports,Very poor quality. The product stopped working quickly. Really!!,2.0,2025-02-17,No,Negative
CUST01458,50,New,Coffee Maker,Home & Kitchen,THE PRODUCT DOES NOT WORK AS EXPECTED.,1.0,2026-06-30,Yes,Negative
CUST01459,57,New,Mixer Grinder,Home & Kitchen,Amazing quality and value for money.,4.0,2026-05-21,Yes,Positive
CUST01460,60,New,Novel,Books,The item arrived on time and was as described.,4.0,2025-02-21,Yes,Neutral
CUST01461,25,New,Green Tea,Grocery,"The product is comfortable, useful, and well made. Really!!",4.0,2026-11-25,Yes,Positive
CUST01462,33,Returning,Coffee Maker,Home & Kitchen,Excellent product! Very good quality and fast delivery. Order 9973.,4.0,2026-02-21,Yes,Positive
CUST01463,22,New,Mixer Grinder,Home & Kitchen,I really liked this product. It works perfectly. Really!!,5.0,2026-01-15,Yes,Positive
CUST01464,62,Loyal,Coffee Maker,Home & Kitchen,Excellent product! Very good quality and fast delivery. Order 7567. Really!!,5.0,2026-09-20,Yes,Positive
CUST01465,39,Loyal,Green Tea,Grocery,"The product is comfortable, useful, and well made.",5.0,2026-09-17,Yes,Positive
CUST01466,31,Returning,Dry Fruits,Grocery,THE QUALITY IS ACCEPTABLE FOR EVERYDAY USE. ORDER 4887.,4.0,2025-09-29,Yes,Neutral
CUST01467,33,New,Smart Watch,Electronics,The product is okay and works as expected. Really!!,4.0,2026-08-12,Yes,Neutral
CUST01468,24,Returning,Cricket Bat,Sports,Amazing quality and value for money.,5.0,2026-01-07,No,Positive
CUST01469,58,Loyal,Wireless Earbuds,Electronics,The item arrived late and the package was damaged. Order 9736.,2.0,2025-10-24,Yes,Negative
CUST01470,49,New,Shampoo,Beauty,Great experience. The item arrived on time.,5.0,2026-12-09,Yes,Positive
CUST01471,21,Returning,T-Shirt,Clothing,"It works properly, but nothing special.",3.0,2026-01-06,Yes,Neutral
CUST01472,25,Loyal,Running Shoes,Sports,THE PRODUCT IS OKAY AND WORKS AS EXPECTED. ORDER 7733.,4.0,2025-05-15,Yes,Neutral
CUST01473,32,New,Programming Book,Books,"THE PRODUCT IS COMFORTABLE, USEFUL, AND WELL MADE.",4.0,2026-12-08,Yes,Positive
CUST01474,44,Returning,Cookware Set,Home & Kitchen,I AM DISAPPOINTED WITH THIS PURCHASE. ORDER 3311.,1.0,2025-10-23,No,Negative
CUST01475,62,Loyal,Jeans,Clothing,Bad experience. I would not recommend this product.,1.0,2026-10-03,Yes,Negative
CUST01476,63,Returning,Novel,Books,Great experience. The item arrived on time. Order 6642. Really!!,5.0,2025-05-13,Yes,Positive
CUST01477,45,New,Cookbook,Books,Very happy with my purchase. Highly recommended!,4.0,2026-03-29,No,Positive
CUST01478,63,Returning,Running Shoes,Sports,I am disappointed with this purchase.,1.0,2025-04-11,Yes,Negative
CUST01479,62,Returning,Cookies,Grocery,I really liked this product. It works perfectly. Really!!,5.0,2026-09-17,No,Positive
CUST01480,22,Returning,Dry Fruits,Grocery,Excellent product! Very good quality and fast delivery.,5.0,2025-05-06,Yes,Positive
CUST01481,57,New,Moisturizer,Beauty,Great experience. The item arrived on time.,4.0,2026-05-13,No,Positive
CUST01482,41,Returning,Coffee,Grocery,Excellent product! Very good quality and fast delivery. Order 1679.,4.0,2026-09-15,Yes,Positive
CUST01483,47,Returning,Green Tea,Grocery,Very happy with my purchase. Highly recommended!,4.0,2026-11-15,Yes,Positive
CUST01484,56,Returning,Bluetooth Speaker,Electronics,"Product is decent, but there is room for improvement. Order 3045.",4.0,2025-09-25,Yes,Neutral
CUST01485,65,Returning,Moisturizer,Beauty,Very poor quality. The product stopped working quickly.,2.0,2026-01-25,Yes,Negative
CUST01486,53,Returning,Shampoo,Beauty,I really liked this product. It works perfectly. Really!!,4.0,2025-01-17,Yes,Positive
CUST01487,64,Loyal,Coffee Maker,Home & Kitchen,Average quality. It is fine for the price. Order 1293. Really!!,3.0,2025-01-23,No,Neutral
CUST01488,34,Returning,Cookbook,Books,Excellent product! Very good quality and fast delivery. Order 1899.,5.0,2025-12-02,Yes,Positive
CUST01489,58,Loyal,Running Shoes,Sports,Very happy with my purchase. Highly recommended!,4.0,2026-05-25,Yes,Positive
CUST01490,40,Returning,Jacket,Clothing,Great experience. The item arrived on time. Order 8966. Really!!,4.0,2025-03-14,No,Positive
CUST01491,34,Returning,Yoga Mat,Sports,Average quality. It is fine for the price.,4.0,2025-11-18,Yes,Neutral
CUST01492,48,Loyal,Shampoo,Beauty,I REALLY LIKED THIS PRODUCT. IT WORKS PERFECTLY. REALLY!!,5.0,2025-08-31,No,Positive
CUST01493,21,Loyal,Cookies,Grocery,GOOD PRODUCT AND THE DELIVERY WAS QUICK.,5.0,2025-08-18,Yes,Positive
CUST01494,49,Loyal,Cricket Bat,Sports,Great experience. The item arrived on time.,5.0,2026-11-20,Yes,Positive
CUST01495,62,New,Power Bank,Electronics,"The product is comfortable, useful, and well made. Order 2378.",5.0,2026-06-13,Yes,Positive
CUST01496,30,New,Water Bottle,Home & Kitchen,I am disappointed with this purchase.,1.0,2026-10-21,Yes,Negative
CUST01497,52,Returning,Bluetooth Speaker,Electronics,"The product is comfortable, useful, and well made.",4.0,2025-02-08,Yes,Positive
CUST01498,48,Loyal,Yoga Mat,Sports,I really liked this product. It works perfectly.,4.0,2025-07-01,No,Positive
CUST01499,32,Returning,Cookies,Grocery,Not worth the money. The quality is very poor.,2.0,2025-11-25,Yes,Negative
CUST01500,52,Loyal,Shampoo,Beauty,I really liked this product. It works perfectly. Really!!,5.0,2026-04-22,No,Positive
CUST01501,24,Loyal,Gym Gloves,Sports,Not worth the money. The quality is very poor.,1.0,2025-05-19,Yes,Negative
CUST01502,39,New,T-Shirt,Clothing,The item arrived on time and was as described. Order 5102. Really!!,3.0,2025-01-01,Yes,Neutral
CUST01503,56,New,Wireless Earbuds,Electronics,Amazing quality and value for money.,5.0,2026-11-16,Yes,Positive
CUST01504,43,New,Green Tea,Grocery,THE ITEM ARRIVED ON TIME AND WAS AS DESCRIBED. ORDER 2982.,3.0,2025-03-06,Yes,Neutral
CUST01505,30,New,Sneakers,Clothing,I REALLY LIKED THIS PRODUCT. IT WORKS PERFECTLY. ORDER 1114.,4.0,2026-04-01,No,Positive
CUST01506,49,Loyal,Jacket,Clothing,The product is okay and works as expected.,4.0,2026-03-22,Yes,Neutral
CUST01507,53,Loyal,Jacket,Clothing,I REALLY LIKED THIS PRODUCT. IT WORKS PERFECTLY. ORDER 8436. REALLY!!,4.0,2025-08-10,No,Positive
CUST01508,18,Loyal,Moisturizer,Beauty,"The product is comfortable, useful, and well made.",4.0,2026-06-02,No,Positive
CUST01509,65,Loyal,Moisturizer,Beauty,Very happy with my purchase. Highly recommended!,4.0,2025-03-29,Yes,Positive
CUST01510,49,Loyal,Dry Fruits,Grocery,"Product is decent, but there is room for improvement. Order 1995.",4.0,2025-09-05,Yes,Neutral
CUST01511,65,Returning,Smart Watch,Electronics,NOT WORTH THE MONEY. THE QUALITY IS VERY POOR. REALLY!!,1.0,2025-02-16,Yes,Negative
CUST01512,60,New,Cricket Bat,Sports,The item arrived late and the package was damaged.,2.0,2026-11-09,No,Negative
CUST01513,36,Loyal,Self Help Book,Books,I am disappointed with this purchase.,1.0,2025-09-20,Yes,Negative
CUST01514,57,Loyal,Coffee Maker,Home & Kitchen,Excellent product! Very good quality and fast delivery.,5.0,2026-06-28,Yes,Positive
CUST01515,65,Loyal,Gym Gloves,Sports,Very happy with my purchase. Highly recommended!,5.0,2025-07-08,Yes,Positive
CUST01516,57,New,Cookware Set,Home & Kitchen,Excellent product! Very good quality and fast delivery.,5.0,2025-01-28,Yes,Positive
CUST01517,65,New,Yoga Mat,Sports,Great experience. The item arrived on time.,4.0,2025-03-31,No,Positive
CUST01518,61,New,Cricket Bat,Sports,THE PRODUCT IS OKAY AND WORKS AS EXPECTED. ORDER 3574.,3.0,2026-11-09,Yes,Neutral
CUST01519,60,Loyal,Programming Book,Books,I really liked this product. It works perfectly. Really!!,4.0,2025-08-30,Yes,Positive
CUST01520,54,Loyal,Gym Gloves,Sports,The item arrived late and the package was damaged. Really!!,2.0,2026-04-19,Yes,Negative
CUST01521,48,New,Cookies,Grocery,"The product is comfortable, useful, and well made. Order 9368. Really!!",4.0,2025-03-07,Yes,Positive
CUST01522,35,Loyal,Cookies,Grocery,Average quality. It is fine for the price.,4.0,2026-12-26,No,Neutral
CUST01523,59,Returning,Coffee Maker,Home & Kitchen,"It works properly, but nothing special.",4.0,2026-07-24,Yes,Neutral
CUST01524,49,Returning,Bluetooth Speaker,Electronics,I really liked this product. It works perfectly.,5.0,2026-11-23,Yes,Positive
CUST01525,65,Returning,Gym Gloves,Sports,Very poor quality. The product stopped working quickly. Order 4168. Really!!,2.0,2025-12-20,Yes,Negative
CUST01526,38,Loyal,Coffee,Grocery,"It works properly, but nothing special.",4.0,2025-05-11,Yes,Neutral
CUST01527,58,New,Cookware Set,Home & Kitchen,The product is okay and works as expected.,3.0,2026-07-07,Yes,Neutral
CUST01528,39,Returning,Face Wash,Beauty,Very happy with my purchase. Highly recommended! Order 2760. Really!!,4.0,2025-09-09,No,Positive
CUST01529,28,Loyal,Face Wash,Beauty,Good product and the delivery was quick.,5.0,2025-09-01,Yes,Positive
CUST01530,30,New,Jeans,Clothing,"The product is comfortable, useful, and well made.",4.0,2026-03-01,No,Positive
CUST01531,53,Returning,Cookware Set,Home & Kitchen,The quality is acceptable for everyday use.,3.0,2026-08-05,Yes,Neutral
CUST01532,61,Returning,Jeans,Clothing,The product is okay and works as expected.,4.0,2025-09-19,Yes,Neutral
CUST01533,29,Loyal,Jacket,Clothing,I really liked this product. It works perfectly.,5.0,2026-05-04,Yes,Positive
CUST01534,39,Loyal,Cookies,Grocery,"The product is comfortable, useful, and well made.",5.0,2026-04-25,Yes,Positive
CUST01535,39,New,Jacket,Clothing,I really liked this product. It works perfectly. Really!!,4.0,2025-08-12,Yes,Positive
CUST01536,28,Loyal,Dry Fruits,Grocery,Bad experience. I would not recommend this product. Order 1643.,2.0,2026-06-04,Yes,Negative
CUST01537,33,New,Moisturizer,Beauty,Excellent product! Very good quality and fast delivery.,4.0,2026-02-05,Yes,Positive
CUST01538,28,Returning,Sneakers,Clothing,Bad experience. I would not recommend this product.,2.0,2025-03-01,Yes,Negative
CUST01539,46,Loyal,Self Help Book,Books,Great experience. The item arrived on time.,4.0,2025-01-31,Yes,Positive
CUST01540,58,Returning,Gym Gloves,Sports,I really liked this product. It works perfectly.,4.0,2026-12-20,Yes,Positive
CUST01541,45,Returning,Novel,Books,The quality is acceptable for everyday use.,3.0,2025-09-02,Yes,Neutral
CUST01542,33,Returning,Jacket,Clothing,The quality is acceptable for everyday use.,3.0,2026-01-24,Yes,Neutral
CUST01543,60,Loyal,Self Help Book,Books,"The product is comfortable, useful, and well made.",5.0,2026-06-11,No,Positive
CUST01544,65,Loyal,T-Shirt,Clothing,Very poor quality. The product stopped working quickly.,2.0,2025-03-24,Yes,Negative
CUST01545,64,Returning,Gym Gloves,Sports,Very happy with my purchase. Highly recommended! Order 6884.,5.0,2026-01-20,No,Positive
CUST01546,40,Loyal,Cookbook,Books,I really liked this product. It works perfectly.,4.0,2025-08-16,No,Positive
CUST01547,25,Returning,Coffee,Grocery,Amazing quality and value for money. Order 3109.,4.0,2025-12-22,Yes,Positive
CUST01548,18,New,Novel,Books,I really liked this product. It works perfectly.,4.0,2025-03-03,Yes,Positive
CUST01549,51,Returning,Yoga Mat,Sports,Very happy with my purchase. Highly recommended! Order 3621.,5.0,2026-09-16,Yes,Positive
CUST01550,25,New,Power Bank,Electronics,The product does not work as expected. Really!!,1.0,2026-10-27,Yes,Negative
CUST01551,56,Loyal,Smart Watch,Electronics,Bad experience. I would not recommend this product. Really!!,2.0,2026-08-04,Yes,Negative
CUST01552,61,Loyal,Sneakers,Clothing,I am disappointed with this purchase. Order 4944.,2.0,2026-01-02,Yes,Negative
CUST01553,21,Returning,Coffee Maker,Home & Kitchen,The item arrived on time and was as described.,3.0,2026-09-30,No,Neutral
CUST01554,54,Loyal,Moisturizer,Beauty,"IT WORKS PROPERLY, BUT NOTHING SPECIAL. ORDER 4728.",4.0,2025-05-21,Yes,Neutral
CUST01555,45,Returning,Coffee,Grocery,Average quality. It is fine for the price. Order 8782.,3.0,2025-02-15,No,Neutral
CUST01556,50,New,Coffee Maker,Home & Kitchen,The product is okay and works as expected.,3.0,2026-12-13,Yes,Neutral
CUST01557,26,New,Power Bank,Electronics,The quality is acceptable for everyday use.,3.0,2025-03-04,Yes,Neutral
CUST01558,40,Loyal,Coffee,Grocery,Great experience. The item arrived on time.,5.0,2025-03-10,No,Positive
CUST01559,57,New,Dry Fruits,Grocery,NOT WORTH THE MONEY. THE QUALITY IS VERY POOR. ORDER 5723. REALLY!!,2.0,2025-10-27,Yes,Negative
CUST01560,53,Returning,Gym Gloves,Sports,Amazing quality and value for money. Order 4419.,5.0,2026-10-28,Yes,Positive
CUST01561,53,New,Cookies,Grocery,The product is okay and works as expected.,3.0,2026-04-23,Yes,Neutral
CUST01562,65,New,Shampoo,Beauty,The item arrived late and the package was damaged. Order 5591.,1.0,2025-08-13,No,Negative
CUST01563,58,Returning,Jacket,Clothing,Good product and the delivery was quick. Order 7446. Really!!,4.0,2025-07-01,Yes,Positive
CUST01564,65,New,Novel,Books,Great experience. The item arrived on time.,4.0,2025-01-10,Yes,Positive
CUST01565,34,New,Green Tea,Grocery,I really liked this product. It works perfectly.,5.0,2026-06-24,Yes,Positive
CUST01566,50,New,Face Wash,Beauty,THE ITEM ARRIVED ON TIME AND WAS AS DESCRIBED.,4.0,2025-09-02,Yes,Neutral
CUST01567,49,New,Water Bottle,Home & Kitchen,I REALLY LIKED THIS PRODUCT. IT WORKS PERFECTLY.,5.0,2026-06-09,Yes,Positive
CUST01568,55,New,Running Shoes,Sports,Amazing quality and value for money. Order 3443.,5.0,2026-09-04,Yes,Positive
CUST01569,63,Returning,Cricket Bat,Sports,Average quality. It is fine for the price.,4.0,2026-08-06,Yes,Neutral
CUST01570,30,Returning,Moisturizer,Beauty,Average quality. It is fine for the price.,3.0,2026-01-26,Yes,Neutral
CUST01571,42,Returning,Cookbook,Books,Good product and the delivery was quick. Order 9797. Really!!,4.0,2026-08-13,Yes,Positive
CUST01572,32,New,Hair Dryer,Beauty,"The product is comfortable, useful, and well made.",5.0,2025-08-27,Yes,Positive
CUST01573,47,,Hair Dryer,Beauty,Very poor quality. The product stopped working quickly. Order 3429.,2.0,2025-01-21,Yes,Negative
CUST01574,32,Loyal,Hair Dryer,Beauty,"It works properly, but nothing special. Order 4941.",4.0,2026-02-28,Yes,Neutral
CUST01575,64,New,Wireless Earbuds,Electronics,The item arrived on time and was as described.,3.0,2025-03-05,Yes,Neutral
CUST01576,40,Returning,Coffee,Grocery,I am disappointed with this purchase.,2.0,2026-11-25,No,Negative
CUST01577,50,New,Coffee,Grocery,Excellent product! Very good quality and fast delivery. Really!!,5.0,2026-10-05,Yes,Positive
CUST01578,27,Returning,Jeans,Clothing,"The product is comfortable, useful, and well made.",5.0,2026-05-26,Yes,Positive
CUST01579,36,Returning,Mixer Grinder,Home & Kitchen,"It works properly, but nothing special.",3.0,2026-03-25,Yes,Neutral
CUST01580,44,New,Bluetooth Speaker,Electronics,AMAZING QUALITY AND VALUE FOR MONEY.,5.0,2026-06-19,No,Positive
CUST01581,47,Returning,Dry Fruits,Grocery,"It works properly, but nothing special. Order 7097. Really!!",4.0,2025-09-22,Yes,Neutral
CUST01582,56,New,Wireless Earbuds,Electronics,The item arrived on time and was as described.,4.0,2026-05-06,No,Neutral
CUST01583,19,New,Bluetooth Speaker,Electronics,Amazing quality and value for money. Order 5412. Really!!,4.0,2026-02-08,Yes,Positive
CUST01584,21,Loyal,Hair Dryer,Beauty,Very happy with my purchase. Highly recommended! Really!!,5.0,2026-08-02,No,Positive
CUST01585,49,New,T-Shirt,Clothing,I really liked this product. It works perfectly. Order 1902. Really!!,5.0,2026-04-03,Yes,Positive
CUST01586,27,Returning,Programming Book,Books,Great experience. The item arrived on time.,4.0,2025-02-05,Yes,Positive
CUST01587,47,Returning,Shampoo,Beauty,Very poor quality. The product stopped working quickly.,2.0,2025-06-25,Yes,Negative
CUST01588,38,New,Self Help Book,Books,Great experience. The item arrived on time.,5.0,2025-12-13,Yes,Positive
CUST01589,30,Returning,Jacket,Clothing,The quality is acceptable for everyday use. Really!!,3.0,2025-10-12,Yes,Neutral
CUST01590,61,Returning,Smart Watch,Electronics,VERY HAPPY WITH MY PURCHASE. HIGHLY RECOMMENDED!,4.0,2026-08-21,No,Positive
CUST01591,55,Loyal,Gym Gloves,Sports,Good product and the delivery was quick. Really!!,5.0,2025-02-27,Yes,Positive
CUST01592,49,Loyal,Wireless Earbuds,Electronics,Excellent product! Very good quality and fast delivery.,5.0,2025-05-16,No,Positive
CUST01593,31,Loyal,Water Bottle,Home & Kitchen,THE ITEM ARRIVED LATE AND THE PACKAGE WAS DAMAGED. REALLY!!,2.0,2026-04-27,Yes,Negative
CUST01594,55,Loyal,Running Shoes,Sports,"The product is comfortable, useful, and well made.",5.0,2025-10-09,Yes,Positive
CUST01595,18,New,Coffee,Grocery,Average quality. It is fine for the price.,4.0,2026-11-26,Yes,Neutral
CUST01596,52,New,Cricket Bat,Sports,Great experience. The item arrived on time.,5.0,2025-07-24,Yes,Positive
CUST01597,24,Returning,Dry Fruits,Grocery,VERY POOR QUALITY. THE PRODUCT STOPPED WORKING QUICKLY. REALLY!!,1.0,2026-11-29,Yes,Negative
CUST01598,24,Returning,Face Wash,Beauty,Great experience. The item arrived on time.,4.0,2025-03-07,Yes,Positive
CUST01599,28,Returning,Moisturizer,Beauty,I really liked this product. It works perfectly. Order 7590. Really!!,5.0,2026-01-16,No,Positive
CUST01600,60,Loyal,T-Shirt,Clothing,THE PRODUCT DOES NOT WORK AS EXPECTED. ORDER 2141. REALLY!!,1.0,2026-03-19,Yes,Negative
CUST01601,43,New,Shampoo,Beauty,"It works properly, but nothing special. Order 2624. Really!!",3.0,2025-01-31,Yes,Neutral
CUST01602,41,Returning,Green Tea,Grocery,Very happy with my purchase. Highly recommended!,5.0,2026-06-12,No,Positive
CUST01603,52,Returning,Face Wash,Beauty,The item arrived late and the package was damaged.,2.0,2025-08-21,No,Negative
CUST01604,31,Loyal,Dry Fruits,Grocery,The product does not work as expected.,1.0,2025-09-18,No,Negative
CUST01605,30,New,Yoga Mat,Sports,Excellent product! Very good quality and fast delivery. Really!!,4.0,2025-06-30,No,Positive
CUST01606,37,New,Running Shoes,Sports,THE ITEM ARRIVED ON TIME AND WAS AS DESCRIBED.,4.0,2025-12-02,Yes,Neutral
CUST01607,52,Returning,Jacket,Clothing,"THE PRODUCT IS COMFORTABLE, USEFUL, AND WELL MADE. ORDER 4754.",5.0,2025-05-19,Yes,Positive
CUST01608,38,Returning,Smart Watch,Electronics,"The product is comfortable, useful, and well made. Really!!",5.0,2026-04-22,No,Positive
CUST01609,26,New,Coffee,Grocery,I really liked this product. It works perfectly. Order 5541.,4.0,2026-03-14,Yes,Positive
CUST01610,44,New,Cookies,Grocery,"Product is decent, but there is room for improvement. Really!!",3.0,2026-02-04,Yes,Neutral
CUST01611,65,Returning,Jeans,Clothing,The product does not work as expected. Really!!,2.0,2025-07-27,No,Negative
CUST01612,41,Loyal,Wireless Earbuds,Electronics,THE QUALITY IS ACCEPTABLE FOR EVERYDAY USE. ORDER 3179.,4.0,2026-02-16,No,Neutral
CUST01613,29,New,Green Tea,Grocery,The product is okay and works as expected. Order 2746.,4.0,2026-05-26,Yes,Neutral
CUST01614,20,New,Self Help Book,Books,"It works properly, but nothing special.",3.0,2025-12-15,Yes,Neutral
CUST01615,24,Returning,Dry Fruits,Grocery,The quality is acceptable for everyday use. Order 7595. Really!!,3.0,2025-05-27,Yes,Neutral
CUST01616,55,New,Self Help Book,Books,"The product is comfortable, useful, and well made. Really!!",5.0,2026-09-23,Yes,Positive
CUST01617,25,Loyal,Cookbook,Books,GREAT EXPERIENCE. THE ITEM ARRIVED ON TIME. REALLY!!,4.0,2026-04-10,No,Positive
CUST01618,32,New,Novel,Books,"The product is comfortable, useful, and well made. Really!!",4.0,2026-10-12,Yes,Positive
CUST01619,23,Loyal,Wireless Earbuds,Electronics,Not worth the money. The quality is very poor. Order 2307.,1.0,2026-08-26,Yes,Negative
CUST01620,64,New,Jacket,Clothing,Good product and the delivery was quick.,5.0,2026-03-22,Yes,Positive
CUST01621,27,Loyal,Cookware Set,Home & Kitchen,The item arrived on time and was as described.,4.0,2025-06-10,Yes,Neutral
CUST01622,38,Loyal,Smart Watch,Electronics,The item arrived late and the package was damaged.,2.0,2025-04-04,Yes,Negative
CUST01623,47,New,Programming Book,Books,"Product is decent, but there is room for improvement. Really!!",3.0,2026-09-20,Yes,Neutral
CUST01624,55,Loyal,Wireless Earbuds,Electronics,Very happy with my purchase. Highly recommended! Order 8075.,4.0,2025-10-04,Yes,Positive
CUST01625,63,Returning,Self Help Book,Books,Amazing quality and value for money. Order 5023.,5.0,2026-05-08,Yes,Positive
CUST01626,27,New,Water Bottle,Home & Kitchen,"THE PRODUCT IS COMFORTABLE, USEFUL, AND WELL MADE.",5.0,2026-02-27,Yes,Positive
CUST01627,61,Loyal,Wireless Earbuds,Electronics,Very poor quality. The product stopped working quickly. Order 6116.,2.0,2026-06-09,Yes,Negative
CUST01628,55,Loyal,Running Shoes,Sports,I am disappointed with this purchase.,2.0,2026-03-14,Yes,Negative
CUST01629,19,Returning,Jacket,Clothing,Bad experience. I would not recommend this product.,2.0,2025-05-17,Yes,Negative
CUST01630,62,Loyal,Moisturizer,Beauty,Amazing quality and value for money.,5.0,2025-09-12,Yes,Positive
CUST01631,27,New,Novel,Books,Great experience. The item arrived on time.,5.0,2025-08-20,Yes,Positive
CUST01632,64,New,Cookies,Grocery,"THE PRODUCT IS COMFORTABLE, USEFUL, AND WELL MADE.",4.0,2025-04-23,Yes,Positive
CUST01633,25,Loyal,Wireless Earbuds,Electronics,Excellent product! Very good quality and fast delivery.,5.0,2026-09-14,Yes,Positive
CUST01634,24,New,Self Help Book,Books,Very happy with my purchase. Highly recommended!,4.0,2026-07-03,Yes,Positive
CUST01635,57,New,Jeans,Clothing,Very happy with my purchase. Highly recommended!,5.0,2025-02-15,Yes,Positive
CUST01636,57,Returning,Jeans,Clothing,The product is okay and works as expected.,4.0,2025-07-02,Yes,Neutral
CUST01637,46,Loyal,Bluetooth Speaker,Electronics,Excellent product! Very good quality and fast delivery.,5.0,2025-02-13,Yes,Positive
CUST01638,21,Loyal,Novel,Books,I really liked this product. It works perfectly.,5.0,2026-04-16,Yes,Positive
CUST01639,18,Loyal,T-Shirt,Clothing,Great experience. The item arrived on time.,5.0,2025-11-30,Yes,Positive
CUST01640,53,New,Novel,Books,Excellent product! Very good quality and fast delivery.,4.0,2025-12-20,Yes,Positive
CUST01641,58,Returning,Dry Fruits,Grocery,Great experience. The item arrived on time. Really!!,4.0,2025-12-02,Yes,Positive
CUST01642,59,New,Sneakers,Clothing,I really liked this product. It works perfectly.,4.0,2025-09-13,Yes,Positive
CUST01643,55,New,Yoga Mat,Sports,Average quality. It is fine for the price.,3.0,2026-08-05,No,Neutral
CUST01644,53,Returning,Jeans,Clothing,Amazing quality and value for money.,5.0,2026-05-16,No,Positive
CUST01645,21,New,Running Shoes,Sports,Good product and the delivery was quick.,5.0,2025-02-06,Yes,Positive
CUST01646,45,New,Power Bank,Electronics,Great experience. The item arrived on time. Order 6347.,4.0,2025-01-18,Yes,Positive
CUST01647,52,New,Face Wash,Beauty,Amazing quality and value for money.,4.0,2026-03-25,Yes,Positive
CUST01648,62,New,Programming Book,Books,I really liked this product. It works perfectly. Order 5854.,5.0,2026-07-22,Yes,Positive
CUST01649,59,Loyal,Cookies,Grocery,"Product is decent, but there is room for improvement. Really!!",3.0,2026-01-28,Yes,Neutral
CUST01650,27,New,Self Help Book,Books,Very poor quality. The product stopped working quickly.,2.0,2026-08-18,Yes,Negative
CUST01651,52,Returning,Wireless Earbuds,Electronics,"The product is comfortable, useful, and well made.",5.0,2025-03-17,Yes,Positive
CUST01652,51,New,Smart Watch,Electronics,Amazing quality and value for money. Really!!,4.0,2025-09-12,Yes,Positive
CUST01653,26,Loyal,Yoga Mat,Sports,Very poor quality. The product stopped working quickly. Really!!,2.0,2025-10-11,No,Negative
CUST01654,47,Loyal,T-Shirt,Clothing,Very happy with my purchase. Highly recommended! Order 1531.,5.0,2026-01-18,Yes,Positive
CUST01655,53,Returning,Cookbook,Books,Very poor quality. The product stopped working quickly.,2.0,2026-02-22,Yes,Negative
CUST01656,48,Returning,T-Shirt,Clothing,I really liked this product. It works perfectly.,5.0,2025-12-17,Yes,Positive
CUST01657,26,Loyal,Water Bottle,Home & Kitchen,"Product is decent, but there is room for improvement.",3.0,2026-08-14,Yes,Neutral
CUST01658,53,New,Power Bank,Electronics,Very happy with my purchase. Highly recommended!,4.0,2025-06-13,Yes,Positive
CUST01659,23,Loyal,Shampoo,Beauty,Bad experience. I would not recommend this product.,2.0,2025-01-11,Yes,Negative
CUST01660,41,Loyal,Coffee,Grocery,"Product is decent, but there is room for improvement. Order 6049. Really!!",4.0,2025-05-11,No,Neutral
CUST01661,24,New,Jacket,Clothing,THE QUALITY IS ACCEPTABLE FOR EVERYDAY USE.,4.0,2025-12-01,Yes,Neutral
CUST01662,49,New,Jacket,Clothing,Amazing quality and value for money.,4.0,2026-03-19,No,Positive
CUST01663,48,Returning,Cookware Set,Home & Kitchen,The product is okay and works as expected. Order 6961.,4.0,2025-09-25,No,Neutral
CUST01664,35,Returning,Self Help Book,Books,"The product is comfortable, useful, and well made. Order 9271.",4.0,2026-09-01,Yes,Positive
CUST01665,61,Loyal,Cookies,Grocery,"The product is comfortable, useful, and well made.",4.0,2026-07-20,Yes,Positive
CUST01666,20,Loyal,Dry Fruits,Grocery,The quality is acceptable for everyday use. Order 2353.,3.0,2025-08-07,Yes,Neutral
CUST01667,41,New,Dry Fruits,Grocery,Great experience. The item arrived on time.,5.0,2025-08-21,Yes,Positive
CUST01668,19,Loyal,Wireless Earbuds,Electronics,Average quality. It is fine for the price.,4.0,2026-01-11,Yes,Neutral
CUST01669,27,Loyal,Water Bottle,Home & Kitchen,I REALLY LIKED THIS PRODUCT. IT WORKS PERFECTLY.,4.0,2025-12-30,Yes,Positive
CUST01670,23,Loyal,Jeans,Clothing,Very happy with my purchase. Highly recommended! Order 7251.,5.0,2026-12-11,Yes,Positive
CUST01671,25,New,Face Wash,Beauty,The item arrived on time and was as described.,4.0,2026-12-22,No,Neutral
CUST01672,63,New,T-Shirt,Clothing,Excellent product! Very good quality and fast delivery. Order 1668.,4.0,2025-02-06,Yes,Positive
CUST01673,48,Returning,Sneakers,Clothing,"The product is comfortable, useful, and well made.",5.0,2025-09-13,Yes,Positive
CUST01674,46,New,Gym Gloves,Sports,I really liked this product. It works perfectly.,5.0,2026-04-11,Yes,Positive
CUST01675,55,Loyal,Smart Watch,Electronics,I really liked this product. It works perfectly.,4.0,2026-11-16,Yes,Positive
CUST01676,55,New,Moisturizer,Beauty,Very happy with my purchase. Highly recommended!,5.0,2025-01-29,No,Positive
CUST01677,59,Returning,Moisturizer,Beauty,I REALLY LIKED THIS PRODUCT. IT WORKS PERFECTLY. ORDER 6272.,5.0,2026-10-19,Yes,Positive
CUST01678,52,New,Face Wash,Beauty,Excellent product! Very good quality and fast delivery.,5.0,2026-04-28,Yes,Positive
CUST01679,30,Loyal,Gym Gloves,Sports,"The product is comfortable, useful, and well made. Order 5261.",4.0,2026-05-22,Yes,Positive
CUST01680,43,New,Moisturizer,Beauty,I really liked this product. It works perfectly. Order 4879.,4.0,2026-01-21,Yes,Positive
CUST01681,65,Loyal,Jeans,Clothing,Good product and the delivery was quick.,4.0,2025-04-08,Yes,Positive
CUST01682,39,Returning,Cookbook,Books,"The product is comfortable, useful, and well made.",4.0,2025-02-01,No,Positive
CUST01683,24,Returning,Coffee,Grocery,Great experience. The item arrived on time.,5.0,2026-02-02,Yes,Positive
CUST01684,18,Loyal,Coffee,Grocery,Good product and the delivery was quick.,4.0,2025-05-11,No,Positive
CUST01685,19,Loyal,Cricket Bat,Sports,Not worth the money. The quality is very poor. Really!!,1.0,2026-12-15,Yes,Negative
CUST01686,42,New,Wireless Earbuds,Electronics,"The product is comfortable, useful, and well made.",5.0,2025-12-03,Yes,Positive
CUST01687,20,Returning,Cookbook,Books,"THE PRODUCT IS COMFORTABLE, USEFUL, AND WELL MADE.",4.0,2026-01-09,Yes,Positive
CUST01688,51,Loyal,Shampoo,Beauty,Good product and the delivery was quick. Order 2775.,5.0,2026-08-05,Yes,Positive
CUST01689,25,Loyal,Bluetooth Speaker,Electronics,Amazing quality and value for money. Really!!,4.0,2026-11-30,Yes,Positive
CUST01690,18,New,Bluetooth Speaker,Electronics,Average quality. It is fine for the price.,4.0,2026-01-16,Yes,Neutral
CUST01691,58,New,Jeans,Clothing,I am disappointed with this purchase. Order 9736.,1.0,2025-12-20,Yes,Negative
CUST01692,61,New,Jacket,Clothing,"THE PRODUCT IS COMFORTABLE, USEFUL, AND WELL MADE.",4.0,2025-11-11,Yes,Positive
CUST01693,22,Loyal,Yoga Mat,Sports,GOOD PRODUCT AND THE DELIVERY WAS QUICK. ORDER 8048. REALLY!!,4.0,2026-04-30,Yes,Positive
CUST01694,28,Returning,Self Help Book,Books,The product does not work as expected.,2.0,2025-06-04,No,Negative
CUST01695,57,Loyal,Coffee,Grocery,Amazing quality and value for money. Order 1898.,5.0,2025-01-29,Yes,Positive
CUST01696,52,New,Hair Dryer,Beauty,"The product is comfortable, useful, and well made. Really!!",5.0,2025-11-14,No,Positive
CUST01697,52,Loyal,Cookies,Grocery,Great experience. The item arrived on time.,5.0,2025-10-03,Yes,Positive
CUST01698,63,Loyal,Cricket Bat,Sports,Average quality. It is fine for the price.,3.0,2025-10-26,Yes,Neutral
CUST01699,32,Returning,Water Bottle,Home & Kitchen,The product is okay and works as expected. Order 1620.,4.0,2026-07-30,No,Neutral
CUST01700,35,Loyal,Jacket,Clothing,Amazing quality and value for money.,4.0,2025-02-20,Yes,Positive
CUST01701,43,Returning,Moisturizer,Beauty,I really liked this product. It works perfectly. Order 1877.,4.0,2026-08-08,Yes,Positive
CUST01702,18,Returning,Running Shoes,Sports,"THE PRODUCT IS COMFORTABLE, USEFUL, AND WELL MADE.",5.0,2026-06-09,No,Positive
CUST01703,29,Returning,Shampoo,Beauty,Great experience. The item arrived on time.,5.0,2025-04-18,Yes,Positive
CUST01704,44,New,Self Help Book,Books,THE ITEM ARRIVED ON TIME AND WAS AS DESCRIBED. ORDER 9767.,3.0,2025-05-12,No,Neutral
CUST01705,32,Returning,Cookies,Grocery,The product is okay and works as expected. Order 1941.,4.0,2026-01-12,Yes,Neutral
CUST01706,55,Loyal,Gym Gloves,Sports,Average quality. It is fine for the price.,4.0,2026-01-27,Yes,Neutral
CUST01707,23,New,Yoga Mat,Sports,"Product is decent, but there is room for improvement. Order 2573.",4.0,2025-08-05,Yes,Neutral
CUST01708,45,Returning,Water Bottle,Home & Kitchen,Excellent product! Very good quality and fast delivery.,5.0,2026-08-06,Yes,Positive
CUST01709,43,New,Jacket,Clothing,VERY HAPPY WITH MY PURCHASE. HIGHLY RECOMMENDED!,5.0,2026-08-09,No,Positive
CUST01710,62,Loyal,Green Tea,Grocery,Excellent product! Very good quality and fast delivery. Order 9551.,4.0,2026-02-16,Yes,Positive
CUST01711,36,Loyal,Mixer Grinder,Home & Kitchen,Excellent product! Very good quality and fast delivery. Order 8875.,4.0,2026-06-19,No,Positive
CUST01712,57,New,Running Shoes,Sports,Very poor quality. The product stopped working quickly.,1.0,2026-09-26,Yes,Negative
CUST01713,22,Loyal,Jacket,Clothing,The product is okay and works as expected.,4.0,2026-04-07,Yes,Neutral
CUST01714,51,Loyal,Gym Gloves,Sports,Very happy with my purchase. Highly recommended!,5.0,2026-08-10,Yes,Positive
CUST01715,59,New,Bluetooth Speaker,Electronics,I really liked this product. It works perfectly.,5.0,2025-04-17,Yes,Positive
CUST01716,52,Loyal,Shampoo,Beauty,"The product is comfortable, useful, and well made.",4.0,2025-11-10,Yes,Positive
CUST01717,65,Returning,Water Bottle,Home & Kitchen,Good product and the delivery was quick.,4.0,2026-04-14,Yes,Positive
CUST01718,21,New,Coffee Maker,Home & Kitchen,Excellent product! Very good quality and fast delivery. Order 3930.,5.0,2026-12-07,Yes,Positive
CUST01719,43,New,Coffee Maker,Home & Kitchen,THE ITEM ARRIVED ON TIME AND WAS AS DESCRIBED. ORDER 1109.,3.0,2025-04-18,Yes,Neutral
CUST01720,18,Loyal,Self Help Book,Books,"Product is decent, but there is room for improvement.",3.0,2026-12-29,Yes,Neutral
CUST01721,18,Returning,T-Shirt,Clothing,Excellent product! Very good quality and fast delivery.,4.0,2025-06-12,No,Positive
CUST01722,55,Loyal,Cookies,Grocery,Very happy with my purchase. Highly recommended!,5.0,2025-04-23,Yes,Positive
CUST01723,50,New,Coffee Maker,Home & Kitchen,I really liked this product. It works perfectly. Order 2376.,5.0,2026-03-11,Yes,Positive
CUST01724,19,New,Bluetooth Speaker,Electronics,I really liked this product. It works perfectly. Really!!,4.0,2025-07-29,Yes,Positive
CUST01725,21,Loyal,Face Wash,Beauty,Good product and the delivery was quick.,4.0,2025-07-21,Yes,Positive
CUST01726,47,New,Hair Dryer,Beauty,Great experience. The item arrived on time.,5.0,2026-09-04,Yes,Positive
CUST01727,48,Loyal,Coffee Maker,Home & Kitchen,"The product is comfortable, useful, and well made.",4.0,2025-03-18,Yes,Positive
CUST01728,50,Returning,Mixer Grinder,Home & Kitchen,"The product is comfortable, useful, and well made. Order 2678.",4.0,2025-01-01,No,Positive
CUST01729,39,Loyal,Hair Dryer,Beauty,The product is okay and works as expected.,4.0,2025-10-29,Yes,Neutral
CUST01730,62,New,Sneakers,Clothing,The item arrived on time and was as described.,3.0,2026-05-08,Yes,Neutral
CUST01731,27,Returning,Face Wash,Beauty,"Product is decent, but there is room for improvement.",4.0,2026-03-13,Yes,Neutral
CUST01732,50,Returning,Cookware Set,Home & Kitchen,Not worth the money. The quality is very poor. Really!!,2.0,2025-09-28,Yes,Negative
CUST01733,20,Loyal,Hair Dryer,Beauty,The item arrived on time and was as described.,4.0,2025-08-17,No,Neutral
CUST01734,36,Loyal,Shampoo,Beauty,"The product is comfortable, useful, and well made.",4.0,2025-01-28,Yes,Positive
CUST01735,64,Returning,Water Bottle,Home & Kitchen,I really liked this product. It works perfectly.,4.0,2025-08-06,Yes,Positive
CUST01736,53,Loyal,Sneakers,Clothing,"Product is decent, but there is room for improvement.",4.0,2025-10-06,Yes,Neutral
CUST01737,38,New,Hair Dryer,Beauty,Excellent product! Very good quality and fast delivery.,4.0,2025-09-27,Yes,Positive
CUST01738,37,Loyal,Gym Gloves,Sports,Great experience. The item arrived on time.,5.0,2026-01-30,Yes,Positive
CUST01739,52,Loyal,Green Tea,Grocery,Great experience. The item arrived on time.,4.0,2026-04-08,Yes,Positive
CUST01740,21,Loyal,Gym Gloves,Sports,BAD EXPERIENCE. I WOULD NOT RECOMMEND THIS PRODUCT. REALLY!!,1.0,2026-07-25,Yes,Negative
CUST01741,58,Loyal,Shampoo,Beauty,"The product is comfortable, useful, and well made.",4.0,2025-09-23,Yes,Positive
CUST01742,56,Returning,Face Wash,Beauty,"Product is decent, but there is room for improvement.",4.0,2026-01-15,Yes,Neutral
CUST01743,56,New,Programming Book,Books,Good product and the delivery was quick.,5.0,2026-03-17,Yes,Positive
CUST01744,30,Loyal,Sneakers,Clothing,The item arrived late and the package was damaged. Order 4784. Really!!,1.0,2025-04-06,Yes,Negative
CUST01745,19,New,Coffee Maker,Home & Kitchen,Excellent product! Very good quality and fast delivery.,5.0,2025-10-21,No,Positive
CUST01746,63,Loyal,Cookies,Grocery,Excellent product! Very good quality and fast delivery. Order 7881.,4.0,2026-08-21,No,Positive
CUST01747,26,Loyal,Shampoo,Beauty,Good product and the delivery was quick.,4.0,2025-04-17,No,Positive
CUST01748,36,New,Mixer Grinder,Home & Kitchen,THE ITEM ARRIVED LATE AND THE PACKAGE WAS DAMAGED.,1.0,2025-05-02,Yes,Negative
CUST01749,34,Loyal,Mixer Grinder,Home & Kitchen,"The product is comfortable, useful, and well made.",4.0,2025-12-14,Yes,Positive
CUST01750,33,New,Coffee Maker,Home & Kitchen,"The product is comfortable, useful, and well made.",5.0,2025-08-21,Yes,Positive
CUST01751,57,Returning,Shampoo,Beauty,The product is okay and works as expected.,3.0,2026-04-18,Yes,Neutral
CUST01752,52,New,Dry Fruits,Grocery,Not worth the money. The quality is very poor. Really!!,2.0,2025-02-23,No,Negative
CUST01753,39,Returning,Face Wash,Beauty,Great experience. The item arrived on time.,4.0,2025-12-03,Yes,Positive
CUST01754,48,Loyal,Coffee,Grocery,Not worth the money. The quality is very poor. Really!!,1.0,2025-10-23,No,Negative
CUST01755,60,Loyal,Water Bottle,Home & Kitchen,I am disappointed with this purchase. Order 9120. Really!!,1.0,2025-11-03,Yes,Negative
CUST01756,60,New,Cookbook,Books,I really liked this product. It works perfectly.,5.0,2025-01-14,No,Positive
CUST01757,50,Loyal,Self Help Book,Books,GREAT EXPERIENCE. THE ITEM ARRIVED ON TIME.,4.0,2026-08-06,No,Positive
CUST01758,34,Returning,Cookbook,Books,Great experience. The item arrived on time.,5.0,2026-05-11,Yes,Positive
CUST01759,39,New,T-Shirt,Clothing,Amazing quality and value for money.,4.0,2025-09-27,Yes,Positive
CUST01760,29,Returning,Cookbook,Books,AMAZING QUALITY AND VALUE FOR MONEY.,5.0,2025-12-26,Yes,Positive
CUST01761,56,Returning,Jacket,Clothing,The item arrived on time and was as described.,3.0,2026-02-21,Yes,Neutral
CUST01762,22,Returning,Green Tea,Grocery,Not worth the money. The quality is very poor.,1.0,2026-03-22,Yes,Negative
CUST01763,34,New,Gym Gloves,Sports,The quality is acceptable for everyday use.,3.0,2026-05-08,Yes,Neutral
CUST01764,64,Returning,Cookware Set,Home & Kitchen,Great experience. The item arrived on time.,5.0,2025-03-30,Yes,Positive
CUST01765,60,Returning,Programming Book,Books,Not worth the money. The quality is very poor.,1.0,2026-08-14,Yes,Negative
CUST01766,63,New,Novel,Books,I really liked this product. It works perfectly.,5.0,2026-08-21,No,Positive
CUST01767,21,Loyal,Cookware Set,Home & Kitchen,Very happy with my purchase. Highly recommended!,5.0,2026-03-01,Yes,Positive
CUST01768,60,Loyal,Moisturizer,Beauty,Great experience. The item arrived on time. Order 1338.,4.0,2026-10-19,Yes,Positive
CUST01769,34,Loyal,Self Help Book,Books,Very happy with my purchase. Highly recommended!,4.0,2026-03-12,Yes,Positive
CUST01770,45,Returning,Coffee,Grocery,I REALLY LIKED THIS PRODUCT. IT WORKS PERFECTLY. REALLY!!,4.0,2025-04-28,Yes,Positive
CUST01771,65,New,Moisturizer,Beauty,The product is okay and works as expected.,4.0,2026-10-10,Yes,Neutral
CUST01772,36,New,Smart Watch,Electronics,"It works properly, but nothing special.",3.0,2025-04-22,Yes,Neutral
CUST01773,61,New,Sneakers,Clothing,The product is okay and works as expected. Order 9276.,4.0,2025-01-28,Yes,Neutral
CUST01774,55,New,Mixer Grinder,Home & Kitchen,Very happy with my purchase. Highly recommended!,4.0,2026-09-03,Yes,Positive
CUST01775,45,Loyal,Running Shoes,Sports,"PRODUCT IS DECENT, BUT THERE IS ROOM FOR IMPROVEMENT.",4.0,2026-07-12,Yes,Neutral
CUST01776,65,New,T-Shirt,Clothing,Bad experience. I would not recommend this product.,2.0,2026-10-04,Yes,Negative
CUST01777,47,Returning,Cookbook,Books,The item arrived late and the package was damaged. Order 5510.,1.0,2026-12-29,No,Negative
CUST01778,65,Loyal,Dry Fruits,Grocery,I really liked this product. It works perfectly.,4.0,2026-03-26,Yes,Positive
CUST01779,56,Loyal,Hair Dryer,Beauty,The product is okay and works as expected.,3.0,2026-05-06,Yes,Neutral
CUST01780,22,Loyal,Hair Dryer,Beauty,Very happy with my purchase. Highly recommended!,5.0,2025-04-06,Yes,Positive
CUST01781,45,New,Coffee,Grocery,Not worth the money. The quality is very poor.,2.0,2026-05-24,Yes,Negative
CUST01782,46,New,Coffee Maker,Home & Kitchen,I really liked this product. It works perfectly.,4.0,2026-12-12,Yes,Positive
CUST01783,56,New,Sneakers,Clothing,Amazing quality and value for money. Order 5191. Really!!,5.0,2025-05-19,No,Positive
CUST01784,25,Loyal,Jeans,Clothing,Average quality. It is fine for the price.,4.0,2025-01-03,Yes,Neutral
CUST01785,51,New,Green Tea,Grocery,"The product is comfortable, useful, and well made.",4.0,2026-10-04,No,Positive
CUST01786,18,Loyal,Jacket,Clothing,Great experience. The item arrived on time.,4.0,2026-09-16,No,Positive
CUST01787,57,Loyal,Cricket Bat,Sports,,4.0,2025-08-24,Yes,Neutral
CUST01788,27,Loyal,Water Bottle,Home & Kitchen,The item arrived on time and was as described.,3.0,2026-07-26,Yes,Neutral
CUST01789,62,Loyal,Sneakers,Clothing,Great experience. The item arrived on time.,5.0,2025-08-07,No,Positive
CUST01790,33,Returning,T-Shirt,Clothing,"The product is comfortable, useful, and well made. Order 7153. Really!!",4.0,2026-10-30,Yes,Positive
CUST01791,56,New,Mixer Grinder,Home & Kitchen,GOOD PRODUCT AND THE DELIVERY WAS QUICK.,5.0,2025-06-05,No,Positive
CUST01792,23,New,Green Tea,Grocery,AVERAGE QUALITY. IT IS FINE FOR THE PRICE.,3.0,2026-07-21,No,Neutral
CUST01793,20,New,Wireless Earbuds,Electronics,I am disappointed with this purchase.,2.0,2026-01-26,Yes,Negative
CUST01794,44,Returning,Green Tea,Grocery,I really liked this product. It works perfectly.,5.0,2026-05-08,Yes,Positive
CUST01795,27,Returning,Cricket Bat,Sports,"The product is comfortable, useful, and well made. Order 6489.",4.0,2025-05-20,Yes,Positive
CUST01796,46,Returning,Novel,Books,THE PRODUCT DOES NOT WORK AS EXPECTED.,1.0,2025-03-10,Yes,Negative
CUST01797,61,Returning,Novel,Books,GOOD PRODUCT AND THE DELIVERY WAS QUICK. ORDER 7098. REALLY!!,4.0,2025-01-30,Yes,Positive
CUST01798,61,New,Cookbook,Books,Excellent product! Very good quality and fast delivery. Order 6516.,4.0,2026-09-25,Yes,Positive
CUST01799,62,Returning,Programming Book,Books,Very poor quality. The product stopped working quickly.,2.0,2025-12-06,Yes,Negative
CUST01800,37,New,Gym Gloves,Sports,THE ITEM ARRIVED LATE AND THE PACKAGE WAS DAMAGED.,1.0,2026-12-06,Yes,Negative
CUST01801,63,New,Power Bank,Electronics,"It works properly, but nothing special.",4.0,2026-04-30,No,Neutral
CUST01802,26,New,Dry Fruits,Grocery,Amazing quality and value for money.,5.0,2026-07-08,Yes,Positive
CUST01803,47,Loyal,Hair Dryer,Beauty,Excellent product! Very good quality and fast delivery.,4.0,2026-03-11,Yes,Positive
CUST01804,36,New,Water Bottle,Home & Kitchen,I really liked this product. It works perfectly.,4.0,2026-08-29,Yes,Positive
CUST01805,55,Returning,Moisturizer,Beauty,Amazing quality and value for money. Order 1764.,5.0,2025-09-09,Yes,Positive
CUST01806,65,Loyal,Novel,Books,Very happy with my purchase. Highly recommended!,4.0,2026-08-19,Yes,Positive
CUST01807,33,Loyal,Novel,Books,"It works properly, but nothing special. Order 3661.",4.0,2026-01-22,Yes,Neutral
CUST01808,57,Loyal,Cookware Set,Home & Kitchen,"The product is comfortable, useful, and well made.",5.0,2025-03-13,Yes,Positive
CUST01809,36,Returning,Shampoo,Beauty,Very happy with my purchase. Highly recommended!,5.0,2026-02-18,No,Positive
CUST01810,27,New,Dry Fruits,Grocery,I am disappointed with this purchase.,1.0,2025-07-02,Yes,Negative
CUST01811,55,Returning,Bluetooth Speaker,Electronics,Good product and the delivery was quick.,5.0,2025-06-03,Yes,Positive
CUST01812,41,New,T-Shirt,Clothing,Great experience. The item arrived on time. Order 5258.,4.0,2025-05-03,Yes,Positive
CUST01813,48,Returning,Jeans,Clothing,Great experience. The item arrived on time. Really!!,4.0,2026-01-15,Yes,Positive
CUST01814,30,Returning,Jacket,Clothing,Very happy with my purchase. Highly recommended! Order 9356.,4.0,2025-07-28,Yes,Positive
CUST01815,61,Loyal,Sneakers,Clothing,Amazing quality and value for money. Order 3225. Really!!,4.0,2025-02-13,Yes,Positive
CUST01816,54,Loyal,Cookies,Grocery,I am disappointed with this purchase. Order 1617.,2.0,2025-02-09,Yes,Negative
CUST01817,60,Returning,Green Tea,Grocery,The product is okay and works as expected.,4.0,2026-08-16,Yes,Neutral
CUST01818,20,New,Green Tea,Grocery,"The product is comfortable, useful, and well made. Order 4849.",4.0,2026-05-18,Yes,Positive
CUST01819,58,Returning,Gym Gloves,Sports,The quality is acceptable for everyday use.,3.0,2025-07-22,Yes,Neutral
CUST01820,20,Loyal,Cricket Bat,Sports,"Product is decent, but there is room for improvement.",3.0,2025-09-30,Yes,Neutral
CUST01821,65,Loyal,Cookies,Grocery,The item arrived late and the package was damaged.,2.0,2026-06-11,No,Negative
CUST01822,37,Returning,Green Tea,Grocery,The product is okay and works as expected.,4.0,2026-03-19,Yes,Neutral
CUST01823,48,New,Hair Dryer,Beauty,I am disappointed with this purchase.,1.0,2025-12-18,No,Negative
CUST01824,59,New,Shampoo,Beauty,EXCELLENT PRODUCT! VERY GOOD QUALITY AND FAST DELIVERY.,5.0,2025-04-17,Yes,Positive
CUST01825,29,Loyal,Cookbook,Books,The item arrived on time and was as described.,4.0,2025-11-12,Yes,Neutral
CUST01826,60,New,Jacket,Clothing,I really liked this product. It works perfectly.,4.0,2026-09-02,Yes,Positive
CUST01827,40,New,Sneakers,Clothing,Bad experience. I would not recommend this product.,2.0,2025-02-25,Yes,Negative
CUST01828,52,Returning,Wireless Earbuds,Electronics,THE PRODUCT DOES NOT WORK AS EXPECTED. REALLY!!,1.0,2026-07-16,Yes,Negative
CUST01829,56,Returning,T-Shirt,Clothing,"Product is decent, but there is room for improvement.",4.0,2025-02-21,Yes,Neutral
CUST01830,23,Returning,Wireless Earbuds,Electronics,"The product is comfortable, useful, and well made.",4.0,2026-04-26,No,Positive
CUST01831,59,New,Sneakers,Clothing,Amazing quality and value for money. Order 9412.,4.0,2026-04-19,Yes,Positive
CUST01832,39,Returning,Self Help Book,Books,Great experience. The item arrived on time.,5.0,2026-01-10,Yes,Positive
CUST01833,29,New,Bluetooth Speaker,Electronics,I really liked this product. It works perfectly. Order 5258.,4.0,2026-01-21,No,Positive
CUST01834,29,New,Shampoo,Beauty,"It works properly, but nothing special. Really!!",4.0,2026-04-16,Yes,Neutral
CUST01835,45,Returning,Coffee Maker,Home & Kitchen,The item arrived on time and was as described.,3.0,2025-12-30,Yes,Neutral
CUST01836,49,Returning,Gym Gloves,Sports,Amazing quality and value for money. Order 1168. Really!!,4.0,2026-02-06,Yes,Positive
CUST01837,61,New,Jeans,Clothing,Amazing quality and value for money.,4.0,2025-03-12,Yes,Positive
CUST01838,36,New,Coffee Maker,Home & Kitchen,I really liked this product. It works perfectly. Order 2499.,5.0,2025-04-30,No,Positive
CUST01839,41,New,Dry Fruits,Grocery,I really liked this product. It works perfectly.,4.0,2026-12-02,Yes,Positive
CUST01840,63,Returning,Running Shoes,Sports,I really liked this product. It works perfectly.,4.0,2025-02-20,Yes,Positive
CUST01841,32,Returning,Mixer Grinder,Home & Kitchen,"PRODUCT IS DECENT, BUT THERE IS ROOM FOR IMPROVEMENT. ORDER 7918.",4.0,2026-01-29,Yes,Neutral
CUST01842,46,New,Running Shoes,Sports,The item arrived late and the package was damaged. Really!!,2.0,2026-05-30,No,Negative
CUST01843,26,New,Self Help Book,Books,Average quality. It is fine for the price.,3.0,2025-07-29,Yes,Neutral
CUST01844,60,Loyal,Jeans,Clothing,Bad experience. I would not recommend this product. Order 4086.,1.0,2026-11-16,Yes,Negative
CUST01845,32,New,Jeans,Clothing,I really liked this product. It works perfectly. Really!!,5.0,2025-10-29,No,Positive
CUST01846,30,Loyal,Yoga Mat,Sports,"It works properly, but nothing special.",3.0,2025-12-11,Yes,Neutral
CUST01847,34,Loyal,Jeans,Clothing,Average quality. It is fine for the price. Order 6203.,3.0,2025-04-01,No,Neutral
CUST01848,37,New,Self Help Book,Books,Very happy with my purchase. Highly recommended!,5.0,2026-04-16,Yes,Positive
CUST01849,30,Returning,Water Bottle,Home & Kitchen,Very poor quality. The product stopped working quickly. Order 2083.,2.0,2026-05-15,No,Negative
CUST01850,19,Loyal,Coffee,Grocery,Excellent product! Very good quality and fast delivery.,5.0,2025-10-25,Yes,Positive
CUST01851,65,Loyal,Coffee Maker,Home & Kitchen,"It works properly, but nothing special. Order 1975.",4.0,2026-05-30,No,Neutral
CUST01852,27,Returning,Water Bottle,Home & Kitchen,The item arrived on time and was as described. Really!!,3.0,2025-07-21,Yes,Neutral
CUST01853,62,Returning,Self Help Book,Books,I am disappointed with this purchase. Really!!,1.0,2026-09-16,No,Negative
CUST01854,50,Returning,Gym Gloves,Sports,The product does not work as expected.,1.0,2025-01-16,No,Negative
CUST01855,29,New,T-Shirt,Clothing,I AM DISAPPOINTED WITH THIS PURCHASE.,2.0,2025-04-07,Yes,Negative
CUST01856,27,New,Bluetooth Speaker,Electronics,Good product and the delivery was quick.,4.0,2025-03-08,No,Positive
CUST01857,27,New,T-Shirt,Clothing,AMAZING QUALITY AND VALUE FOR MONEY. REALLY!!,5.0,2025-02-08,Yes,Positive
CUST01858,23,New,Cookies,Grocery,"Product is decent, but there is room for improvement.",3.0,2025-06-14,Yes,Neutral
CUST01859,44,Loyal,Self Help Book,Books,Amazing quality and value for money. Order 6257.,4.0,2026-04-07,Yes,Positive
CUST01860,38,Loyal,Cookies,Grocery,Not worth the money. The quality is very poor. Order 3939.,1.0,2025-03-30,Yes,Negative
CUST01861,35,Returning,Moisturizer,Beauty,VERY POOR QUALITY. THE PRODUCT STOPPED WORKING QUICKLY.,2.0,2025-12-21,Yes,Negative
CUST01862,37,New,Running Shoes,Sports,Very poor quality. The product stopped working quickly. Order 4764.,1.0,2026-03-05,No,Negative
CUST01863,23,Loyal,Mixer Grinder,Home & Kitchen,"Product is decent, but there is room for improvement.",4.0,2025-09-16,Yes,Neutral
CUST01864,56,New,Face Wash,Beauty,"It works properly, but nothing special.",4.0,2025-08-08,Yes,Neutral
CUST01865,56,Returning,Jacket,Clothing,I REALLY LIKED THIS PRODUCT. IT WORKS PERFECTLY.,5.0,2025-06-26,Yes,Positive
CUST01866,44,Loyal,Gym Gloves,Sports,Not worth the money. The quality is very poor. Really!!,1.0,2026-03-07,Yes,Negative
CUST01867,31,Loyal,Novel,Books,Bad experience. I would not recommend this product. Order 9838.,2.0,2025-10-08,No,Negative
CUST01868,56,New,Cookies,Grocery,I really liked this product. It works perfectly.,4.0,2025-10-16,Yes,Positive
CUST01869,40,Returning,Power Bank,Electronics,The product is okay and works as expected. Really!!,4.0,2026-01-27,Yes,Neutral
CUST01870,34,New,Self Help Book,Books,Not worth the money. The quality is very poor. Really!!,1.0,2026-03-14,No,Negative
CUST01871,23,Loyal,Cricket Bat,Sports,Very happy with my purchase. Highly recommended!,5.0,2025-06-30,Yes,Positive
CUST01872,36,Returning,Gym Gloves,Sports,The quality is acceptable for everyday use. Really!!,3.0,2025-04-02,No,Neutral
CUST01873,26,New,Cricket Bat,Sports,Very happy with my purchase. Highly recommended!,4.0,2025-10-30,Yes,Positive
CUST01874,29,Loyal,Cricket Bat,Sports,THE QUALITY IS ACCEPTABLE FOR EVERYDAY USE. ORDER 3864.,4.0,2026-02-08,Yes,Neutral
CUST01875,42,Loyal,Self Help Book,Books,"The product is comfortable, useful, and well made.",4.0,2025-04-19,Yes,Positive
CUST01876,59,New,Self Help Book,Books,I really liked this product. It works perfectly.,5.0,2026-07-24,Yes,Positive
CUST01877,31,New,Bluetooth Speaker,Electronics,The product is okay and works as expected.,4.0,2026-08-04,Yes,Neutral
CUST01878,30,Returning,Bluetooth Speaker,Electronics,Excellent product! Very good quality and fast delivery.,4.0,2026-09-17,Yes,Positive
CUST01879,57,New,Green Tea,Grocery,Excellent product! Very good quality and fast delivery.,4.0,2026-10-16,Yes,Positive
CUST01880,46,Returning,Shampoo,Beauty,Great experience. The item arrived on time.,5.0,2026-01-21,No,Positive
CUST01881,39,Loyal,Smart Watch,Electronics,The item arrived late and the package was damaged.,1.0,2026-04-22,Yes,Negative
CUST01882,49,Returning,Dry Fruits,Grocery,Bad experience. I would not recommend this product. Order 9024.,1.0,2026-04-20,Yes,Negative
CUST01883,29,New,Jacket,Clothing,"Product is decent, but there is room for improvement.",3.0,2026-11-12,Yes,Neutral
CUST01884,54,Loyal,Wireless Earbuds,Electronics,Very happy with my purchase. Highly recommended!,5.0,2025-08-20,Yes,Positive
CUST01885,59,Loyal,Shampoo,Beauty,Very poor quality. The product stopped working quickly. Order 3297.,1.0,2025-09-22,Yes,Negative
CUST01886,64,Returning,Jacket,Clothing,Average quality. It is fine for the price. Order 9801.,4.0,2026-03-05,No,Neutral
CUST01887,18,Returning,T-Shirt,Clothing,I really liked this product. It works perfectly.,4.0,2026-08-21,Yes,Positive
CUST01888,32,New,Cookware Set,Home & Kitchen,"It works properly, but nothing special. Order 8176.",4.0,2026-12-22,Yes,Neutral
CUST01889,27,Returning,Coffee,Grocery,EXCELLENT PRODUCT! VERY GOOD QUALITY AND FAST DELIVERY. REALLY!!,4.0,2026-10-28,Yes,Positive
CUST01890,20,New,Novel,Books,Amazing quality and value for money.,4.0,2026-09-10,Yes,Positive
CUST01891,19,Returning,Coffee Maker,Home & Kitchen,The item arrived on time and was as described.,3.0,2025-12-31,Yes,Neutral
CUST01892,19,Loyal,Moisturizer,Beauty,Very happy with my purchase. Highly recommended!,4.0,2026-02-14,Yes,Positive
CUST01893,45,New,Jeans,Clothing,Very happy with my purchase. Highly recommended! Order 3051.,5.0,2025-06-04,Yes,Positive
CUST01894,52,New,Power Bank,Electronics,Excellent product! Very good quality and fast delivery.,4.0,2025-02-19,Yes,Positive
CUST01895,44,Loyal,Novel,Books,Amazing quality and value for money. Really!!,4.0,2026-09-12,Yes,Positive
CUST01896,40,Loyal,Face Wash,Beauty,Excellent product! Very good quality and fast delivery. Really!!,4.0,2025-12-15,Yes,Positive
CUST01897,40,New,Coffee Maker,Home & Kitchen,AVERAGE QUALITY. IT IS FINE FOR THE PRICE.,3.0,2025-06-19,Yes,Neutral
CUST01898,46,New,Self Help Book,Books,I am disappointed with this purchase.,1.0,2025-04-04,No,Negative
CUST01899,36,Returning,T-Shirt,Clothing,Excellent product! Very good quality and fast delivery.,4.0,2026-10-13,Yes,Positive
CUST01900,57,New,Shampoo,Beauty,The product does not work as expected.,2.0,2026-07-26,Yes,Negative
CUST01901,47,Loyal,Power Bank,Electronics,Great experience. The item arrived on time.,5.0,2025-07-09,No,Positive
CUST01902,57,New,Green Tea,Grocery,Very happy with my purchase. Highly recommended! Order 6110. Really!!,5.0,2026-03-27,Yes,Positive
CUST01903,29,New,Self Help Book,Books,I really liked this product. It works perfectly. Order 6827.,5.0,2026-08-13,No,Positive
CUST01904,31,New,Moisturizer,Beauty,Very happy with my purchase. Highly recommended!,4.0,2025-02-09,No,Positive
CUST01905,48,Loyal,Yoga Mat,Sports,"It works properly, but nothing special.",4.0,2026-10-08,Yes,Neutral
CUST01906,38,New,Gym Gloves,Sports,Amazing quality and value for money.,5.0,2026-04-24,No,Positive
CUST01907,64,Loyal,Mixer Grinder,Home & Kitchen,GOOD PRODUCT AND THE DELIVERY WAS QUICK.,5.0,2025-05-26,Yes,Positive
CUST01908,36,Returning,Cookies,Grocery,Excellent product! Very good quality and fast delivery. Really!!,5.0,2025-10-01,Yes,Positive
CUST01909,58,Returning,Programming Book,Books,BAD EXPERIENCE. I WOULD NOT RECOMMEND THIS PRODUCT.,1.0,2025-08-18,Yes,Negative
CUST01910,52,Loyal,Smart Watch,Electronics,Great experience. The item arrived on time.,4.0,2025-11-17,Yes,Positive
CUST01911,19,Returning,Self Help Book,Books,Excellent product! Very good quality and fast delivery.,4.0,2025-04-12,Yes,Positive
CUST01912,36,Returning,Hair Dryer,Beauty,Excellent product! Very good quality and fast delivery.,5.0,2026-04-17,No,Positive
CUST01913,43,New,Power Bank,Electronics,"The product is comfortable, useful, and well made.",4.0,2025-06-15,Yes,Positive
CUST01914,53,New,Hair Dryer,Beauty,The quality is acceptable for everyday use. Order 1717.,3.0,2025-10-18,Yes,Neutral
CUST01915,59,New,Hair Dryer,Beauty,The product is okay and works as expected.,4.0,2026-05-02,Yes,Neutral
CUST01916,44,New,Coffee,Grocery,I really liked this product. It works perfectly. Really!!,4.0,2025-04-03,Yes,Positive
CUST01917,28,Returning,Coffee,Grocery,Great experience. The item arrived on time. Order 1315.,5.0,2025-03-30,Yes,Positive
CUST01918,54,Loyal,T-Shirt,Clothing,"The product is comfortable, useful, and well made.",5.0,2025-10-18,No,Positive
CUST01919,27,Returning,Jeans,Clothing,Amazing quality and value for money.,5.0,2025-11-24,Yes,Positive
CUST01920,61,New,Mixer Grinder,Home & Kitchen,EXCELLENT PRODUCT! VERY GOOD QUALITY AND FAST DELIVERY. ORDER 3555.,5.0,2026-04-17,Yes,Positive
CUST01921,47,Loyal,Novel,Books,"It works properly, but nothing special.",4.0,2025-09-17,Yes,Neutral
CUST01922,50,Returning,Programming Book,Books,VERY HAPPY WITH MY PURCHASE. HIGHLY RECOMMENDED! ORDER 9540.,5.0,2025-05-26,Yes,Positive
CUST01923,19,Loyal,Cookware Set,Home & Kitchen,The item arrived on time and was as described. Order 4080.,3.0,2025-08-30,No,Neutral
CUST01924,46,New,Smart Watch,Electronics,Excellent product! Very good quality and fast delivery.,4.0,2025-08-25,No,Positive
CUST01925,23,New,Green Tea,Grocery,"Product is decent, but there is room for improvement.",3.0,2025-09-03,Yes,Neutral
CUST01926,37,New,Jeans,Clothing,Amazing quality and value for money. Order 9530.,5.0,2026-11-24,Yes,Positive
CUST01927,21,Returning,Novel,Books,Excellent product! Very good quality and fast delivery. Really!!,4.0,2025-09-18,Yes,Positive
CUST01928,24,Loyal,Power Bank,Electronics,GREAT EXPERIENCE. THE ITEM ARRIVED ON TIME.,5.0,2026-10-21,Yes,Positive
CUST01929,27,Returning,T-Shirt,Clothing,NOT WORTH THE MONEY. THE QUALITY IS VERY POOR. ORDER 3565.,2.0,2025-08-02,Yes,Negative
CUST01930,50,Returning,Face Wash,Beauty,I really liked this product. It works perfectly.,5.0,2026-06-25,Yes,Positive
CUST01931,29,Loyal,Face Wash,Beauty,"Product is decent, but there is room for improvement. Order 4726.",4.0,2025-10-21,Yes,Neutral
CUST01932,46,New,Sneakers,Clothing,Great experience. The item arrived on time.,5.0,2026-08-23,No,Positive
CUST01933,61,Returning,Bluetooth Speaker,Electronics,Excellent product! Very good quality and fast delivery.,4.0,2025-06-10,Yes,Positive
CUST01934,30,Loyal,Face Wash,Beauty,The product does not work as expected.,1.0,2025-07-24,Yes,Negative
CUST01935,28,New,Cricket Bat,Sports,"PRODUCT IS DECENT, BUT THERE IS ROOM FOR IMPROVEMENT.",4.0,2026-09-26,Yes,Neutral
CUST01936,64,Returning,Bluetooth Speaker,Electronics,Excellent product! Very good quality and fast delivery.,4.0,2025-03-31,Yes,Positive
CUST01937,47,New,Cricket Bat,Sports,Great experience. The item arrived on time. Order 1421.,5.0,2025-10-20,Yes,Positive
CUST01938,36,New,Moisturizer,Beauty,Excellent product! Very good quality and fast delivery.,5.0,2025-09-01,No,Positive
CUST01939,41,Loyal,Mixer Grinder,Home & Kitchen,"THE PRODUCT IS COMFORTABLE, USEFUL, AND WELL MADE. REALLY!!",4.0,2025-06-20,Yes,Positive
CUST01940,34,New,Face Wash,Beauty,"Product is decent, but there is room for improvement. Really!!",4.0,2025-10-13,Yes,Neutral
CUST01941,48,Loyal,Face Wash,Beauty,"The product is comfortable, useful, and well made.",4.0,2026-04-14,Yes,Positive
CUST01942,64,Loyal,Hair Dryer,Beauty,Excellent product! Very good quality and fast delivery.,4.0,2026-07-23,Yes,Positive
CUST01943,65,New,Sneakers,Clothing,Amazing quality and value for money.,5.0,2025-03-16,No,Positive
CUST01944,57,Returning,Face Wash,Beauty,GOOD PRODUCT AND THE DELIVERY WAS QUICK. ORDER 4340. REALLY!!,4.0,2025-06-05,No,Positive
CUST01945,45,New,Hair Dryer,Beauty,"IT WORKS PROPERLY, BUT NOTHING SPECIAL.",4.0,2025-12-05,Yes,Neutral
CUST01946,28,New,Smart Watch,Electronics,I AM DISAPPOINTED WITH THIS PURCHASE.,2.0,2026-01-28,Yes,Negative
CUST01947,36,Loyal,Bluetooth Speaker,Electronics,Very poor quality. The product stopped working quickly.,2.0,2025-02-14,No,Negative
CUST01948,62,Returning,Face Wash,Beauty,THE ITEM ARRIVED ON TIME AND WAS AS DESCRIBED. ORDER 5012. REALLY!!,3.0,2025-03-03,Yes,Neutral
CUST01949,20,New,Cookies,Grocery,I am disappointed with this purchase.,1.0,2025-03-02,Yes,Negative
CUST01950,53,New,Wireless Earbuds,Electronics,The product is okay and works as expected.,3.0,2025-01-17,No,Neutral
CUST01951,45,New,Novel,Books,Very happy with my purchase. Highly recommended!,5.0,2026-08-29,Yes,Positive
CUST01952,38,Returning,Mixer Grinder,Home & Kitchen,Very happy with my purchase. Highly recommended!,4.0,2025-05-22,Yes,Positive
CUST01953,29,Loyal,Cookies,Grocery,Very poor quality. The product stopped working quickly.,2.0,2026-03-19,Yes,Negative
CUST01954,23,Returning,Cookies,Grocery,The quality is acceptable for everyday use. Order 4888.,4.0,2026-04-30,Yes,Neutral
CUST01955,36,Returning,Smart Watch,Electronics,Very poor quality. The product stopped working quickly. Really!!,1.0,2025-02-26,Yes,Negative
CUST01956,65,Loyal,Moisturizer,Beauty,The product does not work as expected.,1.0,2025-01-13,Yes,Negative
CUST01957,62,Loyal,Shampoo,Beauty,I really liked this product. It works perfectly. Really!!,5.0,2026-08-27,Yes,Positive
CUST01958,34,Loyal,Coffee Maker,Home & Kitchen,The product is okay and works as expected.,4.0,2026-07-02,Yes,Neutral
CUST01959,52,Loyal,Gym Gloves,Sports,VERY HAPPY WITH MY PURCHASE. HIGHLY RECOMMENDED!,5.0,2025-07-18,Yes,Positive
CUST01960,19,Returning,Running Shoes,Sports,Excellent product! Very good quality and fast delivery. Order 4505.,5.0,2025-08-27,Yes,Positive
CUST01961,64,New,Jeans,Clothing,Great experience. The item arrived on time. Order 6968.,4.0,2025-10-12,Yes,Positive
CUST01962,65,Returning,Dry Fruits,Grocery,"Product is decent, but there is room for improvement.",4.0,2026-03-31,Yes,Neutral
CUST01963,32,Returning,Smart Watch,Electronics,Excellent product! Very good quality and fast delivery. Order 3333.,5.0,2026-03-24,Yes,Positive
CUST01964,27,New,Jeans,Clothing,The item arrived on time and was as described.,,2026-05-03,Yes,Neutral
CUST01965,18,Loyal,Cookies,Grocery,"Product is decent, but there is room for improvement.",3.0,2026-07-30,Yes,Neutral
CUST01966,56,Loyal,Water Bottle,Home & Kitchen,The product does not work as expected. Order 2947. Really!!,2.0,2026-07-24,Yes,Negative
CUST01967,36,Returning,Novel,Books,Amazing quality and value for money.,4.0,2026-05-20,No,Positive
CUST01968,28,Loyal,Coffee,Grocery,GREAT EXPERIENCE. THE ITEM ARRIVED ON TIME.,5.0,2026-11-16,Yes,Positive
CUST01969,53,New,Cricket Bat,Sports,The item arrived on time and was as described.,4.0,2025-11-17,Yes,Neutral
CUST01970,50,Loyal,Novel,Books,,1.0,2025-02-13,Yes,Negative
CUST01971,43,Loyal,Cricket Bat,Sports,Excellent product! Very good quality and fast delivery.,4.0,2026-08-10,Yes,Positive
CUST01972,54,New,Cookware Set,Home & Kitchen,Very poor quality. The product stopped working quickly. Order 2474.,1.0,2025-05-04,Yes,Negative
CUST01973,63,Loyal,Dry Fruits,Grocery,I really liked this product. It works perfectly.,4.0,2025-05-10,Yes,Positive
CUST01974,44,Returning,Cookbook,Books,AMAZING QUALITY AND VALUE FOR MONEY.,5.0,2025-02-21,Yes,Positive
CUST01975,51,Loyal,Power Bank,Electronics,"The product is comfortable, useful, and well made.",5.0,2026-02-08,Yes,Positive
CUST01976,59,New,Cookbook,Books,Excellent product! Very good quality and fast delivery. Really!!,4.0,2026-03-14,Yes,Positive
CUST01977,41,New,Power Bank,Electronics,THE QUALITY IS ACCEPTABLE FOR EVERYDAY USE.,4.0,2026-09-18,Yes,Neutral
CUST01978,56,Returning,Water Bottle,Home & Kitchen,The product does not work as expected. Order 7021.,1.0,2025-03-09,No,Negative
CUST01979,38,Loyal,T-Shirt,Clothing,AMAZING QUALITY AND VALUE FOR MONEY. ORDER 4143.,4.0,2025-04-15,Yes,Positive
CUST01980,33,Returning,Coffee Maker,Home & Kitchen,"The product is comfortable, useful, and well made. Really!!",5.0,2026-07-22,Yes,Positive
CUST01981,29,Returning,Gym Gloves,Sports,I AM DISAPPOINTED WITH THIS PURCHASE. REALLY!!,2.0,2026-10-12,Yes,Negative
CUST01982,20,New,Cookbook,Books,"The product is comfortable, useful, and well made.",5.0,2026-01-21,Yes,Positive
CUST01983,46,New,Cookbook,Books,"Product is decent, but there is room for improvement.",4.0,2026-01-20,Yes,Neutral
CUST01984,64,Returning,T-Shirt,Clothing,Amazing quality and value for money. Order 2142.,4.0,2025-03-09,Yes,Positive
CUST01985,63,Loyal,Smart Watch,Electronics,"It works properly, but nothing special.",3.0,2026-02-03,Yes,Neutral
CUST01986,30,New,T-Shirt,Clothing,The quality is acceptable for everyday use.,3.0,2026-08-19,Yes,Neutral
CUST01987,54,Loyal,Cookware Set,Home & Kitchen,The item arrived late and the package was damaged.,2.0,2025-02-03,No,Negative
CUST01988,21,Loyal,T-Shirt,Clothing,GOOD PRODUCT AND THE DELIVERY WAS QUICK. REALLY!!,4.0,2026-05-03,Yes,Positive
CUST01989,52,Returning,Cookies,Grocery,I really liked this product. It works perfectly. Order 8749. Really!!,4.0,2026-04-11,Yes,Positive
CUST01990,41,Returning,Jeans,Clothing,Great experience. The item arrived on time.,5.0,2025-09-18,Yes,Positive
CUST01991,18,Returning,Sneakers,Clothing,I am disappointed with this purchase. Really!!,1.0,2026-08-30,Yes,Negative
CUST01992,18,New,Green Tea,Grocery,The quality is acceptable for everyday use.,3.0,2026-11-06,No,Neutral
CUST01993,39,Loyal,Cookbook,Books,Great experience. The item arrived on time.,4.0,2025-06-14,Yes,Positive
CUST01994,61,Loyal,Dry Fruits,Grocery,Average quality. It is fine for the price.,4.0,2025-01-09,Yes,Neutral
CUST01995,46,New,Cookware Set,Home & Kitchen,GREAT EXPERIENCE. THE ITEM ARRIVED ON TIME.,4.0,2025-07-03,Yes,Positive
CUST01996,19,Loyal,Shampoo,Beauty,I really liked this product. It works perfectly. Order 9142.,4.0,2025-09-03,Yes,Positive
CUST01997,60,Returning,Green Tea,Grocery,Very happy with my purchase. Highly recommended!,5.0,2026-08-22,Yes,Positive
CUST01998,32,Loyal,Hair Dryer,Beauty,Great experience. The item arrived on time.,4.0,2026-08-25,Yes,Positive
CUST01999,32,Loyal,Novel,Books,The item arrived late and the package was damaged.,2.0,2025-10-28,Yes,Negative
CUST02000,44,Loyal,Coffee,Grocery,Not worth the money. The quality is very poor.,1.0,2025-04-06,No,Negative
CUST02001,19,Loyal,Mixer Grinder,Home & Kitchen,The item arrived on time and was as described.,4.0,2025-05-04,Yes,Neutral
CUST02002,64,New,Jeans,Clothing,Average quality. It is fine for the price. Really!!,3.0,2025-06-25,No,Neutral
CUST02003,59,Returning,Programming Book,Books,Good product and the delivery was quick.,5.0,2026-11-16,Yes,Positive
CUST02004,44,New,Cookies,Grocery,"Product is decent, but there is room for improvement.",4.0,2026-05-27,Yes,Neutral
CUST02005,65,New,Sneakers,Clothing,The quality is acceptable for everyday use. Order 1026.,3.0,2025-10-16,Yes,Neutral
CUST02006,64,Loyal,Hair Dryer,Beauty,VERY HAPPY WITH MY PURCHASE. HIGHLY RECOMMENDED! ORDER 4331.,5.0,2025-08-16,Yes,Positive
CUST02007,59,New,Yoga Mat,Sports,Great experience. The item arrived on time. Order 5260.,5.0,2026-02-07,Yes,Positive
CUST02008,54,Returning,Running Shoes,Sports,Great experience. The item arrived on time.,5.0,2026-06-19,Yes,Positive
CUST02009,34,Loyal,Green Tea,Grocery,"The product is comfortable, useful, and well made.",4.0,2026-02-15,Yes,Positive
CUST02010,60,New,Shampoo,Beauty,GREAT EXPERIENCE. THE ITEM ARRIVED ON TIME.,5.0,2026-01-15,Yes,Positive
CUST02011,27,Loyal,Power Bank,Electronics,GREAT EXPERIENCE. THE ITEM ARRIVED ON TIME.,4.0,2026-12-15,Yes,Positive
CUST02012,43,New,Novel,Books,Great experience. The item arrived on time. Really!!,5.0,2026-05-15,Yes,Positive
CUST02013,33,New,Wireless Earbuds,Electronics,Not worth the money. The quality is very poor. Order 2228. Really!!,2.0,2026-09-12,Yes,Negative
CUST02014,28,Returning,Power Bank,Electronics,"Product is decent, but there is room for improvement.",4.0,2026-01-01,Yes,Neutral
CUST02015,19,New,Water Bottle,Home & Kitchen,Very happy with my purchase. Highly recommended! Order 4366.,4.0,2025-03-31,Yes,Positive
CUST02016,54,New,T-Shirt,Clothing,"The product is comfortable, useful, and well made. Order 2805.",5.0,2025-03-09,Yes,Positive
CUST02017,60,New,Jacket,Clothing,I am disappointed with this purchase.,1.0,2026-01-31,Yes,Negative
CUST02018,56,Returning,Coffee Maker,Home & Kitchen,Excellent product! Very good quality and fast delivery.,4.0,2025-07-02,Yes,Positive
CUST02019,32,Loyal,Novel,Books,Great experience. The item arrived on time.,5.0,2025-12-09,No,Positive
CUST02020,50,Returning,Cookware Set,Home & Kitchen,AMAZING QUALITY AND VALUE FOR MONEY. ORDER 2489.,4.0,2025-08-19,Yes,Positive
CUST02021,27,Loyal,Cookbook,Books,Very happy with my purchase. Highly recommended! Really!!,5.0,2026-10-09,Yes,Positive
CUST02022,60,Returning,Coffee,Grocery,Good product and the delivery was quick. Really!!,4.0,2025-12-08,Yes,Positive
CUST02023,36,New,Bluetooth Speaker,Electronics,The quality is acceptable for everyday use. Really!!,4.0,2026-06-10,Yes,Neutral
CUST02024,51,Loyal,Cricket Bat,Sports,"THE PRODUCT IS COMFORTABLE, USEFUL, AND WELL MADE.",5.0,2025-03-09,Yes,Positive
CUST02025,56,Loyal,Dry Fruits,Grocery,Bad experience. I would not recommend this product.,1.0,2026-02-20,Yes,Negative
CUST02026,58,Returning,Novel,Books,I really liked this product. It works perfectly. Really!!,5.0,2025-02-12,Yes,Positive
CUST02027,21,Returning,Coffee Maker,Home & Kitchen,"The product is comfortable, useful, and well made.",4.0,2025-12-02,Yes,Positive
CUST02028,61,New,Green Tea,Grocery,I really liked this product. It works perfectly. Really!!,4.0,2025-03-21,No,Positive
CUST02029,61,Loyal,Self Help Book,Books,The quality is acceptable for everyday use. Really!!,4.0,2026-04-22,Yes,Neutral
CUST02030,26,New,Dry Fruits,Grocery,BAD EXPERIENCE. I WOULD NOT RECOMMEND THIS PRODUCT.,1.0,2026-02-21,Yes,Negative
CUST02031,42,New,Green Tea,Grocery,Very happy with my purchase. Highly recommended!,5.0,2025-08-16,Yes,Positive
CUST02032,63,Returning,Yoga Mat,Sports,THE ITEM ARRIVED ON TIME AND WAS AS DESCRIBED.,4.0,2025-10-14,Yes,Neutral
CUST02033,25,New,Wireless Earbuds,Electronics,Great experience. The item arrived on time.,5.0,2025-10-30,Yes,Positive
CUST02034,32,Loyal,Programming Book,Books,Amazing quality and value for money.,5.0,2025-01-27,Yes,Positive
CUST02035,50,Loyal,Cookbook,Books,Amazing quality and value for money.,5.0,2025-11-23,Yes,Positive
CUST02036,31,New,Novel,Books,Great experience. The item arrived on time. Really!!,5.0,2026-07-23,Yes,Positive
CUST02037,63,Loyal,Programming Book,Books,GOOD PRODUCT AND THE DELIVERY WAS QUICK. ORDER 8131. REALLY!!,5.0,2025-10-17,Yes,Positive
CUST02038,57,Returning,Smart Watch,Electronics,Good product and the delivery was quick. Really!!,4.0,2026-08-06,Yes,Positive
CUST02039,62,Returning,Dry Fruits,Grocery,Very poor quality. The product stopped working quickly.,1.0,2026-05-02,Yes,Negative
CUST02040,64,New,Yoga Mat,Sports,Very happy with my purchase. Highly recommended!,5.0,2025-12-07,Yes,Positive
CUST02041,24,New,Coffee,Grocery,Great experience. The item arrived on time.,5.0,2025-05-12,Yes,Positive
CUST02042,53,New,Hair Dryer,Beauty,Excellent product! Very good quality and fast delivery. Order 8467.,4.0,2026-03-11,Yes,Positive
CUST02043,32,Loyal,Cookbook,Books,I really liked this product. It works perfectly. Order 7900.,5.0,2025-07-15,Yes,Positive
CUST02044,65,Loyal,Mixer Grinder,Home & Kitchen,"The product is comfortable, useful, and well made.",5.0,2026-01-27,Yes,Positive
CUST02045,44,Returning,Jacket,Clothing,The product is okay and works as expected.,4.0,2025-02-27,Yes,Neutral
CUST02046,51,Returning,Coffee Maker,Home & Kitchen,The product is okay and works as expected. Really!!,4.0,2025-08-12,Yes,Neutral
CUST02047,22,New,Coffee Maker,Home & Kitchen,"The product is comfortable, useful, and well made.",5.0,2025-05-29,Yes,Positive
CUST02048,58,New,Jeans,Clothing,I am disappointed with this purchase. Order 7075. Really!!,1.0,2026-08-03,Yes,Negative
CUST02049,24,New,Moisturizer,Beauty,THE PRODUCT DOES NOT WORK AS EXPECTED.,2.0,2026-01-24,Yes,Negative
CUST02050,64,Loyal,Self Help Book,Books,Not worth the money. The quality is very poor. Really!!,2.0,2025-11-11,Yes,Negative
CUST02051,61,Loyal,T-Shirt,Clothing,EXCELLENT PRODUCT! VERY GOOD QUALITY AND FAST DELIVERY.,4.0,2026-10-11,Yes,Positive
CUST02052,49,Returning,Coffee,Grocery,Great experience. The item arrived on time.,4.0,2026-12-06,No,Positive
CUST02053,45,Loyal,Coffee,Grocery,I really liked this product. It works perfectly.,4.0,2025-08-17,No,Positive
CUST02054,49,Loyal,Coffee Maker,Home & Kitchen,The product is okay and works as expected.,3.0,2026-04-30,No,Neutral
CUST02055,18,New,Jeans,Clothing,Very happy with my purchase. Highly recommended!,5.0,2026-12-29,Yes,Positive
CUST02056,29,Loyal,Water Bottle,Home & Kitchen,I really liked this product. It works perfectly.,5.0,2025-05-02,No,Positive
CUST02057,50,Returning,Programming Book,Books,Good product and the delivery was quick.,4.0,2026-11-05,Yes,Positive
CUST02058,58,Returning,Jacket,Clothing,"Product is decent, but there is room for improvement. Really!!",3.0,2025-06-29,Yes,Neutral
CUST02059,44,Loyal,Power Bank,Electronics,Very happy with my purchase. Highly recommended!,4.0,2025-02-01,Yes,Positive
CUST02060,29,Returning,Jacket,Clothing,The item arrived late and the package was damaged. Order 8997. Really!!,2.0,2026-08-18,Yes,Negative
CUST02061,20,Returning,Cookware Set,Home & Kitchen,The product does not work as expected. Order 1905.,2.0,2026-07-27,No,Negative
CUST02062,64,Returning,Cookware Set,Home & Kitchen,THE QUALITY IS ACCEPTABLE FOR EVERYDAY USE.,4.0,2025-06-26,Yes,Neutral
CUST02063,59,Returning,Sneakers,Clothing,GOOD PRODUCT AND THE DELIVERY WAS QUICK.,4.0,2025-11-21,Yes,Positive
CUST02064,27,Returning,Sneakers,Clothing,Average quality. It is fine for the price.,4.0,2026-09-09,Yes,Neutral
CUST02065,64,Loyal,Shampoo,Beauty,"It works properly, but nothing special. Order 5999. Really!!",4.0,2026-05-16,Yes,Neutral
CUST02066,63,New,Green Tea,Grocery,"The product is comfortable, useful, and well made.",4.0,2026-06-03,Yes,Positive
CUST02067,18,New,Cricket Bat,Sports,Great experience. The item arrived on time.,4.0,2025-10-19,Yes,Positive
CUST02068,19,Returning,Power Bank,Electronics,Amazing quality and value for money. Order 3945.,4.0,2025-09-18,No,Positive
CUST02069,64,Loyal,Cookies,Grocery,The product is okay and works as expected.,4.0,2025-05-13,Yes,Neutral
CUST02070,42,Loyal,Mixer Grinder,Home & Kitchen,"Product is decent, but there is room for improvement. Really!!",4.0,2025-05-02,Yes,Neutral
CUST02071,47,New,Dry Fruits,Grocery,I really liked this product. It works perfectly. Really!!,4.0,2025-06-29,No,Positive
CUST02072,46,Returning,Jeans,Clothing,The product is okay and works as expected.,3.0,2025-10-06,Yes,Neutral
CUST02073,43,New,Gym Gloves,Sports,The product does not work as expected.,1.0,2026-11-09,Yes,Negative
CUST02074,53,Returning,Novel,Books,Very happy with my purchase. Highly recommended! Really!!,5.0,2026-07-04,Yes,Positive
CUST02075,65,New,Wireless Earbuds,Electronics,GOOD PRODUCT AND THE DELIVERY WAS QUICK.,5.0,2025-06-16,Yes,Positive
CUST02076,44,New,Dry Fruits,Grocery,"The product is comfortable, useful, and well made.",5.0,2026-05-31,Yes,Positive
CUST02077,47,Returning,Green Tea,Grocery,BAD EXPERIENCE. I WOULD NOT RECOMMEND THIS PRODUCT.,1.0,2025-02-25,Yes,Negative
CUST02078,31,New,Green Tea,Grocery,Very happy with my purchase. Highly recommended!,4.0,2026-06-24,Yes,Positive
CUST02079,24,Loyal,Running Shoes,Sports,Great experience. The item arrived on time.,4.0,2026-09-21,Yes,Positive
CUST02080,58,Loyal,Hair Dryer,Beauty,"Product is decent, but there is room for improvement.",4.0,2026-10-02,Yes,Neutral
CUST02081,65,Loyal,Coffee,Grocery,The item arrived on time and was as described. Really!!,3.0,2025-11-07,Yes,Neutral
CUST02082,48,Returning,Moisturizer,Beauty,The product is okay and works as expected.,3.0,2025-04-11,No,Neutral
CUST02083,63,New,Gym Gloves,Sports,GOOD PRODUCT AND THE DELIVERY WAS QUICK. REALLY!!,5.0,2025-02-21,Yes,Positive
CUST02084,27,Returning,Dry Fruits,Grocery,"It works properly, but nothing special.",3.0,2025-06-08,Yes,Neutral
CUST02085,42,Loyal,Cookbook,Books,Good product and the delivery was quick. Order 9663.,4.0,2025-01-02,Yes,Positive
CUST02086,31,Loyal,Novel,Books,Good product and the delivery was quick.,4.0,2026-06-18,Yes,Positive
CUST02087,29,New,Smart Watch,Electronics,Very happy with my purchase. Highly recommended!,5.0,2026-04-11,Yes,Positive
CUST02088,45,New,Yoga Mat,Sports,The item arrived late and the package was damaged.,2.0,2025-03-03,Yes,Negative
CUST02089,53,Loyal,Wireless Earbuds,Electronics,GOOD PRODUCT AND THE DELIVERY WAS QUICK.,4.0,2026-10-26,No,Positive
CUST02090,23,Returning,Self Help Book,Books,The product does not work as expected.,2.0,2025-09-14,Yes,Negative
CUST02091,47,Returning,Sneakers,Clothing,Very poor quality. The product stopped working quickly.,1.0,2026-04-06,Yes,Negative
CUST02092,24,Loyal,Cookware Set,Home & Kitchen,Bad experience. I would not recommend this product.,2.0,2026-03-23,Yes,Negative
CUST02093,35,New,Green Tea,Grocery,The item arrived on time and was as described.,3.0,2026-11-17,Yes,Neutral
CUST02094,34,New,Cookware Set,Home & Kitchen,I REALLY LIKED THIS PRODUCT. IT WORKS PERFECTLY. REALLY!!,4.0,2026-06-01,No,Positive
CUST02095,59,Returning,Yoga Mat,Sports,I am disappointed with this purchase. Order 9010.,1.0,2026-12-10,Yes,Negative
CUST02096,34,Loyal,Self Help Book,Books,I am disappointed with this purchase. Really!!,1.0,2025-03-07,Yes,Negative
CUST02097,32,Returning,Coffee,Grocery,Good product and the delivery was quick. Order 6096. Really!!,4.0,2026-04-11,Yes,Positive
CUST02098,56,New,Smart Watch,Electronics,THE ITEM ARRIVED ON TIME AND WAS AS DESCRIBED. ORDER 2722.,4.0,2026-07-19,Yes,Neutral
CUST02099,65,New,Sneakers,Clothing,THE PRODUCT IS OKAY AND WORKS AS EXPECTED. ORDER 6318. REALLY!!,4.0,2025-03-24,Yes,Neutral
CUST02100,19,New,Power Bank,Electronics,AMAZING QUALITY AND VALUE FOR MONEY. ORDER 5808.,4.0,2026-12-09,Yes,Positive
CUST02101,21,New,Cookies,Grocery,THE PRODUCT IS OKAY AND WORKS AS EXPECTED.,4.0,2026-09-15,No,Neutral
CUST02102,61,Returning,Jeans,Clothing,The product does not work as expected.,2.0,2025-12-03,Yes,Negative
CUST02103,21,New,Coffee Maker,Home & Kitchen,I really liked this product. It works perfectly.,5.0,2025-12-31,Yes,Positive
CUST02104,34,Loyal,Yoga Mat,Sports,Very happy with my purchase. Highly recommended! Order 1390.,5.0,2025-04-23,Yes,Positive
CUST02105,23,New,Green Tea,Grocery,The item arrived late and the package was damaged.,2.0,2025-03-24,Yes,Negative
CUST02106,25,Loyal,Mixer Grinder,Home & Kitchen,Good product and the delivery was quick.,4.0,2025-08-07,Yes,Positive
CUST02107,43,Loyal,Bluetooth Speaker,Electronics,I am disappointed with this purchase. Order 1683.,2.0,2025-05-08,Yes,Negative
CUST02108,37,New,Bluetooth Speaker,Electronics,"Product is decent, but there is room for improvement.",3.0,2026-07-21,Yes,Neutral
CUST02109,21,New,Novel,Books,Excellent product! Very good quality and fast delivery. Order 9557.,5.0,2025-11-07,Yes,Positive
CUST02110,27,Returning,Cricket Bat,Sports,Amazing quality and value for money.,4.0,2026-01-19,Yes,Positive
CUST02111,52,New,Sneakers,Clothing,Great experience. The item arrived on time.,4.0,2026-04-22,Yes,Positive
CUST02112,59,New,Bluetooth Speaker,Electronics,I really liked this product. It works perfectly. Really!!,5.0,2025-06-17,No,Positive
CUST02113,36,Returning,Shampoo,Beauty,I really liked this product. It works perfectly. Really!!,5.0,2025-05-22,Yes,Positive
CUST02114,39,Loyal,T-Shirt,Clothing,"THE PRODUCT IS COMFORTABLE, USEFUL, AND WELL MADE.",4.0,2025-06-18,Yes,Positive
CUST02115,43,Loyal,Dry Fruits,Grocery,"Product is decent, but there is room for improvement.",3.0,2026-12-14,No,Neutral
CUST02116,31,New,Hair Dryer,Beauty,"It works properly, but nothing special. Really!!",4.0,2026-02-04,Yes,Neutral
CUST02117,22,Loyal,Coffee Maker,Home & Kitchen,Amazing quality and value for money. Really!!,5.0,2025-12-12,Yes,Positive
CUST02118,24,Loyal,Running Shoes,Sports,Good product and the delivery was quick.,4.0,2025-03-20,Yes,Positive
CUST02119,21,Returning,Jeans,Clothing,Good product and the delivery was quick.,5.0,2025-02-04,Yes,Positive
CUST02120,43,New,Green Tea,Grocery,The product is okay and works as expected. Really!!,4.0,2025-11-18,No,Neutral
CUST02121,28,Returning,Gym Gloves,Sports,"Product is decent, but there is room for improvement.",4.0,2026-06-26,Yes,Neutral
CUST02122,43,Returning,Wireless Earbuds,Electronics,The item arrived on time and was as described.,3.0,2025-05-23,Yes,Neutral
CUST02123,26,Returning,Mixer Grinder,Home & Kitchen,The item arrived on time and was as described.,3.0,2026-01-29,Yes,Neutral
CUST02124,25,New,Coffee,Grocery,Bad experience. I would not recommend this product. Really!!,1.0,2025-04-28,Yes,Negative
CUST02125,51,New,Wireless Earbuds,Electronics,Bad experience. I would not recommend this product.,1.0,2025-09-29,Yes,Negative
CUST02126,44,Returning,Cookbook,Books,"The product is comfortable, useful, and well made. Really!!",4.0,2025-08-22,No,Positive
CUST02127,30,Returning,Mixer Grinder,Home & Kitchen,The item arrived late and the package was damaged.,2.0,2026-03-03,Yes,Negative
CUST02128,19,Returning,Cookies,Grocery,The quality is acceptable for everyday use. Order 1717. Really!!,3.0,2026-11-02,No,Neutral
CUST02129,43,Loyal,T-Shirt,Clothing,"The product is comfortable, useful, and well made.",5.0,2025-10-25,Yes,Positive
CUST02130,22,Loyal,Dry Fruits,Grocery,"IT WORKS PROPERLY, BUT NOTHING SPECIAL.",4.0,2025-02-03,Yes,Neutral
CUST02131,29,Loyal,Cookware Set,Home & Kitchen,Excellent product! Very good quality and fast delivery.,5.0,2025-05-08,Yes,Positive
CUST02132,51,Loyal,Cricket Bat,Sports,,4.0,2026-06-03,Yes,Neutral
CUST02133,25,New,Cookware Set,Home & Kitchen,The item arrived on time and was as described.,3.0,2025-09-15,Yes,Neutral
CUST02134,29,New,Cookware Set,Home & Kitchen,NOT WORTH THE MONEY. THE QUALITY IS VERY POOR.,1.0,2026-08-16,No,Negative
CUST02135,64,New,Gym Gloves,Sports,The item arrived on time and was as described.,4.0,2025-09-23,No,Neutral
CUST02136,45,Returning,Bluetooth Speaker,Electronics,"It works properly, but nothing special. Order 3430.",4.0,2025-08-16,No,Neutral
CUST02137,23,New,Jacket,Clothing,"It works properly, but nothing special. Order 7987.",4.0,2025-04-05,Yes,Neutral
CUST02138,53,Loyal,Self Help Book,Books,The item arrived late and the package was damaged.,1.0,2026-10-01,Yes,Negative
CUST02139,65,Returning,Mixer Grinder,Home & Kitchen,Very happy with my purchase. Highly recommended!,4.0,2026-01-13,Yes,Positive
CUST02140,37,New,Cricket Bat,Sports,GOOD PRODUCT AND THE DELIVERY WAS QUICK.,5.0,2026-09-24,Yes,Positive
CUST02141,48,New,Green Tea,Grocery,Excellent product! Very good quality and fast delivery. Order 1506.,4.0,2025-11-24,No,Positive
CUST02142,64,Loyal,Sneakers,Clothing,Average quality. It is fine for the price.,3.0,2026-09-19,Yes,Neutral
CUST02143,33,Returning,Green Tea,Grocery,Very poor quality. The product stopped working quickly. Really!!,1.0,2025-04-18,Yes,Negative
CUST02144,36,Loyal,Green Tea,Grocery,Very happy with my purchase. Highly recommended!,4.0,2025-10-28,Yes,Positive
CUST02145,35,Returning,Power Bank,Electronics,Good product and the delivery was quick. Really!!,5.0,2026-09-09,Yes,Positive
CUST02146,59,New,Water Bottle,Home & Kitchen,I am disappointed with this purchase. Really!!,2.0,2026-06-13,Yes,Negative
CUST02147,21,Returning,Self Help Book,Books,I am disappointed with this purchase. Really!!,1.0,2025-05-17,No,Negative
CUST02148,23,Loyal,Novel,Books,Great experience. The item arrived on time.,4.0,2026-03-24,Yes,Positive
CUST02149,48,Returning,Smart Watch,Electronics,Great experience. The item arrived on time.,5.0,2026-07-10,Yes,Positive
CUST02150,39,Returning,Gym Gloves,Sports,Very happy with my purchase. Highly recommended! Order 2190.,4.0,2025-08-04,Yes,Positive
CUST02151,59,Returning,Yoga Mat,Sports,Great experience. The item arrived on time.,4.0,2026-09-15,Yes,Positive
CUST02152,40,Returning,T-Shirt,Clothing,I really liked this product. It works perfectly. Really!!,4.0,2026-10-30,Yes,Positive
CUST02153,56,New,Cookbook,Books,The quality is acceptable for everyday use.,4.0,2026-10-14,Yes,Neutral
CUST02154,62,Returning,Coffee Maker,Home & Kitchen,Not worth the money. The quality is very poor.,1.0,2025-06-27,Yes,Negative
CUST02155,21,New,Jeans,Clothing,The product does not work as expected.,2.0,2026-01-06,Yes,Negative
CUST02156,53,Loyal,Cookbook,Books,I really liked this product. It works perfectly.,5.0,2025-09-29,Yes,Positive
CUST02157,42,Loyal,Sneakers,Clothing,The item arrived late and the package was damaged.,1.0,2026-03-29,Yes,Negative
CUST02158,25,Loyal,Yoga Mat,Sports,Excellent product! Very good quality and fast delivery.,5.0,2025-02-18,No,Positive
CUST02159,30,Returning,Face Wash,Beauty,Excellent product! Very good quality and fast delivery. Order 2605.,5.0,2026-10-13,Yes,Positive
CUST02160,33,,Cookies,Grocery,I really liked this product. It works perfectly.,5.0,2026-01-03,Yes,Positive
CUST02161,60,New,Running Shoes,Sports,"Product is decent, but there is room for improvement. Order 7223.",4.0,2025-12-03,Yes,Neutral
CUST02162,65,Returning,Smart Watch,Electronics,I REALLY LIKED THIS PRODUCT. IT WORKS PERFECTLY. REALLY!!,5.0,2026-02-11,Yes,Positive
CUST02163,33,Returning,Sneakers,Clothing,Excellent product! Very good quality and fast delivery. Order 4336.,5.0,2026-10-04,Yes,Positive
CUST02164,24,Loyal,Green Tea,Grocery,The item arrived on time and was as described.,3.0,2025-05-03,Yes,Neutral
CUST02165,51,New,Jeans,Clothing,Bad experience. I would not recommend this product. Really!!,2.0,2025-03-16,Yes,Negative
CUST02166,18,New,Coffee Maker,Home & Kitchen,I really liked this product. It works perfectly.,5.0,2025-11-07,Yes,Positive
CUST02167,24,Returning,Power Bank,Electronics,The item arrived late and the package was damaged. Order 5714.,2.0,2026-05-29,Yes,Negative
CUST02168,47,Loyal,Smart Watch,Electronics,VERY HAPPY WITH MY PURCHASE. HIGHLY RECOMMENDED!,4.0,2026-08-30,Yes,Positive
CUST02169,49,New,Gym Gloves,Sports,The item arrived on time and was as described.,3.0,2026-12-06,Yes,Neutral
CUST02170,58,Loyal,Self Help Book,Books,Good product and the delivery was quick.,5.0,2026-09-24,No,Positive
CUST02171,42,New,Mixer Grinder,Home & Kitchen,I really liked this product. It works perfectly.,5.0,2025-01-11,Yes,Positive
CUST02172,44,New,Yoga Mat,Sports,I really liked this product. It works perfectly. Really!!,4.0,2025-01-15,No,Positive
CUST02173,52,New,Cookware Set,Home & Kitchen,Very poor quality. The product stopped working quickly.,1.0,2025-09-03,No,Negative
CUST02174,18,New,Wireless Earbuds,Electronics,"It works properly, but nothing special.",4.0,2025-12-23,Yes,Neutral
CUST02175,30,New,Sneakers,Clothing,Average quality. It is fine for the price. Order 3057.,3.0,2025-11-20,No,Neutral
CUST02176,44,New,Wireless Earbuds,Electronics,Very poor quality. The product stopped working quickly. Really!!,1.0,2025-07-07,No,Negative
CUST02177,39,New,Gym Gloves,Sports,GOOD PRODUCT AND THE DELIVERY WAS QUICK.,4.0,2026-09-10,Yes,Positive
CUST02178,63,New,Novel,Books,Great experience. The item arrived on time. Really!!,5.0,2026-07-18,No,Positive
CUST02179,58,Returning,Green Tea,Grocery,Good product and the delivery was quick. Order 7766.,4.0,2025-10-23,Yes,Positive
CUST02180,45,Loyal,Shampoo,Beauty,Great experience. The item arrived on time.,5.0,2025-12-28,Yes,Positive
CUST02181,42,Returning,Coffee,Grocery,The product is okay and works as expected. Really!!,4.0,2025-09-25,Yes,Neutral
CUST02182,53,New,Sneakers,Clothing,Very happy with my purchase. Highly recommended!,5.0,2025-06-29,No,Positive
CUST02183,42,Loyal,Programming Book,Books,The item arrived late and the package was damaged. Really!!,1.0,2025-04-06,Yes,Negative
CUST02184,48,Loyal,Green Tea,Grocery,"It works properly, but nothing special.",3.0,2026-11-06,Yes,Neutral
CUST02185,36,New,Programming Book,Books,"The product is comfortable, useful, and well made.",4.0,2025-05-31,Yes,Positive
CUST02186,45,Returning,Coffee Maker,Home & Kitchen,"It works properly, but nothing special.",4.0,2026-12-27,Yes,Neutral
CUST02187,39,Returning,Mixer Grinder,Home & Kitchen,Not worth the money. The quality is very poor.,2.0,2026-08-12,Yes,Negative
CUST02188,58,Returning,Dry Fruits,Grocery,"The product is comfortable, useful, and well made.",4.0,2026-10-27,Yes,Positive
CUST02189,18,New,Yoga Mat,Sports,I REALLY LIKED THIS PRODUCT. IT WORKS PERFECTLY.,4.0,2025-01-18,Yes,Positive
CUST02190,64,Loyal,Jeans,Clothing,The product is okay and works as expected. Order 2493.,4.0,2026-07-20,No,Neutral
CUST02191,29,Returning,Sneakers,Clothing,The item arrived late and the package was damaged.,2.0,2025-03-13,Yes,Negative
CUST02192,35,Returning,Coffee,Grocery,Great experience. The item arrived on time.,4.0,2025-04-15,No,Positive
CUST02193,53,New,Yoga Mat,Sports,Amazing quality and value for money.,4.0,2025-04-22,Yes,Positive
CUST02194,54,Returning,Dry Fruits,Grocery,"Product is decent, but there is room for improvement. Really!!",3.0,2026-02-04,Yes,Neutral
CUST02195,65,New,Smart Watch,Electronics,The quality is acceptable for everyday use. Really!!,4.0,2025-06-20,Yes,Neutral
CUST02196,37,New,Moisturizer,Beauty,The quality is acceptable for everyday use.,4.0,2026-05-11,Yes,Neutral
CUST02197,65,New,Moisturizer,Beauty,Very happy with my purchase. Highly recommended!,5.0,2025-11-25,No,Positive
CUST02198,27,Loyal,Green Tea,Grocery,I really liked this product. It works perfectly.,4.0,2025-03-26,Yes,Positive
CUST02199,53,Loyal,Self Help Book,Books,I really liked this product. It works perfectly. Order 6972.,4.0,2026-03-01,Yes,Positive
CUST02200,62,Returning,Cookware Set,Home & Kitchen,Excellent product! Very good quality and fast delivery.,4.0,2026-04-13,Yes,Positive
CUST02201,49,New,Shampoo,Beauty,Excellent product! Very good quality and fast delivery.,5.0,2025-09-27,Yes,Positive
CUST02202,45,Returning,Dry Fruits,Grocery,Great experience. The item arrived on time.,4.0,2026-01-23,Yes,Positive
CUST02203,29,New,Gym Gloves,Sports,Amazing quality and value for money.,5.0,2025-03-21,Yes,Positive
CUST02204,63,Returning,Power Bank,Electronics,Very poor quality. The product stopped working quickly. Really!!,2.0,2026-10-02,Yes,Negative
CUST02205,44,New,Novel,Books,Very happy with my purchase. Highly recommended! Order 1448.,5.0,2026-06-12,No,Positive
CUST02206,24,Loyal,Programming Book,Books,Excellent product! Very good quality and fast delivery. Order 1360.,5.0,2026-07-12,Yes,Positive
CUST02207,35,New,Water Bottle,Home & Kitchen,Good product and the delivery was quick. Order 2055.,5.0,2025-12-06,Yes,Positive
CUST02208,49,Returning,Cookies,Grocery,Very happy with my purchase. Highly recommended! Order 2363.,5.0,2026-11-11,Yes,Positive
CUST02209,52,Loyal,Cookware Set,Home & Kitchen,Average quality. It is fine for the price.,4.0,2026-06-01,No,Neutral
CUST02210,47,Returning,Sneakers,Clothing,"It works properly, but nothing special.",4.0,2026-06-01,Yes,Neutral
CUST02211,19,New,T-Shirt,Clothing,I am disappointed with this purchase.,2.0,2026-01-12,Yes,Negative
CUST02212,55,Returning,Green Tea,Grocery,Great experience. The item arrived on time. Really!!,4.0,2025-10-29,Yes,Positive
CUST02213,63,Returning,Sneakers,Clothing,Great experience. The item arrived on time. Order 8506.,5.0,2025-05-06,Yes,Positive
CUST02214,58,Loyal,Coffee,Grocery,I AM DISAPPOINTED WITH THIS PURCHASE.,2.0,2026-02-17,Yes,Negative
CUST02215,50,Returning,Cookbook,Books,Very happy with my purchase. Highly recommended!,5.0,2025-04-02,Yes,Positive
CUST02216,56,Returning,Green Tea,Grocery,Great experience. The item arrived on time.,5.0,2026-12-28,No,Positive
CUST02217,30,New,Cookies,Grocery,Good product and the delivery was quick. Order 7463.,5.0,2025-06-04,Yes,Positive
CUST02218,23,Returning,Face Wash,Beauty,The quality is acceptable for everyday use. Order 2989.,4.0,2025-10-04,Yes,Neutral
CUST02219,38,Returning,Gym Gloves,Sports,The product does not work as expected.,1.0,2025-07-16,No,Negative
CUST02220,49,New,Smart Watch,Electronics,"Product is decent, but there is room for improvement. Really!!",3.0,2025-11-27,No,Neutral
CUST02221,42,Returning,Green Tea,Grocery,Not worth the money. The quality is very poor. Really!!,1.0,2025-04-15,Yes,Negative
CUST02222,62,Loyal,Hair Dryer,Beauty,Average quality. It is fine for the price.,3.0,2026-05-03,Yes,Neutral
CUST02223,34,Loyal,Face Wash,Beauty,Not worth the money. The quality is very poor.,2.0,2026-08-04,Yes,Negative
CUST02224,34,New,Wireless Earbuds,Electronics,Good product and the delivery was quick. Order 8619.,4.0,2026-01-28,Yes,Positive
CUST02225,34,Loyal,Gym Gloves,Sports,The item arrived on time and was as described.,4.0,2025-07-26,Yes,Neutral
CUST02226,20,Loyal,Coffee Maker,Home & Kitchen,AVERAGE QUALITY. IT IS FINE FOR THE PRICE. ORDER 2290.,4.0,2026-05-29,Yes,Neutral
CUST02227,60,New,Gym Gloves,Sports,THE QUALITY IS ACCEPTABLE FOR EVERYDAY USE.,3.0,2026-04-19,Yes,Neutral
CUST02228,53,Loyal,Yoga Mat,Sports,VERY POOR QUALITY. THE PRODUCT STOPPED WORKING QUICKLY. ORDER 9025. REALLY!!,1.0,2025-03-01,Yes,Negative
CUST02229,30,Returning,Jeans,Clothing,"The product is comfortable, useful, and well made. Order 4505.",4.0,2026-12-01,Yes,Positive
CUST02230,32,Loyal,Green Tea,Grocery,Bad experience. I would not recommend this product.,1.0,2026-10-06,Yes,Negative
CUST02231,36,New,T-Shirt,Clothing,Amazing quality and value for money. Order 8185. Really!!,5.0,2025-10-27,Yes,Positive
CUST02232,60,Loyal,Running Shoes,Sports,Excellent product! Very good quality and fast delivery.,5.0,2026-02-22,Yes,Positive
CUST02233,40,New,Yoga Mat,Sports,Bad experience. I would not recommend this product.,1.0,2025-03-07,Yes,Negative
CUST02234,61,New,Jeans,Clothing,I really liked this product. It works perfectly.,4.0,2026-04-21,Yes,Positive
CUST02235,51,Loyal,Sneakers,Clothing,Good product and the delivery was quick.,4.0,2026-06-07,Yes,Positive
CUST02236,28,Returning,Yoga Mat,Sports,I really liked this product. It works perfectly.,4.0,2025-07-14,Yes,Positive
CUST02237,18,Returning,Yoga Mat,Sports,Not worth the money. The quality is very poor. Really!!,1.0,2025-06-11,Yes,Negative
CUST02238,31,New,Cookies,Grocery,Amazing quality and value for money.,,2026-08-17,Yes,Positive
CUST02239,57,Returning,Self Help Book,Books,Great experience. The item arrived on time.,4.0,2025-11-28,Yes,Positive
CUST02240,43,Loyal,Power Bank,Electronics,THE PRODUCT IS OKAY AND WORKS AS EXPECTED. REALLY!!,4.0,2025-03-28,Yes,Neutral
CUST02241,51,New,Shampoo,Beauty,I am disappointed with this purchase. Order 9143.,1.0,2026-11-10,Yes,Negative
CUST02242,45,Returning,Sneakers,Clothing,Amazing quality and value for money.,4.0,2026-03-22,Yes,Positive
CUST02243,51,New,Mixer Grinder,Home & Kitchen,THE PRODUCT IS OKAY AND WORKS AS EXPECTED.,3.0,2026-03-30,No,Neutral
CUST02244,28,New,Bluetooth Speaker,Electronics,Good product and the delivery was quick.,4.0,2026-10-21,No,Positive
CUST02245,45,New,Yoga Mat,Sports,AMAZING QUALITY AND VALUE FOR MONEY.,4.0,2025-04-11,No,Positive
CUST02246,38,Returning,Mixer Grinder,Home & Kitchen,Amazing quality and value for money. Order 9943. Really!!,4.0,2026-01-11,Yes,Positive
CUST02247,30,Loyal,Smart Watch,Electronics,Excellent product! Very good quality and fast delivery.,5.0,2026-04-01,Yes,Positive
CUST02248,49,Loyal,Wireless Earbuds,Electronics,Amazing quality and value for money.,5.0,2025-01-11,Yes,Positive
CUST02249,19,Returning,Dry Fruits,Grocery,I am disappointed with this purchase.,2.0,2026-06-17,Yes,Negative
CUST02250,65,New,Self Help Book,Books,I REALLY LIKED THIS PRODUCT. IT WORKS PERFECTLY.,5.0,2025-07-31,Yes,Positive
CUST02251,29,Returning,Coffee,Grocery,The product does not work as expected.,2.0,2025-04-03,Yes,Negative
CUST02252,31,Loyal,Coffee Maker,Home & Kitchen,The quality is acceptable for everyday use. Order 1017. Really!!,3.0,2025-01-30,Yes,Neutral
CUST02253,27,Returning,Coffee,Grocery,Bad experience. I would not recommend this product.,2.0,2026-12-26,Yes,Negative
CUST02254,20,New,Green Tea,Grocery,GREAT EXPERIENCE. THE ITEM ARRIVED ON TIME.,5.0,2025-06-11,Yes,Positive
CUST02255,42,New,Wireless Earbuds,Electronics,Very happy with my purchase. Highly recommended!,5.0,2026-05-30,Yes,Positive
CUST02256,47,Returning,Cookies,Grocery,The item arrived late and the package was damaged.,2.0,2025-10-22,Yes,Negative
CUST02257,19,Loyal,Coffee,Grocery,"Product is decent, but there is room for improvement.",3.0,2025-07-20,Yes,Neutral
CUST02258,20,Returning,Face Wash,Beauty,Average quality. It is fine for the price. Order 5880.,4.0,2026-05-04,No,Neutral
CUST02259,38,New,Cricket Bat,Sports,The quality is acceptable for everyday use.,3.0,2025-06-21,No,Neutral
CUST02260,21,Returning,Novel,Books,Good product and the delivery was quick.,4.0,2026-07-07,Yes,Positive
CUST02261,20,Returning,Smart Watch,Electronics,Good product and the delivery was quick.,4.0,2025-03-02,Yes,Positive
CUST02262,28,Returning,Shampoo,Beauty,"The product is comfortable, useful, and well made. Really!!",4.0,2026-05-25,Yes,Positive
CUST02263,33,Loyal,Face Wash,Beauty,The item arrived late and the package was damaged.,2.0,2025-11-29,No,Negative
CUST02264,42,Returning,Coffee,Grocery,THE QUALITY IS ACCEPTABLE FOR EVERYDAY USE.,4.0,2025-04-25,Yes,Neutral
CUST02265,30,New,Smart Watch,Electronics,GREAT EXPERIENCE. THE ITEM ARRIVED ON TIME. REALLY!!,4.0,2025-01-01,Yes,Positive
CUST02266,38,Loyal,Smart Watch,Electronics,Average quality. It is fine for the price.,4.0,2026-08-11,Yes,Neutral
CUST02267,22,Loyal,Coffee Maker,Home & Kitchen,Very happy with my purchase. Highly recommended! Order 7450.,5.0,2026-04-19,Yes,Positive
CUST02268,38,New,Moisturizer,Beauty,Excellent product! Very good quality and fast delivery. Order 1878.,5.0,2025-06-25,Yes,Positive
CUST02269,47,Returning,Face Wash,Beauty,The item arrived on time and was as described.,4.0,2025-12-23,No,Neutral
CUST02270,21,New,Jeans,Clothing,Good product and the delivery was quick. Really!!,4.0,2026-02-23,Yes,Positive
CUST02271,40,New,Wireless Earbuds,Electronics,The item arrived on time and was as described. Really!!,4.0,2025-12-07,No,Neutral
CUST02272,34,Loyal,Green Tea,Grocery,I really liked this product. It works perfectly. Really!!,5.0,2025-10-20,No,Positive
CUST02273,36,Loyal,T-Shirt,Clothing,Good product and the delivery was quick. Really!!,4.0,2026-09-11,Yes,Positive
CUST02274,65,Returning,Power Bank,Electronics,Very happy with my purchase. Highly recommended!,4.0,2026-07-24,Yes,Positive
CUST02275,37,New,Dry Fruits,Grocery,Excellent product! Very good quality and fast delivery.,5.0,2026-02-15,Yes,Positive
CUST02276,57,Loyal,Cookware Set,Home & Kitchen,I REALLY LIKED THIS PRODUCT. IT WORKS PERFECTLY. ORDER 9495. REALLY!!,4.0,2025-07-28,Yes,Positive
CUST02277,48,Loyal,Wireless Earbuds,Electronics,The product does not work as expected. Really!!,1.0,2025-10-19,Yes,Negative
CUST02278,35,New,Programming Book,Books,THE PRODUCT IS OKAY AND WORKS AS EXPECTED. ORDER 9289.,3.0,2025-11-28,No,Neutral
CUST02279,31,New,Water Bottle,Home & Kitchen,Average quality. It is fine for the price.,4.0,2026-08-03,Yes,Neutral
CUST02280,45,Returning,Jeans,Clothing,THE ITEM ARRIVED ON TIME AND WAS AS DESCRIBED. REALLY!!,4.0,2025-05-24,Yes,Neutral
CUST02281,32,Loyal,Bluetooth Speaker,Electronics,Good product and the delivery was quick. Really!!,4.0,2026-10-06,Yes,Positive
CUST02282,29,New,Wireless Earbuds,Electronics,Amazing quality and value for money. Really!!,5.0,2025-10-29,No,Positive
CUST02283,55,New,Coffee Maker,Home & Kitchen,"It works properly, but nothing special.",3.0,2026-11-17,Yes,Neutral
CUST02284,48,New,T-Shirt,Clothing,Very poor quality. The product stopped working quickly. Order 8075. Really!!,1.0,2025-08-18,Yes,Negative
CUST02285,61,New,Sneakers,Clothing,"THE PRODUCT IS COMFORTABLE, USEFUL, AND WELL MADE.",5.0,2025-01-14,No,Positive
CUST02286,42,Returning,Cookware Set,Home & Kitchen,AVERAGE QUALITY. IT IS FINE FOR THE PRICE.,4.0,2025-03-15,No,Neutral
CUST02287,64,Loyal,Cookware Set,Home & Kitchen,Not worth the money. The quality is very poor.,2.0,2026-02-08,Yes,Negative
CUST02288,47,New,Novel,Books,GOOD PRODUCT AND THE DELIVERY WAS QUICK.,5.0,2026-04-02,Yes,Positive
CUST02289,23,New,Bluetooth Speaker,Electronics,Excellent product! Very good quality and fast delivery.,4.0,2026-07-08,Yes,Positive
CUST02290,28,Returning,Coffee,Grocery,I REALLY LIKED THIS PRODUCT. IT WORKS PERFECTLY.,5.0,2025-09-17,Yes,Positive
CUST02291,64,New,Shampoo,Beauty,"It works properly, but nothing special. Order 3395.",4.0,2026-03-01,Yes,Neutral
CUST02292,57,New,Mixer Grinder,Home & Kitchen,The item arrived on time and was as described.,3.0,2026-01-27,Yes,Neutral
CUST02293,39,Returning,Moisturizer,Beauty,Good product and the delivery was quick.,5.0,2026-12-18,Yes,Positive
CUST02294,41,New,Shampoo,Beauty,The product is okay and works as expected.,4.0,2026-12-13,Yes,Neutral
CUST02295,23,Returning,Moisturizer,Beauty,"The product is comfortable, useful, and well made.",5.0,2025-01-07,Yes,Positive
CUST02296,42,New,Green Tea,Grocery,"The product is comfortable, useful, and well made.",4.0,2025-05-23,Yes,Positive
CUST02297,24,Returning,Running Shoes,Sports,Great experience. The item arrived on time.,5.0,2025-01-01,Yes,Positive
CUST02298,38,New,Yoga Mat,Sports,I really liked this product. It works perfectly.,5.0,2026-10-15,No,Positive
CUST02299,55,Loyal,T-Shirt,Clothing,Very happy with my purchase. Highly recommended!,5.0,2025-07-22,Yes,Positive
CUST02300,21,Loyal,Cookbook,Books,Bad experience. I would not recommend this product.,1.0,2025-10-31,No,Negative
CUST02301,54,Loyal,Mixer Grinder,Home & Kitchen,"The product is comfortable, useful, and well made.",4.0,2025-07-07,Yes,Positive
CUST02302,59,Loyal,Bluetooth Speaker,Electronics,EXCELLENT PRODUCT! VERY GOOD QUALITY AND FAST DELIVERY. ORDER 6281.,4.0,2026-12-02,Yes,Positive
CUST02303,46,Returning,T-Shirt,Clothing,VERY HAPPY WITH MY PURCHASE. HIGHLY RECOMMENDED! ORDER 4991.,4.0,2026-08-22,Yes,Positive
CUST02304,20,Returning,Smart Watch,Electronics,Great experience. The item arrived on time.,5.0,2025-01-18,No,Positive
CUST02305,55,New,Wireless Earbuds,Electronics,The item arrived on time and was as described. Order 5209.,4.0,2026-05-07,Yes,Neutral
CUST02306,21,Returning,Novel,Books,Good product and the delivery was quick.,4.0,2025-09-29,Yes,Positive
CUST02307,62,New,Jacket,Clothing,Very poor quality. The product stopped working quickly.,2.0,2025-10-07,Yes,Negative
CUST02308,30,New,Hair Dryer,Beauty,Good product and the delivery was quick. Order 4639.,5.0,2025-12-28,Yes,Positive
CUST02309,63,Loyal,Bluetooth Speaker,Electronics,"Product is decent, but there is room for improvement. Order 9700.",3.0,2025-09-17,Yes,Neutral
CUST02310,60,Loyal,Cricket Bat,Sports,The item arrived on time and was as described. Really!!,3.0,2026-08-20,No,Neutral
CUST02311,29,Returning,Gym Gloves,Sports,Great experience. The item arrived on time.,5.0,2026-12-28,Yes,Positive
CUST02312,33,Loyal,Sneakers,Clothing,Not worth the money. The quality is very poor. Order 5862.,2.0,2026-02-05,No,Negative
CUST02313,35,New,Wireless Earbuds,Electronics,"IT WORKS PROPERLY, BUT NOTHING SPECIAL.",4.0,2025-01-20,Yes,Neutral
CUST02314,36,Returning,Smart Watch,Electronics,The product does not work as expected. Really!!,1.0,2025-07-25,Yes,Negative
CUST02315,32,Returning,Cookware Set,Home & Kitchen,NOT WORTH THE MONEY. THE QUALITY IS VERY POOR.,1.0,2026-05-24,Yes,Negative
CUST02316,64,Returning,T-Shirt,Clothing,Good product and the delivery was quick.,5.0,2025-03-21,Yes,Positive
CUST02317,52,Returning,Wireless Earbuds,Electronics,I am disappointed with this purchase.,1.0,2025-12-26,Yes,Negative
CUST02318,43,Returning,Power Bank,Electronics,I really liked this product. It works perfectly.,5.0,2026-03-12,Yes,Positive
CUST02319,41,New,Bluetooth Speaker,Electronics,"It works properly, but nothing special.",4.0,2025-04-29,Yes,Neutral
CUST02320,20,Loyal,Cricket Bat,Sports,I really liked this product. It works perfectly.,4.0,2026-11-10,Yes,Positive
CUST02321,41,Loyal,Yoga Mat,Sports,The product is okay and works as expected.,3.0,2025-06-12,Yes,Neutral
CUST02322,59,New,Hair Dryer,Beauty,Great experience. The item arrived on time.,5.0,2026-06-11,Yes,Positive
CUST02323,53,New,Moisturizer,Beauty,"It works properly, but nothing special. Order 5499.",3.0,2025-12-22,No,Neutral
CUST02324,65,Returning,T-Shirt,Clothing,"It works properly, but nothing special.",4.0,2025-10-06,Yes,Neutral
CUST02325,31,Returning,Coffee,Grocery,Very poor quality. The product stopped working quickly.,1.0,2025-09-16,Yes,Negative
CUST02326,47,New,Water Bottle,Home & Kitchen,The product is okay and works as expected.,3.0,2026-03-23,Yes,Neutral
CUST02327,19,New,Coffee,Grocery,The product does not work as expected.,2.0,2025-02-13,Yes,Negative
CUST02328,47,Loyal,Bluetooth Speaker,Electronics,Amazing quality and value for money. Really!!,4.0,2026-06-18,Yes,Positive
CUST02329,32,Loyal,Hair Dryer,Beauty,Very happy with my purchase. Highly recommended! Really!!,4.0,2026-01-21,No,Positive
CUST02330,63,Returning,Bluetooth Speaker,Electronics,Great experience. The item arrived on time.,5.0,2026-04-04,No,Positive
CUST02331,53,Loyal,Shampoo,Beauty,Amazing quality and value for money. Order 4918.,4.0,2025-09-11,Yes,Positive
CUST02332,56,Loyal,Running Shoes,Sports,Excellent product! Very good quality and fast delivery.,5.0,2025-02-17,Yes,Positive
CUST02333,37,Returning,Mixer Grinder,Home & Kitchen,Great experience. The item arrived on time.,4.0,2026-10-18,Yes,Positive
CUST02334,30,Returning,Power Bank,Electronics,The quality is acceptable for everyday use. Really!!,3.0,2026-09-05,No,Neutral
CUST02335,34,Returning,Novel,Books,I really liked this product. It works perfectly.,5.0,2025-11-24,Yes,Positive
CUST02336,20,New,Dry Fruits,Grocery,The product does not work as expected. Order 4610. Really!!,2.0,2025-09-03,No,Negative
CUST02337,40,Returning,Sneakers,Clothing,"The product is comfortable, useful, and well made.",,2025-04-21,Yes,Positive
CUST02338,31,Returning,Self Help Book,Books,I really liked this product. It works perfectly. Order 3392.,4.0,2026-03-28,Yes,Positive
CUST02339,62,Loyal,Cookbook,Books,"It works properly, but nothing special.",4.0,2025-10-18,No,Neutral
CUST02340,30,Returning,Mixer Grinder,Home & Kitchen,The product is okay and works as expected.,3.0,2026-03-21,Yes,Neutral
CUST02341,29,Returning,Water Bottle,Home & Kitchen,"THE PRODUCT IS COMFORTABLE, USEFUL, AND WELL MADE.",5.0,2026-10-02,Yes,Positive
CUST02342,38,New,Coffee Maker,Home & Kitchen,Not worth the money. The quality is very poor.,2.0,2026-05-02,Yes,Negative
CUST02343,32,Returning,Running Shoes,Sports,I really liked this product. It works perfectly.,4.0,2025-06-18,Yes,Positive
CUST02344,30,Returning,Running Shoes,Sports,VERY HAPPY WITH MY PURCHASE. HIGHLY RECOMMENDED!,5.0,2026-07-24,Yes,Positive
CUST02345,53,New,Yoga Mat,Sports,Very happy with my purchase. Highly recommended!,5.0,2025-02-21,Yes,Positive
CUST02346,54,New,Coffee Maker,Home & Kitchen,Very poor quality. The product stopped working quickly. Really!!,2.0,2026-06-13,Yes,Negative
CUST02347,62,Returning,Self Help Book,Books,Excellent product! Very good quality and fast delivery.,5.0,2026-03-07,Yes,Positive
CUST02348,34,New,Hair Dryer,Beauty,"The product is comfortable, useful, and well made.",4.0,2026-05-28,Yes,Positive
CUST02349,48,Returning,Programming Book,Books,I am disappointed with this purchase.,1.0,2025-09-26,Yes,Negative
CUST02350,40,Returning,Yoga Mat,Sports,Very poor quality. The product stopped working quickly.,1.0,2026-04-16,Yes,Negative
CUST02351,26,New,Sneakers,Clothing,"PRODUCT IS DECENT, BUT THERE IS ROOM FOR IMPROVEMENT. REALLY!!",3.0,2026-12-21,No,Neutral
CUST02352,63,New,Yoga Mat,Sports,Average quality. It is fine for the price.,4.0,2025-06-18,Yes,Neutral
CUST02353,50,Returning,Cookbook,Books,Not worth the money. The quality is very poor.,1.0,2026-01-19,Yes,Negative
CUST02354,53,Loyal,Shampoo,Beauty,Not worth the money. The quality is very poor.,2.0,2025-09-24,Yes,Negative
CUST02355,55,Loyal,Programming Book,Books,Very happy with my purchase. Highly recommended!,4.0,2026-08-05,Yes,Positive
CUST02356,25,New,Wireless Earbuds,Electronics,The item arrived on time and was as described. Order 8247.,3.0,2025-04-13,Yes,Neutral
CUST02357,50,Loyal,Green Tea,Grocery,Good product and the delivery was quick.,5.0,2026-05-23,Yes,Positive
CUST02358,42,Loyal,Novel,Books,"It works properly, but nothing special.",3.0,2025-11-29,No,Neutral
CUST02359,43,New,Jeans,Clothing,Good product and the delivery was quick.,5.0,2026-09-02,Yes,Positive
CUST02360,26,New,Running Shoes,Sports,"The product is comfortable, useful, and well made. Order 4690.",5.0,2026-01-18,No,Positive
CUST02361,27,New,T-Shirt,Clothing,I really liked this product. It works perfectly. Order 3221.,5.0,2026-02-06,No,Positive
CUST02362,56,New,Green Tea,Grocery,Great experience. The item arrived on time.,4.0,2026-09-09,Yes,Positive
CUST02363,36,New,Face Wash,Beauty,I really liked this product. It works perfectly.,5.0,2025-12-05,Yes,Positive
CUST02364,35,Loyal,Novel,Books,Excellent product! Very good quality and fast delivery.,5.0,2026-05-30,Yes,Positive
CUST02365,36,New,Novel,Books,Excellent product! Very good quality and fast delivery.,4.0,2025-11-17,Yes,Positive
CUST02366,54,Loyal,Coffee,Grocery,Bad experience. I would not recommend this product. Order 3759.,2.0,2026-08-19,Yes,Negative
CUST02367,60,Returning,Moisturizer,Beauty,Great experience. The item arrived on time.,5.0,2026-10-31,No,Positive
CUST02368,38,Returning,Smart Watch,Electronics,Amazing quality and value for money. Really!!,5.0,2025-08-09,Yes,Positive
CUST02369,27,New,Jeans,Clothing,The quality is acceptable for everyday use.,4.0,2026-05-19,Yes,Neutral
CUST02370,45,New,Jacket,Clothing,The product is okay and works as expected.,3.0,2026-11-28,Yes,Neutral
CUST02371,40,Returning,Water Bottle,Home & Kitchen,Bad experience. I would not recommend this product. Order 7500.,2.0,2026-07-01,Yes,Negative
CUST02372,29,New,Power Bank,Electronics,I really liked this product. It works perfectly.,5.0,2025-10-06,No,Positive
CUST02373,37,Loyal,Yoga Mat,Sports,"The product is comfortable, useful, and well made. Order 7402.",4.0,2025-03-31,Yes,Positive
CUST02374,46,New,Green Tea,Grocery,Very poor quality. The product stopped working quickly.,1.0,2026-08-06,Yes,Negative
CUST02375,24,Loyal,Self Help Book,Books,Average quality. It is fine for the price.,4.0,2026-07-04,Yes,Neutral
CUST02376,53,Returning,Running Shoes,Sports,Very happy with my purchase. Highly recommended!,4.0,2025-06-21,Yes,Positive
CUST02377,45,New,Power Bank,Electronics,Amazing quality and value for money.,4.0,2026-02-06,Yes,Positive
CUST02378,25,Returning,Water Bottle,Home & Kitchen,I really liked this product. It works perfectly. Really!!,5.0,2025-06-04,Yes,Positive
CUST02379,30,Returning,Power Bank,Electronics,Average quality. It is fine for the price.,3.0,2026-09-17,Yes,Neutral
CUST02380,43,Returning,Novel,Books,"The product is comfortable, useful, and well made. Really!!",4.0,2026-05-10,Yes,Positive
CUST02381,39,New,Dry Fruits,Grocery,"It works properly, but nothing special.",3.0,2026-02-01,No,Neutral
CUST02382,25,New,Green Tea,Grocery,THE PRODUCT DOES NOT WORK AS EXPECTED.,1.0,2025-05-01,No,Negative
CUST02383,55,Returning,Yoga Mat,Sports,Average quality. It is fine for the price.,4.0,2025-12-21,Yes,Neutral
CUST02384,36,Loyal,Cookware Set,Home & Kitchen,The product does not work as expected. Order 3557. Really!!,2.0,2026-02-25,Yes,Negative
CUST02385,62,Returning,Coffee Maker,Home & Kitchen,The product does not work as expected.,2.0,2025-10-27,Yes,Negative
CUST02386,45,Loyal,Shampoo,Beauty,THE QUALITY IS ACCEPTABLE FOR EVERYDAY USE.,4.0,2025-11-02,Yes,Neutral
CUST02387,61,Returning,Yoga Mat,Sports,Excellent product! Very good quality and fast delivery.,5.0,2025-06-10,Yes,Positive
CUST02388,41,New,Jeans,Clothing,The product is okay and works as expected.,4.0,2025-05-20,Yes,Neutral
CUST02389,64,Loyal,Cookies,Grocery,"It works properly, but nothing special.",4.0,2026-05-24,Yes,Neutral
CUST02390,56,Loyal,Smart Watch,Electronics,"The product is comfortable, useful, and well made. Order 7599.",4.0,2025-04-09,Yes,Positive
CUST02391,59,New,Cookies,Grocery,Very happy with my purchase. Highly recommended!,4.0,2025-02-18,Yes,Positive
CUST02392,22,Loyal,Running Shoes,Sports,Good product and the delivery was quick. Order 4808.,5.0,2026-01-20,Yes,Positive
CUST02393,27,New,Cookies,Grocery,Very happy with my purchase. Highly recommended! Really!!,5.0,2026-12-25,Yes,Positive
CUST02394,55,Loyal,T-Shirt,Clothing,Average quality. It is fine for the price.,4.0,2025-12-13,No,Neutral
CUST02395,22,New,Water Bottle,Home & Kitchen,The quality is acceptable for everyday use. Really!!,4.0,2025-12-13,Yes,Neutral
CUST02396,57,Loyal,T-Shirt,Clothing,The product is okay and works as expected. Order 9310.,4.0,2025-11-02,Yes,Neutral
CUST02397,40,Returning,Gym Gloves,Sports,The product is okay and works as expected. Really!!,4.0,2026-06-23,Yes,Neutral
CUST02398,65,Returning,Green Tea,Grocery,Very poor quality. The product stopped working quickly.,1.0,2025-03-17,Yes,Negative
CUST02399,32,New,Programming Book,Books,"The product is comfortable, useful, and well made.",4.0,2026-12-15,Yes,Positive
CUST02400,59,Returning,Running Shoes,Sports,Very happy with my purchase. Highly recommended! Order 3524.,4.0,2026-07-04,Yes,Positive
CUST02401,30,New,Cookies,Grocery,The quality is acceptable for everyday use. Really!!,4.0,2026-10-31,Yes,Neutral
CUST02402,61,Returning,Jacket,Clothing,GREAT EXPERIENCE. THE ITEM ARRIVED ON TIME.,4.0,2025-11-15,No,Positive
CUST02403,56,Loyal,Hair Dryer,Beauty,Very happy with my purchase. Highly recommended!,4.0,2025-02-01,Yes,Positive
CUST02404,30,Returning,Coffee,Grocery,The product is okay and works as expected. Really!!,3.0,2025-02-25,Yes,Neutral
CUST02405,41,Returning,Face Wash,Beauty,The item arrived on time and was as described.,4.0,2025-01-27,Yes,Neutral
CUST02406,26,New,Water Bottle,Home & Kitchen,Bad experience. I would not recommend this product.,1.0,2025-01-10,Yes,Negative
CUST02407,18,Returning,Programming Book,Books,Great experience. The item arrived on time.,4.0,2026-03-10,Yes,Positive
CUST02408,47,Loyal,Hair Dryer,Beauty,Very happy with my purchase. Highly recommended! Order 5350.,4.0,2025-01-16,Yes,Positive
CUST02409,33,Loyal,Mixer Grinder,Home & Kitchen,The item arrived on time and was as described.,4.0,2025-05-12,Yes,Neutral
CUST02410,28,Loyal,Cookbook,Books,Good product and the delivery was quick.,4.0,2026-10-07,No,Positive
CUST02411,26,Loyal,Coffee,Grocery,EXCELLENT PRODUCT! VERY GOOD QUALITY AND FAST DELIVERY. ORDER 4088.,5.0,2025-07-15,Yes,Positive
CUST02412,52,New,Face Wash,Beauty,Good product and the delivery was quick. Order 8496. Really!!,5.0,2025-06-28,Yes,Positive
CUST02413,59,New,Programming Book,Books,I really liked this product. It works perfectly.,5.0,2026-09-22,Yes,Positive
CUST02414,38,New,Mixer Grinder,Home & Kitchen,"The product is comfortable, useful, and well made.",5.0,2026-06-20,Yes,Positive
CUST02415,45,Loyal,Cookware Set,Home & Kitchen,I REALLY LIKED THIS PRODUCT. IT WORKS PERFECTLY. ORDER 1650.,5.0,2025-03-29,Yes,Positive
CUST02416,51,New,Shampoo,Beauty,"It works properly, but nothing special.",3.0,2025-10-06,Yes,Neutral
CUST02417,36,New,Mixer Grinder,Home & Kitchen,Great experience. The item arrived on time.,5.0,2026-12-19,Yes,Positive
CUST02418,30,Returning,Self Help Book,Books,The item arrived on time and was as described. Really!!,4.0,2026-12-31,No,Neutral
CUST02419,56,Returning,Mixer Grinder,Home & Kitchen,The item arrived late and the package was damaged. Really!!,1.0,2025-09-14,No,Negative
CUST02420,38,Returning,Face Wash,Beauty,Excellent product! Very good quality and fast delivery.,5.0,2026-06-14,Yes,Positive
CUST02421,55,Returning,Cookbook,Books,The quality is acceptable for everyday use.,3.0,2025-04-29,Yes,Neutral
CUST02422,43,New,Running Shoes,Sports,Excellent product! Very good quality and fast delivery.,4.0,2026-01-29,Yes,Positive
CUST02423,19,Loyal,Mixer Grinder,Home & Kitchen,Good product and the delivery was quick.,4.0,2025-10-07,Yes,Positive
CUST02424,47,New,Jacket,Clothing,Very happy with my purchase. Highly recommended!,4.0,2026-07-19,No,Positive
CUST02425,33,Returning,Jacket,Clothing,Excellent product! Very good quality and fast delivery.,4.0,2026-04-22,Yes,Positive
CUST02426,62,New,Cookbook,Books,AMAZING QUALITY AND VALUE FOR MONEY. REALLY!!,4.0,2026-10-23,Yes,Positive
CUST02427,26,New,Shampoo,Beauty,Bad experience. I would not recommend this product.,1.0,2026-04-01,Yes,Negative
CUST02428,49,Returning,Cookware Set,Home & Kitchen,"It works properly, but nothing special. Really!!",4.0,2026-06-07,Yes,Neutral
CUST02429,30,New,Hair Dryer,Beauty,Excellent product! Very good quality and fast delivery. Order 6612. Really!!,5.0,2026-01-08,Yes,Positive
CUST02430,55,New,Coffee Maker,Home & Kitchen,Amazing quality and value for money.,5.0,2026-10-24,Yes,Positive
CUST02431,44,New,Green Tea,Grocery,The item arrived on time and was as described.,3.0,2025-03-20,No,Neutral
CUST02432,60,Returning,Running Shoes,Sports,AMAZING QUALITY AND VALUE FOR MONEY.,4.0,2026-11-11,No,Positive
CUST02433,56,Loyal,Face Wash,Beauty,Average quality. It is fine for the price. Order 3280.,3.0,2026-02-11,Yes,Neutral
CUST02434,22,New,Programming Book,Books,Excellent product! Very good quality and fast delivery.,4.0,2026-07-17,No,Positive
CUST02435,41,Loyal,Cookware Set,Home & Kitchen,BAD EXPERIENCE. I WOULD NOT RECOMMEND THIS PRODUCT. ORDER 5983.,2.0,2025-12-30,Yes,Negative
CUST02436,62,Loyal,T-Shirt,Clothing,Very happy with my purchase. Highly recommended! Order 7408.,4.0,2026-06-26,Yes,Positive
CUST02437,24,Returning,Smart Watch,Electronics,THE ITEM ARRIVED LATE AND THE PACKAGE WAS DAMAGED.,1.0,2025-06-10,Yes,Negative
CUST02438,58,Returning,Shampoo,Beauty,"Product is decent, but there is room for improvement. Order 3556.",3.0,2026-10-04,Yes,Neutral
CUST02439,53,Loyal,Coffee,Grocery,I am disappointed with this purchase. Really!!,2.0,2026-02-12,Yes,Negative
CUST02440,47,Loyal,Cookies,Grocery,I really liked this product. It works perfectly. Order 9154.,4.0,2026-04-12,Yes,Positive
CUST02441,40,Loyal,Mixer Grinder,Home & Kitchen,Great experience. The item arrived on time. Really!!,5.0,2026-06-20,Yes,Positive
CUST02442,63,New,Jeans,Clothing,"Product is decent, but there is room for improvement.",4.0,2025-09-28,Yes,Neutral
CUST02443,32,New,Shampoo,Beauty,"Product is decent, but there is room for improvement.",3.0,2026-12-17,No,Neutral
CUST02444,56,Returning,Jacket,Clothing,Great experience. The item arrived on time.,5.0,2026-03-12,Yes,Positive
CUST02445,40,New,Cookbook,Books,I really liked this product. It works perfectly.,4.0,2025-09-03,No,Positive
CUST02446,59,Returning,Yoga Mat,Sports,I really liked this product. It works perfectly.,5.0,2026-03-12,Yes,Positive
CUST02447,63,New,Jacket,Clothing,I really liked this product. It works perfectly.,4.0,2026-03-15,Yes,Positive
CUST02448,35,New,Jacket,Clothing,"It works properly, but nothing special.",3.0,2026-03-13,Yes,Neutral
CUST02449,58,Loyal,Jacket,Clothing,GREAT EXPERIENCE. THE ITEM ARRIVED ON TIME. REALLY!!,5.0,2025-07-19,No,Positive
CUST02450,27,New,Jacket,Clothing,Excellent product! Very good quality and fast delivery. Order 1913.,4.0,2026-07-19,No,Positive
CUST02451,28,Loyal,Gym Gloves,Sports,Amazing quality and value for money. Order 3456.,5.0,2026-02-28,Yes,Positive
CUST02452,20,New,Gym Gloves,Sports,"THE PRODUCT IS COMFORTABLE, USEFUL, AND WELL MADE. ORDER 4511.",4.0,2026-09-26,Yes,Positive
CUST02453,42,New,Jeans,Clothing,Good product and the delivery was quick. Really!!,5.0,2025-01-18,Yes,Positive
CUST02454,36,Loyal,Face Wash,Beauty,Excellent product! Very good quality and fast delivery.,4.0,2025-04-14,Yes,Positive
CUST02455,31,Loyal,Novel,Books,Very poor quality. The product stopped working quickly.,1.0,2025-07-03,No,Negative
CUST02456,22,Loyal,Yoga Mat,Sports,I really liked this product. It works perfectly. Order 4448.,5.0,2026-03-13,Yes,Positive
CUST02457,28,Loyal,Cookware Set,Home & Kitchen,The quality is acceptable for everyday use. Really!!,3.0,2025-08-04,Yes,Neutral
CUST02458,34,New,Self Help Book,Books,The quality is acceptable for everyday use.,4.0,2026-10-17,Yes,Neutral
CUST02459,61,Loyal,Water Bottle,Home & Kitchen,The product is okay and works as expected. Order 3926.,3.0,2025-12-16,Yes,Neutral
CUST02460,36,Returning,Gym Gloves,Sports,The item arrived late and the package was damaged. Really!!,2.0,2026-01-02,Yes,Negative
CUST02461,21,Loyal,Mixer Grinder,Home & Kitchen,I really liked this product. It works perfectly.,4.0,2025-12-04,No,Positive
CUST02462,42,New,Self Help Book,Books,"The product is comfortable, useful, and well made.",4.0,2025-11-22,Yes,Positive
CUST02463,61,New,Sneakers,Clothing,Average quality. It is fine for the price. Order 9355.,3.0,2025-05-09,No,Neutral
CUST02464,42,Loyal,Jacket,Clothing,The item arrived on time and was as described. Order 4491.,4.0,2026-12-04,Yes,Neutral
CUST02465,29,New,Dry Fruits,Grocery,I really liked this product. It works perfectly. Really!!,5.0,2026-10-29,Yes,Positive
CUST02466,30,Loyal,Cookbook,Books,VERY HAPPY WITH MY PURCHASE. HIGHLY RECOMMENDED! ORDER 8713.,5.0,2025-10-16,No,Positive
CUST02467,42,New,Yoga Mat,Sports,The item arrived on time and was as described. Really!!,3.0,2025-01-19,Yes,Neutral
CUST02468,43,New,Mixer Grinder,Home & Kitchen,"The product is comfortable, useful, and well made. Order 3944. Really!!",4.0,2025-08-29,No,Positive
CUST02469,39,Returning,Face Wash,Beauty,AMAZING QUALITY AND VALUE FOR MONEY. ORDER 6209.,4.0,2025-03-21,Yes,Positive
CUST02470,47,New,Jacket,Clothing,Not worth the money. The quality is very poor.,1.0,2025-12-05,Yes,Negative
CUST02471,63,Returning,Cricket Bat,Sports,I am disappointed with this purchase.,1.0,2025-05-12,Yes,Negative
CUST02472,49,Returning,Programming Book,Books,The item arrived on time and was as described.,4.0,2026-07-01,Yes,Neutral
CUST02473,27,Loyal,Bluetooth Speaker,Electronics,The product is okay and works as expected.,4.0,2025-01-09,Yes,Neutral
CUST02474,59,Loyal,Cookware Set,Home & Kitchen,Good product and the delivery was quick. Order 6799.,5.0,2026-12-17,Yes,Positive
CUST02475,50,Loyal,Cricket Bat,Sports,Bad experience. I would not recommend this product. Really!!,1.0,2026-07-05,Yes,Negative
CUST02476,36,Loyal,Bluetooth Speaker,Electronics,Excellent product! Very good quality and fast delivery. Really!!,5.0,2025-06-05,Yes,Positive
CUST02477,59,Loyal,Self Help Book,Books,Amazing quality and value for money.,5.0,2025-10-07,Yes,Positive
CUST02478,35,Loyal,Cookbook,Books,Great experience. The item arrived on time.,4.0,2025-12-06,Yes,Positive
CUST02479,39,Loyal,Water Bottle,Home & Kitchen,"The product is comfortable, useful, and well made.",5.0,2025-08-24,No,Positive
CUST02480,32,New,Hair Dryer,Beauty,Very poor quality. The product stopped working quickly.,2.0,2025-04-29,Yes,Negative
CUST02481,59,New,Sneakers,Clothing,Very poor quality. The product stopped working quickly.,2.0,2025-08-05,No,Negative
CUST02482,63,Returning,T-Shirt,Clothing,Not worth the money. The quality is very poor. Really!!,1.0,2026-05-24,Yes,Negative
CUST02483,33,Returning,Cricket Bat,Sports,Very poor quality. The product stopped working quickly.,1.0,2025-01-18,Yes,Negative
CUST02484,33,Returning,Yoga Mat,Sports,I REALLY LIKED THIS PRODUCT. IT WORKS PERFECTLY.,5.0,2026-04-09,Yes,Positive
CUST02485,60,New,Self Help Book,Books,Excellent product! Very good quality and fast delivery.,5.0,2025-01-20,Yes,Positive
CUST02486,32,Loyal,Programming Book,Books,Great experience. The item arrived on time. Order 6237. Really!!,4.0,2025-07-14,Yes,Positive
CUST02487,29,New,Jacket,Clothing,Not worth the money. The quality is very poor. Really!!,2.0,2026-05-07,Yes,Negative
CUST02488,39,Loyal,Cookware Set,Home & Kitchen,Excellent product! Very good quality and fast delivery. Order 8881.,5.0,2026-11-24,Yes,Positive
CUST02489,52,New,Moisturizer,Beauty,"Product is decent, but there is room for improvement.",4.0,2026-08-02,Yes,Neutral
CUST02490,42,New,Sneakers,Clothing,EXCELLENT PRODUCT! VERY GOOD QUALITY AND FAST DELIVERY.,4.0,2025-01-13,Yes,Positive
CUST02491,20,Returning,Sneakers,Clothing,The product is okay and works as expected.,4.0,2025-06-15,Yes,Neutral
CUST02492,50,New,Self Help Book,Books,"The product is comfortable, useful, and well made. Order 6433.",5.0,2025-11-11,No,Positive
CUST02493,40,Returning,Coffee,Grocery,"IT WORKS PROPERLY, BUT NOTHING SPECIAL. ORDER 2622. REALLY!!",4.0,2025-05-09,Yes,Neutral
CUST02494,40,Loyal,Novel,Books,"The product is comfortable, useful, and well made.",5.0,2026-02-23,Yes,Positive
CUST02495,28,New,Power Bank,Electronics,The product does not work as expected. Really!!,1.0,2025-08-02,Yes,Negative
CUST02496,60,New,Cookies,Grocery,Bad experience. I would not recommend this product.,1.0,2025-04-29,No,Negative
CUST02497,33,Returning,Jacket,Clothing,"Product is decent, but there is room for improvement. Really!!",3.0,2025-01-08,No,Neutral
CUST02498,50,Loyal,Power Bank,Electronics,The product is okay and works as expected.,3.0,2025-12-09,Yes,Neutral
CUST02499,55,Loyal,Running Shoes,Sports,The product is okay and works as expected. Really!!,4.0,2026-03-07,Yes,Neutral
CUST02500,33,Returning,Hair Dryer,Beauty,The product is okay and works as expected.,3.0,2025-11-24,Yes,Neutral
CUST02501,30,New,Cricket Bat,Sports,Average quality. It is fine for the price.,3.0,2026-03-05,Yes,Neutral
CUST02502,49,Returning,Green Tea,Grocery,"Product is decent, but there is room for improvement. Order 2476.",3.0,2025-08-21,No,Neutral
CUST02503,54,New,T-Shirt,Clothing,VERY HAPPY WITH MY PURCHASE. HIGHLY RECOMMENDED!,4.0,2026-11-28,No,Positive
CUST02504,45,Returning,Programming Book,Books,Great experience. The item arrived on time.,4.0,2026-03-27,No,Positive
CUST02505,38,Loyal,Mixer Grinder,Home & Kitchen,"THE PRODUCT IS COMFORTABLE, USEFUL, AND WELL MADE.",4.0,2026-10-27,Yes,Positive
CUST02506,63,Returning,Face Wash,Beauty,Excellent product! Very good quality and fast delivery. Order 6166.,5.0,2025-01-23,No,Positive
CUST02507,62,Loyal,Cookware Set,Home & Kitchen,The product does not work as expected.,2.0,2025-01-31,No,Negative
CUST02508,59,Loyal,Dry Fruits,Grocery,Good product and the delivery was quick. Order 2028.,5.0,2025-05-15,Yes,Positive
CUST02509,65,Loyal,Water Bottle,Home & Kitchen,Good product and the delivery was quick.,5.0,2025-07-02,No,Positive
CUST02510,49,Returning,Programming Book,Books,"The product is comfortable, useful, and well made.",4.0,2026-05-22,Yes,Positive
CUST02511,36,Loyal,Moisturizer,Beauty,Great experience. The item arrived on time.,5.0,2025-09-29,No,Positive
CUST02512,30,Loyal,Mixer Grinder,Home & Kitchen,I really liked this product. It works perfectly.,4.0,2025-06-12,Yes,Positive
CUST02513,22,Loyal,Shampoo,Beauty,Excellent product! Very good quality and fast delivery. Really!!,4.0,2025-12-17,Yes,Positive
CUST02514,38,New,Jeans,Clothing,EXCELLENT PRODUCT! VERY GOOD QUALITY AND FAST DELIVERY. ORDER 8041.,4.0,2026-10-16,Yes,Positive
CUST02515,29,New,Dry Fruits,Grocery,Very happy with my purchase. Highly recommended!,4.0,2025-09-15,Yes,Positive
CUST02516,52,Loyal,Mixer Grinder,Home & Kitchen,"It works properly, but nothing special. Order 7610.",4.0,2025-04-21,Yes,Neutral
CUST02517,36,Loyal,Dry Fruits,Grocery,I really liked this product. It works perfectly.,5.0,2025-02-17,Yes,Positive
CUST02518,52,New,Coffee,Grocery,BAD EXPERIENCE. I WOULD NOT RECOMMEND THIS PRODUCT. REALLY!!,1.0,2026-09-12,No,Negative
CUST02519,48,New,Jacket,Clothing,I really liked this product. It works perfectly. Order 1334.,5.0,2026-07-07,Yes,Positive
CUST02520,56,New,Coffee Maker,Home & Kitchen,Amazing quality and value for money.,5.0,2025-09-17,No,Positive
CUST02521,44,Loyal,Cookies,Grocery,"The product is comfortable, useful, and well made.",5.0,2025-01-23,Yes,Positive
CUST02522,29,New,Cricket Bat,Sports,The product is okay and works as expected.,4.0,2026-08-04,Yes,Neutral
CUST02523,42,Returning,Jacket,Clothing,Excellent product! Very good quality and fast delivery.,4.0,2026-01-28,Yes,Positive
CUST02524,58,New,Cookies,Grocery,Average quality. It is fine for the price.,3.0,2025-12-17,Yes,Neutral
CUST02525,64,Returning,Cookies,Grocery,BAD EXPERIENCE. I WOULD NOT RECOMMEND THIS PRODUCT. REALLY!!,1.0,2026-07-20,Yes,Negative
CUST02526,62,New,Gym Gloves,Sports,Excellent product! Very good quality and fast delivery.,5.0,2026-04-24,Yes,Positive
CUST02527,43,Returning,Cookware Set,Home & Kitchen,GREAT EXPERIENCE. THE ITEM ARRIVED ON TIME.,4.0,2026-06-17,Yes,Positive
CUST02528,39,New,Self Help Book,Books,Average quality. It is fine for the price.,3.0,2025-08-13,Yes,Neutral
CUST02529,22,Loyal,Coffee,Grocery,"It works properly, but nothing special.",3.0,2026-04-20,No,Neutral
CUST02530,62,Returning,T-Shirt,Clothing,I really liked this product. It works perfectly.,4.0,2025-03-30,Yes,Positive
CUST02531,38,Returning,Power Bank,Electronics,I really liked this product. It works perfectly.,4.0,2026-02-04,Yes,Positive
CUST02532,44,Returning,Cookies,Grocery,I am disappointed with this purchase.,1.0,2026-03-10,Yes,Negative
CUST02533,19,New,Programming Book,Books,Good product and the delivery was quick. Order 1775.,4.0,2025-12-18,Yes,Positive
CUST02534,42,Returning,Running Shoes,Sports,GOOD PRODUCT AND THE DELIVERY WAS QUICK.,4.0,2026-01-13,Yes,Positive
CUST02535,24,Loyal,Cricket Bat,Sports,Average quality. It is fine for the price.,4.0,2025-11-24,Yes,Neutral
CUST02536,20,New,Green Tea,Grocery,VERY HAPPY WITH MY PURCHASE. HIGHLY RECOMMENDED!,5.0,2025-02-02,Yes,Positive
CUST02537,49,New,Coffee Maker,Home & Kitchen,Excellent product! Very good quality and fast delivery.,5.0,2026-06-04,Yes,Positive
CUST02538,20,Returning,T-Shirt,Clothing,The product does not work as expected. Order 8102. Really!!,2.0,2026-03-27,Yes,Negative
CUST02539,55,New,T-Shirt,Clothing,I am disappointed with this purchase. Really!!,1.0,2026-02-03,Yes,Negative
CUST02540,37,New,Running Shoes,Sports,I am disappointed with this purchase. Really!!,1.0,2026-11-30,Yes,Negative
CUST02541,24,New,Face Wash,Beauty,The item arrived late and the package was damaged. Really!!,2.0,2025-08-23,Yes,Negative
CUST02542,43,Returning,Sneakers,Clothing,"The product is comfortable, useful, and well made.",5.0,2026-02-25,Yes,Positive
CUST02543,28,Loyal,Gym Gloves,Sports,Average quality. It is fine for the price. Order 6351.,3.0,2025-12-09,Yes,Neutral
CUST02544,20,Returning,Self Help Book,Books,Not worth the money. The quality is very poor. Order 6669.,1.0,2026-01-23,Yes,Negative
CUST02545,24,Returning,Water Bottle,Home & Kitchen,Amazing quality and value for money.,4.0,2026-10-26,Yes,Positive
CUST02546,55,Returning,Jacket,Clothing,Great experience. The item arrived on time.,5.0,2025-09-23,Yes,Positive
CUST02547,22,Loyal,Cookbook,Books,Very happy with my purchase. Highly recommended!,5.0,2026-04-11,Yes,Positive
CUST02548,60,Returning,Mixer Grinder,Home & Kitchen,Good product and the delivery was quick.,4.0,2026-01-18,Yes,Positive
CUST02549,28,Returning,Cookies,Grocery,Bad experience. I would not recommend this product. Really!!,1.0,2025-08-27,Yes,Negative
CUST02550,28,Loyal,Cookware Set,Home & Kitchen,The quality is acceptable for everyday use.,3.0,2026-03-13,Yes,Neutral
CUST02551,18,New,Cricket Bat,Sports,I really liked this product. It works perfectly. Order 7603.,5.0,2026-09-18,No,Positive
CUST02552,62,Loyal,Running Shoes,Sports,Great experience. The item arrived on time.,4.0,2025-01-27,Yes,Positive
CUST02553,31,Returning,Bluetooth Speaker,Electronics,The item arrived on time and was as described.,3.0,2025-04-06,Yes,Neutral
CUST02554,26,Loyal,Dry Fruits,Grocery,Great experience. The item arrived on time.,5.0,2026-07-25,Yes,Positive
CUST02555,49,Loyal,Jeans,Clothing,"PRODUCT IS DECENT, BUT THERE IS ROOM FOR IMPROVEMENT.",4.0,2026-12-28,Yes,Neutral
CUST02556,48,Loyal,Water Bottle,Home & Kitchen,I really liked this product. It works perfectly. Really!!,4.0,2025-04-02,Yes,Positive
CUST02557,59,New,Mixer Grinder,Home & Kitchen,I really liked this product. It works perfectly.,5.0,2026-09-16,Yes,Positive
CUST02558,22,New,Self Help Book,Books,Great experience. The item arrived on time. Really!!,5.0,2026-12-08,Yes,Positive
CUST02559,43,Loyal,Shampoo,Beauty,Very happy with my purchase. Highly recommended! Order 2029.,4.0,2026-08-08,Yes,Positive
CUST02560,48,Loyal,Water Bottle,Home & Kitchen,I really liked this product. It works perfectly. Really!!,5.0,2025-09-22,Yes,Positive
CUST02561,57,New,Face Wash,Beauty,"Product is decent, but there is room for improvement. Order 6087.",4.0,2025-10-14,Yes,Neutral
CUST02562,61,Loyal,Sneakers,Clothing,I am disappointed with this purchase.,1.0,2025-12-13,Yes,Negative
CUST02563,47,Returning,Cricket Bat,Sports,"Product is decent, but there is room for improvement.",4.0,2026-09-01,Yes,Neutral
CUST02564,49,Loyal,Cookware Set,Home & Kitchen,GOOD PRODUCT AND THE DELIVERY WAS QUICK. ORDER 9883.,5.0,2026-10-19,Yes,Positive
CUST02565,56,Returning,T-Shirt,Clothing,The product does not work as expected. Order 6543. Really!!,1.0,2025-01-01,Yes,Negative
CUST02566,22,New,Cookbook,Books,,5.0,2026-10-15,Yes,Positive
CUST02567,65,Returning,Running Shoes,Sports,"It works properly, but nothing special. Really!!",4.0,2025-04-01,Yes,Neutral
CUST02568,43,New,Sneakers,Clothing,"Product is decent, but there is room for improvement.",3.0,2026-11-05,Yes,Neutral
CUST02569,21,Returning,Wireless Earbuds,Electronics,"The product is comfortable, useful, and well made.",4.0,2025-04-08,Yes,Positive
CUST02570,21,Loyal,Cricket Bat,Sports,I really liked this product. It works perfectly. Order 9099.,4.0,2025-08-02,No,Positive
CUST02571,25,Returning,Running Shoes,Sports,I really liked this product. It works perfectly. Order 5036.,4.0,2026-01-23,Yes,Positive
CUST02572,21,Loyal,Cookware Set,Home & Kitchen,"The product is comfortable, useful, and well made.",5.0,2026-04-20,Yes,Positive
CUST02573,61,Loyal,Running Shoes,Sports,Very poor quality. The product stopped working quickly.,1.0,2025-06-04,Yes,Negative
CUST02574,56,Returning,Mixer Grinder,Home & Kitchen,The item arrived on time and was as described.,3.0,2025-09-14,Yes,Neutral
CUST02575,44,Returning,Shampoo,Beauty,"It works properly, but nothing special.",3.0,2026-09-22,No,Neutral
CUST02576,48,New,Shampoo,Beauty,Great experience. The item arrived on time. Really!!,5.0,2026-03-13,Yes,Positive
CUST02577,26,New,Gym Gloves,Sports,Average quality. It is fine for the price. Really!!,4.0,2026-09-27,No,Neutral
CUST02578,32,Loyal,Cookies,Grocery,The item arrived late and the package was damaged.,1.0,2025-07-26,Yes,Negative
CUST02579,34,New,Cookware Set,Home & Kitchen,The quality is acceptable for everyday use. Really!!,4.0,2025-05-03,No,Neutral
CUST02580,47,New,Dry Fruits,Grocery,I really liked this product. It works perfectly.,5.0,2025-04-02,No,Positive
CUST02581,18,Loyal,Water Bottle,Home & Kitchen,The product is okay and works as expected.,4.0,2025-02-12,No,Neutral
CUST02582,31,Returning,Face Wash,Beauty,EXCELLENT PRODUCT! VERY GOOD QUALITY AND FAST DELIVERY.,4.0,2026-01-13,No,Positive
CUST02583,26,New,Jacket,Clothing,Excellent product! Very good quality and fast delivery. Really!!,5.0,2025-09-09,Yes,Positive
CUST02584,39,Returning,Programming Book,Books,Very happy with my purchase. Highly recommended!,4.0,2025-09-20,No,Positive
CUST02585,38,Returning,Coffee,Grocery,GREAT EXPERIENCE. THE ITEM ARRIVED ON TIME.,4.0,2026-05-14,Yes,Positive
CUST02586,32,Returning,Water Bottle,Home & Kitchen,The product does not work as expected.,2.0,2026-09-19,No,Negative
CUST02587,40,New,Shampoo,Beauty,The product does not work as expected.,2.0,2025-08-04,Yes,Negative
CUST02588,29,New,Dry Fruits,Grocery,"Product is decent, but there is room for improvement.",4.0,2026-11-17,Yes,Neutral
CUST02589,57,Loyal,Hair Dryer,Beauty,THE ITEM ARRIVED ON TIME AND WAS AS DESCRIBED. REALLY!!,4.0,2026-07-30,No,Neutral
CUST02590,40,Loyal,Cookies,Grocery,I am disappointed with this purchase. Order 6531.,2.0,2025-12-06,Yes,Negative
