Employee_ID,Age,Monthly_Income,Years_At_Company,Job_Satisfaction,Performance_Rating,Working_Hours,Training_Hours,Projects_Completed,Overtime_Hours,Distance_From_Home_KM,Leave_Days,Department,Job_Level,Education_Level,Employment_Type,Work_Mode,Gender,Joining_Date,Attrition
10001,40.0,28000.0,2.1,5.0,5,41.3,23.6,3,15.1,10.3,10.4,Finance,Senior,Master,Full-Time,Remote,Female,2016-04-25,0
10002,35.0,42500.0,1.2,3.0,4,39.0,45.6,3,2.2,4.7,19.7,Sales,Mid,High School,Full-Time,Office,Female,2017-01-01,0
10003,41.0,50900.0,1.9,3.0,2,48.1,15.4,5,1.5,8.3,13.4,Marketing,Senior,Master,Part-Time,Office,Female,2015-12-09,0
10004,48.0,127700.0,1.0,1.0,1,44.4,29.4,5,18.8,9.2,4.5,Operations,Lead,High School,Full-Time,Hybrid,Male,2022-09-09,0
10005,34.0,75000.0,11.6,5.0,4,53.2,36.7,5,6.5,8.9,14.1,IT,Mid,Master,Full-Time,Office,Male,2018-01-01,0
10006,34.0,35200.0,2.5,5.0,3,45.8,42.9,1,0.0,4.7,18.4,Sales,Senior,Diploma,Contract,Hybrid,Female,2020-01-25,0
10007,49.0,72900.0,1.4,3.0,4,50.4,47.3,2,0.0,9.0,6.9,IT,Junior,Bachelor,Full-Time,Hybrid,Female,2023-07-30,0
10008,42.0,32300.0,3.0,4.0,1,40.4,49.7,2,10.7,8.5,10.9,Finance,Lead,Diploma,Contract,Hybrid,Male,2017-09-29,0
10009,32.0,92500.0,1.9,4.0,5,40.3,30.5,8,5.1,10.0,11.1,HR,Junior,High School,Full-Time,Remote,Female,2015-10-07,0
10010,40.0,49700.0,6.8,1.0,4,55.1,49.4,3,10.9,6.0,12.6,Finance,Senior,Bachelor,Full-Time,Office,Female,2017-11-16,1
10011,32.0,57800.0,17.7,4.0,1,41.0,42.6,2,6.7,8.1,12.6,Finance,Lead,Diploma,Full-Time,Hybrid,Female,2015-10-18,0
10012,32.0,102000.0,2.9,4.0,1,39.3,45.8,3,9.3,36.7,15.2,Finance,Senior,Bachelor,Full-Time,Hybrid,Female,2017-10-09,0
10013,38.0,35900.0,9.9,4.0,2,38.1,25.5,5,18.6,8.3,11.4,Operations,Senior,Master,Full-Time,Hybrid,Male,2017-08-21,0
10014,21.0,34300.0,4.2,2.0,2,53.6,45.0,2,6.9,16.9,18.2,Sales,Mid,Bachelor,Full-Time,Office,Female,2020-08-31,1
10015,22.0,47500.0,0.9,1.0,5,42.6,32.7,7,15.1,21.7,2.4,Sales,Lead,Diploma,Contract,Hybrid,Male,2022-01-14,1
10016,32.0,90900.0,5.9,3.0,2,46.0,35.7,2,8.7,2.9,6.3,HR,Senior,Diploma,Full-Time,Hybrid,Male,2019-07-18,0
10017,28.0,32700.0,3.6,4.0,5,44.8,37.5,3,1.1,7.0,19.4,IT,Mid,Diploma,Full-Time,Remote,Female,2016-09-27,0
10018,39.0,20000.0,5.3,2.0,3,40.4,66.7,3,19.9,7.2,9.6,IT,Junior,,Part-Time,Hybrid,Female,2016-03-30,0
10019,29.0,50100.0,11.0,4.0,3,42.5,21.3,5,20.7,32.8,14.8,IT,Mid,Diploma,Full-Time,Office,Male,2017-05-22,1
10020,25.0,74800.0,2.9,2.0,2,48.2,52.8,3,7.1,29.9,11.3,Finance,Senior,Diploma,Full-Time,Hybrid,Male,2023-12-02,1
10021,48.0,97000.0,11.6,1.0,3,37.9,56.5,5,8.9,2.9,16.7,HR,Senior,High School,Full-Time,Hybrid,Female,2021-12-07,0
10022,34.0,49900.0,6.9,4.0,4,47.4,47.4,4,15.4,4.0,14.1,Finance,Senior,Master,Full-Time,Hybrid,Female,2016-09-01,0
10023,37.0,50900.0,3.4,2.0,4,51.2,27.0,2,6.9,18.9,25.2,HR,Junior,Diploma,Full-Time,Office,Female,2020-10-24,1
10024,25.0,95200.0,4.6,5.0,4,45.5,60.4,5,13.8,5.5,11.9,Marketing,Mid,Bachelor,Contract,Office,Female,2020-12-19,0
10025,32.0,28400.0,2.0,5.0,3,50.7,30.0,3,3.1,12.6,9.9,Sales,Mid,Master,Full-Time,Office,Male,2024-10-04,0
10026,37.0,51400.0,20.6,2.0,4,37.1,45.3,0,19.0,6.9,18.4,Operations,Senior,Master,Part-Time,Office,Male,2021-02-19,0
10027,27.0,64700.0,5.5,4.0,5,34.8,36.8,3,10.2,3.8,15.4,Operations,Mid,Bachelor,Full-Time,Hybrid,Male,2018-10-22,0
10028,39.0,71800.0,0.2,4.0,1,45.2,29.5,6,12.5,19.9,8.0,Operations,Senior,Bachelor,Full-Time,Hybrid,Female,2024-04-15,0
10029,31.0,48900.0,2.0,1.0,2,41.1,43.2,3,16.1,4.8,16.4,Finance,Mid,High School,Full-Time,Office,Male,2023-10-23,0
10030,34.0,60800.0,4.9,1.0,5,48.4,63.2,3,12.9,7.3,13.0,Marketing,Mid,Diploma,Full-Time,Hybrid,Male,2019-12-20,1
10031,31.0,22200.0,0.3,3.0,4,42.4,38.8,3,7.7,3.6,12.4,IT,Senior,Bachelor,Full-Time,Office,Female,2021-07-29,0
10032,51.0,46100.0,0.2,1.0,1,44.7,64.7,7,18.3,3.7,14.2,Operations,Mid,High School,Full-Time,Office,Male,2019-03-03,0
10033,36.0,71900.0,3.0,4.0,2,44.4,32.3,2,13.0,8.3,16.1,Marketing,Junior,High School,Full-Time,Hybrid,Male,2022-09-04,0
10034,28.0,40500.0,2.0,3.0,5,44.6,36.2,4,7.0,4.1,13.0,Operations,Senior,Master,Full-Time,Hybrid,Female,2021-08-09,0
10035,43.0,61400.0,2.9,1.0,2,41.3,16.6,3,0.0,23.0,10.7,Sales,Junior,High School,Full-Time,Hybrid,Male,2016-12-23,0
10036,26.0,71700.0,1.5,2.0,3,37.2,26.6,5,7.9,13.0,22.4,Operations,Senior,High School,Full-Time,Hybrid,Male,2024-03-21,0
10037,38.0,52300.0,0.9,5.0,4,42.9,31.7,5,4.8,13.9,11.8,Sales,Junior,High School,Part-Time,Office,Female,2015-06-17,0
10038,21.0,64200.0,5.8,1.0,5,51.3,30.1,5,8.1,6.5,18.7,Operations,Senior,Master,Full-Time,Office,Female,2021-02-04,0
10039,25.0,40800.0,3.6,1.0,5,41.0,20.6,1,4.2,6.6,9.2,Operations,Senior,Bachelor,Full-Time,Hybrid,Male,2024-01-18,0
10040,38.0,55200.0,1.1,2.0,1,40.9,23.6,4,10.3,10.9,7.8,Sales,Junior,High School,Full-Time,Office,Female,2021-09-06,0
10041,42.0,76600.0,1.9,4.0,1,44.8,30.7,6,5.3,1.2,16.9,Operations,Lead,Diploma,Full-Time,Hybrid,Female,2016-10-14,0
10042,37.0,63900.0,4.5,2.0,1,38.1,52.8,7,16.6,5.8,10.7,Marketing,Junior,Master,Full-Time,Office,Male,2021-04-23,0
10043,35.0,47500.0,0.4,1.0,2,49.0,12.6,5,11.7,2.2,2.3,IT,Junior,Bachelor,Full-Time,Hybrid,Male,2021-07-07,0
10044,34.0,65600.0,0.8,4.0,4,38.6,5.0,2,5.2,9.4,11.0,Finance,Senior,High School,Full-Time,Hybrid,Male,2020-12-25,0
10045,24.0,79900.0,0.4,3.0,2,42.6,8.6,1,8.1,3.6,14.5,Operations,Senior,Master,Full-Time,Hybrid,Female,2018-12-05,0
10046,30.0,26400.0,8.4,1.0,4,56.7,22.3,1,11.1,7.4,8.5,IT,Junior,Bachelor,Full-Time,Remote,Male,2024-07-06,0
10047,32.0,95400.0,7.0,2.0,5,38.3,44.6,0,0.0,4.3,7.9,HR,Lead,Bachelor,Contract,Office,Female,2020-03-10,0
10048,44.0,52400.0,7.0,3.0,2,51.4,29.7,3,10.8,21.7,13.0,HR,Senior,Diploma,Contract,Office,Female,2018-06-01,1
10049,39.0,71100.0,6.3,5.0,2,44.6,29.5,2,0.0,38.9,6.3,Finance,Junior,High School,Full-Time,Remote,Female,2023-06-21,0
10050,22.0,96900.0,5.5,3.0,2,45.3,29.1,3,17.2,15.2,13.5,Operations,Senior,Diploma,Full-Time,Hybrid,Female,2019-06-13,0
10051,39.0,34700.0,3.2,2.0,3,40.0,6.8,4,5.8,15.8,17.2,Operations,Mid,Master,Part-Time,Hybrid,Male,2015-09-29,0
10052,33.0,45200.0,5.1,3.0,4,48.0,47.9,4,14.3,7.8,18.5,Sales,Junior,,Full-Time,Office,Male,2022-06-09,0
10053,31.0,53500.0,0.2,2.0,4,42.2,54.7,5,1.1,5.2,8.7,Finance,Senior,Master,Full-Time,Hybrid,Female,2023-11-04,0
10054,41.0,43900.0,4.9,1.0,2,38.3,30.0,7,11.4,2.1,20.9,Marketing,Senior,Master,Full-Time,Office,Female,2024-06-28,0
10055,44.0,120100.0,7.5,4.0,3,51.3,36.3,2,1.0,9.1,14.9,Operations,Mid,High School,Full-Time,Remote,Female,2017-04-04,0
10056,43.0,42600.0,3.5,5.0,2,42.1,36.8,3,6.2,6.5,8.6,Sales,Senior,Bachelor,Contract,Office,Female,2017-12-24,0
10057,29.0,48000.0,2.2,4.0,4,34.7,19.0,5,13.8,9.4,9.9,,Senior,Master,Part-Time,Office,Female,2023-06-05,0
10058,34.0,65100.0,1.6,4.0,5,42.7,28.4,5,11.7,4.9,8.5,Finance,Junior,Master,Full-Time,Office,Male,2015-04-01,0
10059,39.0,37100.0,5.1,4.0,3,48.0,61.8,2,11.4,2.8,1.7,Marketing,Senior,High School,Full-Time,Hybrid,Male,2024-10-02,0
10060,44.0,51200.0,5.9,2.0,3,47.2,34.9,6,5.9,3.6,19.1,Marketing,Mid,Bachelor,Full-Time,Remote,Female,2021-05-27,0
10061,32.0,68100.0,10.2,2.0,2,40.8,38.4,7,1.7,23.4,13.1,IT,Mid,Diploma,Part-Time,Office,Male,2023-09-24,0
10062,35.0,52500.0,2.1,5.0,5,39.1,24.6,3,12.7,31.0,15.2,HR,Lead,High School,Full-Time,Office,Female,2018-06-02,0
10063,27.0,57800.0,7.3,2.0,4,37.2,28.6,5,2.5,2.7,12.5,Finance,Senior,,Full-Time,Hybrid,Male,2015-11-11,0
10064,26.0,48600.0,4.1,2.0,1,43.9,44.7,5,4.3,5.0,4.4,IT,Mid,High School,Full-Time,Hybrid,Male,2021-08-28,0
10065,,32700.0,10.7,2.0,4,44.8,22.4,1,16.6,2.4,13.7,Sales,Mid,Diploma,Full-Time,Remote,Female,2016-06-09,1
10066,47.0,68200.0,3.8,2.0,4,47.5,59.3,3,11.5,8.4,16.8,Sales,Mid,Diploma,Contract,Office,Male,2017-07-27,0
10067,35.0,121100.0,3.6,1.0,5,43.3,10.8,5,0.0,8.5,16.7,HR,Junior,Master,Contract,Hybrid,Male,2019-09-06,0
10068,44.0,60400.0,4.3,5.0,3,43.1,25.5,7,7.9,7.4,17.5,Sales,Senior,Bachelor,Full-Time,Office,Female,2023-01-13,0
10069,39.0,65700.0,6.9,2.0,4,42.6,12.8,4,7.1,5.6,12.3,HR,Senior,Diploma,Full-Time,Office,Male,2022-06-02,0
10070,31.0,79200.0,16.7,5.0,3,44.8,54.9,0,5.8,9.5,0.2,Sales,Senior,High School,Full-Time,Office,Female,2021-02-13,0
10071,39.0,36100.0,0.4,3.0,5,43.3,34.5,5,5.9,12.6,15.4,Sales,Mid,Bachelor,Full-Time,Remote,Female,2021-12-12,0
10072,48.0,118600.0,0.3,1.0,5,48.7,30.7,6,15.9,13.0,12.4,Finance,Junior,Diploma,Full-Time,Hybrid,Female,2020-11-02,0
10073,36.0,65100.0,13.9,2.0,2,45.6,41.0,4,20.0,18.8,22.0,Marketing,Senior,High School,Full-Time,Office,Male,2018-11-10,1
10074,49.0,115200.0,3.8,1.0,1,44.5,56.0,6,7.7,6.3,21.5,Finance,Mid,High School,Full-Time,Remote,Female,2020-12-07,0
10075,21.0,44800.0,4.8,1.0,5,43.8,38.2,3,9.0,5.3,17.5,IT,Junior,Master,Full-Time,Office,Female,2021-06-30,0
10076,43.0,124200.0,3.3,3.0,5,39.3,52.1,4,0.0,15.6,5.1,Marketing,Lead,Master,Full-Time,Office,Female,2023-10-20,0
10077,37.0,81800.0,0.5,5.0,3,44.0,30.6,1,18.2,5.4,6.5,Finance,Senior,High School,Full-Time,Hybrid,Female,2018-08-22,0
10078,34.0,74900.0,7.3,1.0,5,40.8,20.6,3,4.0,6.9,14.6,Marketing,Mid,Master,Full-Time,Remote,Female,2022-08-31,0
10079,37.0,65900.0,6.9,4.0,4,45.7,38.5,6,5.5,5.5,6.2,Marketing,Junior,Master,Full-Time,Hybrid,Male,2019-10-14,0
10080,21.0,54300.0,1.9,3.0,2,43.0,24.5,3,12.7,26.3,16.4,Marketing,Junior,Diploma,Full-Time,Hybrid,Female,2021-11-26,1
10081,34.0,97000.0,1.8,4.0,2,52.3,45.3,4,9.7,12.0,16.6,Sales,Mid,Bachelor,Full-Time,Remote,Female,2016-12-03,0
10082,39.0,63500.0,9.1,3.0,4,37.7,28.9,2,11.3,3.6,19.8,,Mid,Diploma,Full-Time,Office,Male,2020-06-30,0
10083,48.0,27300.0,0.4,4.0,5,30.0,33.7,6,12.1,8.0,17.5,Sales,Senior,Bachelor,Part-Time,Office,Male,2017-07-19,0
10084,32.0,38400.0,10.6,4.0,1,45.3,5.0,10,8.0,10.6,10.1,Operations,Senior,Diploma,Full-Time,Office,Female,2017-10-14,0
10085,30.0,55700.0,1.5,1.0,5,40.8,33.1,6,13.3,3.6,11.7,Marketing,Mid,High School,Full-Time,Hybrid,Female,2017-05-05,0
10086,32.0,67900.0,4.5,1.0,2,44.8,31.4,1,0.0,10.3,7.8,Sales,Senior,Master,Full-Time,Hybrid,Male,2015-01-26,0
10087,43.0,58700.0,13.7,3.0,1,37.8,52.4,7,17.8,7.2,13.3,Marketing,Senior,Diploma,Full-Time,Office,Female,2020-03-11,0
10088,39.0,97700.0,5.7,5.0,3,53.5,48.1,6,6.9,3.4,1.1,IT,Senior,Bachelor,Full-Time,Hybrid,Male,2022-05-08,0
10089,32.0,27500.0,2.7,1.0,3,42.1,35.4,2,13.2,3.1,10.5,Finance,Lead,Master,Full-Time,Hybrid,Male,2024-01-27,0
10090,40.0,63500.0,5.8,1.0,5,40.5,10.5,4,11.0,20.9,15.5,Operations,Senior,Master,Full-Time,Hybrid,Female,2024-05-06,0
10091,37.0,29000.0,2.1,2.0,5,53.5,28.4,9,0.0,4.4,15.1,Marketing,Junior,Diploma,Contract,Hybrid,Male,2019-12-24,0
10092,44.0,81300.0,1.6,1.0,1,48.2,52.5,1,9.3,16.2,16.3,IT,Lead,Master,Full-Time,Office,Female,2015-10-02,1
10093,30.0,57800.0,28.5,5.0,1,50.9,32.0,4,0.0,12.7,6.7,Finance,Junior,Bachelor,Full-Time,Hybrid,Male,2024-11-29,0
10094,33.0,71000.0,6.9,2.0,5,43.1,19.0,4,11.0,5.2,5.6,HR,Lead,Diploma,Full-Time,Office,Female,2024-01-06,0
10095,33.0,42500.0,5.2,4.0,2,44.2,52.3,3,9.3,11.3,15.0,Operations,Senior,Bachelor,Full-Time,Hybrid,Male,2017-07-24,0
10096,24.0,100100.0,2.2,4.0,3,41.0,10.6,5,0.3,10.1,7.2,Operations,Mid,High School,Full-Time,Hybrid,Male,2022-11-18,0
10097,38.0,91000.0,0.3,2.0,1,40.4,33.3,2,9.1,15.1,6.1,Marketing,Mid,High School,Full-Time,Hybrid,Male,2022-10-25,0
10098,38.0,75800.0,0.2,2.0,2,46.0,43.4,3,5.1,9.0,13.1,HR,Junior,Master,Full-Time,Office,Male,2023-10-05,0
10099,36.0,57000.0,4.0,2.0,5,42.2,36.9,1,7.0,6.3,11.9,Finance,Junior,Master,Full-Time,Hybrid,Male,2022-04-20,0
10100,34.0,75700.0,7.2,3.0,4,55.1,16.4,7,0.0,20.2,23.9,Finance,Senior,Bachelor,Contract,Remote,Male,2017-06-26,0
10101,25.0,45200.0,3.9,5.0,1,48.2,21.1,10,0.6,13.3,13.9,Marketing,Mid,High School,Full-Time,Hybrid,Male,2023-03-07,0
10102,33.0,84500.0,9.2,5.0,4,53.4,24.5,3,3.3,5.1,12.9,IT,Mid,Bachelor,Full-Time,Remote,Male,2017-04-27,1
10103,33.0,116100.0,0.2,4.0,2,32.9,46.8,2,1.2,7.1,9.2,Marketing,Lead,Master,Full-Time,Office,Male,2016-03-07,0
10104,30.0,92100.0,2.3,4.0,3,53.5,37.6,4,4.8,19.9,16.1,IT,Junior,Bachelor,Full-Time,Office,Male,2020-02-14,0
10105,35.0,44800.0,1.4,4.0,2,32.1,29.2,8,4.0,22.8,11.8,Marketing,Senior,Master,Full-Time,Hybrid,Male,2022-06-13,0
10106,39.0,69300.0,3.0,1.0,3,37.7,41.1,3,9.8,7.1,9.4,IT,Mid,High School,Contract,Hybrid,Male,2021-11-15,0
10107,51.0,35800.0,0.4,4.0,2,35.2,23.7,7,0.0,11.3,11.0,Sales,Junior,Diploma,Full-Time,Office,Female,2019-12-29,0
10108,37.0,75400.0,15.4,2.0,1,45.2,46.1,10,20.0,10.3,10.3,IT,Senior,Bachelor,Part-Time,Office,Female,2020-04-25,0
10109,38.0,71900.0,1.3,4.0,1,43.9,41.8,3,4.3,3.7,11.6,IT,Senior,Master,Full-Time,Hybrid,Male,2015-09-13,0
10110,35.0,28400.0,12.8,2.0,4,48.0,31.6,6,6.2,11.4,23.3,Finance,Junior,Diploma,Contract,Hybrid,Male,2018-06-19,0
10111,21.0,37700.0,2.8,3.0,2,43.6,32.6,4,11.6,1.8,15.2,HR,Mid,Diploma,Full-Time,Office,Female,2023-09-27,0
10112,36.0,53600.0,21.2,1.0,2,50.1,29.9,2,18.4,15.1,11.1,Marketing,Senior,High School,Full-Time,Remote,Male,2023-06-05,0
10113,36.0,53200.0,4.0,1.0,4,39.3,49.9,4,4.5,11.5,11.7,Finance,Junior,Master,Full-Time,Hybrid,Male,2020-05-03,0
10114,56.0,37000.0,13.4,5.0,5,50.2,38.2,2,12.1,1.0,5.0,HR,Mid,Bachelor,Full-Time,Hybrid,Male,2022-12-30,0
10115,34.0,70100.0,0.2,3.0,2,43.8,31.8,2,4.0,4.1,3.0,Finance,Senior,Diploma,Full-Time,Remote,Female,2019-07-16,0
10116,38.0,66300.0,6.9,2.0,2,55.8,20.4,6,13.6,2.3,15.7,Operations,Senior,Master,Full-Time,Office,Male,2016-10-18,1
10117,36.0,55500.0,11.7,3.0,2,48.4,43.8,6,12.2,3.9,15.6,Finance,Senior,Master,Full-Time,Hybrid,Female,2021-12-26,0
10118,27.0,44300.0,0.8,1.0,5,42.5,43.1,3,1.6,8.8,14.0,Marketing,Mid,Diploma,Full-Time,Hybrid,Male,2019-02-24,0
10119,45.0,91300.0,0.5,2.0,1,43.8,27.1,2,11.5,27.1,19.4,Operations,Mid,High School,Full-Time,Office,Female,2022-09-18,1
10120,42.0,116300.0,2.8,3.0,4,39.0,28.7,5,0.0,11.5,13.1,Sales,Senior,Master,Full-Time,Hybrid,Female,2022-03-24,0
10121,42.0,49400.0,13.6,1.0,5,45.8,33.2,3,3.6,6.1,16.1,Finance,Junior,High School,Full-Time,Remote,Male,2015-04-21,0
10122,29.0,47000.0,3.9,2.0,3,42.5,17.7,4,0.0,13.2,11.6,Marketing,Mid,Diploma,Full-Time,Office,Female,2022-09-11,0
10123,47.0,73000.0,3.7,2.0,3,47.6,36.1,4,8.0,12.3,0.0,IT,Senior,Diploma,Full-Time,Office,Female,2018-07-15,0
10124,25.0,52000.0,0.8,1.0,5,37.3,10.3,5,14.0,22.0,17.8,HR,Senior,High School,Full-Time,Office,Male,2020-07-23,0
10125,41.0,56700.0,0.2,2.0,5,42.4,15.8,2,0.5,14.4,7.2,Marketing,Junior,High School,Full-Time,Hybrid,Female,2023-01-03,0
10126,54.0,80700.0,8.3,1.0,1,38.2,27.4,4,10.4,8.0,13.3,Sales,Mid,High School,Contract,Office,Male,2024-06-29,0
10127,28.0,28000.0,0.5,4.0,3,38.5,25.6,4,6.5,2.8,8.5,Marketing,Mid,Bachelor,Full-Time,Office,Male,2024-12-13,0
10128,31.0,101700.0,5.0,4.0,4,47.0,41.8,5,1.8,20.6,13.3,Marketing,Senior,High School,Full-Time,Remote,Female,2015-02-17,0
10129,37.0,61800.0,12.3,2.0,2,49.6,39.2,2,5.5,7.3,20.3,IT,Senior,High School,Full-Time,Hybrid,Female,2022-07-31,0
10130,32.0,50900.0,1.2,2.0,2,32.3,55.6,3,11.5,4.3,15.0,HR,Junior,High School,Part-Time,Office,Female,2019-02-22,0
10131,24.0,57900.0,5.5,1.0,1,53.3,36.4,7,13.6,2.0,16.1,Operations,Junior,Bachelor,Full-Time,Remote,Female,2018-02-02,1
10132,37.0,59100.0,0.4,2.0,1,51.0,38.1,4,9.8,3.6,11.1,HR,Senior,Master,Full-Time,Hybrid,Male,2015-03-11,0
10133,28.0,30000.0,4.6,5.0,3,37.3,17.6,7,7.8,10.6,10.6,Sales,Lead,Bachelor,Full-Time,Office,Male,2021-08-05,0
10134,40.0,109100.0,0.9,4.0,4,48.1,17.6,5,8.1,6.1,10.5,Operations,Senior,Master,Contract,Hybrid,Male,2017-05-07,0
10135,29.0,61000.0,6.7,2.0,4,41.7,36.0,6,3.6,16.0,15.8,Operations,Mid,High School,Contract,Hybrid,Female,2015-01-01,0
10136,48.0,71600.0,1.8,2.0,5,43.5,36.2,4,8.6,24.9,12.1,HR,Lead,High School,Full-Time,Hybrid,Female,2022-11-01,0
10137,30.0,87800.0,3.1,3.0,1,47.0,,5,0.0,1.8,15.5,IT,Mid,Bachelor,Full-Time,Office,Female,2019-05-18,1
10138,33.0,39900.0,4.6,2.0,2,46.4,54.0,6,7.3,3.9,11.1,Sales,Mid,Bachelor,Contract,Office,Female,2017-09-26,0
10139,43.0,72500.0,0.9,5.0,2,41.1,18.2,5,18.2,8.8,17.1,IT,Junior,Diploma,Full-Time,Office,Male,2023-07-28,0
10140,26.0,53900.0,6.8,4.0,3,41.1,60.3,3,5.4,22.5,15.5,IT,Lead,Bachelor,Full-Time,Office,Female,2017-03-25,0
10141,38.0,84200.0,1.8,3.0,2,41.4,12.6,4,14.7,4.5,12.6,Operations,Mid,Bachelor,Full-Time,Hybrid,Male,2022-10-02,1
10142,46.0,25600.0,5.4,1.0,4,49.7,40.6,5,12.0,9.4,15.4,Marketing,Mid,High School,Full-Time,Hybrid,Male,2017-12-05,0
10143,23.0,57700.0,0.9,1.0,4,34.7,16.3,5,16.6,3.7,17.2,Marketing,Junior,High School,Full-Time,Office,Female,2015-03-21,0
10144,37.0,47100.0,5.8,4.0,1,43.2,45.9,3,0.0,7.5,21.3,Marketing,Mid,High School,Full-Time,Remote,Female,2021-10-06,0
10145,38.0,71300.0,0.7,1.0,3,51.9,12.7,3,9.1,8.8,8.5,Operations,Junior,Bachelor,Full-Time,Hybrid,Male,2016-04-21,1
10146,42.0,72400.0,2.8,5.0,2,47.5,5.0,1,11.5,6.4,16.4,Finance,Mid,Diploma,Part-Time,Hybrid,Female,2019-05-05,1
10147,26.0,45200.0,1.4,2.0,1,49.3,37.2,2,12.8,25.2,15.4,IT,Lead,High School,Part-Time,Remote,Female,2024-03-30,1
10148,25.0,45100.0,6.9,4.0,5,43.3,33.1,2,15.2,18.4,16.6,HR,Junior,Diploma,Full-Time,Remote,Female,2018-12-04,0
10149,40.0,,1.5,3.0,5,38.2,51.6,5,12.2,6.4,9.7,Sales,Mid,Diploma,Full-Time,Office,Female,2020-07-06,0
10150,38.0,41900.0,10.7,2.0,2,44.3,36.2,8,9.4,6.7,12.5,Finance,Junior,Bachelor,Full-Time,Hybrid,Male,2018-12-11,0
10151,38.0,84000.0,11.1,1.0,2,40.6,23.8,7,2.2,14.0,9.7,Marketing,Senior,Bachelor,Full-Time,Hybrid,Female,2015-12-29,0
10152,39.0,51800.0,1.1,1.0,2,55.2,26.9,3,0.0,8.3,13.8,Operations,Mid,High School,Full-Time,Office,Male,2018-07-23,0
10153,31.0,20000.0,4.8,3.0,4,43.2,83.2,4,16.0,8.1,7.7,Finance,Junior,Master,Full-Time,Office,Male,2018-06-06,0
10154,38.0,51600.0,0.5,5.0,2,47.2,21.9,5,4.4,4.9,18.8,Operations,Senior,Bachelor,Full-Time,Office,Female,2024-06-08,0
10155,38.0,39600.0,2.5,3.0,5,52.5,42.9,3,5.9,12.2,12.7,Finance,Senior,Diploma,Full-Time,Office,Female,2015-11-29,1
10156,30.0,31200.0,6.2,4.0,2,38.5,41.0,3,13.4,5.1,20.6,IT,Lead,Bachelor,Part-Time,Remote,Female,2016-08-06,0
10157,51.0,36600.0,5.4,3.0,3,32.6,43.2,5,7.9,5.1,8.7,IT,Junior,Bachelor,Contract,Hybrid,Female,2021-12-02,0
10158,40.0,62700.0,4.9,1.0,5,46.5,42.0,8,1.1,9.8,13.0,Operations,Mid,Diploma,Full-Time,Office,Female,2024-09-07,0
10159,26.0,102100.0,1.7,5.0,3,47.4,31.0,3,0.0,8.8,12.5,HR,Lead,Bachelor,Full-Time,Hybrid,Male,2023-05-11,0
10160,41.0,68000.0,2.4,5.0,5,41.9,8.6,8,5.8,8.2,15.3,Sales,Senior,Bachelor,Full-Time,Office,Female,2016-11-11,0
10161,28.0,47100.0,0.5,3.0,1,38.2,37.3,2,8.6,2.2,15.8,Sales,Senior,High School,Full-Time,Office,Male,2018-11-06,0
10162,42.0,72000.0,6.3,4.0,5,45.5,34.8,2,12.8,9.5,5.3,Marketing,Mid,Diploma,Contract,Office,Female,2021-05-03,0
10163,45.0,49900.0,3.5,1.0,5,43.9,36.9,6,7.3,2.0,17.9,HR,Senior,Master,Full-Time,Office,Male,2019-05-10,0
10164,29.0,45400.0,6.2,2.0,3,45.6,43.5,1,8.1,16.4,16.5,Sales,Senior,Master,Part-Time,Office,Male,2024-01-15,0
10165,44.0,37800.0,1.4,5.0,3,38.3,28.8,3,0.1,5.4,4.5,Finance,Junior,Master,Full-Time,Hybrid,Male,2017-09-29,0
10166,39.0,29800.0,2.0,3.0,5,45.6,25.7,5,14.2,8.9,19.2,Finance,Senior,Bachelor,Full-Time,Office,Male,2016-07-12,0
10167,43.0,51300.0,2.0,4.0,5,48.1,48.5,5,26.1,5.3,5.7,Sales,Senior,Diploma,Full-Time,Hybrid,Male,2023-01-21,0
10168,51.0,63900.0,0.2,4.0,4,36.5,30.1,3,15.8,9.9,13.4,Finance,Junior,Master,Full-Time,Office,Female,2015-03-19,0
10169,34.0,57700.0,2.1,1.0,1,51.3,27.6,4,15.3,3.4,10.5,Operations,Junior,Bachelor,Full-Time,Hybrid,Female,2022-12-29,1
10170,30.0,50800.0,8.1,5.0,1,45.3,26.3,3,10.1,29.2,11.1,Finance,Mid,Master,Full-Time,Remote,Female,2017-03-28,0
10171,29.0,41100.0,11.4,1.0,2,48.3,43.9,2,1.7,4.9,10.3,Operations,Senior,High School,Full-Time,Office,Female,2017-05-14,0
10172,29.0,76500.0,3.7,2.0,5,37.6,31.9,2,2.8,14.8,14.6,Marketing,Senior,Bachelor,Full-Time,Hybrid,Male,2020-03-23,0
10173,35.0,35400.0,3.0,2.0,5,47.4,68.2,3,12.0,3.7,7.6,Finance,Senior,Master,Full-Time,Hybrid,Male,2015-12-27,0
10174,39.0,81800.0,0.2,2.0,5,35.8,35.9,6,13.3,6.1,16.7,Operations,Senior,Bachelor,Contract,Office,Female,2019-12-20,0
10175,38.0,40200.0,10.6,4.0,5,39.3,16.9,3,2.4,4.7,14.7,Sales,Mid,Diploma,Full-Time,Office,Female,2015-03-02,0
10176,43.0,44400.0,0.2,5.0,1,45.3,28.4,3,10.7,5.3,11.2,IT,Senior,Bachelor,Full-Time,Hybrid,Female,2015-01-07,0
10177,36.0,33400.0,14.5,1.0,3,42.6,44.8,1,8.7,10.8,16.4,Finance,Junior,Diploma,Full-Time,Office,Female,2018-07-18,0
10178,48.0,49100.0,3.4,1.0,4,44.1,26.0,2,11.0,11.1,9.5,Sales,Senior,Master,Full-Time,Office,Male,2022-12-04,0
10179,34.0,88600.0,2.1,2.0,3,53.6,34.7,2,10.1,10.6,11.8,Finance,Junior,High School,Full-Time,Hybrid,Female,2016-06-04,0
10180,58.0,73700.0,12.9,5.0,3,44.1,49.7,1,10.5,4.3,4.5,HR,Junior,Master,Full-Time,Remote,Male,2015-08-01,0
10181,41.0,88700.0,0.2,5.0,1,47.5,51.9,4,0.0,8.8,9.2,Operations,Junior,Master,Full-Time,Office,Female,2018-04-03,0
10182,29.0,73900.0,4.4,3.0,4,43.7,27.1,7,18.9,4.4,7.6,Marketing,Mid,Diploma,Full-Time,Hybrid,Female,2015-08-19,0
10183,27.0,38600.0,4.0,5.0,5,43.5,31.1,5,16.5,22.3,3.2,IT,Senior,Master,Full-Time,Remote,Male,2022-11-14,0
10184,40.0,52600.0,1.2,5.0,1,39.1,36.5,4,7.9,4.2,11.2,Operations,Mid,Bachelor,Full-Time,Office,Male,2016-10-29,0
10185,34.0,43900.0,2.8,1.0,1,45.8,55.1,2,0.9,5.7,11.4,Finance,Junior,Diploma,Full-Time,Hybrid,Female,2021-08-08,0
10186,42.0,102200.0,5.3,5.0,4,56.7,18.5,3,11.4,8.3,13.5,Sales,Lead,High School,Full-Time,Office,Male,2020-04-09,1
10187,40.0,37200.0,6.5,5.0,2,44.4,40.4,1,0.0,3.9,14.9,IT,Junior,Bachelor,Contract,Remote,Female,2020-08-24,0
10188,35.0,85800.0,0.2,1.0,1,42.7,35.8,1,18.1,12.5,10.9,Finance,Lead,High School,Full-Time,Office,Male,2023-09-25,1
10189,29.0,85800.0,13.8,5.0,3,49.7,21.5,2,7.0,17.4,14.5,HR,Lead,Master,Full-Time,Office,Male,2015-03-29,0
10190,24.0,124700.0,0.9,1.0,3,49.1,53.6,6,4.4,4.3,16.5,Sales,Mid,High School,Full-Time,Hybrid,Male,2019-03-20,1
10191,32.0,50900.0,1.3,3.0,5,46.2,49.9,2,11.5,5.0,17.5,Marketing,Junior,Master,Full-Time,Hybrid,Male,2017-01-20,0
10192,43.0,79800.0,1.5,4.0,1,42.5,58.1,3,5.2,18.5,14.9,Finance,Senior,Bachelor,Full-Time,Office,Male,2023-09-21,0
10193,38.0,149500.0,0.2,1.0,5,49.7,52.7,4,6.3,8.9,14.4,Sales,Senior,Bachelor,Full-Time,Hybrid,Male,2021-03-24,1
10194,26.0,46900.0,0.7,1.0,1,44.6,35.2,1,3.2,6.9,7.1,Finance,Mid,Diploma,Full-Time,Remote,Male,2018-06-21,1
10195,37.0,32500.0,21.5,5.0,4,48.6,44.3,6,11.8,4.7,16.0,Marketing,Junior,Bachelor,Contract,Remote,Male,2016-02-25,0
10196,39.0,28300.0,1.9,1.0,1,39.9,40.0,5,9.8,6.2,7.0,HR,Senior,Master,Full-Time,Hybrid,Female,2015-01-02,0
10197,29.0,79800.0,0.6,2.0,2,41.1,21.4,8,14.3,7.2,13.6,Operations,Mid,Diploma,Full-Time,Remote,Female,2016-03-06,0
10198,37.0,28200.0,0.6,2.0,3,44.5,15.4,6,0.0,12.5,15.3,Marketing,Junior,Master,Full-Time,Remote,Female,2018-10-15,0
10199,36.0,51700.0,6.4,3.0,4,37.8,40.5,5,0.7,8.0,14.2,Marketing,Lead,High School,Full-Time,Hybrid,Female,2016-09-27,0
10200,27.0,71500.0,9.6,1.0,3,42.2,36.4,5,4.9,4.2,0.0,Marketing,Lead,Diploma,Part-Time,Remote,Male,2017-07-12,0
10201,39.0,64600.0,1.5,5.0,5,37.6,30.0,0,14.7,5.5,16.0,Operations,Mid,Master,Full-Time,Hybrid,Male,2019-02-03,0
10202,40.0,71100.0,0.2,5.0,4,36.3,33.6,1,0.0,3.7,19.5,IT,Junior,Master,Full-Time,Hybrid,Female,2019-10-03,0
10203,45.0,65600.0,1.3,4.0,2,56.2,61.5,6,2.9,7.3,4.1,Sales,Mid,Bachelor,Full-Time,Hybrid,Male,2016-08-02,1
10204,44.0,100100.0,0.3,3.0,3,41.0,5.0,1,16.5,38.8,12.9,Finance,Mid,Diploma,Contract,Office,Female,2015-05-27,0
10205,25.0,41000.0,0.5,5.0,1,41.4,44.6,6,11.2,45.3,11.1,Operations,Junior,Master,Full-Time,Office,Female,2018-07-11,1
10206,28.0,45800.0,2.8,4.0,1,44.4,47.6,8,14.5,10.1,12.2,HR,Senior,Bachelor,Full-Time,Hybrid,Female,2022-10-17,0
10207,40.0,44000.0,1.3,5.0,1,38.7,49.5,1,7.5,2.5,18.4,Finance,Lead,High School,Full-Time,Hybrid,Female,2023-06-28,0
10208,40.0,83600.0,3.6,4.0,4,41.5,14.3,4,18.6,15.3,13.2,IT,Mid,Diploma,Full-Time,Hybrid,Male,2023-10-14,0
10209,40.0,86000.0,1.5,2.0,2,53.2,30.6,3,0.0,12.8,7.1,HR,Senior,Diploma,Full-Time,Remote,Male,2022-11-25,1
10210,60.0,71900.0,14.1,2.0,2,45.8,29.9,4,6.7,52.5,8.7,IT,Junior,Diploma,Full-Time,Hybrid,Female,2017-01-15,0
10211,41.0,96300.0,11.8,5.0,2,48.9,39.4,3,6.2,8.4,8.1,Finance,Mid,,Full-Time,Office,Male,2024-08-16,0
10212,45.0,37500.0,4.2,3.0,3,51.9,18.1,2,6.3,5.9,2.7,HR,Junior,Master,Full-Time,Hybrid,Male,2024-05-12,0
10213,44.0,116900.0,2.2,1.0,4,45.1,40.7,4,0.5,4.0,9.3,Operations,Junior,High School,Contract,Office,Male,2018-09-15,0
10214,41.0,110300.0,2.4,3.0,1,42.9,21.7,4,11.3,14.2,15.4,Finance,Mid,Bachelor,Full-Time,Hybrid,Female,2017-12-13,0
10215,33.0,80500.0,2.7,3.0,3,36.8,30.5,5,0.7,7.0,13.7,Sales,Senior,Master,Contract,Hybrid,Female,2017-02-09,0
10216,42.0,122400.0,6.5,1.0,2,42.1,55.2,4,0.0,6.7,12.9,IT,Mid,Master,Full-Time,Hybrid,Male,2020-10-24,0
10217,30.0,30900.0,3.0,2.0,1,43.2,47.6,5,0.0,5.6,10.6,Sales,Mid,Diploma,Full-Time,Office,Male,2021-05-28,0
10218,34.0,48600.0,9.7,2.0,4,40.0,36.9,6,3.5,37.3,11.6,Sales,Junior,Master,Full-Time,Office,Male,2019-08-02,0
10219,32.0,44700.0,14.4,1.0,5,51.7,14.1,0,8.9,6.0,14.7,Finance,Senior,High School,Contract,Office,Female,2024-08-29,0
10220,37.0,80100.0,2.0,4.0,2,49.5,40.0,3,9.7,13.1,16.2,Finance,Mid,Master,Contract,Hybrid,Female,2024-06-23,0
10221,55.0,39400.0,4.1,3.0,2,48.9,41.0,3,6.7,11.1,13.5,Marketing,Junior,Master,Part-Time,Hybrid,Female,2017-08-29,0
10222,21.0,81200.0,0.5,5.0,2,43.4,5.0,2,4.0,1.7,6.6,Marketing,Junior,Bachelor,Full-Time,Hybrid,Male,2019-11-09,0
10223,41.0,103800.0,1.1,2.0,2,38.8,40.3,6,5.6,37.7,9.9,HR,Junior,Master,Part-Time,Office,Male,2022-04-30,0
10224,23.0,79200.0,2.7,5.0,1,50.6,18.9,2,4.0,2.2,14.2,Finance,Mid,High School,Full-Time,Remote,Female,2015-02-10,0
10225,32.0,67200.0,1.2,1.0,4,45.7,12.8,6,20.3,4.3,8.7,IT,Junior,Diploma,Full-Time,Remote,Female,2020-02-07,0
10226,45.0,40400.0,10.5,5.0,3,47.9,18.2,6,0.6,5.6,8.9,Finance,Senior,Diploma,Full-Time,Office,Female,2019-10-07,0
10227,37.0,42800.0,0.9,5.0,1,47.1,5.0,3,3.3,4.8,15.5,Finance,Lead,High School,Full-Time,Hybrid,Female,2016-03-21,0
10228,27.0,98900.0,3.0,3.0,4,45.6,28.9,4,8.0,6.8,16.0,Operations,Junior,Diploma,Part-Time,Office,Female,2020-11-24,0
10229,30.0,81900.0,4.7,1.0,3,54.0,19.9,4,1.4,4.7,7.2,Sales,Mid,Diploma,Part-Time,Hybrid,Male,2016-01-28,1
10230,41.0,59100.0,5.9,5.0,2,40.7,52.1,2,8.3,20.7,5.2,Sales,Mid,Master,Full-Time,Hybrid,Female,2018-09-25,0
10231,30.0,50800.0,2.4,2.0,4,42.5,29.6,4,0.0,12.1,6.0,Marketing,Lead,High School,Full-Time,Hybrid,Male,2023-09-11,0
10232,38.0,26700.0,10.2,1.0,2,52.2,24.2,4,8.7,5.2,15.3,Operations,Junior,Bachelor,Full-Time,Office,Female,2019-08-01,0
10233,36.0,39100.0,4.2,2.0,4,44.4,11.1,2,5.3,4.5,7.8,HR,Senior,Master,Full-Time,Remote,Male,2015-02-10,1
10234,31.0,128900.0,2.9,4.0,5,43.4,28.6,1,3.5,5.4,9.3,HR,Mid,High School,Full-Time,Office,Female,2023-02-18,0
10235,53.0,36000.0,0.3,5.0,2,42.7,55.3,6,6.2,4.2,5.8,Finance,Mid,Master,Full-Time,Remote,Female,2017-10-24,0
10236,41.0,64700.0,3.1,1.0,2,47.4,58.2,0,4.8,3.5,12.1,Operations,Junior,High School,Full-Time,Office,Male,2020-08-19,0
10237,21.0,89800.0,8.6,2.0,2,42.9,29.5,6,5.6,15.4,10.8,IT,Junior,Diploma,Full-Time,Office,Female,2016-07-14,0
10238,37.0,36300.0,4.8,5.0,1,42.3,34.0,3,12.6,6.1,14.2,Sales,Junior,Bachelor,Full-Time,Hybrid,Female,2017-07-03,0
10239,31.0,64600.0,8.9,3.0,3,47.3,45.5,4,18.8,10.5,13.7,IT,Junior,Master,Full-Time,Remote,Female,2018-01-02,0
10240,43.0,87300.0,3.4,2.0,2,44.5,19.6,4,0.0,8.4,2.3,Operations,Junior,Diploma,Full-Time,Hybrid,Female,2020-09-26,0
10241,30.0,60300.0,0.6,2.0,2,39.0,40.5,1,6.6,22.1,13.8,Sales,Senior,High School,Contract,Office,Female,2023-10-01,0
10242,35.0,189000.0,0.2,4.0,1,44.2,70.5,7,0.3,15.0,11.6,Operations,Senior,Master,Full-Time,Remote,Female,2018-03-20,0
10243,40.0,30800.0,1.8,3.0,1,51.0,46.5,1,6.0,10.3,18.2,Operations,Mid,Bachelor,Contract,Hybrid,Male,2019-06-24,1
10244,43.0,91600.0,6.0,4.0,5,47.8,46.0,6,10.4,39.9,7.9,Finance,Junior,Bachelor,Full-Time,Office,Female,2021-12-11,0
10245,26.0,56000.0,7.8,3.0,4,51.6,55.2,3,22.3,4.9,14.7,HR,Junior,Master,Full-Time,Hybrid,Female,2024-06-26,0
10246,33.0,81700.0,1.8,2.0,2,40.3,48.6,4,6.1,7.0,12.5,Operations,Senior,Diploma,Contract,Hybrid,Male,2016-03-25,0
10247,,71600.0,3.4,4.0,4,49.4,31.2,5,8.8,12.6,7.7,Finance,Junior,Bachelor,Full-Time,Hybrid,Male,2017-02-25,0
10248,31.0,44700.0,2.7,5.0,1,40.8,17.3,10,2.5,14.4,17.3,Sales,Lead,Master,Full-Time,Hybrid,Male,2022-07-22,0
10249,50.0,65800.0,2.6,,1,37.8,33.0,1,2.2,4.3,14.0,Operations,Senior,Master,Full-Time,Remote,Male,2022-08-09,0
10250,39.0,28500.0,1.3,2.0,5,40.0,20.5,2,1.9,7.8,10.3,HR,Junior,Master,Full-Time,Remote,Female,2022-05-09,0
10251,26.0,76400.0,0.7,1.0,3,44.7,30.8,3,3.7,8.1,7.7,IT,Senior,High School,Full-Time,Hybrid,Male,2021-03-25,0
10252,43.0,67600.0,1.1,3.0,1,49.1,21.9,4,5.2,40.9,17.8,IT,Mid,Bachelor,Contract,Office,Male,2021-05-03,0
10253,53.0,77500.0,0.3,3.0,2,45.6,29.2,6,16.5,12.7,16.3,Marketing,Mid,Master,Full-Time,Hybrid,Female,2024-02-13,1
10254,44.0,91600.0,1.1,5.0,5,43.2,12.7,4,5.9,17.0,12.1,IT,Senior,High School,Full-Time,Remote,Male,2021-10-28,0
10255,24.0,69500.0,0.2,3.0,3,38.8,24.6,3,11.3,6.1,11.9,Marketing,Mid,High School,Full-Time,Office,Female,2016-04-22,0
10256,32.0,63700.0,4.9,3.0,5,47.5,41.1,5,9.8,4.7,6.4,HR,Senior,High School,Full-Time,Hybrid,Female,2019-10-12,0
10257,46.0,42200.0,1.9,5.0,1,48.8,44.9,4,13.7,5.9,18.9,Finance,Senior,Diploma,Full-Time,Hybrid,Female,2018-03-14,0
10258,30.0,45100.0,18.1,5.0,3,45.5,41.6,4,0.0,11.7,6.4,Operations,Senior,Diploma,Full-Time,Hybrid,Male,2020-03-21,0
10259,40.0,96500.0,1.1,4.0,4,38.7,29.4,4,10.1,22.5,16.5,Operations,Senior,Master,Full-Time,Remote,Female,2022-03-17,0
10260,42.0,106600.0,2.1,2.0,3,48.0,36.9,3,9.4,3.0,22.1,Finance,Junior,Diploma,Full-Time,Hybrid,Male,2020-09-08,0
10261,29.0,54500.0,2.2,2.0,2,50.1,64.2,6,7.4,32.0,8.2,Operations,Junior,Bachelor,Contract,Hybrid,Male,2019-06-04,1
10262,36.0,61100.0,0.2,4.0,4,51.7,24.2,1,14.5,14.9,9.5,HR,Lead,Bachelor,Full-Time,Office,Male,2017-10-28,1
10263,21.0,41800.0,9.1,2.0,4,41.8,59.1,6,7.3,16.1,8.1,Operations,Junior,Master,Full-Time,Remote,Female,2018-04-07,0
10264,28.0,95900.0,0.2,3.0,2,46.2,13.3,4,13.3,15.4,18.2,Operations,Mid,Master,Full-Time,Office,Male,2017-07-10,0
10265,34.0,78300.0,14.1,4.0,4,41.3,9.4,2,9.0,6.0,12.6,HR,Mid,Bachelor,Full-Time,Remote,Male,2020-08-14,0
10266,26.0,130400.0,11.1,4.0,1,39.4,,5,9.5,7.3,4.6,Sales,Junior,Master,Full-Time,Office,Male,2021-06-30,0
10267,49.0,42200.0,3.8,2.0,3,51.9,34.4,5,9.9,12.9,6.6,IT,Junior,Master,Full-Time,Office,Male,2017-01-19,0
10268,25.0,51600.0,3.9,1.0,3,46.8,18.0,2,6.8,6.7,15.3,IT,Junior,Master,Contract,Hybrid,Female,2021-01-08,0
10269,32.0,65800.0,5.3,2.0,2,50.5,30.1,5,17.4,9.4,8.3,IT,Mid,Diploma,Full-Time,Hybrid,Male,2018-09-19,1
10270,37.0,77700.0,2.4,1.0,1,37.9,41.0,9,14.5,5.0,3.2,Marketing,Senior,Master,Full-Time,Hybrid,Female,2016-01-16,0
10271,48.0,55000.0,5.2,4.0,4,45.4,20.4,4,7.6,13.7,14.8,IT,Mid,Master,Full-Time,Office,Male,2024-07-23,0
10272,25.0,42300.0,0.2,1.0,3,46.5,50.2,2,9.0,7.2,13.8,Operations,Senior,High School,Full-Time,Hybrid,Female,2023-04-21,0
10273,45.0,85400.0,0.3,3.0,3,39.8,51.9,1,10.9,6.0,8.2,Operations,Mid,High School,Part-Time,Remote,Female,2023-02-08,0
10274,36.0,80100.0,3.1,5.0,3,51.4,53.7,5,12.9,4.5,10.2,Sales,Senior,Master,Full-Time,Remote,Female,2019-01-17,0
10275,28.0,41600.0,4.0,1.0,3,42.8,21.4,3,17.7,5.0,10.3,Finance,Senior,Diploma,Contract,Office,Male,2018-09-12,1
10276,40.0,103200.0,10.9,5.0,5,46.3,23.3,2,13.4,3.2,11.0,Finance,Junior,High School,Full-Time,Hybrid,Female,2018-12-24,0
10277,38.0,95800.0,0.6,3.0,2,41.2,32.4,5,7.0,10.8,18.8,Operations,Mid,High School,Part-Time,Hybrid,Male,2016-08-13,0
10278,31.0,63300.0,8.6,5.0,4,38.0,30.9,5,3.1,5.3,15.7,Marketing,Senior,Master,Full-Time,Hybrid,Female,2022-03-14,0
10279,37.0,61900.0,1.2,3.0,4,48.6,30.1,8,14.0,7.8,14.9,Sales,Senior,Diploma,Contract,Office,Female,2024-03-13,0
10280,33.0,74900.0,2.5,5.0,2,45.9,46.3,2,9.7,18.7,11.5,HR,Lead,Master,Full-Time,Hybrid,Male,2023-07-29,0
10281,37.0,42500.0,1.9,5.0,1,45.2,44.2,4,2.1,7.4,8.2,Operations,Junior,High School,Full-Time,Hybrid,Female,2018-02-25,0
10282,41.0,60700.0,2.6,2.0,2,42.6,21.9,7,13.1,7.2,19.2,Finance,Lead,Diploma,Full-Time,Office,Female,2018-11-07,0
10283,49.0,25400.0,0.8,1.0,3,45.8,17.9,4,17.1,7.7,11.9,Sales,Junior,Master,Full-Time,Office,Male,2018-04-08,1
10284,26.0,85200.0,3.5,5.0,3,50.3,16.4,3,8.0,9.8,7.2,HR,Junior,Bachelor,Full-Time,Office,Female,2016-07-05,0
10285,53.0,32100.0,8.1,4.0,2,40.6,21.8,1,17.4,5.8,27.1,Marketing,Mid,High School,Contract,Remote,Female,2017-11-16,0
10286,21.0,109500.0,2.9,2.0,2,46.8,47.7,2,12.6,14.5,13.1,Operations,Junior,Master,Full-Time,Remote,Male,2020-08-14,0
10287,35.0,52600.0,3.4,1.0,4,45.0,37.1,6,1.0,8.8,6.3,IT,Senior,Diploma,Full-Time,Office,Male,2021-10-28,0
10288,41.0,55100.0,9.4,2.0,4,43.1,48.9,3,10.5,5.5,16.4,Operations,Lead,Bachelor,Full-Time,Hybrid,Female,2024-10-19,0
10289,38.0,46700.0,6.1,1.0,5,35.8,9.5,7,0.0,6.3,16.8,Sales,Lead,Master,Full-Time,Office,Male,2017-08-14,0
10290,31.0,53500.0,3.4,3.0,5,43.9,39.1,3,10.1,17.8,10.0,Operations,Mid,Master,Part-Time,Hybrid,Male,2020-06-22,0
10291,34.0,105800.0,1.5,5.0,3,47.4,38.9,1,1.9,5.0,7.5,Finance,Mid,High School,Full-Time,Hybrid,Male,2024-04-02,0
10292,32.0,22200.0,10.8,4.0,5,45.6,53.0,1,9.2,10.7,10.7,Marketing,Lead,Master,Contract,Hybrid,Female,2023-08-13,0
10293,31.0,100000.0,4.3,2.0,5,36.8,28.9,4,12.1,11.2,15.4,Operations,Mid,Bachelor,Full-Time,Remote,Male,2019-11-02,0
10294,43.0,68700.0,1.2,2.0,1,50.2,27.8,2,4.5,3.8,16.0,Sales,Lead,Master,Full-Time,Hybrid,Male,2024-05-09,0
10295,39.0,37000.0,1.6,2.0,2,52.2,57.6,3,18.1,2.9,9.0,Marketing,Lead,High School,Part-Time,Office,Male,2018-11-08,1
10296,30.0,39000.0,8.1,2.0,4,43.5,32.4,6,2.5,6.4,19.1,HR,Junior,Bachelor,Full-Time,Office,Male,2015-09-10,0
10297,43.0,117300.0,0.2,5.0,5,55.6,37.7,5,0.0,14.1,4.4,Sales,Junior,Bachelor,Full-Time,Remote,Female,2022-11-21,0
10298,38.0,41100.0,24.2,1.0,4,39.9,42.1,2,7.8,2.9,9.0,Operations,Mid,High School,Full-Time,Office,Female,2017-09-14,0
10299,43.0,37800.0,0.7,5.0,5,37.6,10.0,8,16.2,4.3,11.4,Operations,Senior,Diploma,Full-Time,Hybrid,Male,2022-05-18,0
10300,41.0,94600.0,7.9,3.0,5,38.9,35.6,5,7.9,12.8,10.5,IT,Senior,Bachelor,Full-Time,Hybrid,Female,2023-03-01,0
10301,29.0,68700.0,2.5,5.0,3,45.2,16.3,5,4.4,3.8,9.4,HR,Mid,Diploma,Full-Time,Office,Male,2015-06-28,0
10302,32.0,41200.0,3.4,5.0,1,35.1,33.7,5,0.0,16.4,18.3,IT,Junior,Bachelor,Full-Time,Hybrid,Female,2018-11-07,0
10303,42.0,65400.0,10.6,3.0,2,42.4,30.6,0,4.6,51.2,11.3,Marketing,Junior,Bachelor,Full-Time,Remote,Female,2019-07-08,0
10304,41.0,39800.0,2.7,5.0,2,58.7,27.4,7,1.1,4.5,13.9,IT,Lead,High School,Part-Time,Office,Male,2015-09-14,0
10305,36.0,93200.0,3.9,1.0,3,36.5,44.4,7,9.5,22.4,13.6,HR,Mid,Master,Full-Time,Office,Male,2019-01-29,0
10306,37.0,91700.0,0.3,4.0,3,41.3,36.5,4,10.0,10.1,13.8,HR,Mid,Bachelor,Contract,Remote,Male,2017-01-26,0
10307,46.0,74200.0,0.2,3.0,2,38.8,19.1,2,2.3,4.6,11.2,HR,Lead,Master,Full-Time,Hybrid,Male,2022-06-29,0
10308,31.0,69300.0,1.4,2.0,2,42.6,18.6,6,6.0,24.4,3.0,Operations,Senior,Bachelor,Full-Time,Hybrid,Male,2019-01-19,0
10309,40.0,121400.0,5.7,1.0,1,42.3,47.6,10,16.7,10.6,16.5,Marketing,Mid,Diploma,Contract,Hybrid,Female,2022-01-23,1
10310,34.0,60000.0,0.6,4.0,5,40.7,34.4,1,5.4,18.4,11.6,Finance,Mid,Master,Full-Time,Hybrid,Male,2021-07-30,0
10311,34.0,37400.0,0.6,1.0,1,43.2,13.6,6,5.3,41.3,9.7,Marketing,Senior,Diploma,Contract,Office,Male,2022-02-14,0
10312,45.0,71800.0,2.6,1.0,2,47.2,28.8,5,9.1,7.4,9.7,HR,Mid,Master,Full-Time,Hybrid,Female,2018-03-13,0
10313,43.0,138200.0,5.2,2.0,5,50.9,32.6,4,0.0,11.8,13.5,Marketing,Mid,Master,Full-Time,Office,Male,2019-11-13,0
10314,43.0,40000.0,6.2,4.0,2,42.6,16.5,9,13.7,3.7,9.5,Sales,Junior,Diploma,Full-Time,Hybrid,Female,2024-11-25,0
10315,46.0,51900.0,1.0,1.0,1,44.0,25.4,4,5.5,5.8,10.9,Sales,Senior,High School,Full-Time,Hybrid,Female,2022-03-27,0
10316,36.0,70900.0,0.4,2.0,1,46.3,48.8,6,1.1,7.6,15.5,Finance,Lead,Diploma,Contract,Remote,Male,2019-02-15,0
10317,41.0,58700.0,14.1,3.0,1,37.8,72.3,4,11.2,9.3,13.0,Marketing,Lead,High School,Full-Time,Remote,Male,2022-10-02,1
10318,34.0,40500.0,1.5,2.0,5,43.2,39.5,3,5.1,1.8,7.6,Operations,Mid,High School,Full-Time,Remote,Male,2022-06-28,0
10319,39.0,94000.0,9.6,5.0,4,41.5,14.7,6,2.7,23.7,14.8,Marketing,Mid,Master,Full-Time,Hybrid,Female,2023-04-28,0
10320,35.0,151800.0,10.0,,4,48.8,31.7,4,8.4,12.5,10.5,Sales,Junior,Diploma,Full-Time,Office,Male,2024-04-05,0
10321,37.0,64900.0,7.4,2.0,2,52.8,36.8,6,14.3,11.5,16.2,HR,Mid,Bachelor,Full-Time,Office,Female,2017-01-17,0
10322,41.0,41800.0,0.9,2.0,5,40.1,46.8,8,5.5,33.6,10.1,IT,Mid,Bachelor,Full-Time,Hybrid,Male,2022-07-23,0
10323,29.0,32300.0,8.6,1.0,3,50.4,47.1,2,2.2,24.9,12.7,HR,Senior,Diploma,Full-Time,Hybrid,Male,2019-10-12,1
10324,53.0,66500.0,7.3,4.0,4,36.7,55.5,4,0.0,7.2,15.0,Finance,Junior,Bachelor,Full-Time,Office,Female,2022-06-03,0
10325,28.0,93300.0,4.5,2.0,5,45.0,35.0,1,0.0,5.4,7.7,IT,Mid,High School,Contract,Remote,Female,2017-03-08,0
10326,26.0,72600.0,2.1,2.0,5,45.3,35.3,3,5.1,12.4,15.6,HR,Mid,Diploma,Full-Time,Office,Female,2021-10-28,0
10327,45.0,59900.0,1.5,5.0,4,36.6,6.7,5,0.2,23.7,20.5,Marketing,Junior,High School,Full-Time,Hybrid,Male,2015-04-06,0
10328,42.0,47400.0,0.6,5.0,5,39.9,19.8,7,3.8,7.2,14.4,Operations,Junior,Master,Full-Time,Hybrid,Female,2015-12-10,0
10329,41.0,38800.0,3.6,3.0,5,39.4,14.6,6,19.6,14.9,13.0,Marketing,Mid,Diploma,Full-Time,Hybrid,Male,2016-12-15,0
10330,41.0,83800.0,4.4,3.0,4,37.4,22.4,1,15.4,26.4,16.5,Sales,Mid,Bachelor,Full-Time,Hybrid,Male,2015-09-01,0
10331,36.0,86500.0,2.2,5.0,1,30.7,17.7,2,3.1,16.0,16.2,Marketing,Mid,Bachelor,Full-Time,Office,Female,2016-06-21,0
10332,29.0,32300.0,3.2,4.0,2,43.0,18.7,4,8.8,2.6,12.7,Marketing,Mid,High School,Full-Time,Remote,Male,2024-06-28,0
10333,37.0,113300.0,2.3,3.0,3,43.6,51.3,7,1.5,3.5,7.3,Finance,Junior,Master,Full-Time,Remote,Male,2015-10-03,0
10334,31.0,75500.0,5.1,4.0,2,43.5,6.1,5,17.4,32.1,8.7,,Junior,Bachelor,Full-Time,Hybrid,Male,2020-01-10,0
10335,44.0,105000.0,11.6,5.0,1,47.8,32.0,7,8.4,8.6,10.2,IT,Junior,Bachelor,Full-Time,Office,Female,2022-06-14,0
10336,35.0,35100.0,0.9,3.0,1,34.3,48.0,6,14.3,10.1,5.6,HR,Junior,Master,Full-Time,Office,Male,2023-09-07,0
10337,29.0,34700.0,2.4,2.0,5,42.1,30.5,7,3.3,11.9,18.9,HR,Senior,High School,Contract,Office,Female,2019-03-20,0
10338,33.0,56500.0,0.8,5.0,2,56.8,54.9,6,17.6,21.8,7.3,Finance,Junior,High School,Full-Time,Hybrid,Female,2018-01-18,1
10339,39.0,73400.0,4.9,3.0,1,48.4,26.0,3,5.4,4.6,11.7,IT,Junior,Master,Full-Time,Hybrid,Male,2019-08-05,0
10340,31.0,123100.0,6.5,4.0,2,48.5,61.3,9,0.0,6.0,7.5,Marketing,Junior,Master,Full-Time,Hybrid,Male,2020-02-25,0
10341,29.0,79600.0,13.4,4.0,1,38.9,11.5,10,7.0,4.0,14.9,Operations,Mid,High School,Full-Time,Hybrid,Male,2021-09-10,0
10342,38.0,54400.0,1.6,3.0,3,43.0,54.9,4,3.9,1.9,16.9,Finance,Mid,Diploma,Contract,Remote,Male,2016-08-24,0
10343,,39800.0,15.0,4.0,1,32.5,21.6,2,14.0,10.7,5.5,Marketing,Junior,High School,Full-Time,Office,Female,2020-09-19,0
10344,32.0,98100.0,0.3,3.0,2,46.9,56.7,4,4.3,4.4,15.3,HR,Junior,Diploma,Full-Time,Hybrid,Female,2023-04-11,0
10345,32.0,40800.0,4.6,3.0,5,51.0,28.0,5,11.2,15.7,6.0,Finance,Lead,Diploma,Contract,Hybrid,Female,2022-04-04,1
10346,38.0,115100.0,0.3,4.0,2,36.8,51.6,1,3.9,5.2,10.0,Operations,Lead,Diploma,Full-Time,Remote,Female,2024-08-13,0
10347,24.0,53500.0,11.2,1.0,4,38.2,54.1,3,2.9,3.1,25.3,Finance,Senior,High School,Full-Time,Hybrid,Female,2024-09-12,0
10348,25.0,113400.0,3.8,2.0,2,43.8,26.3,3,8.0,16.7,13.4,Finance,Junior,Master,Full-Time,Hybrid,Female,2016-06-17,0
10349,30.0,78700.0,5.5,5.0,3,44.8,50.3,5,11.2,11.5,16.5,HR,Mid,Diploma,Full-Time,Hybrid,Male,2022-05-21,0
10350,34.0,56800.0,8.9,2.0,3,41.3,34.6,4,0.0,7.1,13.6,Operations,Senior,Master,Full-Time,Remote,Female,2017-12-09,0
10351,38.0,48700.0,0.8,5.0,3,39.9,,3,13.5,7.4,11.2,HR,Junior,Master,Full-Time,Remote,Male,2019-06-24,0
10352,48.0,52400.0,0.2,5.0,1,40.0,42.6,3,13.6,12.2,8.9,Sales,Mid,Bachelor,Full-Time,Office,Female,2015-09-29,0
10353,43.0,71200.0,10.6,2.0,3,43.8,19.8,6,6.2,26.3,19.4,Operations,Senior,Master,Full-Time,Hybrid,Female,2020-07-08,0
10354,35.0,61900.0,1.9,3.0,2,46.9,25.2,4,6.9,10.6,21.6,HR,Mid,High School,Part-Time,Hybrid,Male,2019-02-15,0
10355,36.0,47300.0,0.7,4.0,5,43.8,21.6,6,0.0,11.1,12.3,Operations,Mid,High School,Full-Time,Hybrid,Female,2021-12-18,0
10356,28.0,56200.0,3.2,1.0,3,43.3,40.7,5,18.8,5.8,18.1,HR,Mid,Diploma,Full-Time,Hybrid,Female,2023-03-31,0
10357,36.0,61900.0,4.6,1.0,2,35.2,20.2,5,6.1,6.8,16.4,Marketing,Senior,High School,Full-Time,Office,Male,2019-02-03,0
10358,34.0,25600.0,0.2,1.0,1,48.3,16.6,5,14.5,1.0,11.1,HR,Senior,Diploma,Part-Time,Hybrid,Male,2015-11-19,0
10359,39.0,72100.0,1.6,2.0,1,43.7,19.3,3,4.4,4.1,12.3,Operations,Senior,High School,Full-Time,Hybrid,Female,2019-12-17,0
10360,29.0,40500.0,0.2,2.0,5,41.8,24.4,5,8.0,3.8,9.8,IT,Mid,Diploma,Part-Time,Office,Female,2015-07-12,0
10361,40.0,37800.0,2.7,3.0,5,45.3,42.5,3,11.1,3.7,22.2,Marketing,Senior,High School,Contract,Remote,Male,2016-05-22,0
10362,48.0,30600.0,11.3,1.0,2,39.8,48.6,5,5.2,6.1,16.0,Operations,Lead,High School,Full-Time,Office,Female,2024-03-14,1
10363,35.0,29300.0,20.3,3.0,5,41.9,,6,0.0,6.6,12.2,Operations,Senior,Diploma,Full-Time,Hybrid,Female,2018-03-07,0
10364,39.0,34900.0,5.1,1.0,5,44.5,34.5,2,7.2,3.8,9.6,Operations,Mid,Master,Full-Time,Remote,Male,2017-09-30,1
10365,42.0,45200.0,0.9,2.0,1,40.6,34.1,5,0.0,19.3,14.6,Sales,Senior,Bachelor,Full-Time,Hybrid,Female,2024-08-23,0
10366,33.0,131100.0,11.8,4.0,2,35.8,32.2,2,2.8,12.2,5.5,IT,Mid,High School,Full-Time,Hybrid,Female,2024-04-05,0
10367,38.0,48600.0,3.6,4.0,5,35.0,41.7,3,4.2,9.2,8.2,Sales,Senior,Master,Part-Time,Office,Male,2024-12-07,0
10368,36.0,64400.0,0.8,4.0,2,46.2,51.8,3,8.5,12.6,11.0,Finance,Senior,Bachelor,Full-Time,Hybrid,Male,2021-02-12,0
10369,37.0,70400.0,12.7,4.0,3,43.8,32.7,6,4.1,2.4,9.9,Finance,Senior,Bachelor,Full-Time,Remote,Female,2022-12-27,0
10370,30.0,63200.0,7.1,5.0,1,43.7,43.0,4,0.7,2.4,10.9,Finance,Senior,High School,Full-Time,Hybrid,Male,2021-05-23,0
10371,36.0,58200.0,6.6,1.0,1,38.2,16.4,4,9.1,18.8,15.4,HR,Junior,Master,Part-Time,Hybrid,Female,2024-09-10,0
10372,40.0,37200.0,6.2,4.0,1,43.9,47.8,4,11.9,42.4,21.7,HR,Mid,High School,Full-Time,Hybrid,Female,2016-04-16,1
10373,48.0,107200.0,1.1,5.0,4,42.0,38.2,3,0.0,8.3,15.6,Marketing,Junior,Diploma,Full-Time,Office,Male,2019-07-17,0
10374,44.0,123600.0,1.2,5.0,2,41.0,19.5,3,8.1,38.7,11.2,IT,Mid,Diploma,Full-Time,Hybrid,Female,2020-11-05,0
10375,53.0,30600.0,5.8,5.0,3,43.6,51.0,4,12.5,8.0,17.0,IT,Senior,Bachelor,Full-Time,Office,Female,2016-03-11,0
10376,30.0,39800.0,1.2,3.0,5,45.5,16.4,2,8.6,4.9,12.2,Operations,Mid,Diploma,Part-Time,Remote,Female,2015-05-18,0
10377,43.0,53600.0,2.9,3.0,3,52.7,5.0,1,0.7,15.9,2.7,Finance,Junior,Master,Full-Time,Office,Male,2019-12-03,0
10378,37.0,40800.0,7.6,5.0,2,46.8,47.7,5,9.4,1.8,18.0,Finance,Mid,Diploma,Full-Time,Office,Female,2023-01-05,0
10379,54.0,73500.0,7.7,4.0,1,48.3,40.8,2,8.0,5.3,6.1,Operations,Junior,Diploma,Full-Time,Office,Female,2020-05-19,0
10380,30.0,44800.0,3.0,1.0,4,49.5,16.8,5,8.9,4.5,12.7,HR,Senior,Master,Contract,Hybrid,Female,2018-10-19,0
10381,29.0,142600.0,7.9,2.0,2,40.2,40.3,1,8.2,3.5,8.0,Sales,Senior,Master,Full-Time,Hybrid,Female,2020-02-09,0
10382,31.0,96600.0,9.1,3.0,2,42.4,52.5,4,0.0,5.6,6.3,Operations,Senior,Diploma,Full-Time,Office,Male,2023-02-21,0
10383,21.0,65300.0,5.3,4.0,5,39.5,38.9,3,7.0,9.8,9.8,IT,Junior,Master,Full-Time,Hybrid,Female,2015-04-27,0
10384,32.0,90500.0,1.3,4.0,3,40.6,71.6,5,13.7,20.0,0.0,IT,Junior,High School,Part-Time,Hybrid,Male,2017-04-26,0
10385,30.0,93400.0,1.6,2.0,3,41.9,22.2,3,16.6,16.6,8.5,Sales,Lead,Diploma,Part-Time,Office,Female,2019-01-25,0
10386,37.0,47900.0,1.9,2.0,5,40.5,5.0,5,14.0,2.6,14.1,IT,Junior,Bachelor,Full-Time,Office,Male,2017-08-16,0
10387,39.0,43300.0,0.6,4.0,4,45.1,13.8,2,8.2,39.7,13.8,IT,Senior,Master,Full-Time,Remote,Male,2022-12-13,0
10388,51.0,61900.0,1.6,,1,46.2,5.0,1,12.2,19.1,2.6,HR,Senior,Master,Full-Time,Office,Female,2017-12-22,0
10389,44.0,84700.0,1.2,4.0,1,37.5,67.1,7,11.3,8.2,16.9,IT,Mid,High School,Full-Time,Hybrid,Female,2018-01-02,0
10390,31.0,63400.0,3.0,2.0,4,42.4,34.9,6,6.6,20.5,23.9,Finance,Mid,High School,Contract,Hybrid,Female,2019-02-06,0
10391,29.0,31900.0,12.0,2.0,5,42.5,64.1,7,14.9,4.2,20.6,Finance,Junior,Bachelor,Part-Time,Hybrid,Male,2021-08-26,0
10392,40.0,43500.0,0.6,4.0,2,36.6,29.7,0,4.1,14.4,9.4,Marketing,Lead,High School,Full-Time,Hybrid,Female,2023-06-19,0
10393,25.0,58300.0,6.4,5.0,3,40.2,21.4,10,7.4,2.1,8.7,HR,Mid,High School,Full-Time,Office,Male,2017-11-18,0
10394,51.0,58200.0,5.8,4.0,2,48.4,9.0,1,13.4,6.5,7.5,HR,Junior,Bachelor,Contract,Remote,Female,2018-03-31,0
10395,45.0,132100.0,0.5,1.0,3,48.3,29.0,2,2.5,20.8,21.1,Finance,Mid,Diploma,Part-Time,Office,Male,2022-07-16,0
10396,32.0,34500.0,12.8,2.0,2,35.9,47.7,5,0.0,5.8,9.4,HR,Junior,High School,Full-Time,Office,Female,2019-09-26,0
10397,22.0,73400.0,4.2,3.0,5,46.4,31.6,5,2.2,6.0,8.5,HR,Senior,Diploma,Full-Time,Hybrid,Female,2019-07-24,0
10398,47.0,108900.0,2.3,2.0,5,36.6,11.0,5,10.7,5.2,16.2,Marketing,Mid,Bachelor,Full-Time,Remote,Female,2020-06-14,0
10399,35.0,148800.0,7.1,1.0,4,42.0,44.8,4,21.4,7.0,17.7,Sales,Junior,High School,Full-Time,Office,Male,2017-04-01,0
10400,46.0,51000.0,1.5,3.0,2,43.5,47.6,2,15.2,3.9,16.9,Operations,Junior,Master,Contract,Hybrid,Female,2018-07-21,1
10401,23.0,73000.0,5.9,3.0,2,47.8,27.1,3,12.7,24.2,6.7,IT,Junior,Diploma,Full-Time,Hybrid,Male,2019-11-08,0
10402,31.0,75400.0,0.2,4.0,4,43.1,25.2,7,17.4,3.5,14.5,Marketing,Junior,Bachelor,Full-Time,Office,Female,2019-10-11,0
10403,36.0,64900.0,9.1,5.0,4,38.9,9.4,2,9.7,10.0,19.3,Sales,Mid,Master,Full-Time,Hybrid,Male,2015-10-13,0
10404,36.0,57700.0,3.0,4.0,5,38.1,44.4,5,4.3,14.5,12.0,IT,Senior,High School,Contract,Hybrid,Male,2018-07-11,0
10405,32.0,71400.0,5.1,3.0,5,44.8,28.1,4,7.6,4.8,13.5,Finance,Junior,High School,Full-Time,Hybrid,Female,2022-08-29,0
10406,41.0,21800.0,1.3,3.0,2,40.8,5.0,2,6.4,2.9,13.0,Sales,Junior,Diploma,Full-Time,Office,Male,2023-07-20,0
10407,27.0,78800.0,5.7,5.0,5,42.0,12.7,1,2.2,5.3,10.7,IT,Mid,High School,Full-Time,Remote,Male,2020-02-18,0
10408,35.0,63100.0,7.4,2.0,5,48.9,43.4,4,6.7,6.1,14.3,Marketing,Mid,Master,Full-Time,Office,Female,2023-09-27,0
10409,37.0,54900.0,3.2,5.0,2,46.2,29.9,2,0.0,15.2,16.4,IT,Senior,Diploma,Full-Time,Hybrid,Male,2022-12-26,0
10410,40.0,136100.0,4.8,4.0,4,51.9,18.0,3,6.1,7.2,18.5,HR,Lead,Diploma,Full-Time,Remote,Female,2018-12-02,0
10411,42.0,45800.0,3.0,2.0,2,38.9,35.8,5,7.4,8.0,11.7,Operations,Mid,High School,Contract,Office,Female,2024-09-07,0
10412,27.0,51100.0,11.2,4.0,1,40.5,22.4,3,7.0,3.0,12.3,IT,Junior,Bachelor,Full-Time,Office,Female,2022-05-21,0
10413,24.0,133100.0,3.4,5.0,2,44.9,25.4,3,18.1,7.0,9.5,Finance,Junior,Master,Full-Time,Office,Male,2019-08-07,0
10414,46.0,43000.0,9.2,2.0,1,53.1,31.0,4,9.2,21.9,19.9,Marketing,Junior,High School,Full-Time,Hybrid,Male,2016-09-24,0
10415,39.0,48100.0,8.1,5.0,2,40.0,60.3,4,18.6,17.2,9.8,Sales,Senior,Bachelor,Full-Time,Hybrid,Male,2024-12-12,0
10416,30.0,56600.0,2.6,1.0,1,44.2,60.2,4,0.0,5.6,11.5,IT,Senior,Diploma,Full-Time,Remote,Female,2024-12-03,0
10417,48.0,84000.0,1.3,3.0,1,50.6,5.4,4,13.3,14.3,12.4,Marketing,Junior,Diploma,Contract,Office,Male,2016-07-19,1
10418,37.0,65200.0,2.6,2.0,2,44.2,34.0,3,9.3,7.3,13.0,Finance,Senior,High School,Full-Time,Remote,Female,2020-01-10,0
10419,45.0,35800.0,8.7,3.0,5,49.1,13.2,4,7.4,11.4,4.5,Operations,Senior,Master,Part-Time,Office,Male,2024-04-10,1
10420,37.0,48500.0,1.3,1.0,3,53.8,19.1,1,0.0,6.5,14.7,Sales,Senior,High School,Full-Time,Hybrid,Female,2015-11-21,0
10421,52.0,47100.0,3.7,2.0,5,45.5,7.1,4,10.0,4.1,14.2,IT,Junior,High School,Full-Time,Office,Male,2022-12-04,0
10422,50.0,58200.0,8.2,3.0,1,46.3,22.0,7,21.6,3.9,12.8,Finance,Junior,Diploma,Contract,Office,Male,2015-01-23,0
10423,34.0,71100.0,2.2,3.0,2,47.7,17.1,1,10.6,11.6,13.8,HR,Junior,Master,Contract,Office,Female,2015-08-11,0
10424,44.0,70900.0,5.1,2.0,2,39.5,50.4,8,7.7,1.3,11.7,Marketing,Mid,High School,Full-Time,Office,Male,2019-06-18,0
10425,41.0,29500.0,1.4,3.0,2,36.6,22.4,6,8.9,16.9,4.8,Marketing,Mid,Bachelor,Contract,Office,Male,2017-04-18,0
10426,47.0,91800.0,0.6,3.0,2,44.8,5.8,2,11.5,6.8,17.5,IT,Senior,Bachelor,Full-Time,Office,Female,2017-02-26,0
10427,28.0,66400.0,7.9,2.0,3,40.9,35.0,5,17.4,5.1,4.7,Finance,Junior,Master,Full-Time,Office,Female,2015-02-08,0
10428,41.0,104400.0,0.5,3.0,4,49.3,32.3,3,5.8,16.1,7.6,Sales,Mid,Diploma,Full-Time,Hybrid,Male,2019-11-30,0
10429,44.0,71700.0,1.6,3.0,1,45.6,31.0,3,9.1,1.2,18.0,Sales,Senior,Diploma,Full-Time,Office,Male,2017-02-09,0
10430,22.0,93200.0,9.7,4.0,3,49.2,44.1,4,8.0,11.1,5.2,Sales,Junior,Master,Full-Time,Hybrid,Female,2023-02-22,0
10431,27.0,72300.0,2.1,4.0,5,38.0,53.5,5,5.3,25.2,11.2,Sales,Junior,High School,Part-Time,Remote,Male,2024-02-17,0
10432,21.0,102800.0,18.1,1.0,4,49.0,30.8,3,9.2,3.1,21.1,IT,Senior,High School,Full-Time,Office,Male,2021-08-29,0
10433,34.0,73900.0,19.5,4.0,4,32.5,39.0,4,17.2,5.8,12.4,IT,Senior,Bachelor,Full-Time,Office,Male,2018-12-05,0
10434,42.0,57700.0,1.6,4.0,2,38.4,31.2,4,4.1,11.0,5.1,Marketing,Lead,Bachelor,Contract,Office,Female,2017-10-06,0
10435,48.0,148900.0,0.2,1.0,3,47.2,42.6,3,10.2,2.7,15.8,Finance,Senior,Master,Full-Time,Hybrid,Male,2016-12-05,1
10436,37.0,85600.0,6.1,3.0,5,41.5,13.0,6,10.4,9.5,14.2,HR,Senior,Diploma,Full-Time,Office,Male,2016-08-04,0
10437,49.0,75500.0,3.0,3.0,2,42.0,44.3,6,7.9,52.5,12.6,IT,Senior,Master,Contract,Office,Female,2019-01-31,0
10438,25.0,36000.0,0.5,4.0,2,44.5,39.2,2,10.6,10.1,1.8,Sales,Junior,High School,Contract,Hybrid,Female,2015-04-18,0
10439,22.0,35800.0,6.1,1.0,1,51.1,20.6,7,10.3,9.8,18.5,HR,Senior,High School,Full-Time,Office,Female,2017-02-09,0
10440,36.0,67500.0,0.2,3.0,4,34.4,68.1,2,2.5,3.4,20.8,Marketing,Lead,Master,Full-Time,Hybrid,Male,2018-04-25,0
10441,39.0,63600.0,10.2,5.0,5,50.2,14.6,4,7.6,20.3,11.9,Sales,Mid,High School,Contract,Office,Male,2021-04-24,0
10442,36.0,46900.0,0.7,2.0,4,50.5,39.9,5,7.9,1.2,8.7,Operations,Mid,High School,Full-Time,Office,Female,2017-02-02,0
10443,21.0,63500.0,0.7,2.0,3,41.5,20.6,2,1.7,7.8,14.7,Finance,Mid,Bachelor,Full-Time,Office,Female,2015-12-18,0
10444,35.0,113300.0,1.0,2.0,1,40.5,43.7,4,8.4,15.2,14.7,HR,Lead,High School,Full-Time,Hybrid,Female,2019-03-11,0
10445,26.0,79200.0,16.1,4.0,2,43.4,65.0,3,7.8,1.4,15.2,Marketing,Junior,Bachelor,Full-Time,Remote,Male,2015-10-03,0
10446,41.0,38000.0,5.9,2.0,1,40.4,46.6,5,20.1,2.0,12.0,IT,Senior,Diploma,Full-Time,Office,Female,2024-09-25,0
10447,39.0,57400.0,8.1,2.0,2,45.7,33.3,5,3.1,2.8,14.7,Finance,Senior,Master,Full-Time,Office,Female,2015-10-10,1
10448,28.0,43500.0,2.5,5.0,1,46.4,48.9,3,14.0,20.9,15.7,Sales,Senior,High School,Full-Time,Office,Male,2022-10-05,0
10449,32.0,51400.0,2.0,3.0,2,36.2,26.1,6,10.8,5.1,24.8,HR,Mid,Bachelor,Full-Time,Office,Male,2019-09-15,0
10450,28.0,50900.0,1.3,5.0,4,39.4,42.3,2,14.2,15.0,14.2,Marketing,Lead,Bachelor,Full-Time,Hybrid,Female,2015-11-15,0
10451,35.0,49600.0,3.3,4.0,4,38.1,36.3,7,3.2,13.4,12.9,HR,Junior,Master,Full-Time,Remote,Female,2016-12-25,0
10452,44.0,36300.0,4.0,2.0,4,45.1,16.8,2,0.0,2.5,4.4,Finance,Junior,Bachelor,Part-Time,Office,Female,2024-12-05,0
10453,28.0,57000.0,5.0,3.0,4,48.4,60.6,4,7.4,6.1,4.8,IT,Mid,High School,Contract,Hybrid,Female,2016-04-12,0
10454,40.0,47900.0,1.5,2.0,1,38.6,53.7,5,12.6,6.8,12.6,IT,Junior,Bachelor,Full-Time,Remote,Female,2019-07-27,0
10455,32.0,20000.0,14.8,2.0,2,48.3,22.2,2,6.1,11.4,11.6,Operations,Mid,Bachelor,Full-Time,Hybrid,Female,2016-01-10,0
10456,30.0,136400.0,0.9,4.0,4,39.4,50.4,2,7.1,9.4,7.2,Finance,Junior,Diploma,Full-Time,Hybrid,Female,2019-07-06,0
10457,35.0,92700.0,16.9,2.0,1,47.6,17.3,8,19.9,7.6,7.0,Sales,Senior,High School,Full-Time,Hybrid,Male,2023-12-05,0
10458,28.0,51600.0,0.2,1.0,2,42.6,41.9,3,3.6,18.1,15.0,HR,Mid,Master,Full-Time,Office,Male,2023-12-06,0
10459,32.0,60500.0,3.3,3.0,1,41.8,35.7,5,13.6,17.9,9.1,Sales,Senior,Bachelor,Full-Time,Office,Female,2018-01-02,0
10460,26.0,37600.0,2.0,3.0,4,49.7,60.2,3,2.1,2.9,8.2,Marketing,Junior,Bachelor,Full-Time,Office,Female,2019-03-05,0
10461,52.0,118200.0,3.0,1.0,3,52.9,40.0,0,14.9,5.8,6.8,Sales,Junior,High School,Contract,Office,Male,2019-09-23,0
10462,36.0,128200.0,4.2,4.0,1,34.3,11.8,8,7.6,8.2,7.9,Operations,Junior,High School,Full-Time,Hybrid,Female,2015-05-30,0
10463,30.0,63900.0,2.9,2.0,4,47.0,50.3,2,10.9,8.5,10.1,Finance,Junior,Bachelor,Contract,Hybrid,Male,2020-01-04,0
10464,38.0,90400.0,2.7,,5,44.9,28.4,2,4.1,11.8,11.9,Operations,Junior,High School,Full-Time,Hybrid,Male,2023-08-30,0
10465,35.0,64400.0,6.6,3.0,2,47.3,27.7,3,8.6,10.4,13.2,,Junior,Master,Full-Time,Office,Female,2022-05-23,0
10466,34.0,35200.0,5.8,4.0,4,36.8,35.4,6,9.0,12.1,9.9,Operations,Mid,High School,Full-Time,Hybrid,Female,2022-04-16,0
10467,41.0,50900.0,9.0,4.0,5,38.6,26.4,4,0.0,13.2,3.1,Finance,Junior,Master,Full-Time,Office,Female,2016-12-14,0
10468,42.0,63300.0,1.4,4.0,1,40.6,61.9,2,5.0,6.6,6.4,Finance,Mid,Master,Contract,Office,Male,2015-08-28,0
10469,32.0,50000.0,4.7,2.0,1,45.1,47.1,2,9.6,6.3,9.4,,Junior,High School,Full-Time,Hybrid,Female,2023-07-30,0
10470,31.0,55000.0,4.4,4.0,5,40.3,17.8,2,3.5,21.2,17.2,Finance,Senior,Master,Full-Time,Remote,Female,2016-09-02,0
10471,34.0,57800.0,2.3,1.0,5,42.4,24.1,8,9.1,5.7,11.5,Marketing,Junior,High School,Full-Time,Hybrid,Female,2020-01-14,0
10472,21.0,58100.0,3.3,5.0,2,48.2,15.4,5,6.9,13.4,14.1,HR,Mid,High School,Contract,Hybrid,Male,2015-08-24,0
10473,24.0,61300.0,1.9,4.0,1,54.2,49.5,5,11.6,4.7,19.0,HR,Mid,Bachelor,Full-Time,Hybrid,Male,2024-01-17,1
10474,47.0,39300.0,0.8,5.0,5,47.8,34.0,2,7.0,10.1,11.2,Sales,Senior,Bachelor,Part-Time,Hybrid,Male,2015-08-17,0
10475,49.0,45000.0,1.2,2.0,3,48.3,20.4,4,22.3,10.6,11.9,Operations,Mid,Diploma,Full-Time,Office,Male,2017-07-01,1
10476,34.0,35900.0,0.6,4.0,3,43.1,58.6,4,0.0,12.6,12.2,Finance,Mid,Diploma,Part-Time,Hybrid,Female,2017-01-25,0
10477,41.0,88700.0,5.7,,5,39.5,42.6,6,3.2,24.4,12.3,Sales,Senior,High School,Full-Time,Hybrid,Female,2022-08-10,0
10478,38.0,25800.0,5.4,2.0,2,42.4,37.8,8,12.1,4.0,6.8,Sales,Mid,Master,Full-Time,Hybrid,Male,2015-11-04,0
10479,60.0,95200.0,15.0,1.0,1,43.7,37.1,4,9.1,8.9,14.5,Operations,Junior,High School,Full-Time,Office,Female,2024-12-08,0
10480,45.0,104500.0,6.5,1.0,3,38.2,14.6,6,10.6,12.7,12.5,HR,Mid,Bachelor,Part-Time,Hybrid,Female,2023-07-25,0
10481,35.0,53200.0,0.3,5.0,5,48.1,43.4,3,0.0,12.7,7.9,Sales,Lead,Diploma,Full-Time,Hybrid,Male,2018-08-01,0
10482,28.0,21200.0,10.8,5.0,5,51.6,28.7,7,6.9,6.4,11.1,Sales,Mid,High School,Full-Time,Office,Male,2024-01-03,0
10483,23.0,51900.0,9.9,3.0,4,44.6,48.1,2,8.0,10.5,2.7,HR,Mid,Master,Full-Time,Hybrid,Male,2018-09-14,0
10484,38.0,58500.0,2.9,3.0,5,49.4,44.6,2,11.7,7.9,4.3,HR,Junior,Master,Contract,Hybrid,Male,2023-11-25,0
10485,30.0,40000.0,4.4,1.0,2,50.0,34.1,5,10.1,13.4,16.4,IT,Senior,High School,Full-Time,Hybrid,Male,2020-12-14,1
10486,25.0,48800.0,18.7,4.0,3,38.8,33.0,7,8.1,7.6,10.9,Finance,Junior,Diploma,Full-Time,Office,Male,2020-06-18,0
10487,31.0,110700.0,3.8,1.0,4,35.3,59.9,6,7.4,7.6,18.7,IT,Junior,Diploma,Full-Time,Remote,Male,2024-01-20,0
10488,27.0,78300.0,11.8,1.0,3,41.5,14.9,7,0.4,9.7,12.3,Operations,Mid,High School,Full-Time,Remote,Male,2017-07-10,0
10489,49.0,41500.0,0.4,3.0,3,44.5,26.4,4,10.1,5.6,13.1,HR,Mid,Master,Full-Time,Office,Female,2018-06-02,0
10490,43.0,31700.0,1.1,5.0,2,38.0,52.0,7,7.3,4.7,11.9,Marketing,Lead,Diploma,Full-Time,Remote,Male,2017-01-05,0
10491,36.0,52600.0,2.9,3.0,5,51.1,57.3,2,5.4,3.2,7.0,Sales,Junior,Diploma,Full-Time,Hybrid,Female,2024-04-25,0
10492,48.0,55100.0,4.4,3.0,2,53.7,32.9,8,7.9,7.3,14.1,,Mid,Diploma,Full-Time,Hybrid,Male,2015-01-29,1
10493,37.0,73200.0,8.5,3.0,5,44.9,24.5,6,5.8,4.8,8.7,HR,Junior,Bachelor,Full-Time,Remote,Male,2021-02-12,0
10494,29.0,48400.0,22.2,1.0,4,39.1,24.8,4,0.0,6.5,13.6,Sales,Senior,High School,Part-Time,Remote,Male,2019-12-05,0
10495,48.0,73600.0,2.5,4.0,2,46.4,13.5,5,11.9,19.0,7.8,IT,Mid,Diploma,Part-Time,Office,Male,2019-10-14,0
10496,40.0,130100.0,0.2,1.0,2,39.1,65.0,2,19.2,6.6,15.7,Sales,Mid,Diploma,Full-Time,Office,Male,2021-01-05,0
10497,28.0,83100.0,8.1,2.0,1,49.7,32.8,4,9.7,19.3,14.2,Marketing,Mid,High School,Full-Time,Remote,Male,2015-01-04,1
10498,34.0,58900.0,4.6,3.0,2,42.8,42.0,3,9.8,10.5,18.1,Finance,Mid,Bachelor,Full-Time,Hybrid,Female,2024-03-17,0
10499,29.0,55800.0,1.1,3.0,1,47.6,42.1,2,17.0,6.6,15.6,Operations,Mid,Master,Part-Time,Office,Male,2022-06-23,0
10500,25.0,52000.0,3.4,2.0,5,48.5,57.3,2,19.4,3.9,11.7,Operations,Mid,Master,Contract,Remote,Male,2015-03-24,0
10501,43.0,96200.0,6.8,3.0,5,46.7,28.7,1,6.9,7.4,19.7,Operations,Mid,High School,Full-Time,Office,Female,2018-03-23,0
10502,51.0,46700.0,7.4,3.0,5,52.9,29.8,2,3.7,6.0,13.9,IT,Mid,Diploma,Full-Time,Hybrid,Female,2020-01-02,0
10503,25.0,61100.0,3.5,3.0,1,44.9,47.5,3,10.6,18.3,0.4,Finance,Senior,Diploma,Full-Time,Hybrid,Male,2017-09-11,0
10504,41.0,61200.0,1.8,2.0,5,41.5,8.1,4,8.9,31.7,9.0,Finance,Mid,Master,Full-Time,Hybrid,Female,2017-07-07,0
10505,31.0,49100.0,18.2,1.0,3,33.5,57.4,4,13.8,16.5,11.3,Marketing,Lead,Master,Full-Time,Office,Female,2023-05-04,0
10506,32.0,34700.0,5.4,3.0,2,32.6,61.1,2,8.0,4.8,18.5,Operations,Junior,High School,Full-Time,Office,Male,2016-04-20,0
10507,31.0,68300.0,2.6,4.0,1,47.3,38.7,3,8.5,8.3,9.8,Marketing,Junior,Bachelor,Full-Time,Office,Female,2015-11-27,0
10508,29.0,58600.0,1.6,2.0,5,43.1,20.9,6,2.2,6.8,8.6,Marketing,Mid,High School,Full-Time,Hybrid,Female,2015-12-15,0
10509,36.0,73300.0,6.6,5.0,3,39.9,47.8,3,14.1,5.3,1.7,Marketing,Junior,High School,Contract,Hybrid,Male,2020-05-17,0
10510,29.0,48500.0,1.4,2.0,2,38.4,32.1,4,4.2,7.5,18.5,Operations,Mid,High School,Full-Time,Hybrid,Male,2024-03-31,0
10511,38.0,97800.0,0.9,1.0,2,47.7,37.1,4,0.8,7.3,19.2,IT,Junior,Bachelor,Full-Time,Hybrid,Female,2016-04-12,0
10512,36.0,,3.8,2.0,5,39.1,38.3,4,0.0,28.9,6.3,Marketing,Senior,High School,Full-Time,Office,Female,2022-09-25,0
10513,34.0,119000.0,1.7,5.0,3,52.2,25.1,6,7.4,10.1,4.9,IT,Mid,High School,Full-Time,Remote,Female,2019-10-18,0
10514,29.0,29800.0,5.0,4.0,1,55.8,40.2,10,3.7,14.3,17.2,Sales,Mid,High School,Full-Time,Office,Female,2016-11-17,1
10515,31.0,71400.0,0.6,5.0,5,39.5,13.1,3,6.6,16.7,18.5,Finance,Senior,Diploma,Part-Time,Office,Female,2023-09-20,0
10516,42.0,72600.0,5.3,2.0,2,47.3,5.0,9,5.1,13.6,8.4,Operations,Junior,Bachelor,Full-Time,Hybrid,Male,2015-06-18,0
10517,40.0,43600.0,1.7,5.0,2,46.2,40.5,0,5.8,20.8,10.8,Sales,Senior,Diploma,Contract,Office,Female,2024-02-23,0
10518,28.0,71100.0,0.2,2.0,2,39.1,50.7,3,3.1,6.2,14.8,Sales,Mid,Diploma,Full-Time,Office,Female,2019-09-18,0
10519,37.0,100100.0,0.7,4.0,5,39.1,27.3,3,3.5,15.7,6.9,HR,Junior,Master,Full-Time,Remote,Female,2024-05-01,0
10520,42.0,24700.0,13.6,4.0,4,43.4,26.5,1,2.3,31.6,7.5,Operations,Senior,High School,Contract,Office,Male,2019-11-13,0
10521,23.0,73400.0,10.1,1.0,4,38.3,,2,6.8,4.8,10.3,Sales,Mid,Diploma,Full-Time,Hybrid,Male,2023-12-02,0
10522,40.0,22100.0,1.3,4.0,4,49.5,34.7,1,1.1,6.3,7.0,Sales,Mid,High School,Full-Time,Remote,Female,2022-08-10,0
10523,31.0,40800.0,7.5,3.0,3,42.8,26.5,5,15.5,6.0,26.6,HR,Senior,High School,Full-Time,Remote,Male,2018-10-13,0
10524,41.0,115100.0,4.7,5.0,5,38.4,39.6,1,7.9,36.2,18.2,Operations,Senior,High School,Part-Time,Office,Male,2018-09-07,0
10525,30.0,47500.0,17.7,5.0,2,43.6,35.1,3,0.0,3.8,10.5,Sales,Senior,Diploma,Full-Time,Office,Female,2015-09-11,0
10526,22.0,37500.0,2.3,2.0,3,46.3,16.3,5,9.3,8.6,12.6,HR,Mid,Master,Full-Time,Hybrid,Male,2015-06-10,0
10527,23.0,55400.0,5.7,4.0,4,40.4,33.4,2,2.6,11.3,4.0,IT,Senior,Bachelor,Full-Time,Office,Female,2024-08-25,0
10528,36.0,137200.0,0.3,1.0,1,34.0,37.7,3,14.3,5.4,14.0,Finance,Junior,Master,Full-Time,Hybrid,Female,2017-04-25,0
10529,38.0,28800.0,2.5,1.0,3,44.6,27.0,4,4.3,4.0,15.7,Marketing,Senior,High School,Contract,Hybrid,Female,2015-01-27,0
10530,29.0,39400.0,16.6,1.0,3,37.9,48.9,5,16.4,4.5,8.7,Sales,Mid,Master,Full-Time,Hybrid,Male,2021-06-11,0
10531,41.0,109200.0,3.9,3.0,5,40.0,42.2,5,14.0,6.7,9.8,IT,Mid,Master,Part-Time,Hybrid,Female,2022-03-03,0
10532,23.0,126100.0,1.7,4.0,3,46.3,30.8,2,29.8,5.5,7.4,Finance,Senior,Master,Part-Time,Remote,Female,2021-07-31,0
10533,35.0,57600.0,0.6,1.0,5,41.1,37.0,7,8.6,22.0,18.9,IT,Senior,Bachelor,Part-Time,Office,Female,2017-09-13,0
10534,26.0,36600.0,6.1,3.0,1,43.3,29.4,2,12.1,5.5,18.7,HR,Lead,Master,Full-Time,Hybrid,Male,2019-06-02,0
10535,31.0,138800.0,5.2,5.0,2,51.3,31.6,5,8.1,5.5,14.0,IT,Mid,Bachelor,Full-Time,Office,Female,2024-09-04,0
10536,36.0,113500.0,2.3,2.0,2,42.2,32.2,6,8.5,10.5,12.7,Sales,Junior,Diploma,Contract,Office,Female,2018-03-24,0
10537,,78700.0,15.1,4.0,4,54.1,8.4,5,15.4,9.8,5.8,Sales,Lead,Master,Full-Time,Office,Male,2022-07-09,0
10538,33.0,43400.0,0.2,4.0,4,47.7,35.4,4,12.6,1.0,8.4,Operations,Mid,High School,Full-Time,Hybrid,Female,2016-11-26,0
10539,44.0,58800.0,1.8,5.0,1,39.3,39.8,2,7.4,4.4,10.5,Marketing,Senior,Diploma,Part-Time,Remote,Male,2023-05-24,0
10540,31.0,56300.0,12.7,4.0,2,41.6,71.9,1,15.9,5.6,8.6,Marketing,Senior,Bachelor,Full-Time,Hybrid,Female,2019-03-06,0
10541,43.0,68500.0,1.9,4.0,4,37.7,41.6,4,14.0,3.9,14.8,Sales,Senior,Bachelor,Full-Time,Office,Male,2015-11-24,0
10542,27.0,107200.0,1.5,4.0,3,47.2,25.2,8,17.3,15.7,3.8,IT,Senior,Master,Contract,Hybrid,Male,2021-11-21,0
10543,40.0,85300.0,3.8,4.0,5,50.6,10.4,4,15.3,2.8,5.6,Operations,Senior,Bachelor,Full-Time,Office,Female,2019-08-25,0
10544,48.0,39000.0,8.7,3.0,4,42.2,19.2,5,5.9,16.7,8.8,Operations,Junior,Master,Full-Time,Hybrid,Male,2024-03-30,0
10545,21.0,104100.0,0.5,3.0,1,34.7,27.5,5,5.2,1.8,4.1,Sales,Lead,High School,Full-Time,Remote,Female,2019-10-22,0
10546,30.0,68000.0,14.3,2.0,2,45.8,27.8,4,5.4,8.5,17.0,IT,Junior,High School,Full-Time,Office,Female,2016-12-28,0
10547,41.0,79000.0,7.9,4.0,1,39.7,31.4,1,12.7,23.9,17.7,Sales,Junior,Diploma,Full-Time,Office,Male,2016-10-18,0
10548,34.0,107900.0,1.0,5.0,5,40.4,29.0,2,16.1,5.3,3.5,Finance,Mid,,Full-Time,Office,Female,2016-01-13,0
10549,39.0,38500.0,6.2,1.0,5,45.6,31.5,3,14.3,8.1,13.4,IT,Senior,High School,Full-Time,Office,Female,2018-06-26,1
10550,31.0,59100.0,2.4,2.0,1,50.2,28.7,5,0.0,16.4,10.0,HR,Senior,Bachelor,Contract,Hybrid,Female,2021-08-16,0
10551,37.0,48500.0,2.6,1.0,4,47.7,35.3,4,3.7,16.1,11.9,HR,Mid,High School,Full-Time,Office,Female,2022-09-16,0
10552,35.0,32000.0,7.6,1.0,4,46.1,21.4,3,12.1,9.9,14.7,Marketing,Senior,Diploma,Full-Time,Office,Female,2021-07-01,1
10553,45.0,68900.0,16.5,4.0,2,43.2,16.1,2,15.4,7.0,1.7,Finance,Senior,Master,Full-Time,Hybrid,Male,2016-04-11,0
10554,38.0,163900.0,0.7,5.0,2,37.4,31.4,1,9.8,7.0,17.3,HR,Mid,Master,Full-Time,Remote,Female,2017-10-21,0
10555,39.0,28700.0,2.7,1.0,3,45.7,41.5,4,17.2,3.0,14.6,Sales,Mid,Bachelor,Full-Time,Hybrid,Male,2022-06-18,0
10556,33.0,59200.0,3.3,1.0,3,47.6,18.2,7,0.0,3.9,17.4,HR,Mid,High School,Full-Time,Office,Female,2022-01-29,0
10557,32.0,77500.0,2.4,2.0,2,41.0,26.4,5,6.7,8.2,2.7,Sales,Senior,Diploma,Contract,Office,Female,2023-12-13,0
10558,33.0,63000.0,2.3,5.0,3,42.2,32.8,5,16.5,9.7,11.8,Finance,Lead,Diploma,Full-Time,Office,Male,2019-09-28,0
10559,39.0,57300.0,0.3,5.0,1,49.6,32.4,7,10.0,48.4,14.7,Operations,Junior,Master,Full-Time,Office,Female,2021-05-17,1
10560,33.0,35700.0,5.8,1.0,4,42.0,46.3,2,3.2,13.8,14.2,Operations,Junior,High School,Contract,Remote,Female,2020-03-15,0
10561,38.0,65900.0,2.9,5.0,3,42.6,49.1,5,12.7,6.3,16.3,Operations,Junior,Diploma,Full-Time,Office,Male,2016-09-19,0
10562,53.0,44300.0,1.1,2.0,3,43.6,38.3,5,8.8,11.4,14.3,Marketing,Mid,High School,Contract,Office,Male,2021-12-19,1
10563,43.0,25000.0,8.5,2.0,1,47.3,53.1,3,5.2,2.3,2.3,Operations,Mid,Bachelor,Full-Time,Office,Male,2020-10-06,0
10564,33.0,96800.0,8.1,2.0,5,45.5,29.5,3,0.0,8.5,17.8,HR,Mid,Diploma,Full-Time,Remote,Female,2021-10-12,0
10565,46.0,88000.0,3.3,4.0,2,45.1,47.6,5,12.2,12.9,9.6,Marketing,Senior,Bachelor,Full-Time,Hybrid,Male,2020-08-31,0
10566,33.0,61300.0,1.8,1.0,1,51.6,25.8,3,1.5,13.0,13.0,Operations,Mid,Master,Contract,Hybrid,Female,2018-12-26,0
10567,21.0,65800.0,5.1,5.0,5,42.0,39.4,3,20.9,7.6,19.8,Operations,Junior,Master,Full-Time,Hybrid,Male,2015-09-26,0
10568,28.0,92200.0,1.7,2.0,1,39.2,44.7,1,0.0,11.9,12.0,Finance,Mid,High School,Full-Time,Remote,Female,2022-04-10,0
10569,21.0,65600.0,1.3,1.0,4,49.1,35.8,7,8.3,6.6,10.2,IT,Junior,Bachelor,Full-Time,Office,Male,2018-12-03,0
10570,33.0,86100.0,6.6,1.0,1,45.2,20.5,2,12.5,10.6,6.2,Operations,Senior,Master,Part-Time,Office,Male,2024-11-02,1
10571,36.0,53300.0,0.2,4.0,1,41.1,9.9,5,1.9,4.1,5.3,Finance,Mid,Master,Full-Time,Hybrid,Male,2024-02-28,0
10572,49.0,101400.0,0.5,5.0,4,42.2,43.4,9,3.7,3.6,6.0,Finance,Mid,Diploma,Full-Time,Hybrid,Male,2015-02-24,0
10573,39.0,68200.0,0.2,5.0,2,37.6,30.9,5,13.1,19.4,11.8,Finance,Mid,Diploma,Part-Time,Hybrid,Male,2020-04-30,0
10574,34.0,64800.0,0.8,2.0,5,45.2,32.0,6,2.3,7.0,23.0,IT,Mid,Diploma,Full-Time,Hybrid,Male,2022-02-28,0
10575,43.0,36100.0,0.4,2.0,3,36.7,57.5,6,19.5,10.9,10.5,IT,Mid,Diploma,Full-Time,Hybrid,Female,2024-12-11,0
10576,21.0,67300.0,27.4,1.0,2,47.4,20.8,1,8.3,4.6,11.9,Finance,Junior,High School,Full-Time,Remote,Female,2021-09-23,0
10577,38.0,43000.0,1.7,5.0,1,41.4,46.1,3,5.5,3.6,15.5,IT,Mid,Bachelor,Full-Time,Remote,Male,2018-10-24,0
10578,42.0,46500.0,0.8,5.0,3,37.0,23.9,7,17.7,5.5,8.5,Sales,Junior,High School,Full-Time,Office,Female,2016-05-04,0
10579,24.0,43300.0,1.4,2.0,4,49.5,32.3,4,1.6,10.8,18.9,Finance,Mid,Diploma,Part-Time,Hybrid,Male,2020-12-03,0
10580,,39200.0,13.8,3.0,2,55.3,18.7,4,18.4,1.9,9.6,Operations,Senior,Bachelor,Full-Time,Hybrid,Male,2019-11-29,1
10581,39.0,140400.0,3.7,1.0,5,46.2,23.8,2,2.1,9.2,18.1,HR,Mid,Master,Part-Time,Office,Male,2024-04-24,0
10582,33.0,102200.0,2.3,5.0,2,42.6,41.2,3,15.6,12.9,15.0,Sales,Senior,Diploma,Contract,Office,Male,2020-11-01,0
10583,41.0,129300.0,10.3,4.0,2,39.2,54.4,3,19.2,4.3,12.4,Finance,Junior,Bachelor,Full-Time,Hybrid,Female,2021-05-30,0
10584,54.0,36800.0,2.5,4.0,3,45.3,41.4,4,7.4,9.5,9.0,HR,Junior,Bachelor,Full-Time,Remote,Male,2023-10-08,0
10585,37.0,61700.0,2.0,3.0,4,47.2,39.6,5,7.4,9.0,16.7,Operations,Junior,Diploma,Contract,Office,Male,2023-04-06,0
10586,38.0,35800.0,1.2,2.0,4,44.0,73.2,0,6.3,4.4,11.4,HR,Junior,High School,Full-Time,Hybrid,Male,2016-04-11,0
10587,32.0,45400.0,2.4,2.0,2,48.5,43.4,3,3.3,7.2,9.5,Marketing,Mid,Diploma,Full-Time,Office,Female,2020-03-29,0
10588,29.0,41600.0,1.9,2.0,4,51.6,21.0,4,8.5,7.9,20.0,Marketing,Mid,Bachelor,Full-Time,Hybrid,Male,2021-11-17,0
10589,43.0,98500.0,5.7,4.0,3,37.7,9.8,3,13.4,4.3,1.4,HR,Senior,High School,Part-Time,Office,Female,2015-04-18,0
10590,29.0,51200.0,1.7,2.0,3,45.5,40.7,2,11.5,6.3,19.6,Finance,Senior,High School,Full-Time,Office,Female,2016-07-18,0
10591,37.0,92000.0,4.3,4.0,5,34.5,13.9,9,11.1,7.9,22.1,Finance,Senior,High School,Full-Time,Remote,Male,2024-07-31,0
10592,32.0,76400.0,0.3,3.0,4,39.9,20.0,4,3.6,9.8,7.5,Finance,Mid,High School,Contract,Remote,Female,2021-08-27,0
10593,40.0,150800.0,1.1,1.0,5,47.6,39.5,4,1.5,30.0,8.7,Finance,Junior,Bachelor,Contract,Office,Male,2022-10-09,1
10594,39.0,33200.0,2.6,5.0,1,43.8,50.6,5,18.6,4.1,6.4,HR,Mid,Bachelor,Full-Time,Hybrid,Male,2019-04-13,0
10595,44.0,99300.0,13.8,3.0,3,35.9,30.7,2,0.0,20.6,16.4,Operations,Junior,Diploma,Full-Time,Hybrid,Male,2018-10-02,0
10596,32.0,94900.0,2.4,4.0,2,49.2,16.9,5,7.1,4.3,8.8,IT,Mid,Bachelor,Part-Time,Office,Male,2015-06-09,0
10597,34.0,40600.0,5.5,3.0,3,41.3,32.8,5,12.5,8.0,11.4,IT,Senior,Diploma,Part-Time,Office,Female,2021-03-27,0
10598,28.0,89800.0,1.5,5.0,1,48.3,30.9,2,17.1,15.2,15.2,Operations,Mid,Master,Full-Time,Hybrid,Female,2023-12-20,0
10599,32.0,68600.0,0.7,1.0,2,46.6,36.8,3,8.1,10.9,4.0,Operations,Junior,Bachelor,Full-Time,Office,Female,2022-01-23,0
10600,39.0,54800.0,0.3,5.0,4,39.8,17.0,2,9.6,1.5,4.3,Finance,Lead,Diploma,Full-Time,Office,Male,2021-09-03,0
10601,42.0,43200.0,1.8,4.0,4,48.3,22.4,8,5.2,17.1,13.7,Marketing,Junior,High School,Full-Time,Remote,Male,2019-11-30,0
10602,29.0,45000.0,0.9,5.0,3,45.6,50.4,8,18.4,10.0,10.1,HR,Lead,High School,Part-Time,Office,Female,2023-06-02,0
10603,43.0,136200.0,1.0,3.0,2,44.9,,3,16.2,5.4,7.0,IT,Senior,Bachelor,Full-Time,Office,Male,2019-12-20,0
10604,47.0,60000.0,7.2,2.0,2,41.7,52.5,3,2.0,7.3,12.0,Operations,Mid,Master,Full-Time,Remote,Female,2021-07-04,1
10605,39.0,82000.0,0.2,3.0,5,38.5,7.2,5,11.9,10.8,11.4,HR,Junior,High School,Full-Time,Hybrid,Male,2015-02-02,0
10606,51.0,43700.0,4.1,4.0,1,41.9,21.7,8,7.3,12.1,7.4,Marketing,Lead,Diploma,Part-Time,Hybrid,Female,2023-02-27,0
10607,30.0,43900.0,2.4,1.0,4,41.8,49.9,5,9.9,11.8,12.8,Operations,Senior,Diploma,Full-Time,Office,Male,2017-04-11,0
10608,26.0,92500.0,3.5,5.0,3,48.3,43.9,2,3.2,4.8,7.0,HR,Junior,High School,Full-Time,Remote,Female,2021-09-09,0
10609,22.0,35000.0,4.1,1.0,2,35.8,41.1,4,0.0,7.9,15.6,Marketing,Mid,High School,Full-Time,Office,Male,2022-07-12,0
10610,48.0,50800.0,1.9,4.0,4,51.4,29.6,3,1.3,4.4,11.0,Operations,Mid,High School,Full-Time,Office,Female,2015-10-09,0
10611,41.0,60800.0,1.7,5.0,3,51.6,25.7,4,4.7,13.7,21.2,Marketing,Junior,Master,Full-Time,Office,Male,2022-10-23,0
10612,36.0,62700.0,6.6,3.0,4,40.8,35.5,8,5.0,6.7,5.5,Sales,Junior,Master,Full-Time,Hybrid,Male,2024-06-03,0
10613,38.0,55900.0,10.3,3.0,3,51.0,28.3,3,0.0,10.9,9.0,Operations,Junior,Bachelor,Full-Time,Hybrid,Male,2023-11-22,0
10614,27.0,70300.0,1.1,4.0,4,39.0,42.9,0,9.9,5.6,16.7,Marketing,Junior,Diploma,Full-Time,Office,Female,2024-12-06,0
10615,56.0,79200.0,0.5,5.0,5,49.6,35.6,3,0.0,8.5,6.7,Sales,Junior,Bachelor,Full-Time,Office,Male,2015-05-19,0
10616,37.0,80500.0,11.4,3.0,1,39.9,20.4,2,7.8,7.0,12.2,Operations,Junior,Bachelor,Contract,Hybrid,Male,2020-06-25,0
10617,37.0,40400.0,2.2,4.0,4,49.2,44.5,4,0.9,3.4,2.1,Operations,Junior,Diploma,Part-Time,Remote,Female,2016-03-28,0
10618,42.0,53600.0,4.0,4.0,1,36.8,53.8,6,0.0,17.2,6.6,Marketing,Junior,Diploma,Full-Time,Office,Female,2024-03-05,0
10619,40.0,96800.0,2.2,1.0,4,49.4,54.8,4,7.7,12.8,7.3,Marketing,Lead,Diploma,Full-Time,Hybrid,Male,2018-06-04,0
10620,38.0,85800.0,0.7,3.0,2,50.4,45.1,5,6.8,3.3,11.1,HR,Mid,Bachelor,Full-Time,Hybrid,Female,2022-04-05,0
10621,30.0,34600.0,4.4,5.0,5,36.7,45.3,4,8.6,4.5,17.0,Sales,Mid,Master,Full-Time,Hybrid,Female,2021-07-25,0
10622,40.0,69100.0,3.7,3.0,5,52.8,17.6,3,17.6,5.3,10.6,Operations,Mid,Diploma,Full-Time,Hybrid,Male,2016-06-14,1
10623,51.0,27200.0,1.1,3.0,1,49.1,24.9,6,12.3,20.1,10.4,IT,Junior,High School,Full-Time,Office,Male,2019-09-30,0
10624,47.0,61100.0,3.0,3.0,2,34.0,32.5,6,19.8,14.7,8.0,IT,Senior,Master,Full-Time,Hybrid,Male,2018-08-28,0
10625,49.0,128200.0,8.0,4.0,3,41.6,43.9,6,6.2,9.3,6.3,HR,Mid,Master,Full-Time,Office,Male,2024-03-30,0
10626,32.0,41100.0,4.5,2.0,5,49.2,26.0,3,3.7,2.6,17.1,IT,Mid,Master,Full-Time,Hybrid,Female,2015-04-19,0
10627,28.0,43000.0,0.5,2.0,2,47.6,30.4,4,10.8,11.0,12.9,IT,Lead,Master,Full-Time,Office,Male,2016-12-23,0
10628,35.0,81400.0,4.0,1.0,2,44.6,43.4,2,19.2,9.0,10.4,Marketing,Senior,Diploma,Full-Time,Office,Female,2016-05-13,0
10629,36.0,32400.0,6.1,3.0,1,48.6,37.1,1,1.3,6.3,20.0,Finance,Mid,Bachelor,Contract,Office,Female,2020-10-05,1
10630,45.0,46600.0,7.9,2.0,2,39.6,40.0,5,16.4,20.2,0.0,Finance,Lead,High School,Full-Time,Remote,Female,2018-01-23,0
10631,22.0,76200.0,5.0,1.0,2,44.2,23.3,5,10.9,7.0,17.1,IT,Senior,High School,Full-Time,Hybrid,Male,2016-09-25,0
10632,48.0,46600.0,0.8,4.0,3,39.8,30.2,4,5.4,18.3,4.1,HR,Lead,Bachelor,Full-Time,Office,Female,2019-02-24,0
10633,35.0,54600.0,6.2,3.0,1,44.7,28.0,5,17.0,6.2,12.7,HR,Junior,Bachelor,Full-Time,Office,Male,2019-12-08,0
10634,33.0,80800.0,5.7,5.0,1,49.0,35.0,3,0.8,4.4,16.8,Sales,Lead,Master,Full-Time,Office,Male,2020-06-05,0
10635,28.0,71000.0,0.2,4.0,2,47.9,28.5,2,12.0,3.3,3.1,HR,Mid,Diploma,Full-Time,Office,Female,2021-04-20,0
10636,23.0,66800.0,2.7,1.0,3,45.1,26.5,3,6.9,7.6,18.2,HR,Senior,High School,Full-Time,Hybrid,Male,2022-12-06,0
10637,43.0,52400.0,2.0,4.0,4,48.9,36.9,7,14.7,8.3,11.3,Marketing,Junior,Master,Full-Time,Hybrid,Female,2021-01-01,0
10638,37.0,69600.0,5.5,5.0,5,49.4,66.5,3,10.0,4.1,8.0,Marketing,Junior,Master,Full-Time,Hybrid,Male,2022-10-01,0
10639,26.0,57100.0,1.2,4.0,1,53.0,43.8,12,14.6,4.2,13.1,Operations,Junior,Diploma,Full-Time,Remote,Male,2017-08-23,1
10640,26.0,72100.0,4.5,1.0,3,49.8,8.3,4,8.3,18.2,14.6,IT,Mid,High School,Contract,Office,Female,2024-08-18,1
10641,33.0,49200.0,12.2,5.0,3,47.3,40.3,6,5.4,13.4,23.9,Operations,Junior,Bachelor,Full-Time,Remote,Female,2021-01-24,0
10642,49.0,55800.0,8.0,5.0,2,48.7,27.3,1,7.5,28.8,11.0,,Junior,Master,Full-Time,Hybrid,Male,2020-12-26,0
10643,34.0,40400.0,12.7,4.0,5,45.2,20.9,5,9.1,2.6,16.2,Finance,Lead,High School,Contract,Hybrid,Female,2021-08-22,0
10644,24.0,59200.0,19.2,5.0,1,42.6,45.6,6,10.1,26.4,12.6,HR,Senior,High School,Full-Time,Remote,Female,2015-09-26,1
10645,34.0,43400.0,0.2,4.0,4,48.3,36.2,4,12.1,4.6,13.8,HR,Mid,Master,Full-Time,Remote,Male,2015-12-03,1
10646,34.0,38400.0,4.9,3.0,2,47.8,72.3,5,8.1,3.2,10.7,IT,Senior,High School,Full-Time,Remote,Male,2017-11-17,0
10647,21.0,66500.0,2.7,5.0,1,45.5,33.3,2,12.1,9.5,8.2,Finance,Mid,Diploma,Full-Time,Office,Female,2021-11-18,0
10648,36.0,65300.0,9.8,4.0,1,43.0,31.6,5,21.3,2.2,13.9,IT,Junior,High School,Full-Time,Office,Male,2018-03-25,0
10649,34.0,82100.0,1.5,3.0,3,42.7,53.0,4,3.7,17.1,7.0,HR,Mid,Diploma,Full-Time,Remote,Male,2023-03-11,0
10650,42.0,50500.0,19.8,5.0,5,42.0,35.3,2,14.0,9.0,2.0,Finance,Senior,Master,Full-Time,Office,Male,2024-08-11,0
10651,51.0,70600.0,4.8,3.0,4,50.3,19.1,1,3.9,4.9,12.5,HR,Junior,High School,Part-Time,Hybrid,Male,2023-06-15,0
10652,45.0,74800.0,7.9,5.0,5,49.9,21.8,6,2.3,16.1,7.9,Operations,Mid,Diploma,Full-Time,Hybrid,Female,2020-01-02,0
10653,34.0,71700.0,0.4,1.0,3,49.7,30.1,5,16.6,7.3,10.5,IT,Mid,Diploma,Full-Time,Hybrid,Female,2018-04-06,1
10654,27.0,43100.0,1.0,1.0,4,38.7,44.9,8,2.6,8.2,3.7,IT,Mid,High School,Full-Time,Office,Female,2023-02-11,0
10655,57.0,63700.0,7.1,4.0,4,42.2,54.1,4,7.8,12.4,16.8,Marketing,Junior,Master,Contract,Hybrid,Female,2015-08-19,0
10656,36.0,69400.0,0.2,2.0,2,42.7,47.0,5,3.2,5.1,0.0,Finance,Senior,Bachelor,Part-Time,Remote,Male,2022-04-04,1
10657,36.0,60200.0,8.5,1.0,4,41.0,43.5,5,22.5,3.8,14.1,Marketing,Mid,Bachelor,Full-Time,Hybrid,Male,2018-06-09,0
10658,36.0,26000.0,0.2,2.0,1,53.3,51.5,0,7.8,7.3,14.6,Operations,Senior,High School,Full-Time,Hybrid,Male,2015-12-19,1
10659,38.0,64000.0,5.4,3.0,5,46.0,44.3,3,1.4,3.1,13.0,Finance,Lead,High School,Full-Time,Hybrid,Male,2022-01-05,0
10660,35.0,145400.0,2.3,3.0,5,45.6,21.5,4,2.8,5.9,17.1,Sales,Senior,Bachelor,Part-Time,Office,Female,2015-07-24,0
10661,31.0,52000.0,4.7,2.0,2,41.7,31.7,5,20.7,4.0,6.1,Finance,Senior,Master,Full-Time,Office,Male,2024-02-12,0
10662,32.0,44800.0,6.0,4.0,4,48.3,27.3,3,6.7,6.4,21.8,HR,Junior,Diploma,Full-Time,Hybrid,Female,2019-11-22,0
10663,36.0,69700.0,2.1,5.0,3,55.0,53.9,4,7.5,4.3,7.5,Finance,Senior,Bachelor,Full-Time,Office,Female,2021-08-28,0
10664,32.0,68000.0,0.6,2.0,1,44.4,20.7,6,16.9,6.3,15.3,Marketing,Mid,Master,Full-Time,Office,Male,2024-05-21,1
10665,30.0,96700.0,0.4,2.0,2,42.8,21.0,7,15.6,16.4,21.1,IT,Senior,Bachelor,Full-Time,Remote,Male,2021-06-30,0
10666,37.0,36300.0,4.4,2.0,4,43.5,37.5,3,2.7,4.8,10.9,IT,Senior,Master,Full-Time,Hybrid,Male,2020-10-18,0
10667,34.0,80400.0,3.7,2.0,3,42.4,63.9,2,3.2,10.5,8.4,Finance,Mid,Bachelor,Full-Time,Remote,Male,2016-07-15,0
10668,48.0,76000.0,6.8,,4,44.0,46.0,0,4.7,2.3,16.0,Sales,Mid,Master,Full-Time,Office,Male,2020-03-02,0
10669,21.0,56700.0,3.6,4.0,2,40.9,50.6,6,6.0,6.4,9.1,IT,Junior,Master,Full-Time,Hybrid,Male,2015-06-25,0
10670,45.0,68700.0,2.7,1.0,3,39.6,18.4,8,13.0,4.5,7.7,Operations,Mid,Master,Full-Time,Office,Female,2022-01-02,0
10671,46.0,90600.0,2.5,5.0,3,43.9,45.0,5,7.5,8.3,15.5,IT,Mid,Diploma,Part-Time,Office,Male,2023-10-29,0
10672,21.0,85100.0,0.2,1.0,3,44.4,18.3,6,6.2,5.4,15.8,Operations,Mid,Master,Full-Time,Remote,Female,2016-12-21,0
10673,33.0,38000.0,2.0,2.0,3,42.6,46.0,2,8.0,14.7,11.8,Operations,Mid,Bachelor,Full-Time,Office,Female,2016-01-28,0
10674,33.0,83300.0,18.7,1.0,4,51.3,11.4,4,4.6,6.2,12.3,Operations,Senior,Master,Full-Time,Office,Female,2015-09-02,0
10675,25.0,58500.0,10.3,4.0,3,46.1,29.9,3,17.3,17.6,12.8,IT,Mid,Master,Part-Time,Remote,Female,2023-09-29,0
10676,30.0,61800.0,2.0,3.0,4,47.7,5.0,4,3.8,1.8,11.0,Sales,Lead,High School,Full-Time,Hybrid,Female,2023-11-14,0
10677,27.0,61800.0,4.4,1.0,3,47.8,21.7,3,8.2,8.2,10.6,Marketing,Senior,Master,Full-Time,Remote,Male,2017-07-24,0
10678,50.0,56500.0,9.4,5.0,3,44.5,13.6,1,11.7,8.8,5.2,Finance,Lead,Master,Full-Time,Office,Male,2015-05-10,0
10679,43.0,96600.0,2.9,4.0,2,45.1,44.8,3,12.0,4.2,8.3,Operations,Senior,High School,Full-Time,Office,Male,2022-03-17,0
10680,46.0,58000.0,0.2,3.0,4,39.7,36.4,6,5.7,8.0,12.0,Sales,Mid,Diploma,Full-Time,Hybrid,Female,2019-08-10,0
10681,42.0,38300.0,0.4,4.0,4,47.3,28.0,1,14.6,11.2,22.5,Finance,Mid,Master,Contract,Hybrid,Female,2016-08-31,0
10682,27.0,51300.0,3.6,2.0,5,42.3,36.8,3,20.9,17.1,6.3,HR,Senior,High School,Full-Time,Office,Female,2023-06-18,0
10683,32.0,64400.0,17.4,3.0,2,40.8,22.5,9,18.8,6.6,9.5,Operations,Senior,Master,Part-Time,Office,Male,2016-11-03,0
10684,40.0,98100.0,5.9,5.0,4,50.5,39.8,3,0.0,5.9,5.5,Finance,Senior,Diploma,Full-Time,Hybrid,Male,2020-03-23,1
10685,26.0,76400.0,0.4,3.0,2,37.3,33.8,2,7.5,5.3,1.6,Operations,Senior,Bachelor,Full-Time,Hybrid,Male,2016-05-18,1
10686,42.0,42700.0,1.0,5.0,2,52.6,69.2,5,4.0,8.3,18.9,IT,Senior,Master,Full-Time,Office,Male,2017-01-18,0
10687,34.0,162100.0,7.4,2.0,2,52.2,59.5,5,11.3,4.2,14.7,Sales,Junior,Bachelor,Full-Time,Remote,Male,2020-01-27,1
10688,33.0,66700.0,9.2,5.0,1,42.9,49.1,6,14.3,13.5,18.8,Operations,Mid,High School,Full-Time,Office,Male,2022-02-02,0
10689,42.0,99900.0,4.8,4.0,4,52.9,39.4,2,1.1,2.6,2.6,Sales,Mid,Master,Full-Time,Remote,Male,2023-05-05,0
10690,40.0,56500.0,5.2,1.0,2,39.6,41.3,5,13.2,7.6,15.2,Marketing,Junior,High School,Contract,Remote,Male,2018-02-14,0
10691,33.0,74300.0,0.2,4.0,1,49.0,53.6,1,7.8,3.0,22.7,HR,Lead,Bachelor,Full-Time,Hybrid,Male,2023-12-06,0
10692,45.0,83900.0,8.8,4.0,1,44.1,39.3,5,6.4,7.7,16.8,Marketing,Senior,Master,Contract,Hybrid,Male,2020-04-21,0
10693,27.0,97700.0,7.8,3.0,3,35.0,40.2,4,11.2,14.1,14.8,Marketing,Mid,Bachelor,Full-Time,Office,Female,2017-06-16,0
10694,41.0,91600.0,1.5,2.0,3,40.8,26.4,4,7.1,9.1,8.2,HR,Mid,High School,Full-Time,Hybrid,Female,2020-08-12,0
10695,41.0,85000.0,6.2,1.0,4,43.1,24.7,3,14.8,5.2,19.3,IT,Senior,Diploma,Full-Time,Office,Female,2017-06-20,0
10696,34.0,52900.0,1.2,5.0,3,47.9,33.4,3,5.6,13.2,8.8,Sales,Junior,Diploma,Full-Time,Hybrid,Male,2018-09-18,0
10697,39.0,47700.0,0.2,3.0,4,41.6,5.0,3,16.0,1.2,14.5,Finance,Mid,Diploma,Full-Time,Hybrid,Male,2018-09-25,0
10698,26.0,68500.0,1.1,2.0,1,42.6,34.6,3,7.9,7.6,6.8,HR,Mid,High School,Full-Time,Office,Male,2021-01-16,0
10699,43.0,87100.0,1.0,1.0,1,46.7,31.4,1,0.0,4.5,11.5,Marketing,Senior,Diploma,Full-Time,Remote,Male,2017-06-13,1
10700,35.0,54900.0,2.1,4.0,4,46.4,48.2,8,3.2,11.3,16.9,Finance,Senior,Master,Full-Time,Remote,Female,2017-04-07,0
10701,32.0,91900.0,2.7,2.0,3,43.5,53.4,5,7.4,1.4,16.5,Operations,Mid,Diploma,Full-Time,Office,Male,2024-07-18,0
10702,44.0,107300.0,3.6,2.0,3,42.5,73.6,8,10.2,5.8,12.1,HR,Senior,Bachelor,Full-Time,Hybrid,Male,2024-12-23,0
10703,30.0,41600.0,3.2,2.0,4,48.7,43.7,4,7.4,5.1,22.8,Operations,Lead,Master,Full-Time,Office,Female,2024-02-19,0
10704,25.0,42900.0,1.6,4.0,5,42.5,37.3,3,3.8,15.1,11.0,HR,Mid,Bachelor,Full-Time,Remote,Female,2020-10-15,0
10705,24.0,56700.0,0.2,5.0,3,38.1,26.5,1,18.7,4.6,17.7,IT,Junior,Bachelor,Full-Time,Office,Male,2020-05-27,0
10706,41.0,67900.0,4.6,3.0,2,42.0,19.3,5,16.4,6.8,9.2,Operations,Senior,Bachelor,Contract,Remote,Male,2018-01-23,0
10707,26.0,48600.0,2.5,5.0,3,46.7,48.7,1,0.8,8.4,5.8,IT,Mid,Bachelor,Full-Time,Office,Female,2019-10-09,0
10708,50.0,103100.0,1.8,1.0,5,43.3,34.6,6,2.9,7.9,11.0,,Mid,Master,Full-Time,Office,Female,2022-03-12,0
10709,21.0,71100.0,10.1,3.0,1,41.5,41.4,7,9.9,7.8,3.6,Sales,Junior,High School,Full-Time,Hybrid,Female,2015-08-29,0
10710,50.0,61000.0,6.9,1.0,1,37.7,35.3,3,7.1,8.4,13.6,Finance,Mid,Master,Full-Time,Office,Female,2023-06-16,0
10711,38.0,33800.0,9.8,4.0,1,43.3,35.7,4,0.0,8.0,12.5,Sales,Mid,Diploma,Full-Time,Remote,Male,2022-08-28,0
10712,35.0,35400.0,3.4,5.0,3,45.1,38.3,8,3.7,42.2,15.1,Operations,Senior,Diploma,Full-Time,Office,Male,2020-01-25,0
10713,32.0,67100.0,0.7,2.0,1,39.0,41.3,5,12.4,2.3,11.9,Operations,Junior,High School,Full-Time,Remote,Male,2021-09-28,0
10714,39.0,25600.0,6.0,3.0,5,43.1,49.1,3,8.7,4.6,10.5,HR,Mid,Diploma,Full-Time,Remote,Female,2021-03-18,0
10715,36.0,90000.0,1.2,2.0,5,38.5,16.5,5,2.4,7.7,12.4,HR,Senior,Master,Full-Time,Remote,Male,2016-12-15,0
10716,45.0,56300.0,2.9,1.0,3,43.4,43.8,7,4.6,17.4,17.7,HR,Junior,Diploma,Full-Time,Hybrid,Male,2022-07-11,0
10717,37.0,219600.0,0.3,2.0,2,52.6,15.7,5,6.7,15.6,17.1,Operations,Senior,,Full-Time,Hybrid,Female,2022-12-21,1
10718,37.0,151000.0,8.7,2.0,3,44.9,45.5,2,23.4,16.5,18.4,HR,Junior,Bachelor,Full-Time,Hybrid,Male,2017-11-29,0
10719,33.0,55800.0,0.7,4.0,1,36.1,39.8,3,8.2,7.8,0.7,IT,Senior,Master,Full-Time,Remote,Female,2023-10-08,0
10720,36.0,57500.0,11.7,4.0,3,45.7,33.9,5,3.7,19.1,17.3,HR,Mid,Bachelor,Full-Time,Office,Female,2022-06-30,0
10721,38.0,89400.0,10.0,5.0,5,50.6,34.4,2,18.8,5.3,15.5,HR,Mid,High School,Full-Time,Office,Male,2023-10-06,0
10722,22.0,118600.0,3.1,1.0,3,37.1,37.1,4,11.5,15.2,22.2,HR,Mid,Master,Full-Time,Remote,Male,2019-03-24,0
10723,25.0,31200.0,6.8,4.0,3,38.8,51.4,5,3.2,9.1,9.4,Marketing,Junior,Bachelor,Full-Time,Office,Male,2021-02-17,0
10724,42.0,29400.0,4.8,4.0,2,45.3,50.0,5,8.1,9.2,10.5,Operations,Junior,Master,Full-Time,Office,Female,2016-02-29,0
10725,37.0,46800.0,8.1,5.0,5,43.6,48.3,1,6.9,3.2,13.3,Operations,Senior,Diploma,Full-Time,Hybrid,Female,2021-11-08,0
10726,35.0,75800.0,2.8,3.0,4,50.1,14.8,1,11.3,2.3,0.0,Finance,Mid,High School,Full-Time,Remote,Female,2022-10-29,0
10727,36.0,73200.0,7.7,5.0,4,43.1,43.6,6,0.5,6.5,0.0,Operations,Lead,Diploma,Full-Time,Office,Male,2024-01-10,0
10728,39.0,,3.1,2.0,5,48.1,5.0,3,0.9,7.5,13.6,Finance,Senior,Diploma,Contract,Remote,Female,2019-03-18,0
10729,32.0,37100.0,14.1,2.0,4,51.6,5.0,7,6.5,3.6,6.2,HR,Senior,Master,Part-Time,Office,Female,2023-11-21,1
10730,30.0,23800.0,3.3,4.0,1,39.7,51.9,4,2.7,15.3,5.3,Operations,Mid,High School,Full-Time,Hybrid,Female,2024-04-10,0
10731,38.0,84600.0,3.1,4.0,4,47.7,13.3,6,14.1,4.5,14.7,HR,Junior,Master,Contract,Office,Male,2018-04-15,0
10732,,43100.0,7.7,5.0,1,42.0,32.3,3,1.8,12.0,4.1,Finance,Lead,Diploma,Full-Time,Office,Female,2023-08-31,0
10733,39.0,26800.0,8.6,5.0,5,32.9,56.1,1,22.4,6.5,15.5,Sales,Junior,High School,Full-Time,Hybrid,Female,2018-07-18,0
10734,22.0,63600.0,4.0,1.0,4,46.4,43.8,4,7.1,13.8,7.7,Marketing,Mid,High School,Contract,Hybrid,Female,2020-08-06,0
10735,44.0,82400.0,1.0,2.0,4,47.0,40.6,3,8.8,3.5,7.5,Marketing,Senior,Diploma,Full-Time,Office,Male,2017-06-11,0
10736,40.0,57100.0,3.2,5.0,1,36.3,34.2,2,10.1,2.6,13.8,Operations,Mid,Master,Full-Time,Hybrid,Male,2022-04-07,0
10737,38.0,50000.0,17.2,3.0,1,41.7,36.9,6,7.6,11.7,5.8,Sales,Junior,Diploma,Full-Time,Hybrid,Male,2016-03-09,0
10738,44.0,56300.0,7.0,1.0,3,40.9,25.6,4,15.1,14.5,20.7,HR,Mid,Diploma,Full-Time,Office,Female,2022-08-27,0
10739,49.0,51700.0,8.3,5.0,2,48.0,27.8,2,8.9,10.0,11.5,Finance,Lead,Diploma,Full-Time,Office,Male,2020-05-19,0
10740,44.0,35000.0,0.2,4.0,4,36.3,36.3,5,4.9,4.3,11.9,Marketing,Lead,Master,Full-Time,Hybrid,Male,2024-09-01,0
10741,21.0,45100.0,3.2,5.0,2,44.5,38.5,10,0.0,12.8,15.2,Sales,Senior,High School,Full-Time,Office,Male,2019-03-18,0
10742,26.0,73900.0,5.2,4.0,2,32.3,32.6,5,10.3,11.9,17.4,Sales,Senior,Bachelor,Full-Time,Hybrid,Female,2023-10-01,0
10743,31.0,68200.0,8.9,4.0,4,45.9,5.0,4,13.5,3.6,9.4,IT,Junior,Diploma,Full-Time,Remote,Male,2022-08-04,0
10744,36.0,64200.0,0.3,2.0,1,44.6,58.5,6,0.4,11.0,15.5,Operations,Junior,High School,Full-Time,Hybrid,Male,2016-10-30,0
10745,40.0,40300.0,9.6,2.0,3,41.4,49.1,1,5.7,8.8,15.8,Sales,Mid,Bachelor,Full-Time,Hybrid,Female,2020-03-28,0
10746,30.0,55800.0,4.0,5.0,5,51.1,31.9,2,13.8,8.6,19.3,IT,Junior,High School,Part-Time,Hybrid,Female,2023-02-20,0
10747,37.0,25100.0,1.1,5.0,4,30.9,49.5,2,2.9,3.0,9.7,IT,Mid,Master,Full-Time,Office,Male,2020-10-28,0
10748,30.0,64400.0,1.9,3.0,4,43.9,29.6,6,2.8,14.2,15.8,Operations,Junior,Bachelor,Full-Time,Remote,Female,2016-01-06,0
10749,31.0,106300.0,1.7,1.0,5,50.0,39.8,5,7.1,5.5,14.9,Marketing,Mid,Bachelor,Full-Time,Hybrid,Female,2018-01-23,0
10750,25.0,33300.0,3.8,1.0,2,44.6,6.2,4,15.9,5.1,14.1,HR,Junior,Bachelor,Full-Time,Office,Female,2018-04-27,0
10751,29.0,47500.0,0.3,5.0,3,50.8,38.9,3,13.5,11.0,0.9,HR,Junior,Diploma,Full-Time,Office,Female,2017-05-14,0
10752,25.0,68400.0,0.9,2.0,2,41.7,30.8,5,15.9,6.9,18.3,Sales,Senior,Bachelor,Full-Time,Hybrid,Male,2015-05-02,0
10753,28.0,99000.0,8.4,3.0,5,43.2,38.3,0,2.0,2.9,17.2,Finance,Junior,Master,Full-Time,Hybrid,Female,2017-04-13,0
10754,44.0,50200.0,0.7,1.0,5,50.2,60.6,4,4.0,23.3,15.3,Finance,Junior,Master,Full-Time,Office,Male,2023-07-13,0
10755,28.0,45500.0,1.3,5.0,3,48.5,34.7,4,6.9,9.4,9.0,IT,Junior,Bachelor,Full-Time,Hybrid,Male,2021-04-26,0
10756,57.0,27300.0,3.0,2.0,5,56.0,,4,6.2,7.9,20.2,Operations,Senior,High School,Full-Time,Hybrid,Female,2022-10-25,1
10757,40.0,62500.0,3.6,2.0,5,44.5,28.3,3,3.3,7.8,11.7,Sales,Mid,Diploma,Full-Time,Office,Male,2023-12-04,0
10758,37.0,135800.0,7.2,2.0,3,45.0,13.8,4,10.9,8.1,14.4,Sales,Mid,High School,Contract,Hybrid,Female,2022-11-04,0
10759,29.0,67000.0,3.0,4.0,4,41.7,41.1,4,0.0,8.6,6.3,HR,Junior,Diploma,Contract,Office,Male,2021-04-27,0
10760,42.0,59500.0,7.8,2.0,2,43.0,43.0,5,8.9,17.8,10.4,Finance,Mid,Diploma,Full-Time,Office,Female,2016-07-10,0
10761,31.0,68300.0,4.8,5.0,4,49.4,36.0,0,18.0,24.2,12.3,Marketing,Junior,Master,Contract,Office,Female,2023-07-29,1
10762,37.0,59700.0,0.6,3.0,4,44.0,48.8,7,8.5,6.5,7.6,Operations,Mid,Diploma,Full-Time,Hybrid,Male,2018-07-11,0
10763,56.0,43300.0,0.8,5.0,2,40.0,48.9,5,3.0,12.8,8.7,Sales,Mid,Bachelor,Full-Time,Office,Female,2020-01-16,1
10764,35.0,83400.0,2.9,2.0,4,42.1,36.0,3,0.3,12.4,14.7,Sales,Senior,Diploma,Full-Time,Hybrid,Female,2016-07-01,0
10765,45.0,65700.0,2.5,3.0,3,43.5,43.8,2,10.2,13.0,17.2,HR,Junior,Master,Full-Time,Hybrid,Male,2020-02-05,0
10766,30.0,60400.0,6.8,1.0,2,40.3,67.6,2,18.4,19.5,4.7,Marketing,Senior,Master,Full-Time,Hybrid,Female,2023-03-04,0
10767,36.0,40600.0,4.3,1.0,1,41.7,22.7,8,9.3,14.5,23.5,Marketing,Junior,Diploma,Full-Time,Remote,Female,2017-10-30,0
10768,50.0,101100.0,2.5,5.0,4,39.0,46.6,9,6.0,10.7,7.7,Marketing,Mid,Diploma,Part-Time,Remote,Female,2017-03-14,0
10769,31.0,78300.0,0.9,3.0,5,41.9,36.3,1,3.4,5.1,6.8,Operations,Junior,Diploma,Full-Time,Hybrid,Male,2020-02-03,0
10770,50.0,48100.0,1.3,5.0,2,49.8,50.7,3,0.0,9.9,19.7,Marketing,Lead,High School,Full-Time,Hybrid,Male,2015-04-13,0
10771,42.0,89600.0,4.3,3.0,1,44.2,23.1,5,9.6,3.8,15.4,Finance,Junior,Bachelor,Part-Time,Office,Female,2023-02-05,0
10772,32.0,49200.0,2.8,3.0,5,56.3,38.0,5,0.0,11.0,16.9,Operations,Mid,Diploma,Part-Time,Remote,Female,2022-12-01,0
10773,41.0,43900.0,3.6,5.0,1,40.2,24.8,4,13.5,10.0,7.8,IT,Junior,Bachelor,Part-Time,Remote,Female,2018-02-08,0
10774,44.0,44300.0,0.9,3.0,4,46.4,8.5,5,11.8,2.9,14.3,Marketing,Mid,Master,Full-Time,Hybrid,Male,2022-10-03,0
10775,41.0,29500.0,5.4,2.0,5,45.1,56.1,3,6.7,5.8,24.8,IT,Mid,Bachelor,Full-Time,Office,Male,2016-06-16,0
10776,23.0,72500.0,9.6,3.0,4,47.3,28.5,2,11.9,4.8,7.7,IT,Junior,Diploma,Full-Time,Hybrid,Female,2016-05-15,0
10777,30.0,28800.0,1.5,3.0,5,41.0,22.4,6,9.0,13.1,15.7,HR,Senior,Master,Full-Time,Office,Male,2018-05-13,0
10778,34.0,36700.0,3.4,5.0,2,42.2,26.3,7,11.8,6.5,8.1,Marketing,Senior,Diploma,Full-Time,Office,Male,2015-04-07,0
10779,35.0,26200.0,18.6,1.0,3,46.0,62.4,6,13.4,3.0,6.8,Finance,Junior,Bachelor,Full-Time,Hybrid,Male,2017-04-01,0
10780,41.0,58000.0,2.0,4.0,3,41.5,54.7,3,6.5,10.9,10.8,HR,Mid,Bachelor,Full-Time,Remote,Female,2021-09-10,0
10781,37.0,56500.0,4.5,3.0,1,35.1,31.7,5,0.2,9.2,11.8,HR,Mid,High School,Full-Time,Office,Male,2024-12-17,0
10782,25.0,52600.0,0.5,4.0,5,50.6,47.9,5,21.5,8.7,11.2,IT,Senior,Bachelor,Full-Time,Office,Male,2016-07-15,1
10783,39.0,39500.0,4.7,3.0,4,48.4,18.9,4,6.7,3.7,11.6,Sales,Senior,Master,Full-Time,Office,Female,2021-12-18,0
10784,41.0,37500.0,0.5,5.0,2,41.9,42.9,4,5.4,12.1,23.0,Finance,Junior,Diploma,Full-Time,Remote,Female,2024-11-12,0
10785,40.0,72200.0,16.0,5.0,2,45.1,28.5,4,10.7,7.4,20.5,Operations,Senior,Bachelor,Full-Time,Hybrid,Female,2018-10-19,0
10786,45.0,48100.0,6.3,3.0,2,49.0,41.5,6,6.8,7.1,12.9,Marketing,Junior,Diploma,Full-Time,Hybrid,Female,2021-04-23,0
10787,43.0,68100.0,7.8,5.0,3,50.7,14.4,5,0.5,3.3,12.5,Marketing,Junior,High School,Full-Time,Hybrid,Female,2015-07-24,0
10788,40.0,42100.0,6.1,5.0,4,44.5,26.1,7,0.8,3.4,19.3,Finance,Senior,Diploma,Full-Time,Hybrid,Male,2018-09-27,0
10789,35.0,64500.0,4.5,3.0,2,41.1,37.7,1,2.7,60.0,15.7,Marketing,Junior,Diploma,Contract,Office,Male,2021-12-21,0
10790,23.0,101100.0,3.0,1.0,2,51.3,37.6,5,10.1,3.6,13.3,Sales,Junior,Bachelor,Full-Time,Office,Male,2020-06-19,1
10791,39.0,75900.0,9.8,3.0,1,44.5,13.1,6,3.8,1.8,23.2,Operations,Mid,Bachelor,Full-Time,Hybrid,Female,2015-07-11,0
10792,38.0,50900.0,15.7,1.0,5,43.3,20.4,8,13.6,6.1,7.7,Sales,Senior,Diploma,Full-Time,Hybrid,Male,2020-01-01,0
10793,38.0,66500.0,3.5,5.0,5,45.3,41.4,7,7.1,7.0,11.9,Marketing,Junior,High School,Full-Time,Office,Female,2018-02-21,0
10794,26.0,54500.0,13.4,1.0,5,49.8,39.6,4,7.5,4.2,11.3,HR,Mid,Master,Full-Time,Hybrid,Female,2023-10-03,0
10795,27.0,60200.0,4.4,5.0,1,43.8,44.8,6,8.4,4.5,14.3,Operations,Junior,Master,Contract,Office,Male,2021-02-18,0
10796,44.0,52700.0,3.9,1.0,3,48.9,37.9,5,1.8,7.4,6.7,Operations,Mid,Master,Full-Time,Hybrid,Female,2021-04-04,0
10797,36.0,56200.0,3.0,1.0,1,43.0,19.2,3,15.7,10.3,14.4,Marketing,Senior,Master,Full-Time,Office,Male,2018-06-25,1
10798,41.0,65300.0,1.2,3.0,2,47.0,29.7,6,9.9,3.0,10.6,Marketing,Mid,Diploma,Full-Time,Hybrid,Male,2020-01-19,0
10799,36.0,40300.0,0.2,1.0,4,39.3,43.0,12,7.0,6.1,17.2,Finance,Senior,Diploma,Full-Time,Office,Male,2015-08-13,0
10800,36.0,40000.0,1.4,5.0,2,49.3,20.0,2,4.8,8.0,10.4,Sales,Mid,Diploma,Full-Time,Hybrid,Male,2023-12-05,0
10801,44.0,34400.0,3.6,3.0,2,40.6,18.1,3,4.7,6.8,9.1,Operations,Mid,Diploma,Full-Time,Hybrid,Male,2017-02-11,0
10802,32.0,31600.0,2.4,1.0,4,46.3,30.5,6,1.1,4.9,15.5,HR,Mid,High School,Full-Time,Hybrid,Male,2018-05-30,0
10803,37.0,36900.0,3.0,3.0,5,36.6,39.1,3,0.0,3.9,12.6,Finance,Senior,Diploma,Full-Time,Office,Male,2023-04-01,0
10804,32.0,64000.0,19.7,4.0,1,44.1,7.4,2,0.0,26.9,10.7,Finance,Mid,Diploma,Full-Time,Office,Male,2022-04-20,0
10805,33.0,42000.0,2.2,3.0,3,44.9,31.4,7,14.4,1.6,11.0,HR,Senior,Diploma,Contract,Remote,Male,2019-06-13,1
10806,34.0,73700.0,3.0,4.0,2,40.6,42.8,2,3.4,16.4,9.6,HR,Lead,Bachelor,Full-Time,Office,Male,2023-08-28,0
10807,38.0,60800.0,0.7,4.0,2,43.5,45.7,7,1.5,3.6,22.3,Finance,Senior,Master,Full-Time,Hybrid,Female,2024-07-06,1
10808,32.0,27300.0,0.2,3.0,3,45.3,19.9,5,15.7,9.5,14.7,Marketing,Lead,Bachelor,Full-Time,Remote,Female,2020-06-18,0
10809,46.0,78000.0,7.5,5.0,1,46.8,40.6,1,8.4,8.5,15.8,HR,Mid,High School,Full-Time,Office,Male,2015-02-26,0
10810,29.0,83000.0,4.2,5.0,2,44.5,49.9,2,1.0,3.9,14.6,Operations,Junior,High School,Full-Time,Office,Female,2016-06-03,0
10811,35.0,40300.0,7.2,5.0,3,50.7,44.1,4,11.4,7.0,13.4,IT,Mid,Master,Full-Time,Office,Male,2024-08-30,0
10812,32.0,,0.8,2.0,2,49.8,28.8,5,16.7,6.1,9.9,HR,Junior,Master,Full-Time,Office,Male,2018-11-26,1
10813,48.0,42600.0,4.2,4.0,5,43.8,5.0,6,12.1,8.2,8.5,Operations,Mid,Diploma,Full-Time,Hybrid,Male,2017-05-22,0
10814,38.0,62400.0,1.5,3.0,5,37.3,38.1,5,8.8,19.6,9.9,Finance,Mid,Master,Full-Time,Hybrid,Female,2021-09-08,0
10815,44.0,36200.0,1.3,5.0,2,41.6,58.7,5,10.8,21.7,15.3,IT,Junior,High School,Full-Time,Hybrid,Female,2017-08-15,0
10816,24.0,29300.0,0.2,5.0,2,32.9,47.4,5,15.2,4.7,9.8,Finance,Mid,Diploma,Contract,Remote,Female,2015-06-07,0
10817,38.0,51500.0,0.7,3.0,5,43.1,46.3,5,18.4,10.2,18.5,Sales,Mid,High School,Full-Time,Hybrid,Male,2020-12-14,0
10818,43.0,57100.0,1.9,4.0,2,51.0,37.5,4,2.3,16.3,20.5,Sales,Junior,Bachelor,Full-Time,Hybrid,Male,2024-10-28,0
10819,37.0,51200.0,0.6,3.0,1,48.0,48.5,4,8.1,5.9,3.4,Marketing,Junior,Diploma,Full-Time,Office,Female,2023-04-20,0
10820,45.0,37400.0,21.3,2.0,1,44.4,39.5,3,11.6,12.2,20.0,HR,Senior,Diploma,Full-Time,Office,Female,2015-08-25,0
10821,32.0,51100.0,1.8,2.0,4,40.4,8.8,4,9.0,42.3,6.5,Finance,Mid,Bachelor,Full-Time,Office,Male,2015-11-29,0
10822,47.0,66800.0,0.7,3.0,1,44.6,48.4,3,11.2,3.6,10.7,IT,Senior,High School,Part-Time,Hybrid,Male,2023-07-05,0
10823,54.0,58900.0,1.1,4.0,2,54.7,22.1,2,21.3,11.2,12.7,Operations,Senior,Master,Full-Time,Remote,Male,2016-09-16,1
10824,33.0,64500.0,4.4,5.0,2,51.4,36.0,1,6.4,4.0,1.6,HR,Senior,Diploma,Full-Time,Remote,Female,2023-11-01,0
10825,32.0,45900.0,0.3,2.0,3,43.2,46.1,3,0.0,5.2,8.6,Marketing,Mid,Master,Full-Time,Office,Female,2019-04-17,0
10826,48.0,95900.0,9.9,2.0,1,36.6,23.8,3,19.1,5.7,12.8,Finance,Senior,Bachelor,Contract,Office,Female,2017-06-28,0
10827,49.0,37500.0,16.3,4.0,5,55.0,20.2,6,18.6,10.9,5.9,Operations,Junior,High School,Part-Time,Office,Female,2020-05-14,1
10828,32.0,72900.0,1.4,2.0,5,40.4,42.2,4,11.3,33.0,5.7,Operations,Senior,High School,Contract,Office,Female,2020-12-05,0
10829,33.0,96300.0,3.0,2.0,4,46.7,18.3,2,5.0,5.3,21.3,Finance,Mid,High School,Full-Time,Office,Male,2018-09-07,0
10830,34.0,72700.0,0.2,4.0,3,36.2,32.1,2,13.1,16.2,12.7,Sales,Senior,Master,Full-Time,Office,Male,2024-10-27,0
10831,25.0,55300.0,5.1,3.0,5,42.4,51.9,1,8.2,4.3,17.1,Marketing,Senior,Master,Full-Time,Office,Male,2024-02-21,0
10832,29.0,48600.0,2.7,5.0,4,36.2,59.4,3,6.1,5.9,21.6,Operations,Mid,Master,Full-Time,Office,Female,2018-10-17,0
10833,28.0,90800.0,1.6,5.0,1,38.2,8.3,4,3.9,20.1,16.1,Finance,Mid,Master,Full-Time,Office,Female,2021-12-07,0
10834,30.0,34000.0,1.2,2.0,3,39.4,31.7,5,7.9,15.6,9.5,Sales,Junior,Diploma,Full-Time,Hybrid,Female,2017-03-26,0
10835,36.0,40700.0,5.3,5.0,3,46.4,54.1,4,11.3,6.0,9.0,Sales,Mid,Master,Full-Time,Hybrid,Female,2018-06-07,0
10836,38.0,51200.0,2.7,3.0,2,43.5,29.0,2,9.0,5.2,14.7,IT,Mid,Bachelor,Full-Time,Remote,Female,2021-10-04,0
10837,48.0,98400.0,1.0,2.0,1,57.6,46.9,3,13.3,11.1,15.5,Operations,Mid,Diploma,Full-Time,Hybrid,Male,2018-11-21,1
10838,28.0,69800.0,5.8,5.0,3,49.7,48.0,3,6.7,5.1,13.3,Marketing,Mid,High School,Full-Time,Hybrid,Female,2017-03-20,0
10839,44.0,40700.0,4.2,1.0,4,49.8,25.8,3,5.5,5.7,15.9,Marketing,Mid,Master,Contract,Office,Female,2021-09-24,0
10840,34.0,53000.0,9.8,1.0,5,46.5,41.4,6,10.3,6.0,11.4,Finance,Mid,Master,Full-Time,Office,Male,2015-11-18,0
10841,36.0,46900.0,0.6,1.0,1,45.4,42.3,7,8.5,7.1,12.1,IT,Senior,Diploma,Full-Time,Hybrid,Female,2015-10-30,0
10842,41.0,45200.0,7.7,1.0,1,49.9,48.7,4,16.9,5.3,9.9,HR,Mid,High School,Full-Time,Office,Female,2024-09-16,0
10843,27.0,88800.0,5.6,1.0,3,32.1,10.6,7,5.9,2.5,7.7,Finance,Junior,High School,Full-Time,Hybrid,Male,2017-04-23,0
10844,39.0,34700.0,0.6,2.0,3,40.9,54.4,5,5.0,23.7,7.6,Sales,Junior,Bachelor,Full-Time,Hybrid,Male,2022-01-15,0
10845,37.0,114200.0,5.9,4.0,3,37.2,45.3,6,7.0,14.2,10.2,HR,Mid,Diploma,Full-Time,Hybrid,Female,2021-11-03,0
10846,40.0,83600.0,2.9,4.0,4,34.6,18.0,4,5.5,7.5,15.7,HR,Senior,Bachelor,Part-Time,Hybrid,Male,2022-01-29,0
10847,38.0,92800.0,14.5,2.0,2,40.2,33.1,2,4.2,4.8,12.2,Operations,Junior,Diploma,Full-Time,Hybrid,Male,2016-02-15,0
10848,56.0,49900.0,0.8,2.0,3,38.3,47.6,2,0.0,18.6,9.9,Finance,Mid,Diploma,Full-Time,Hybrid,Male,2024-10-10,0
10849,31.0,56500.0,5.1,3.0,2,50.0,18.8,8,1.1,11.1,10.7,Operations,Senior,Diploma,Full-Time,Hybrid,Male,2020-11-26,0
10850,32.0,33800.0,2.4,4.0,2,44.5,21.1,8,7.3,5.1,2.9,IT,Junior,High School,Full-Time,Hybrid,Female,2023-11-09,1
10851,31.0,48600.0,15.7,1.0,1,34.0,35.3,1,0.2,11.4,9.3,Marketing,Junior,Bachelor,Full-Time,Office,Male,2023-06-12,0
10852,32.0,73100.0,2.0,2.0,5,45.6,,2,11.4,8.5,15.8,IT,Lead,Bachelor,Full-Time,Office,Male,2018-02-24,0
10853,31.0,100800.0,16.4,1.0,5,38.9,38.8,3,10.2,8.8,6.2,Finance,Junior,Master,Part-Time,Hybrid,Male,2022-09-06,0
10854,46.0,38500.0,11.6,4.0,4,44.3,47.3,5,4.0,14.6,4.2,Marketing,Mid,Bachelor,Full-Time,Office,Male,2017-04-03,0
10855,47.0,51800.0,1.6,5.0,4,46.0,39.1,5,7.7,11.4,5.9,HR,Mid,Master,Full-Time,Remote,Male,2021-11-05,0
10856,31.0,56500.0,8.1,5.0,5,40.2,34.8,5,6.9,14.5,9.5,Sales,Junior,Master,Full-Time,Office,Female,2021-01-27,0
10857,29.0,34300.0,27.1,2.0,5,45.1,47.4,4,0.0,28.9,11.7,Operations,Junior,High School,Full-Time,Office,Female,2020-03-24,0
10858,40.0,76000.0,1.5,3.0,1,46.0,33.4,7,10.7,12.0,13.2,IT,Mid,Master,Full-Time,Hybrid,Male,2023-12-25,0
10859,32.0,44900.0,2.9,1.0,1,43.2,23.8,3,4.4,41.5,15.5,Operations,Senior,Diploma,Full-Time,Hybrid,Male,2022-09-10,0
10860,41.0,55500.0,3.7,2.0,5,40.4,52.3,6,2.2,18.5,10.8,Operations,Junior,Diploma,Full-Time,Office,Male,2021-07-14,0
10861,38.0,50100.0,1.7,3.0,3,44.0,5.0,5,12.1,6.7,15.6,Marketing,Senior,High School,Contract,Office,Female,2020-02-19,0
10862,24.0,43800.0,0.2,1.0,3,43.3,36.0,5,9.5,2.8,6.0,IT,Mid,Diploma,Full-Time,Hybrid,Male,2015-02-28,0
10863,48.0,59800.0,1.2,4.0,1,45.6,29.5,3,13.5,18.6,18.0,Marketing,Mid,Diploma,Full-Time,Hybrid,Male,2020-06-29,1
10864,50.0,55000.0,1.7,5.0,2,42.7,21.2,8,7.3,3.2,13.8,Sales,Senior,Bachelor,Full-Time,Hybrid,Male,2016-05-21,0
10865,31.0,51700.0,2.9,3.0,5,38.0,39.5,4,9.3,8.9,2.0,Operations,Junior,High School,Contract,Hybrid,Female,2024-02-22,0
10866,33.0,44800.0,0.9,1.0,4,43.2,41.9,10,12.8,13.3,12.5,Finance,Mid,Diploma,Full-Time,Hybrid,Male,2021-12-02,0
10867,38.0,68200.0,10.3,2.0,3,45.6,22.6,2,18.1,3.8,23.6,Finance,Mid,High School,Full-Time,Office,Male,2016-10-30,0
10868,39.0,116300.0,6.1,1.0,2,44.9,14.1,5,6.1,5.1,22.3,Marketing,Mid,High School,Full-Time,Office,Female,2024-10-28,0
10869,41.0,63500.0,0.4,2.0,3,43.4,15.4,2,9.5,3.8,11.9,Marketing,Mid,Diploma,Full-Time,Remote,Female,2023-03-12,0
10870,52.0,89400.0,5.3,5.0,2,41.6,62.2,2,11.4,33.9,15.0,Finance,Senior,Diploma,Full-Time,Office,Male,2023-05-30,0
10871,35.0,34400.0,5.3,5.0,5,41.3,63.9,8,11.4,13.4,6.4,HR,Senior,Master,Part-Time,Office,Female,2021-10-31,0
10872,30.0,63900.0,15.6,1.0,5,41.8,35.4,3,4.9,4.8,5.6,HR,Mid,High School,Full-Time,Hybrid,Male,2023-01-09,0
10873,25.0,38700.0,0.2,1.0,5,49.4,14.4,7,7.3,2.7,11.1,HR,Senior,High School,Full-Time,Hybrid,Male,2019-04-28,0
10874,30.0,33200.0,1.4,2.0,1,39.3,32.8,7,11.4,4.3,9.6,Sales,Lead,Diploma,Contract,Hybrid,Male,2019-05-21,0
10875,36.0,44600.0,13.1,2.0,2,44.5,5.0,3,9.1,5.2,12.7,Marketing,Mid,Master,Part-Time,Office,Male,2018-03-03,0
10876,50.0,96700.0,13.5,3.0,4,37.7,39.7,4,19.5,5.4,15.1,IT,Mid,Bachelor,Full-Time,Office,Male,2015-08-01,0
10877,32.0,87700.0,6.4,3.0,4,47.8,20.1,4,6.1,13.9,15.0,IT,Senior,Diploma,Full-Time,Hybrid,Male,2020-11-16,0
10878,38.0,66100.0,7.3,3.0,5,41.3,16.8,1,3.2,3.0,17.1,Marketing,Junior,Master,Full-Time,Office,Female,2024-02-25,0
10879,36.0,32500.0,0.5,1.0,4,39.9,49.7,7,10.9,17.1,14.5,Finance,Mid,High School,Full-Time,Hybrid,Male,2022-05-29,0
10880,46.0,55500.0,3.6,3.0,3,45.1,32.7,8,2.4,2.3,17.6,Marketing,Mid,High School,Full-Time,Hybrid,Female,2017-12-08,0
10881,56.0,67700.0,1.3,1.0,2,31.7,48.0,5,5.2,7.6,17.1,HR,Lead,Diploma,Full-Time,Remote,Female,2021-01-31,0
10882,32.0,64400.0,1.0,5.0,2,37.5,53.1,7,8.5,4.9,11.0,HR,Lead,Master,Full-Time,Remote,Male,2019-03-18,0
10883,32.0,28700.0,8.3,4.0,2,45.8,33.7,6,7.8,16.0,1.8,IT,Senior,Diploma,Full-Time,Remote,Male,2017-06-19,0
10884,44.0,42000.0,0.7,5.0,3,49.1,34.9,2,7.6,21.9,5.9,Marketing,Mid,High School,Full-Time,Office,Male,2017-03-15,0
10885,,58500.0,3.2,1.0,1,46.3,50.9,3,4.6,14.1,14.9,IT,Mid,Master,Full-Time,Remote,Male,2021-12-11,0
10886,51.0,74400.0,13.9,1.0,3,44.7,26.9,2,10.2,10.9,12.8,Finance,Mid,Master,Full-Time,Hybrid,Female,2017-10-26,0
10887,41.0,24900.0,1.0,4.0,2,56.1,52.3,3,21.0,6.6,22.2,Operations,Senior,High School,Full-Time,Remote,Male,2022-02-14,1
10888,33.0,56200.0,19.1,2.0,2,46.5,5.0,4,13.0,20.5,4.1,Operations,Senior,High School,Contract,Office,Male,2024-04-01,0
10889,41.0,63500.0,25.8,2.0,2,38.8,29.7,4,0.0,4.0,16.5,Operations,Senior,Bachelor,Full-Time,Office,Female,2024-09-08,0
10890,45.0,84300.0,4.1,2.0,4,49.1,37.8,2,5.6,10.9,11.9,Sales,Junior,Bachelor,Full-Time,Hybrid,Male,2016-06-11,0
10891,43.0,79200.0,0.9,3.0,1,40.8,16.9,6,11.2,17.1,8.0,Sales,Mid,High School,Full-Time,Remote,Male,2019-10-06,0
10892,40.0,75700.0,1.9,2.0,3,40.5,40.5,5,0.0,15.2,20.9,Finance,Mid,Master,Full-Time,Hybrid,Male,2016-12-28,0
10893,45.0,43600.0,2.8,3.0,2,37.1,37.6,4,0.0,11.6,6.5,HR,Junior,High School,Part-Time,Remote,Female,2020-10-21,0
10894,45.0,28000.0,1.9,3.0,5,41.9,24.0,8,3.7,11.4,13.7,HR,Mid,Diploma,Contract,Office,Male,2020-10-15,0
10895,47.0,51300.0,1.6,2.0,1,37.9,23.4,1,3.1,14.9,18.2,HR,Junior,High School,Contract,Office,Female,2016-08-15,0
10896,41.0,89600.0,17.9,2.0,5,46.8,21.9,2,17.8,7.3,7.8,IT,Lead,Master,Full-Time,Hybrid,Male,2019-04-15,0
10897,35.0,104800.0,0.8,4.0,1,43.4,11.5,4,10.1,21.7,2.8,Operations,Senior,Bachelor,Full-Time,Hybrid,Male,2020-09-05,0
10898,37.0,79700.0,6.6,4.0,2,37.2,59.2,1,7.1,33.8,15.1,IT,Mid,High School,Full-Time,Hybrid,Female,2024-07-29,0
10899,46.0,71200.0,0.2,3.0,1,43.6,31.8,6,6.1,2.2,17.7,Sales,Junior,Bachelor,Full-Time,Remote,Male,2022-03-08,0
10900,29.0,69800.0,4.5,4.0,1,49.0,14.7,3,10.7,6.1,9.5,HR,Mid,Diploma,Full-Time,Remote,Male,2016-03-09,0
10901,39.0,48000.0,12.4,3.0,2,52.1,33.2,2,9.2,3.7,4.1,HR,Junior,Master,Full-Time,Office,Male,2024-06-24,0
10902,33.0,57000.0,1.7,1.0,5,35.1,38.6,6,10.7,5.1,13.2,Operations,Mid,Bachelor,Full-Time,Remote,Female,2024-04-23,0
10903,36.0,117000.0,1.0,3.0,5,40.1,22.7,1,9.9,8.7,10.5,Finance,Senior,Diploma,Full-Time,Office,Female,2019-08-07,0
10904,46.0,41200.0,5.3,3.0,4,37.6,29.5,4,14.2,11.1,2.7,Sales,Junior,Master,Contract,Hybrid,Male,2020-10-04,0
10905,38.0,114500.0,6.2,4.0,5,45.8,54.6,3,8.2,7.1,14.9,Operations,Junior,Master,Full-Time,Office,Male,2015-09-24,1
10906,36.0,52700.0,5.8,1.0,5,37.0,17.5,6,12.7,12.5,8.4,IT,Junior,Bachelor,Full-Time,Office,Female,2024-06-26,0
10907,25.0,102000.0,1.9,5.0,1,49.3,26.3,3,10.1,4.8,15.1,Sales,Senior,Bachelor,Full-Time,Hybrid,Male,2022-09-17,0
10908,42.0,34200.0,1.5,5.0,4,50.0,5.0,9,9.2,6.0,23.5,Operations,Senior,Bachelor,Full-Time,Office,Female,2019-04-20,0
10909,41.0,75800.0,15.6,5.0,2,48.1,62.3,5,5.6,12.6,11.8,HR,Senior,Master,Full-Time,Office,Male,2018-04-17,0
10910,53.0,44700.0,12.8,1.0,2,40.4,44.9,5,7.6,6.3,12.4,HR,Mid,Master,Full-Time,Hybrid,Female,2019-05-26,0
10911,34.0,34100.0,3.1,2.0,3,40.7,34.3,7,7.7,3.2,12.6,IT,Junior,Master,Full-Time,Hybrid,Male,2022-02-09,0
10912,38.0,65500.0,9.4,1.0,4,41.7,24.2,5,14.5,38.2,11.5,IT,Senior,Bachelor,Part-Time,Office,Female,2020-11-18,0
10913,38.0,89800.0,3.0,4.0,1,49.5,23.5,5,9.4,15.4,6.2,Sales,Junior,Bachelor,Full-Time,Office,Male,2024-09-09,0
10914,49.0,42800.0,2.8,3.0,3,35.5,31.0,4,2.6,9.0,13.5,Marketing,Mid,Diploma,Full-Time,Office,Male,2022-05-16,0
10915,35.0,32900.0,0.9,3.0,3,45.9,42.4,4,0.0,14.9,9.2,HR,Mid,High School,Full-Time,Office,Female,2023-12-20,0
10916,38.0,57800.0,2.8,4.0,2,39.3,19.0,4,1.2,10.7,9.8,HR,Mid,Diploma,Full-Time,Office,Female,2018-07-24,0
10917,41.0,57900.0,3.9,4.0,5,41.9,28.1,2,3.9,2.6,8.3,Marketing,Mid,High School,Contract,Office,Male,2016-04-12,0
10918,37.0,74700.0,0.2,3.0,1,47.7,47.9,1,10.8,8.9,14.3,Sales,Senior,Diploma,Part-Time,Remote,Male,2019-03-21,0
10919,32.0,87700.0,2.9,2.0,4,36.4,59.1,3,4.3,4.8,8.1,Finance,Junior,Bachelor,Full-Time,Office,Female,2020-09-01,0
10920,38.0,58600.0,7.6,2.0,3,42.6,43.2,1,15.4,8.7,13.9,Finance,Senior,Master,Full-Time,Office,Male,2016-11-27,0
10921,45.0,126000.0,5.7,2.0,1,43.4,25.1,8,0.6,10.6,14.5,HR,Senior,High School,Full-Time,Hybrid,Male,2015-11-23,0
10922,28.0,65600.0,5.0,4.0,2,43.8,32.7,4,12.0,15.6,12.3,Finance,Mid,Master,Full-Time,Office,Male,2022-03-09,0
10923,37.0,52200.0,12.0,3.0,3,43.5,41.2,2,0.0,4.0,5.0,Sales,Junior,High School,Part-Time,Office,Female,2023-02-16,1
10924,30.0,31500.0,0.2,3.0,3,46.8,30.6,6,1.3,4.1,9.0,Finance,Mid,Master,Full-Time,Hybrid,Female,2016-10-20,0
10925,46.0,54000.0,4.1,3.0,2,41.7,45.7,4,2.0,5.7,11.6,IT,Senior,Diploma,Full-Time,Hybrid,Female,2019-11-29,0
10926,24.0,52400.0,7.7,1.0,2,45.8,24.0,5,2.0,22.3,5.4,Sales,Junior,Master,Full-Time,Office,Female,2020-05-15,0
10927,32.0,88100.0,3.9,1.0,2,45.6,59.2,1,4.2,6.2,13.6,Marketing,Senior,High School,Full-Time,Hybrid,Female,2016-06-20,0
10928,39.0,72200.0,2.0,5.0,1,45.4,33.7,1,12.7,11.6,19.2,HR,Senior,Bachelor,Part-Time,Office,Male,2021-08-24,0
10929,49.0,37400.0,0.7,1.0,1,46.6,25.5,3,12.3,7.7,14.5,Sales,Lead,High School,Part-Time,Office,Male,2020-05-21,0
10930,35.0,64300.0,10.9,2.0,1,45.4,43.9,3,2.0,6.1,5.8,Finance,Senior,Master,Part-Time,Office,Male,2020-07-19,0
10931,32.0,78500.0,3.2,2.0,5,43.6,20.3,4,6.8,8.8,24.1,Sales,Junior,Diploma,Full-Time,Remote,Female,2017-04-29,0
10932,51.0,110600.0,10.5,2.0,3,37.7,37.2,6,10.7,13.9,9.4,Operations,Mid,High School,Full-Time,Hybrid,Male,2020-12-13,0
10933,24.0,85600.0,4.4,2.0,1,50.8,56.0,7,6.9,12.8,13.3,Marketing,Junior,Diploma,Full-Time,Remote,Female,2019-08-22,0
10934,21.0,81300.0,5.6,5.0,5,52.5,16.8,8,17.5,3.4,8.6,Operations,Junior,Bachelor,Full-Time,Office,Male,2016-03-17,0
10935,40.0,61500.0,8.2,2.0,3,42.2,52.9,4,10.3,10.1,13.1,Sales,Senior,Diploma,Full-Time,Hybrid,Male,2017-04-08,0
10936,32.0,70100.0,5.4,4.0,1,46.3,15.6,4,2.8,25.0,18.9,Marketing,Lead,Diploma,Full-Time,Office,Male,2020-09-22,0
10937,28.0,98900.0,2.5,4.0,2,41.3,47.3,4,3.4,9.9,6.6,Marketing,Lead,High School,Full-Time,Remote,Female,2022-06-01,0
10938,42.0,35200.0,3.6,4.0,4,40.4,20.8,7,2.2,17.7,9.7,Sales,Junior,Diploma,Full-Time,Office,Female,2018-10-14,0
10939,38.0,52200.0,8.1,1.0,1,44.3,52.9,2,3.8,27.1,12.8,HR,Junior,Diploma,Full-Time,Office,Male,2015-07-18,0
10940,31.0,44000.0,2.3,3.0,4,58.0,26.4,2,8.1,9.0,3.4,HR,Mid,Diploma,Full-Time,Office,Female,2019-08-04,1
10941,26.0,69800.0,2.5,5.0,1,52.0,29.7,3,6.6,7.7,16.1,Finance,Junior,Master,Full-Time,Office,Female,2019-10-14,0
10942,43.0,98100.0,0.5,4.0,2,51.2,20.9,7,5.2,10.8,8.4,Operations,Junior,,Full-Time,Hybrid,Male,2016-10-14,0
10943,41.0,47300.0,12.3,4.0,4,46.6,5.0,5,11.5,19.7,12.2,Sales,Senior,Diploma,Full-Time,Office,Female,2015-11-04,0
10944,35.0,23100.0,0.5,2.0,5,39.4,17.9,9,10.1,7.2,6.5,Operations,Senior,Diploma,Full-Time,Hybrid,Female,2024-05-21,0
10945,51.0,50900.0,5.2,4.0,2,49.2,9.7,4,0.0,3.6,6.3,Operations,Senior,High School,Contract,Hybrid,Male,2023-08-27,0
10946,27.0,86500.0,2.7,2.0,4,30.0,5.0,2,0.4,10.3,11.9,Sales,Mid,High School,Full-Time,Hybrid,Female,2023-11-20,0
10947,24.0,74400.0,2.6,2.0,4,46.0,39.4,1,2.1,15.3,19.8,IT,Mid,Diploma,Contract,Remote,Male,2024-05-29,0
10948,30.0,71200.0,5.7,3.0,2,49.5,57.9,6,3.2,10.6,7.2,HR,Senior,Diploma,Full-Time,Office,Male,2016-04-18,0
10949,36.0,53600.0,0.3,1.0,2,44.8,62.0,1,4.2,10.9,16.6,Marketing,Junior,Master,Full-Time,Office,Female,2021-04-02,0
10950,38.0,36000.0,4.5,2.0,2,52.3,17.6,5,5.6,7.8,18.6,IT,Senior,Diploma,Full-Time,Office,Male,2021-03-22,1
10951,34.0,73700.0,7.4,2.0,3,36.9,33.4,6,10.1,6.8,16.9,Sales,Junior,Bachelor,Full-Time,Office,Male,2015-12-26,0
10952,39.0,43000.0,8.8,3.0,5,52.0,52.5,3,1.3,19.5,11.1,IT,Senior,Diploma,Full-Time,Hybrid,Male,2021-10-07,0
10953,26.0,143700.0,0.9,2.0,1,43.2,15.3,3,3.4,2.3,13.2,HR,Senior,High School,Full-Time,Hybrid,Female,2017-10-11,0
10954,48.0,75400.0,11.4,5.0,4,51.3,53.1,8,0.0,8.5,19.6,Sales,Mid,High School,Full-Time,Hybrid,Male,2023-07-23,0
10955,35.0,47600.0,5.3,1.0,1,49.1,53.3,2,2.5,4.0,16.7,Operations,Senior,Diploma,Contract,Hybrid,Male,2016-10-28,0
10956,45.0,47000.0,10.7,5.0,2,51.6,5.8,4,6.8,7.8,12.1,Operations,Junior,High School,Contract,Remote,Female,2021-07-10,0
10957,39.0,57800.0,3.3,4.0,5,48.9,5.0,3,2.6,9.6,6.1,HR,Mid,Master,Full-Time,Office,Male,2017-06-17,0
10958,40.0,54500.0,3.9,1.0,5,47.5,29.0,5,1.8,11.4,21.2,IT,Senior,High School,Full-Time,Office,Male,2022-04-06,0
10959,41.0,93800.0,12.6,4.0,3,50.8,49.1,3,4.9,8.8,12.6,Finance,Senior,Bachelor,Part-Time,Remote,Female,2020-11-12,0
10960,40.0,64600.0,11.5,2.0,2,44.3,12.2,4,9.4,21.2,9.3,Marketing,Lead,Diploma,Full-Time,Office,Male,2015-11-11,0
10961,41.0,44800.0,3.0,3.0,4,47.0,5.0,6,2.5,8.6,14.6,Marketing,Junior,High School,Contract,Hybrid,Female,2016-05-02,0
10962,47.0,127800.0,1.6,5.0,3,44.0,36.0,3,14.1,3.8,1.5,Finance,Mid,High School,Part-Time,Hybrid,Male,2018-10-30,0
10963,38.0,61200.0,2.5,4.0,2,40.6,44.5,2,2.9,16.5,15.5,Finance,Senior,Diploma,Full-Time,Remote,Female,2023-01-14,0
10964,42.0,81600.0,2.5,2.0,3,46.6,24.8,7,5.5,10.1,15.0,Finance,Mid,High School,Full-Time,Office,Male,2017-11-07,0
10965,35.0,47000.0,1.7,5.0,1,45.0,26.0,4,14.9,4.1,13.8,HR,Senior,Bachelor,Full-Time,Remote,Female,2022-06-04,0
10966,48.0,69400.0,1.6,5.0,2,50.3,44.4,4,11.4,13.3,16.7,Sales,Mid,Diploma,Contract,Office,Female,2022-11-16,0
10967,31.0,68000.0,9.9,4.0,4,43.0,22.0,7,7.2,5.4,13.4,Finance,Senior,High School,Full-Time,Office,Female,2022-05-08,0
10968,50.0,28200.0,0.4,2.0,4,40.2,23.1,3,10.2,15.4,15.0,HR,Senior,Master,Full-Time,Office,Male,2023-01-12,0
10969,36.0,134400.0,5.7,3.0,2,50.2,39.2,0,0.4,3.3,15.4,Operations,Senior,Master,Full-Time,Office,Female,2023-03-20,0
10970,25.0,100500.0,0.9,4.0,3,44.3,40.8,2,18.8,7.3,17.2,IT,Senior,Diploma,Contract,Remote,Female,2016-11-17,1
10971,37.0,51200.0,2.1,5.0,5,40.0,31.6,2,0.7,10.8,10.4,IT,Junior,High School,Full-Time,Hybrid,Male,2020-06-14,0
10972,31.0,38600.0,0.3,5.0,2,50.9,57.3,6,9.3,3.8,14.2,Finance,Mid,Master,Full-Time,Hybrid,Male,2021-03-18,0
10973,43.0,68900.0,1.6,1.0,4,48.6,46.2,6,14.7,11.5,9.7,IT,Junior,Bachelor,Full-Time,Office,Female,2023-01-06,0
10974,31.0,62100.0,7.3,2.0,1,53.2,29.7,6,9.6,16.5,13.6,Finance,Junior,High School,Full-Time,Hybrid,Male,2018-12-15,1
10975,32.0,69200.0,10.8,1.0,4,42.3,15.6,4,7.7,6.9,11.9,IT,Mid,Bachelor,Full-Time,Office,Female,2015-02-06,0
10976,21.0,64800.0,1.3,3.0,5,41.6,49.9,4,14.8,10.5,7.5,IT,Lead,Master,Full-Time,Office,Female,2024-04-23,0
10977,32.0,73500.0,3.1,4.0,4,38.6,50.4,7,11.7,4.6,14.8,Sales,Mid,Diploma,Contract,Hybrid,Female,2020-05-18,0
10978,21.0,107000.0,3.2,5.0,5,41.2,33.5,3,5.1,59.3,3.1,Sales,Senior,Bachelor,Full-Time,Hybrid,Female,2023-10-20,0
10979,23.0,75300.0,10.3,2.0,2,42.1,39.2,9,17.3,8.0,6.5,IT,Lead,Master,Full-Time,Hybrid,Female,2019-11-03,0
10980,42.0,39400.0,7.2,5.0,4,47.4,45.5,6,3.5,10.1,15.6,Sales,Junior,Diploma,Part-Time,Hybrid,Male,2023-04-08,0
10981,42.0,103500.0,3.6,1.0,3,39.4,59.0,10,17.8,6.6,8.7,Finance,Junior,High School,Full-Time,Hybrid,Female,2024-06-05,0
10982,39.0,115700.0,5.6,1.0,3,40.7,48.3,3,11.6,5.0,14.7,Marketing,Junior,Master,Full-Time,Office,Male,2019-02-21,0
10983,28.0,211700.0,9.4,4.0,4,52.5,41.7,9,5.6,15.7,23.5,Finance,Mid,Master,Full-Time,Remote,Female,2024-03-28,0
10984,36.0,38300.0,0.2,2.0,4,30.0,48.9,4,1.9,1.5,1.6,Sales,Junior,High School,Contract,Remote,Female,2024-12-09,0
10985,36.0,66100.0,2.6,2.0,1,46.4,52.3,2,9.0,2.2,13.5,HR,Senior,High School,Full-Time,Hybrid,Female,2017-10-20,0
10986,27.0,26100.0,11.9,4.0,4,37.5,39.1,4,4.3,10.0,21.2,IT,Junior,High School,Full-Time,Office,Female,2020-05-04,0
10987,48.0,74900.0,6.7,1.0,1,40.0,48.8,5,8.6,6.2,13.2,Sales,Junior,Diploma,Full-Time,Hybrid,Male,2021-03-02,0
10988,43.0,48200.0,3.9,1.0,1,51.1,24.9,7,12.6,14.5,12.0,Operations,Mid,Diploma,Part-Time,Office,Female,2021-05-07,1
10989,34.0,129500.0,3.8,1.0,1,44.4,50.5,1,13.3,5.6,10.0,Operations,Mid,High School,Part-Time,Hybrid,Male,2021-02-07,0
10990,36.0,44000.0,2.1,5.0,1,57.3,25.0,7,16.3,2.5,8.0,Sales,Senior,Diploma,Full-Time,Office,Male,2019-09-29,1
10991,38.0,30500.0,3.7,3.0,2,47.1,19.9,4,1.8,7.6,1.7,Sales,Lead,Master,Full-Time,Office,Male,2020-01-08,0
10992,21.0,49700.0,5.3,1.0,3,39.9,33.1,6,9.4,6.6,9.6,Operations,Senior,Diploma,Full-Time,Remote,Female,2016-09-22,0
10993,34.0,27200.0,2.7,3.0,1,46.8,14.9,5,0.0,3.7,12.3,Finance,Junior,Master,Full-Time,Hybrid,Male,2022-03-06,0
10994,31.0,81000.0,6.3,3.0,3,49.6,26.1,2,8.0,13.9,12.8,IT,Mid,Master,Contract,Hybrid,Male,2021-05-17,1
10995,28.0,26300.0,9.9,2.0,1,46.6,40.7,3,0.0,10.3,16.6,Marketing,Mid,Diploma,Full-Time,Hybrid,Female,2023-06-11,0
10996,34.0,60700.0,0.8,4.0,3,42.9,39.2,3,20.7,4.0,16.4,Operations,Junior,High School,Full-Time,Office,Female,2020-07-25,0
10997,50.0,26100.0,3.0,5.0,4,35.5,44.6,5,15.8,2.7,13.1,Operations,Mid,Bachelor,Contract,Office,Female,2024-02-19,0
10998,41.0,52800.0,2.6,3.0,4,42.4,44.8,8,0.0,10.3,13.6,Operations,Mid,Bachelor,Contract,Hybrid,Female,2022-05-08,0
10999,31.0,115800.0,5.8,5.0,3,52.3,40.6,7,4.2,4.1,11.7,Sales,Mid,Diploma,Full-Time,Hybrid,Female,2022-12-15,0
11000,41.0,69300.0,1.4,2.0,1,40.0,22.2,4,12.3,4.1,8.2,HR,Junior,Master,Part-Time,Office,Female,2021-05-29,0
11001,47.0,42500.0,5.1,1.0,2,41.9,48.8,4,9.4,7.4,16.7,Operations,Lead,Bachelor,Full-Time,Office,Male,2020-12-24,0
11002,43.0,59300.0,10.5,3.0,3,49.0,33.4,2,8.1,8.3,11.2,IT,Senior,Master,Full-Time,Hybrid,Male,2015-07-16,0
11003,36.0,60400.0,2.7,4.0,5,47.1,38.6,2,9.5,11.4,13.3,Marketing,Junior,Master,Full-Time,Remote,Male,2019-09-15,0
11004,31.0,72500.0,12.1,2.0,2,37.5,36.6,2,13.1,16.8,24.9,Operations,Lead,Master,Full-Time,Remote,Female,2020-01-12,0
11005,42.0,34700.0,24.9,5.0,5,43.5,58.6,6,20.1,5.8,16.6,HR,Lead,Master,Full-Time,Hybrid,Male,2016-03-30,0
11006,39.0,76000.0,0.6,1.0,3,51.0,17.1,7,1.2,12.1,11.0,Operations,Senior,Bachelor,Full-Time,Remote,Male,2018-01-23,0
11007,43.0,20300.0,1.3,5.0,1,44.1,29.9,3,6.8,7.1,4.4,Marketing,Senior,Diploma,Full-Time,Office,Female,2024-01-21,0
11008,41.0,46600.0,15.0,4.0,5,51.2,43.0,3,0.0,18.2,17.6,Marketing,Mid,Diploma,Full-Time,Office,Female,2022-04-14,0
11009,44.0,49400.0,15.9,3.0,3,51.4,35.3,4,7.7,4.4,0.0,Operations,Mid,Master,Full-Time,Office,Female,2015-01-07,0
11010,32.0,77300.0,0.5,4.0,2,39.4,27.7,6,17.8,11.5,9.9,IT,Mid,Master,Contract,Remote,Female,2021-09-02,0
11011,47.0,60500.0,0.2,5.0,1,42.5,6.2,3,10.8,4.5,2.6,Finance,Lead,Diploma,Contract,Remote,Male,2020-05-25,0
11012,38.0,34200.0,0.9,5.0,5,47.3,30.7,6,12.6,4.2,9.6,HR,Senior,High School,Full-Time,Office,Female,2023-10-02,0
11013,53.0,40500.0,27.6,4.0,3,36.3,40.4,7,9.1,5.8,9.5,Operations,Junior,Master,Full-Time,Hybrid,Male,2023-12-25,0
11014,30.0,65000.0,1.0,4.0,1,42.9,43.2,2,3.7,1.8,12.7,Sales,Mid,Bachelor,Contract,Office,Male,2016-11-07,0
11015,50.0,58100.0,3.5,4.0,1,46.7,32.5,3,0.0,16.0,11.0,Marketing,Mid,Bachelor,Full-Time,Hybrid,Male,2020-01-26,0
11016,38.0,47600.0,9.4,1.0,4,40.9,37.7,3,16.7,4.3,16.7,HR,Senior,Master,Contract,Office,Female,2018-08-08,0
11017,31.0,49500.0,0.2,5.0,1,46.9,17.8,0,5.3,5.8,15.2,IT,Junior,Master,Full-Time,Remote,Male,2017-09-13,0
11018,32.0,79300.0,4.6,,3,41.0,40.8,4,6.9,4.1,16.2,HR,Senior,Diploma,Full-Time,Office,Male,2016-05-27,0
11019,33.0,48800.0,1.6,1.0,2,40.9,35.1,3,0.0,15.6,4.9,Sales,Mid,High School,Full-Time,Hybrid,Male,2019-03-10,0
11020,39.0,57900.0,9.9,1.0,4,47.7,37.5,8,4.1,9.6,11.3,Sales,Junior,Diploma,Full-Time,Office,Female,2016-12-18,0
11021,40.0,142900.0,1.7,1.0,3,50.8,31.7,6,8.8,11.8,15.1,IT,Senior,High School,Full-Time,Office,Male,2021-12-23,1
11022,31.0,33900.0,5.8,2.0,3,40.4,38.2,1,10.0,9.0,12.4,HR,Mid,Bachelor,Part-Time,Hybrid,Male,2021-10-27,0
11023,36.0,28600.0,5.6,4.0,3,37.9,44.5,7,17.7,9.0,9.1,Operations,Senior,Diploma,Contract,Hybrid,Female,2016-04-20,0
11024,53.0,82100.0,1.3,5.0,5,43.8,38.8,9,6.5,10.1,8.2,Finance,Junior,Diploma,Full-Time,Office,Male,2022-10-27,0
11025,50.0,45700.0,0.2,3.0,5,46.3,7.7,2,7.4,15.5,21.3,Finance,Lead,Master,Part-Time,Hybrid,Male,2024-08-21,0
11026,39.0,52800.0,2.6,3.0,2,40.4,39.1,6,17.1,3.6,14.4,Operations,Senior,Master,Contract,Hybrid,Male,2017-06-22,0
11027,36.0,43900.0,1.7,5.0,3,52.3,29.2,1,15.0,5.4,1.5,Marketing,Junior,Bachelor,Full-Time,Office,Female,2017-10-01,0
11028,37.0,54100.0,8.3,2.0,5,43.3,24.4,2,0.0,3.8,5.7,Operations,Senior,High School,Full-Time,Hybrid,Male,2015-02-10,0
11029,41.0,113700.0,8.1,3.0,5,40.4,55.2,2,16.7,12.2,1.5,Marketing,Junior,High School,Full-Time,Hybrid,Female,2021-08-23,0
11030,28.0,82700.0,3.1,1.0,5,53.7,21.0,4,0.0,10.9,5.0,HR,Senior,Bachelor,Full-Time,Office,Female,2020-03-13,0
11031,34.0,84700.0,4.7,3.0,2,50.3,22.7,2,10.8,13.2,6.1,Operations,Junior,High School,Full-Time,Hybrid,Female,2020-05-09,0
11032,23.0,34100.0,4.6,5.0,2,40.4,5.0,4,12.5,1.3,18.1,Marketing,Mid,Master,Full-Time,Hybrid,Female,2020-11-10,0
11033,39.0,37900.0,8.8,1.0,3,49.3,56.6,5,9.1,5.9,14.7,Sales,Lead,Bachelor,Full-Time,Remote,Male,2023-09-11,0
11034,41.0,20000.0,2.8,3.0,4,40.7,48.4,5,5.7,1.5,7.7,IT,Junior,Master,Full-Time,Office,Female,2021-08-09,0
11035,32.0,43400.0,1.6,5.0,3,47.8,30.0,5,5.3,31.4,8.0,Marketing,Mid,Bachelor,Full-Time,Hybrid,Male,2018-06-18,0
11036,49.0,,1.5,2.0,5,52.9,44.2,4,0.0,8.7,9.0,Operations,Junior,Bachelor,Full-Time,Hybrid,Female,2024-02-14,0
11037,26.0,73800.0,3.8,5.0,5,38.0,5.0,5,8.9,4.5,7.5,Finance,Senior,High School,Full-Time,Office,Female,2023-11-16,0
11038,24.0,54900.0,3.0,2.0,1,41.3,42.1,3,8.2,7.3,10.6,Operations,Junior,Diploma,Part-Time,Hybrid,Male,2015-09-15,0
11039,38.0,59500.0,2.9,,3,41.4,22.1,2,17.0,7.9,7.8,Sales,Mid,Bachelor,Full-Time,Office,Female,2024-02-04,0
11040,44.0,45500.0,0.5,5.0,5,45.3,60.1,3,6.4,31.9,10.8,Finance,Mid,High School,Part-Time,Office,Female,2017-09-16,0
11041,49.0,65100.0,6.3,4.0,5,46.4,40.5,8,4.8,7.0,5.4,Marketing,Junior,Bachelor,Part-Time,Hybrid,Male,2020-01-13,0
11042,32.0,81500.0,1.2,4.0,4,43.6,37.0,8,4.9,9.1,11.7,Operations,Lead,High School,Contract,Office,Male,2017-07-04,0
11043,45.0,31400.0,1.1,4.0,1,35.6,22.7,5,3.0,5.3,13.1,Marketing,Lead,Bachelor,Full-Time,Office,Female,2015-01-30,0
11044,36.0,67600.0,2.7,4.0,3,37.8,22.8,3,5.3,35.0,6.8,Sales,Senior,High School,Contract,Office,Female,2018-01-10,0
11045,35.0,87100.0,1.3,4.0,2,39.6,43.9,8,1.8,24.0,8.4,Finance,Junior,Bachelor,Full-Time,Office,Female,2021-05-22,0
11046,43.0,50800.0,4.4,2.0,3,46.8,22.5,5,11.7,2.0,11.1,IT,Junior,Bachelor,Full-Time,Hybrid,Male,2020-03-16,0
11047,41.0,79400.0,2.3,5.0,3,37.0,22.0,5,10.4,14.5,16.3,IT,Mid,Bachelor,Full-Time,Remote,Female,2015-12-21,0
11048,23.0,185000.0,3.0,1.0,4,39.4,56.1,5,0.0,10.9,17.7,Sales,Lead,High School,Full-Time,Office,Male,2024-02-11,0
11049,48.0,57500.0,3.9,4.0,3,38.3,39.3,2,8.6,4.6,11.5,Operations,Mid,Diploma,Full-Time,Hybrid,Female,2018-08-30,0
11050,47.0,70200.0,1.1,4.0,4,45.7,18.6,6,14.7,4.0,13.4,Marketing,Mid,Bachelor,Full-Time,Office,Male,2020-02-02,0
11051,31.0,44700.0,0.8,1.0,4,49.7,43.3,5,14.3,1.9,11.3,Operations,Senior,High School,Full-Time,Office,Male,2016-06-18,1
11052,39.0,64500.0,10.6,1.0,5,44.8,30.8,2,1.8,12.5,18.1,Sales,Junior,Master,Part-Time,Remote,Female,2023-05-25,0
11053,40.0,72100.0,2.8,4.0,2,54.0,8.5,2,16.0,3.1,20.3,Finance,Senior,High School,Full-Time,Hybrid,Female,2017-07-29,0
11054,38.0,64900.0,2.7,2.0,4,44.8,27.5,5,4.8,9.9,16.1,IT,Lead,High School,Full-Time,Office,Male,2024-01-17,0
11055,32.0,,0.2,1.0,1,43.5,19.3,4,8.1,3.7,14.2,Marketing,Lead,Diploma,Full-Time,Hybrid,Male,2018-11-30,0
11056,31.0,65200.0,3.4,5.0,1,40.1,38.8,2,5.9,3.5,14.2,Finance,Junior,Master,Full-Time,Office,Female,2021-06-10,0
11057,36.0,107700.0,4.0,5.0,2,45.0,25.2,5,0.8,8.3,12.7,IT,Mid,Master,Full-Time,Remote,Male,2021-08-19,0
11058,45.0,71800.0,4.1,2.0,4,39.9,36.4,2,3.3,19.2,8.2,IT,Mid,Diploma,Part-Time,Office,Female,2015-09-10,0
11059,40.0,88200.0,6.1,3.0,2,39.1,45.0,2,15.5,4.7,9.3,HR,Junior,Diploma,Contract,Hybrid,Female,2020-05-21,0
11060,33.0,54600.0,1.0,2.0,5,39.0,70.4,8,15.6,7.7,13.3,Marketing,Mid,Bachelor,Full-Time,Office,Male,2019-05-18,0
11061,42.0,81000.0,1.5,,1,42.9,64.7,1,12.1,8.6,9.5,Sales,Mid,Bachelor,Contract,Hybrid,Female,2017-03-26,0
11062,21.0,67100.0,8.3,3.0,3,41.5,38.3,0,6.6,7.6,5.2,HR,Mid,High School,Full-Time,Remote,Female,2023-07-13,0
11063,45.0,41000.0,14.7,4.0,1,57.3,34.2,7,18.8,9.9,11.0,IT,Mid,High School,Full-Time,Office,Male,2024-12-13,1
11064,22.0,68200.0,0.7,,4,45.0,26.1,5,13.9,8.1,4.0,Marketing,Junior,Bachelor,Full-Time,Office,Female,2023-12-06,0
11065,33.0,40400.0,3.4,1.0,2,45.0,10.4,6,7.3,2.4,21.5,Marketing,Lead,Master,Part-Time,Hybrid,Male,2022-08-31,0
11066,27.0,46600.0,1.2,4.0,1,41.2,5.0,2,0.0,19.9,9.2,HR,Senior,High School,Full-Time,Office,Male,2017-06-11,0
11067,26.0,64700.0,0.3,5.0,3,59.3,22.4,1,13.2,10.5,11.9,Finance,Senior,High School,Full-Time,Hybrid,Female,2022-02-13,1
11068,45.0,67600.0,2.0,2.0,3,39.4,59.6,5,15.4,6.9,18.0,Finance,Junior,Diploma,Full-Time,Hybrid,Female,2024-09-05,0
11069,32.0,37300.0,0.8,4.0,2,41.6,59.0,4,10.6,4.0,24.3,Sales,Mid,Bachelor,Full-Time,Office,Male,2016-10-28,0
11070,39.0,91500.0,6.2,5.0,2,49.0,36.1,4,0.0,6.2,11.0,Marketing,Junior,Diploma,Full-Time,Hybrid,Male,2016-04-24,0
11071,36.0,75400.0,3.8,1.0,1,45.0,42.0,6,9.2,14.8,8.0,Operations,Senior,High School,Full-Time,Office,Female,2022-04-11,0
11072,40.0,45300.0,0.8,4.0,4,37.6,25.9,4,21.1,3.2,15.2,HR,Mid,Bachelor,Full-Time,Remote,Female,2020-10-05,0
11073,37.0,32400.0,0.2,5.0,5,44.1,34.5,5,7.1,4.4,11.8,IT,Senior,Master,Full-Time,Office,Male,2023-11-16,0
11074,26.0,56600.0,8.3,4.0,3,47.4,23.4,3,19.8,7.5,11.3,Finance,Junior,Master,Full-Time,Hybrid,Female,2017-02-18,1
11075,44.0,50200.0,1.0,1.0,2,46.6,23.3,2,12.2,2.6,13.0,HR,Junior,Diploma,Full-Time,Office,Female,2019-01-29,0
11076,32.0,62800.0,4.7,4.0,5,47.3,44.2,1,8.3,4.1,14.2,Sales,Lead,Bachelor,Full-Time,Hybrid,Female,2017-04-29,0
11077,24.0,51900.0,2.1,4.0,5,54.9,25.9,5,16.4,6.6,22.1,Sales,Lead,High School,Contract,Office,Female,2016-07-25,0
11078,33.0,26900.0,4.4,5.0,5,45.4,42.4,3,4.4,1.4,5.3,Operations,Mid,Master,Full-Time,Office,Female,2022-03-08,0
11079,48.0,51400.0,1.9,3.0,4,48.0,32.8,1,0.6,6.8,21.7,Marketing,Junior,Master,Full-Time,Office,Female,2017-02-10,0
11080,43.0,53100.0,0.5,4.0,2,31.9,56.3,3,0.7,3.2,10.9,Sales,Mid,Master,Full-Time,Hybrid,Female,2019-02-14,0
11081,33.0,77300.0,1.3,3.0,3,53.3,43.3,5,9.2,18.3,16.5,Sales,Mid,High School,Full-Time,Hybrid,Male,2024-07-26,1
11082,33.0,45400.0,1.0,2.0,2,44.3,38.7,8,10.7,5.4,12.8,Operations,Senior,High School,Full-Time,Office,Male,2024-07-06,0
11083,33.0,117400.0,2.8,4.0,1,39.7,13.5,2,3.9,13.4,12.1,Operations,Senior,Master,Full-Time,Remote,Male,2020-03-13,0
11084,53.0,27900.0,5.4,3.0,3,43.0,27.6,5,15.3,10.5,13.0,Finance,Junior,Bachelor,Full-Time,Office,Female,2023-03-08,0
11085,39.0,101400.0,1.5,2.0,2,47.3,34.2,5,8.5,4.6,8.0,Finance,Senior,Bachelor,Full-Time,Hybrid,Male,2017-12-20,0
11086,39.0,54900.0,0.2,5.0,3,49.2,35.8,2,13.0,10.2,20.0,Sales,Junior,Diploma,Contract,Hybrid,Female,2015-09-01,0
11087,44.0,84600.0,3.7,4.0,1,43.5,44.9,8,3.9,26.3,14.8,Operations,Junior,Bachelor,Full-Time,Office,Female,2021-09-28,0
11088,38.0,61900.0,4.7,5.0,3,47.0,38.1,2,6.9,8.3,13.9,Marketing,Mid,Diploma,Full-Time,Office,Female,2023-11-23,0
11089,34.0,94600.0,16.5,2.0,5,42.7,19.5,3,0.0,6.2,10.5,Finance,Junior,Diploma,Full-Time,Hybrid,Male,2022-06-11,0
11090,34.0,51400.0,4.5,5.0,4,46.5,43.9,2,6.3,10.4,5.1,Finance,Senior,Master,Full-Time,Office,Male,2022-02-14,0
11091,35.0,38700.0,3.2,5.0,1,45.0,28.1,4,9.4,11.2,15.4,Operations,Mid,Diploma,Part-Time,Hybrid,Male,2023-03-11,0
11092,36.0,105900.0,4.3,1.0,3,45.5,25.3,3,4.6,6.2,15.7,Sales,Mid,Bachelor,Contract,Remote,Female,2023-06-19,0
11093,42.0,57300.0,13.1,2.0,1,42.4,18.5,8,7.6,1.0,15.0,Marketing,Mid,Bachelor,Full-Time,Office,Male,2018-02-09,0
11094,36.0,65600.0,8.8,5.0,5,46.0,29.7,3,9.4,4.3,12.5,Sales,Lead,Bachelor,Full-Time,Office,Female,2016-12-24,0
11095,42.0,98300.0,2.0,3.0,4,39.9,26.6,5,4.8,3.2,10.9,IT,Lead,Master,Contract,Office,Female,2022-04-09,0
11096,35.0,39700.0,1.4,2.0,1,45.0,52.4,4,6.4,7.9,18.2,IT,Senior,Diploma,Full-Time,Hybrid,Female,2024-11-12,0
11097,37.0,76100.0,1.5,1.0,5,40.8,31.0,3,3.6,18.2,14.4,Operations,Mid,High School,Full-Time,Office,Male,2017-11-05,0
11098,21.0,47400.0,3.5,4.0,5,39.0,43.0,0,2.4,11.3,13.4,Marketing,Junior,Diploma,Full-Time,Remote,Female,2021-12-29,0
11099,43.0,56900.0,6.8,5.0,5,40.5,8.0,4,15.4,5.6,4.7,IT,Mid,Diploma,Full-Time,Hybrid,Female,2023-07-26,0
11100,39.0,61800.0,3.5,3.0,3,43.0,46.2,5,0.0,9.6,2.8,Operations,Mid,Master,Full-Time,Remote,Female,2024-02-29,0
11101,44.0,32900.0,0.4,1.0,2,41.4,44.6,6,13.1,7.9,23.6,Marketing,Junior,Diploma,Full-Time,Office,Female,2022-08-14,0
11102,21.0,43900.0,6.4,2.0,1,46.0,13.2,4,0.0,11.5,16.1,IT,Junior,Bachelor,Full-Time,Office,Male,2023-06-12,0
11103,53.0,103000.0,8.2,5.0,2,44.4,21.9,3,17.1,12.0,18.5,HR,Mid,Diploma,Full-Time,Hybrid,Male,2024-11-12,0
11104,35.0,85500.0,1.7,1.0,5,49.1,25.1,3,11.5,19.9,3.9,Finance,Senior,Master,Full-Time,Hybrid,Female,2021-08-07,0
11105,45.0,58500.0,5.5,1.0,2,43.6,32.0,6,5.8,7.3,17.0,Operations,Mid,Diploma,Full-Time,Hybrid,Female,2024-04-26,0
11106,28.0,66100.0,2.8,3.0,5,44.9,24.4,3,13.7,2.3,10.6,Sales,Senior,Master,Full-Time,Remote,Female,2024-08-05,0
11107,41.0,53300.0,11.0,4.0,5,53.3,31.3,6,14.5,3.2,12.6,Marketing,Mid,Master,Full-Time,Hybrid,Male,2018-06-16,0
11108,28.0,103200.0,9.3,4.0,4,41.8,44.8,10,11.5,8.1,14.7,IT,Mid,Master,Full-Time,Office,Female,2018-12-04,0
11109,31.0,55400.0,3.7,4.0,4,42.6,26.6,5,10.8,6.6,12.9,HR,Mid,Diploma,Contract,Office,Female,2022-02-07,0
11110,51.0,65800.0,5.9,2.0,2,50.0,39.5,2,9.3,13.3,12.9,,Lead,High School,Full-Time,Hybrid,Male,2018-04-07,1
11111,34.0,94900.0,10.7,1.0,1,39.2,37.6,2,16.5,16.5,7.6,HR,Junior,Master,Full-Time,Hybrid,Female,2024-06-27,0
11112,38.0,44000.0,3.4,2.0,2,50.6,5.0,2,7.9,8.2,15.1,Sales,Mid,Master,Full-Time,Hybrid,Female,2015-11-28,1
11113,43.0,111900.0,1.9,1.0,1,42.8,22.9,2,8.7,3.3,7.5,Finance,Mid,Bachelor,Full-Time,Office,Female,2017-10-10,0
11114,40.0,32500.0,7.0,3.0,2,39.8,49.8,6,13.2,11.9,7.9,Finance,Junior,Master,Full-Time,Remote,Male,2018-07-27,0
11115,37.0,115100.0,1.2,3.0,3,48.5,21.6,3,6.1,9.7,12.5,HR,Mid,Diploma,Full-Time,Hybrid,Male,2023-12-17,0
11116,39.0,51700.0,2.5,2.0,3,42.7,18.9,4,14.6,12.5,5.7,Operations,Mid,Diploma,Full-Time,Office,Female,2017-10-12,0
11117,55.0,54400.0,10.0,2.0,1,53.1,50.5,1,13.4,4.8,17.9,IT,Mid,High School,Full-Time,Office,Female,2017-04-16,1
11118,36.0,28200.0,6.4,3.0,4,44.4,37.3,5,25.1,60.0,17.9,Finance,Junior,Bachelor,Full-Time,Hybrid,Female,2023-11-05,0
11119,38.0,50000.0,2.6,5.0,1,44.4,56.9,2,7.3,2.4,9.9,IT,Mid,Master,Full-Time,Hybrid,Male,2019-01-01,0
11120,44.0,39600.0,1.2,4.0,2,41.1,28.0,5,11.6,8.5,10.7,Marketing,Junior,Diploma,Contract,Office,Male,2024-04-08,0
11121,45.0,47100.0,2.2,4.0,5,43.3,53.0,5,10.8,13.2,12.2,IT,Mid,Bachelor,Full-Time,Hybrid,Male,2020-11-15,0
11122,45.0,56800.0,1.7,3.0,3,42.6,21.7,3,12.9,14.3,2.2,Operations,Mid,Diploma,Part-Time,Office,Female,2020-01-26,0
11123,41.0,88000.0,1.0,4.0,5,50.7,5.0,3,7.6,8.1,4.6,Marketing,Senior,Master,Part-Time,Hybrid,Female,2020-03-15,0
11124,27.0,65200.0,6.8,5.0,3,45.4,45.1,5,10.8,12.4,15.6,Marketing,Junior,Diploma,Full-Time,Office,Female,2020-08-20,0
11125,49.0,67900.0,1.5,5.0,2,47.5,43.6,5,8.9,15.1,13.9,Finance,Mid,Bachelor,Part-Time,Office,Female,2019-05-28,0
11126,27.0,38700.0,3.0,1.0,3,44.5,45.1,6,13.2,8.6,10.2,Marketing,Mid,High School,Full-Time,Hybrid,Male,2021-03-11,0
11127,38.0,42200.0,2.4,2.0,1,41.9,31.9,4,0.0,9.4,9.8,IT,Mid,Master,Full-Time,Office,Female,2020-09-18,0
11128,30.0,123200.0,20.1,4.0,5,45.9,57.0,3,6.6,12.5,15.6,Sales,Senior,Diploma,Contract,Office,Male,2016-03-14,0
11129,35.0,44700.0,2.5,5.0,5,52.0,48.0,5,20.7,8.1,2.6,Operations,Senior,Bachelor,Full-Time,Hybrid,Female,2021-10-14,0
11130,39.0,116400.0,0.4,2.0,2,38.8,47.4,0,17.2,20.4,21.4,IT,Senior,Diploma,Full-Time,Remote,Female,2023-04-24,0
11131,39.0,54400.0,0.5,2.0,5,46.1,36.8,4,9.8,16.1,16.6,HR,Junior,Diploma,Full-Time,Hybrid,Male,2016-03-20,1
11132,39.0,60100.0,4.5,1.0,2,51.5,14.8,5,11.6,6.5,10.0,HR,Lead,High School,Full-Time,Office,Male,2019-10-10,1
11133,49.0,92100.0,4.6,2.0,4,39.9,36.0,6,11.1,4.8,13.9,IT,Mid,High School,Full-Time,Office,Female,2019-05-29,0
11134,40.0,99800.0,2.7,2.0,1,48.6,40.4,2,11.8,13.7,18.9,HR,Junior,Master,Full-Time,Hybrid,Male,2015-02-03,1
11135,34.0,57400.0,2.8,3.0,3,48.6,65.5,7,2.7,8.5,6.8,Sales,Senior,Master,Full-Time,Office,Male,2015-03-03,0
11136,44.0,51400.0,0.3,1.0,3,37.5,39.0,5,4.0,5.3,18.4,HR,Mid,Master,Full-Time,Office,Male,2018-01-07,0
11137,46.0,58700.0,3.6,1.0,3,49.6,19.3,6,4.1,5.7,11.9,Finance,Junior,Master,Full-Time,Office,Female,2023-04-14,0
11138,26.0,68700.0,3.5,4.0,4,41.0,42.0,4,5.3,12.6,15.4,Sales,Lead,Bachelor,Part-Time,Hybrid,Male,2018-04-11,0
11139,41.0,85700.0,0.8,2.0,1,45.8,53.9,4,17.4,5.8,16.4,Finance,Mid,Master,Full-Time,Hybrid,Female,2022-04-08,0
11140,42.0,60100.0,0.5,4.0,5,49.1,60.6,5,1.0,22.0,12.8,Finance,Mid,Master,Full-Time,Hybrid,Female,2024-10-28,0
11141,34.0,76900.0,0.7,5.0,5,50.0,33.4,2,19.8,4.0,17.5,Sales,Mid,Diploma,Full-Time,Remote,Male,2021-06-12,0
11142,47.0,115500.0,0.5,2.0,1,36.3,32.0,4,10.4,5.6,9.9,Operations,Junior,Diploma,Full-Time,Office,Male,2015-12-19,0
11143,35.0,,4.7,5.0,1,52.9,13.8,3,1.0,4.2,11.9,Finance,Lead,Bachelor,Full-Time,Remote,Male,2017-12-17,0
11144,37.0,68000.0,1.1,3.0,3,51.1,25.9,4,4.6,3.4,8.1,HR,Senior,Diploma,Full-Time,Hybrid,Female,2020-12-10,0
11145,35.0,32700.0,1.4,2.0,5,49.3,41.5,6,10.6,4.6,8.5,IT,Mid,Diploma,Full-Time,Office,Female,2019-06-17,1
11146,36.0,20900.0,1.0,4.0,1,45.8,12.1,5,0.2,5.6,13.0,Sales,Mid,Bachelor,Full-Time,Remote,Female,2015-01-03,0
11147,27.0,70100.0,15.8,4.0,5,41.8,65.7,1,5.9,6.0,16.2,IT,Senior,High School,Full-Time,Hybrid,Male,2023-06-22,0
11148,24.0,57800.0,9.6,2.0,1,38.6,29.6,1,1.2,1.8,5.6,Sales,Mid,Diploma,Contract,Office,Female,2018-07-13,0
11149,49.0,48800.0,1.3,4.0,2,35.9,36.8,3,11.8,3.5,14.0,Sales,Junior,High School,Full-Time,Office,Male,2017-03-25,0
11150,29.0,66100.0,2.0,2.0,3,47.2,40.1,4,1.3,9.1,17.9,Finance,Senior,High School,Full-Time,Office,Male,2023-07-17,0
11151,28.0,58600.0,1.2,1.0,1,49.3,51.9,4,0.0,4.9,18.6,IT,Mid,High School,Contract,Remote,Female,2020-04-30,1
11152,21.0,94200.0,3.4,4.0,4,43.6,39.0,3,16.8,16.6,11.4,Operations,Lead,Bachelor,Full-Time,Office,Male,2015-09-10,0
11153,31.0,62100.0,0.2,2.0,1,41.7,19.0,3,6.2,6.8,6.7,HR,Senior,Master,Full-Time,Remote,Female,2024-11-28,0
11154,25.0,44500.0,5.6,2.0,2,44.3,41.3,4,5.6,12.1,15.3,IT,Mid,Bachelor,Full-Time,Office,Male,2018-01-16,0
11155,49.0,89200.0,3.7,4.0,4,40.8,51.9,2,10.8,6.2,14.2,Sales,Junior,Bachelor,Full-Time,Office,Female,2015-11-06,0
11156,,55000.0,11.4,1.0,4,44.1,21.6,3,7.8,15.2,12.0,HR,Mid,Master,Full-Time,Office,Male,2016-06-15,0
11157,30.0,74100.0,0.9,4.0,1,40.5,47.0,6,3.1,1.6,10.6,Finance,Senior,High School,Full-Time,Hybrid,Female,2019-07-25,0
11158,54.0,49600.0,8.2,,2,47.1,38.8,6,4.3,8.6,13.7,HR,Junior,Master,Full-Time,Office,Male,2015-07-16,0
11159,44.0,46300.0,7.9,1.0,4,50.2,36.4,6,12.3,23.4,14.1,HR,Mid,High School,Part-Time,Hybrid,Male,2018-11-11,0
11160,33.0,62100.0,0.7,5.0,3,46.5,25.4,2,2.2,2.9,9.9,IT,Senior,Master,Full-Time,Office,Female,2017-07-24,0
11161,21.0,60300.0,2.5,3.0,3,43.6,31.7,4,7.8,13.5,10.9,Sales,Junior,High School,Full-Time,Remote,Male,2024-02-05,0
11162,54.0,72700.0,0.9,4.0,5,48.9,41.6,3,18.0,10.5,5.0,Sales,Senior,Diploma,Full-Time,Remote,Male,2020-06-12,0
11163,25.0,53900.0,1.5,2.0,5,44.1,28.6,10,6.2,2.9,13.5,Sales,Junior,High School,Full-Time,Office,Female,2016-04-07,0
11164,23.0,28800.0,1.5,1.0,2,48.8,20.3,4,15.4,10.2,14.1,Marketing,Junior,Master,Contract,Hybrid,Male,2018-11-03,1
11165,44.0,50500.0,4.1,1.0,4,40.8,19.7,1,1.9,10.2,5.9,Finance,Junior,Diploma,Part-Time,Remote,Male,2019-09-30,0
11166,56.0,82400.0,2.7,5.0,3,41.5,39.2,4,9.1,7.5,11.5,IT,Mid,High School,Full-Time,Hybrid,Female,2015-01-23,0
11167,47.0,53300.0,14.8,4.0,3,39.1,42.3,3,15.5,17.8,9.4,Sales,Lead,Diploma,Full-Time,Office,Male,2022-07-10,0
11168,41.0,54400.0,0.7,1.0,2,41.7,34.0,5,4.6,16.1,17.7,HR,Senior,Diploma,Full-Time,Hybrid,Female,2019-12-27,0
11169,41.0,89000.0,18.2,5.0,4,48.9,62.2,4,19.5,14.2,5.7,Marketing,Junior,Bachelor,Full-Time,Hybrid,Male,2023-11-13,0
11170,43.0,45100.0,1.3,2.0,2,39.6,9.5,2,7.7,21.3,17.6,Finance,Junior,Master,Full-Time,Office,Female,2023-11-14,0
11171,42.0,32400.0,7.4,5.0,1,32.5,40.7,5,1.0,4.5,18.4,Sales,Mid,Bachelor,Full-Time,Office,Female,2019-05-03,0
11172,38.0,56300.0,2.1,4.0,3,41.9,7.4,6,14.0,5.5,0.0,Marketing,Junior,Master,Full-Time,Office,Male,2018-05-21,0
11173,37.0,49400.0,0.8,5.0,2,38.1,33.4,5,17.5,5.0,15.2,Finance,Senior,High School,Full-Time,Office,Female,2017-03-23,0
11174,35.0,40800.0,9.8,1.0,2,41.5,38.8,3,0.5,5.6,14.5,Operations,Junior,Bachelor,Full-Time,Office,Female,2015-02-06,0
11175,30.0,55900.0,1.8,1.0,1,54.5,32.4,4,10.6,5.7,4.4,Operations,Junior,Diploma,Full-Time,Office,Male,2016-02-10,1
11176,34.0,73000.0,5.4,3.0,5,39.6,5.7,8,4.0,7.3,10.4,HR,Mid,Bachelor,Full-Time,Office,Male,2023-07-21,0
11177,22.0,59800.0,4.2,5.0,3,47.2,33.6,2,1.9,6.1,9.8,Marketing,Senior,Bachelor,Full-Time,Office,Female,2019-11-29,0
11178,35.0,67800.0,3.2,2.0,2,43.6,35.0,4,2.7,3.7,7.3,IT,Junior,Diploma,Full-Time,Office,Female,2017-11-03,0
11179,28.0,123900.0,3.4,4.0,3,45.9,48.5,4,9.3,13.9,8.8,Finance,Junior,Master,Full-Time,Hybrid,Female,2016-06-13,0
11180,27.0,52300.0,6.6,3.0,5,41.5,13.6,2,15.8,4.3,16.3,Marketing,Mid,High School,Full-Time,Remote,Female,2023-09-21,0
11181,37.0,67100.0,0.5,5.0,2,49.8,56.6,0,7.6,24.1,12.4,Marketing,Mid,High School,Full-Time,Office,Female,2018-04-16,1
11182,47.0,48900.0,5.5,,1,46.1,5.0,4,10.5,14.1,9.0,Finance,Lead,Diploma,Contract,Office,Male,2017-02-21,0
11183,43.0,42800.0,11.3,3.0,3,46.3,15.6,6,4.7,3.5,6.3,Marketing,Junior,Master,Full-Time,Office,Male,2022-10-23,0
11184,23.0,47500.0,0.3,1.0,1,44.5,37.6,1,7.2,7.9,16.2,Marketing,Junior,Master,Full-Time,Remote,Male,2016-01-21,0
11185,28.0,49500.0,0.8,4.0,5,50.3,39.7,5,2.8,3.0,20.5,Finance,Mid,Bachelor,Full-Time,Hybrid,Female,2015-04-29,0
11186,44.0,69300.0,6.3,5.0,5,46.8,57.7,6,0.0,19.5,10.9,HR,Junior,High School,Part-Time,Office,Male,2020-03-13,0
11187,28.0,153500.0,2.9,2.0,3,45.9,37.9,5,4.9,8.0,11.5,Operations,Mid,Master,Full-Time,Hybrid,Male,2018-09-15,0
11188,34.0,45100.0,2.6,1.0,5,47.3,33.5,5,14.8,7.8,24.8,IT,Junior,Diploma,Full-Time,Office,Male,2020-09-10,0
11189,40.0,50800.0,0.7,3.0,4,35.2,41.7,6,0.0,9.3,16.2,Finance,Senior,High School,Contract,Office,Female,2017-01-17,0
11190,28.0,58500.0,3.5,4.0,3,44.9,5.0,4,14.6,7.1,17.5,Sales,Mid,Diploma,Full-Time,Office,Male,2022-09-01,0
11191,37.0,70300.0,0.7,3.0,4,43.7,19.9,2,10.0,5.0,9.1,Marketing,Senior,Master,Contract,Office,Female,2018-08-29,0
11192,25.0,66700.0,3.2,3.0,5,49.8,17.4,4,7.2,7.5,7.8,IT,Lead,Bachelor,Part-Time,Hybrid,Female,2021-04-12,0
11193,31.0,100300.0,7.2,2.0,3,40.5,49.3,2,4.8,19.2,18.4,IT,Lead,High School,Full-Time,Hybrid,Female,2021-06-22,0
11194,39.0,22700.0,1.5,1.0,4,45.0,54.5,3,10.9,5.4,14.3,Finance,Mid,Master,Full-Time,Hybrid,Male,2022-09-21,0
11195,23.0,23100.0,3.3,5.0,5,53.6,63.0,5,16.4,21.2,13.0,Sales,Lead,Master,Full-Time,Hybrid,Male,2017-05-02,0
11196,40.0,49200.0,24.2,2.0,2,43.9,43.5,2,9.5,5.7,14.1,Sales,Senior,Diploma,Full-Time,Hybrid,Male,2017-03-26,0
11197,36.0,93100.0,5.8,4.0,2,37.3,48.4,7,6.7,9.1,20.6,HR,Junior,High School,Full-Time,Hybrid,Female,2015-10-23,0
11198,40.0,32100.0,9.2,3.0,1,54.9,36.4,7,24.2,31.6,8.3,Sales,Senior,Master,Full-Time,Hybrid,Male,2020-10-16,1
11199,38.0,20000.0,2.7,4.0,2,40.4,27.5,2,8.5,11.9,12.8,Operations,Mid,Bachelor,Full-Time,Office,Female,2017-05-13,0
11200,47.0,75400.0,7.3,2.0,4,38.8,18.8,7,0.0,10.2,8.6,Finance,Junior,High School,Full-Time,Hybrid,Female,2015-02-25,0
11201,37.0,66100.0,0.2,2.0,2,39.0,17.5,5,10.0,12.6,13.4,IT,Senior,Diploma,Full-Time,Remote,Male,2022-05-28,0
11202,33.0,38800.0,0.7,5.0,3,47.6,14.4,8,4.5,16.1,16.0,IT,Mid,Bachelor,Full-Time,Hybrid,Male,2020-09-30,0
11203,37.0,40500.0,1.1,3.0,3,50.5,46.0,1,5.9,4.5,13.6,Sales,Senior,Master,Full-Time,Hybrid,Female,2022-05-08,0
11204,40.0,40700.0,2.6,2.0,3,52.8,28.9,5,15.7,11.3,20.7,Marketing,Senior,Master,Full-Time,Office,Female,2024-08-19,1
11205,36.0,62700.0,9.3,4.0,2,44.1,24.1,5,13.3,9.6,9.4,Operations,Mid,Master,Full-Time,Remote,Male,2023-03-05,0
11206,36.0,46700.0,2.1,5.0,2,39.1,5.0,3,0.0,1.8,14.7,HR,Junior,Master,Full-Time,Remote,Female,2018-12-11,0
11207,30.0,73100.0,5.3,4.0,1,41.2,21.3,4,0.0,9.5,18.4,Sales,Senior,Diploma,Full-Time,Hybrid,Male,2017-09-08,0
11208,31.0,20000.0,6.2,3.0,5,44.2,30.7,4,8.8,4.0,10.1,Operations,Mid,Bachelor,Full-Time,Office,Female,2019-12-15,0
11209,25.0,42600.0,4.4,5.0,1,43.9,12.0,7,13.8,8.7,9.7,Finance,Junior,High School,Part-Time,Remote,Male,2018-12-05,0
11210,50.0,38200.0,2.2,5.0,4,50.5,74.9,4,0.0,15.9,11.2,HR,Junior,Master,Full-Time,Office,Female,2015-05-08,0
11211,26.0,54200.0,4.3,5.0,3,37.4,14.9,3,13.9,4.2,4.8,Operations,Junior,Bachelor,Contract,Hybrid,Male,2023-04-11,0
11212,30.0,48400.0,2.1,1.0,2,38.4,52.3,3,22.8,7.4,17.7,Sales,Mid,Bachelor,Full-Time,Hybrid,Female,2019-01-08,0
11213,30.0,82600.0,0.4,5.0,5,42.5,33.2,3,15.1,5.9,12.8,HR,Junior,Bachelor,Full-Time,Remote,Male,2020-09-03,0
11214,43.0,28500.0,24.7,4.0,5,45.8,26.5,3,3.2,17.8,3.6,Marketing,Junior,Bachelor,Full-Time,Hybrid,Female,2015-03-02,0
11215,34.0,61100.0,0.7,4.0,2,41.8,31.3,8,11.9,5.4,9.9,Finance,Mid,Diploma,Full-Time,Hybrid,Male,2023-02-01,0
11216,46.0,75000.0,0.4,3.0,1,41.4,35.2,2,9.4,9.3,18.6,Sales,Junior,Bachelor,Contract,Remote,Female,2024-04-30,0
11217,31.0,126100.0,10.5,2.0,5,49.9,38.4,4,18.7,12.4,10.4,IT,Junior,Diploma,Full-Time,Hybrid,Female,2016-01-23,0
11218,38.0,49500.0,1.8,2.0,1,46.4,20.3,3,14.8,13.6,19.8,Finance,Lead,Diploma,Full-Time,Hybrid,Male,2022-05-11,0
11219,29.0,68300.0,5.3,1.0,2,39.1,43.4,7,2.6,4.1,10.6,Marketing,Senior,Master,Full-Time,Office,Female,2016-11-01,0
11220,53.0,29200.0,2.0,5.0,1,41.5,30.8,2,11.5,6.7,4.8,Operations,Mid,High School,Full-Time,Hybrid,Female,2019-11-22,1
11221,26.0,23000.0,2.5,1.0,3,46.6,15.0,4,3.1,24.5,1.4,Marketing,Senior,High School,Full-Time,Office,Female,2017-03-10,0
11222,38.0,84100.0,1.5,3.0,2,37.7,28.6,4,14.2,7.9,22.5,IT,Junior,Bachelor,Full-Time,Remote,Female,2016-10-25,0
11223,41.0,59900.0,2.1,3.0,2,46.6,56.3,5,6.5,16.5,7.9,Finance,Mid,Bachelor,Contract,Remote,Male,2021-06-20,1
11224,39.0,96100.0,2.6,2.0,5,42.3,38.3,4,7.8,33.8,9.1,Sales,Mid,High School,Full-Time,Office,Female,2020-03-23,0
11225,35.0,34600.0,6.4,3.0,5,45.8,35.1,8,9.0,7.6,11.4,IT,Senior,High School,Full-Time,Hybrid,Male,2019-06-16,0
11226,35.0,73900.0,3.6,5.0,5,44.6,29.0,2,4.7,14.3,13.2,Sales,Mid,Diploma,Part-Time,Office,Male,2018-05-11,0
11227,36.0,126700.0,14.4,4.0,3,38.4,30.2,5,8.6,15.6,7.0,HR,Junior,Bachelor,Full-Time,Office,Male,2021-02-25,0
11228,35.0,71000.0,0.2,3.0,3,40.8,38.3,2,10.8,3.1,18.4,Sales,Mid,High School,Full-Time,Hybrid,Male,2022-07-15,0
11229,44.0,67000.0,3.5,1.0,4,51.2,31.0,6,6.3,10.6,13.5,HR,Senior,High School,Full-Time,Office,Female,2020-03-24,1
11230,54.0,60200.0,4.4,5.0,2,55.9,41.8,2,9.3,22.9,18.1,Sales,Mid,Diploma,Contract,Office,Male,2023-01-24,1
11231,32.0,32000.0,12.6,3.0,5,35.3,39.8,4,3.5,2.7,2.1,HR,Senior,Master,Full-Time,Hybrid,Female,2020-04-24,0
11232,25.0,103200.0,0.3,3.0,2,49.2,17.1,7,0.6,7.4,14.4,Finance,Mid,Diploma,Full-Time,Office,Male,2022-05-07,0
11233,35.0,47000.0,4.3,5.0,1,45.5,42.9,7,7.8,8.7,14.0,Marketing,Senior,High School,Full-Time,Hybrid,Male,2020-12-03,0
11234,57.0,73400.0,9.6,3.0,3,54.4,20.7,6,14.1,7.5,11.9,Finance,Mid,Bachelor,Full-Time,Office,Male,2020-06-25,1
11235,30.0,32100.0,1.4,4.0,4,41.2,20.1,4,13.9,7.0,9.4,IT,Junior,Master,Contract,Remote,Male,2019-09-02,0
11236,49.0,37400.0,10.4,,1,48.5,34.6,3,13.5,3.7,4.6,Finance,Senior,Diploma,Full-Time,Hybrid,Female,2023-04-26,0
11237,49.0,106500.0,0.2,5.0,2,42.5,38.9,1,14.1,10.5,5.2,Finance,Senior,Master,Full-Time,Hybrid,Male,2019-03-05,0
11238,32.0,52200.0,6.6,1.0,3,50.4,44.2,6,9.1,4.7,18.5,Marketing,Lead,Master,Full-Time,Office,Female,2021-09-22,0
11239,41.0,107300.0,13.5,3.0,5,55.6,5.0,2,4.7,4.8,13.9,Operations,Mid,Diploma,Full-Time,Office,Male,2016-07-18,0
11240,49.0,58200.0,5.4,2.0,1,45.1,46.8,2,6.4,2.1,11.0,Finance,Senior,Bachelor,Full-Time,Remote,Male,2018-11-17,0
11241,33.0,28700.0,2.9,1.0,3,38.3,41.2,3,7.3,3.0,10.7,IT,Senior,High School,Full-Time,Hybrid,Male,2015-06-19,0
11242,34.0,85700.0,0.2,1.0,2,51.1,24.1,5,4.1,22.5,17.1,Finance,Junior,High School,Full-Time,Office,Male,2015-09-01,1
11243,31.0,47400.0,12.6,4.0,2,46.8,31.5,4,11.6,8.4,16.9,Finance,Lead,Bachelor,Full-Time,Remote,Male,2017-12-20,0
11244,28.0,79300.0,3.2,2.0,1,45.9,38.0,1,4.3,13.4,7.9,Finance,Junior,Master,Part-Time,Office,Female,2023-07-28,0
11245,31.0,60600.0,0.2,5.0,1,51.9,5.0,3,0.0,4.3,4.8,Finance,Junior,Bachelor,Full-Time,Hybrid,Male,2020-05-05,0
11246,26.0,32400.0,5.9,2.0,1,38.3,16.2,6,14.4,2.1,13.9,Marketing,Junior,Master,Full-Time,Office,Female,2023-03-04,0
11247,36.0,64100.0,3.3,2.0,4,40.4,52.4,4,11.1,5.1,18.2,Marketing,Mid,Diploma,Full-Time,Office,Male,2020-10-23,0
11248,30.0,144400.0,0.7,1.0,5,47.0,26.0,8,0.0,2.1,15.5,IT,Junior,Master,Full-Time,Office,Male,2019-03-09,0
11249,38.0,73100.0,1.2,4.0,3,40.3,33.7,5,4.1,4.9,20.3,Operations,Junior,High School,Full-Time,Office,Female,2016-01-05,0
11250,24.0,58600.0,0.3,4.0,2,42.4,33.3,5,7.4,17.9,11.1,IT,Mid,High School,Full-Time,Hybrid,Male,2023-12-29,0
11251,39.0,92200.0,4.3,2.0,2,50.4,45.7,1,8.0,7.5,13.4,IT,Mid,Master,Full-Time,Hybrid,Male,2020-12-13,0
11252,43.0,65300.0,4.9,2.0,5,46.2,28.9,6,20.6,22.1,11.7,Operations,Senior,High School,Contract,Remote,Male,2018-03-21,0
11253,21.0,65200.0,3.5,3.0,1,38.1,30.2,4,2.2,11.9,15.8,Finance,Junior,Bachelor,Contract,Hybrid,Female,2024-12-27,0
11254,39.0,38800.0,8.5,1.0,1,46.0,37.9,3,1.9,16.9,8.4,Operations,Junior,Master,Full-Time,Office,Female,2020-12-03,0
11255,46.0,65900.0,9.9,5.0,2,50.2,47.7,2,15.6,6.7,13.0,Sales,Junior,Bachelor,Full-Time,Hybrid,Female,2022-04-01,0
11256,26.0,90800.0,4.8,5.0,5,44.9,52.4,6,6.9,3.0,20.2,Finance,Mid,High School,Full-Time,Hybrid,Male,2024-11-02,0
11257,49.0,42900.0,0.2,4.0,2,48.4,30.2,9,15.0,3.9,8.4,Sales,Mid,Bachelor,Full-Time,Office,Male,2019-02-12,1
11258,39.0,106100.0,5.9,1.0,1,41.4,27.6,3,6.4,18.9,1.9,IT,Mid,Master,Part-Time,Office,Male,2017-05-09,0
11259,30.0,57800.0,2.7,4.0,3,45.3,32.8,6,15.3,9.1,14.6,Finance,Mid,Bachelor,Full-Time,Hybrid,Male,2022-02-22,0
11260,36.0,42100.0,4.2,5.0,1,36.1,55.0,4,6.3,3.1,23.2,Operations,Senior,Bachelor,Full-Time,Hybrid,Male,2019-06-21,0
11261,40.0,89400.0,5.2,2.0,3,47.1,46.7,6,7.3,12.6,8.6,Operations,Junior,High School,Part-Time,Remote,Female,2022-09-12,0
11262,37.0,53500.0,2.2,1.0,4,45.8,27.8,5,1.8,2.7,18.4,Operations,Mid,High School,Contract,Hybrid,Male,2022-03-07,0
11263,40.0,81300.0,12.5,1.0,5,37.5,10.8,4,18.4,11.0,12.1,Operations,Junior,Master,Full-Time,Hybrid,Female,2019-06-10,0
11264,29.0,53400.0,0.7,3.0,4,51.6,51.6,4,3.5,6.7,7.1,IT,Junior,Master,Full-Time,Hybrid,Female,2015-07-12,0
11265,37.0,58600.0,5.6,2.0,1,46.9,53.3,1,0.3,13.0,15.4,Marketing,Junior,High School,Contract,Hybrid,Male,2015-12-21,0
11266,25.0,73100.0,0.2,2.0,5,40.5,18.3,4,17.7,6.6,4.9,IT,Mid,Diploma,Full-Time,Office,Male,2015-02-27,0
11267,35.0,67400.0,12.9,4.0,1,47.3,28.3,3,12.0,13.3,19.6,Finance,Mid,High School,Part-Time,Hybrid,Male,2021-12-15,1
11268,29.0,27000.0,0.6,1.0,5,39.1,48.1,5,17.5,2.7,12.6,Marketing,Senior,Diploma,Full-Time,Remote,Female,2018-05-12,0
11269,30.0,38300.0,0.5,4.0,5,39.8,40.8,4,3.7,10.1,3.5,Operations,Senior,Bachelor,Full-Time,Remote,Female,2024-10-15,0
11270,46.0,87000.0,2.0,2.0,1,39.1,5.1,1,11.6,5.9,21.3,Marketing,Mid,Master,Full-Time,Hybrid,Female,2024-03-27,0
11271,45.0,56900.0,2.3,3.0,1,39.0,18.1,5,16.4,10.4,16.3,Sales,Junior,Bachelor,Full-Time,Office,Female,2024-05-09,0
11272,41.0,48700.0,1.2,1.0,5,46.2,43.7,4,1.1,6.5,13.6,HR,Senior,Bachelor,Contract,Office,Female,2024-03-09,0
11273,27.0,34800.0,4.4,2.0,5,44.5,38.7,5,10.0,4.3,16.4,Marketing,Senior,High School,Full-Time,Office,Male,2015-04-30,0
11274,33.0,39000.0,2.9,3.0,1,47.7,45.0,6,5.3,7.4,0.0,HR,Senior,Master,Contract,Remote,Female,2019-01-28,0
11275,46.0,26700.0,0.2,5.0,1,30.0,46.7,0,5.6,19.0,8.9,IT,Junior,Diploma,Full-Time,Hybrid,Male,2021-03-05,0
11276,37.0,57600.0,1.9,2.0,2,42.0,38.6,4,3.1,5.2,24.5,IT,Senior,High School,Full-Time,Hybrid,Female,2017-04-06,0
11277,55.0,47200.0,8.3,5.0,2,42.1,41.3,4,10.6,9.2,12.6,Marketing,Senior,High School,Full-Time,Hybrid,Male,2024-10-04,0
11278,39.0,40800.0,5.9,4.0,2,44.3,26.5,3,6.6,5.0,8.8,Sales,Mid,Bachelor,Full-Time,Hybrid,Female,2017-02-10,0
11279,38.0,58400.0,6.5,5.0,4,44.1,36.7,5,2.4,2.0,12.8,IT,Senior,Diploma,Full-Time,Hybrid,Female,2019-07-05,0
11280,34.0,69400.0,6.0,2.0,5,45.1,39.7,4,16.5,8.4,6.5,HR,Senior,High School,Full-Time,Hybrid,Female,2019-07-18,0
11281,37.0,138600.0,1.9,5.0,3,44.4,60.6,1,8.3,60.0,19.9,Marketing,Mid,Master,Full-Time,Hybrid,Female,2016-11-11,1
11282,35.0,32800.0,0.5,1.0,4,41.7,22.6,5,0.0,3.1,9.8,Marketing,Senior,Diploma,Full-Time,Remote,Female,2023-09-20,0
11283,42.0,95400.0,1.6,2.0,5,42.0,45.9,6,3.9,15.6,4.1,Sales,Senior,High School,Full-Time,Office,Male,2016-07-25,0
11284,44.0,88600.0,8.9,3.0,3,43.7,33.3,3,0.0,1.5,12.9,Marketing,Lead,Bachelor,Full-Time,Remote,Female,2018-09-03,0
11285,30.0,43900.0,19.7,5.0,2,46.5,46.2,2,4.2,7.7,17.0,Finance,Lead,High School,Full-Time,Remote,Male,2024-11-03,0
11286,25.0,65100.0,3.4,1.0,3,44.4,33.2,4,10.1,3.0,15.5,HR,Mid,Diploma,Full-Time,Hybrid,Male,2022-01-23,0
11287,21.0,50000.0,0.2,4.0,1,40.1,52.7,9,11.7,10.8,5.0,Operations,Junior,Bachelor,Contract,Office,Male,2024-01-03,0
11288,40.0,64600.0,0.8,4.0,1,39.8,23.9,8,13.1,5.4,7.3,Finance,Junior,High School,Full-Time,Office,Male,2015-05-15,0
11289,27.0,109700.0,1.9,5.0,5,46.5,37.1,4,4.3,5.3,1.4,Finance,Lead,Diploma,Contract,Office,Female,2015-12-17,0
11290,21.0,76400.0,4.3,4.0,4,47.8,41.6,3,5.9,3.6,15.6,HR,Mid,Diploma,Full-Time,Remote,Female,2016-07-27,0
11291,39.0,73500.0,0.4,3.0,2,49.4,24.8,4,10.6,1.8,14.4,Marketing,Mid,Bachelor,Full-Time,Remote,Female,2019-07-13,0
11292,56.0,50500.0,14.4,2.0,5,41.5,39.6,2,13.2,6.5,14.8,Marketing,Mid,Bachelor,Part-Time,Office,Female,2020-01-30,0
11293,36.0,33100.0,2.3,1.0,2,34.6,50.1,10,7.2,4.9,9.8,Finance,Junior,Master,Part-Time,Office,Male,2022-05-15,0
11294,43.0,55200.0,12.2,5.0,1,45.9,34.0,3,11.9,6.0,2.5,Operations,Mid,Master,Full-Time,Remote,Female,2015-07-19,0
11295,37.0,97200.0,7.6,4.0,4,40.4,46.3,8,4.6,6.3,8.0,HR,Senior,High School,Full-Time,Office,Male,2021-04-09,0
11296,35.0,32600.0,7.0,2.0,4,43.5,24.9,1,0.0,4.4,17.5,IT,Junior,Master,Full-Time,Remote,Male,2018-03-11,0
11297,43.0,39300.0,4.7,3.0,1,44.7,18.6,5,13.4,8.7,13.9,HR,Senior,Master,Full-Time,Hybrid,Male,2024-02-03,1
11298,34.0,63100.0,4.9,4.0,3,46.8,45.4,7,11.4,6.9,3.4,Operations,Senior,Bachelor,Full-Time,Remote,Male,2022-12-11,0
11299,38.0,40500.0,5.1,4.0,4,48.5,26.6,6,7.4,14.3,10.6,Finance,Mid,High School,Full-Time,Hybrid,Male,2020-02-24,0
11300,39.0,43700.0,5.0,1.0,3,49.8,9.8,4,9.0,42.3,14.8,HR,Mid,Diploma,Full-Time,Office,Female,2020-01-02,0
11301,31.0,50600.0,4.0,3.0,2,50.6,23.6,8,14.9,9.4,11.5,HR,Senior,Bachelor,Full-Time,Office,Male,2017-10-09,1
11302,44.0,34700.0,21.5,3.0,4,44.5,55.2,6,7.9,17.4,4.9,IT,Mid,Diploma,Full-Time,Remote,Male,2019-03-01,0
11303,35.0,40600.0,6.6,5.0,1,35.6,50.9,4,0.0,8.7,9.6,Sales,Mid,Master,Contract,Office,Female,2020-11-07,0
11304,30.0,79500.0,7.5,1.0,3,41.0,18.2,3,0.0,11.1,8.3,Sales,Mid,Master,Full-Time,Hybrid,Male,2019-12-21,0
11305,40.0,35600.0,10.3,5.0,2,51.0,13.1,5,16.0,6.4,12.2,IT,Lead,Master,Full-Time,Hybrid,Female,2022-03-26,0
11306,29.0,31700.0,1.2,1.0,2,44.7,28.9,2,11.6,7.4,13.4,HR,Mid,Diploma,Full-Time,Remote,Female,2017-11-10,0
11307,36.0,46600.0,0.4,3.0,4,54.9,50.6,2,14.8,4.6,8.7,Finance,Senior,High School,Part-Time,Office,Male,2023-08-01,1
11308,36.0,80400.0,3.3,1.0,4,42.1,32.1,3,16.9,21.6,15.2,IT,Mid,Bachelor,Full-Time,Hybrid,Male,2015-10-30,0
11309,45.0,55500.0,3.6,1.0,5,55.6,32.2,4,16.6,15.8,20.2,Sales,Junior,Master,Part-Time,Office,Male,2015-11-21,1
11310,40.0,49800.0,8.8,1.0,5,44.0,25.8,4,0.0,9.6,27.6,Operations,Junior,Master,Full-Time,Hybrid,Female,2017-02-21,0
11311,36.0,61100.0,2.9,2.0,4,41.9,30.9,6,6.8,3.9,7.3,Sales,Junior,High School,Full-Time,Hybrid,Male,2020-05-04,0
11312,43.0,29800.0,4.2,2.0,5,40.4,47.7,3,2.7,7.1,12.4,IT,Junior,Bachelor,Full-Time,Office,Male,2019-10-20,0
11313,47.0,73100.0,3.7,3.0,1,47.3,36.3,5,9.0,15.7,2.9,HR,Mid,High School,Full-Time,Remote,Male,2021-04-26,0
11314,40.0,69900.0,0.2,1.0,1,36.9,32.0,4,0.0,44.3,9.6,Marketing,Junior,High School,Full-Time,Office,Female,2023-01-21,0
11315,36.0,50900.0,4.8,3.0,5,41.3,44.8,4,8.3,8.4,18.4,Finance,Senior,Master,Full-Time,Hybrid,Female,2018-04-10,0
11316,26.0,89700.0,8.8,2.0,4,43.7,36.1,2,0.0,18.9,0.7,Marketing,Lead,Master,Full-Time,Hybrid,Male,2016-09-17,0
11317,27.0,38200.0,0.9,1.0,1,32.7,49.3,6,5.9,9.0,9.9,Finance,Mid,High School,Part-Time,Hybrid,Female,2016-03-20,0
11318,34.0,94200.0,4.5,5.0,2,43.5,24.8,8,16.8,19.5,11.8,Marketing,Mid,Diploma,Full-Time,Office,Male,2023-12-07,0
11319,31.0,63800.0,4.5,2.0,4,52.6,39.1,5,3.9,1.9,4.2,Marketing,Mid,Master,Full-Time,Hybrid,Male,2015-03-24,0
11320,35.0,52400.0,0.9,2.0,3,46.2,48.3,4,3.8,4.4,13.9,Finance,Mid,Bachelor,Full-Time,Office,Male,2015-06-03,0
11321,36.0,59500.0,0.7,2.0,3,40.7,58.3,8,8.8,10.0,13.3,Operations,Mid,Master,Full-Time,Hybrid,Female,2016-03-09,0
11322,40.0,57500.0,19.6,1.0,4,41.6,18.6,4,9.1,3.4,8.9,Finance,Mid,Diploma,Full-Time,Office,Female,2016-02-21,0
11323,35.0,97800.0,2.5,4.0,5,45.7,32.4,3,9.9,10.8,15.2,Sales,Mid,Diploma,Full-Time,Hybrid,Female,2024-01-24,0
11324,40.0,39000.0,1.3,5.0,1,41.4,15.3,3,3.2,8.2,7.8,HR,Mid,High School,Full-Time,Remote,Female,2020-01-28,0
11325,37.0,44200.0,0.9,5.0,1,46.3,20.5,1,4.4,2.6,14.3,HR,Mid,High School,Part-Time,Office,Female,2020-11-19,0
11326,21.0,90800.0,5.5,3.0,4,41.3,35.3,7,8.4,2.3,12.0,Sales,Senior,Diploma,Full-Time,Office,Male,2020-02-23,0
11327,28.0,47300.0,4.7,1.0,2,38.9,5.0,2,13.9,10.1,13.2,Operations,Lead,Bachelor,Full-Time,Office,Female,2020-07-07,0
11328,35.0,86000.0,5.2,2.0,5,49.9,41.3,4,3.6,3.6,10.8,Marketing,Senior,High School,Full-Time,Remote,Male,2015-06-11,0
11329,26.0,118400.0,0.5,4.0,2,47.5,43.4,6,6.8,5.8,5.3,Operations,Mid,Diploma,Full-Time,Office,Female,2016-10-03,0
11330,41.0,51100.0,11.2,1.0,4,34.6,33.9,5,0.0,12.4,5.0,Operations,Senior,Bachelor,Full-Time,Remote,Male,2015-10-26,0
11331,48.0,78800.0,2.5,1.0,4,42.3,22.4,2,5.4,7.6,8.2,Finance,Mid,,Full-Time,Office,Male,2021-07-03,0
11332,46.0,37800.0,1.9,4.0,2,49.2,31.3,3,9.2,5.9,9.3,IT,Senior,Diploma,Full-Time,Hybrid,Male,2018-12-27,0
11333,34.0,81100.0,3.1,2.0,3,43.2,66.7,3,13.2,2.8,13.4,Marketing,Senior,Diploma,Contract,Hybrid,Female,2016-06-16,0
11334,48.0,65000.0,2.5,1.0,4,41.1,27.2,8,3.3,22.9,11.8,HR,Junior,Bachelor,Contract,Office,Male,2022-02-08,0
11335,37.0,72500.0,10.0,5.0,5,42.7,23.2,6,9.0,14.1,9.7,Finance,Junior,Bachelor,Full-Time,Hybrid,Female,2023-01-17,0
11336,33.0,46300.0,13.2,5.0,2,44.6,5.0,2,9.6,5.1,2.0,Sales,Mid,Diploma,Full-Time,Hybrid,Female,2024-10-19,0
11337,31.0,30900.0,1.8,4.0,3,43.1,50.7,2,0.0,4.3,8.5,Operations,Junior,Diploma,Full-Time,Hybrid,Female,2021-10-09,0
11338,34.0,73400.0,10.0,2.0,2,43.6,16.4,5,0.5,5.4,6.2,Marketing,Senior,Master,Full-Time,Hybrid,Male,2018-10-14,0
11339,33.0,26300.0,7.6,4.0,3,43.3,36.3,3,11.0,4.0,20.7,IT,Senior,Bachelor,Full-Time,Hybrid,Female,2023-10-21,0
11340,37.0,52800.0,13.4,1.0,3,39.1,,5,8.4,6.5,12.4,Marketing,Mid,High School,Full-Time,Hybrid,Female,2024-12-11,0
11341,37.0,87400.0,1.4,5.0,5,38.9,40.5,4,8.6,17.5,19.8,Sales,Mid,Master,Full-Time,Office,Male,2024-10-29,0
11342,36.0,64800.0,4.3,3.0,4,38.6,40.4,3,2.4,16.2,12.4,IT,Mid,Master,Full-Time,Hybrid,Male,2020-12-11,0
11343,39.0,130800.0,1.6,4.0,3,44.5,30.1,2,0.0,16.2,21.3,Marketing,Junior,Bachelor,Full-Time,Office,Male,2017-01-06,0
11344,46.0,90400.0,8.7,3.0,4,46.9,39.7,5,10.9,3.2,13.6,Sales,Senior,Bachelor,Full-Time,Office,Male,2020-07-19,0
11345,44.0,46200.0,0.2,3.0,5,39.3,36.1,4,9.0,3.9,13.8,Marketing,Mid,Master,Full-Time,Hybrid,Male,2022-09-29,0
11346,24.0,60700.0,4.2,5.0,4,36.5,43.1,5,0.0,15.7,21.7,Finance,Mid,Bachelor,Full-Time,Hybrid,Female,2021-01-29,0
11347,21.0,58900.0,2.1,4.0,1,39.6,5.0,2,7.4,11.0,8.4,Marketing,Senior,Bachelor,Contract,Hybrid,Female,2022-01-12,0
11348,43.0,31900.0,1.9,3.0,3,51.0,40.7,3,18.7,5.9,8.7,Operations,Senior,High School,Full-Time,Hybrid,Female,2017-01-08,0
11349,25.0,41200.0,5.2,1.0,5,42.4,41.5,3,11.6,13.2,12.6,Sales,Junior,Diploma,Full-Time,Office,Female,2018-12-12,0
11350,34.0,47900.0,9.5,2.0,2,42.9,73.2,3,2.6,11.4,26.6,HR,Senior,Master,Full-Time,Hybrid,Male,2021-01-16,0
11351,27.0,26600.0,4.7,2.0,5,40.0,34.9,9,9.0,2.7,10.1,Sales,Mid,Bachelor,Full-Time,Hybrid,Male,2018-02-16,0
11352,22.0,61200.0,9.6,5.0,3,46.9,38.3,4,6.8,1.6,13.5,Marketing,Senior,Diploma,Full-Time,Office,Male,2017-08-18,0
11353,40.0,54300.0,1.5,4.0,5,43.4,40.9,6,17.9,7.9,16.5,Finance,Junior,Diploma,Full-Time,Remote,Male,2017-05-20,0
11354,42.0,30700.0,3.7,4.0,2,40.4,41.4,2,1.2,1.8,20.0,HR,Junior,Diploma,Full-Time,Office,Male,2015-03-30,0
11355,31.0,70500.0,3.0,2.0,1,38.8,16.5,4,15.8,17.2,16.5,Operations,Senior,Bachelor,Full-Time,Hybrid,Female,2016-11-22,0
11356,21.0,79900.0,0.2,1.0,3,45.9,47.3,2,0.8,11.4,19.4,Sales,Mid,Master,Full-Time,Remote,Male,2024-04-24,0
11357,32.0,65700.0,4.1,2.0,3,45.3,21.2,8,10.0,6.2,15.8,HR,Mid,Master,Full-Time,Hybrid,Male,2021-11-02,0
11358,39.0,52700.0,5.4,2.0,5,37.8,41.1,3,11.9,3.4,12.6,Finance,Mid,Bachelor,Part-Time,Office,Female,2020-12-19,0
11359,24.0,76000.0,4.5,4.0,4,50.1,22.1,2,14.9,4.2,6.6,Operations,Mid,Bachelor,Contract,Office,Male,2024-11-17,0
11360,37.0,78800.0,6.7,3.0,4,40.8,31.7,1,12.6,1.0,9.4,IT,Junior,Master,Contract,Office,Male,2019-06-04,0
11361,36.0,67900.0,4.2,1.0,2,32.9,27.9,3,0.0,21.2,10.2,HR,Mid,Master,Full-Time,Hybrid,Female,2020-10-11,0
11362,41.0,43100.0,0.3,4.0,1,51.6,31.3,1,8.0,9.2,13.4,Sales,Junior,Master,Full-Time,Office,Female,2020-01-06,1
11363,37.0,67000.0,0.6,2.0,1,43.5,33.8,5,11.1,7.1,14.6,Finance,Mid,High School,Full-Time,Office,Male,2015-04-18,0
11364,28.0,96800.0,4.5,3.0,5,46.2,40.6,4,14.5,28.9,21.6,Sales,Lead,Diploma,Full-Time,Hybrid,Female,2019-09-16,0
11365,46.0,47300.0,1.6,1.0,5,52.4,33.6,2,1.2,4.1,1.6,Finance,Mid,High School,Part-Time,Office,Female,2019-06-08,0
11366,35.0,138900.0,0.4,5.0,4,39.0,48.1,6,2.4,6.9,11.8,Sales,Senior,High School,Full-Time,Hybrid,Female,2018-11-11,0
11367,36.0,48600.0,2.8,1.0,1,46.4,27.0,3,0.0,4.9,21.5,Finance,Junior,Bachelor,Full-Time,Hybrid,Male,2024-06-17,0
11368,29.0,60800.0,4.0,1.0,1,49.9,41.4,6,8.0,34.3,5.1,Marketing,Senior,Diploma,Full-Time,Office,Male,2021-06-26,0
11369,32.0,45800.0,2.0,2.0,1,39.3,22.5,5,9.6,6.5,8.5,Sales,Mid,Diploma,Full-Time,Hybrid,Female,2017-10-02,1
11370,29.0,65600.0,6.4,2.0,2,51.3,61.7,3,10.1,9.1,14.3,Finance,Mid,Master,Part-Time,Office,Female,2020-04-01,1
11371,35.0,29900.0,5.2,5.0,2,37.0,41.5,6,6.4,24.9,16.3,IT,Senior,Bachelor,Full-Time,Remote,Female,2015-11-03,0
11372,50.0,48200.0,2.0,5.0,5,43.5,24.5,8,7.3,17.1,5.1,Finance,Mid,Bachelor,Full-Time,Office,Male,2022-09-08,0
11373,25.0,38800.0,7.0,5.0,4,38.6,61.0,4,7.4,2.6,19.7,IT,Mid,Master,Contract,Office,Female,2015-10-08,0
11374,23.0,63300.0,5.2,4.0,3,47.5,42.8,5,6.6,6.4,14.9,Operations,Junior,Master,Full-Time,Hybrid,Female,2015-07-27,0
11375,48.0,89300.0,5.1,4.0,4,39.2,24.6,4,0.0,7.6,5.0,HR,Junior,High School,Contract,Office,Male,2017-03-19,0
11376,34.0,77700.0,4.0,2.0,2,40.9,33.0,1,2.3,9.0,17.8,Finance,Senior,Master,Full-Time,Hybrid,Female,2022-01-08,0
11377,31.0,23200.0,0.2,2.0,2,39.6,17.9,5,11.2,10.0,17.1,HR,Lead,Master,Full-Time,Office,Male,2017-01-09,0
11378,44.0,135800.0,6.0,5.0,5,38.0,17.9,4,5.3,4.2,12.0,HR,Junior,Bachelor,Full-Time,Office,Female,2023-12-08,0
11379,31.0,67500.0,2.4,4.0,3,40.2,53.1,3,5.0,23.3,9.7,Marketing,Mid,High School,Full-Time,Office,Male,2019-07-28,0
11380,51.0,44000.0,14.3,3.0,1,43.8,21.5,4,15.6,10.9,6.2,Operations,Junior,Diploma,Full-Time,Office,Female,2017-07-07,0
11381,41.0,63900.0,8.5,4.0,3,43.5,14.9,4,14.5,12.6,10.0,Finance,Junior,High School,Full-Time,Office,Male,2022-04-23,0
11382,32.0,64400.0,4.4,2.0,3,42.9,44.5,2,3.6,20.9,17.2,Marketing,Mid,Bachelor,Full-Time,Hybrid,Male,2015-06-15,0
11383,53.0,46000.0,1.5,4.0,3,40.7,59.9,3,16.9,9.7,3.4,Operations,Senior,Diploma,Full-Time,Remote,Female,2023-01-27,0
11384,31.0,64900.0,1.1,2.0,5,42.2,52.4,9,6.8,6.9,7.8,Marketing,Junior,High School,Full-Time,Office,Male,2017-12-20,0
11385,42.0,47100.0,2.1,5.0,2,36.1,69.4,5,12.8,6.2,13.5,HR,Senior,Master,Full-Time,Office,Female,2022-05-13,0
11386,38.0,51000.0,3.2,5.0,1,40.5,71.3,4,7.8,6.8,15.5,Sales,Junior,High School,Contract,Hybrid,Female,2020-08-12,0
11387,46.0,45600.0,1.8,5.0,3,42.9,21.5,2,4.2,7.1,15.4,HR,Senior,Diploma,Full-Time,Office,Female,2020-07-17,0
11388,48.0,33800.0,3.6,3.0,1,45.5,30.3,5,12.8,2.1,8.1,Operations,Mid,High School,Full-Time,Office,Female,2016-10-08,0
11389,36.0,63600.0,0.9,3.0,3,44.9,11.4,5,2.6,5.2,11.5,Operations,Mid,High School,Full-Time,Hybrid,Male,2021-07-21,0
11390,30.0,75800.0,19.0,2.0,2,37.9,17.6,4,7.1,3.7,9.7,HR,Senior,High School,Full-Time,Hybrid,Male,2019-01-23,0
11391,40.0,73700.0,0.6,1.0,1,46.1,51.1,4,8.0,1.9,13.3,Operations,Junior,Master,Full-Time,Office,Female,2021-10-17,0
11392,31.0,83300.0,13.4,3.0,4,44.6,39.2,12,5.7,8.9,14.9,IT,Junior,Bachelor,Full-Time,Hybrid,Male,2017-08-13,0
11393,52.0,68300.0,12.2,2.0,2,51.2,56.8,1,0.0,10.9,11.1,Sales,Junior,Bachelor,Full-Time,Hybrid,Male,2017-08-18,0
11394,37.0,48500.0,3.7,4.0,1,36.5,22.0,6,11.0,4.4,12.6,HR,Mid,Bachelor,Full-Time,Hybrid,Female,2016-12-05,0
11395,33.0,83900.0,6.5,5.0,3,43.3,26.8,4,13.5,6.6,12.0,Sales,Junior,High School,Full-Time,Hybrid,Male,2021-07-28,0
11396,37.0,34900.0,2.9,5.0,3,49.2,43.9,3,9.0,11.9,4.1,IT,Mid,Diploma,Full-Time,Hybrid,Male,2020-10-10,0
11397,25.0,41800.0,5.0,5.0,2,42.5,50.8,5,3.4,6.5,18.5,Sales,Junior,High School,Part-Time,Office,Female,2024-04-04,0
11398,28.0,40800.0,2.1,2.0,2,39.4,10.5,10,21.0,7.3,17.2,Finance,Junior,High School,Full-Time,Office,Male,2024-01-30,0
11399,46.0,92400.0,1.8,5.0,3,39.9,31.4,3,6.6,6.7,3.0,IT,Lead,Bachelor,Full-Time,Office,Male,2023-05-05,0
11400,31.0,87500.0,4.3,3.0,1,47.9,41.0,3,6.5,12.2,22.5,Sales,Senior,Bachelor,Contract,Remote,Female,2016-05-22,0
11401,28.0,72900.0,3.4,4.0,4,36.3,46.7,5,0.0,7.9,14.1,Marketing,Junior,Master,Full-Time,Hybrid,Female,2020-10-01,0
11402,40.0,92100.0,4.3,5.0,5,42.3,49.7,5,0.6,6.4,14.7,Sales,Senior,High School,Part-Time,Hybrid,Male,2019-03-25,0
11403,45.0,42200.0,1.7,2.0,2,39.6,33.9,4,15.0,5.7,9.5,IT,Senior,Master,Full-Time,Remote,Female,2019-07-23,0
11404,42.0,69000.0,2.3,4.0,3,40.0,16.5,2,27.8,4.5,12.6,Marketing,Junior,Master,Full-Time,Hybrid,Female,2016-02-03,0
11405,44.0,57100.0,0.4,5.0,1,46.2,6.1,4,15.7,12.2,14.7,Operations,Mid,Master,Full-Time,Hybrid,Male,2020-02-24,0
11406,30.0,84200.0,0.3,1.0,2,42.0,32.3,3,1.7,11.9,21.1,Sales,Lead,Bachelor,Full-Time,Hybrid,Female,2018-02-05,0
11407,25.0,57300.0,1.5,5.0,1,45.2,30.7,4,10.9,8.0,6.5,Sales,Senior,Master,Full-Time,Office,Male,2017-03-14,0
11408,48.0,51400.0,0.4,3.0,2,37.8,23.1,3,5.7,15.4,17.6,IT,Senior,High School,Full-Time,Remote,Male,2021-09-07,0
11409,33.0,74500.0,0.5,4.0,3,48.1,48.4,2,5.9,8.1,9.9,Marketing,Mid,Master,Contract,Hybrid,Male,2024-06-08,0
11410,34.0,85200.0,8.4,3.0,1,45.1,17.8,4,0.2,10.0,19.1,Marketing,Senior,Bachelor,Full-Time,Office,Female,2019-05-05,0
11411,47.0,45900.0,0.2,1.0,3,50.2,25.1,8,11.1,5.4,4.7,Sales,Mid,High School,Full-Time,Office,Female,2024-07-18,0
11412,40.0,58600.0,5.4,1.0,1,42.0,52.5,5,0.4,18.5,11.6,Operations,Senior,High School,Contract,Hybrid,Female,2021-12-21,0
11413,40.0,39300.0,1.6,3.0,2,46.2,23.4,2,0.0,9.0,1.6,Finance,Senior,Diploma,Full-Time,Office,Male,2022-08-03,0
11414,53.0,22100.0,10.3,4.0,5,47.9,39.8,4,5.5,10.5,8.7,IT,Junior,Bachelor,Full-Time,Office,Female,2015-03-10,0
11415,31.0,65000.0,3.3,1.0,5,46.1,34.9,4,0.0,8.4,9.6,IT,Mid,Diploma,Full-Time,Hybrid,Female,2021-11-28,0
11416,43.0,76500.0,1.8,1.0,4,52.5,38.6,0,3.2,8.5,14.2,HR,Mid,Bachelor,Contract,Hybrid,Male,2015-04-08,0
11417,36.0,66600.0,3.6,5.0,4,35.7,48.2,2,11.6,9.6,4.2,Marketing,Junior,Bachelor,Full-Time,Hybrid,Male,2019-06-27,0
11418,38.0,27500.0,2.4,2.0,3,44.9,39.9,2,14.8,1.9,20.3,Marketing,Mid,Bachelor,Full-Time,Hybrid,Male,2015-01-16,0
11419,48.0,52100.0,4.2,1.0,1,42.0,14.2,6,11.8,10.8,21.2,HR,Senior,Diploma,Part-Time,Remote,Female,2018-01-07,0
11420,40.0,24700.0,0.6,4.0,4,41.6,16.7,2,6.6,4.9,12.8,Sales,Lead,Master,Full-Time,Remote,Female,2019-11-02,0
11421,40.0,103800.0,29.0,4.0,2,51.5,39.4,2,4.7,6.8,5.4,Sales,Senior,Bachelor,Full-Time,Hybrid,Female,2024-03-23,0
11422,45.0,38900.0,2.8,5.0,5,40.9,21.2,2,2.4,5.1,4.9,IT,Junior,High School,Full-Time,Hybrid,Female,2021-09-23,0
11423,33.0,99100.0,2.1,4.0,1,48.3,49.3,7,16.9,14.3,12.5,Sales,Mid,High School,Full-Time,Office,Female,2024-02-12,0
11424,29.0,87600.0,6.2,5.0,5,38.7,39.6,4,0.4,4.6,8.0,Finance,Junior,Bachelor,Full-Time,Office,Female,2020-06-09,0
11425,28.0,41900.0,2.3,1.0,1,49.1,9.3,5,8.7,6.5,18.4,Finance,Senior,Bachelor,Full-Time,Hybrid,Male,2018-05-19,1
11426,21.0,38100.0,9.0,1.0,4,43.9,63.3,2,11.6,5.1,10.3,Finance,Senior,Bachelor,Full-Time,Office,Female,2015-07-03,0
11427,52.0,69000.0,3.0,1.0,4,42.6,29.5,1,0.0,4.8,14.3,HR,Senior,Master,Full-Time,Hybrid,Female,2020-04-27,0
11428,27.0,42800.0,6.4,1.0,3,36.3,31.9,5,0.0,4.8,11.7,Operations,Senior,Bachelor,Full-Time,Office,Male,2021-02-20,0
11429,34.0,62500.0,0.6,2.0,1,42.6,41.3,3,11.5,3.4,9.3,Finance,Junior,Master,Full-Time,Office,Male,2015-02-09,0
11430,34.0,49500.0,9.4,2.0,2,40.6,33.7,2,0.0,5.4,8.2,HR,Junior,Master,Full-Time,Remote,Female,2016-12-03,0
11431,38.0,29400.0,6.7,1.0,4,52.7,49.4,4,9.9,9.2,6.3,IT,Lead,Bachelor,Part-Time,Hybrid,Female,2021-11-05,0
11432,43.0,24600.0,1.2,4.0,3,44.3,19.7,4,2.7,4.2,10.1,IT,Senior,Bachelor,Full-Time,Hybrid,Female,2018-08-31,0
11433,43.0,65700.0,0.8,5.0,4,41.0,52.2,3,9.6,8.7,12.3,Operations,Mid,Master,Full-Time,Hybrid,Male,2023-04-28,0
11434,31.0,47900.0,1.9,3.0,5,40.8,45.2,5,10.4,11.6,13.1,Finance,Mid,Diploma,Full-Time,Hybrid,Female,2020-10-09,0
11435,35.0,48100.0,18.7,5.0,4,37.2,23.4,2,14.0,7.3,12.2,HR,Mid,Master,Full-Time,Office,Male,2019-09-12,0
11436,38.0,79300.0,1.5,3.0,1,51.6,38.8,1,10.7,3.5,11.0,Finance,Mid,High School,Part-Time,Hybrid,Female,2021-12-01,0
11437,34.0,95900.0,3.0,3.0,3,50.3,53.2,3,9.3,2.3,2.6,Operations,Junior,Bachelor,Full-Time,Hybrid,Male,2020-09-14,1
11438,,53800.0,0.2,1.0,1,43.7,42.8,5,18.4,14.1,17.8,Operations,Mid,Diploma,Full-Time,Office,Female,2018-06-05,0
11439,40.0,52400.0,2.5,3.0,2,54.9,37.2,3,2.1,23.6,4.3,Sales,Mid,Diploma,Part-Time,Office,Male,2016-06-26,0
11440,,73300.0,4.2,1.0,2,43.9,44.3,4,8.3,21.5,14.5,HR,Junior,Bachelor,Full-Time,Hybrid,Male,2018-02-20,0
11441,41.0,34900.0,15.3,2.0,4,49.5,45.6,7,13.5,9.9,18.2,HR,Lead,Diploma,Part-Time,Office,Male,2021-04-29,0
11442,45.0,65600.0,3.6,4.0,3,46.8,27.4,6,0.0,9.9,18.0,HR,Junior,High School,Full-Time,Hybrid,Male,2020-12-10,0
11443,37.0,74800.0,8.5,3.0,3,41.1,37.4,5,17.1,6.9,16.0,HR,Mid,Bachelor,Full-Time,Remote,Female,2021-03-15,0
11444,26.0,78800.0,4.0,4.0,3,44.9,47.7,2,7.0,6.8,12.4,Sales,Mid,Master,Full-Time,Office,Male,2018-10-01,0
11445,39.0,27700.0,0.2,1.0,3,45.9,37.0,4,10.6,4.8,7.5,Finance,Mid,Bachelor,Full-Time,Hybrid,Female,2015-10-03,0
11446,31.0,44200.0,1.9,3.0,4,37.5,24.2,4,5.0,4.4,5.0,IT,Junior,High School,Full-Time,Remote,Female,2023-09-05,0
11447,32.0,42200.0,4.3,5.0,1,45.4,39.2,3,10.6,2.2,12.2,Operations,Mid,Diploma,Full-Time,Remote,Male,2017-07-17,0
11448,41.0,62400.0,15.0,2.0,4,49.7,29.1,1,9.6,13.1,8.6,Marketing,Junior,Bachelor,Full-Time,Office,Male,2024-09-08,0
11449,46.0,72700.0,9.8,2.0,1,40.5,43.7,1,1.3,11.8,9.4,Marketing,Mid,High School,Part-Time,Office,Male,2017-07-01,0
11450,36.0,109200.0,1.3,3.0,5,42.9,56.4,7,5.4,6.1,15.5,HR,Junior,Master,Full-Time,Office,Male,2019-02-17,0
11451,38.0,49200.0,1.2,2.0,5,38.5,45.2,5,11.0,19.3,11.1,HR,Junior,High School,Contract,Hybrid,Female,2020-08-15,0
11452,50.0,49200.0,1.1,5.0,1,41.6,22.6,4,16.8,38.2,8.2,IT,Lead,Bachelor,Full-Time,Office,Male,2020-12-10,1
11453,38.0,95000.0,12.8,4.0,4,42.0,39.5,0,5.7,2.8,26.9,Marketing,Senior,High School,Full-Time,Hybrid,Male,2018-01-14,0
11454,57.0,67600.0,9.6,5.0,2,51.9,5.0,2,0.3,11.9,10.3,HR,Junior,Master,Full-Time,Hybrid,Male,2019-11-01,0
11455,41.0,99600.0,7.5,2.0,4,42.4,33.5,10,10.1,7.9,15.9,Operations,Lead,Bachelor,Contract,Remote,Female,2024-10-14,0
11456,22.0,67300.0,2.5,4.0,2,41.3,49.1,6,6.2,24.7,15.5,Operations,Junior,Diploma,Full-Time,Office,Male,2023-08-19,0
11457,42.0,37800.0,3.5,5.0,4,43.5,41.0,3,12.8,5.6,9.9,Sales,Junior,Bachelor,Full-Time,Office,Male,2023-02-11,0
11458,39.0,35200.0,3.1,1.0,3,35.5,36.7,1,3.5,16.8,8.5,Marketing,Junior,Master,Full-Time,Remote,Male,2015-12-28,0
11459,46.0,32300.0,1.5,1.0,3,32.2,66.9,2,0.0,13.0,3.8,Sales,Senior,Master,Full-Time,Office,Male,2024-07-29,0
11460,41.0,78200.0,3.5,4.0,5,37.1,9.4,5,17.4,17.9,13.2,IT,Mid,Bachelor,Contract,Remote,Female,2022-07-13,0
11461,35.0,96500.0,0.2,4.0,5,45.6,12.8,6,5.2,4.8,12.2,IT,Junior,Master,Full-Time,Office,Male,2015-02-10,0
11462,26.0,125700.0,0.7,4.0,1,44.0,42.2,9,2.6,6.1,5.9,Marketing,Junior,High School,Full-Time,Remote,Female,2019-10-20,0
11463,34.0,84100.0,10.9,1.0,2,48.3,48.5,4,3.9,11.6,18.3,Operations,Mid,High School,Full-Time,Hybrid,Male,2018-10-03,0
11464,29.0,95500.0,7.0,5.0,3,36.4,49.1,6,16.5,17.7,15.1,Finance,Senior,Diploma,Part-Time,Office,Female,2015-04-24,0
11465,31.0,47600.0,2.7,4.0,4,43.0,26.4,5,21.8,9.3,12.1,Marketing,Senior,Bachelor,Full-Time,Hybrid,Male,2020-03-15,0
11466,41.0,37800.0,3.6,1.0,1,36.0,22.3,3,3.3,2.1,10.2,Sales,Mid,Diploma,Full-Time,Remote,Male,2021-02-25,0
11467,49.0,84300.0,2.3,4.0,4,45.3,20.1,4,6.8,18.4,10.9,Finance,Senior,High School,Full-Time,Office,Male,2018-03-04,0
11468,39.0,70900.0,6.8,4.0,3,37.1,39.8,4,9.9,19.8,6.1,Sales,Senior,Diploma,Full-Time,Office,Male,2021-02-24,0
11469,26.0,62600.0,7.7,4.0,3,42.8,20.3,5,0.0,5.4,9.0,Sales,Mid,Master,Full-Time,Hybrid,Female,2015-06-06,0
11470,40.0,70100.0,7.2,1.0,3,45.0,51.7,2,4.9,14.5,15.6,Sales,Mid,Bachelor,Full-Time,Remote,Female,2018-09-08,0
11471,46.0,68300.0,6.4,5.0,3,42.0,34.7,3,19.3,11.3,11.2,HR,Junior,Bachelor,Full-Time,Office,Male,2020-04-19,0
11472,31.0,100300.0,1.1,1.0,4,32.7,24.4,5,6.0,4.3,22.7,Finance,Mid,Bachelor,Part-Time,Office,Male,2019-03-15,0
11473,35.0,100700.0,2.1,1.0,1,52.3,24.5,6,15.6,14.9,9.0,HR,Senior,High School,Full-Time,Office,Female,2024-03-31,1
11474,36.0,74600.0,3.2,4.0,3,41.5,12.0,7,7.6,7.8,11.6,HR,Junior,Master,Full-Time,Office,Female,2017-04-29,0
11475,30.0,84200.0,2.0,3.0,5,36.0,23.1,3,0.0,3.1,14.4,Sales,Mid,High School,Full-Time,Office,Male,2015-02-13,0
11476,41.0,73700.0,7.0,3.0,1,47.8,26.7,3,14.0,15.0,15.1,IT,Mid,Master,Full-Time,Hybrid,Female,2019-10-07,0
11477,35.0,49900.0,2.0,3.0,5,48.0,41.1,1,5.9,35.2,10.7,Operations,Junior,Master,Full-Time,Hybrid,Female,2021-06-28,0
11478,39.0,81200.0,0.7,,4,42.5,33.5,4,16.6,1.6,8.5,Marketing,Junior,Bachelor,Full-Time,Hybrid,Male,2015-08-10,0
11479,29.0,34300.0,2.5,4.0,3,51.7,22.1,3,9.2,9.9,10.5,IT,Junior,High School,Contract,Hybrid,Female,2021-04-25,0
11480,33.0,91500.0,19.5,3.0,1,40.3,16.6,4,8.0,9.6,14.2,Sales,Mid,Diploma,Contract,Office,Female,2016-08-24,0
11481,42.0,37200.0,1.3,2.0,3,44.9,31.4,3,10.8,3.6,10.7,Marketing,Mid,Diploma,Full-Time,Hybrid,Male,2024-08-22,0
11482,33.0,67300.0,4.7,2.0,3,46.6,5.0,3,10.3,16.4,24.2,Operations,Mid,Bachelor,Full-Time,Hybrid,Male,2016-09-06,0
11483,50.0,42800.0,2.8,2.0,1,51.6,30.2,1,0.0,3.7,10.6,Marketing,Junior,High School,Contract,Remote,Female,2017-09-20,0
11484,33.0,74900.0,0.4,5.0,3,34.3,51.7,5,14.4,8.5,13.2,Operations,Mid,Master,Full-Time,Hybrid,Male,2024-05-22,0
11485,38.0,59200.0,3.3,4.0,3,55.5,32.0,6,7.8,4.7,12.2,Sales,Junior,Bachelor,Full-Time,Office,Male,2022-07-27,0
11486,43.0,31700.0,6.1,1.0,2,49.9,37.4,6,8.2,3.9,10.9,HR,Junior,Diploma,Full-Time,Hybrid,Female,2022-11-30,1
11487,25.0,71000.0,3.6,1.0,2,46.2,35.6,1,10.5,10.4,16.4,Marketing,Mid,Diploma,Full-Time,Office,Male,2022-12-26,0
11488,22.0,47600.0,10.3,4.0,1,40.0,14.2,2,13.4,4.9,6.9,Operations,Senior,Master,Full-Time,Remote,Male,2018-07-10,0
11489,24.0,85400.0,1.7,5.0,1,39.6,61.4,5,14.3,19.6,23.8,Marketing,Senior,High School,Full-Time,Hybrid,Female,2015-01-27,0
11490,46.0,60000.0,0.5,4.0,3,45.4,28.9,4,12.0,8.1,8.6,Marketing,Junior,Diploma,Full-Time,Hybrid,Male,2017-10-27,0
11491,32.0,70300.0,13.8,5.0,5,46.5,34.9,4,0.0,14.6,14.4,Marketing,Mid,High School,Full-Time,Hybrid,Male,2018-07-11,0
11492,56.0,40900.0,2.4,3.0,1,45.8,25.2,4,7.6,14.0,13.1,Finance,Mid,High School,Full-Time,Office,Male,2021-07-31,1
11493,31.0,47400.0,4.3,3.0,3,44.8,52.1,9,2.4,18.4,11.9,HR,Senior,Diploma,Part-Time,Hybrid,Male,2022-02-14,0
11494,37.0,49900.0,7.9,5.0,5,46.2,13.1,7,9.1,6.5,18.6,Finance,Junior,Diploma,Part-Time,Hybrid,Male,2018-05-29,0
11495,48.0,84500.0,2.0,4.0,2,33.1,54.5,2,6.8,7.3,21.7,Finance,Senior,Bachelor,Full-Time,Office,Female,2018-03-23,0
11496,52.0,117400.0,6.3,3.0,1,42.7,30.4,10,20.2,4.3,8.1,Operations,Mid,High School,Full-Time,Hybrid,Male,2022-03-05,0
11497,52.0,43500.0,0.7,4.0,3,37.1,27.0,2,0.0,8.8,8.2,Sales,Senior,Bachelor,Full-Time,Hybrid,Male,2015-10-03,0
11498,46.0,92300.0,1.7,3.0,2,43.8,25.6,8,8.1,4.6,14.7,HR,Lead,High School,Full-Time,Office,Female,2015-08-09,1
11499,44.0,25200.0,0.8,4.0,4,50.5,62.1,7,8.7,17.7,11.8,IT,Lead,Diploma,Full-Time,Office,Female,2019-06-03,0
11500,41.0,37200.0,8.3,4.0,2,39.5,10.9,6,5.2,4.2,9.5,HR,Mid,High School,Full-Time,Remote,Female,2023-08-25,0
11501,42.0,40900.0,1.3,2.0,3,40.5,27.0,4,7.9,5.9,10.6,IT,Senior,Bachelor,Contract,Office,Male,2015-02-20,0
11502,32.0,34900.0,6.3,5.0,5,39.8,,2,20.8,11.7,9.5,Operations,Junior,High School,Part-Time,Office,Female,2017-04-21,0
11503,29.0,31800.0,14.3,1.0,4,40.4,7.8,3,10.2,11.4,6.4,Operations,Junior,Diploma,Full-Time,Hybrid,Male,2015-08-28,0
11504,36.0,70800.0,3.8,5.0,4,46.8,54.6,3,17.1,3.6,13.4,Marketing,Mid,Bachelor,Full-Time,Hybrid,Female,2024-06-05,0
11505,35.0,55100.0,3.9,4.0,4,47.9,34.6,4,5.2,5.3,12.3,Operations,Lead,High School,Contract,Remote,Female,2015-05-08,0
11506,32.0,69800.0,3.1,4.0,1,51.3,17.6,4,12.6,6.4,9.7,IT,Senior,High School,Full-Time,Office,Male,2022-10-16,0
11507,42.0,79100.0,2.0,5.0,3,39.0,47.4,1,3.1,7.1,2.5,IT,Mid,High School,Full-Time,Remote,Male,2021-03-26,0
11508,44.0,66700.0,3.2,4.0,4,47.4,29.0,5,2.8,9.2,10.3,Operations,Senior,High School,Full-Time,Office,Female,2018-10-02,0
11509,37.0,78100.0,4.6,3.0,2,48.3,25.3,6,0.0,13.6,21.8,IT,Junior,Master,Full-Time,Hybrid,Male,2021-02-20,0
11510,48.0,58400.0,21.3,4.0,5,52.3,43.6,7,1.6,7.3,10.3,Marketing,Mid,High School,Full-Time,Office,Female,2015-04-11,0
11511,27.0,37300.0,13.9,5.0,3,39.3,28.7,7,8.3,8.5,10.5,Marketing,Junior,Diploma,Full-Time,Hybrid,Male,2024-03-30,0
11512,34.0,91600.0,9.9,5.0,2,34.0,20.6,4,17.3,4.6,9.6,Finance,Junior,Diploma,Full-Time,Remote,Female,2023-06-03,0
11513,30.0,47400.0,11.0,5.0,1,42.6,45.4,6,7.3,22.9,15.1,IT,Junior,Bachelor,Full-Time,Office,Male,2022-10-15,0
11514,21.0,41300.0,3.2,2.0,4,58.0,32.9,5,9.4,10.7,17.4,HR,Senior,High School,Full-Time,Office,Female,2016-12-12,1
11515,35.0,55900.0,5.4,2.0,2,38.5,46.2,5,14.9,6.6,8.7,Sales,Mid,Master,Full-Time,Hybrid,Male,2015-06-11,0
11516,35.0,41600.0,11.3,2.0,3,46.4,29.0,4,6.1,18.9,4.5,Finance,Junior,Master,Full-Time,Hybrid,Female,2024-01-25,1
11517,48.0,50800.0,2.5,2.0,2,32.9,50.3,3,2.1,10.4,10.3,IT,Mid,Diploma,Full-Time,Office,Male,2016-01-28,0
11518,41.0,68900.0,16.3,2.0,1,53.1,35.2,7,2.8,9.3,9.4,Finance,Senior,Master,Full-Time,Remote,Male,2018-04-24,0
11519,28.0,69000.0,2.7,2.0,5,34.6,50.9,3,14.7,8.0,11.0,Operations,Lead,Diploma,Full-Time,Hybrid,Male,2018-01-09,0
11520,51.0,41900.0,4.6,2.0,4,32.0,50.4,5,8.9,16.3,18.0,Operations,Senior,High School,Full-Time,Office,Male,2019-09-16,0
11521,46.0,49400.0,6.2,5.0,3,44.5,53.5,3,8.9,24.7,6.9,Operations,Junior,Bachelor,Full-Time,Remote,Male,2017-01-18,0
11522,41.0,92200.0,15.0,1.0,4,44.6,36.0,3,2.7,16.1,14.1,IT,Junior,High School,Full-Time,Office,Female,2019-10-16,0
11523,34.0,73200.0,1.4,2.0,4,51.1,40.7,4,16.1,8.2,14.1,IT,Junior,Master,Full-Time,Remote,Female,2020-10-29,0
11524,28.0,137600.0,6.9,5.0,4,48.2,31.5,2,19.1,20.4,14.5,Finance,Mid,Bachelor,Full-Time,Office,Male,2023-01-02,0
11525,33.0,96200.0,3.7,1.0,2,34.0,21.5,4,9.0,6.7,15.5,IT,Mid,Bachelor,Full-Time,Office,Male,2019-09-21,0
11526,45.0,94800.0,1.6,2.0,2,43.2,65.0,4,13.5,4.3,2.6,IT,Junior,Diploma,Full-Time,Hybrid,Female,2015-07-20,0
11527,51.0,34400.0,7.5,1.0,5,40.5,23.7,6,4.1,14.1,15.0,Sales,Lead,Bachelor,Full-Time,Hybrid,Female,2016-12-03,0
11528,48.0,81400.0,4.0,1.0,1,37.3,48.6,2,15.6,21.9,11.9,HR,Senior,Diploma,Full-Time,Hybrid,Male,2016-11-12,0
11529,32.0,58700.0,5.4,3.0,3,46.2,45.9,10,11.5,8.0,8.6,Marketing,Mid,Master,Full-Time,Office,Female,2017-06-01,0
11530,27.0,48100.0,1.9,4.0,2,49.2,37.7,4,0.6,25.4,20.3,Sales,Mid,Diploma,Full-Time,Office,Female,2021-03-19,0
11531,37.0,64200.0,3.3,3.0,4,40.0,32.7,4,10.7,2.9,16.5,Marketing,Mid,High School,Contract,Hybrid,Male,2020-08-26,0
11532,22.0,87600.0,4.8,1.0,1,42.3,32.8,3,10.7,7.5,7.9,Marketing,Mid,Master,Full-Time,Remote,Female,2015-08-26,0
11533,39.0,73300.0,2.6,5.0,3,42.7,25.1,3,9.1,4.4,9.6,HR,Senior,High School,Full-Time,Hybrid,Male,2022-08-28,0
11534,35.0,42200.0,1.1,2.0,3,40.7,36.4,6,11.1,4.3,17.4,Sales,Junior,Master,Part-Time,Office,Female,2021-07-21,0
11535,32.0,80700.0,16.3,4.0,3,41.9,17.3,4,7.7,7.8,11.8,IT,Senior,Bachelor,Full-Time,Hybrid,Female,2018-06-22,0
11536,23.0,46500.0,3.6,2.0,3,40.7,46.2,3,6.9,26.7,5.5,HR,Junior,Master,Full-Time,Hybrid,Male,2021-11-02,0
11537,40.0,65400.0,6.6,5.0,5,44.6,31.6,2,9.5,20.1,20.8,IT,Mid,High School,Full-Time,Office,Male,2018-08-20,0
11538,32.0,53100.0,2.6,4.0,3,41.1,20.6,3,5.9,21.2,10.8,IT,Mid,Master,Full-Time,Hybrid,Male,2018-02-10,0
11539,27.0,,2.2,3.0,1,46.1,15.9,3,4.1,10.9,12.2,Operations,Junior,,Full-Time,Hybrid,Male,2024-08-26,0
11540,21.0,81500.0,2.6,1.0,2,41.0,33.0,4,14.7,6.5,14.3,IT,Junior,Bachelor,Full-Time,Office,Female,2021-09-30,0
11541,36.0,39600.0,2.6,5.0,1,47.2,33.5,5,4.6,10.1,7.8,IT,Junior,High School,Full-Time,Hybrid,Female,2020-01-04,1
11542,50.0,130600.0,3.9,1.0,4,40.9,27.2,4,7.0,3.0,18.5,Sales,Mid,,Full-Time,Hybrid,Male,2015-09-14,0
11543,49.0,29000.0,3.9,1.0,5,47.0,42.5,2,5.1,23.6,7.4,Marketing,Mid,Master,Contract,Remote,Female,2020-10-03,0
11544,32.0,47200.0,3.4,2.0,5,39.8,40.2,2,2.8,2.3,13.2,Marketing,Lead,High School,Part-Time,Hybrid,Male,2021-10-22,0
11545,31.0,69600.0,0.7,5.0,4,48.4,35.9,2,17.3,7.3,9.4,Sales,Junior,High School,Contract,Hybrid,Female,2018-03-07,0
11546,40.0,75800.0,3.4,1.0,1,35.1,21.1,2,0.0,8.0,17.3,Marketing,Junior,High School,Part-Time,Office,Female,2018-10-27,0
11547,28.0,57600.0,0.9,3.0,1,44.0,23.9,3,10.4,14.5,14.8,Operations,Mid,Diploma,Contract,Hybrid,Male,2019-06-19,0
11548,38.0,58600.0,0.7,4.0,4,41.2,14.1,2,7.2,10.9,11.1,HR,Junior,Bachelor,Full-Time,Office,Female,2023-10-02,0
11549,42.0,70700.0,13.5,5.0,3,43.8,32.1,3,10.9,11.4,4.2,IT,Junior,Diploma,Full-Time,Office,Male,2015-01-24,0
11550,46.0,54700.0,4.6,2.0,3,38.1,43.4,4,7.0,1.5,13.9,IT,Mid,Bachelor,Full-Time,Office,Male,2024-08-28,0
11551,35.0,104800.0,5.4,5.0,2,43.0,16.8,3,11.0,7.1,12.7,Operations,Senior,Diploma,Full-Time,Hybrid,Male,2022-10-14,0
11552,34.0,83900.0,2.6,2.0,1,38.5,26.6,5,9.7,5.1,4.3,IT,Senior,High School,Full-Time,Hybrid,Male,2015-04-02,0
11553,29.0,85100.0,12.0,4.0,1,42.8,34.2,3,11.5,8.9,13.0,Finance,Junior,Diploma,Full-Time,Hybrid,Male,2016-05-10,0
11554,29.0,40800.0,5.1,3.0,4,42.3,43.4,3,18.5,7.3,15.3,HR,Junior,Master,Full-Time,Hybrid,Female,2024-05-28,0
11555,34.0,58100.0,7.3,1.0,4,45.6,12.8,3,0.0,9.3,12.3,Finance,Mid,Bachelor,Full-Time,Hybrid,Male,2022-02-23,0
11556,39.0,53200.0,2.3,5.0,3,44.3,68.3,7,8.5,3.5,9.5,Sales,Mid,High School,Full-Time,Office,Female,2023-01-20,0
11557,43.0,40100.0,16.1,2.0,1,53.4,46.3,3,2.0,8.6,18.9,Finance,Senior,Bachelor,Full-Time,Hybrid,Female,2022-07-22,0
11558,30.0,69300.0,8.6,4.0,1,41.5,26.0,3,3.7,27.2,21.1,Marketing,Mid,High School,Full-Time,Office,Male,2023-11-03,0
11559,48.0,48400.0,9.6,1.0,5,43.3,18.9,5,2.3,35.5,6.4,Marketing,Junior,High School,Contract,Hybrid,Female,2020-11-10,0
11560,34.0,78000.0,0.9,4.0,2,59.9,39.3,6,6.2,20.6,17.2,HR,Junior,Master,Contract,Office,Female,2016-01-14,0
11561,36.0,39100.0,1.6,3.0,2,42.9,42.1,2,14.7,2.2,14.1,Finance,Lead,Diploma,Full-Time,Hybrid,Female,2022-07-29,0
11562,30.0,119300.0,1.7,1.0,3,48.8,20.1,1,5.7,6.5,9.0,Finance,Mid,Master,Contract,Hybrid,Male,2021-12-01,0
11563,21.0,41900.0,1.6,1.0,1,46.9,,5,10.1,5.6,10.9,IT,Senior,Bachelor,Contract,Hybrid,Female,2017-10-25,1
11564,43.0,65500.0,9.7,1.0,5,55.7,21.6,5,13.4,8.9,11.2,HR,Mid,Diploma,Full-Time,Office,Female,2016-03-08,1
11565,42.0,82400.0,0.2,2.0,1,36.8,36.0,9,2.9,20.2,17.3,IT,Senior,Bachelor,Part-Time,Hybrid,Female,2018-01-20,0
11566,34.0,47800.0,0.4,1.0,4,36.3,36.2,1,3.2,7.7,9.8,HR,Junior,Diploma,Full-Time,Hybrid,Male,2015-11-07,0
11567,37.0,84400.0,1.6,4.0,3,38.4,67.5,5,8.0,4.2,2.8,HR,Senior,Master,Contract,Office,Female,2020-09-24,1
11568,40.0,36700.0,1.1,2.0,2,44.9,5.0,2,0.0,18.0,10.9,Finance,Senior,High School,Full-Time,Office,Female,2023-10-20,0
11569,23.0,107300.0,1.3,1.0,1,39.0,24.9,2,20.1,10.4,16.7,Operations,Junior,Bachelor,Contract,Office,Male,2017-01-31,0
11570,32.0,60300.0,8.0,4.0,3,33.3,27.1,5,8.0,13.7,17.9,IT,Junior,Bachelor,Full-Time,Hybrid,Female,2019-01-19,0
11571,42.0,47300.0,4.1,4.0,2,39.4,42.3,7,11.4,16.2,9.9,Sales,Mid,Master,Full-Time,Office,Female,2021-03-21,0
11572,26.0,53200.0,0.2,5.0,1,45.8,42.9,4,6.8,6.3,14.4,IT,Mid,Master,Full-Time,Office,Female,2021-01-23,0
11573,38.0,82900.0,2.8,4.0,5,39.5,32.0,3,11.8,3.5,18.0,Sales,Mid,Diploma,Full-Time,Office,Male,2017-09-25,0
11574,25.0,47500.0,2.6,3.0,3,49.7,57.7,3,7.0,9.3,15.3,Marketing,Senior,Bachelor,Contract,Hybrid,Male,2016-02-10,0
11575,40.0,44500.0,0.6,1.0,1,38.4,18.3,3,11.3,6.3,22.3,HR,Senior,Master,Full-Time,Office,Female,2021-06-23,1
11576,36.0,54900.0,5.6,1.0,2,44.1,24.6,4,15.8,8.4,19.0,IT,Mid,Diploma,Part-Time,Remote,Female,2018-05-05,1
11577,23.0,37500.0,6.1,1.0,2,42.0,15.3,4,0.0,21.6,9.8,HR,Mid,Diploma,Full-Time,Office,Female,2020-02-09,0
11578,45.0,124300.0,6.4,4.0,5,44.9,32.8,6,12.0,9.2,11.5,Operations,Junior,Bachelor,Contract,Office,Male,2022-06-11,0
11579,30.0,47800.0,6.5,4.0,3,45.4,30.0,3,4.8,29.0,20.5,IT,Junior,Diploma,Full-Time,Hybrid,Female,2017-07-21,0
11580,30.0,83700.0,0.2,1.0,3,51.9,46.8,2,1.4,9.8,6.1,Marketing,Mid,Master,Full-Time,Remote,Male,2016-10-24,0
11581,38.0,65200.0,15.4,2.0,1,47.4,62.8,4,0.0,6.5,11.7,IT,Senior,Master,Full-Time,Remote,Male,2019-10-26,0
11582,45.0,40500.0,8.4,2.0,2,41.9,57.4,3,8.6,3.3,21.5,Marketing,Senior,Master,Full-Time,Office,Female,2019-10-18,0
11583,28.0,59900.0,11.7,3.0,2,47.1,16.7,7,9.7,9.4,22.2,HR,Senior,Bachelor,Part-Time,Office,Female,2020-04-07,0
11584,36.0,82100.0,0.2,5.0,5,47.8,35.8,3,4.2,4.2,13.5,Finance,Mid,Master,Full-Time,Hybrid,Female,2017-10-09,0
11585,39.0,55600.0,13.6,3.0,5,54.2,46.6,5,0.5,11.6,3.7,Operations,Junior,High School,Full-Time,Office,Male,2024-03-24,0
11586,42.0,96700.0,8.3,1.0,3,43.2,45.0,3,8.7,7.4,10.2,Sales,Mid,Diploma,Full-Time,Hybrid,Female,2017-11-27,0
11587,37.0,90300.0,9.1,1.0,2,43.6,69.7,5,8.4,7.2,15.6,HR,Junior,High School,Full-Time,Hybrid,Male,2017-10-31,0
11588,33.0,86700.0,0.5,1.0,1,50.6,31.7,3,11.6,8.5,8.0,Operations,Mid,Diploma,Full-Time,Hybrid,Female,2024-03-06,1
11589,29.0,49900.0,6.7,5.0,4,34.0,36.2,5,12.1,9.4,23.7,Operations,Junior,Bachelor,Contract,Remote,Female,2018-12-04,0
11590,37.0,39000.0,16.1,4.0,1,43.0,68.6,5,15.0,7.8,10.8,Finance,Junior,Master,Full-Time,Office,Female,2019-03-06,0
11591,27.0,46900.0,5.7,5.0,5,47.5,41.3,5,12.0,35.7,18.6,HR,Mid,Diploma,Full-Time,Hybrid,Female,2016-07-04,0
11592,21.0,64900.0,4.2,3.0,1,49.2,26.0,4,0.0,4.7,11.4,,Junior,Diploma,Full-Time,Hybrid,Female,2020-10-04,0
11593,39.0,74600.0,14.6,4.0,2,33.0,20.4,2,7.9,16.4,13.6,IT,Mid,Master,Full-Time,Hybrid,Male,2022-12-26,0
11594,43.0,25200.0,2.9,4.0,3,37.3,38.1,4,14.0,19.3,12.0,Marketing,Mid,Bachelor,Full-Time,Hybrid,Female,2024-05-20,0
11595,21.0,59800.0,4.6,3.0,4,31.5,51.0,4,13.1,3.7,9.2,Marketing,Senior,High School,Full-Time,Remote,Male,2020-05-06,0
11596,28.0,63900.0,3.2,4.0,3,48.4,50.8,6,22.6,8.3,10.0,IT,Junior,Bachelor,Full-Time,Remote,Female,2015-04-22,0
11597,41.0,53700.0,13.5,2.0,4,45.0,21.9,3,13.3,10.3,15.5,IT,Junior,Master,Part-Time,Hybrid,Female,2024-05-28,0
11598,52.0,100600.0,0.4,3.0,4,51.1,36.5,6,0.0,9.0,10.9,HR,Senior,High School,Full-Time,Hybrid,Female,2015-05-28,0
11599,36.0,71000.0,3.5,3.0,2,44.1,28.2,4,0.0,8.8,9.8,Marketing,Junior,Master,Full-Time,Hybrid,Female,2021-12-20,0
11600,30.0,101300.0,5.8,2.0,2,55.2,32.8,6,8.3,12.4,15.1,HR,Senior,High School,Full-Time,Hybrid,Female,2018-08-24,1
11601,35.0,55000.0,7.8,5.0,5,39.3,48.6,6,8.9,1.8,19.6,Finance,Junior,Diploma,Full-Time,Office,Male,2022-02-06,0
11602,47.0,87300.0,4.4,5.0,5,42.2,34.3,6,4.7,7.5,20.6,Finance,Mid,Master,Full-Time,Hybrid,Female,2018-08-17,0
11603,31.0,115400.0,12.0,5.0,4,46.1,44.8,2,12.6,6.0,7.0,IT,Junior,Master,Full-Time,Hybrid,Female,2024-04-26,0
11604,30.0,101400.0,14.2,4.0,5,40.4,45.2,6,0.0,4.8,8.1,Marketing,Mid,Diploma,Full-Time,Hybrid,Male,2022-04-13,0
11605,32.0,38800.0,0.3,2.0,2,46.1,25.8,2,5.2,14.8,18.5,Finance,Senior,Master,Full-Time,Office,Male,2022-09-20,1
11606,28.0,54200.0,2.6,3.0,5,43.4,53.4,4,0.0,16.5,9.5,Marketing,Mid,High School,Full-Time,Hybrid,Female,2017-02-19,0
11607,37.0,52300.0,0.2,3.0,4,43.2,18.6,7,3.5,17.7,10.8,Marketing,Senior,Master,Full-Time,Hybrid,Male,2015-02-28,0
11608,49.0,73000.0,2.0,3.0,3,43.4,16.0,6,5.9,14.5,5.3,Sales,Junior,Bachelor,Full-Time,Office,Female,2021-06-28,0
11609,39.0,79000.0,3.8,4.0,1,47.5,27.8,5,14.3,3.5,15.6,Finance,Lead,High School,Full-Time,Hybrid,Male,2018-12-31,0
11610,34.0,42900.0,12.1,4.0,5,42.3,20.4,2,0.7,8.9,11.9,Finance,Mid,Master,Full-Time,Hybrid,Female,2021-12-27,0
11611,34.0,61700.0,9.4,5.0,2,38.4,44.1,4,7.2,17.4,17.3,HR,Junior,Diploma,Full-Time,Remote,Female,2018-11-25,0
11612,23.0,26700.0,0.7,4.0,3,44.3,73.5,3,4.9,1.4,16.0,HR,Junior,Bachelor,Contract,Office,Female,2016-03-30,0
11613,43.0,106800.0,0.5,5.0,2,40.8,51.9,5,7.3,25.0,17.3,Operations,Junior,Bachelor,Full-Time,Office,Female,2016-01-13,0
11614,35.0,48900.0,4.4,5.0,5,39.0,22.7,2,5.7,3.3,17.3,Marketing,Junior,Diploma,Full-Time,Office,Female,2016-07-10,0
11615,35.0,61400.0,3.8,3.0,4,35.3,20.0,6,6.5,4.3,10.1,IT,Lead,Bachelor,Full-Time,Remote,Female,2021-06-08,0
11616,60.0,53000.0,1.5,4.0,1,48.7,49.7,3,4.1,13.7,11.9,HR,Mid,Bachelor,Part-Time,Hybrid,Male,2018-05-14,0
11617,38.0,94900.0,11.5,5.0,1,47.3,17.2,4,10.2,31.3,13.0,HR,Junior,High School,Full-Time,Hybrid,Female,2020-03-02,0
11618,30.0,20000.0,13.1,2.0,3,51.0,,2,14.6,4.2,12.5,Operations,Mid,Master,Full-Time,Office,Male,2022-04-25,0
11619,33.0,59600.0,2.6,2.0,1,44.0,40.5,5,8.3,4.6,15.4,Operations,Mid,High School,Part-Time,Hybrid,Female,2017-01-22,0
11620,45.0,57500.0,11.1,4.0,4,49.4,26.9,4,20.0,19.3,9.7,Marketing,Junior,Diploma,Full-Time,Hybrid,Female,2018-12-04,0
11621,37.0,50000.0,2.4,3.0,2,39.3,36.8,2,8.5,9.0,13.6,Operations,Junior,High School,Contract,Remote,Male,2023-02-22,1
11622,24.0,119700.0,6.7,3.0,4,34.5,30.0,3,12.8,6.7,9.1,Finance,Junior,Bachelor,Full-Time,Office,Male,2017-05-29,0
11623,43.0,42100.0,3.2,5.0,3,40.2,34.6,6,3.4,9.3,13.3,HR,Mid,Diploma,Full-Time,Remote,Male,2023-10-01,0
11624,31.0,81700.0,0.7,4.0,3,43.0,48.1,4,7.3,36.9,13.8,IT,Mid,Master,Contract,Office,Female,2019-01-27,0
11625,51.0,69200.0,13.2,2.0,1,45.8,44.3,4,6.1,13.7,6.1,Marketing,Lead,Diploma,Full-Time,Office,Female,2015-11-12,0
11626,45.0,99400.0,3.0,5.0,4,50.4,48.8,3,0.7,10.3,13.8,Finance,Mid,Diploma,Full-Time,Remote,Male,2019-03-17,0
11627,32.0,45900.0,6.6,5.0,2,45.6,44.6,4,3.4,12.0,18.8,Sales,Mid,Bachelor,Part-Time,Hybrid,Male,2023-11-20,0
11628,46.0,44800.0,2.3,1.0,4,55.3,45.6,5,10.1,10.7,17.3,IT,Lead,High School,Full-Time,Hybrid,Female,2018-05-26,1
11629,37.0,93000.0,0.2,4.0,2,44.6,35.0,7,15.7,15.2,6.1,Operations,Mid,Bachelor,Full-Time,Remote,Female,2022-07-04,0
11630,43.0,71100.0,0.5,5.0,2,44.5,13.2,2,11.4,5.1,5.7,Finance,Mid,Bachelor,Full-Time,Hybrid,Female,2019-09-19,0
11631,40.0,32300.0,3.4,2.0,4,45.7,33.4,1,10.0,7.6,14.6,Marketing,Mid,High School,Full-Time,Office,Male,2016-08-28,0
11632,29.0,48400.0,5.9,1.0,5,45.9,39.7,1,2.9,7.9,12.8,Sales,Senior,High School,Full-Time,Hybrid,Female,2015-02-10,0
11633,31.0,70000.0,2.0,2.0,4,45.8,36.1,5,10.9,4.2,11.2,Operations,Mid,Bachelor,Full-Time,Hybrid,Female,2023-07-20,0
11634,44.0,,5.9,3.0,2,37.8,41.3,3,4.2,3.7,0.0,Operations,Mid,Master,Full-Time,Hybrid,Female,2024-10-28,0
11635,33.0,45700.0,6.0,1.0,3,48.3,65.9,4,1.0,21.3,6.9,IT,Mid,High School,Full-Time,Hybrid,Male,2015-12-10,1
11636,33.0,20000.0,6.1,1.0,3,56.5,27.5,2,2.6,13.1,18.5,HR,Mid,Master,Full-Time,Hybrid,Female,2023-02-01,1
11637,28.0,74000.0,3.4,5.0,1,39.6,28.9,3,7.3,27.6,14.1,HR,Senior,Bachelor,Full-Time,Remote,Male,2016-11-08,0
11638,39.0,36800.0,12.3,3.0,3,43.8,53.1,1,4.8,11.4,21.9,IT,Mid,High School,Part-Time,Hybrid,Male,2017-07-19,0
11639,53.0,26800.0,3.4,5.0,5,37.1,36.9,5,9.7,10.0,16.3,HR,Junior,Bachelor,Full-Time,Hybrid,Female,2023-04-25,0
11640,27.0,20000.0,3.0,4.0,2,47.8,41.8,7,5.7,6.9,13.6,Marketing,Mid,High School,Full-Time,Hybrid,Female,2016-10-20,0
11641,36.0,83100.0,1.1,2.0,4,47.8,26.1,5,9.7,16.2,4.2,IT,Lead,Diploma,Contract,Hybrid,Female,2022-06-18,0
11642,47.0,63200.0,1.8,2.0,4,36.5,24.0,7,6.1,3.3,13.7,IT,Senior,High School,Full-Time,Remote,Male,2018-12-31,0
11643,35.0,54800.0,0.2,5.0,5,37.4,16.9,2,7.7,9.9,11.5,Operations,Mid,Bachelor,Full-Time,Hybrid,Female,2021-08-20,0
11644,40.0,104600.0,5.0,2.0,3,33.6,37.6,5,2.1,15.3,6.4,HR,Lead,High School,Full-Time,Remote,Male,2021-03-31,0
11645,28.0,,1.4,2.0,2,51.9,20.3,5,16.6,7.5,18.5,Operations,Mid,High School,Full-Time,Hybrid,Male,2022-02-22,0
11646,39.0,114500.0,1.8,4.0,3,39.8,18.5,3,0.0,10.9,12.3,IT,Lead,Bachelor,Full-Time,Hybrid,Female,2018-09-19,0
11647,35.0,34400.0,7.4,3.0,1,43.3,44.9,5,22.9,24.3,14.1,Sales,Junior,High School,Full-Time,Hybrid,Female,2017-05-09,0
11648,44.0,59200.0,2.0,1.0,3,42.2,25.5,3,10.8,6.8,7.9,IT,Lead,Diploma,Contract,Hybrid,Male,2022-06-14,0
11649,45.0,31400.0,1.4,5.0,1,48.9,17.0,7,0.0,10.7,13.8,HR,Junior,Master,Full-Time,Hybrid,Female,2017-06-18,0
11650,57.0,54700.0,0.9,5.0,4,47.3,15.4,4,8.6,16.4,11.2,HR,Senior,Master,Full-Time,Office,Male,2023-07-30,0
11651,41.0,54300.0,7.5,4.0,2,47.0,48.7,2,9.3,6.4,23.4,HR,Senior,Diploma,Full-Time,Office,Female,2020-03-17,0
11652,39.0,77100.0,0.7,4.0,1,39.9,33.4,7,17.0,3.8,9.2,HR,Senior,Diploma,Full-Time,Hybrid,Female,2020-02-24,0
11653,38.0,61100.0,3.0,1.0,3,47.4,29.0,7,0.0,13.3,8.5,Marketing,Senior,Master,Full-Time,Office,Female,2024-10-12,0
11654,33.0,77000.0,3.5,3.0,3,48.6,37.6,5,0.0,8.7,13.3,HR,Mid,Diploma,Full-Time,Hybrid,Female,2019-11-18,0
11655,39.0,79500.0,5.8,5.0,4,47.3,36.1,4,10.1,7.9,10.9,Sales,Junior,High School,Full-Time,Remote,Female,2021-04-13,0
11656,34.0,142100.0,5.0,4.0,5,37.6,27.1,4,9.2,9.0,13.2,IT,Mid,Master,Full-Time,Remote,Female,2023-04-02,0
11657,37.0,52900.0,8.3,5.0,5,38.4,30.0,1,16.8,3.5,20.2,Finance,Mid,Master,Contract,Hybrid,Female,2017-01-01,0
11658,47.0,41200.0,0.2,2.0,3,52.7,46.0,5,2.0,6.7,7.1,Finance,Mid,Master,Full-Time,Office,Female,2021-08-02,0
11659,28.0,66200.0,1.8,5.0,5,53.7,47.4,3,1.5,13.2,12.6,Marketing,Junior,Diploma,Full-Time,Hybrid,Male,2016-01-28,0
11660,45.0,43500.0,1.6,3.0,2,43.7,22.4,5,19.2,8.0,8.9,Finance,Junior,High School,Full-Time,Hybrid,Female,2016-11-22,0
11661,47.0,108500.0,0.8,3.0,5,43.6,54.2,7,7.7,5.6,8.7,HR,Mid,Master,Part-Time,Office,Male,2021-07-13,0
11662,35.0,53600.0,1.7,5.0,2,44.8,65.1,1,3.5,4.8,11.3,Finance,Senior,Diploma,Contract,Office,Male,2023-02-22,0
11663,21.0,47900.0,1.9,2.0,3,46.9,30.6,2,12.2,9.7,12.1,Sales,Senior,Master,Full-Time,Office,Male,2022-12-11,1
11664,31.0,49700.0,3.7,3.0,3,36.8,30.3,5,0.0,14.4,20.9,Operations,Junior,Diploma,Full-Time,Hybrid,Female,2017-12-27,0
11665,46.0,80000.0,5.4,4.0,3,45.2,21.5,2,10.3,16.4,9.4,HR,Lead,Bachelor,Full-Time,Office,Female,2023-11-07,0
11666,36.0,56300.0,2.4,5.0,4,38.8,25.0,3,4.2,5.4,10.8,Finance,Lead,High School,Contract,Office,Male,2016-09-03,0
11667,28.0,46400.0,6.4,2.0,5,43.9,39.9,5,5.0,25.0,2.7,HR,Junior,Master,Full-Time,Remote,Female,2017-10-10,0
11668,32.0,116800.0,2.0,4.0,1,39.6,69.8,3,15.8,8.7,14.3,Marketing,Mid,High School,Part-Time,Hybrid,Male,2022-11-14,0
11669,43.0,42600.0,1.7,5.0,1,40.8,45.9,3,10.6,2.5,12.6,Sales,Mid,Master,Part-Time,Office,Female,2018-12-13,0
11670,40.0,60900.0,3.9,2.0,3,44.9,30.0,3,1.2,8.7,15.0,IT,Mid,High School,Full-Time,Office,Male,2024-02-23,0
11671,34.0,77900.0,0.2,4.0,5,40.9,28.6,1,8.3,4.0,13.2,Operations,Mid,Bachelor,Full-Time,Hybrid,Female,2016-08-13,0
11672,33.0,31200.0,0.4,3.0,2,38.5,25.0,8,8.7,10.7,2.9,HR,Mid,High School,Full-Time,Office,Male,2021-02-14,0
11673,33.0,72700.0,2.7,5.0,1,51.3,50.9,8,6.4,9.7,20.7,Sales,Junior,Bachelor,Full-Time,Hybrid,Male,2023-09-04,0
11674,29.0,39300.0,14.3,5.0,3,38.6,31.4,5,2.2,2.8,13.5,Marketing,Junior,Master,Full-Time,Office,Male,2023-04-24,0
11675,49.0,83400.0,6.4,3.0,1,32.4,41.8,3,9.4,21.9,13.9,Marketing,Junior,High School,Contract,Office,Female,2024-03-29,0
11676,33.0,40800.0,0.5,1.0,1,46.8,31.4,7,12.2,5.1,20.8,Sales,Senior,Diploma,Full-Time,Office,Male,2022-12-23,0
11677,46.0,79200.0,9.4,4.0,1,42.6,66.8,5,10.7,2.2,9.6,Finance,Junior,Master,Full-Time,Office,Male,2015-06-15,0
11678,48.0,93400.0,6.6,3.0,3,43.9,27.0,7,3.7,19.6,5.1,Sales,Senior,Bachelor,Full-Time,Remote,Female,2019-05-09,0
11679,44.0,84700.0,4.7,5.0,3,44.8,24.4,1,7.1,12.3,6.6,Finance,Mid,Bachelor,Full-Time,Hybrid,Female,2015-06-08,0
11680,33.0,66300.0,8.6,4.0,4,50.4,27.8,2,0.0,6.7,11.8,Finance,Mid,Bachelor,Full-Time,Remote,Female,2017-12-08,0
11681,39.0,54700.0,2.6,4.0,4,53.3,41.4,3,17.6,8.3,11.4,Sales,Senior,Master,Full-Time,Hybrid,Male,2024-09-06,0
11682,36.0,47600.0,1.3,1.0,4,45.3,56.5,6,4.4,7.4,20.1,Marketing,Junior,Master,Full-Time,Hybrid,Male,2022-06-02,0
11683,29.0,108100.0,3.6,5.0,1,38.1,41.4,1,4.9,2.6,13.9,IT,Junior,High School,Full-Time,Office,Female,2015-08-12,0
11684,39.0,45400.0,4.0,2.0,5,44.7,45.6,2,0.1,3.0,4.7,IT,Lead,Diploma,Full-Time,Hybrid,Female,2021-02-18,0
11685,27.0,39600.0,3.9,1.0,3,46.9,43.5,6,13.2,15.6,8.6,Sales,Mid,Bachelor,Part-Time,Remote,Female,2017-12-07,0
11686,46.0,78300.0,4.2,1.0,4,49.0,10.0,3,14.2,10.7,9.0,HR,Junior,Bachelor,Full-Time,Office,Male,2022-04-05,1
11687,32.0,43600.0,14.9,2.0,5,44.7,34.8,2,4.6,15.2,10.7,Sales,Junior,High School,Full-Time,Hybrid,Female,2015-04-15,0
11688,38.0,41000.0,11.6,2.0,4,41.2,30.2,7,1.2,18.6,8.5,IT,Senior,High School,Full-Time,Office,Male,2017-08-19,0
11689,38.0,33700.0,10.4,1.0,4,39.5,32.9,3,8.1,1.0,5.9,Operations,Mid,Diploma,Full-Time,Hybrid,Female,2015-10-08,0
11690,34.0,49500.0,8.1,4.0,5,43.4,22.7,6,6.0,6.0,12.7,Sales,Junior,Bachelor,Full-Time,Hybrid,Male,2015-01-21,0
11691,41.0,58000.0,14.4,3.0,4,36.5,48.0,5,12.5,3.6,9.7,Operations,Senior,Master,Full-Time,Remote,Female,2024-09-26,0
11692,32.0,66100.0,0.5,3.0,1,46.0,35.7,2,7.2,7.3,5.7,Operations,Mid,Master,Full-Time,Office,Male,2019-12-23,0
11693,43.0,87800.0,1.5,1.0,1,44.9,35.6,6,6.8,2.2,20.0,Operations,Lead,Master,Full-Time,Remote,Male,2020-03-10,0
11694,25.0,74100.0,3.4,4.0,1,44.9,32.8,1,12.0,12.2,11.7,Marketing,Junior,Bachelor,Full-Time,Office,Male,2022-05-12,0
11695,37.0,55600.0,9.4,2.0,2,47.6,25.6,3,0.0,12.7,22.0,IT,Mid,Master,Full-Time,Office,Female,2018-12-10,0
11696,52.0,55400.0,3.5,1.0,4,51.3,8.3,1,6.1,39.3,17.6,IT,Junior,Bachelor,Full-Time,Office,Male,2015-06-23,1
11697,28.0,73600.0,6.9,5.0,2,43.6,39.1,4,9.2,7.5,9.7,IT,Mid,Master,Full-Time,Office,Female,2017-01-22,0
11698,31.0,99800.0,0.7,4.0,3,44.4,36.7,5,5.4,12.9,21.2,Marketing,Junior,Bachelor,Full-Time,Office,Male,2015-09-18,0
11699,40.0,63100.0,1.5,5.0,5,42.2,43.0,4,9.7,15.8,17.5,IT,Mid,Bachelor,Full-Time,Hybrid,Male,2015-06-17,0
11700,37.0,49700.0,6.6,5.0,3,46.8,36.1,4,9.3,26.6,9.1,HR,Junior,Master,Full-Time,Hybrid,Male,2023-10-22,0
11701,39.0,40300.0,0.9,1.0,2,44.0,18.8,2,13.3,3.6,10.4,IT,Junior,Master,Full-Time,Remote,Female,2016-07-18,0
11702,40.0,33700.0,2.2,4.0,1,49.8,23.1,3,6.4,15.0,13.5,Sales,Lead,Diploma,Full-Time,Hybrid,Male,2015-08-09,0
11703,41.0,78300.0,1.5,5.0,4,49.7,55.1,4,0.0,10.6,10.9,HR,Junior,Bachelor,Full-Time,Office,Male,2022-04-21,0
11704,45.0,75600.0,2.2,4.0,4,45.6,39.8,3,0.0,2.6,17.2,Finance,Mid,High School,Full-Time,Office,Female,2018-09-24,0
11705,39.0,75600.0,6.2,3.0,1,43.6,47.0,5,10.8,11.1,14.0,IT,Mid,Bachelor,Full-Time,Hybrid,Female,2017-05-21,1
11706,34.0,57000.0,2.3,5.0,4,42.6,48.8,0,9.1,13.4,17.2,Finance,Senior,Master,Full-Time,Hybrid,Male,2017-03-07,0
11707,41.0,105300.0,4.1,5.0,5,46.4,20.2,3,6.6,2.5,15.2,Finance,Senior,Bachelor,Full-Time,Hybrid,Male,2023-01-09,0
11708,51.0,49400.0,0.5,4.0,5,46.4,29.9,3,7.1,7.6,8.6,Marketing,Senior,Bachelor,Part-Time,Hybrid,Male,2022-05-19,0
11709,35.0,87900.0,8.2,3.0,5,42.6,45.2,1,4.1,8.5,3.9,Sales,Lead,Bachelor,Full-Time,Office,Male,2018-02-04,0
11710,28.0,59100.0,2.3,5.0,3,45.4,22.8,4,4.1,8.3,8.4,Operations,Senior,Bachelor,Full-Time,Hybrid,Male,2016-07-08,0
11711,45.0,47000.0,5.2,1.0,1,40.1,28.9,7,4.7,12.4,22.6,Sales,Senior,Diploma,Full-Time,Hybrid,Female,2020-12-30,0
11712,35.0,76000.0,6.5,4.0,5,46.3,27.2,1,6.3,5.3,16.9,Finance,Mid,High School,Full-Time,Hybrid,Male,2023-11-08,0
11713,21.0,70700.0,1.2,4.0,2,40.5,23.9,5,8.7,3.7,12.6,Marketing,Senior,Diploma,Full-Time,Office,Female,2019-06-14,0
11714,43.0,69200.0,10.8,5.0,5,47.9,33.0,6,7.5,11.3,18.9,HR,Mid,High School,Full-Time,Office,Male,2023-04-25,0
11715,32.0,62000.0,4.8,3.0,3,42.4,27.7,3,6.0,24.0,12.2,IT,Junior,High School,Part-Time,Remote,Female,2021-07-28,0
11716,35.0,59100.0,2.8,5.0,2,52.4,29.0,4,12.2,22.8,12.6,Operations,Mid,High School,Contract,Hybrid,Male,2015-08-16,1
11717,39.0,156000.0,1.0,2.0,1,44.2,39.0,10,13.2,42.6,13.9,HR,Mid,Master,Full-Time,Hybrid,Female,2024-03-02,1
11718,38.0,96400.0,14.3,5.0,1,45.2,50.0,3,16.0,6.2,9.9,IT,Mid,Bachelor,Part-Time,Office,Female,2022-05-30,0
11719,42.0,80100.0,7.0,2.0,5,37.0,46.5,8,6.9,7.1,7.6,Finance,Mid,Diploma,Full-Time,Hybrid,Female,2018-01-24,0
11720,33.0,62700.0,1.2,1.0,2,51.0,37.6,2,4.9,1.8,14.2,Marketing,Junior,High School,Full-Time,Office,Female,2016-05-12,0
11721,40.0,89800.0,2.1,4.0,2,43.8,59.6,4,7.6,5.2,12.1,Marketing,Mid,Master,Full-Time,Office,Female,2017-10-21,0
11722,34.0,73800.0,8.3,4.0,5,52.7,44.9,6,4.7,2.6,10.8,Operations,Lead,High School,Full-Time,Hybrid,Female,2021-02-04,0
11723,42.0,60600.0,5.9,3.0,5,44.2,47.1,4,7.9,6.3,14.7,Operations,Mid,Master,Contract,Hybrid,Male,2021-01-17,0
11724,41.0,53100.0,7.3,5.0,4,42.9,32.6,5,10.4,20.8,10.1,Sales,Junior,Master,Full-Time,Office,Male,2019-04-11,0
11725,29.0,58100.0,2.9,1.0,4,41.4,29.2,4,8.6,16.9,15.9,Operations,Mid,Bachelor,Full-Time,Office,Male,2020-05-15,0
11726,45.0,20000.0,6.3,2.0,5,47.2,40.6,4,7.0,6.4,6.0,Sales,Senior,Bachelor,Full-Time,Hybrid,Female,2015-11-06,0
11727,32.0,65300.0,2.4,3.0,3,46.6,48.6,5,11.8,5.3,5.6,HR,Lead,Diploma,Full-Time,Office,Male,2020-09-23,0
11728,42.0,49400.0,1.2,1.0,4,37.3,37.6,7,18.1,4.5,5.4,Operations,Senior,High School,Full-Time,Office,Male,2019-08-18,0
11729,39.0,113500.0,5.0,1.0,5,41.2,25.5,2,3.8,14.6,12.1,Sales,Junior,High School,Full-Time,Hybrid,Male,2022-11-06,0
11730,51.0,60500.0,18.7,2.0,2,47.6,15.7,8,10.0,6.4,5.3,IT,Mid,High School,Part-Time,Hybrid,Male,2023-06-27,0
11731,34.0,37300.0,1.9,2.0,4,40.8,11.3,3,6.9,9.6,20.7,,Lead,Master,Part-Time,Remote,Female,2015-07-31,0
11732,33.0,58800.0,3.1,4.0,3,39.9,35.6,3,2.9,12.8,20.5,Marketing,Mid,Diploma,Contract,Hybrid,Male,2019-03-24,0
11733,36.0,39500.0,5.6,5.0,1,45.0,47.2,2,3.7,13.4,14.0,Finance,Junior,Bachelor,Full-Time,Office,Male,2020-02-25,0
11734,34.0,72500.0,3.9,3.0,2,44.4,5.0,5,5.6,1.1,16.6,Finance,Junior,Bachelor,Full-Time,Remote,Female,2023-02-22,0
11735,42.0,67400.0,9.3,5.0,3,41.7,25.9,3,17.4,11.8,7.7,Operations,Lead,Diploma,Full-Time,Office,Male,2023-06-04,0
11736,23.0,88000.0,7.2,3.0,3,52.8,23.4,4,13.7,8.6,17.8,Operations,Mid,Bachelor,Full-Time,Hybrid,Female,2019-03-27,1
11737,28.0,43700.0,0.3,1.0,3,43.3,40.7,4,2.6,2.3,10.5,HR,Lead,High School,Full-Time,Office,Male,2021-07-16,0
11738,27.0,60800.0,30.0,2.0,2,37.7,25.0,2,11.3,21.0,11.7,Finance,Junior,Master,Full-Time,Hybrid,Female,2015-07-19,0
11739,44.0,34800.0,7.0,2.0,3,35.9,16.5,5,2.2,9.2,11.0,IT,Senior,High School,Full-Time,Remote,Male,2022-06-06,0
11740,50.0,79400.0,10.0,1.0,1,49.1,25.9,0,4.2,2.7,8.4,Sales,Junior,Diploma,Full-Time,Hybrid,Male,2019-07-16,0
11741,35.0,73800.0,5.3,1.0,4,38.5,23.5,4,15.9,5.3,14.9,Sales,Junior,Bachelor,Full-Time,Hybrid,Male,2023-12-04,0
11742,35.0,73200.0,9.7,3.0,2,44.2,35.2,4,19.9,6.9,9.3,HR,Mid,Diploma,Full-Time,Remote,Male,2015-10-29,0
11743,37.0,60000.0,0.6,1.0,3,39.6,31.8,1,0.0,49.8,10.7,Sales,Mid,Diploma,Part-Time,Office,Female,2015-05-20,0
11744,45.0,70800.0,2.1,3.0,5,43.5,41.6,2,8.2,4.3,0.7,Marketing,Senior,Bachelor,Full-Time,Office,Male,2017-01-16,0
11745,29.0,114000.0,10.5,5.0,4,45.7,34.9,2,10.4,4.9,13.9,Sales,Lead,Diploma,Full-Time,Remote,Male,2015-01-13,0
11746,38.0,53500.0,1.1,2.0,2,37.2,50.2,3,6.4,9.1,11.5,Finance,Junior,High School,Contract,Hybrid,Male,2016-01-07,0
11747,44.0,63400.0,0.4,2.0,5,41.7,28.3,2,8.8,35.8,7.3,Marketing,Junior,Diploma,Full-Time,Hybrid,Female,2024-05-13,0
11748,40.0,38900.0,7.8,2.0,5,40.6,44.3,4,5.6,6.8,10.8,Finance,Mid,Master,Full-Time,Hybrid,Female,2024-02-18,0
11749,38.0,42400.0,9.0,5.0,3,39.2,39.8,3,11.8,5.9,9.7,Finance,Senior,High School,Full-Time,Office,Female,2018-12-20,0
11750,44.0,62400.0,0.9,5.0,2,42.1,30.6,1,5.9,9.1,4.3,HR,Senior,High School,Full-Time,Office,Male,2017-10-09,0
11751,21.0,93300.0,9.6,4.0,3,40.9,45.3,2,11.4,6.4,20.1,HR,Mid,Diploma,Full-Time,Office,Female,2020-11-19,0
11752,41.0,54200.0,5.8,3.0,1,48.4,23.0,5,13.9,6.3,19.1,Marketing,Senior,High School,Contract,Office,Female,2018-11-17,0
11753,31.0,54600.0,3.7,3.0,5,40.4,53.6,3,13.1,15.7,15.6,Sales,Junior,Diploma,Full-Time,Hybrid,Male,2019-07-26,0
11754,21.0,51000.0,8.9,4.0,1,46.3,23.4,3,6.9,5.6,18.2,Operations,Junior,Master,Full-Time,Office,Female,2024-05-17,0
11755,40.0,48400.0,2.7,2.0,3,46.1,14.9,0,0.0,6.3,9.5,Operations,Mid,Diploma,Full-Time,Hybrid,Female,2024-04-05,1
11756,47.0,67500.0,1.1,3.0,4,36.5,13.7,0,10.9,16.1,12.0,IT,Senior,Bachelor,Contract,Office,Female,2017-05-23,0
11757,35.0,33000.0,1.7,3.0,5,41.5,36.4,4,0.0,2.9,9.3,Sales,Mid,Diploma,Full-Time,Office,Female,2019-03-04,0
11758,44.0,100200.0,3.5,2.0,4,43.4,26.5,7,10.8,6.3,13.3,Marketing,Mid,High School,Full-Time,Office,Male,2023-12-29,1
11759,49.0,46000.0,3.8,1.0,2,45.3,37.7,4,10.3,2.5,16.8,IT,Mid,Diploma,Part-Time,Hybrid,Female,2024-06-12,0
11760,47.0,80100.0,8.2,1.0,5,42.8,18.5,5,6.8,5.6,11.6,Finance,Mid,Diploma,Part-Time,Office,Female,2022-11-26,0
11761,49.0,36100.0,7.8,4.0,1,49.2,42.3,3,8.4,6.3,5.6,Finance,Senior,Bachelor,Full-Time,Hybrid,Female,2017-12-14,0
11762,42.0,78400.0,4.4,5.0,4,44.5,37.8,3,16.7,6.3,14.1,IT,Mid,Bachelor,Full-Time,Office,Female,2020-11-13,0
11763,37.0,78500.0,7.6,3.0,2,46.2,28.1,5,15.8,6.1,9.0,Finance,Junior,High School,Full-Time,Office,Male,2018-08-29,1
11764,23.0,70000.0,1.1,3.0,5,41.0,44.4,4,5.9,9.7,16.7,Sales,Senior,Master,Full-Time,Remote,Male,2023-12-01,0
11765,34.0,40300.0,0.3,4.0,2,46.3,43.6,5,0.0,3.7,21.4,HR,Mid,Master,Part-Time,Office,Male,2021-10-06,0
11766,29.0,66300.0,10.3,4.0,1,53.7,36.4,2,17.4,10.5,17.3,Operations,Senior,High School,Full-Time,Remote,Male,2016-10-29,0
11767,53.0,37400.0,0.4,3.0,5,46.6,48.3,5,0.0,5.6,10.9,Sales,Lead,High School,Full-Time,Remote,Male,2016-10-27,0
11768,35.0,54200.0,1.4,2.0,2,49.5,51.7,6,8.5,13.6,12.6,Finance,Junior,High School,Full-Time,Hybrid,Female,2016-05-19,0
11769,37.0,90600.0,5.9,2.0,3,42.5,23.2,3,7.6,7.7,11.5,HR,Mid,Master,Contract,Hybrid,Female,2019-06-25,1
11770,40.0,82500.0,2.6,5.0,5,48.6,52.0,2,10.6,5.3,7.5,Sales,Mid,Master,Part-Time,Hybrid,Female,2015-12-20,0
11771,36.0,60400.0,10.5,3.0,5,49.1,21.5,3,15.8,3.2,9.3,Operations,Mid,Master,Full-Time,Remote,Male,2023-08-11,0
11772,50.0,40600.0,1.8,3.0,5,45.2,46.6,4,8.4,9.8,11.2,Finance,Senior,Bachelor,Full-Time,Hybrid,Male,2020-08-31,0
11773,31.0,77700.0,0.2,3.0,5,43.6,49.2,3,5.0,7.0,10.9,Sales,Senior,Diploma,Full-Time,Office,Male,2023-12-17,0
11774,38.0,60500.0,1.8,3.0,3,36.5,32.4,9,9.7,22.3,5.9,Finance,Senior,Bachelor,Full-Time,Office,Female,2015-06-22,0
11775,30.0,23700.0,4.3,4.0,1,43.8,34.2,4,0.0,23.5,12.2,Marketing,Senior,Bachelor,Full-Time,Office,Male,2022-05-26,0
11776,25.0,82100.0,2.4,1.0,3,46.8,30.5,4,3.9,5.7,11.7,IT,Junior,Bachelor,Full-Time,Office,Male,2021-11-01,0
11777,31.0,59400.0,3.8,3.0,3,40.2,22.6,4,6.7,1.5,0.7,Finance,Senior,Diploma,Full-Time,Office,Female,2018-10-07,0
11778,,97100.0,10.5,1.0,2,37.6,25.4,3,11.3,14.9,11.4,Operations,Senior,Master,Full-Time,Hybrid,Male,2019-02-27,0
11779,33.0,38700.0,12.2,2.0,4,44.5,42.4,2,16.3,5.5,0.3,Sales,Senior,Diploma,Full-Time,Hybrid,Female,2018-03-15,0
11780,30.0,20000.0,1.5,5.0,4,45.2,47.8,2,14.5,6.3,6.9,,Mid,Bachelor,Contract,Hybrid,Male,2018-07-14,0
11781,25.0,67100.0,3.1,2.0,2,37.3,34.8,3,13.5,18.5,6.1,Finance,Mid,Diploma,Full-Time,Office,Male,2017-09-21,0
11782,35.0,67400.0,4.0,3.0,3,44.2,19.8,2,14.6,10.2,10.8,Finance,Junior,Master,Full-Time,Office,Female,2016-01-23,0
11783,24.0,30500.0,14.9,2.0,2,45.4,17.8,8,11.5,14.5,8.6,Operations,Senior,Bachelor,Part-Time,Hybrid,Female,2015-02-03,0
11784,42.0,40600.0,30.0,,5,50.6,33.4,4,8.5,16.8,10.3,Sales,Mid,Bachelor,Full-Time,Hybrid,Female,2015-10-31,0
11785,37.0,180600.0,1.3,1.0,2,41.6,27.1,4,2.0,7.1,21.5,Sales,Mid,High School,Full-Time,Hybrid,Male,2015-03-24,0
11786,24.0,,6.5,3.0,2,54.4,52.8,6,8.2,12.9,7.2,HR,Junior,Master,Full-Time,Office,Female,2019-05-03,1
11787,34.0,80400.0,2.4,4.0,5,44.3,24.5,8,0.0,8.6,17.5,Operations,Mid,Bachelor,Full-Time,Hybrid,Male,2024-03-21,0
11788,30.0,46300.0,0.2,1.0,4,38.0,44.0,6,4.9,11.7,15.0,Operations,Junior,Bachelor,Full-Time,Hybrid,Female,2016-04-28,0
11789,39.0,26000.0,0.2,4.0,5,42.3,25.7,3,8.4,8.9,13.9,Finance,Lead,Master,Full-Time,Hybrid,Male,2024-03-22,0
11790,47.0,56000.0,3.1,2.0,1,38.4,30.7,5,8.4,20.7,18.2,Marketing,Senior,Bachelor,Part-Time,Office,Female,2018-11-30,0
11791,21.0,54000.0,3.4,3.0,2,43.2,37.6,0,4.2,3.3,9.7,IT,Junior,High School,Full-Time,Remote,Female,2016-01-02,0
11792,37.0,51100.0,0.2,2.0,2,46.3,42.8,1,0.0,5.9,11.3,Operations,Mid,Diploma,Full-Time,Office,Male,2021-06-25,0
11793,35.0,57300.0,5.8,5.0,4,45.3,41.3,5,4.6,7.5,7.8,Finance,Mid,High School,Full-Time,Office,Female,2023-12-20,0
11794,41.0,66700.0,1.7,3.0,3,38.3,26.6,4,6.5,8.7,0.1,Sales,Senior,Diploma,Contract,Hybrid,Female,2020-09-27,1
11795,38.0,56500.0,4.1,2.0,5,37.7,36.5,9,9.1,3.3,12.5,HR,Senior,High School,Full-Time,Hybrid,Male,2022-05-01,0
11796,30.0,36200.0,1.8,3.0,3,46.1,29.4,3,12.2,4.8,20.6,Finance,Lead,Diploma,Full-Time,Office,Male,2019-09-15,0
11797,33.0,72900.0,0.9,1.0,1,47.2,,3,6.2,8.2,5.1,Marketing,Mid,High School,Full-Time,Hybrid,Male,2019-06-16,0
11798,30.0,27500.0,2.6,3.0,5,41.6,38.4,5,5.7,5.5,5.6,Sales,Junior,Bachelor,Full-Time,Hybrid,Male,2021-05-07,0
11799,45.0,26400.0,1.3,3.0,1,31.3,53.9,3,4.2,2.4,13.5,Marketing,Mid,Diploma,Full-Time,Hybrid,Female,2016-04-23,0
11800,36.0,80600.0,3.8,1.0,1,38.2,58.2,3,7.6,6.2,10.9,Marketing,Senior,Master,Full-Time,Hybrid,Female,2019-07-21,0
11801,51.0,73500.0,1.1,2.0,1,48.9,39.8,1,13.6,3.4,19.5,Operations,Junior,Master,Full-Time,Office,Male,2021-07-21,0
11802,36.0,58600.0,3.6,3.0,5,40.3,38.8,3,1.7,12.2,9.4,IT,Junior,High School,Full-Time,Hybrid,Male,2020-04-06,0
11803,30.0,34300.0,0.9,4.0,5,42.3,5.0,7,0.0,9.8,19.7,IT,Senior,High School,Full-Time,Office,Male,2022-08-22,0
11804,24.0,45200.0,5.6,3.0,4,46.8,75.9,1,9.3,15.0,14.2,Operations,Senior,High School,Full-Time,Hybrid,Female,2020-04-10,0
11805,22.0,54000.0,7.0,2.0,2,42.5,56.5,5,15.1,9.3,17.7,Finance,Junior,Diploma,Full-Time,Office,Female,2022-12-04,0
11806,23.0,31700.0,0.6,1.0,3,51.0,46.4,4,9.8,3.8,8.0,IT,Senior,Bachelor,Full-Time,Hybrid,Male,2015-07-31,1
11807,38.0,44600.0,3.2,2.0,3,42.1,36.1,4,2.1,1.0,10.9,Finance,Junior,Master,Full-Time,Hybrid,Female,2017-07-01,0
11808,40.0,77900.0,0.4,5.0,1,39.7,5.0,3,7.4,17.8,12.8,Finance,Junior,High School,Full-Time,Remote,Male,2023-01-18,0
11809,23.0,106200.0,4.6,3.0,5,49.9,37.7,2,8.3,5.9,13.8,Operations,Mid,Diploma,Full-Time,Office,Female,2024-01-09,0
11810,43.0,50700.0,1.5,3.0,5,44.2,35.5,4,12.3,1.7,8.4,Sales,Senior,Diploma,Full-Time,Office,Female,2024-11-02,0
11811,32.0,81200.0,3.7,1.0,1,38.6,13.9,3,2.8,24.0,9.5,Sales,Senior,Master,Full-Time,Office,Female,2020-10-28,0
11812,37.0,27900.0,3.6,3.0,2,46.4,41.7,5,17.4,12.0,19.7,HR,Mid,Master,Full-Time,Office,Male,2015-04-22,0
11813,49.0,78100.0,12.9,4.0,3,42.5,53.5,6,5.5,23.7,16.5,IT,Junior,Bachelor,Full-Time,Hybrid,Male,2015-10-05,0
11814,43.0,43500.0,4.0,4.0,4,38.3,40.1,3,4.0,10.8,5.9,Operations,Senior,Master,Full-Time,Remote,Male,2021-09-12,0
11815,34.0,67800.0,4.4,2.0,2,44.5,40.1,3,9.7,12.7,13.3,HR,Mid,Bachelor,Full-Time,Office,Female,2022-01-03,0
11816,29.0,54300.0,2.6,1.0,5,43.2,41.0,5,0.0,5.6,18.0,Operations,Lead,Bachelor,Full-Time,Hybrid,Female,2019-05-13,0
11817,21.0,101700.0,14.9,5.0,1,35.6,30.2,1,20.3,13.2,8.3,Marketing,Senior,Diploma,Full-Time,Hybrid,Male,2022-09-12,0
11818,30.0,42300.0,7.5,2.0,3,38.7,46.4,1,10.8,31.0,14.6,Finance,Junior,Diploma,Part-Time,Office,Male,2020-01-26,0
11819,34.0,77100.0,1.7,1.0,1,53.3,57.9,5,6.3,14.3,14.9,Finance,Senior,Bachelor,Full-Time,Office,Male,2021-07-07,1
11820,28.0,53700.0,9.3,1.0,5,44.4,35.6,2,2.1,6.2,3.6,Sales,Junior,High School,Full-Time,Remote,Female,2015-06-16,0
11821,35.0,56300.0,2.8,2.0,1,50.7,23.7,1,6.9,3.2,8.1,Marketing,Lead,Bachelor,Full-Time,Office,Female,2017-06-17,0
11822,37.0,55700.0,8.8,2.0,3,45.5,14.2,6,13.8,17.8,9.4,Finance,Junior,Master,Full-Time,Hybrid,Female,2021-10-27,0
11823,34.0,42800.0,8.7,3.0,1,50.2,42.5,3,5.7,8.3,12.0,Finance,Junior,Bachelor,Part-Time,Office,Female,2018-12-02,1
11824,31.0,59700.0,1.0,5.0,3,46.8,44.2,5,3.5,8.6,9.3,Marketing,Mid,Bachelor,Contract,Hybrid,Male,2019-01-02,0
11825,37.0,58500.0,6.0,4.0,1,39.3,40.5,3,12.2,2.0,14.0,Marketing,Junior,Bachelor,Full-Time,Office,Female,2016-05-28,0
11826,40.0,66100.0,1.7,3.0,1,47.0,31.5,4,1.7,1.9,10.4,Finance,Mid,High School,Contract,Office,Male,2016-02-11,0
11827,27.0,62100.0,1.8,1.0,3,39.2,39.2,6,9.4,8.5,4.2,Marketing,Mid,High School,Full-Time,Office,Female,2024-06-15,0
11828,47.0,82600.0,1.8,5.0,1,48.6,27.0,3,10.5,4.3,0.0,IT,Mid,Bachelor,Full-Time,Office,Male,2023-07-28,0
11829,35.0,86800.0,6.5,5.0,2,45.1,24.3,3,10.3,9.3,9.3,Marketing,Mid,Master,Full-Time,Remote,Male,2022-03-01,0
11830,36.0,39400.0,1.3,2.0,4,44.1,20.1,5,10.6,15.6,12.8,HR,Senior,Diploma,Full-Time,Hybrid,Female,2017-09-09,0
11831,42.0,84900.0,0.2,5.0,2,41.8,20.2,7,2.3,5.4,12.0,HR,Mid,Master,Full-Time,Hybrid,Female,2016-12-12,0
11832,38.0,37300.0,6.3,5.0,4,48.0,43.0,5,6.9,9.4,6.6,Finance,Lead,Diploma,Full-Time,Remote,Female,2024-07-29,0
11833,44.0,75900.0,0.9,1.0,2,43.2,31.0,1,6.5,7.4,16.2,Finance,Junior,Master,Full-Time,Office,Female,2019-07-02,0
11834,38.0,76900.0,0.6,3.0,4,34.5,24.8,2,8.8,60.0,10.0,Sales,Junior,High School,Part-Time,Remote,Male,2018-03-09,0
11835,31.0,27900.0,1.4,5.0,1,35.4,14.6,4,0.0,5.5,16.3,Marketing,Senior,Master,Full-Time,Hybrid,Female,2015-07-20,0
11836,39.0,62300.0,2.4,2.0,3,37.7,45.1,1,0.0,4.9,16.5,HR,Junior,Bachelor,Full-Time,Hybrid,Female,2021-04-03,0
11837,27.0,49700.0,3.2,3.0,3,47.9,51.0,3,21.0,5.8,16.1,Sales,Mid,Diploma,Full-Time,Hybrid,Female,2021-12-01,0
11838,37.0,44300.0,0.2,2.0,5,48.3,19.6,3,12.4,18.1,15.2,Finance,Lead,Master,Full-Time,Office,Female,2019-03-17,0
11839,36.0,103000.0,17.6,5.0,4,45.6,33.1,5,6.7,5.7,6.1,Operations,Mid,Master,Full-Time,Office,Female,2020-03-05,0
11840,34.0,46200.0,6.3,3.0,5,45.6,21.0,10,8.5,13.4,11.0,Operations,Mid,Master,Full-Time,Office,Female,2019-05-09,0
11841,35.0,43500.0,2.0,5.0,5,51.2,32.9,5,20.1,8.2,19.5,IT,Senior,High School,Full-Time,Remote,Male,2022-09-08,0
11842,21.0,61800.0,1.9,1.0,4,45.7,44.1,2,0.0,8.4,10.8,Marketing,Junior,High School,Full-Time,Office,Male,2022-10-29,1
11843,32.0,78900.0,3.0,3.0,3,47.2,59.3,4,8.7,24.5,4.3,Sales,Mid,Master,Full-Time,Remote,Male,2017-08-15,0
11844,37.0,56700.0,4.9,2.0,4,43.9,28.3,4,6.0,2.3,15.6,IT,Junior,High School,Contract,Office,Female,2016-06-02,0
11845,37.0,95700.0,0.8,1.0,1,41.7,45.5,4,15.5,8.8,14.7,Operations,Junior,Master,Full-Time,Hybrid,Male,2021-09-25,0
11846,28.0,74200.0,1.0,4.0,5,42.6,45.9,3,11.4,13.0,11.4,Finance,Junior,High School,Full-Time,Hybrid,Female,2017-01-21,0
11847,46.0,25100.0,9.8,2.0,5,54.3,32.7,5,21.0,10.5,10.6,HR,Lead,Master,Full-Time,Remote,Male,2019-12-03,0
11848,29.0,48500.0,1.5,5.0,4,38.6,52.4,2,12.9,2.9,13.2,Sales,Junior,Bachelor,Full-Time,Office,Male,2022-10-06,0
11849,44.0,47900.0,2.4,2.0,5,45.6,30.1,2,5.3,3.6,15.8,Sales,Mid,High School,Full-Time,Office,Female,2023-03-05,0
11850,39.0,72700.0,10.3,4.0,3,36.4,41.5,2,6.6,9.7,12.4,,Junior,Master,Full-Time,Remote,Male,2024-11-30,0
11851,31.0,21000.0,5.4,2.0,5,40.9,26.4,4,12.1,1.6,14.9,Finance,Mid,Diploma,Full-Time,Remote,Female,2016-12-02,0
11852,50.0,166300.0,2.1,1.0,4,47.9,43.0,7,16.7,5.5,20.3,HR,Mid,Bachelor,Full-Time,Office,Female,2022-12-01,0
11853,26.0,74200.0,5.8,2.0,3,35.0,41.5,2,3.7,3.4,10.6,HR,Mid,High School,Full-Time,Hybrid,Male,2023-11-02,0
11854,43.0,63700.0,0.2,3.0,3,48.5,52.8,8,9.5,9.2,25.4,HR,Senior,Master,Full-Time,Office,Male,2015-01-12,0
11855,44.0,96300.0,6.7,4.0,5,54.2,62.5,2,0.0,7.2,21.1,IT,Lead,Diploma,Part-Time,Hybrid,Male,2022-12-05,0
11856,31.0,153200.0,3.3,2.0,4,45.8,48.7,8,6.2,10.4,9.6,IT,Mid,Diploma,Full-Time,Hybrid,Male,2015-06-21,0
11857,47.0,85000.0,8.4,4.0,5,50.3,45.1,6,18.4,4.4,22.2,Finance,Junior,Diploma,Full-Time,Hybrid,Male,2024-11-07,0
11858,34.0,87700.0,15.5,1.0,1,45.2,29.1,8,17.1,9.6,9.3,Sales,Senior,Bachelor,Full-Time,Hybrid,Female,2024-06-07,0
11859,38.0,63200.0,13.0,3.0,1,47.6,5.0,5,12.5,8.0,24.2,,Lead,Bachelor,Full-Time,Office,Male,2015-11-07,0
11860,38.0,,12.0,5.0,3,46.3,54.5,4,18.7,4.4,10.7,Finance,Mid,Diploma,Part-Time,Hybrid,Female,2018-01-23,0
11861,35.0,49600.0,3.6,2.0,5,41.4,62.8,4,6.4,17.2,14.6,Operations,Mid,Bachelor,Full-Time,Hybrid,Female,2021-04-11,0
11862,42.0,43100.0,2.2,1.0,1,41.0,39.7,5,7.6,13.1,14.5,Operations,Junior,Master,Full-Time,Remote,Female,2020-06-27,0
11863,42.0,45600.0,3.1,4.0,2,49.9,19.9,5,6.3,5.1,10.1,IT,Mid,High School,Part-Time,Hybrid,Male,2015-12-04,0
11864,22.0,35000.0,5.9,4.0,1,43.8,55.7,5,11.9,4.6,14.2,HR,Mid,High School,Full-Time,Office,Male,2019-12-03,0
11865,46.0,58200.0,10.8,1.0,5,43.3,51.6,4,25.5,15.3,17.8,Operations,Lead,High School,Full-Time,Office,Male,2015-03-05,0
11866,23.0,30600.0,1.2,2.0,5,43.2,5.0,4,10.2,2.6,12.4,Finance,Junior,Bachelor,Contract,Hybrid,Female,2016-12-21,0
11867,44.0,64800.0,12.5,5.0,1,45.5,37.1,4,1.2,3.2,13.3,Operations,Mid,Master,Full-Time,Hybrid,Male,2022-08-06,0
11868,45.0,59100.0,8.4,2.0,5,38.1,38.6,3,1.4,11.2,16.1,HR,Mid,Master,Full-Time,Hybrid,Male,2019-04-20,0
11869,27.0,63600.0,19.3,3.0,5,43.1,10.9,3,2.8,28.5,6.4,Marketing,Mid,Bachelor,Contract,Office,Male,2021-11-18,0
11870,33.0,48700.0,10.6,2.0,2,45.6,18.8,3,3.1,5.2,12.4,Operations,Mid,Bachelor,Full-Time,Office,Female,2020-08-20,0
11871,27.0,205400.0,1.6,3.0,3,37.6,,5,2.6,5.7,18.3,Sales,Lead,Master,Part-Time,Remote,Female,2017-03-01,0
11872,34.0,103400.0,0.6,4.0,5,45.0,36.0,1,9.3,6.9,10.6,HR,Mid,Master,Full-Time,Hybrid,Male,2018-08-29,0
11873,34.0,36500.0,0.6,3.0,4,39.5,20.8,3,0.0,5.7,15.0,Sales,Lead,Diploma,Part-Time,Hybrid,Male,2018-01-09,0
11874,42.0,65900.0,1.7,5.0,3,45.6,25.0,6,10.9,5.9,3.7,Finance,Junior,High School,Full-Time,Hybrid,Male,2023-04-20,0
11875,46.0,47000.0,4.8,1.0,3,54.8,17.0,4,13.9,5.2,12.5,Marketing,Junior,Diploma,Full-Time,Remote,Female,2021-08-14,1
11876,47.0,40000.0,8.2,3.0,4,43.4,36.1,6,4.3,9.1,11.3,Sales,Lead,Master,Full-Time,Office,Male,2018-04-03,0
11877,32.0,35100.0,11.5,2.0,1,38.6,46.3,4,10.1,13.0,12.3,Operations,Junior,Diploma,Full-Time,Hybrid,Female,2023-08-01,0
11878,34.0,71300.0,4.9,3.0,2,45.2,52.7,3,12.0,8.9,11.2,IT,Senior,High School,Full-Time,Office,Female,2015-03-21,0
11879,23.0,45700.0,0.2,4.0,5,46.4,25.0,3,13.3,7.1,18.2,Operations,Mid,Bachelor,Full-Time,Remote,Female,2017-11-18,0
11880,30.0,88400.0,1.0,3.0,1,39.3,29.7,2,8.7,5.2,7.5,Operations,Mid,Diploma,Part-Time,Hybrid,Female,2023-05-26,0
11881,44.0,89300.0,0.5,5.0,4,35.4,42.5,4,2.3,3.5,10.2,Finance,Senior,Diploma,Full-Time,Hybrid,Female,2024-10-11,0
11882,49.0,104000.0,2.3,3.0,2,39.3,49.3,2,8.6,3.2,8.1,Marketing,Senior,Bachelor,Contract,Hybrid,Female,2019-08-19,0
11883,26.0,42700.0,3.5,5.0,2,43.8,40.6,2,7.1,2.8,5.4,IT,Lead,Bachelor,Contract,Office,Male,2024-08-23,0
11884,31.0,72600.0,0.2,2.0,2,41.7,54.0,3,8.8,12.4,11.7,IT,Junior,High School,Full-Time,Office,Female,2019-06-30,0
11885,36.0,77300.0,2.1,4.0,4,49.4,62.3,3,2.1,5.3,7.3,Operations,Senior,Master,Contract,Hybrid,Female,2017-09-10,0
11886,38.0,49600.0,1.0,1.0,1,46.6,10.5,5,0.0,10.6,13.2,Marketing,Mid,Diploma,Full-Time,Hybrid,Female,2021-05-10,0
11887,30.0,44100.0,5.2,2.0,5,44.5,57.8,2,0.0,4.9,13.4,HR,Senior,High School,Full-Time,Office,Male,2023-03-11,0
11888,39.0,114200.0,3.1,2.0,2,35.3,54.5,7,0.0,7.6,12.8,Marketing,Junior,Diploma,Full-Time,Office,Female,2024-07-04,0
11889,32.0,65700.0,3.4,1.0,2,47.2,17.4,6,0.0,6.3,14.9,Marketing,Mid,High School,Full-Time,Office,Female,2021-04-07,0
11890,36.0,77400.0,2.8,3.0,1,53.9,42.0,7,14.1,24.1,0.3,Marketing,Junior,High School,Contract,Hybrid,Female,2024-04-24,0
11891,40.0,43200.0,15.6,3.0,2,48.3,44.5,2,9.5,5.7,19.5,Sales,Mid,Bachelor,Full-Time,Remote,Female,2018-06-06,0
11892,36.0,36800.0,1.2,3.0,2,40.7,18.7,3,8.2,14.4,11.7,HR,Senior,Master,Full-Time,Office,Male,2016-10-26,0
11893,33.0,47800.0,3.6,4.0,4,43.3,34.1,4,5.9,3.0,15.4,Finance,Junior,Diploma,Full-Time,Office,Female,2021-07-31,0
11894,35.0,57100.0,6.7,2.0,3,46.3,37.3,3,0.0,20.6,7.0,IT,Senior,Master,Full-Time,Hybrid,Female,2019-02-27,0
11895,35.0,39200.0,4.1,5.0,1,50.9,18.8,6,10.3,14.3,5.6,Operations,Mid,High School,Full-Time,Hybrid,Female,2021-06-09,0
11896,33.0,59800.0,13.2,1.0,1,40.5,29.9,5,9.4,5.3,14.5,Sales,Junior,Bachelor,Full-Time,Hybrid,Male,2021-07-18,0
11897,34.0,30500.0,2.4,2.0,1,41.7,56.0,2,8.3,5.2,15.6,HR,Mid,Master,Full-Time,Office,Male,2021-02-03,0
11898,49.0,38300.0,3.1,3.0,4,43.8,60.2,8,3.4,18.4,5.9,Marketing,Senior,Bachelor,Full-Time,Hybrid,Female,2023-06-18,0
11899,40.0,78500.0,0.5,1.0,4,43.3,18.4,3,3.8,15.3,15.0,Operations,Lead,Bachelor,Full-Time,Office,Male,2020-06-16,0
11900,34.0,76400.0,4.7,5.0,5,48.0,5.0,4,11.1,6.8,15.5,Operations,Mid,Diploma,Full-Time,Office,Male,2018-09-16,0
11901,42.0,51300.0,1.7,2.0,4,45.3,53.6,2,3.4,4.4,15.1,Sales,Junior,High School,Full-Time,Hybrid,Female,2017-11-30,1
11902,33.0,39900.0,0.9,2.0,1,37.0,62.3,4,14.4,17.0,12.8,Sales,Junior,Diploma,Part-Time,Hybrid,Female,2015-09-18,0
11903,45.0,39800.0,3.9,4.0,5,40.7,48.2,4,17.6,5.7,13.6,IT,Senior,Diploma,Full-Time,Office,Female,2018-07-09,0
11904,39.0,51700.0,3.8,2.0,3,40.9,30.7,6,14.7,10.1,20.6,Finance,Senior,Master,Full-Time,Hybrid,Male,2016-01-22,0
11905,35.0,77600.0,0.4,2.0,2,32.9,18.7,3,8.6,5.4,9.1,HR,Junior,Bachelor,Full-Time,Office,Male,2015-10-28,0
11906,40.0,87000.0,6.0,5.0,2,48.6,44.3,4,7.4,6.9,16.4,Operations,Mid,Diploma,Full-Time,Hybrid,Male,2018-06-07,0
11907,23.0,49200.0,4.9,5.0,5,44.7,50.8,4,8.6,30.3,14.1,Operations,Senior,Diploma,Contract,Office,Male,2022-03-19,0
11908,27.0,37800.0,1.0,1.0,3,41.3,,6,12.1,7.6,5.1,HR,Mid,High School,Part-Time,Office,Female,2019-09-21,0
11909,26.0,66800.0,3.2,3.0,2,48.5,39.1,7,16.7,21.9,4.9,HR,Senior,Master,Full-Time,Remote,Female,2018-02-09,0
11910,37.0,43200.0,6.4,5.0,5,45.5,28.5,2,11.3,2.8,12.8,Marketing,Junior,Master,Full-Time,Hybrid,Male,2021-08-07,0
11911,50.0,48800.0,3.8,1.0,4,37.6,46.3,4,0.0,2.4,4.0,Marketing,Senior,Bachelor,Full-Time,Hybrid,Female,2022-08-25,0
11912,54.0,101900.0,2.5,2.0,1,47.0,5.0,5,2.4,12.0,0.0,Sales,Mid,Bachelor,Full-Time,Hybrid,Female,2021-02-01,0
11913,41.0,83500.0,1.9,1.0,3,50.9,41.0,3,7.1,4.7,28.5,Operations,Mid,Master,Full-Time,Hybrid,Female,2016-02-12,0
11914,40.0,63900.0,4.7,1.0,2,43.3,29.5,0,13.9,7.9,7.2,Finance,Mid,Master,Full-Time,Hybrid,Male,2024-05-30,0
11915,22.0,36100.0,14.0,1.0,1,43.7,62.5,5,21.7,1.8,16.6,IT,Mid,High School,Contract,Office,Female,2022-02-20,0
11916,32.0,65300.0,5.6,1.0,5,44.5,39.7,5,8.4,1.9,13.2,Operations,Mid,Diploma,Part-Time,Remote,Female,2016-02-14,0
11917,30.0,91800.0,0.4,5.0,2,37.9,45.6,4,12.0,8.1,23.6,IT,Junior,High School,Part-Time,Office,Male,2015-06-26,0
11918,31.0,51600.0,3.1,3.0,1,44.7,20.9,2,0.0,5.7,21.5,Finance,Lead,High School,Full-Time,Remote,Female,2024-09-15,0
11919,35.0,103000.0,11.1,1.0,4,39.5,31.7,5,3.8,6.3,14.8,HR,Lead,Master,Full-Time,Hybrid,Female,2019-10-18,0
11920,32.0,100600.0,0.5,4.0,3,44.0,40.9,7,10.1,25.7,4.9,Finance,Mid,Master,Full-Time,Hybrid,Male,2022-08-23,0
11921,21.0,116700.0,22.5,2.0,5,44.8,29.6,6,0.0,11.2,19.7,IT,Junior,Diploma,Full-Time,Office,Female,2024-08-11,0
11922,42.0,67800.0,14.9,2.0,2,46.7,31.4,3,9.5,35.9,5.8,Marketing,Junior,Bachelor,Part-Time,Office,Female,2017-06-18,1
11923,27.0,75900.0,0.4,2.0,4,46.8,38.9,2,5.7,8.4,17.4,Finance,Senior,Master,Contract,Hybrid,Male,2015-02-18,0
11924,38.0,105600.0,13.5,2.0,3,39.4,9.3,5,8.3,22.8,7.1,Sales,Lead,High School,Full-Time,Hybrid,Female,2020-06-16,0
11925,53.0,71800.0,2.3,2.0,3,44.9,27.1,6,3.7,15.9,9.5,Marketing,Junior,Diploma,Full-Time,Hybrid,Female,2022-10-30,0
11926,29.0,49100.0,9.3,1.0,4,48.8,46.8,1,11.1,5.6,23.6,Sales,Senior,Bachelor,Full-Time,Hybrid,Male,2015-10-09,0
11927,21.0,,2.7,3.0,2,38.2,29.1,2,14.4,7.1,13.2,Sales,Mid,High School,Full-Time,Remote,Male,2024-09-08,0
11928,34.0,66000.0,2.9,4.0,3,52.7,70.0,2,12.5,6.2,8.1,Finance,Mid,High School,Full-Time,Remote,Male,2016-04-13,1
11929,45.0,35800.0,5.0,5.0,5,39.1,36.4,5,12.3,17.0,10.9,Sales,Mid,Bachelor,Contract,Hybrid,Male,2018-05-19,0
11930,52.0,56700.0,7.4,4.0,1,52.1,7.2,2,11.4,9.7,13.2,Operations,Senior,High School,Full-Time,Office,Male,2023-10-04,0
11931,26.0,93000.0,0.2,5.0,5,39.2,41.7,3,7.9,4.2,7.7,HR,Junior,High School,Contract,Hybrid,Male,2017-10-18,0
11932,40.0,25000.0,4.5,5.0,3,43.7,19.2,7,5.4,3.2,15.3,Finance,Junior,Diploma,Full-Time,Remote,Male,2024-04-11,0
11933,32.0,110800.0,1.0,4.0,1,43.0,40.1,1,13.5,3.3,7.9,IT,Junior,High School,Full-Time,Hybrid,Male,2015-10-23,0
11934,35.0,94000.0,2.1,1.0,4,37.2,26.5,4,2.7,4.3,1.3,HR,Lead,High School,Full-Time,Office,Female,2022-04-15,0
11935,,49900.0,2.1,2.0,1,47.5,27.5,4,11.0,4.1,10.9,Marketing,Mid,Diploma,Part-Time,Hybrid,Male,2017-11-08,0
11936,24.0,74600.0,3.2,1.0,1,47.7,50.5,4,10.8,3.4,9.0,Finance,Mid,Diploma,Full-Time,Hybrid,Male,2022-08-01,0
11937,38.0,60100.0,2.0,2.0,1,47.1,11.2,3,1.7,17.5,12.7,IT,Senior,Bachelor,Part-Time,Remote,Female,2016-10-15,1
11938,40.0,98100.0,0.6,3.0,3,42.8,27.7,4,2.3,2.7,11.0,IT,Lead,Bachelor,Full-Time,Hybrid,Male,2024-03-16,0
11939,45.0,88900.0,0.8,5.0,2,40.5,26.0,1,11.1,10.6,16.3,Finance,Junior,Bachelor,Part-Time,Remote,Male,2022-12-07,0
11940,37.0,34300.0,0.2,4.0,3,49.5,55.1,3,9.3,39.5,15.6,HR,Junior,Diploma,Full-Time,Office,Male,2018-03-16,0
11941,38.0,75900.0,3.2,3.0,2,45.1,29.8,4,10.2,8.5,2.0,Operations,Junior,High School,Full-Time,Remote,Male,2018-01-17,0
11942,33.0,55300.0,15.4,2.0,4,40.2,20.9,6,6.7,8.5,11.8,IT,Lead,High School,Full-Time,Office,Female,2017-04-26,0
11943,38.0,62000.0,0.6,1.0,4,45.1,38.5,3,17.2,9.4,9.8,Finance,Mid,High School,Full-Time,Hybrid,Male,2015-08-28,0
11944,33.0,44800.0,14.6,4.0,4,35.6,21.6,1,11.5,2.8,10.5,Finance,Senior,High School,Full-Time,Remote,Male,2020-03-19,0
11945,41.0,120700.0,6.6,5.0,4,44.5,23.8,2,16.1,10.8,3.0,Operations,Junior,Diploma,Full-Time,Hybrid,Male,2017-06-17,0
11946,33.0,91000.0,5.1,3.0,4,47.3,45.4,2,6.4,10.1,0.0,Sales,Mid,Master,Full-Time,Hybrid,Male,2022-12-12,0
11947,39.0,44600.0,5.2,5.0,5,43.1,5.0,2,14.0,7.8,19.5,Finance,Junior,Bachelor,Full-Time,Remote,Female,2024-08-06,0
11948,36.0,35200.0,8.8,2.0,3,47.6,20.5,1,6.1,2.5,10.8,IT,Mid,Master,Full-Time,Office,Male,2019-11-08,0
11949,45.0,51400.0,0.6,5.0,2,48.1,24.8,6,6.0,30.1,13.5,Sales,Junior,Bachelor,Contract,Hybrid,Female,2022-05-23,0
11950,36.0,71400.0,3.5,1.0,4,45.4,58.2,5,0.7,9.4,8.6,IT,Mid,Bachelor,Contract,Remote,Male,2018-01-24,0
11951,22.0,66100.0,6.0,3.0,5,52.8,41.7,4,10.7,3.4,4.8,HR,Senior,Diploma,Contract,Hybrid,Female,2023-05-17,0
11952,46.0,99000.0,4.4,3.0,5,50.8,,4,1.9,4.0,9.3,HR,Lead,Bachelor,Full-Time,Remote,Male,2015-07-01,0
11953,29.0,82300.0,8.9,1.0,5,47.1,33.5,5,4.3,4.6,6.9,IT,Junior,Diploma,Full-Time,Hybrid,Male,2022-12-17,0
11954,31.0,88400.0,0.4,5.0,3,45.8,36.9,3,0.0,24.3,15.0,Marketing,Senior,Master,Full-Time,Hybrid,Female,2022-08-17,0
11955,31.0,68400.0,5.9,1.0,4,42.7,38.7,2,0.0,7.3,13.7,Marketing,Senior,High School,Full-Time,Office,Male,2015-07-12,0
11956,47.0,34400.0,3.8,4.0,5,40.8,36.9,5,7.5,7.3,15.3,Marketing,Junior,Master,Full-Time,Office,Male,2023-10-15,0
11957,21.0,55500.0,2.4,1.0,5,48.0,64.2,2,3.7,5.5,13.9,IT,Mid,Master,Full-Time,Hybrid,Female,2021-08-14,0
11958,60.0,91700.0,2.1,5.0,4,43.0,28.4,5,10.0,16.4,2.3,Finance,Mid,Diploma,Full-Time,Hybrid,Male,2019-05-31,0
11959,44.0,58800.0,4.8,1.0,3,38.9,37.6,5,7.7,17.0,10.2,Sales,Junior,Diploma,Full-Time,Office,Male,2016-05-07,0
11960,38.0,73400.0,11.1,2.0,5,40.0,35.6,6,14.3,2.8,7.9,Finance,Junior,Bachelor,Full-Time,Remote,Male,2022-12-25,0
11961,36.0,52800.0,3.4,1.0,2,40.6,49.1,3,19.6,7.5,12.8,Operations,Junior,High School,Full-Time,Hybrid,Female,2024-01-30,0
11962,38.0,39700.0,8.7,1.0,1,52.8,24.6,3,14.9,6.9,8.7,IT,Mid,Master,Full-Time,Office,Female,2022-12-22,1
11963,40.0,57100.0,2.6,5.0,1,48.2,29.5,1,8.2,4.1,13.5,Operations,Junior,Master,Full-Time,Hybrid,Male,2024-07-08,0
11964,41.0,67900.0,0.5,4.0,1,44.2,12.3,4,12.0,5.3,13.8,Operations,Junior,Diploma,Full-Time,Hybrid,Female,2023-10-25,0
11965,40.0,46200.0,0.3,4.0,3,46.1,49.8,1,15.9,6.5,10.7,Finance,Senior,Diploma,Full-Time,Remote,Female,2021-08-14,0
11966,37.0,54600.0,0.3,5.0,5,46.7,12.2,3,5.0,4.0,13.4,Operations,Mid,Diploma,Part-Time,Hybrid,Female,2022-05-28,0
11967,34.0,41200.0,2.4,5.0,1,39.7,43.1,4,13.4,9.8,13.9,HR,Junior,Master,Full-Time,Hybrid,Female,2020-12-03,0
11968,35.0,93900.0,2.1,5.0,1,38.2,60.2,2,15.8,9.7,12.6,Sales,Mid,Diploma,Full-Time,Hybrid,Male,2018-08-18,0
11969,34.0,53300.0,6.3,2.0,4,49.3,63.9,3,8.5,11.5,13.8,IT,Lead,Bachelor,Contract,Remote,Male,2023-02-25,0
11970,45.0,107300.0,6.8,3.0,5,37.3,30.4,4,10.8,5.8,15.3,Sales,Junior,Bachelor,Full-Time,Hybrid,Female,2017-04-25,0
11971,41.0,110600.0,0.3,1.0,5,43.9,29.8,5,20.3,1.8,10.2,Marketing,Junior,Bachelor,Full-Time,Office,Female,2024-11-02,0
11972,21.0,58100.0,1.2,5.0,4,40.4,33.9,7,4.2,4.9,8.3,Marketing,Junior,High School,Full-Time,Hybrid,Male,2015-05-01,0
11973,41.0,40100.0,1.6,5.0,5,45.1,48.5,11,6.4,3.8,13.7,HR,Junior,Bachelor,Full-Time,Office,Female,2019-08-11,0
11974,38.0,26000.0,4.0,5.0,2,42.7,33.0,8,11.3,7.1,9.1,IT,Mid,Diploma,Full-Time,Remote,Male,2017-08-15,0
11975,36.0,33300.0,0.8,4.0,3,46.7,30.9,6,2.7,11.9,12.0,Marketing,Lead,Diploma,Full-Time,Hybrid,Male,2024-01-12,0
11976,33.0,34600.0,0.7,5.0,4,32.4,51.1,4,7.6,30.0,11.3,Sales,Mid,Master,Full-Time,Office,Male,2020-06-21,0
11977,45.0,104100.0,14.4,1.0,1,49.6,35.7,7,0.7,4.2,20.4,Sales,Mid,High School,Full-Time,Office,Male,2016-12-31,0
11978,44.0,62800.0,8.2,5.0,5,47.7,32.7,3,0.0,8.7,15.8,HR,Mid,High School,Full-Time,Office,Male,2020-01-28,0
11979,30.0,70100.0,1.0,1.0,2,49.1,21.9,2,9.4,9.0,18.2,Operations,Junior,Diploma,Contract,Hybrid,Male,2015-03-20,0
11980,39.0,24700.0,2.6,,2,48.5,50.4,4,0.0,21.9,14.1,Marketing,Junior,Master,Full-Time,Hybrid,Male,2017-09-05,0
11981,28.0,37200.0,2.2,3.0,3,45.6,38.7,4,2.5,9.3,13.4,Finance,Senior,Bachelor,Full-Time,Hybrid,Male,2024-05-10,0
11982,25.0,85600.0,7.8,4.0,2,40.8,34.8,6,14.1,6.2,14.1,Marketing,Mid,Bachelor,Part-Time,Remote,Female,2015-05-20,0
11983,31.0,67300.0,3.6,1.0,5,46.2,7.1,6,9.0,7.8,9.7,HR,Junior,Master,Full-Time,Remote,Male,2019-04-09,0
11984,43.0,56600.0,0.7,2.0,5,45.4,49.3,6,7.8,10.2,6.3,Marketing,Junior,Master,Full-Time,Office,Female,2017-03-31,0
11985,44.0,75200.0,6.7,3.0,2,48.4,18.0,2,5.8,13.4,14.9,IT,Mid,Diploma,Full-Time,Office,Female,2017-01-09,0
11986,40.0,115400.0,2.5,3.0,5,47.1,41.8,4,17.2,26.3,14.6,HR,Senior,High School,Full-Time,Hybrid,Female,2015-10-16,0
11987,42.0,54900.0,1.5,3.0,5,44.5,23.3,6,21.4,24.5,19.1,Finance,Mid,Master,Full-Time,Hybrid,Female,2020-02-04,0
11988,40.0,61700.0,2.4,1.0,1,46.2,18.9,2,11.6,4.7,16.3,Sales,Senior,Diploma,Full-Time,Office,Female,2021-07-04,0
11989,31.0,64800.0,3.4,2.0,4,46.6,48.9,3,0.0,2.8,9.8,Marketing,Mid,High School,Full-Time,Office,Male,2017-05-21,0
11990,39.0,156200.0,2.1,5.0,5,49.4,36.5,2,7.8,3.3,6.4,Operations,Junior,Bachelor,Contract,Office,Male,2020-06-20,0
11991,42.0,25900.0,1.4,2.0,5,52.7,35.6,1,1.7,9.5,13.7,Sales,Lead,Master,Full-Time,Office,Male,2024-08-02,1
11992,42.0,78900.0,2.5,2.0,3,47.0,64.3,1,5.3,17.6,12.1,HR,Junior,Bachelor,Full-Time,Remote,Female,2020-11-17,0
11993,46.0,57300.0,0.2,2.0,4,46.6,64.0,3,10.9,6.7,9.2,Sales,Junior,Diploma,Contract,Hybrid,Male,2023-06-06,0
11994,42.0,75300.0,7.4,1.0,4,42.9,31.3,3,8.6,4.1,14.7,Operations,Senior,Bachelor,Full-Time,Office,Female,2023-11-17,0
11995,39.0,46100.0,0.9,1.0,4,42.3,15.4,9,0.0,2.9,6.1,Operations,Junior,Diploma,Full-Time,Office,Male,2018-07-10,0
11996,45.0,58800.0,0.2,1.0,2,40.4,56.2,3,3.8,24.3,8.9,Operations,Mid,Diploma,Contract,Office,Female,2016-01-07,0
11997,36.0,79800.0,5.3,2.0,1,30.0,14.8,8,14.9,5.7,26.3,Operations,Senior,High School,Full-Time,Hybrid,Female,2020-01-27,0
11998,29.0,208400.0,7.4,1.0,1,39.8,42.1,6,17.5,2.7,7.1,IT,Mid,Diploma,Full-Time,Hybrid,Female,2016-06-27,0
11999,35.0,82900.0,8.4,3.0,3,43.1,31.0,3,16.2,7.9,14.2,Operations,Mid,Diploma,Full-Time,Office,Male,2016-12-25,0
12000,30.0,42700.0,3.4,1.0,4,42.5,36.1,5,0.0,8.0,17.0,HR,Mid,Bachelor,Part-Time,Remote,Female,2016-05-11,0
12001,31.0,50600.0,1.1,4.0,4,46.3,53.4,5,5.9,14.9,16.2,HR,Senior,High School,Full-Time,Hybrid,Male,2023-07-28,0
12002,35.0,50000.0,6.7,1.0,5,40.0,23.2,2,3.6,3.5,15.4,Marketing,Mid,High School,Full-Time,Remote,Male,2021-07-10,0
12003,30.0,29300.0,6.0,1.0,2,40.2,25.9,5,12.0,18.1,14.3,HR,Mid,High School,Full-Time,Office,Female,2020-09-08,0
12004,34.0,52600.0,1.4,1.0,2,33.4,46.4,3,6.2,20.1,11.9,IT,Lead,Bachelor,Full-Time,Office,Female,2018-07-07,0
12005,21.0,80400.0,11.7,1.0,3,46.4,61.8,5,1.9,8.5,19.2,Marketing,Lead,High School,Full-Time,Hybrid,Male,2019-04-19,0
12006,38.0,36000.0,0.6,4.0,1,39.6,72.1,5,16.9,12.2,18.9,IT,Mid,Bachelor,Full-Time,Hybrid,Female,2018-03-06,0
12007,36.0,91300.0,20.3,5.0,4,40.4,13.2,3,4.5,14.1,17.0,Finance,Junior,High School,Full-Time,Office,Male,2021-06-21,0
12008,29.0,72900.0,9.8,1.0,3,46.8,28.7,4,14.1,5.3,20.0,Marketing,Senior,Diploma,Full-Time,Remote,Male,2016-04-04,1
12009,41.0,44700.0,5.8,3.0,2,39.6,19.5,5,4.3,3.0,16.8,HR,Junior,Master,Full-Time,Remote,Male,2022-08-13,0
12010,44.0,56700.0,14.0,4.0,2,45.9,47.7,4,12.7,5.3,10.3,HR,Senior,High School,Full-Time,Office,Male,2018-12-02,0
12011,23.0,113700.0,6.4,5.0,2,38.0,35.9,7,6.1,2.3,8.5,HR,Mid,Bachelor,Full-Time,Remote,Female,2019-07-09,0
12012,30.0,80500.0,1.1,1.0,4,43.9,48.2,7,1.8,11.1,13.9,Finance,Senior,Master,Full-Time,Hybrid,Female,2023-11-29,0
12013,30.0,60200.0,2.9,5.0,4,41.0,29.1,2,14.9,24.5,13.5,IT,Mid,Bachelor,Contract,Office,Male,2021-04-13,0
12014,28.0,54600.0,0.4,3.0,4,42.7,45.5,2,3.8,4.4,14.3,HR,Lead,Diploma,Full-Time,Office,Female,2023-06-28,0
12015,43.0,61900.0,2.5,4.0,5,51.6,32.3,4,8.7,5.8,19.7,Operations,Junior,Diploma,Full-Time,Office,Female,2018-08-26,0
12016,34.0,48900.0,6.8,4.0,1,35.8,37.1,3,0.2,6.7,10.1,Sales,Junior,Bachelor,Full-Time,Office,Female,2015-06-28,0
12017,34.0,25900.0,2.4,5.0,2,51.1,26.4,3,0.0,33.9,11.2,Operations,Senior,Master,Full-Time,Office,Male,2024-10-16,0
12018,21.0,135800.0,2.0,1.0,2,39.4,55.4,10,17.2,5.8,13.5,HR,Mid,Master,Contract,Hybrid,Male,2024-06-10,0
12019,41.0,63800.0,4.5,2.0,5,48.3,16.1,4,8.8,17.5,11.3,Marketing,Mid,High School,Full-Time,Office,Male,2015-10-05,0
12020,26.0,70400.0,10.3,4.0,2,49.3,33.3,7,7.4,8.2,2.8,Marketing,Lead,Diploma,Full-Time,Office,Male,2024-09-24,0
12021,36.0,58600.0,0.2,2.0,2,46.2,61.7,1,5.5,1.0,9.7,Sales,Mid,Master,Full-Time,Office,Female,2024-03-01,0
12022,38.0,44700.0,2.4,4.0,4,37.9,54.1,4,3.3,5.6,7.1,Finance,Senior,Diploma,Part-Time,Office,Male,2018-08-09,0
12023,47.0,55700.0,0.9,1.0,4,45.4,22.4,3,11.5,14.8,18.8,Marketing,Junior,Master,Full-Time,Hybrid,Male,2023-10-05,0
12024,26.0,31600.0,5.9,1.0,1,56.8,23.1,2,16.5,5.7,7.9,Finance,Senior,Master,Full-Time,Office,Female,2015-11-03,1
12025,21.0,149200.0,0.6,4.0,2,44.1,42.7,4,12.9,11.5,11.8,Finance,Mid,High School,Full-Time,Hybrid,Male,2018-01-01,0
12026,37.0,36600.0,5.5,5.0,3,43.5,44.7,7,11.7,26.9,12.3,Sales,Mid,Bachelor,Full-Time,Office,Male,2016-01-08,1
12027,50.0,39700.0,1.7,1.0,2,43.0,52.8,2,6.1,11.5,14.5,Marketing,Senior,Diploma,Full-Time,Office,Male,2016-12-26,0
12028,46.0,50300.0,1.1,1.0,2,46.6,13.9,3,11.8,5.1,13.3,Operations,Mid,Diploma,Contract,Remote,Male,2016-03-09,0
12029,38.0,100400.0,13.8,3.0,1,43.6,54.7,3,19.7,13.2,13.6,HR,Lead,,Full-Time,Hybrid,Male,2019-10-10,0
12030,32.0,60300.0,0.2,1.0,3,45.4,21.5,2,6.4,11.3,7.6,Operations,Senior,High School,Full-Time,Hybrid,Female,2020-02-01,0
12031,42.0,36600.0,2.9,3.0,2,42.5,55.0,5,10.2,15.8,10.6,Operations,Senior,High School,Full-Time,Office,Female,2023-07-31,0
12032,28.0,99100.0,0.2,1.0,3,38.8,10.8,2,16.2,7.5,5.1,Operations,Mid,Diploma,Contract,Hybrid,Male,2017-12-03,0
12033,40.0,80400.0,3.3,1.0,4,55.6,18.3,6,19.7,4.5,13.9,Finance,Mid,Bachelor,Full-Time,Remote,Female,2018-10-25,1
12034,40.0,74400.0,3.5,5.0,4,43.5,60.8,6,8.8,11.7,8.1,Finance,Junior,High School,Contract,Office,Female,2019-12-20,0
12035,44.0,79900.0,1.9,5.0,3,60.0,61.6,2,13.1,11.9,18.7,Marketing,Junior,Bachelor,Full-Time,Office,Female,2022-12-18,1
12036,58.0,156300.0,0.7,1.0,2,46.1,36.5,2,6.5,5.5,2.1,Marketing,Junior,Master,Full-Time,Hybrid,Male,2022-01-14,0
12037,39.0,143800.0,2.4,4.0,3,47.0,30.1,0,9.9,2.7,21.6,Operations,Lead,Diploma,Full-Time,Office,Female,2022-07-04,0
12038,32.0,45600.0,5.6,4.0,3,42.5,34.8,5,6.5,5.8,13.2,Sales,Mid,High School,Full-Time,Remote,Female,2022-07-05,0
12039,36.0,114900.0,7.6,1.0,4,41.0,41.2,4,15.0,3.5,10.5,IT,Senior,Master,Full-Time,Hybrid,Female,2020-10-09,0
12040,22.0,69900.0,3.8,4.0,3,42.6,42.6,4,18.1,6.6,14.8,Operations,Mid,Bachelor,Full-Time,Office,Female,2021-12-05,0
12041,30.0,73300.0,4.5,1.0,5,39.8,30.6,8,0.8,13.8,19.3,Operations,Mid,Bachelor,Full-Time,Office,Male,2023-11-26,0
12042,33.0,30500.0,1.1,5.0,5,39.4,6.0,4,7.4,2.0,21.4,IT,Mid,Diploma,Full-Time,Office,Male,2019-07-17,0
12043,32.0,56000.0,1.7,2.0,4,52.9,26.8,1,4.8,9.9,12.0,IT,Mid,Master,Full-Time,Office,Female,2015-01-22,1
12044,37.0,43300.0,0.9,3.0,2,48.0,11.7,1,6.1,10.7,2.0,Finance,Senior,High School,Full-Time,Hybrid,Female,2016-05-29,0
12045,29.0,83600.0,1.4,4.0,2,51.5,46.5,2,6.5,4.2,11.6,Sales,Lead,Diploma,Full-Time,Office,Male,2022-08-30,0
12046,45.0,92100.0,1.3,4.0,4,49.6,40.5,4,2.8,10.2,9.4,IT,Mid,Master,Full-Time,Office,Male,2022-07-26,0
12047,36.0,26200.0,3.7,5.0,2,41.0,33.3,1,9.7,18.1,15.3,Operations,Senior,Diploma,Contract,Office,Female,2023-05-28,0
12048,36.0,59500.0,4.1,4.0,1,36.3,31.2,4,1.0,10.8,9.9,Marketing,Junior,Master,Full-Time,Hybrid,Female,2022-11-20,0
12049,33.0,94000.0,14.5,1.0,5,41.7,64.5,4,13.3,33.8,6.3,Operations,Junior,High School,Full-Time,Office,Female,2022-09-06,0
12050,37.0,55700.0,1.1,1.0,1,44.5,52.2,3,9.8,8.5,9.4,Finance,Mid,Bachelor,Full-Time,Office,Female,2019-09-18,0
12051,43.0,80300.0,5.1,2.0,1,49.7,38.1,4,1.6,16.1,18.8,Finance,Senior,Bachelor,Full-Time,Office,Female,2016-11-13,0
12052,29.0,69000.0,8.5,2.0,1,43.7,26.9,6,1.3,33.2,12.7,Operations,Mid,Bachelor,Full-Time,Office,Male,2022-12-15,0
12053,31.0,68800.0,4.1,2.0,4,58.8,54.3,2,12.7,11.4,16.9,Marketing,Mid,High School,Full-Time,Remote,Male,2017-09-20,0
12054,34.0,53800.0,1.5,1.0,1,41.8,36.7,5,3.8,27.3,9.9,Sales,Junior,Master,Full-Time,Hybrid,Female,2022-03-05,0
12055,25.0,36900.0,1.5,2.0,3,47.0,25.3,10,17.3,11.0,17.9,Sales,Lead,Diploma,Part-Time,Office,Female,2020-07-31,0
12056,29.0,38300.0,0.2,2.0,2,41.0,26.1,4,0.0,22.2,7.7,IT,Senior,Bachelor,Full-Time,Remote,Male,2018-10-04,0
12057,32.0,79700.0,1.8,1.0,4,46.0,44.9,2,1.7,3.7,8.2,Marketing,Mid,Bachelor,Full-Time,Office,Female,2019-05-08,0
12058,43.0,60500.0,6.8,5.0,3,43.4,49.3,6,5.7,8.4,18.8,HR,Lead,High School,Full-Time,Hybrid,Male,2020-07-22,0
12059,38.0,56800.0,0.2,4.0,3,42.8,44.5,3,7.8,45.1,18.6,Sales,Junior,High School,Full-Time,Hybrid,Female,2016-11-03,1
12060,38.0,50600.0,1.2,3.0,5,40.9,44.9,4,12.0,2.2,2.5,,Mid,Master,Full-Time,Hybrid,Female,2015-08-12,0
12061,43.0,53100.0,6.1,1.0,5,44.7,30.4,2,6.8,4.7,17.0,Finance,Junior,Master,Full-Time,Hybrid,Male,2016-06-20,0
12062,35.0,91200.0,7.6,1.0,3,48.2,26.8,4,6.1,36.7,5.3,Sales,Mid,Master,Full-Time,Remote,Male,2021-06-11,1
12063,39.0,52500.0,3.0,3.0,5,39.1,37.2,5,4.0,7.4,17.3,HR,Junior,Diploma,Full-Time,Hybrid,Female,2020-07-26,0
12064,35.0,35100.0,6.0,3.0,2,43.8,33.8,2,3.3,7.4,17.2,Finance,Mid,Master,Full-Time,Office,Male,2015-10-30,0
12065,38.0,80800.0,2.5,2.0,2,46.5,20.0,6,3.7,15.2,19.9,Finance,Lead,Master,Part-Time,Office,Male,2022-05-05,1
12066,31.0,,0.9,,5,47.4,34.5,5,7.5,19.2,20.5,Marketing,Mid,Diploma,Full-Time,Office,Male,2018-10-11,0
12067,21.0,60800.0,2.5,4.0,1,53.3,45.3,6,0.0,6.2,13.2,Marketing,Mid,Bachelor,Part-Time,Hybrid,Female,2016-07-31,0
12068,35.0,114100.0,4.3,4.0,3,46.9,29.1,1,11.2,2.5,10.8,Operations,Mid,Bachelor,Full-Time,Office,Female,2018-07-16,0
12069,47.0,59500.0,14.8,4.0,2,42.0,58.8,6,8.4,4.2,11.9,Sales,Senior,High School,Part-Time,Office,Male,2020-08-24,0
12070,43.0,67400.0,0.4,4.0,5,41.2,16.2,2,7.3,5.4,11.4,HR,Lead,Diploma,Part-Time,Hybrid,Female,2022-01-09,0
12071,44.0,37400.0,3.5,4.0,5,41.1,22.6,4,14.8,3.5,10.7,Marketing,Mid,Master,Full-Time,Hybrid,Male,2021-04-19,0
12072,46.0,55000.0,2.0,2.0,2,40.8,26.4,2,11.6,4.4,11.1,IT,Senior,Bachelor,Full-Time,Office,Male,2018-01-13,0
12073,37.0,76600.0,3.5,1.0,2,45.1,47.3,4,8.8,8.1,17.6,Finance,Mid,High School,Full-Time,Office,Male,2024-12-04,1
12074,38.0,32200.0,0.2,3.0,1,46.1,38.2,2,11.9,4.4,5.5,IT,Junior,Diploma,Full-Time,Office,Male,2022-08-09,0
12075,31.0,,1.9,1.0,5,48.1,21.7,8,4.3,27.5,17.4,Finance,Mid,Diploma,Full-Time,Office,Male,2021-01-19,0
12076,33.0,62500.0,8.6,3.0,5,47.3,6.9,2,11.6,6.0,12.0,IT,Mid,Diploma,Part-Time,Hybrid,Female,2018-06-14,0
12077,41.0,61000.0,4.0,2.0,4,50.2,17.2,2,12.9,2.7,4.6,Finance,Mid,Master,Full-Time,Office,Female,2018-01-10,1
12078,46.0,90800.0,3.0,2.0,1,40.7,8.7,1,0.0,18.2,15.0,Marketing,Senior,Master,Full-Time,Hybrid,Female,2017-02-12,0
12079,35.0,68600.0,1.7,5.0,2,52.2,48.1,4,18.6,60.0,4.2,IT,Mid,Master,Full-Time,Office,Female,2016-08-12,1
12080,32.0,108400.0,1.8,5.0,2,40.9,19.1,2,10.0,6.3,12.4,Sales,Lead,High School,Contract,Office,Male,2021-09-15,0
12081,36.0,,2.4,2.0,3,45.7,45.2,3,11.7,9.6,22.6,Sales,Lead,Diploma,Part-Time,Remote,Female,2022-10-29,0
12082,41.0,63400.0,9.0,2.0,2,43.0,43.2,2,14.5,19.9,9.8,HR,Mid,High School,Full-Time,Hybrid,Male,2015-05-28,0
12083,24.0,62100.0,17.1,3.0,5,43.9,52.9,4,7.2,6.1,10.1,HR,Mid,High School,Full-Time,Office,Male,2023-04-11,0
12084,21.0,39100.0,2.9,2.0,2,47.4,24.3,4,5.5,29.7,15.9,Operations,Mid,High School,Full-Time,Remote,Male,2024-08-09,1
12085,32.0,88000.0,2.5,1.0,5,36.8,41.1,2,9.8,2.6,15.2,HR,Mid,Master,Full-Time,Office,Female,2019-05-03,0
12086,26.0,152100.0,9.4,3.0,5,39.8,36.8,8,24.6,7.4,15.2,IT,Lead,,Full-Time,Remote,Female,2023-11-01,0
12087,32.0,59600.0,2.8,2.0,1,47.7,36.9,9,7.4,4.5,9.7,Finance,Junior,Bachelor,Contract,Office,Male,2020-06-30,0
12088,35.0,73400.0,4.0,3.0,2,44.0,34.7,1,4.2,3.6,14.4,Operations,Mid,Master,Full-Time,Remote,Female,2020-12-16,0
12089,32.0,62100.0,1.3,3.0,1,42.7,47.6,2,16.1,4.6,9.2,HR,Junior,Master,Full-Time,Office,Female,2020-12-06,0
12090,48.0,45100.0,6.8,4.0,5,38.4,,3,0.0,11.5,14.3,Marketing,Senior,Bachelor,Full-Time,Remote,Male,2018-07-17,0
12091,39.0,29000.0,3.8,5.0,2,42.8,35.0,3,7.3,15.2,11.4,Sales,Junior,High School,Contract,Hybrid,Female,2016-02-20,0
12092,38.0,45200.0,8.3,3.0,2,47.4,28.1,7,4.2,13.1,15.8,Sales,Senior,High School,Full-Time,Office,Female,2022-11-22,0
12093,41.0,34400.0,7.6,3.0,1,41.2,26.4,3,11.8,2.9,16.5,Marketing,Mid,Master,Full-Time,Remote,Female,2023-06-09,0
12094,27.0,118600.0,1.2,4.0,1,50.8,35.5,2,8.8,11.8,14.2,Sales,Lead,Master,Part-Time,Office,Male,2024-07-13,0
12095,44.0,57300.0,6.3,2.0,5,49.4,38.3,2,1.4,7.4,8.2,IT,Lead,Master,Full-Time,Hybrid,Male,2024-01-08,0
12096,35.0,52200.0,8.0,3.0,5,42.2,33.6,5,11.9,5.3,4.5,Marketing,Senior,Bachelor,Full-Time,Hybrid,Female,2022-11-29,0
12097,41.0,85600.0,2.1,4.0,2,41.0,15.6,3,3.1,6.9,6.3,IT,Mid,Master,Full-Time,Hybrid,Female,2019-05-20,0
12098,27.0,38300.0,0.9,1.0,2,30.2,30.4,4,7.7,25.7,7.1,Operations,Junior,Master,Full-Time,Office,Female,2015-06-27,0
12099,24.0,44200.0,0.2,4.0,4,38.6,27.1,5,5.4,6.6,27.0,Sales,Lead,Diploma,Full-Time,Remote,Female,2018-04-15,0
12100,43.0,61700.0,3.0,5.0,4,38.3,35.2,4,12.9,13.7,15.3,Marketing,Senior,Bachelor,Full-Time,Hybrid,Female,2022-02-04,0
12101,39.0,90500.0,2.2,5.0,3,36.8,73.0,6,5.2,16.5,13.1,Marketing,Junior,Bachelor,Full-Time,Office,Female,2020-02-18,0
12102,29.0,73300.0,4.0,2.0,5,43.8,41.5,1,0.0,14.8,9.2,Operations,Mid,Diploma,Full-Time,Office,Male,2016-07-30,0
12103,29.0,66300.0,1.0,2.0,3,45.6,53.9,4,1.3,5.8,16.7,Operations,Junior,High School,Contract,Hybrid,Female,2023-06-25,0
12104,45.0,61900.0,9.8,5.0,3,53.1,24.7,5,8.4,6.0,11.0,Operations,Senior,Bachelor,Part-Time,Remote,Male,2023-12-13,0
12105,26.0,70400.0,1.5,5.0,1,44.3,35.3,4,4.0,9.7,13.7,Marketing,Junior,Master,Full-Time,Hybrid,Female,2018-12-04,0
12106,49.0,65000.0,1.3,3.0,1,33.8,53.4,4,15.2,5.4,15.0,Sales,Senior,Master,Contract,Office,Male,2017-01-11,0
12107,29.0,39700.0,3.3,5.0,4,40.3,11.3,7,1.9,4.4,14.1,Sales,Senior,High School,Contract,Office,Male,2017-12-24,0
12108,41.0,61100.0,3.5,2.0,3,47.1,31.5,6,11.5,8.6,12.3,Sales,Mid,Diploma,Full-Time,Hybrid,Male,2024-09-19,0
12109,33.0,39100.0,1.2,5.0,4,43.6,44.3,3,12.8,4.6,6.9,HR,Lead,Diploma,Full-Time,Office,Female,2019-11-12,0
12110,41.0,62000.0,1.6,2.0,5,48.3,33.9,3,9.1,5.9,12.3,HR,Senior,Diploma,Contract,Office,Male,2021-09-09,1
12111,32.0,49500.0,0.9,1.0,2,41.4,26.5,5,10.5,6.6,17.4,Finance,Mid,Master,Part-Time,Hybrid,Male,2024-09-25,0
12112,35.0,165700.0,6.3,5.0,1,49.8,27.3,5,7.2,5.4,15.8,Marketing,Lead,Diploma,Full-Time,Office,Male,2023-03-05,0
12113,36.0,59100.0,7.4,2.0,5,45.2,39.7,6,9.7,6.7,13.6,Sales,Senior,Diploma,Contract,Office,Male,2021-02-08,0
12114,28.0,34200.0,3.1,4.0,5,45.4,11.4,3,5.1,5.9,16.1,Marketing,Senior,Master,Full-Time,Office,Female,2021-04-30,1
12115,42.0,56900.0,6.3,3.0,1,44.7,36.9,0,9.4,33.4,6.0,Operations,Junior,High School,Full-Time,Hybrid,Male,2019-09-21,1
12116,32.0,73900.0,6.7,2.0,1,40.2,45.9,5,6.3,27.6,11.2,IT,Mid,Master,Full-Time,Hybrid,Male,2020-09-05,0
12117,34.0,117200.0,0.7,5.0,3,43.7,29.6,4,6.3,5.9,11.8,IT,Senior,Diploma,Full-Time,Hybrid,Male,2018-06-28,0
12118,28.0,47400.0,16.9,5.0,4,45.5,11.6,2,4.0,5.8,6.6,Sales,Mid,High School,Full-Time,Hybrid,Male,2016-05-22,0
12119,21.0,31900.0,8.6,1.0,5,37.0,27.3,4,6.7,6.8,14.6,HR,Mid,Diploma,Full-Time,Office,Male,2020-06-18,0
12120,34.0,83200.0,1.1,4.0,3,44.4,33.1,5,17.1,9.5,15.4,Finance,Lead,Master,Full-Time,Remote,Female,2016-12-03,0
12121,55.0,34500.0,1.0,2.0,3,50.1,18.9,8,6.6,7.4,12.8,HR,Junior,Master,Full-Time,Hybrid,Male,2020-12-15,0
12122,42.0,50400.0,0.7,4.0,5,46.2,35.5,1,13.6,8.1,13.0,Marketing,Junior,High School,Full-Time,Remote,Female,2024-07-19,0
12123,36.0,54100.0,0.7,1.0,5,50.8,37.6,5,11.1,13.9,9.0,HR,Senior,Diploma,Full-Time,Remote,Female,2017-04-07,1
12124,34.0,58400.0,6.9,3.0,2,46.0,53.0,4,9.5,4.4,9.1,Sales,Junior,Diploma,Contract,Hybrid,Male,2021-10-02,0
12125,36.0,79000.0,3.2,4.0,4,39.5,32.5,10,9.7,5.3,5.2,Operations,Mid,High School,Full-Time,Remote,Female,2019-08-07,0
12126,40.0,45600.0,7.6,1.0,5,48.0,36.7,4,8.1,2.9,11.1,Operations,Lead,Bachelor,Full-Time,Office,Female,2024-07-23,0
12127,27.0,53800.0,6.9,2.0,1,38.3,26.7,5,4.5,6.0,9.0,HR,Senior,Master,Full-Time,Office,Male,2017-04-03,0
12128,45.0,59700.0,4.6,3.0,2,43.0,27.8,5,18.3,8.2,8.0,IT,Mid,Master,Contract,Office,Male,2019-08-21,0
12129,42.0,63700.0,5.8,5.0,4,42.6,45.6,3,14.3,8.3,12.3,Sales,Senior,Diploma,Full-Time,Hybrid,Male,2018-06-06,0
12130,42.0,62400.0,0.2,1.0,1,40.6,31.5,6,8.3,19.2,10.1,Sales,Mid,Master,Full-Time,Hybrid,Female,2017-06-11,0
12131,40.0,71400.0,1.9,5.0,1,55.9,47.4,6,8.4,4.3,5.0,Sales,Mid,High School,Part-Time,Remote,Male,2022-02-04,0
12132,36.0,84100.0,5.1,3.0,4,43.6,34.3,4,11.4,2.6,9.2,HR,Mid,Master,Full-Time,Hybrid,Female,2023-08-17,0
12133,41.0,70200.0,0.2,1.0,2,53.1,17.8,3,1.7,8.5,11.3,IT,Mid,High School,Full-Time,Hybrid,Male,2017-02-27,0
12134,41.0,71900.0,0.2,1.0,1,45.7,24.6,6,3.3,7.0,6.5,HR,Senior,Master,Full-Time,Remote,Male,2023-07-25,0
12135,33.0,31900.0,9.5,3.0,3,39.9,71.3,4,0.0,14.6,13.8,Marketing,Mid,Bachelor,Full-Time,Hybrid,Female,2020-05-13,0
12136,31.0,61200.0,5.8,2.0,4,42.0,33.5,0,6.7,8.5,12.4,Operations,Junior,Diploma,Full-Time,Office,Male,2022-12-18,0
12137,37.0,72700.0,1.5,1.0,4,43.8,10.8,8,15.1,19.6,7.6,Finance,Junior,Bachelor,Full-Time,Remote,Female,2017-12-13,0
12138,48.0,80300.0,5.8,3.0,5,42.3,17.9,6,6.3,7.3,15.9,Finance,Mid,High School,Contract,Hybrid,Female,2024-07-17,0
12139,26.0,45500.0,7.9,4.0,2,42.6,24.3,2,21.1,5.6,18.9,Operations,Lead,Diploma,Contract,Hybrid,Male,2024-09-14,0
12140,24.0,46100.0,1.8,5.0,3,46.9,21.6,3,5.4,13.1,11.6,Finance,Mid,Master,Contract,Hybrid,Female,2019-04-05,0
12141,37.0,47700.0,0.2,1.0,3,45.8,18.5,4,9.1,11.2,10.9,Operations,Junior,Master,Full-Time,Office,Male,2015-07-21,0
12142,36.0,74400.0,13.5,4.0,5,47.4,56.9,5,6.3,4.9,10.4,Marketing,Junior,Bachelor,Full-Time,Office,Male,2015-08-11,0
12143,37.0,90700.0,2.1,1.0,1,51.6,45.0,3,0.0,11.7,9.4,Marketing,Mid,Diploma,Full-Time,Office,Male,2018-02-26,0
12144,38.0,51000.0,0.6,2.0,1,41.6,32.0,3,6.3,10.9,7.3,Marketing,Junior,Master,Full-Time,Office,Female,2021-07-05,0
12145,34.0,86300.0,3.4,3.0,3,49.6,26.2,4,3.0,7.7,12.6,IT,Junior,High School,Full-Time,Remote,Female,2019-08-09,0
12146,48.0,63000.0,7.3,1.0,2,51.0,32.6,5,9.4,17.5,8.2,Sales,Senior,Bachelor,Full-Time,Hybrid,Female,2023-01-07,1
12147,23.0,57100.0,1.3,3.0,1,50.5,61.7,2,15.7,22.2,0.0,Operations,Senior,Master,Full-Time,Office,Male,2019-10-30,1
12148,29.0,55100.0,1.6,1.0,4,35.2,22.0,1,5.9,5.3,22.2,Marketing,Senior,High School,Contract,Office,Male,2019-01-04,0
12149,35.0,80900.0,1.4,2.0,5,53.0,11.3,7,10.2,11.3,20.5,Finance,Senior,High School,Full-Time,Hybrid,Male,2023-01-22,0
12150,23.0,68300.0,23.9,2.0,2,40.8,45.0,5,6.7,8.4,12.6,Operations,Mid,Bachelor,Full-Time,Office,Female,2020-07-30,0
12151,35.0,149100.0,1.1,4.0,1,34.8,50.1,3,13.4,5.8,5.5,Finance,Senior,Bachelor,Full-Time,Office,Female,2020-12-15,0
12152,49.0,42700.0,4.3,2.0,3,52.9,56.8,3,21.7,7.3,23.5,Operations,Mid,Bachelor,Full-Time,Office,Male,2023-10-18,1
12153,36.0,73800.0,13.0,3.0,5,46.6,29.7,2,16.9,2.3,14.6,Operations,Junior,High School,Full-Time,Hybrid,Male,2020-08-07,0
12154,38.0,48600.0,0.8,2.0,1,46.8,29.9,2,4.3,17.0,10.2,HR,Mid,Diploma,Full-Time,Remote,Female,2020-08-07,1
12155,26.0,42400.0,17.7,1.0,3,42.3,65.2,1,16.3,13.9,19.6,Sales,Junior,Diploma,Full-Time,Remote,Female,2016-04-14,0
12156,31.0,59700.0,14.7,2.0,1,44.9,43.9,1,9.8,2.1,7.0,Marketing,Junior,Diploma,Full-Time,Hybrid,Female,2022-03-14,0
12157,33.0,63400.0,10.8,3.0,5,43.3,33.7,6,15.4,7.0,1.6,Sales,Junior,Diploma,Contract,Hybrid,Female,2021-01-17,0
12158,33.0,192800.0,1.2,1.0,4,40.9,42.6,3,1.8,10.1,8.7,Marketing,Lead,Diploma,Full-Time,Hybrid,Male,2019-01-12,0
12159,46.0,55700.0,5.0,4.0,4,44.1,28.5,8,7.5,14.6,15.6,Finance,Senior,Diploma,Part-Time,Office,Female,2016-05-29,0
12160,40.0,38200.0,7.2,4.0,3,44.6,39.5,5,9.1,6.7,23.4,Sales,Mid,Master,Contract,Office,Female,2024-06-22,0
12161,27.0,66900.0,21.4,4.0,4,37.4,39.3,1,7.7,6.7,8.4,Sales,Junior,Master,Full-Time,Office,Male,2017-05-31,0
12162,38.0,26200.0,1.0,1.0,5,44.3,47.5,5,9.7,10.3,6.2,Marketing,Junior,Bachelor,Full-Time,Office,Male,2020-07-03,0
12163,40.0,57800.0,7.3,4.0,3,35.1,20.2,7,7.3,5.0,12.2,Marketing,Mid,Diploma,Full-Time,Office,Male,2022-01-15,0
12164,45.0,60400.0,2.1,2.0,1,53.6,40.3,4,5.9,25.6,11.9,Sales,Mid,Master,Full-Time,Hybrid,Male,2024-03-14,1
12165,49.0,82400.0,1.0,1.0,2,43.5,17.5,3,5.3,8.6,21.4,Operations,Senior,High School,Full-Time,Office,Female,2024-09-30,0
12166,28.0,88600.0,2.7,1.0,1,38.6,63.1,1,3.1,9.2,13.3,Marketing,Junior,High School,Full-Time,Office,Male,2017-11-16,0
12167,30.0,49100.0,7.9,1.0,5,46.6,28.7,8,9.8,20.6,22.6,Sales,Mid,Diploma,Full-Time,Hybrid,Female,2016-01-04,1
12168,26.0,56500.0,3.1,5.0,3,40.3,10.2,8,7.1,7.9,18.9,HR,Lead,High School,Full-Time,Hybrid,Female,2020-03-31,0
12169,34.0,44200.0,3.9,3.0,1,43.9,76.7,3,4.8,20.7,16.6,Sales,Junior,Master,Full-Time,Office,Female,2017-11-02,0
12170,40.0,38200.0,26.7,5.0,3,46.3,27.2,3,0.0,2.6,4.7,IT,Mid,High School,Part-Time,Hybrid,Male,2024-05-30,0
12171,44.0,67900.0,2.5,5.0,4,38.9,36.4,3,11.2,17.9,10.0,Sales,Junior,Diploma,Full-Time,Hybrid,Male,2020-12-10,0
12172,35.0,36100.0,4.8,5.0,2,53.7,9.6,4,12.1,16.5,13.3,Operations,Junior,Bachelor,Full-Time,Office,Female,2016-12-15,1
12173,33.0,50800.0,2.3,3.0,5,54.2,34.2,3,2.4,1.9,0.0,HR,Senior,Bachelor,Full-Time,Remote,Female,2024-02-08,0
12174,37.0,40300.0,2.5,5.0,1,41.4,60.1,3,8.6,6.4,8.7,HR,Senior,Master,Contract,Office,Male,2016-12-15,0
12175,29.0,74800.0,5.9,4.0,2,38.4,45.6,3,4.7,10.6,10.4,Operations,Mid,Master,Part-Time,Hybrid,Male,2016-11-06,0
12176,53.0,123300.0,13.9,1.0,5,41.3,9.5,2,12.3,14.1,8.1,Finance,Mid,Master,Full-Time,Office,Female,2024-05-25,0
12177,23.0,35600.0,3.9,1.0,5,41.6,23.6,4,5.0,20.0,22.6,Operations,Senior,Master,Full-Time,Office,Male,2018-04-24,0
12178,37.0,28600.0,7.3,2.0,4,49.6,48.8,3,5.1,2.8,14.5,Finance,Junior,Diploma,Full-Time,Office,Male,2021-06-25,0
12179,52.0,57100.0,0.5,4.0,3,41.4,44.5,3,8.8,8.5,11.0,IT,Junior,Bachelor,Full-Time,Hybrid,Female,2018-12-28,0
12180,36.0,60400.0,1.2,3.0,3,38.2,27.7,2,5.5,4.1,2.8,Marketing,Lead,Bachelor,Full-Time,Hybrid,Male,2022-05-05,0
12181,34.0,65500.0,3.5,1.0,2,44.5,41.0,2,5.1,4.9,9.4,Marketing,Senior,Diploma,Full-Time,Remote,Female,2022-05-15,0
12182,33.0,50200.0,0.2,5.0,4,36.5,17.0,0,4.3,14.0,20.0,HR,Senior,High School,Full-Time,Hybrid,Male,2018-08-16,0
12183,,55400.0,1.5,2.0,5,49.3,15.4,2,5.3,4.6,9.0,HR,Mid,Bachelor,Contract,Remote,Female,2022-01-21,0
12184,47.0,69500.0,3.6,2.0,4,47.0,5.0,4,5.8,8.0,10.0,Finance,Junior,Diploma,Part-Time,Office,Female,2023-06-17,0
12185,21.0,91000.0,0.2,1.0,4,41.0,48.9,3,8.1,5.9,5.5,HR,Lead,High School,Full-Time,Office,Male,2019-02-08,0
12186,48.0,27400.0,1.5,4.0,2,41.5,33.4,1,7.0,16.1,12.8,Sales,Mid,Master,Contract,Office,Male,2023-06-05,0
12187,25.0,51800.0,3.6,2.0,3,45.2,35.1,2,11.0,2.2,13.6,Sales,Junior,Bachelor,Full-Time,Remote,Male,2018-04-25,0
12188,34.0,65400.0,4.3,1.0,4,38.5,5.0,1,1.1,19.1,12.9,IT,Mid,Diploma,Full-Time,Office,Female,2019-09-23,0
12189,33.0,41600.0,13.0,4.0,4,40.1,34.3,4,20.5,22.7,6.1,Sales,Junior,Bachelor,Contract,Remote,Male,2020-09-21,0
12190,41.0,119900.0,5.2,1.0,4,42.9,43.3,6,8.1,12.1,14.6,IT,Junior,Bachelor,Full-Time,Office,Female,2024-02-04,0
12191,23.0,46500.0,2.7,1.0,1,37.4,5.0,4,13.8,9.4,9.9,Finance,Junior,Diploma,Part-Time,Remote,Female,2018-05-05,0
12192,40.0,59000.0,13.3,4.0,4,41.7,35.7,3,10.9,1.9,13.2,Sales,Junior,Master,Full-Time,Hybrid,Male,2023-05-14,0
12193,52.0,74900.0,7.7,4.0,4,38.6,34.0,0,8.7,12.5,16.0,IT,Junior,High School,Part-Time,Hybrid,Female,2018-05-11,0
12194,25.0,47400.0,1.1,4.0,5,51.1,28.0,3,10.7,16.2,14.1,Marketing,Junior,Diploma,Part-Time,Remote,Female,2022-09-25,0
12195,38.0,28700.0,0.7,1.0,1,42.0,54.6,4,10.0,8.6,15.3,IT,Junior,High School,Full-Time,Remote,Female,2019-12-08,0
12196,31.0,50500.0,5.6,2.0,4,39.3,51.0,5,6.9,5.1,15.5,Operations,Junior,Diploma,Full-Time,Remote,Male,2015-07-08,0
12197,39.0,90600.0,4.1,3.0,4,47.4,84.8,4,22.4,22.3,16.4,Sales,Junior,Diploma,Contract,Hybrid,Male,2017-04-26,0
12198,36.0,52400.0,7.8,3.0,2,40.9,16.8,1,14.7,4.4,16.9,IT,Junior,Bachelor,Full-Time,Remote,Male,2016-04-17,0
12199,31.0,42800.0,6.7,1.0,2,38.5,41.4,4,0.0,17.6,18.0,Operations,Mid,High School,Full-Time,Hybrid,Male,2015-09-30,0
12200,40.0,86900.0,4.9,1.0,1,48.4,57.5,9,14.3,11.6,14.2,Finance,Mid,High School,Full-Time,Hybrid,Male,2022-06-30,1
12201,50.0,52600.0,21.5,2.0,5,42.4,24.6,3,8.4,7.1,16.2,HR,Mid,High School,Full-Time,Hybrid,Male,2017-08-06,0
12202,34.0,48900.0,3.8,4.0,1,48.2,60.4,2,17.8,44.1,12.9,Marketing,Junior,Bachelor,Contract,Hybrid,Male,2018-01-18,1
12203,42.0,63700.0,0.6,1.0,1,43.9,40.5,5,6.0,11.2,15.4,Finance,Lead,Diploma,Full-Time,Hybrid,Male,2015-09-27,0
12204,26.0,81700.0,8.8,5.0,2,44.6,8.8,9,0.0,12.0,9.7,Marketing,Mid,Bachelor,Full-Time,Hybrid,Female,2022-02-11,0
12205,28.0,155600.0,1.5,4.0,2,46.8,15.7,4,5.9,11.4,3.2,Marketing,Senior,Diploma,Full-Time,Hybrid,Female,2018-02-17,0
12206,40.0,83500.0,7.5,1.0,5,40.8,26.3,3,0.0,9.9,19.3,Operations,Senior,Diploma,Full-Time,Hybrid,Male,2016-07-20,0
12207,48.0,95400.0,15.7,5.0,4,39.9,33.7,3,3.9,7.5,13.0,IT,Junior,Diploma,Full-Time,Office,Female,2024-01-25,0
12208,39.0,49000.0,6.0,2.0,5,50.0,53.6,4,4.6,13.6,12.8,HR,Mid,Diploma,Full-Time,Hybrid,Female,2024-02-19,0
12209,33.0,39800.0,4.5,5.0,4,46.9,33.7,3,10.3,8.6,16.5,IT,Mid,Master,Contract,Hybrid,Male,2018-04-29,0
12210,36.0,61500.0,3.1,1.0,3,43.7,53.0,3,9.5,2.2,8.7,IT,Mid,Diploma,Full-Time,Remote,Male,2018-07-30,0
12211,26.0,62600.0,2.3,3.0,2,48.0,36.6,4,11.8,4.5,11.5,Sales,Senior,Bachelor,Full-Time,Hybrid,Male,2022-06-15,0
12212,41.0,39000.0,2.2,1.0,3,46.7,35.2,5,11.3,17.9,9.1,IT,Senior,High School,Full-Time,Hybrid,Male,2017-05-08,0
12213,43.0,55900.0,5.1,3.0,3,48.7,30.6,4,19.6,14.9,11.1,HR,Mid,Diploma,Full-Time,Office,Male,2019-11-16,0
12214,32.0,70400.0,7.0,2.0,2,38.3,49.7,5,8.0,3.9,10.0,Finance,Junior,Bachelor,Full-Time,Remote,Male,2021-11-16,0
12215,32.0,69300.0,5.7,2.0,3,43.7,36.9,3,11.1,5.5,9.2,Operations,Mid,Bachelor,Full-Time,Office,Male,2022-11-15,0
12216,,73400.0,1.1,,1,49.6,24.0,6,13.3,5.2,13.9,IT,Junior,Bachelor,Full-Time,Remote,Female,2019-10-16,1
12217,33.0,67400.0,3.4,4.0,4,52.4,40.0,3,4.1,22.2,2.7,HR,Junior,Bachelor,Full-Time,Hybrid,Male,2017-03-08,0
12218,35.0,49000.0,7.8,3.0,5,41.3,28.1,3,0.4,2.7,18.6,IT,Mid,Bachelor,Full-Time,Office,Female,2023-08-28,0
12219,53.0,48900.0,3.2,3.0,2,44.8,27.3,3,10.2,5.2,8.4,Operations,Junior,Diploma,Full-Time,Remote,Female,2015-12-25,0
12220,34.0,37100.0,3.8,2.0,1,44.1,52.7,4,5.6,8.5,14.4,Marketing,Lead,High School,Full-Time,Office,Male,2016-01-15,0
12221,33.0,122500.0,7.4,5.0,5,37.8,32.6,3,12.7,2.9,14.7,Operations,Senior,Diploma,Full-Time,Office,Male,2021-01-23,0
12222,31.0,60300.0,5.4,3.0,5,42.6,67.0,4,12.4,8.5,10.5,IT,Mid,Diploma,Full-Time,Office,Female,2022-07-02,0
12223,42.0,54800.0,2.6,3.0,5,36.1,46.0,6,13.9,3.9,14.2,Sales,Junior,High School,Full-Time,Remote,Male,2016-09-07,0
12224,35.0,41400.0,11.3,5.0,3,43.2,23.5,5,3.3,4.5,6.6,Marketing,Junior,Master,Full-Time,Hybrid,Female,2016-07-23,0
12225,31.0,194100.0,0.9,4.0,3,38.8,22.5,7,4.6,5.6,9.3,HR,Senior,Diploma,Full-Time,Remote,Female,2018-05-12,0
12226,47.0,39100.0,27.0,4.0,3,44.8,16.4,2,8.6,7.0,10.8,Operations,Mid,High School,Full-Time,Office,Female,2015-05-06,0
12227,47.0,50500.0,0.6,3.0,3,42.5,44.1,4,6.9,5.4,14.3,IT,Junior,Diploma,Full-Time,Office,Female,2024-09-06,0
12228,31.0,70900.0,0.2,4.0,1,42.4,22.2,2,10.7,8.6,10.3,Marketing,Senior,High School,Full-Time,Hybrid,Female,2015-12-11,0
12229,21.0,76300.0,11.0,4.0,3,51.8,5.0,3,16.2,19.1,11.2,Marketing,Mid,Master,Full-Time,Hybrid,Male,2016-10-30,0
12230,44.0,88000.0,1.4,4.0,2,44.4,10.2,4,7.4,14.7,16.1,Finance,Mid,Bachelor,Full-Time,Hybrid,Female,2017-02-05,0
12231,31.0,123600.0,6.5,2.0,5,53.4,18.4,2,0.0,23.1,14.0,Marketing,Lead,High School,Full-Time,Hybrid,Female,2024-07-29,0
12232,42.0,73500.0,8.3,1.0,1,46.2,40.1,4,0.0,7.6,23.7,Operations,Junior,Diploma,Full-Time,Office,Male,2016-06-23,0
12233,,39300.0,9.8,3.0,3,48.1,33.8,5,0.2,7.6,7.5,HR,Senior,Diploma,Part-Time,Office,Female,2021-03-08,0
12234,43.0,54100.0,23.9,3.0,5,39.7,49.1,1,0.1,9.3,5.6,IT,Lead,Master,Full-Time,Hybrid,Male,2023-05-07,0
12235,26.0,67900.0,1.7,2.0,1,40.5,21.4,8,12.0,2.7,21.6,Operations,Junior,Master,Full-Time,Office,Male,2021-05-02,0
12236,42.0,137200.0,6.2,1.0,5,44.1,30.1,1,7.7,16.5,13.3,Marketing,Senior,High School,Full-Time,Remote,Female,2024-02-21,0
12237,36.0,34300.0,0.6,1.0,1,50.1,61.2,1,8.4,6.2,18.7,HR,Mid,Bachelor,Full-Time,Remote,Male,2017-08-27,1
12238,28.0,97100.0,2.6,2.0,4,42.2,29.9,4,12.3,7.8,7.0,Finance,Senior,Diploma,Full-Time,Hybrid,Female,2021-04-20,0
12239,33.0,64500.0,9.4,5.0,1,36.8,38.4,2,16.2,10.8,9.6,IT,Mid,Bachelor,Full-Time,Office,Female,2018-04-26,0
12240,41.0,83900.0,2.3,5.0,3,46.0,25.2,8,6.8,4.7,12.7,Sales,Lead,Master,Full-Time,Office,Female,2015-01-30,0
12241,37.0,57600.0,4.5,1.0,5,44.3,31.6,3,12.5,4.8,12.0,Marketing,Mid,Master,Full-Time,Hybrid,Female,2024-03-30,0
12242,41.0,42800.0,3.5,5.0,5,41.2,42.1,2,10.1,10.5,11.6,Marketing,Mid,High School,Full-Time,Hybrid,Female,2017-08-24,0
12243,52.0,81000.0,5.2,5.0,5,42.1,44.9,5,0.0,10.9,4.1,Finance,Senior,Master,Full-Time,Remote,Male,2024-08-25,0
12244,23.0,78000.0,18.0,5.0,2,39.6,36.8,3,0.0,39.7,11.4,HR,Mid,High School,Part-Time,Remote,Male,2019-12-25,0
12245,49.0,88500.0,0.3,1.0,2,48.6,31.1,5,6.0,9.5,13.7,Finance,Junior,High School,Full-Time,Office,Female,2017-02-26,0
12246,37.0,59700.0,4.3,5.0,3,44.1,37.0,4,9.2,11.6,10.3,HR,Junior,Bachelor,Full-Time,Remote,Female,2020-07-08,0
12247,29.0,47200.0,9.9,3.0,4,45.2,24.0,3,10.9,40.7,16.9,IT,Mid,Bachelor,Full-Time,Office,Female,2022-07-09,0
12248,25.0,32200.0,3.3,1.0,2,41.0,31.8,5,6.8,10.2,16.9,Marketing,Mid,High School,Full-Time,Remote,Female,2020-04-15,0
12249,34.0,83300.0,0.4,2.0,1,50.7,40.0,4,0.0,10.8,13.1,Sales,Senior,High School,Full-Time,Hybrid,Male,2015-01-30,0
12250,43.0,71100.0,4.1,5.0,3,45.1,49.8,0,5.8,1.0,8.4,Finance,Mid,High School,Full-Time,Hybrid,Female,2015-06-10,0
12251,35.0,40800.0,2.0,4.0,4,33.3,21.3,3,0.0,6.1,13.8,Operations,Mid,Master,Contract,Hybrid,Female,2018-12-17,0
12252,48.0,48400.0,0.8,1.0,1,46.3,32.3,5,6.8,9.2,14.5,Sales,Senior,Bachelor,Full-Time,Remote,Male,2021-07-22,0
12253,24.0,49800.0,9.5,2.0,5,42.7,19.9,3,11.4,4.7,12.5,Sales,Junior,Master,Full-Time,Hybrid,Male,2024-12-28,0
12254,36.0,33200.0,3.7,3.0,2,43.2,28.3,1,10.6,9.3,8.3,Marketing,Senior,Bachelor,Full-Time,Remote,Male,2018-05-30,0
12255,26.0,43300.0,13.5,2.0,1,49.0,50.0,4,5.0,13.2,16.2,Marketing,Junior,Master,Full-Time,Office,Male,2018-04-26,0
12256,39.0,38100.0,8.2,5.0,4,44.4,27.0,7,10.4,15.3,14.1,Operations,Junior,Bachelor,Full-Time,Remote,Male,2024-07-28,0
12257,43.0,50900.0,5.9,4.0,3,52.6,33.6,3,1.3,7.4,10.0,Sales,Mid,High School,Full-Time,Remote,Female,2023-04-01,0
12258,33.0,44700.0,0.2,5.0,1,44.5,16.4,4,4.1,2.7,12.8,IT,Junior,Bachelor,Full-Time,Hybrid,Female,2024-11-29,0
12259,21.0,31300.0,2.8,2.0,3,41.7,26.6,2,0.0,8.5,7.4,Operations,Junior,Master,Part-Time,Remote,Female,2019-03-15,0
12260,38.0,134700.0,1.1,1.0,5,34.9,11.8,3,4.8,6.0,2.6,Sales,Mid,Diploma,Full-Time,Office,Female,2023-12-22,0
12261,39.0,99000.0,12.1,4.0,4,40.4,39.2,4,3.3,4.7,4.4,HR,Mid,Bachelor,Full-Time,Remote,Male,2024-06-04,0
12262,39.0,43900.0,1.0,4.0,4,42.4,40.5,5,5.5,6.6,13.3,Operations,Mid,Master,Contract,Office,Male,2021-11-26,0
12263,46.0,66900.0,1.7,2.0,2,51.3,40.1,3,6.4,6.3,10.5,HR,Lead,Bachelor,Full-Time,Hybrid,Male,2020-03-20,1
12264,27.0,70900.0,3.6,5.0,4,41.7,41.0,6,9.5,6.9,14.1,HR,Mid,Master,Full-Time,Hybrid,Male,2024-06-25,0
12265,41.0,96600.0,1.5,2.0,1,52.2,40.1,1,0.0,5.8,16.2,HR,Mid,Diploma,Full-Time,Hybrid,Male,2024-09-20,0
12266,46.0,43200.0,1.2,4.0,1,38.3,12.1,4,2.8,21.9,13.7,Finance,Mid,Bachelor,Full-Time,Hybrid,Female,2016-05-23,0
12267,22.0,92900.0,4.6,2.0,1,40.1,23.2,1,13.9,9.6,8.8,IT,Mid,High School,Full-Time,Office,Female,2015-02-26,0
12268,39.0,48200.0,0.5,4.0,5,49.6,5.0,0,14.0,9.7,14.1,Finance,Junior,Master,Full-Time,Remote,Female,2017-12-26,0
12269,32.0,35200.0,0.3,5.0,4,41.0,28.0,4,8.3,10.7,10.1,Finance,Mid,Master,Full-Time,Office,Male,2015-01-28,0
12270,35.0,80200.0,2.3,1.0,4,49.5,21.9,8,8.5,3.1,10.4,HR,Junior,Diploma,Full-Time,Hybrid,Female,2022-05-25,1
12271,39.0,100500.0,6.4,1.0,1,39.9,34.4,6,1.2,16.3,17.3,IT,Junior,High School,Full-Time,Remote,Female,2020-05-02,0
12272,32.0,168900.0,4.0,2.0,2,40.4,71.9,2,5.8,60.0,14.9,IT,Mid,Diploma,Full-Time,Remote,Female,2021-03-29,1
12273,31.0,37100.0,2.7,4.0,2,47.2,46.7,4,12.9,4.1,9.9,Sales,Senior,Bachelor,Full-Time,Hybrid,Male,2020-06-18,0
12274,36.0,79400.0,4.2,1.0,4,39.9,57.9,4,0.5,5.0,7.9,Operations,Mid,Diploma,Full-Time,Hybrid,Male,2023-09-14,0
12275,27.0,50900.0,2.3,4.0,4,42.6,47.3,10,8.9,5.4,18.9,Finance,Mid,Master,Full-Time,Hybrid,Male,2023-10-14,0
12276,27.0,82100.0,13.8,5.0,3,46.0,33.5,6,11.3,9.9,11.8,Operations,Mid,Bachelor,Full-Time,Hybrid,Female,2018-11-02,0
12277,41.0,33300.0,0.3,2.0,4,42.7,34.9,1,8.3,7.3,6.3,Operations,Senior,Bachelor,Full-Time,Hybrid,Female,2016-10-20,0
12278,27.0,36200.0,5.6,4.0,1,41.2,48.0,4,7.1,5.6,9.8,IT,Junior,High School,Full-Time,Hybrid,Male,2024-06-24,0
12279,41.0,44000.0,11.1,2.0,5,38.0,38.7,4,7.0,12.1,3.2,Marketing,Mid,Master,Full-Time,Hybrid,Female,2023-01-21,0
12280,40.0,61900.0,8.1,4.0,4,51.2,30.7,2,11.0,10.5,0.0,Operations,Junior,Diploma,Full-Time,Hybrid,Female,2016-11-21,0
12281,22.0,46400.0,1.0,4.0,4,52.2,56.4,3,9.2,18.8,16.8,Finance,Mid,Diploma,Full-Time,Hybrid,Female,2019-06-11,1
12282,31.0,78100.0,1.8,5.0,1,45.6,41.7,2,11.0,8.9,7.6,Operations,Mid,Bachelor,Full-Time,Hybrid,Female,2020-10-24,0
12283,46.0,90500.0,6.3,2.0,3,42.8,13.6,3,5.8,7.8,5.9,IT,Junior,High School,Full-Time,Office,Male,2021-11-07,0
12284,28.0,76300.0,0.4,3.0,4,43.1,32.3,5,6.1,5.9,9.2,Marketing,Mid,High School,Full-Time,Remote,Female,2021-07-20,0
12285,32.0,114600.0,8.4,4.0,2,48.2,35.8,7,11.3,9.4,10.3,Operations,Lead,Master,Contract,Remote,Male,2016-08-12,0
12286,40.0,70900.0,6.3,4.0,2,49.2,28.9,3,2.6,3.9,9.0,Marketing,Senior,Master,Full-Time,Office,Male,2024-12-20,0
12287,42.0,36900.0,6.5,1.0,2,41.3,29.2,4,1.2,17.1,7.5,Marketing,Senior,Master,Full-Time,Hybrid,Female,2019-10-25,0
12288,34.0,103500.0,0.5,2.0,5,49.4,28.7,1,21.6,12.4,11.8,HR,Mid,Bachelor,Full-Time,Hybrid,Male,2022-07-25,1
12289,31.0,47100.0,6.3,3.0,5,47.1,8.2,10,10.5,9.4,10.8,Sales,Senior,Master,Full-Time,Office,Male,2021-11-11,0
12290,47.0,86400.0,5.7,5.0,4,49.3,5.6,2,6.5,6.0,20.5,Operations,Junior,High School,Contract,Office,Female,2023-01-29,0
12291,50.0,112600.0,8.9,3.0,4,36.0,25.2,3,3.8,25.2,10.2,Operations,Mid,Master,Full-Time,Office,Male,2018-10-18,0
12292,44.0,72000.0,0.2,5.0,4,41.9,29.0,2,2.5,5.5,11.8,Sales,Mid,High School,Full-Time,Hybrid,Female,2022-03-06,0
12293,37.0,33000.0,0.2,3.0,5,43.1,14.9,4,7.7,4.4,7.4,IT,Senior,Master,Full-Time,Office,Female,2020-06-09,0
12294,30.0,41600.0,2.3,3.0,4,41.7,19.6,2,7.4,6.4,15.2,IT,Mid,Master,Part-Time,Office,Female,2020-12-30,0
12295,29.0,101800.0,0.8,2.0,1,53.6,31.2,5,10.6,14.3,20.3,Operations,Junior,Bachelor,Part-Time,Office,Female,2022-03-11,1
12296,40.0,56100.0,4.1,1.0,3,42.0,50.5,5,0.2,21.8,11.5,Operations,Lead,High School,Contract,Office,Female,2019-07-20,0
12297,39.0,61900.0,12.5,3.0,2,46.3,49.5,9,0.4,16.8,8.8,Sales,Junior,Bachelor,Full-Time,Hybrid,Male,2017-03-31,0
12298,47.0,81300.0,2.5,4.0,2,44.8,50.0,6,9.6,3.2,12.9,Marketing,Junior,High School,Full-Time,Hybrid,Male,2017-07-25,0
12299,41.0,79300.0,9.3,4.0,1,42.5,19.8,1,10.3,7.7,14.4,IT,Mid,Master,Full-Time,Office,Male,2023-10-22,0
12300,24.0,67100.0,0.2,4.0,4,40.5,31.7,6,13.4,5.7,26.5,Operations,Mid,Bachelor,Full-Time,Hybrid,Male,2021-08-13,0
12301,44.0,55200.0,0.9,1.0,5,54.3,53.5,3,18.0,10.6,11.3,HR,Senior,Master,Full-Time,Office,Female,2020-05-30,1
12302,28.0,52900.0,0.2,3.0,4,42.9,8.5,2,6.4,6.5,10.3,HR,Mid,Master,Full-Time,Hybrid,Male,2024-07-31,0
12303,33.0,84600.0,2.0,5.0,4,48.4,28.1,4,12.0,13.8,6.2,,Mid,Diploma,Full-Time,Office,Male,2023-04-03,0
12304,38.0,74900.0,11.9,5.0,2,44.0,38.3,4,1.8,5.8,10.5,IT,Junior,High School,Contract,Hybrid,Female,2022-07-25,0
12305,52.0,54100.0,0.5,2.0,2,41.7,9.4,1,0.0,4.4,9.9,IT,Mid,High School,Part-Time,Office,Female,2015-09-10,0
12306,60.0,92500.0,4.7,1.0,5,44.5,41.4,4,2.1,20.0,14.7,Operations,Mid,High School,Full-Time,Hybrid,Male,2017-08-17,0
12307,41.0,57000.0,3.0,3.0,2,45.5,58.2,3,5.1,7.8,10.7,Operations,Junior,High School,Full-Time,Hybrid,Female,2022-04-23,0
12308,35.0,42700.0,13.9,4.0,4,41.7,53.4,5,20.9,14.9,6.9,Marketing,Lead,High School,Full-Time,Office,Female,2023-10-25,0
12309,40.0,44300.0,0.7,1.0,1,40.2,32.3,8,0.0,3.6,6.7,IT,Junior,Bachelor,Full-Time,Hybrid,Male,2018-02-24,0
12310,,40600.0,1.2,1.0,5,46.4,47.2,4,12.4,4.1,9.9,Sales,Senior,High School,Full-Time,Hybrid,Male,2017-06-15,0
12311,33.0,53800.0,0.2,3.0,1,44.6,9.3,7,4.5,3.3,15.8,IT,Lead,Bachelor,Full-Time,Hybrid,Male,2015-12-18,0
12312,50.0,98300.0,2.8,2.0,4,40.7,39.2,6,11.0,4.7,12.9,Operations,Junior,Diploma,Contract,Office,Female,2020-12-08,0
12313,38.0,43500.0,1.6,2.0,5,39.3,30.4,6,8.3,5.0,14.4,IT,Junior,Diploma,Full-Time,Hybrid,Male,2016-01-09,0
12314,40.0,64700.0,10.2,2.0,1,45.7,32.8,3,2.5,4.7,12.1,HR,Mid,Bachelor,Contract,Office,Male,2021-07-16,0
12315,41.0,46100.0,4.6,4.0,5,34.4,36.6,6,14.1,7.8,14.0,Sales,Junior,Diploma,Full-Time,Hybrid,Male,2020-09-09,0
12316,39.0,54100.0,4.8,4.0,4,42.7,40.8,6,10.7,4.0,10.2,Finance,Senior,Bachelor,Full-Time,Office,Male,2022-10-03,0
12317,43.0,32800.0,3.8,3.0,5,44.7,13.2,1,7.9,4.7,7.7,Sales,Mid,High School,Full-Time,Hybrid,Male,2018-09-30,0
12318,31.0,54900.0,0.5,2.0,4,52.7,20.3,6,9.8,9.3,7.8,Sales,Lead,Bachelor,Full-Time,Office,Male,2024-12-03,0
12319,32.0,55500.0,2.9,3.0,5,44.1,31.2,4,5.5,31.6,7.6,Operations,Senior,Diploma,Full-Time,Remote,Male,2020-07-09,0
12320,27.0,74500.0,30.0,2.0,5,42.5,8.3,6,0.0,11.2,18.3,Finance,Senior,Bachelor,Full-Time,Remote,Male,2015-07-23,0
12321,40.0,65600.0,9.0,1.0,2,45.4,37.1,3,8.7,10.5,16.9,Operations,Junior,Diploma,Full-Time,Remote,Female,2018-10-27,0
12322,42.0,37200.0,11.2,5.0,4,40.4,47.5,7,21.4,6.6,9.9,Finance,Junior,Master,Full-Time,Remote,Female,2016-02-16,0
12323,40.0,92600.0,8.7,5.0,3,42.9,55.9,2,13.1,2.0,12.8,HR,Junior,Bachelor,Contract,Remote,Female,2022-02-21,0
12324,49.0,65300.0,0.5,2.0,5,44.1,36.4,9,9.8,7.0,15.5,Marketing,Senior,Master,Part-Time,Remote,Female,2022-04-03,0
12325,36.0,65000.0,1.3,3.0,1,47.1,63.3,8,10.3,3.9,9.0,Sales,Junior,Diploma,Full-Time,Office,Female,2018-06-05,0
12326,41.0,59800.0,0.2,4.0,2,40.6,34.5,2,8.0,16.4,11.4,Sales,Senior,High School,Full-Time,Hybrid,Male,2017-04-02,0
12327,27.0,48800.0,1.8,2.0,2,44.0,16.1,8,0.0,24.0,7.3,Sales,Mid,Bachelor,Full-Time,Office,Male,2017-06-22,0
12328,33.0,,0.6,2.0,5,35.0,34.2,3,1.7,4.2,7.6,Sales,Mid,High School,Full-Time,Hybrid,Male,2017-11-21,0
12329,42.0,72600.0,3.2,4.0,3,46.6,31.9,4,7.6,7.9,15.4,HR,Mid,High School,Contract,Hybrid,Female,2022-07-01,0
12330,43.0,29800.0,5.7,2.0,2,42.8,42.7,4,13.5,3.1,12.3,Sales,Mid,High School,Full-Time,Remote,Female,2020-07-27,0
12331,34.0,48400.0,10.4,1.0,4,53.4,39.1,3,19.0,14.3,12.1,Finance,Junior,Diploma,Full-Time,Remote,Male,2015-12-12,0
12332,35.0,54200.0,6.9,4.0,5,45.8,38.0,6,1.5,19.2,17.7,Finance,Junior,Diploma,Full-Time,Office,Female,2018-05-05,0
12333,24.0,66500.0,14.0,1.0,5,39.7,49.5,3,11.9,11.9,9.9,IT,Mid,Master,Full-Time,Hybrid,Male,2017-01-16,0
12334,33.0,96700.0,0.3,5.0,3,38.5,28.6,3,0.0,10.0,15.6,HR,Senior,Master,Full-Time,Hybrid,Male,2015-10-21,0
12335,43.0,44100.0,0.2,4.0,4,47.3,43.1,5,6.0,7.8,7.9,IT,Junior,Master,Full-Time,Hybrid,Female,2022-09-22,0
12336,41.0,49200.0,5.4,4.0,4,53.0,39.2,4,7.8,11.3,9.9,Sales,Senior,High School,Full-Time,Hybrid,Male,2020-12-09,0
12337,40.0,48900.0,1.7,3.0,3,51.5,36.7,4,18.1,6.6,8.4,HR,Senior,Master,Contract,Remote,Female,2019-07-18,1
12338,36.0,43500.0,1.5,3.0,1,37.9,34.0,4,3.1,6.2,8.0,HR,Junior,Bachelor,Contract,Remote,Male,2016-01-10,0
12339,36.0,52200.0,2.0,4.0,4,45.0,15.9,3,5.9,19.3,20.9,Marketing,Mid,Diploma,Full-Time,Office,Male,2024-12-07,0
12340,31.0,81700.0,1.6,5.0,1,49.6,31.2,4,14.0,13.8,5.6,Marketing,Mid,Master,Full-Time,Office,Female,2017-08-23,0
12341,42.0,39400.0,3.6,2.0,1,37.3,32.2,6,3.6,5.4,8.5,IT,Junior,Diploma,Full-Time,Hybrid,Female,2015-01-16,0
12342,39.0,71200.0,2.9,3.0,5,49.2,24.2,3,4.8,28.3,1.8,IT,Senior,High School,Contract,Hybrid,Female,2016-03-13,0
12343,40.0,30400.0,3.6,5.0,5,40.5,14.6,1,0.0,4.9,9.4,Finance,Lead,,Full-Time,Hybrid,Female,2021-07-24,0
12344,32.0,47900.0,5.6,5.0,2,42.9,26.7,2,11.7,31.0,11.1,Finance,Mid,Bachelor,Full-Time,Remote,Male,2015-07-29,0
12345,21.0,52600.0,2.4,3.0,5,45.4,27.9,5,0.0,3.2,16.2,Operations,Lead,Diploma,Part-Time,Office,Male,2021-01-16,0
12346,45.0,117200.0,1.4,2.0,4,49.3,14.9,2,14.3,7.2,9.5,Operations,Mid,Diploma,Full-Time,Hybrid,Male,2018-08-01,1
12347,32.0,53800.0,0.9,3.0,4,51.7,14.9,4,0.5,11.0,6.2,Operations,Mid,Bachelor,Full-Time,Remote,Female,2023-07-21,0
12348,29.0,24900.0,2.1,5.0,1,42.4,5.0,3,3.5,10.2,9.5,Finance,Mid,Bachelor,Full-Time,Hybrid,Male,2018-01-09,0
12349,42.0,27000.0,6.8,1.0,4,41.6,39.4,2,1.0,9.1,13.3,HR,Junior,Master,Full-Time,Hybrid,Female,2023-01-06,0
12350,33.0,60800.0,7.1,3.0,5,41.3,49.7,1,6.3,19.5,15.8,Sales,Junior,Diploma,Full-Time,Office,Male,2021-08-25,0
12351,44.0,76700.0,5.5,5.0,5,47.9,35.2,2,14.5,10.9,8.8,IT,Mid,Master,Full-Time,Office,Female,2020-02-04,0
12352,41.0,69700.0,1.3,3.0,5,49.0,28.9,5,3.8,11.5,7.3,Finance,Mid,Master,Full-Time,Office,Male,2024-05-16,0
12353,41.0,64200.0,4.4,5.0,3,48.5,14.1,7,2.1,5.2,10.1,HR,Mid,Bachelor,Full-Time,Hybrid,Male,2024-03-10,0
12354,25.0,95500.0,4.2,2.0,4,45.3,5.0,2,7.9,14.2,13.7,Marketing,Senior,,Contract,Hybrid,Male,2017-05-10,0
12355,46.0,48400.0,3.3,5.0,2,45.8,34.5,9,7.6,5.9,16.0,Sales,Junior,Bachelor,Full-Time,Remote,Female,2024-10-01,0
12356,38.0,85800.0,4.0,4.0,4,42.8,44.2,4,12.1,17.8,6.9,Marketing,Mid,High School,Full-Time,Office,Female,2016-01-22,0
12357,33.0,31200.0,3.4,1.0,4,43.3,22.5,5,0.1,22.0,8.4,Operations,Mid,Diploma,Full-Time,Office,Male,2018-12-29,0
12358,37.0,41800.0,4.2,5.0,3,48.3,50.8,2,9.4,8.5,1.5,Marketing,Junior,High School,Full-Time,Office,Male,2019-05-23,0
12359,22.0,29100.0,6.3,3.0,4,45.3,24.7,2,15.4,11.5,1.7,Sales,Lead,Diploma,Full-Time,Hybrid,Male,2017-12-03,0
12360,39.0,53800.0,0.6,3.0,1,41.6,51.3,5,1.9,9.8,6.5,HR,Senior,Master,Full-Time,Remote,Female,2022-10-11,0
12361,28.0,58900.0,6.9,5.0,5,49.5,23.3,4,9.1,7.6,7.1,Marketing,Junior,Bachelor,Full-Time,Remote,Male,2024-10-18,0
12362,25.0,62800.0,0.7,4.0,5,41.0,5.0,4,1.9,6.9,9.6,HR,Senior,High School,Full-Time,Hybrid,Male,2016-10-23,0
12363,24.0,61500.0,0.3,5.0,3,44.7,44.4,4,14.6,3.6,13.5,Marketing,Mid,Diploma,Full-Time,Office,Female,2018-04-08,0
12364,45.0,41400.0,18.7,2.0,5,37.8,21.2,3,18.2,5.0,11.6,Finance,Mid,Master,Full-Time,Office,Male,2015-03-16,0
12365,31.0,55600.0,15.7,4.0,1,39.3,11.9,4,0.9,8.6,13.4,Operations,Lead,Bachelor,Full-Time,Remote,Female,2023-06-07,0
12366,48.0,33000.0,0.3,5.0,3,44.1,42.2,5,9.7,21.8,16.5,Sales,Mid,Bachelor,Full-Time,Hybrid,Female,2024-09-16,1
12367,32.0,103500.0,2.9,1.0,2,40.5,21.7,6,10.1,10.2,13.2,IT,Senior,High School,Contract,Office,Male,2018-04-10,0
12368,22.0,53100.0,1.0,4.0,5,42.9,13.8,3,8.8,17.7,11.0,Sales,Lead,Master,Full-Time,Hybrid,Male,2017-10-02,0
12369,27.0,49300.0,3.3,5.0,4,50.1,54.7,8,6.6,2.4,14.3,Marketing,Junior,Diploma,Full-Time,Office,Female,2018-12-31,0
12370,46.0,113300.0,8.9,1.0,1,43.4,31.9,4,4.6,20.8,2.5,Marketing,Junior,High School,Full-Time,Hybrid,Male,2022-05-08,1
12371,35.0,36500.0,15.0,5.0,1,48.5,13.5,4,0.0,12.7,10.7,Operations,Mid,Diploma,Part-Time,Remote,Female,2022-08-05,1
12372,32.0,38200.0,5.0,2.0,5,40.1,28.1,3,7.0,16.6,15.2,Finance,Senior,Master,Full-Time,Office,Female,2024-08-23,0
12373,37.0,38700.0,2.2,3.0,2,46.7,67.0,2,13.2,2.1,11.3,Finance,Senior,Bachelor,Full-Time,Hybrid,Male,2022-10-13,0
12374,40.0,58400.0,4.6,5.0,4,39.0,36.7,1,14.6,6.1,13.1,Sales,Senior,Bachelor,Full-Time,Office,Male,2019-08-18,0
12375,45.0,71300.0,1.9,4.0,2,42.8,25.4,7,9.1,3.8,11.0,IT,Mid,Bachelor,Full-Time,Remote,Male,2016-10-08,0
12376,48.0,80700.0,12.0,5.0,2,46.9,42.5,3,2.1,13.2,15.0,Operations,Senior,Diploma,Full-Time,Office,Female,2023-01-18,0
12377,33.0,167900.0,10.2,5.0,5,44.1,28.2,4,0.3,11.4,16.4,Sales,Senior,Diploma,Full-Time,Hybrid,Male,2022-12-16,0
12378,25.0,24400.0,4.1,5.0,4,48.7,27.4,5,4.3,15.4,1.5,IT,Mid,Bachelor,Full-Time,Office,Female,2016-05-09,0
12379,33.0,76500.0,2.0,5.0,5,47.3,25.2,2,0.0,6.1,8.7,HR,Junior,Diploma,Full-Time,Remote,Female,2019-01-22,0
12380,38.0,48000.0,1.7,4.0,5,42.5,47.8,5,0.0,14.2,1.9,Marketing,Mid,Diploma,Full-Time,Office,Female,2021-02-10,0
12381,28.0,47500.0,0.2,4.0,1,50.5,37.9,4,0.0,8.0,0.0,HR,Senior,Bachelor,Contract,Hybrid,Female,2016-12-29,0
12382,28.0,46800.0,8.5,5.0,5,46.2,56.3,5,9.9,18.2,14.9,Sales,Mid,Bachelor,Contract,Office,Male,2023-11-13,0
12383,39.0,41700.0,3.0,3.0,3,42.8,39.6,6,0.0,13.0,16.0,IT,Junior,Diploma,Full-Time,Hybrid,Female,2024-04-01,0
12384,36.0,117700.0,2.0,5.0,4,44.7,57.9,4,10.0,4.8,9.5,IT,Junior,Diploma,Full-Time,Office,Female,2020-06-22,0
12385,36.0,84000.0,3.2,4.0,1,44.5,44.8,5,3.0,9.8,8.5,HR,Senior,Master,Full-Time,Office,Female,2021-05-13,0
12386,30.0,60600.0,8.5,2.0,4,45.0,31.1,7,15.2,3.0,11.1,Finance,Lead,High School,Full-Time,Hybrid,Male,2023-08-28,0
12387,34.0,103000.0,0.7,5.0,1,43.3,33.0,1,4.4,18.5,26.0,Finance,Lead,Diploma,Full-Time,Hybrid,Female,2020-08-02,0
12388,29.0,32800.0,9.7,5.0,3,45.9,62.4,3,5.2,12.7,6.8,Operations,Mid,Master,Full-Time,Hybrid,Male,2024-01-04,0
12389,43.0,35200.0,11.4,5.0,5,47.9,54.6,7,3.5,13.1,5.3,HR,Senior,Master,Full-Time,Office,Male,2019-01-04,0
12390,44.0,25100.0,14.7,5.0,1,46.1,58.2,5,3.6,15.2,15.0,Finance,Junior,High School,Full-Time,Hybrid,Female,2016-11-21,0
12391,21.0,45400.0,2.5,1.0,1,46.0,19.9,2,8.5,9.3,15.3,IT,Senior,Master,Full-Time,Hybrid,Female,2016-09-12,1
12392,29.0,64000.0,1.2,5.0,1,43.5,6.9,4,9.7,2.9,13.9,Sales,Mid,Master,Contract,Hybrid,Male,2020-05-04,0
12393,24.0,62500.0,2.3,4.0,3,39.6,22.4,4,7.7,15.7,12.4,Finance,Senior,Diploma,Contract,Office,Female,2021-09-11,0
12394,31.0,63700.0,2.0,4.0,4,38.4,37.5,5,0.4,4.8,10.4,Operations,Junior,High School,Full-Time,Remote,Female,2024-09-12,0
12395,35.0,34100.0,1.0,1.0,3,40.5,25.3,4,10.4,4.5,4.5,IT,Senior,High School,Full-Time,Office,Male,2020-04-05,0
12396,24.0,82700.0,4.7,5.0,1,41.9,35.4,5,0.7,13.5,21.3,Operations,Mid,Master,Contract,Office,Male,2024-07-13,0
12397,29.0,66000.0,3.2,3.0,1,52.4,28.2,2,1.5,5.5,21.6,Sales,Junior,Master,Full-Time,Office,Male,2023-02-13,0
12398,28.0,80400.0,10.0,5.0,5,50.3,8.5,7,4.6,9.0,9.5,IT,Mid,Bachelor,Full-Time,Remote,Male,2021-05-20,0
12399,38.0,28100.0,0.2,4.0,3,41.0,41.4,1,12.7,13.3,19.0,Marketing,Junior,Diploma,Part-Time,Remote,Female,2020-04-09,0
12400,37.0,68000.0,5.2,2.0,3,46.2,35.5,4,1.2,13.0,13.7,Sales,Mid,Master,Full-Time,Hybrid,Male,2021-03-28,0
12401,30.0,37300.0,7.2,2.0,2,43.7,54.9,4,10.2,17.3,3.2,Marketing,Mid,Bachelor,Full-Time,Office,Male,2019-08-10,0
12402,37.0,51200.0,7.1,3.0,4,45.2,37.4,1,0.0,5.4,3.6,Finance,Mid,Bachelor,Full-Time,Hybrid,Female,2022-11-11,0
12403,32.0,74300.0,10.9,5.0,2,41.3,46.7,3,11.0,6.5,15.8,Operations,Senior,Diploma,Full-Time,Office,Male,2023-06-20,0
12404,34.0,62200.0,6.5,1.0,2,55.2,22.7,3,14.3,10.2,18.4,Finance,Lead,Bachelor,Contract,Remote,Female,2023-03-05,1
12405,49.0,42700.0,13.1,5.0,4,53.3,40.2,3,11.6,3.3,13.8,IT,Junior,Master,Part-Time,Hybrid,Male,2021-05-12,0
12406,47.0,60200.0,2.0,3.0,5,42.5,47.1,3,7.7,4.6,13.3,HR,Junior,Bachelor,Full-Time,Hybrid,Male,2016-04-23,0
12407,26.0,32500.0,3.5,3.0,5,41.0,43.3,5,3.8,4.3,7.6,IT,Mid,Bachelor,Full-Time,Office,Female,2015-12-13,0
12408,43.0,95100.0,0.2,3.0,4,48.6,31.6,3,2.4,1.8,6.4,Operations,Junior,Master,Contract,Hybrid,Female,2023-04-11,0
12409,42.0,55300.0,0.2,2.0,4,38.0,40.3,3,2.9,5.5,15.8,Operations,Senior,Bachelor,Full-Time,Hybrid,Male,2023-01-21,0
12410,,93900.0,1.4,5.0,3,48.2,44.3,3,4.4,8.1,12.2,Operations,Mid,High School,Full-Time,Hybrid,Male,2015-06-21,0
12411,43.0,48600.0,0.5,5.0,3,44.6,53.0,7,13.6,9.0,11.4,Marketing,Mid,Diploma,Full-Time,Hybrid,Male,2016-06-26,0
12412,48.0,48700.0,1.5,1.0,3,36.8,26.6,3,7.3,5.8,18.3,Operations,Junior,Master,Full-Time,Hybrid,Male,2023-06-08,0
12413,27.0,44200.0,1.0,3.0,3,43.2,18.2,5,12.7,4.4,20.5,Sales,Senior,Diploma,Full-Time,Hybrid,Male,2022-11-05,0
12414,29.0,85200.0,0.2,3.0,1,40.7,22.5,1,26.3,7.4,14.9,HR,Lead,Master,Full-Time,Remote,Female,2020-02-16,0
12415,44.0,45200.0,12.0,4.0,1,44.8,37.2,2,17.9,5.6,7.3,IT,Mid,Bachelor,Full-Time,Office,Male,2017-09-05,0
12416,38.0,77600.0,0.2,4.0,5,44.3,35.1,2,7.9,1.5,12.3,Marketing,Lead,Diploma,Full-Time,Office,Female,2016-06-27,0
12417,40.0,51500.0,6.7,2.0,1,37.3,44.4,5,4.6,4.4,9.9,Marketing,Junior,Master,Full-Time,Hybrid,Male,2015-07-21,0
12418,39.0,27200.0,0.8,5.0,1,42.3,47.5,6,13.0,9.9,11.3,Finance,Junior,High School,Part-Time,Office,Female,2023-11-26,0
12419,39.0,47800.0,12.2,1.0,3,46.9,6.7,5,13.0,7.9,6.0,IT,Lead,Master,Full-Time,Office,Male,2022-07-27,0
12420,25.0,37400.0,11.2,1.0,3,47.7,27.8,4,11.2,9.1,18.3,IT,Senior,Bachelor,Full-Time,Office,Female,2016-06-22,0
12421,44.0,60800.0,5.3,3.0,4,42.2,38.2,4,16.9,12.3,9.6,Operations,Junior,Bachelor,Full-Time,Hybrid,Male,2024-10-25,0
12422,45.0,37300.0,5.6,1.0,3,46.3,51.7,3,2.3,9.7,20.0,Operations,Mid,Bachelor,Full-Time,Office,Male,2021-08-27,0
12423,34.0,86900.0,0.2,3.0,4,45.3,34.2,4,9.7,8.5,11.4,,Mid,High School,Full-Time,Hybrid,Female,2019-12-05,0
12424,36.0,57900.0,21.0,5.0,4,43.7,55.5,4,7.8,6.0,9.6,IT,Senior,Diploma,Full-Time,Remote,Female,2018-11-18,0
12425,24.0,55900.0,10.5,1.0,1,46.3,43.3,7,12.1,5.0,8.7,Operations,Senior,High School,Full-Time,Hybrid,Male,2023-04-24,0
12426,40.0,78000.0,11.3,3.0,3,39.4,40.7,4,5.2,8.4,8.7,Finance,Junior,Diploma,Full-Time,Hybrid,Female,2019-05-24,0
12427,41.0,88200.0,5.4,5.0,1,44.0,33.3,2,10.2,3.9,13.1,HR,Senior,Master,Full-Time,Office,Female,2017-05-31,0
12428,36.0,59500.0,2.1,5.0,3,36.0,34.6,4,0.0,13.1,11.7,Marketing,Mid,High School,Full-Time,Office,Male,2023-05-28,0
12429,45.0,44100.0,11.2,3.0,1,43.7,40.0,5,7.9,4.1,16.0,Finance,Mid,High School,Full-Time,Office,Female,2021-04-12,0
12430,33.0,29500.0,1.7,3.0,1,51.1,32.1,5,18.3,21.3,8.1,Finance,Mid,Master,Full-Time,Remote,Female,2024-07-28,1
12431,41.0,45600.0,4.1,2.0,1,42.4,51.7,2,4.9,7.7,13.2,Sales,Mid,Bachelor,Full-Time,Hybrid,Male,2024-03-29,0
12432,28.0,46900.0,0.5,5.0,5,50.6,48.2,5,7.4,17.8,18.1,HR,Junior,Bachelor,Contract,Office,Female,2020-12-03,1
12433,36.0,62600.0,12.8,3.0,1,42.5,53.0,6,14.4,3.8,18.9,Finance,Mid,Master,Full-Time,Hybrid,Male,2018-02-14,1
12434,35.0,52300.0,0.8,5.0,2,38.6,19.4,6,10.8,25.3,8.4,Sales,Junior,Bachelor,Full-Time,Office,Male,2017-04-28,0
12435,38.0,79000.0,1.3,1.0,2,47.3,18.9,4,0.0,3.7,10.3,Sales,Junior,Master,Part-Time,Hybrid,Female,2018-12-26,0
12436,33.0,47000.0,4.1,4.0,2,46.3,42.3,6,7.2,7.7,8.9,IT,Mid,High School,Full-Time,Office,Female,2020-12-12,0
12437,35.0,58600.0,7.2,4.0,4,55.6,33.8,3,10.3,3.2,7.7,Operations,Junior,High School,Full-Time,Office,Female,2015-02-02,0
12438,43.0,96300.0,4.8,3.0,1,39.1,38.9,6,16.2,8.1,15.4,Finance,Mid,Diploma,Full-Time,Office,Female,2016-04-17,0
12439,33.0,68800.0,1.3,3.0,2,45.8,18.2,0,15.1,7.3,6.4,Marketing,Junior,High School,Full-Time,Office,Female,2020-06-11,0
12440,23.0,58600.0,0.2,5.0,4,46.0,13.1,2,7.6,1.6,22.8,IT,Mid,Diploma,Full-Time,Hybrid,Male,2022-04-05,0
12441,50.0,,7.1,3.0,2,49.3,38.5,4,11.8,8.9,13.2,HR,Lead,Bachelor,Part-Time,Hybrid,Female,2017-02-01,0
12442,47.0,46600.0,21.1,5.0,3,46.6,23.6,3,7.5,11.5,11.1,Operations,Junior,Master,Full-Time,Office,Female,2018-12-29,0
12443,26.0,42700.0,8.3,3.0,5,42.6,45.7,6,5.0,4.4,22.1,Marketing,Mid,Bachelor,Full-Time,Hybrid,Male,2019-09-24,0
12444,42.0,48300.0,3.1,,1,38.6,25.8,6,14.6,6.6,5.4,Marketing,Senior,Master,Full-Time,Office,Female,2022-12-07,0
12445,32.0,81200.0,11.7,3.0,5,45.7,21.7,4,14.2,6.9,8.1,Sales,Junior,Master,Full-Time,Hybrid,Female,2020-03-28,0
12446,38.0,54900.0,2.6,2.0,5,45.9,5.0,3,9.6,25.4,5.7,Finance,Mid,High School,Contract,Office,Male,2015-01-23,0
12447,38.0,35000.0,3.7,5.0,3,47.2,53.7,2,4.1,9.2,11.9,Sales,Junior,Diploma,Full-Time,Office,Female,2023-03-15,0
12448,34.0,121700.0,3.2,2.0,3,42.6,45.5,5,7.8,5.5,8.8,Sales,Junior,Diploma,Full-Time,Office,Male,2017-09-21,0
12449,30.0,68200.0,3.0,2.0,3,45.4,12.6,4,8.2,3.7,5.5,Finance,Senior,Bachelor,Full-Time,Hybrid,Female,2018-01-10,0
12450,30.0,34200.0,7.5,2.0,4,36.3,5.0,3,13.5,2.4,6.1,Finance,Junior,High School,Full-Time,Remote,Female,2021-02-28,0
12451,29.0,50300.0,3.7,2.0,2,38.9,26.0,4,6.2,7.3,13.7,Finance,Mid,Diploma,Contract,Office,Female,2022-02-15,0
12452,29.0,62700.0,1.9,1.0,1,48.7,49.2,5,8.2,8.7,15.2,Sales,Junior,Diploma,Full-Time,Office,Male,2023-09-14,0
12453,35.0,118700.0,1.5,4.0,3,44.9,27.1,5,9.1,3.4,5.1,Operations,Junior,Diploma,Full-Time,Office,Male,2023-08-12,0
12454,30.0,38500.0,0.2,1.0,1,46.4,31.9,6,6.4,3.0,11.0,Finance,Junior,Bachelor,Part-Time,Office,Male,2020-04-13,1
12455,41.0,88700.0,4.4,3.0,1,41.0,49.9,2,9.5,11.1,9.9,Finance,Mid,High School,Full-Time,Office,Female,2018-10-11,0
12456,48.0,105000.0,1.3,3.0,1,40.4,20.2,6,8.7,15.9,8.7,Marketing,Mid,Diploma,Part-Time,Office,Male,2021-02-26,0
12457,31.0,46700.0,0.8,4.0,3,41.9,24.8,4,3.1,6.5,20.1,Sales,Senior,High School,Full-Time,Remote,Male,2018-10-17,0
12458,38.0,53700.0,5.3,4.0,3,45.2,38.3,4,4.7,11.4,11.7,Finance,Mid,Diploma,Full-Time,Office,Female,2024-09-12,0
12459,40.0,39600.0,5.7,4.0,2,47.4,30.8,2,0.0,7.4,12.8,Sales,Mid,Bachelor,Contract,Hybrid,Female,2016-01-20,0
12460,40.0,55300.0,7.0,2.0,3,42.8,21.8,5,3.6,49.4,15.4,HR,Senior,High School,Contract,Office,Male,2017-06-30,1
12461,37.0,59100.0,3.5,1.0,3,35.7,45.6,7,16.6,7.5,12.4,IT,Lead,Diploma,Full-Time,Office,Female,2017-11-08,0
12462,42.0,78100.0,11.2,3.0,1,46.0,42.8,3,12.0,21.0,11.9,Marketing,Mid,Bachelor,Full-Time,Hybrid,Female,2017-04-23,0
12463,40.0,92800.0,13.8,1.0,2,45.3,47.5,6,3.2,11.9,16.1,Marketing,Lead,Bachelor,Full-Time,Hybrid,Male,2022-05-16,0
12464,26.0,44500.0,8.2,1.0,5,46.4,32.7,1,6.9,5.5,9.1,Sales,Mid,Bachelor,Full-Time,Office,Female,2016-11-25,0
12465,43.0,27300.0,5.0,1.0,3,48.3,8.6,1,2.8,12.1,9.7,Finance,Senior,Diploma,Full-Time,Office,Female,2019-05-17,0
12466,43.0,59500.0,1.8,4.0,3,47.9,35.2,7,12.4,7.7,7.0,Sales,Mid,Bachelor,Full-Time,Office,Female,2022-05-16,0
12467,30.0,67500.0,20.4,4.0,5,50.8,,3,9.5,3.9,19.1,Operations,Senior,Master,Part-Time,Office,Male,2015-05-01,0
12468,36.0,66300.0,1.6,3.0,1,44.1,5.0,4,12.1,8.5,14.8,IT,Mid,Bachelor,Full-Time,Remote,Female,2018-03-04,0
12469,41.0,52700.0,1.1,3.0,2,41.8,30.9,4,6.1,5.9,13.2,Marketing,Senior,Master,Part-Time,Hybrid,Female,2021-04-21,0
12470,34.0,,2.9,3.0,1,49.2,36.5,1,14.0,7.7,19.8,Marketing,Mid,Bachelor,Full-Time,Remote,Male,2018-10-19,0
12471,45.0,110000.0,0.3,1.0,4,48.5,59.0,6,0.9,7.6,5.9,IT,Senior,Bachelor,Full-Time,Office,Female,2018-09-19,0
12472,55.0,69900.0,19.2,4.0,3,42.8,16.9,5,4.4,6.8,11.6,Sales,Lead,Bachelor,Full-Time,Hybrid,Female,2022-02-05,0
12473,30.0,51700.0,4.4,2.0,4,49.5,45.2,5,5.6,4.1,4.6,Marketing,Junior,Diploma,Full-Time,Office,Female,2015-01-06,0
12474,25.0,49100.0,4.1,1.0,3,44.4,11.0,7,12.8,18.8,5.0,Finance,Mid,High School,Contract,Hybrid,Male,2023-10-11,1
12475,38.0,56100.0,5.3,5.0,4,50.4,54.1,2,4.7,7.6,17.6,Sales,Junior,Diploma,Part-Time,Office,Female,2024-12-13,0
12476,42.0,115500.0,3.4,1.0,5,52.6,24.5,5,2.2,9.3,20.4,Finance,Junior,Diploma,Full-Time,Hybrid,Male,2021-03-19,0
12477,34.0,55800.0,0.2,4.0,3,57.2,30.0,6,8.1,7.0,9.9,Operations,Lead,Diploma,Full-Time,Office,Female,2024-02-22,1
12478,48.0,59500.0,4.7,5.0,3,44.3,30.2,9,22.6,6.0,10.0,Operations,Mid,High School,Full-Time,Hybrid,Female,2017-05-31,0
12479,25.0,49500.0,6.3,1.0,4,51.1,46.4,3,2.1,9.2,9.8,Operations,Mid,High School,Full-Time,Hybrid,Male,2020-07-11,0
12480,42.0,93100.0,2.7,4.0,2,48.3,13.2,11,15.4,21.4,20.4,HR,Senior,Bachelor,Full-Time,Hybrid,Male,2022-07-25,0
12481,31.0,131400.0,7.1,4.0,4,48.7,32.3,3,8.0,2.7,9.1,IT,Mid,High School,Full-Time,Office,Male,2022-05-05,0
12482,50.0,71900.0,1.3,2.0,3,46.1,25.4,3,8.0,3.7,20.3,Operations,Junior,Diploma,Full-Time,Hybrid,Male,2023-10-09,0
12483,52.0,62000.0,1.3,1.0,3,48.8,68.0,6,4.4,6.4,12.2,Marketing,Junior,Master,Full-Time,Hybrid,Male,2020-06-19,1
12484,30.0,60900.0,0.9,4.0,2,37.1,18.7,5,11.8,4.6,9.6,IT,Mid,Bachelor,Full-Time,Office,Female,2020-09-30,0
12485,32.0,23100.0,2.3,3.0,1,43.9,5.0,4,14.2,32.8,13.3,IT,Junior,Master,Full-Time,Hybrid,Female,2018-07-02,0
12486,43.0,80800.0,9.4,4.0,2,40.7,60.4,3,17.0,6.3,21.5,Finance,Junior,Master,Full-Time,Remote,Female,2017-01-11,0
12487,33.0,63300.0,8.8,2.0,1,40.3,42.4,2,9.7,11.2,12.8,Marketing,Mid,Master,Full-Time,Remote,Male,2024-04-03,0
12488,36.0,71200.0,2.4,4.0,3,36.8,23.2,4,3.8,6.6,11.0,HR,Senior,High School,Full-Time,Office,Male,2021-07-24,0
12489,36.0,45100.0,4.4,1.0,5,41.4,34.5,3,18.7,1.4,14.7,IT,Junior,Diploma,Contract,Remote,Female,2021-05-06,0
12490,21.0,51400.0,6.4,1.0,5,43.1,23.0,3,5.3,6.0,10.8,Finance,Senior,Bachelor,Full-Time,Remote,Male,2021-09-18,0
12491,36.0,50900.0,1.4,5.0,4,44.9,5.6,2,3.4,3.5,6.4,Operations,Mid,Bachelor,Full-Time,Office,Male,2022-04-18,0
12492,30.0,90300.0,0.9,1.0,2,43.9,32.5,2,9.7,10.1,11.6,Finance,Junior,Bachelor,Contract,Hybrid,Male,2023-11-05,0
12493,32.0,51600.0,17.9,5.0,2,49.3,32.4,1,2.2,6.5,16.4,Operations,Mid,Master,Full-Time,Remote,Male,2023-11-15,0
12494,48.0,138000.0,4.8,3.0,5,39.5,40.1,9,5.0,4.7,14.2,Marketing,Mid,Diploma,Part-Time,Hybrid,Male,2019-07-29,0
12495,26.0,71300.0,19.9,2.0,1,34.3,20.4,7,11.8,7.4,5.6,Sales,Senior,Bachelor,Full-Time,Office,Female,2019-05-16,0
12496,43.0,36000.0,2.1,3.0,2,46.7,23.4,5,25.2,5.9,16.0,Sales,Lead,Diploma,Full-Time,Hybrid,Female,2024-02-25,0
12497,34.0,57000.0,6.1,5.0,1,43.8,29.4,3,11.4,16.3,14.5,HR,Junior,High School,Full-Time,Office,Male,2016-09-09,0
12498,34.0,46200.0,1.3,4.0,1,43.7,20.3,5,15.1,11.8,12.6,Operations,Senior,Bachelor,Part-Time,Office,Male,2024-09-18,0
12499,42.0,24900.0,1.5,4.0,1,40.4,52.1,4,5.0,26.9,17.4,Finance,Mid,High School,Full-Time,Remote,Female,2020-01-26,0
12500,39.0,113800.0,3.6,3.0,1,48.5,47.7,4,9.6,13.3,16.6,Sales,Junior,Bachelor,Full-Time,Office,Female,2022-11-11,0
12501,41.0,79500.0,1.9,4.0,4,41.9,27.3,5,0.0,11.3,16.4,IT,Junior,Master,Full-Time,Hybrid,Female,2023-04-20,0
12502,44.0,74300.0,0.9,5.0,4,39.6,43.0,3,0.0,12.2,3.2,HR,Senior,Bachelor,Full-Time,Office,Male,2016-02-03,0
12503,33.0,64100.0,1.5,2.0,5,52.4,16.4,4,8.9,13.4,15.2,Operations,Junior,Bachelor,Full-Time,Hybrid,Male,2021-07-16,0
12504,31.0,34500.0,0.2,1.0,4,47.5,28.1,5,10.1,2.3,10.5,IT,Mid,Diploma,Full-Time,Hybrid,Female,2022-04-18,0
12505,27.0,49400.0,6.1,5.0,2,43.8,57.0,5,13.1,11.5,13.7,Sales,Senior,Master,Contract,Hybrid,Female,2019-06-12,0
12506,29.0,84000.0,3.4,5.0,4,31.8,44.7,4,6.9,2.6,7.3,Finance,Senior,Master,Full-Time,Remote,Male,2015-01-07,0
12507,60.0,39400.0,0.5,1.0,2,42.8,39.3,2,17.1,2.1,16.6,Sales,Senior,High School,Full-Time,Hybrid,Female,2020-09-02,0
12508,46.0,21800.0,0.9,1.0,2,43.9,29.6,2,11.3,3.7,17.3,HR,Junior,Bachelor,Full-Time,Hybrid,Female,2016-07-22,1
12509,25.0,54800.0,0.5,2.0,1,51.3,34.4,2,0.0,9.6,11.5,Operations,Mid,Bachelor,Full-Time,Office,Female,2016-12-27,1
12510,25.0,56700.0,4.7,2.0,5,35.3,13.0,3,0.0,3.2,3.5,HR,Lead,Diploma,Full-Time,Hybrid,Male,2021-06-25,0
12511,40.0,63300.0,0.5,2.0,1,51.8,30.1,6,8.8,11.4,14.7,IT,Junior,Bachelor,Full-Time,Office,Female,2016-06-20,1
12512,40.0,80300.0,7.0,4.0,1,46.2,40.6,2,6.6,25.1,13.0,IT,Senior,Diploma,Full-Time,Office,Female,2019-01-19,0
12513,40.0,77400.0,0.2,5.0,4,38.0,34.6,4,9.3,6.4,2.4,HR,Junior,,Part-Time,Office,Male,2018-12-12,0
12514,34.0,66500.0,1.4,1.0,4,48.6,34.6,5,6.0,9.2,12.0,IT,Senior,Bachelor,Full-Time,Office,Male,2016-04-27,0
12515,35.0,96800.0,11.1,5.0,2,42.8,25.2,0,4.4,4.9,16.1,Marketing,Senior,High School,Part-Time,Office,Male,2022-02-26,0
12516,39.0,32700.0,6.3,5.0,4,35.7,21.4,3,3.6,3.4,0.8,Operations,Lead,Diploma,Full-Time,Office,Male,2018-01-14,0
12517,37.0,73400.0,0.4,2.0,4,41.8,20.0,2,7.7,7.0,12.3,HR,Mid,Master,Full-Time,Hybrid,Male,2021-12-25,0
12518,21.0,77100.0,8.6,2.0,3,45.3,31.2,3,13.0,4.6,13.1,Operations,Senior,Diploma,Full-Time,Office,Female,2017-03-12,0
12519,34.0,36500.0,3.4,5.0,2,44.3,46.0,6,1.5,5.8,13.2,IT,Junior,Bachelor,Contract,Office,Female,2020-05-01,0
12520,29.0,32900.0,9.4,2.0,2,47.2,22.1,6,7.2,4.8,10.8,Operations,Mid,Master,Full-Time,Hybrid,Male,2019-11-28,0
12521,37.0,44500.0,4.6,4.0,3,49.5,35.6,7,16.5,3.1,12.8,Sales,Mid,,Full-Time,Office,Male,2022-09-11,0
12522,60.0,46100.0,5.7,,2,38.5,35.2,4,0.0,7.4,10.9,Finance,Mid,High School,Full-Time,Office,Female,2018-10-19,0
12523,39.0,81100.0,25.2,5.0,5,43.9,49.0,3,11.9,2.1,10.6,Marketing,Mid,Master,Full-Time,Hybrid,Female,2017-11-26,0
12524,33.0,46900.0,1.3,1.0,5,41.0,35.2,2,6.7,11.4,14.4,Marketing,Lead,Bachelor,Full-Time,Hybrid,Male,2015-10-13,0
12525,43.0,42600.0,4.9,4.0,3,37.8,12.7,2,3.3,2.5,24.8,Finance,Junior,Diploma,Contract,Remote,Male,2016-05-21,0
12526,40.0,47000.0,3.1,2.0,4,43.7,66.9,6,4.7,5.3,11.8,Finance,Junior,Master,Full-Time,Office,Female,2016-09-17,0
12527,39.0,93900.0,0.2,3.0,5,46.2,49.6,6,14.2,18.1,8.6,Operations,Lead,Bachelor,Full-Time,Hybrid,Male,2022-09-03,0
12528,41.0,60300.0,0.2,4.0,3,46.5,42.2,6,7.2,13.2,11.4,Operations,Mid,High School,Full-Time,Office,Male,2018-04-26,0
12529,52.0,55800.0,0.6,3.0,5,42.0,26.4,4,1.5,8.0,11.6,Sales,Mid,Diploma,Part-Time,Office,Male,2015-05-10,0
12530,27.0,57400.0,5.2,1.0,1,39.0,30.2,4,2.8,37.1,8.7,Operations,Junior,High School,Full-Time,Office,Male,2020-05-01,0
12531,40.0,100600.0,4.2,5.0,3,40.8,13.7,2,5.0,8.5,8.7,Finance,Junior,High School,Full-Time,Hybrid,Female,2021-06-09,0
12532,29.0,44500.0,4.0,2.0,2,34.6,30.0,2,13.2,16.8,7.7,Marketing,Junior,Master,Full-Time,Office,Female,2023-02-19,0
12533,40.0,101500.0,0.2,4.0,5,38.1,37.6,6,5.0,5.2,9.2,Sales,Junior,Diploma,Full-Time,Hybrid,Male,2022-08-06,0
12534,29.0,65300.0,3.2,2.0,2,38.5,34.6,4,7.9,1.1,12.4,Finance,Mid,Master,Full-Time,Remote,Male,2016-06-19,0
12535,33.0,56300.0,12.9,3.0,3,48.2,61.3,2,3.9,9.4,11.5,Sales,Senior,High School,Full-Time,Office,Male,2024-02-03,1
12536,34.0,163200.0,2.5,3.0,5,48.2,45.1,3,5.6,10.9,17.7,Sales,Senior,Bachelor,Full-Time,Office,Female,2015-08-15,0
12537,44.0,39300.0,4.9,5.0,2,54.6,49.6,3,7.0,10.7,1.8,Operations,Junior,Diploma,Part-Time,Hybrid,Female,2019-10-02,0
12538,43.0,52100.0,7.6,3.0,4,45.2,43.1,2,2.4,2.9,11.1,Operations,Mid,High School,Full-Time,Office,Male,2024-09-25,0
12539,26.0,36600.0,7.7,5.0,4,41.6,37.4,4,3.3,60.0,9.1,IT,Mid,Master,Full-Time,Hybrid,Male,2016-10-19,0
12540,36.0,87800.0,3.7,4.0,1,44.1,41.8,2,4.9,3.7,5.9,Finance,Junior,High School,Contract,Remote,Male,2019-12-17,0
12541,30.0,117900.0,9.8,5.0,3,43.2,5.2,3,17.0,8.6,7.9,Operations,Senior,Master,Full-Time,Office,Male,2021-06-29,0
12542,26.0,117000.0,2.5,3.0,2,40.8,31.1,2,8.4,9.5,2.9,IT,Mid,Bachelor,Full-Time,Hybrid,Female,2020-08-17,0
12543,34.0,97900.0,11.0,1.0,1,45.6,14.0,9,2.6,14.2,11.2,Operations,Lead,Bachelor,Full-Time,Hybrid,Female,2022-12-15,0
12544,34.0,55400.0,1.4,5.0,3,45.0,17.3,3,13.1,4.9,12.0,Marketing,Junior,Master,Contract,Hybrid,Male,2015-02-25,0
12545,55.0,51800.0,1.6,2.0,4,43.6,52.9,3,13.4,11.5,5.0,Sales,Junior,Bachelor,Full-Time,Office,Male,2019-05-16,0
12546,39.0,30700.0,0.3,1.0,2,42.5,18.9,6,2.5,24.8,11.7,Marketing,Mid,Bachelor,Full-Time,Office,Female,2022-02-11,1
12547,25.0,135500.0,7.9,5.0,5,47.2,15.1,3,17.8,5.8,12.4,Sales,Junior,Master,Full-Time,Hybrid,Male,2023-04-16,0
12548,31.0,72400.0,2.7,2.0,4,41.2,40.8,8,10.3,5.6,7.4,Finance,Senior,Master,Full-Time,Hybrid,Male,2015-10-01,0
12549,44.0,49300.0,1.3,1.0,5,42.0,34.0,6,10.5,3.9,12.5,HR,Lead,,Contract,Remote,Female,2018-01-25,0
12550,53.0,102100.0,1.3,5.0,5,46.4,41.7,6,10.2,9.5,12.3,Finance,Junior,High School,Full-Time,Hybrid,Female,2020-01-25,0
12551,23.0,40700.0,11.6,4.0,2,49.1,61.3,9,10.0,4.3,11.0,Sales,Junior,High School,Full-Time,Hybrid,Female,2022-05-29,0
12552,21.0,70600.0,9.0,2.0,2,48.6,43.6,6,7.3,13.0,15.9,HR,Junior,High School,Full-Time,Remote,Female,2018-01-26,0
12553,51.0,56000.0,4.0,4.0,5,42.7,11.7,2,11.9,5.7,17.2,HR,Mid,Master,Full-Time,Office,Male,2022-09-15,0
12554,39.0,77500.0,4.8,3.0,1,37.7,49.0,2,6.0,6.8,17.5,Finance,Mid,Diploma,Full-Time,Office,Female,2018-05-19,0
12555,29.0,58500.0,3.2,5.0,5,42.6,31.7,2,17.4,4.0,7.7,Marketing,Senior,Master,Full-Time,Hybrid,Male,2019-04-27,0
12556,40.0,33600.0,2.5,5.0,5,44.4,37.5,3,0.0,36.1,11.1,Finance,Senior,High School,Full-Time,Office,Female,2016-07-18,0
12557,21.0,61800.0,12.4,2.0,2,38.4,10.2,2,2.5,8.6,2.1,Sales,Mid,Diploma,Full-Time,Remote,Male,2017-11-22,0
12558,36.0,91300.0,0.7,5.0,3,42.5,42.5,5,10.1,3.6,15.4,Marketing,Mid,High School,Full-Time,Hybrid,Male,2021-05-13,0
12559,39.0,59300.0,2.7,3.0,4,50.0,15.5,4,7.5,9.7,16.2,Sales,Senior,Bachelor,Contract,Office,Female,2023-04-03,0
12560,43.0,81800.0,2.1,5.0,2,44.7,43.0,5,5.0,2.4,17.6,Operations,Mid,High School,Full-Time,Office,Female,2019-01-07,0
12561,28.0,39500.0,3.4,1.0,1,41.3,24.2,4,9.0,5.0,21.3,Operations,Junior,Diploma,Full-Time,Hybrid,Female,2019-08-05,0
12562,37.0,59400.0,3.1,4.0,4,44.1,45.8,5,0.7,10.8,17.3,,Junior,Bachelor,Full-Time,Office,Female,2022-10-19,0
12563,29.0,46700.0,3.7,3.0,2,44.4,15.6,4,1.8,11.5,14.7,IT,Junior,High School,Full-Time,Office,Female,2023-01-26,0
12564,38.0,80900.0,0.8,3.0,2,42.1,11.6,1,7.2,15.0,12.5,Marketing,Mid,Master,Full-Time,Hybrid,Male,2016-03-02,0
12565,29.0,60800.0,3.6,4.0,3,47.9,26.9,2,10.3,19.9,25.0,IT,Mid,Diploma,Full-Time,Office,Female,2023-10-07,0
12566,33.0,79100.0,1.4,4.0,1,34.9,39.0,3,3.7,7.1,13.3,Sales,Junior,,Full-Time,Office,Female,2015-10-23,0
12567,28.0,92700.0,1.0,3.0,1,46.4,17.8,3,0.0,15.0,24.1,Finance,Senior,Master,Full-Time,Hybrid,Male,2016-07-15,0
12568,41.0,79100.0,0.3,4.0,2,41.1,38.1,2,9.4,14.0,8.6,Sales,Mid,High School,Contract,Office,Female,2021-12-01,0
12569,43.0,66900.0,7.2,2.0,3,49.2,48.1,9,10.9,14.4,10.4,Finance,Junior,Bachelor,Full-Time,Remote,Male,2022-03-07,0
12570,34.0,40200.0,2.8,4.0,2,37.6,15.1,4,1.5,2.8,15.8,Operations,Senior,Diploma,Full-Time,Office,Male,2015-04-20,0
12571,36.0,59900.0,4.9,1.0,5,48.7,38.1,6,5.6,9.6,0.0,IT,Senior,Bachelor,Full-Time,Hybrid,Female,2017-05-11,0
12572,24.0,48500.0,6.5,1.0,5,40.1,43.1,1,13.5,6.5,10.8,Finance,Junior,Diploma,Full-Time,Office,Male,2018-09-05,0
12573,34.0,52300.0,5.7,2.0,3,45.6,32.1,0,1.0,19.9,18.0,Sales,Lead,Bachelor,Full-Time,Office,Female,2023-11-24,0
12574,36.0,51700.0,3.2,4.0,2,41.7,33.8,4,7.8,8.6,10.1,Sales,Junior,Diploma,Full-Time,Remote,Female,2024-06-27,0
12575,57.0,40500.0,2.5,1.0,3,49.6,13.9,5,4.0,6.1,12.0,Sales,Senior,Diploma,Full-Time,Hybrid,Male,2024-01-29,0
12576,27.0,27400.0,2.4,5.0,2,43.0,41.6,3,21.1,6.4,4.1,Marketing,Lead,High School,Full-Time,Office,Female,2022-03-29,0
12577,48.0,45900.0,5.1,4.0,2,40.4,35.9,1,0.6,6.2,10.0,Sales,Senior,Bachelor,Full-Time,Office,Female,2020-12-01,0
12578,44.0,64800.0,3.4,2.0,5,51.0,37.3,2,0.0,8.9,7.9,Marketing,Senior,High School,Full-Time,Office,Female,2023-09-23,0
12579,38.0,35000.0,9.5,4.0,4,42.6,66.0,4,11.6,10.0,15.8,HR,Lead,Bachelor,Full-Time,Hybrid,Male,2019-08-14,0
12580,50.0,60400.0,10.4,3.0,1,46.6,31.9,10,6.0,6.9,16.0,IT,Junior,Master,Full-Time,Hybrid,Female,2016-07-02,0
12581,39.0,128300.0,0.9,3.0,1,48.7,39.8,6,1.8,6.4,8.0,HR,Junior,Bachelor,Full-Time,Office,Male,2019-05-27,0
12582,39.0,90300.0,0.7,1.0,3,39.6,54.3,3,5.0,4.1,7.3,HR,Mid,High School,Full-Time,Office,Female,2020-12-25,0
12583,36.0,115800.0,5.0,3.0,1,46.1,34.3,3,17.1,22.0,19.8,Marketing,Senior,Diploma,Full-Time,Hybrid,Male,2024-07-12,1
12584,46.0,70200.0,1.8,2.0,5,46.8,24.3,5,8.0,6.6,5.4,Marketing,Mid,Bachelor,Part-Time,Hybrid,Female,2024-03-14,0
12585,45.0,95700.0,0.2,1.0,4,36.3,41.0,5,16.8,9.5,15.9,IT,Lead,Diploma,Full-Time,Office,Male,2022-01-20,0
12586,31.0,44900.0,11.0,2.0,2,45.6,24.7,4,0.6,10.7,12.2,IT,Junior,Bachelor,Part-Time,Office,Male,2017-06-01,0
12587,25.0,46400.0,1.3,2.0,2,42.2,53.0,6,14.5,9.7,17.6,Operations,Senior,High School,Full-Time,Remote,Female,2015-10-07,1
12588,34.0,20100.0,13.2,3.0,5,52.1,42.7,5,2.2,5.8,13.0,IT,Lead,Master,Full-Time,Hybrid,Male,2015-06-26,0
12589,30.0,96400.0,6.3,3.0,1,48.3,22.1,4,15.4,12.1,9.4,Sales,Mid,Master,Full-Time,Office,Female,2017-01-15,0
12590,35.0,111100.0,7.2,2.0,2,46.2,16.3,4,14.9,21.8,6.2,Sales,Lead,Master,Full-Time,Office,Female,2021-04-08,0
12591,46.0,48100.0,1.1,3.0,1,33.8,37.3,6,2.0,12.8,6.3,IT,Junior,Diploma,Full-Time,Remote,Female,2022-02-02,0
12592,32.0,54200.0,1.3,3.0,5,46.2,38.8,6,10.5,10.8,5.7,Marketing,Lead,High School,Full-Time,Hybrid,Female,2019-05-20,1
12593,36.0,44400.0,3.7,3.0,2,40.2,16.3,3,9.2,12.6,11.4,HR,Lead,Bachelor,Full-Time,Hybrid,Female,2024-06-15,0
12594,36.0,69900.0,0.9,4.0,3,48.4,46.8,6,13.6,8.4,16.1,IT,Junior,High School,Full-Time,Office,Female,2020-10-29,1
12595,43.0,94100.0,1.8,2.0,4,43.2,45.0,3,1.2,6.6,7.4,Operations,Mid,Bachelor,Part-Time,Remote,Male,2019-12-25,0
12596,21.0,29900.0,1.9,5.0,1,41.4,40.1,5,5.6,30.6,6.8,IT,Mid,Master,Full-Time,Hybrid,Female,2015-01-13,0
12597,31.0,70700.0,0.9,2.0,1,41.8,46.4,4,8.3,23.4,12.9,HR,Junior,Diploma,Full-Time,Office,Female,2019-09-17,0
12598,38.0,53700.0,1.1,1.0,1,42.1,20.2,7,17.0,5.7,19.0,Finance,Junior,Master,Part-Time,Office,Female,2016-03-19,1
12599,46.0,62800.0,7.8,3.0,1,37.3,21.0,4,8.4,17.7,15.9,IT,Junior,Diploma,Full-Time,Office,Male,2015-05-18,0
12600,32.0,72100.0,0.9,3.0,5,37.9,31.1,0,2.2,11.1,11.5,IT,Mid,High School,Full-Time,Hybrid,Female,2018-05-01,0
12601,21.0,55600.0,0.2,5.0,5,42.3,25.5,5,9.9,8.8,6.9,Sales,Mid,High School,Full-Time,Hybrid,Male,2024-05-04,0
12602,41.0,57600.0,5.0,1.0,5,51.8,42.5,0,1.9,23.0,12.2,HR,Lead,Diploma,Full-Time,Hybrid,Female,2021-09-04,0
12603,31.0,55100.0,18.6,4.0,5,47.6,47.1,1,0.0,8.7,16.4,Operations,Mid,High School,Full-Time,Hybrid,Male,2017-04-10,0
12604,26.0,88500.0,2.0,2.0,2,48.0,24.4,5,7.0,9.6,14.9,IT,Senior,Master,Full-Time,Hybrid,Female,2019-02-12,0
12605,31.0,70900.0,0.6,4.0,5,50.0,22.0,2,9.7,11.3,13.3,Operations,Junior,High School,Full-Time,Office,Male,2024-11-18,0
12606,35.0,65500.0,4.2,1.0,2,45.4,47.8,5,9.2,3.4,17.5,IT,Senior,Diploma,Full-Time,Office,Male,2024-01-22,0
12607,31.0,36100.0,11.8,5.0,3,41.7,20.3,3,8.3,9.7,19.5,Finance,Lead,Bachelor,Full-Time,Office,Male,2019-07-11,0
12608,21.0,51600.0,7.7,1.0,5,41.9,30.7,6,18.7,3.0,16.2,HR,Mid,High School,Full-Time,Office,Male,2016-03-30,0
12609,43.0,86000.0,4.9,5.0,3,39.9,19.9,5,17.3,12.1,2.0,IT,Mid,High School,Full-Time,Remote,Female,2016-07-03,0
12610,46.0,60900.0,1.9,4.0,5,48.1,26.1,4,3.1,11.7,16.8,Finance,Mid,Master,Full-Time,Office,Male,2021-06-15,0
12611,41.0,78100.0,3.9,4.0,3,39.3,12.4,3,13.7,18.2,11.3,IT,Mid,Diploma,Full-Time,Hybrid,Female,2019-04-30,0
12612,27.0,121600.0,0.5,1.0,4,54.5,54.2,5,21.6,12.4,12.7,Marketing,Mid,Master,Full-Time,Remote,Female,2016-05-02,1
12613,34.0,90900.0,5.7,1.0,3,39.5,50.2,4,18.5,48.6,10.7,Finance,Junior,Bachelor,Full-Time,Hybrid,Male,2016-01-03,0
12614,36.0,62300.0,6.5,3.0,2,50.1,22.9,3,14.0,3.0,8.6,Operations,Mid,Bachelor,Full-Time,Hybrid,Female,2018-04-07,0
12615,41.0,48900.0,16.8,5.0,1,50.1,41.9,5,7.2,7.9,0.1,Marketing,Senior,High School,Full-Time,Office,Male,2015-06-22,0
12616,41.0,21600.0,1.5,3.0,3,47.1,13.5,1,0.2,16.7,13.5,IT,Lead,High School,Full-Time,Office,Male,2018-05-27,0
12617,30.0,56100.0,0.2,2.0,1,52.1,44.3,2,2.2,17.8,5.5,Finance,Mid,Bachelor,Full-Time,Hybrid,Female,2024-07-21,1
12618,37.0,52700.0,3.9,2.0,4,43.0,21.7,4,11.2,5.4,14.6,HR,Junior,High School,Full-Time,Office,Female,2016-08-10,0
12619,40.0,70100.0,6.1,1.0,4,44.6,53.3,4,9.8,18.4,10.0,Operations,Junior,Bachelor,Contract,Office,Female,2024-04-08,0
12620,48.0,56400.0,7.8,4.0,2,45.1,42.7,2,8.4,2.9,17.6,Sales,Lead,Master,Full-Time,Hybrid,Male,2019-06-03,0
12621,42.0,52800.0,1.1,2.0,2,47.0,29.5,3,13.5,4.6,20.7,IT,Lead,Master,Full-Time,Hybrid,Female,2018-05-20,1
12622,42.0,29400.0,1.5,2.0,3,34.9,28.9,2,15.0,10.7,11.4,Finance,Junior,Master,Full-Time,Office,Male,2023-10-15,0
12623,37.0,41200.0,3.6,3.0,5,43.5,37.2,3,15.0,9.7,9.4,Marketing,Lead,Master,Full-Time,Office,Male,2022-09-09,0
12624,47.0,72600.0,2.0,3.0,4,48.3,21.1,2,12.4,19.3,8.4,Finance,Lead,High School,Full-Time,Office,Male,2015-08-26,0
12625,39.0,119200.0,9.8,2.0,1,42.1,51.9,5,11.1,14.9,14.2,HR,Mid,High School,Full-Time,Hybrid,Female,2023-02-08,0
12626,29.0,57700.0,3.2,1.0,5,53.8,39.6,5,4.8,5.9,9.1,Finance,Senior,Diploma,Full-Time,Hybrid,Female,2018-09-02,0
12627,47.0,68400.0,8.0,3.0,4,44.6,49.5,5,8.5,19.3,11.9,Marketing,Mid,Bachelor,Full-Time,Office,Female,2022-05-03,0
12628,42.0,87800.0,4.3,2.0,3,46.6,5.0,5,10.2,11.8,7.3,IT,Mid,Bachelor,Full-Time,Remote,Female,2020-08-20,0
12629,32.0,43400.0,7.4,4.0,4,51.8,35.2,3,7.7,14.3,12.3,Operations,Junior,High School,Full-Time,Hybrid,Female,2021-09-14,0
12630,32.0,69500.0,2.0,3.0,2,44.6,38.7,6,0.0,14.0,20.3,Marketing,Mid,Diploma,Full-Time,Hybrid,Male,2021-02-28,0
12631,38.0,44600.0,8.9,2.0,1,51.7,34.9,2,9.9,6.8,8.3,Operations,Lead,Master,Full-Time,Office,Male,2022-01-18,1
12632,40.0,84800.0,1.6,5.0,1,46.9,35.3,4,7.7,16.0,12.1,Operations,Senior,Bachelor,Full-Time,Office,Female,2016-05-30,0
12633,38.0,63700.0,3.9,3.0,2,46.9,30.2,1,7.2,10.2,14.5,Marketing,Mid,Master,Part-Time,Remote,Male,2017-05-06,0
12634,38.0,67600.0,1.2,5.0,5,39.6,68.9,3,11.4,15.1,18.7,Marketing,Mid,High School,Part-Time,Remote,Male,2021-02-06,0
12635,50.0,43900.0,3.2,3.0,2,49.5,38.6,1,11.3,22.7,17.8,Sales,Mid,High School,Full-Time,Hybrid,Male,2021-10-14,0
12636,45.0,79600.0,1.9,3.0,1,41.0,36.8,5,15.2,7.5,15.6,Operations,Mid,Diploma,Full-Time,Hybrid,Female,2017-01-04,0
12637,38.0,138100.0,1.6,5.0,3,43.1,49.0,4,11.5,16.6,14.0,IT,Senior,Master,Contract,Office,Female,2024-12-08,0
12638,44.0,40100.0,17.1,1.0,5,50.3,26.6,9,5.7,6.3,26.3,Sales,Mid,Bachelor,Full-Time,Remote,Male,2016-02-17,0
12639,28.0,52400.0,0.9,2.0,4,42.2,15.7,4,15.9,5.8,15.5,Operations,Junior,Bachelor,Full-Time,Hybrid,Male,2022-02-03,0
12640,39.0,65800.0,7.7,1.0,3,45.7,48.6,3,17.0,8.0,13.4,Finance,Junior,High School,Part-Time,Office,Male,2021-07-04,0
12641,50.0,82200.0,20.7,1.0,5,43.7,30.0,5,7.9,7.9,18.0,IT,Mid,High School,Full-Time,Hybrid,Male,2022-02-20,0
12642,34.0,48000.0,0.2,2.0,1,43.9,55.4,6,15.5,11.1,14.9,IT,Senior,Master,Full-Time,Office,Female,2023-11-30,0
12643,29.0,20000.0,6.0,4.0,1,43.3,54.5,6,9.0,3.6,24.7,Operations,Mid,Diploma,Full-Time,Office,Female,2023-03-28,0
12644,31.0,103300.0,1.5,1.0,3,38.8,5.0,4,14.9,11.9,9.2,Finance,Mid,Master,Full-Time,Hybrid,Male,2020-12-18,0
12645,27.0,81300.0,0.2,1.0,5,46.7,36.1,3,15.9,7.2,11.8,Finance,Senior,Master,Full-Time,Hybrid,Male,2019-12-01,1
12646,30.0,29900.0,2.6,1.0,4,47.2,51.1,4,4.2,2.1,5.3,Marketing,Mid,Bachelor,Full-Time,Hybrid,Female,2024-02-29,0
12647,33.0,47100.0,13.7,4.0,4,41.1,8.7,5,16.4,10.6,11.4,Operations,Lead,Bachelor,Full-Time,Hybrid,Female,2020-05-14,0
12648,25.0,112300.0,0.2,3.0,2,41.8,40.5,5,8.3,21.5,6.1,Operations,Junior,Diploma,Contract,Office,Female,2016-10-23,0
12649,36.0,107100.0,4.4,5.0,3,48.6,44.9,7,10.3,16.9,12.6,IT,Lead,Bachelor,Full-Time,Office,Male,2016-01-06,0
12650,43.0,87300.0,3.5,5.0,5,42.7,,7,14.7,8.0,8.5,HR,Junior,Diploma,Part-Time,Hybrid,Male,2016-03-31,0
12651,29.0,55900.0,10.3,4.0,3,44.5,34.3,2,6.5,5.9,15.9,Operations,Mid,Bachelor,Full-Time,Office,Female,2015-01-25,0
12652,48.0,62000.0,0.4,1.0,4,39.6,53.0,6,14.0,14.7,9.5,Marketing,Mid,Diploma,Full-Time,Hybrid,Female,2017-10-14,0
12653,40.0,56900.0,5.7,5.0,5,43.7,12.6,6,9.0,5.9,15.6,IT,Mid,Diploma,Full-Time,Hybrid,Female,2018-11-12,0
12654,44.0,94200.0,5.7,4.0,1,39.6,47.5,5,5.3,7.8,10.9,Finance,Lead,High School,Full-Time,Remote,Male,2023-05-11,0
12655,31.0,42300.0,5.5,2.0,1,41.0,41.9,5,11.9,48.4,18.0,Finance,Junior,Master,Full-Time,Office,Male,2015-11-05,0
12656,43.0,43500.0,14.3,5.0,5,40.2,54.5,2,15.5,22.7,11.5,HR,Senior,Master,Full-Time,Hybrid,Female,2021-02-04,0
12657,27.0,89900.0,8.7,2.0,3,48.3,20.8,3,8.6,7.1,9.8,IT,Senior,Master,Full-Time,Remote,Female,2021-03-03,0
12658,43.0,58900.0,0.2,1.0,3,37.4,57.2,2,1.9,12.9,2.9,Sales,Junior,Bachelor,Full-Time,Office,Male,2015-01-05,0
12659,37.0,104100.0,3.2,5.0,1,45.3,14.2,4,6.1,24.4,5.3,Marketing,Lead,High School,Full-Time,Hybrid,Male,2024-03-31,0
12660,40.0,45900.0,2.5,4.0,1,42.9,30.0,3,3.8,11.1,15.7,IT,Mid,Diploma,Part-Time,Office,Male,2015-06-27,0
12661,27.0,58700.0,1.9,3.0,4,51.0,17.6,2,21.7,3.7,5.6,Sales,Lead,Diploma,Full-Time,Remote,Male,2015-11-11,0
12662,29.0,41500.0,3.0,5.0,5,47.9,45.9,2,2.8,10.2,16.8,Finance,Senior,Diploma,Full-Time,Hybrid,Male,2017-07-05,0
12663,41.0,60200.0,2.4,5.0,3,37.8,23.6,3,0.0,6.8,9.8,Finance,Mid,Bachelor,Full-Time,Remote,Female,2022-12-04,0
12664,28.0,33200.0,2.8,5.0,4,41.2,52.0,5,5.7,6.9,11.9,Sales,Mid,Master,Full-Time,Office,Male,2019-08-14,0
12665,40.0,49400.0,19.4,5.0,3,43.9,9.7,3,9.1,5.0,14.8,Sales,Senior,High School,Contract,Hybrid,Female,2019-06-05,0
12666,25.0,33800.0,0.5,4.0,1,41.2,28.3,6,8.2,3.7,17.4,HR,Junior,Diploma,Full-Time,Hybrid,Male,2020-12-18,0
12667,43.0,79200.0,12.8,4.0,5,48.5,61.8,3,9.1,5.4,4.7,IT,Mid,Bachelor,Full-Time,Hybrid,Female,2018-06-02,0
12668,26.0,79900.0,3.3,3.0,2,44.8,23.6,4,0.3,13.7,5.1,Finance,Junior,Diploma,Full-Time,Office,Female,2021-06-11,0
12669,40.0,30000.0,4.9,4.0,5,43.0,50.9,1,8.4,16.0,10.7,Marketing,Mid,Diploma,Full-Time,Office,Female,2015-11-06,0
12670,41.0,102300.0,8.9,4.0,2,48.9,45.4,4,2.1,35.6,18.0,Finance,Junior,Diploma,Full-Time,Office,Male,2023-08-29,0
12671,30.0,162900.0,2.2,1.0,4,38.1,15.4,2,13.4,5.7,12.1,IT,Lead,Diploma,Full-Time,Office,Female,2015-09-19,0
12672,41.0,61100.0,2.8,1.0,2,42.7,38.2,2,1.1,4.6,17.8,Sales,Mid,High School,Full-Time,Hybrid,Female,2022-10-27,0
12673,38.0,46400.0,2.6,2.0,2,45.2,57.9,1,7.5,14.9,3.7,HR,Senior,Diploma,Full-Time,Office,Female,2016-03-13,0
12674,32.0,185700.0,2.3,3.0,4,43.3,28.9,3,3.2,2.9,9.2,Finance,Senior,Diploma,Full-Time,Hybrid,Male,2016-06-05,0
12675,28.0,35400.0,13.0,1.0,5,30.0,24.7,10,13.7,2.0,12.4,HR,Senior,High School,Contract,Hybrid,Male,2023-09-25,0
12676,21.0,60500.0,8.8,3.0,4,45.7,39.9,5,5.2,14.5,6.6,Sales,Junior,High School,Full-Time,Office,Male,2019-08-20,0
12677,39.0,64500.0,0.6,3.0,1,46.5,31.8,3,1.7,4.2,6.2,Operations,Mid,Diploma,Full-Time,Office,Female,2019-01-06,0
12678,23.0,102800.0,0.6,5.0,1,38.9,12.6,4,14.3,5.0,8.0,IT,Lead,High School,Full-Time,Office,Female,2024-05-23,0
12679,37.0,69300.0,2.8,3.0,2,33.1,31.7,6,0.0,12.6,10.1,Finance,Junior,Master,Contract,Hybrid,Female,2018-04-12,0
12680,34.0,49200.0,0.5,5.0,4,40.6,27.7,3,12.2,8.5,6.3,IT,Mid,High School,Contract,Hybrid,Female,2024-09-03,0
12681,41.0,41000.0,4.8,2.0,4,43.0,33.0,5,10.0,6.7,18.1,Marketing,Mid,Master,Full-Time,Hybrid,Male,2018-11-20,0
12682,34.0,52300.0,0.8,2.0,4,43.4,5.0,2,23.1,3.2,13.0,IT,Mid,High School,Full-Time,Remote,Female,2015-08-18,1
12683,33.0,40100.0,3.7,2.0,5,34.2,40.5,1,11.9,5.5,13.6,Operations,Lead,High School,Full-Time,Office,Female,2021-01-13,0
12684,42.0,61200.0,0.2,5.0,3,45.0,10.5,5,11.0,5.7,13.4,Sales,Mid,Diploma,Full-Time,Hybrid,Female,2015-11-30,0
12685,39.0,47900.0,1.9,5.0,3,49.1,46.2,2,2.9,6.1,19.9,Sales,Junior,Bachelor,Full-Time,Hybrid,Female,2022-07-22,0
12686,39.0,33000.0,5.7,2.0,3,48.8,51.1,5,6.7,12.3,22.1,Marketing,Lead,Bachelor,Contract,Office,Male,2018-08-21,0
12687,40.0,99100.0,3.3,5.0,5,50.1,5.2,2,9.6,10.1,10.6,IT,Senior,Diploma,Full-Time,Remote,Male,2022-08-23,0
12688,24.0,49200.0,19.1,4.0,4,37.9,54.4,4,16.5,6.9,14.7,Operations,Mid,Bachelor,Part-Time,Remote,Male,2023-04-13,0
12689,42.0,36100.0,10.4,4.0,3,48.4,33.2,3,3.4,8.8,10.5,Sales,Junior,Master,Full-Time,Office,Male,2015-10-26,0
12690,41.0,56100.0,2.2,5.0,4,39.3,51.2,3,0.0,28.2,16.4,Sales,Lead,Master,Contract,Hybrid,Female,2024-05-07,0
12691,28.0,61700.0,0.2,5.0,2,47.9,49.0,5,8.4,10.4,19.1,Sales,Junior,High School,Full-Time,Hybrid,Male,2024-10-30,0
12692,34.0,29800.0,9.3,1.0,3,40.3,13.3,4,0.0,22.3,12.0,Sales,Mid,Bachelor,Full-Time,Hybrid,Male,2022-07-30,0
12693,36.0,68500.0,12.1,1.0,2,45.8,22.2,5,12.9,5.4,16.7,HR,Junior,Diploma,Part-Time,Hybrid,Male,2020-08-22,0
12694,35.0,39500.0,8.6,3.0,5,51.7,59.2,6,17.1,7.0,10.4,Finance,Lead,Master,Full-Time,Office,Male,2016-12-01,0
12695,39.0,119000.0,0.7,3.0,1,48.7,16.4,3,14.2,6.4,17.8,HR,Senior,Bachelor,Full-Time,Office,Female,2016-01-18,0
12696,47.0,74000.0,30.0,3.0,5,39.4,40.4,5,5.0,10.6,7.5,Sales,Mid,Diploma,Part-Time,Office,Female,2015-06-24,0
12697,45.0,51100.0,1.5,2.0,5,38.3,23.7,0,17.7,11.3,6.6,Operations,Senior,Bachelor,Full-Time,Hybrid,Female,2021-09-16,0
12698,26.0,44500.0,6.4,4.0,5,47.9,21.4,1,3.4,11.8,15.0,IT,Lead,High School,Full-Time,Remote,Female,2016-10-04,0
12699,41.0,57500.0,11.9,2.0,3,50.6,34.7,6,2.1,1.6,17.7,HR,Lead,High School,Full-Time,Hybrid,Male,2023-01-01,0
12700,47.0,76700.0,1.3,5.0,2,46.1,67.9,6,16.6,4.3,15.3,Marketing,Senior,High School,Full-Time,Hybrid,Male,2019-07-14,0
12701,39.0,59400.0,11.9,1.0,3,41.4,46.5,2,5.9,9.6,17.3,Finance,Senior,Master,Full-Time,Office,Female,2021-11-08,0
12702,45.0,55000.0,1.9,5.0,1,44.2,19.2,4,9.0,29.6,7.7,IT,Mid,Bachelor,Full-Time,Office,Male,2016-11-10,0
12703,52.0,61400.0,18.7,5.0,5,46.2,37.9,3,14.1,5.6,11.7,HR,Mid,Master,Contract,Hybrid,Female,2015-09-25,0
12704,44.0,47100.0,1.7,1.0,4,43.6,7.1,8,1.4,38.1,4.1,Finance,Senior,Master,Full-Time,Hybrid,Male,2022-06-11,0
12705,38.0,52300.0,15.3,5.0,1,39.4,5.0,2,4.8,3.1,6.0,Operations,Senior,Bachelor,Full-Time,Remote,Female,2016-11-05,0
12706,44.0,26100.0,0.3,3.0,2,49.3,37.5,4,4.5,9.5,19.3,HR,Lead,Bachelor,Part-Time,Hybrid,Female,2015-12-06,0
12707,37.0,88600.0,6.2,1.0,1,53.4,45.7,5,6.6,7.2,10.2,Marketing,Junior,High School,Contract,Hybrid,Female,2020-02-01,1
12708,36.0,67600.0,3.8,5.0,3,51.1,58.4,5,3.7,5.7,21.3,Sales,Senior,Bachelor,Full-Time,Remote,Male,2017-11-16,0
12709,33.0,44000.0,3.2,3.0,4,33.1,40.6,6,10.2,15.0,12.8,Marketing,Mid,Master,Full-Time,Office,Female,2024-02-13,0
12710,49.0,128200.0,1.3,3.0,3,49.8,35.1,8,10.2,7.6,10.9,Sales,Senior,Bachelor,Full-Time,Office,Female,2020-04-24,0
12711,29.0,62100.0,6.1,4.0,5,46.9,29.9,4,8.0,2.8,10.8,Finance,Junior,Master,Full-Time,Hybrid,Female,2020-03-21,0
12712,48.0,39600.0,1.1,3.0,5,40.7,42.9,3,9.4,2.0,17.0,HR,Senior,Diploma,Full-Time,Hybrid,Female,2022-02-24,0
12713,40.0,84500.0,4.0,2.0,1,34.2,16.8,5,4.1,3.8,11.4,HR,Mid,High School,Full-Time,Hybrid,Male,2020-12-22,0
12714,25.0,70400.0,1.5,1.0,5,43.4,24.8,6,8.1,12.5,12.2,Marketing,Senior,Bachelor,Full-Time,Office,Male,2024-04-01,0
12715,39.0,70300.0,15.6,1.0,5,45.8,17.3,5,0.0,6.9,13.6,IT,Mid,Master,Full-Time,Remote,Male,2019-02-13,0
12716,21.0,50600.0,0.2,1.0,2,38.5,27.1,6,13.9,16.5,5.3,Finance,Mid,Master,Contract,Hybrid,Female,2022-10-31,0
12717,41.0,71800.0,1.1,5.0,2,50.2,24.1,0,4.6,7.2,12.5,Operations,Senior,Diploma,Full-Time,Office,Female,2022-10-19,0
12718,43.0,54000.0,1.4,5.0,3,50.0,23.1,5,4.9,9.7,11.8,Sales,Lead,Diploma,Full-Time,Office,Female,2017-11-06,0
12719,31.0,74900.0,2.7,2.0,3,46.3,25.4,3,2.4,23.0,14.3,Finance,Mid,,Full-Time,Remote,Female,2024-06-23,1
12720,37.0,28000.0,1.3,3.0,2,37.1,38.2,2,8.8,7.0,17.0,Operations,Senior,High School,Contract,Office,Female,2016-09-19,0
12721,52.0,50400.0,3.4,5.0,1,42.7,54.0,3,4.8,31.5,10.8,Marketing,Mid,Master,Full-Time,Hybrid,Male,2017-03-16,0
12722,32.0,119500.0,10.3,3.0,2,47.6,39.3,10,11.8,12.9,14.5,Operations,Senior,Diploma,Full-Time,Office,Male,2021-10-01,0
12723,28.0,44100.0,6.2,3.0,3,47.3,26.4,4,1.7,4.1,5.2,HR,Mid,Master,Full-Time,Office,Female,2023-07-18,0
12724,48.0,47100.0,4.3,5.0,4,40.5,41.6,1,8.8,3.4,22.0,Sales,Mid,High School,Full-Time,Hybrid,Female,2017-12-20,0
12725,52.0,50200.0,0.5,5.0,5,41.2,36.7,1,10.6,2.9,19.7,Sales,Senior,Diploma,Full-Time,Hybrid,Female,2024-04-08,0
12726,36.0,36900.0,5.9,2.0,4,40.4,37.5,3,12.8,8.2,10.3,Operations,Mid,Bachelor,Full-Time,Office,Female,2023-05-14,0
12727,44.0,24800.0,0.9,4.0,4,42.6,34.7,2,12.0,2.6,12.5,Sales,Junior,Master,Full-Time,Remote,Female,2019-12-09,0
12728,47.0,54700.0,7.7,1.0,5,41.6,60.9,3,2.6,27.6,1.1,Sales,Lead,High School,Full-Time,Office,Female,2021-01-02,0
12729,30.0,63400.0,1.4,5.0,2,40.7,36.5,6,8.4,38.3,15.4,Finance,Mid,High School,Full-Time,Hybrid,Male,2022-07-12,0
12730,32.0,58800.0,2.7,5.0,1,43.3,26.6,3,7.4,2.6,8.3,Finance,Mid,Bachelor,Full-Time,Office,Female,2019-02-28,0
12731,46.0,56600.0,2.2,3.0,4,44.2,23.3,3,1.7,9.5,3.9,Operations,Mid,Master,Full-Time,Remote,Male,2017-10-26,0
12732,49.0,61000.0,9.8,4.0,1,49.4,48.5,4,7.8,2.0,13.7,Marketing,Senior,Diploma,Part-Time,Remote,Male,2023-12-21,0
12733,41.0,90300.0,0.7,5.0,3,35.1,17.2,5,0.0,13.2,7.5,Operations,Junior,High School,Full-Time,Office,Female,2017-05-12,0
12734,29.0,55600.0,4.2,4.0,4,50.1,55.4,4,9.4,15.5,6.9,Operations,Junior,High School,Full-Time,Hybrid,Male,2018-06-27,0
12735,52.0,47700.0,0.8,1.0,3,40.3,6.3,6,15.2,8.0,15.9,HR,Mid,Master,Full-Time,Office,Female,2024-05-09,0
12736,32.0,53600.0,6.1,3.0,2,53.3,53.4,5,14.0,9.9,20.2,Operations,Mid,High School,Full-Time,Hybrid,Female,2016-03-07,1
12737,33.0,75600.0,11.8,2.0,4,47.4,47.0,3,10.3,5.0,13.4,Operations,Junior,High School,Full-Time,Remote,Female,2021-07-19,0
12738,39.0,105500.0,2.9,1.0,3,46.7,28.4,7,9.6,8.2,18.3,HR,Senior,High School,Full-Time,Office,Female,2016-09-09,0
12739,48.0,46700.0,3.3,4.0,3,43.5,23.7,6,7.3,13.2,10.3,Finance,Junior,Bachelor,Full-Time,Office,Male,2017-02-17,0
12740,43.0,62400.0,13.1,4.0,2,54.3,53.5,4,21.0,7.0,15.0,Marketing,Senior,High School,Full-Time,Office,Female,2018-12-11,1
12741,39.0,68700.0,3.7,1.0,1,43.8,62.0,0,6.7,18.9,13.2,IT,Senior,High School,Full-Time,Office,Male,2016-06-16,1
12742,40.0,40300.0,3.3,4.0,1,51.6,25.8,6,0.1,4.9,14.3,Operations,Junior,Bachelor,Full-Time,Office,Male,2020-08-09,0
12743,36.0,60500.0,4.3,2.0,4,41.1,43.7,2,12.6,6.4,7.3,Operations,Junior,Diploma,Contract,Office,Female,2016-05-01,0
12744,40.0,33400.0,5.8,2.0,2,47.6,49.7,6,10.8,1.9,0.0,Operations,Senior,High School,Full-Time,Office,Female,2015-02-24,0
12745,21.0,29600.0,0.6,4.0,4,53.5,44.0,4,1.4,40.6,19.0,Sales,Senior,Bachelor,Full-Time,Remote,Female,2021-02-02,1
12746,34.0,69500.0,8.6,4.0,1,39.8,35.8,2,5.6,2.0,10.7,Operations,Senior,Bachelor,Contract,Office,Male,2019-11-07,0
12747,38.0,51500.0,2.9,2.0,2,46.5,29.2,8,9.0,17.4,2.7,HR,Mid,Diploma,Full-Time,Office,Female,2023-01-10,0
12748,27.0,65100.0,0.4,4.0,5,40.5,39.2,3,4.6,10.8,11.9,Sales,Lead,Master,Full-Time,Office,Female,2021-11-20,0
12749,,59600.0,7.7,5.0,2,46.1,5.0,3,13.5,8.0,13.9,HR,Senior,High School,Full-Time,Remote,Female,2021-12-17,0
12750,34.0,40600.0,2.4,3.0,2,53.5,55.1,4,3.3,4.3,12.3,Operations,Junior,High School,Full-Time,Hybrid,Male,2024-11-01,0
12751,50.0,58900.0,0.5,5.0,5,39.3,9.4,3,6.5,5.8,13.3,IT,Mid,Diploma,Part-Time,Office,Male,2020-03-01,0
12752,49.0,36600.0,5.0,4.0,3,44.8,22.4,3,5.5,6.1,12.5,Operations,Senior,Bachelor,Contract,Hybrid,Female,2017-09-14,0
12753,32.0,104700.0,10.6,4.0,3,39.8,29.9,3,10.7,5.5,10.4,HR,Junior,Master,Full-Time,Hybrid,Female,2018-02-15,0
12754,35.0,34900.0,10.9,3.0,3,43.4,20.0,1,11.8,1.8,12.9,Operations,Lead,Bachelor,Full-Time,Remote,Female,2020-01-04,0
12755,35.0,55500.0,15.8,4.0,1,47.1,18.1,5,10.7,12.0,11.2,IT,Senior,Bachelor,Full-Time,Remote,Female,2024-06-22,0
12756,32.0,39500.0,10.1,3.0,2,42.5,56.1,4,0.0,12.6,13.0,HR,Junior,Diploma,Contract,Office,Male,2018-12-12,0
12757,38.0,75400.0,0.2,2.0,5,51.9,61.9,1,9.0,6.3,14.0,Finance,Lead,Diploma,Contract,Hybrid,Male,2015-07-21,0
12758,30.0,52600.0,2.4,3.0,1,46.4,58.2,2,10.9,7.8,14.9,Sales,Mid,Master,Full-Time,Hybrid,Female,2017-05-13,0
12759,27.0,48800.0,8.5,3.0,5,37.4,47.5,2,11.6,12.0,9.5,Marketing,Mid,Bachelor,Full-Time,Remote,Male,2020-03-07,0
12760,41.0,84400.0,2.3,5.0,1,45.6,72.0,6,6.9,3.0,15.4,Marketing,Senior,High School,Full-Time,Office,Male,2023-03-26,0
12761,41.0,60700.0,4.6,4.0,1,51.3,31.0,5,8.1,2.6,14.2,HR,Mid,High School,Full-Time,Office,Female,2018-03-14,0
12762,30.0,73800.0,4.7,2.0,1,46.7,29.6,3,4.6,8.1,18.1,Marketing,Mid,Bachelor,Full-Time,Hybrid,Male,2015-06-30,0
12763,43.0,40500.0,2.3,1.0,5,45.3,35.2,4,15.7,6.4,13.0,Operations,Junior,High School,Full-Time,Hybrid,Female,2020-09-14,0
12764,31.0,34200.0,11.7,3.0,4,42.5,56.4,6,0.0,5.9,17.1,Sales,Mid,Bachelor,Part-Time,Hybrid,Male,2017-11-25,0
12765,38.0,62600.0,3.5,1.0,1,43.5,43.8,4,10.7,12.2,0.9,Finance,Mid,Bachelor,Full-Time,Office,Female,2018-11-21,0
12766,43.0,52800.0,3.1,4.0,3,44.1,60.9,8,2.0,6.1,6.7,Finance,Mid,Master,Part-Time,Remote,Male,2016-06-15,0
12767,36.0,77100.0,30.0,3.0,2,31.8,36.0,3,5.1,10.9,17.6,IT,Mid,High School,Contract,Hybrid,Female,2018-06-07,0
12768,40.0,58100.0,3.4,1.0,4,46.3,12.5,3,7.8,27.7,13.7,Marketing,Mid,Master,Full-Time,Hybrid,Male,2018-05-19,0
12769,32.0,,1.0,5.0,4,49.0,24.9,4,0.0,34.8,6.7,Operations,Mid,High School,Full-Time,Hybrid,Male,2016-04-14,0
12770,34.0,31300.0,3.6,1.0,5,40.3,50.4,3,0.0,14.7,12.9,Sales,Mid,Diploma,Full-Time,Remote,Male,2019-12-13,0
12771,34.0,127700.0,8.4,5.0,4,45.2,27.6,2,0.0,1.5,17.4,Marketing,Junior,Master,Contract,Office,Female,2023-06-05,0
12772,30.0,56200.0,7.5,2.0,5,45.8,36.4,6,10.6,12.4,5.8,Sales,Junior,High School,Full-Time,Office,Male,2016-04-03,0
12773,35.0,79300.0,7.8,4.0,5,48.1,38.7,6,14.1,23.8,13.4,IT,Mid,High School,Full-Time,Remote,Male,2018-11-18,0
12774,24.0,42900.0,6.2,1.0,3,44.1,62.1,2,0.0,9.6,22.9,Operations,Junior,High School,Contract,Hybrid,Male,2021-01-15,0
12775,32.0,67900.0,1.5,3.0,1,46.7,48.2,3,6.9,5.0,8.0,Marketing,Junior,High School,Full-Time,Office,Male,2018-03-15,0
12776,34.0,35600.0,9.9,4.0,4,38.2,45.2,2,9.6,6.0,7.5,Finance,Junior,Bachelor,Full-Time,Remote,Male,2021-07-27,0
12777,34.0,71900.0,11.2,1.0,1,38.9,37.4,4,9.6,18.9,0.0,IT,Junior,Master,Part-Time,Remote,Male,2019-09-01,0
12778,34.0,52000.0,1.1,3.0,1,46.2,22.5,5,20.1,5.5,10.2,Operations,Mid,High School,Full-Time,Remote,Male,2017-05-23,1
12779,36.0,60700.0,0.7,3.0,1,42.9,38.6,2,8.9,4.1,16.6,Marketing,Mid,Bachelor,Contract,Office,Female,2023-07-16,0
12780,40.0,79300.0,18.6,3.0,5,36.1,67.6,3,2.4,5.1,9.4,Finance,Junior,Master,Full-Time,Office,Male,2019-04-09,0
12781,43.0,36600.0,10.1,3.0,1,45.7,42.7,0,12.5,8.3,25.0,Finance,Junior,Bachelor,Full-Time,Hybrid,Male,2015-04-20,1
12782,31.0,45600.0,11.2,1.0,4,37.6,26.7,5,17.5,6.8,29.0,Sales,Junior,Diploma,Full-Time,Hybrid,Female,2023-04-12,0
12783,26.0,72000.0,10.9,2.0,5,57.5,28.7,3,0.2,2.6,21.0,Finance,Mid,Master,Full-Time,Remote,Female,2016-05-01,0
12784,,138900.0,3.9,5.0,4,33.1,56.3,5,11.2,5.9,8.4,HR,Senior,Bachelor,Full-Time,Remote,Female,2015-08-05,0
12785,32.0,56800.0,5.2,5.0,5,44.3,27.0,3,8.2,30.2,13.6,Marketing,Junior,Master,Full-Time,Remote,Female,2020-11-21,0
12786,33.0,76000.0,3.9,5.0,2,38.4,32.0,6,2.3,9.1,9.1,Marketing,Mid,High School,Part-Time,Office,Female,2019-10-19,0
12787,30.0,57500.0,0.3,2.0,2,48.6,17.9,4,4.2,12.3,8.8,Sales,Junior,Diploma,Full-Time,Hybrid,Female,2016-11-10,1
12788,26.0,130500.0,6.8,3.0,2,42.0,30.8,4,17.5,3.0,13.7,Finance,Junior,Diploma,Full-Time,Remote,Female,2019-04-30,0
12789,32.0,29800.0,3.5,3.0,2,49.1,42.1,3,12.6,12.7,6.7,Sales,Mid,Diploma,Full-Time,Office,Female,2024-05-03,1
12790,37.0,62300.0,5.2,4.0,5,47.8,30.6,2,10.6,22.9,2.5,HR,Mid,Bachelor,Full-Time,Office,Male,2019-10-04,0
12791,41.0,31300.0,3.5,5.0,1,38.7,,4,0.0,10.0,5.0,Sales,Junior,Bachelor,Contract,Hybrid,Female,2018-07-30,0
12792,32.0,22000.0,3.4,5.0,3,40.4,17.7,4,12.0,3.4,13.3,Marketing,Junior,Bachelor,Full-Time,Office,Male,2019-04-07,0
12793,33.0,67600.0,0.9,3.0,3,42.3,26.6,7,14.7,12.5,21.5,Operations,Junior,Diploma,Full-Time,Remote,Female,2023-06-27,0
12794,29.0,63400.0,1.6,5.0,2,43.7,67.0,2,0.0,14.1,16.7,Operations,Senior,Master,Full-Time,Office,Male,2022-09-14,0
12795,36.0,53500.0,0.9,3.0,1,43.0,33.0,4,8.1,4.9,11.4,Sales,Mid,Master,Full-Time,Hybrid,Male,2017-08-01,1
12796,29.0,57500.0,1.1,3.0,4,47.6,40.4,4,14.0,16.9,15.8,Marketing,Junior,Bachelor,Full-Time,Remote,Female,2019-04-20,0
12797,41.0,207200.0,18.1,3.0,1,45.2,23.0,6,13.2,11.0,11.7,IT,Senior,Master,Contract,Remote,Female,2024-10-26,0
12798,22.0,54100.0,0.8,1.0,4,40.9,35.8,1,11.8,2.0,17.3,HR,Junior,Bachelor,Full-Time,Hybrid,Female,2018-12-16,0
12799,33.0,73600.0,1.6,1.0,3,39.4,30.9,5,8.3,5.3,15.8,HR,Junior,Master,Full-Time,Remote,Female,2019-10-20,0
12800,38.0,46300.0,4.5,1.0,1,39.9,51.5,4,14.5,6.3,0.0,Marketing,Junior,Master,Part-Time,Remote,Female,2022-10-30,0
12801,37.0,67500.0,4.7,1.0,1,45.6,50.8,2,9.0,7.7,8.8,Operations,Junior,Diploma,Full-Time,Remote,Female,2021-12-27,1
12802,58.0,54500.0,0.8,2.0,3,43.0,52.4,2,11.3,8.0,15.4,IT,Junior,Master,Full-Time,Hybrid,Male,2018-07-01,0
12803,39.0,50900.0,7.9,4.0,1,54.4,36.2,3,10.1,13.9,16.1,Finance,Lead,Diploma,Part-Time,Hybrid,Male,2017-06-19,0
12804,28.0,124200.0,7.7,4.0,4,44.0,65.6,6,1.6,14.2,9.7,Sales,Senior,High School,Contract,Hybrid,Male,2024-01-25,0
12805,35.0,96100.0,1.4,3.0,1,44.9,47.1,2,2.5,24.8,1.3,Finance,Mid,Master,Full-Time,Hybrid,Male,2015-08-29,0
12806,22.0,63400.0,1.7,5.0,4,35.0,13.6,4,0.0,10.1,13.1,IT,Mid,Master,Full-Time,Remote,Female,2015-07-21,0
12807,35.0,23900.0,13.9,1.0,2,37.3,58.1,2,5.7,22.5,4.3,HR,Mid,Diploma,Full-Time,Hybrid,Female,2023-10-12,0
12808,29.0,51900.0,8.7,4.0,1,38.4,34.9,3,12.9,15.4,7.8,Finance,Mid,Diploma,Contract,Remote,Female,2019-02-10,0
12809,43.0,176900.0,6.0,4.0,4,41.3,52.1,4,10.0,18.9,19.0,IT,Senior,Diploma,Full-Time,Office,Male,2024-09-14,0
12810,32.0,54700.0,0.4,1.0,3,36.6,19.2,1,7.8,24.5,9.7,HR,Mid,High School,Full-Time,Hybrid,Female,2016-03-01,0
12811,35.0,93300.0,2.7,2.0,2,38.2,33.9,3,16.2,6.3,8.5,Operations,Junior,High School,Full-Time,Office,Female,2021-07-29,0
12812,31.0,106800.0,4.1,2.0,1,47.3,46.2,4,6.2,7.6,11.4,Finance,Junior,High School,Full-Time,Hybrid,Male,2016-01-02,1
12813,50.0,65500.0,1.0,4.0,4,39.7,38.7,5,11.4,1.8,16.5,Operations,Lead,Diploma,Contract,Hybrid,Female,2024-12-19,0
12814,33.0,42800.0,3.0,2.0,1,43.8,32.8,3,6.0,17.3,10.8,HR,Junior,High School,Full-Time,Remote,Female,2020-11-02,0
12815,51.0,22700.0,4.6,1.0,4,47.0,5.0,2,0.0,16.4,19.3,Marketing,Senior,Master,Full-Time,Office,Female,2023-11-03,1
12816,43.0,78900.0,2.0,4.0,1,48.7,23.9,3,3.5,8.9,7.4,HR,Senior,Master,Full-Time,Office,Male,2015-12-03,0
12817,40.0,43300.0,7.6,1.0,2,45.5,20.3,2,3.3,14.0,6.8,HR,Mid,Diploma,Full-Time,Remote,Male,2018-04-29,0
12818,39.0,64400.0,9.2,2.0,2,45.8,7.1,5,0.0,16.9,14.4,IT,Junior,Bachelor,Full-Time,Remote,Female,2017-07-20,0
12819,39.0,36400.0,2.0,1.0,1,48.9,24.4,6,7.1,8.1,8.5,IT,Mid,Master,Full-Time,Office,Male,2023-03-03,0
12820,21.0,54000.0,9.1,2.0,1,46.1,62.9,2,3.5,10.8,14.4,Sales,Mid,High School,Full-Time,Office,Female,2024-10-10,0
12821,34.0,60800.0,0.5,2.0,5,49.2,52.4,2,17.0,7.9,23.5,IT,Senior,Bachelor,Part-Time,Office,Male,2020-08-30,0
12822,43.0,66800.0,9.1,1.0,1,33.3,22.5,7,6.6,7.5,5.7,Marketing,Senior,Master,Full-Time,Hybrid,Male,2016-10-17,0
12823,36.0,38400.0,0.8,2.0,1,43.6,26.2,5,3.0,5.0,13.6,Marketing,Mid,Master,Contract,Hybrid,Male,2019-09-06,1
12824,25.0,96800.0,0.4,3.0,2,44.3,26.2,5,1.5,3.0,16.6,Operations,Mid,Master,Full-Time,Hybrid,Female,2016-05-06,0
12825,36.0,47300.0,5.1,1.0,1,43.4,46.3,9,1.3,3.3,8.7,HR,Senior,Diploma,Full-Time,Hybrid,Male,2018-03-06,0
12826,50.0,30700.0,3.2,3.0,3,44.6,41.1,4,13.3,7.6,12.1,IT,Lead,Bachelor,Full-Time,Hybrid,Male,2018-06-13,0
12827,46.0,57400.0,11.9,1.0,1,42.0,24.3,3,13.8,3.7,0.5,Sales,Lead,High School,Full-Time,Office,Male,2023-06-02,0
12828,36.0,60800.0,2.3,2.0,5,47.9,26.1,2,0.0,4.1,12.0,IT,Mid,Master,Full-Time,Hybrid,Male,2015-01-23,0
12829,44.0,64000.0,1.7,2.0,4,41.3,51.2,1,21.0,4.5,7.0,Sales,Junior,High School,Contract,Hybrid,Male,2020-12-28,0
12830,33.0,103500.0,3.5,4.0,2,42.9,57.9,3,8.5,6.6,7.1,HR,Junior,Diploma,Full-Time,Remote,Female,2023-07-07,0
12831,22.0,54600.0,3.0,4.0,3,51.2,21.6,3,14.1,17.7,11.0,Operations,Mid,High School,Full-Time,Remote,Female,2023-11-08,1
12832,29.0,57200.0,2.1,3.0,4,50.5,33.2,5,3.2,1.8,9.8,Operations,Senior,Bachelor,Full-Time,Hybrid,Male,2015-08-10,0
12833,49.0,38600.0,5.9,2.0,3,44.8,36.9,4,2.1,8.3,5.8,Marketing,Mid,Bachelor,Full-Time,Office,Female,2022-08-22,0
12834,34.0,83300.0,7.1,4.0,2,40.8,32.2,1,6.5,4.2,19.8,IT,Mid,High School,Part-Time,Office,Male,2024-07-13,0
12835,34.0,64600.0,9.6,2.0,5,35.8,52.0,7,10.3,7.7,12.7,IT,Senior,High School,Full-Time,Hybrid,Female,2020-05-05,0
12836,34.0,50700.0,18.0,1.0,2,43.3,32.7,3,9.3,5.2,14.0,Marketing,Junior,Diploma,Full-Time,Office,Male,2020-08-29,0
12837,51.0,28000.0,1.6,4.0,3,46.5,63.6,7,15.0,7.0,9.2,Marketing,Lead,Bachelor,Full-Time,Office,Male,2024-12-08,0
12838,49.0,106900.0,6.3,3.0,3,40.4,53.0,3,0.0,2.7,11.7,Operations,Mid,Master,Full-Time,Office,Male,2023-09-09,0
12839,54.0,36700.0,2.5,4.0,2,44.0,24.7,6,13.4,10.7,1.6,Operations,Junior,High School,Full-Time,Remote,Male,2020-01-21,0
12840,35.0,47400.0,5.7,2.0,1,42.3,36.0,3,11.1,8.4,6.5,Operations,Senior,Bachelor,Full-Time,Office,Male,2023-01-31,0
12841,38.0,69200.0,3.2,5.0,2,35.4,20.4,6,9.9,8.9,19.5,Finance,Lead,Diploma,Full-Time,Office,Male,2024-09-28,0
12842,24.0,37200.0,25.4,5.0,5,44.6,29.1,4,0.0,15.7,15.1,Finance,Senior,Master,Full-Time,Remote,Male,2018-08-23,0
12843,48.0,33000.0,6.5,2.0,2,46.2,48.1,1,3.2,3.0,9.6,Finance,Senior,Bachelor,Full-Time,Hybrid,Female,2023-07-26,0
12844,27.0,25700.0,15.2,1.0,4,44.8,38.7,2,11.8,3.7,14.0,Marketing,Senior,Diploma,Full-Time,Office,Female,2020-02-15,0
12845,38.0,80100.0,9.0,4.0,1,52.1,66.7,6,0.0,25.6,3.3,Finance,Mid,Master,Full-Time,Remote,Female,2020-05-18,0
12846,27.0,48200.0,11.7,5.0,4,42.4,16.7,2,0.0,11.7,10.0,IT,Senior,Bachelor,Full-Time,Office,Male,2022-06-18,0
12847,31.0,193500.0,8.4,1.0,2,42.0,34.5,3,10.8,2.1,12.0,Marketing,Junior,Diploma,Full-Time,Hybrid,Male,2018-03-09,0
12848,29.0,40300.0,3.1,2.0,1,54.8,27.4,1,11.4,7.1,15.9,IT,Junior,High School,Full-Time,Hybrid,Female,2024-09-15,1
12849,31.0,41500.0,1.5,1.0,4,37.8,30.3,5,3.5,16.9,8.0,Marketing,Mid,High School,Contract,Office,Female,2020-12-04,0
12850,32.0,47900.0,2.3,2.0,4,40.9,35.6,9,3.5,34.4,12.2,HR,Senior,Diploma,Contract,Hybrid,Female,2018-03-07,0
12851,32.0,66100.0,0.2,4.0,1,45.8,24.8,2,13.7,23.8,10.8,IT,Mid,Master,Full-Time,Hybrid,Male,2015-11-17,0
12852,43.0,49700.0,3.7,1.0,1,49.6,49.4,1,13.3,5.8,13.9,Marketing,Mid,Bachelor,Contract,Hybrid,Female,2021-05-04,1
12853,27.0,76700.0,3.5,4.0,3,48.7,61.3,5,6.0,7.3,13.2,Sales,Lead,Master,Contract,Remote,Male,2016-03-11,0
12854,38.0,40600.0,3.7,1.0,1,38.8,5.0,1,0.6,2.2,11.8,Marketing,Mid,Bachelor,Full-Time,Office,Female,2022-09-14,0
12855,46.0,34500.0,18.3,2.0,2,52.1,55.9,4,16.9,8.6,13.7,HR,Lead,Bachelor,Contract,Office,Female,2017-12-10,0
12856,32.0,29200.0,12.1,2.0,5,46.3,72.8,7,0.3,9.2,9.0,Marketing,Senior,Master,Full-Time,Remote,Female,2017-09-08,0
12857,30.0,24700.0,0.9,1.0,3,39.9,37.8,2,12.1,15.1,9.4,HR,Mid,High School,Full-Time,Hybrid,Female,2021-06-25,0
12858,34.0,48800.0,2.3,2.0,1,40.3,25.8,1,15.2,1.7,4.2,Finance,Junior,High School,Contract,Hybrid,Male,2019-06-17,0
12859,45.0,53200.0,2.8,3.0,5,44.4,26.4,5,8.0,4.2,15.5,IT,Junior,Bachelor,Full-Time,Office,Female,2024-11-11,0
12860,38.0,46600.0,2.2,3.0,3,54.8,30.4,4,4.5,6.8,11.3,HR,Mid,High School,Full-Time,Hybrid,Male,2017-01-01,1
12861,32.0,98700.0,8.0,4.0,2,45.1,41.5,5,0.0,14.8,6.6,Sales,Senior,High School,Contract,Hybrid,Male,2019-10-15,0
12862,40.0,98100.0,3.7,3.0,5,54.7,28.6,6,8.4,6.0,8.1,IT,Mid,High School,Full-Time,Office,Male,2018-09-23,0
12863,27.0,52500.0,4.2,3.0,1,48.4,33.8,7,0.0,41.7,20.3,Marketing,Senior,Master,Full-Time,Office,Male,2017-01-14,1
12864,41.0,29300.0,9.6,5.0,1,37.7,20.7,6,9.8,3.8,10.7,Marketing,Senior,Diploma,Full-Time,Hybrid,Male,2020-09-02,0
12865,39.0,47800.0,8.2,5.0,2,51.0,28.1,6,0.0,5.7,14.1,HR,Mid,Diploma,Full-Time,Office,Female,2024-03-07,0
12866,34.0,47200.0,0.7,5.0,3,39.3,28.8,3,0.0,3.7,9.4,Sales,Senior,High School,Part-Time,Hybrid,Female,2017-11-25,0
12867,29.0,46100.0,6.3,5.0,5,40.9,34.5,4,8.8,6.9,6.3,HR,Mid,High School,Contract,Hybrid,Female,2017-05-24,0
12868,29.0,45400.0,2.9,2.0,2,45.4,13.2,4,13.0,11.2,12.2,Sales,Junior,Master,Full-Time,Office,Female,2017-04-03,1
12869,40.0,46200.0,1.7,4.0,3,43.9,30.1,1,6.3,9.1,17.5,Operations,Junior,High School,Full-Time,Hybrid,Male,2016-12-20,0
12870,46.0,51400.0,0.3,4.0,4,48.5,31.8,2,14.3,4.4,19.4,HR,Junior,Bachelor,Full-Time,Office,Female,2022-11-13,0
12871,31.0,46500.0,3.3,3.0,4,46.5,37.8,1,4.6,18.8,18.8,Finance,Senior,Diploma,Full-Time,Remote,Female,2024-10-11,0
12872,40.0,65200.0,2.2,4.0,3,43.4,56.0,2,21.1,21.0,15.3,Finance,Mid,Bachelor,Full-Time,Remote,Female,2022-02-04,0
12873,21.0,69300.0,1.4,3.0,1,52.5,33.5,3,0.0,4.9,14.8,Finance,Mid,Master,Full-Time,Hybrid,Male,2021-04-24,0
12874,31.0,41700.0,5.9,4.0,1,41.6,16.7,4,3.7,60.0,7.4,HR,Senior,High School,Full-Time,Office,Female,2018-09-23,0
12875,36.0,99800.0,7.3,1.0,4,39.0,37.0,0,16.1,3.7,12.4,IT,Senior,Master,Contract,Remote,Male,2021-02-02,0
12876,29.0,40500.0,1.4,1.0,1,46.3,24.4,4,6.5,8.2,17.0,Marketing,Mid,Master,Contract,Remote,Male,2024-10-08,0
12877,29.0,31400.0,0.3,4.0,1,43.9,24.0,3,13.7,8.2,19.2,IT,Senior,High School,Full-Time,Hybrid,Female,2018-12-24,0
12878,31.0,69900.0,9.4,2.0,3,45.2,30.6,3,0.1,3.6,11.7,Marketing,Mid,Bachelor,Full-Time,Hybrid,Male,2019-02-25,0
12879,38.0,43300.0,0.2,3.0,3,47.7,27.2,4,2.3,9.2,9.9,Sales,Senior,Master,Full-Time,Office,Female,2022-03-27,0
12880,35.0,68200.0,13.8,4.0,1,43.1,19.0,4,11.6,7.4,7.4,Finance,Senior,High School,Contract,Office,Female,2023-01-16,0
12881,21.0,22900.0,4.9,3.0,3,53.3,27.7,4,0.0,10.7,12.0,Finance,Junior,Diploma,Contract,Hybrid,Female,2020-01-21,0
12882,21.0,104700.0,1.9,5.0,5,45.3,41.8,2,0.7,8.0,17.9,Marketing,Mid,Diploma,Full-Time,Hybrid,Male,2019-11-01,0
12883,31.0,78500.0,1.4,4.0,4,41.7,35.6,1,7.3,14.0,9.6,Finance,Senior,High School,Full-Time,Office,Female,2015-09-25,0
12884,40.0,32900.0,0.2,2.0,5,46.9,20.1,3,15.9,12.2,15.3,IT,Senior,Diploma,Full-Time,Office,Female,2016-12-17,0
12885,21.0,33200.0,1.3,5.0,5,43.6,22.1,3,10.2,4.0,17.8,HR,Junior,Master,Full-Time,Hybrid,Female,2016-03-22,0
12886,32.0,117100.0,0.7,4.0,1,44.6,36.8,3,6.8,6.5,10.0,Finance,Junior,High School,Contract,Hybrid,Female,2022-06-15,0
12887,32.0,44700.0,4.7,1.0,1,38.5,20.2,0,9.0,4.5,11.1,Operations,Mid,High School,Full-Time,Hybrid,Female,2015-08-28,0
12888,47.0,43000.0,0.9,4.0,5,39.0,21.5,6,0.0,25.7,18.4,Finance,Junior,Master,Full-Time,Hybrid,Female,2015-04-27,0
12889,33.0,24200.0,3.8,1.0,5,49.3,26.4,3,4.5,15.6,13.9,Operations,Junior,Master,Full-Time,Hybrid,Male,2024-07-09,1
12890,39.0,52100.0,4.5,1.0,2,37.8,20.4,1,10.6,10.1,20.2,Sales,Junior,High School,Full-Time,Office,Male,2021-05-02,0
12891,37.0,54800.0,1.8,4.0,2,43.4,36.5,6,9.4,11.6,12.3,HR,Junior,Diploma,Full-Time,Hybrid,Male,2024-03-31,0
12892,21.0,79900.0,0.2,4.0,4,45.6,30.4,7,11.7,7.4,17.9,Marketing,Mid,Bachelor,Full-Time,Office,Female,2024-07-22,1
12893,42.0,34300.0,0.2,1.0,5,51.1,56.1,5,12.2,8.9,6.3,HR,Senior,Diploma,Full-Time,Hybrid,Male,2020-07-21,0
12894,38.0,32700.0,0.2,3.0,3,41.6,17.6,3,9.4,4.7,15.9,HR,Junior,Diploma,Part-Time,Office,Female,2016-10-17,0
12895,40.0,71900.0,6.7,5.0,2,47.8,52.3,2,0.0,5.0,10.1,Marketing,Mid,Bachelor,Full-Time,Office,Male,2022-10-22,0
12896,60.0,89800.0,1.9,2.0,1,43.4,38.6,4,10.0,12.3,5.6,HR,Mid,Master,Full-Time,Hybrid,Male,2020-08-01,1
12897,21.0,32000.0,8.0,4.0,5,33.1,57.4,2,5.1,3.8,9.7,Sales,Senior,Diploma,Part-Time,Hybrid,Male,2024-12-23,0
12898,50.0,92500.0,2.8,5.0,3,44.2,55.3,5,5.7,4.9,11.3,,Mid,High School,Full-Time,Hybrid,Female,2016-08-09,0
12899,34.0,60900.0,3.0,5.0,3,43.7,28.6,3,5.8,6.8,14.9,IT,Junior,Diploma,Full-Time,Office,Male,2023-06-16,0
12900,38.0,92900.0,3.6,3.0,3,46.1,13.9,5,9.8,2.8,11.5,HR,Senior,Master,Contract,Hybrid,Male,2020-02-24,0
12901,36.0,58300.0,6.2,5.0,1,40.8,32.8,3,0.0,16.1,2.6,IT,Senior,High School,Contract,Office,Female,2020-08-21,0
12902,33.0,21900.0,1.6,4.0,2,41.3,5.4,6,0.0,12.7,10.4,Sales,Mid,Master,Part-Time,Hybrid,Female,2022-01-06,0
12903,31.0,56500.0,0.6,5.0,3,50.0,44.9,3,0.6,10.8,12.0,Sales,Junior,High School,Full-Time,Office,Male,2023-01-09,0
12904,39.0,91700.0,4.1,4.0,2,42.3,37.3,6,13.5,6.1,15.3,HR,Junior,Master,Contract,Hybrid,Female,2022-03-17,0
12905,24.0,42000.0,2.0,4.0,4,34.4,26.0,5,5.4,18.2,16.7,Finance,Junior,Diploma,Contract,Remote,Male,2020-10-31,0
12906,42.0,51400.0,2.9,1.0,1,46.5,28.3,4,11.0,10.7,8.5,HR,Junior,Master,Full-Time,Remote,Male,2016-01-18,1
12907,33.0,55900.0,5.2,3.0,2,48.3,19.7,3,10.9,16.0,8.4,IT,Junior,Bachelor,Full-Time,Remote,Female,2022-04-27,0
12908,27.0,20000.0,3.4,2.0,2,48.3,34.5,6,10.4,16.6,8.0,Sales,Junior,Diploma,Full-Time,Office,Male,2015-03-25,1
12909,32.0,117100.0,4.8,1.0,3,40.9,20.1,4,11.2,5.7,7.1,IT,Mid,Master,Full-Time,Hybrid,Female,2017-09-10,0
12910,46.0,41800.0,3.9,2.0,3,44.0,34.4,5,4.9,4.3,3.9,IT,Senior,Diploma,Part-Time,Office,Male,2016-05-27,0
12911,32.0,73500.0,6.7,4.0,1,46.7,40.3,4,12.0,4.0,14.4,Marketing,Senior,Master,Full-Time,Office,Male,2019-05-08,0
12912,39.0,58000.0,6.1,1.0,2,48.8,44.8,4,10.3,8.3,25.1,Sales,Junior,Master,Full-Time,Office,Female,2024-10-20,1
12913,30.0,99200.0,3.8,5.0,5,46.5,41.7,2,0.0,1.2,16.3,Sales,Lead,Diploma,Full-Time,Hybrid,Male,2021-01-28,0
12914,42.0,70600.0,5.7,5.0,3,47.9,30.5,8,8.4,3.8,16.9,IT,Senior,High School,Full-Time,Hybrid,Male,2016-05-05,0
12915,41.0,54600.0,10.3,2.0,3,40.3,41.7,5,7.1,4.9,14.3,Operations,Junior,High School,Full-Time,Remote,Female,2015-09-23,0
12916,51.0,42000.0,2.8,4.0,4,32.5,37.0,1,10.8,5.2,5.3,Sales,Junior,Master,Full-Time,Hybrid,Female,2024-08-31,0
12917,35.0,82600.0,2.7,2.0,1,49.3,36.9,5,8.2,12.1,10.5,Operations,Junior,Bachelor,Full-Time,Hybrid,Female,2023-06-07,1
12918,41.0,28400.0,7.2,3.0,2,39.3,19.6,3,6.6,2.9,15.5,Operations,Senior,Bachelor,Full-Time,Hybrid,Male,2021-01-01,0
12919,37.0,77700.0,4.4,5.0,2,43.1,16.3,2,17.3,2.4,5.6,HR,Junior,Master,Full-Time,Remote,Female,2019-09-30,0
12920,46.0,38700.0,0.4,1.0,2,48.0,38.9,8,11.6,2.5,9.6,Marketing,Junior,Master,Full-Time,Remote,Female,2019-11-22,0
12921,30.0,99000.0,11.1,1.0,3,44.1,42.3,3,8.2,11.6,5.5,HR,Mid,Diploma,Full-Time,Hybrid,Female,2023-10-12,0
12922,42.0,64000.0,0.2,1.0,1,47.5,25.7,6,1.3,5.3,9.5,Finance,Senior,Bachelor,Full-Time,Office,Female,2016-09-28,0
12923,34.0,77600.0,6.9,5.0,2,56.3,52.6,6,8.7,5.2,21.9,Finance,Mid,Diploma,Full-Time,Office,Female,2022-11-18,1
12924,35.0,62000.0,7.1,4.0,5,46.8,68.2,3,2.9,27.1,20.1,Operations,Mid,High School,Full-Time,Hybrid,Male,2022-12-20,0
12925,37.0,29800.0,15.3,5.0,4,40.4,61.3,6,0.0,10.9,12.8,IT,Junior,Diploma,Contract,Office,Male,2018-12-15,0
12926,38.0,42500.0,0.3,5.0,4,36.8,31.0,2,5.6,4.8,19.8,Operations,Mid,Master,Full-Time,Hybrid,Male,2020-10-16,0
12927,35.0,78500.0,4.5,1.0,2,47.4,28.5,2,5.9,3.0,15.4,Finance,Mid,Diploma,Full-Time,Hybrid,Male,2024-12-26,0
12928,38.0,64100.0,2.8,5.0,3,44.4,46.8,5,14.2,29.9,10.7,HR,Mid,Diploma,Full-Time,Hybrid,Male,2018-07-01,0
12929,49.0,96200.0,2.0,1.0,4,37.1,45.2,1,13.8,9.5,5.8,Finance,Mid,Diploma,Full-Time,Hybrid,Male,2022-09-23,0
12930,44.0,70500.0,0.5,4.0,4,49.9,18.3,6,12.0,5.9,10.3,IT,Junior,Master,Full-Time,Hybrid,Female,2021-09-13,0
12931,43.0,40800.0,4.1,3.0,4,47.6,31.4,1,7.5,9.2,10.6,Sales,Junior,Master,Full-Time,Hybrid,Male,2018-10-11,0
12932,32.0,43600.0,3.3,1.0,4,43.9,44.9,4,7.6,6.0,10.0,Marketing,Junior,Bachelor,Full-Time,Office,Female,2019-10-29,0
12933,29.0,62500.0,0.6,2.0,2,54.9,21.6,3,11.3,11.4,11.4,IT,Junior,Diploma,Contract,Hybrid,Female,2017-02-20,1
12934,44.0,23800.0,4.7,3.0,1,49.1,23.8,2,11.9,2.4,6.8,IT,Junior,High School,Full-Time,Hybrid,Female,2015-09-07,0
12935,43.0,117200.0,6.7,4.0,1,39.0,26.1,2,10.1,6.0,5.5,IT,Junior,Diploma,Full-Time,Remote,Female,2023-11-10,0
12936,48.0,71600.0,7.3,3.0,3,49.9,29.0,5,11.1,3.8,5.2,HR,Mid,High School,Contract,Hybrid,Male,2017-06-03,0
12937,31.0,98000.0,11.8,1.0,5,45.3,11.5,7,7.6,7.6,14.2,Sales,Junior,Bachelor,Part-Time,Hybrid,Male,2018-07-14,0
12938,34.0,31900.0,2.6,4.0,1,53.5,45.4,2,6.3,4.1,7.2,IT,Senior,Diploma,Full-Time,Hybrid,Male,2016-01-19,0
12939,23.0,98700.0,15.3,2.0,5,48.7,24.0,3,0.0,5.3,13.1,Sales,Senior,High School,Full-Time,Office,Male,2024-06-18,0
12940,33.0,146500.0,10.0,1.0,1,46.4,38.0,4,6.0,5.4,12.2,Operations,Mid,Diploma,Full-Time,Hybrid,Female,2018-07-12,1
12941,44.0,35400.0,1.8,1.0,1,46.1,36.4,3,3.7,9.6,13.7,IT,Mid,,Part-Time,Office,Male,2016-06-20,0
12942,32.0,81700.0,0.9,4.0,3,38.1,19.8,3,8.6,6.1,10.3,HR,Lead,Bachelor,Full-Time,Office,Female,2019-06-28,0
12943,41.0,60000.0,2.9,4.0,4,41.4,8.5,6,3.9,3.9,6.5,IT,Mid,High School,Full-Time,Office,Male,2022-10-01,0
12944,34.0,32300.0,2.6,3.0,3,45.0,36.3,6,8.8,10.7,20.7,Operations,Senior,High School,Full-Time,Hybrid,Female,2019-11-24,0
12945,39.0,73100.0,4.3,2.0,1,37.1,28.5,8,0.0,34.4,8.5,Finance,Senior,Master,Contract,Remote,Male,2022-03-02,0
12946,27.0,83700.0,4.4,3.0,4,46.3,41.8,4,2.2,6.2,21.7,HR,Lead,High School,Contract,Hybrid,Male,2020-09-02,0
12947,37.0,47200.0,6.9,3.0,4,40.3,47.2,2,3.7,19.9,5.3,IT,Mid,Diploma,Full-Time,Office,Female,2024-06-05,0
12948,21.0,95700.0,3.6,1.0,4,42.0,5.0,1,1.7,2.7,6.9,IT,Junior,Bachelor,Full-Time,Office,Male,2023-04-03,0
12949,35.0,30800.0,0.6,4.0,5,47.6,31.5,3,26.7,4.7,3.0,IT,Junior,Master,Part-Time,Hybrid,Male,2023-10-04,0
12950,23.0,33000.0,9.8,1.0,1,41.2,50.6,6,0.0,19.8,12.4,Finance,Mid,Master,Full-Time,Office,Male,2018-04-12,0
12951,46.0,63400.0,1.9,2.0,2,46.3,56.6,1,12.1,9.3,15.3,Finance,Mid,Diploma,Part-Time,Office,Female,2020-08-27,0
12952,42.0,60600.0,17.8,3.0,3,44.7,7.5,3,14.0,4.8,4.6,IT,Junior,Bachelor,Contract,Hybrid,Male,2019-01-14,0
12953,40.0,45000.0,0.6,2.0,5,38.7,52.3,3,5.4,14.4,12.1,Finance,Junior,Master,Part-Time,Office,Female,2017-12-22,0
12954,48.0,82900.0,15.9,4.0,3,48.4,19.9,4,10.0,3.9,9.9,IT,Senior,Bachelor,Full-Time,Office,Female,2019-07-05,0
12955,28.0,74200.0,0.5,4.0,2,48.7,45.6,2,11.7,8.4,1.6,Finance,Mid,High School,Full-Time,Hybrid,Male,2018-03-21,0
12956,50.0,84600.0,1.3,5.0,4,48.9,26.8,9,8.8,15.4,11.5,Sales,Mid,Master,Full-Time,Hybrid,Male,2020-02-19,0
12957,,57100.0,0.2,2.0,2,53.5,46.2,3,0.0,10.3,16.6,Operations,Senior,Master,Full-Time,Hybrid,Female,2016-04-18,1
12958,34.0,76400.0,6.1,1.0,3,41.9,29.6,1,10.4,46.3,19.3,IT,Mid,Bachelor,Full-Time,Office,Male,2019-03-11,0
12959,45.0,50200.0,9.5,2.0,2,34.3,13.4,5,13.8,5.4,3.7,Operations,Junior,Master,Full-Time,Office,Female,2020-08-05,0
12960,27.0,136400.0,2.8,3.0,1,40.7,26.3,1,20.4,13.0,17.1,IT,Senior,High School,Full-Time,Office,Female,2022-08-29,0
12961,29.0,43400.0,13.2,4.0,2,48.8,43.1,6,0.0,14.8,16.0,Marketing,Junior,Master,Contract,Office,Female,2020-01-09,0
12962,31.0,139300.0,4.5,4.0,1,43.6,28.7,4,7.0,6.9,10.1,Marketing,Senior,Diploma,Full-Time,Office,Female,2023-06-07,0
12963,32.0,60800.0,5.0,2.0,2,37.0,18.9,4,7.8,4.2,3.4,HR,Senior,Master,Full-Time,Office,Male,2015-08-12,0
12964,28.0,34600.0,9.3,2.0,1,35.6,15.9,3,7.4,18.0,13.7,Sales,Mid,Diploma,Full-Time,Hybrid,Male,2021-02-25,0
12965,46.0,103700.0,1.8,2.0,1,51.1,22.9,1,0.0,5.6,3.5,Sales,Mid,Master,Full-Time,Hybrid,Male,2015-05-13,1
12966,34.0,63100.0,2.2,3.0,2,47.0,22.7,2,14.6,12.6,13.6,HR,Mid,Master,Contract,Office,Male,2022-12-05,0
12967,39.0,84300.0,11.8,3.0,5,41.5,43.6,6,14.0,10.8,9.1,Marketing,Senior,Master,Contract,Office,Female,2022-01-30,0
12968,31.0,97900.0,11.6,1.0,4,53.4,29.1,5,10.3,8.7,7.7,HR,Junior,Bachelor,Full-Time,Hybrid,Male,2016-01-17,1
12969,21.0,68700.0,18.8,2.0,4,57.2,30.5,2,5.4,20.6,13.4,Marketing,Mid,Master,Full-Time,Hybrid,Female,2023-12-07,1
12970,38.0,47300.0,11.6,1.0,4,49.2,32.3,4,6.7,10.1,23.5,IT,Junior,Master,Full-Time,Office,Male,2015-08-19,0
12971,21.0,88600.0,0.7,5.0,1,47.8,43.1,4,6.3,12.4,19.3,Operations,Lead,High School,Full-Time,Office,Male,2016-12-05,0
12972,35.0,60000.0,8.7,3.0,4,46.6,44.6,7,0.0,10.6,12.0,HR,Lead,High School,Full-Time,Hybrid,Female,2022-03-07,0
12973,25.0,78900.0,2.6,4.0,1,48.3,27.1,7,12.2,8.4,13.5,Finance,Senior,Diploma,Full-Time,Office,Male,2017-06-19,0
12974,52.0,25400.0,23.4,5.0,5,53.8,31.0,1,8.1,6.1,11.5,Operations,Mid,Bachelor,Contract,Hybrid,Male,2018-09-08,0
12975,43.0,71700.0,3.2,4.0,2,39.1,44.6,3,12.1,7.9,10.5,Marketing,Junior,High School,Full-Time,Hybrid,Female,2020-07-21,0
12976,37.0,46500.0,4.0,5.0,2,42.3,24.6,1,9.6,12.3,20.0,IT,Mid,High School,Full-Time,Hybrid,Female,2015-02-21,0
12977,46.0,116200.0,3.8,1.0,1,43.8,26.8,3,2.0,11.1,13.4,Finance,Senior,Bachelor,Contract,Office,Female,2021-07-12,0
12978,29.0,77000.0,1.9,1.0,1,46.9,44.6,0,2.4,12.2,14.6,Finance,Mid,Diploma,Full-Time,Remote,Female,2017-09-19,1
12979,40.0,66000.0,0.4,3.0,5,51.8,26.4,3,15.9,60.0,14.0,Sales,Mid,Master,Part-Time,Remote,Female,2016-08-17,0
12980,38.0,72900.0,11.3,4.0,4,46.1,38.7,2,11.4,5.6,11.7,Marketing,Senior,Master,Full-Time,Office,Female,2020-04-07,0
12981,38.0,40200.0,8.1,5.0,5,47.1,11.3,6,5.7,2.6,6.8,IT,Mid,Master,Full-Time,Office,Female,2015-11-29,0
12982,46.0,114900.0,0.8,2.0,2,47.4,43.8,8,11.4,6.0,7.7,Marketing,Senior,High School,Full-Time,Hybrid,Female,2018-12-29,0
12983,42.0,133100.0,7.5,2.0,2,44.1,32.0,3,2.8,6.2,13.6,IT,Mid,High School,Contract,Hybrid,Female,2019-11-13,0
12984,38.0,70200.0,4.9,3.0,4,41.9,41.1,1,14.5,10.9,15.0,Operations,Junior,Bachelor,Full-Time,Hybrid,Female,2016-11-13,0
12985,23.0,113400.0,2.6,4.0,2,44.4,51.8,5,0.0,6.7,6.0,Marketing,Senior,Bachelor,Full-Time,Remote,Female,2022-07-05,0
12986,28.0,47800.0,1.5,2.0,1,40.7,30.0,2,9.2,13.4,8.5,Operations,Senior,Master,Full-Time,Office,Male,2016-04-18,0
12987,35.0,43600.0,9.8,3.0,2,40.8,12.0,7,7.2,4.7,9.3,,Mid,Master,Full-Time,Hybrid,Male,2022-10-27,0
12988,37.0,61000.0,6.0,3.0,3,45.8,29.6,6,8.1,12.0,7.3,Sales,Mid,Master,Full-Time,Office,Female,2019-03-11,0
12989,27.0,71400.0,4.0,4.0,4,41.6,53.2,5,11.9,2.9,1.7,Operations,Senior,High School,Full-Time,Office,Male,2022-10-21,0
12990,55.0,51300.0,4.7,2.0,4,53.2,37.5,3,14.0,8.0,5.4,HR,Senior,Master,Full-Time,Office,Female,2016-12-20,1
12991,48.0,74400.0,0.5,2.0,4,44.7,19.0,2,5.5,4.5,11.8,Marketing,Lead,High School,Full-Time,Hybrid,Female,2017-04-04,0
12992,41.0,67800.0,3.2,2.0,3,50.8,32.1,6,0.0,6.2,14.8,Finance,Mid,Master,Full-Time,Hybrid,Female,2018-12-02,0
12993,37.0,40200.0,1.1,1.0,5,37.8,42.3,2,0.0,1.9,8.6,HR,Mid,Bachelor,Full-Time,Office,Male,2020-01-19,0
12994,34.0,73800.0,1.2,2.0,1,37.9,33.1,3,5.7,14.6,14.3,Operations,Senior,Bachelor,Full-Time,Hybrid,Female,2022-10-16,0
12995,28.0,84800.0,5.4,5.0,4,43.4,32.7,5,8.2,6.1,12.5,HR,Mid,High School,Full-Time,Hybrid,Male,2016-01-14,0
12996,37.0,64300.0,12.1,1.0,2,48.7,24.3,2,10.3,7.4,15.5,HR,Mid,Master,Full-Time,Office,Female,2017-02-02,0
12997,38.0,95100.0,2.6,1.0,1,41.5,25.5,5,9.1,10.7,20.2,Operations,Mid,Master,Full-Time,Office,Male,2020-07-30,0
12998,26.0,36900.0,1.2,1.0,2,43.5,38.3,5,13.3,4.8,7.6,Finance,Mid,Bachelor,Full-Time,Office,Male,2022-07-31,1
12999,39.0,72400.0,5.2,1.0,1,49.0,42.4,7,18.8,5.7,9.6,Operations,Junior,High School,Contract,Hybrid,Female,2021-03-02,1
13000,35.0,37600.0,10.2,3.0,1,42.1,32.4,4,8.6,2.3,5.8,IT,Junior,Bachelor,Full-Time,Hybrid,Male,2015-12-24,0
