Employee_ID,Age,Experience_Years,Department,Job_Level,Education_Level,Work_Mode,Employment_Type,Monthly_Income,Previous_Salary,Current_Salary,Bonus,Quantity,Unit_Price,Total_Spending,Number_of_Orders,Working_Hours,Training_Hours,Projects_Completed,Performance_Score
EMP00001,59,19,Sales,Mid,PhD,Remote,Part-Time,76010.71,59260.1,75400.43,7759.69,17,6942.57,180460.62,47,30.4,36,16,51.1
EMP00002,49,18,IT,Mid,High School,Hybrid,Part-Time,81753.49,77560.6,84476.3,6007.65,9,9855.74,199817.43,19,46.6,1,7,61.0
EMP00003,35,15,HR,Mid,High School,Hybrid,Full-Time,63901.31,56159.96,72561.7,3003.62,13,4626.76,79001.38,11,38.1,4,9,54.8
EMP00004,28,8,Marketing,Senior,PhD,Hybrid,Part-Time,61544.12,53143.27,65439.27,4456.54,15,9029.76,51692.67,39,41.8,1,2,49.4
EMP00005,41,17,Engineering,Mid,PhD,Hybrid,Full-Time,97848.76,83470.47,110606.9,12174.01,16,2448.3,37592.99,1,43.7,0,3,62.3
EMP00006,59,27,Sales,Senior,Diploma,Remote,Part-Time,153126.14,115569.03,173094.38,25828.48,13,1620.09,103522.23,35,40.2,47,1,66.5
EMP00007,39,19,Finance,Mid,Diploma,Remote,Contract,102413.97,96056.91,116632.05,8749.76,2,7173.94,121610.07,19,49.4,21,6,63.3
EMP00008,43,23,Sales,Mid,High School,Office,Contract,81701.3,71799.01,92247.17,6750.35,2,4028.38,95012.12,33,53.3,40,15,83.5
EMP00009,31,11,Operations,Junior,Bachelor,Remote,Part-Time,59608.34,45798.6,56667.04,6213.58,11,3518.03,78063.15,32,32.2,24,5,60.8
EMP00010,31,10,Finance,Senior,Diploma,Remote,Full-Time,59742.53,45057.24,67915.49,8126.18,16,6877.17,34486.24,36,50.0,45,13,80.3
EMP00011,44,4,Marketing,Senior,Diploma,Remote,Part-Time,50791.42,38609.44,49648.2,7887.45,17,3668.1,88930.07,24,33.2,93,8,70.0
EMP00012,56,7,HR,Manager,Bachelor,Office,Full-Time,56953.33,49656.42,54560.45,4489.28,3,5939.3,17963.38,43,32.0,8,13,56.5
EMP00013,60,33,IT,Junior,Bachelor,Remote,Part-Time,167381.81,146091.36,160866.93,21013.69,1,3344.82,173144.5,7,53.9,60,19,98.1
EMP00014,44,11,Sales,Senior,PhD,Remote,Contract,60641.16,51540.95,61840.84,5462.86,18,7945.7,10333.63,7,42.2,100,9,71.7
EMP00015,23,0,Finance,Junior,Diploma,Remote,Contract,15000.0,12170.3,16112.41,2234.28,14,3467.69,76748.57,46,33.8,46,3,68.9
EMP00016,42,22,Marketing,Junior,Master,Hybrid,Part-Time,124831.15,106898.97,128633.79,6196.8,9,5582.44,20927.44,47,44.2,73,14,74.8
EMP00017,22,2,IT,Junior,Master,Remote,Part-Time,48894.46,41719.71,46699.63,3239.09,9,720.17,155221.12,5,36.6,78,7,64.0
EMP00018,44,4,Engineering,Entry,High School,Office,Part-Time,51201.27,38599.77,53520.51,4950.7,12,8021.44,63234.66,14,41.6,2,13,64.3
EMP00019,50,29,Marketing,Senior,Diploma,Office,Contract,173040.33,139555.96,179689.6,31163.64,3,6393.21,23508.02,45,45.6,7,9,70.2
EMP00020,58,23,HR,Junior,Master,Office,Contract,127828.6,97231.17,140786.57,15748.31,2,2326.25,106766.77,26,51.7,24,11,80.0
EMP00021,22,2,IT,Entry,Diploma,Office,Full-Time,32659.78,30374.6,32853.21,6328.53,1,2546.05,183339.12,50,30.1,35,9,73.6
EMP00022,41,10,IT,Entry,Diploma,Hybrid,Part-Time,58355.64,52230.9,57976.69,2251.94,9,2993.68,181820.33,1,35.4,42,11,50.0
EMP00023,53,3,Engineering,Mid,Master,Office,Part-Time,48951.12,46465.53,49009.27,5033.72,13,5977.04,50680.56,13,32.4,49,14,70.9
EMP00024,32,12,IT,Mid,Diploma,Hybrid,Contract,60448.68,48989.68,61098.38,5768.87,16,5709.01,144212.28,23,32.4,62,15,65.2
EMP00025,42,22,Finance,Senior,Bachelor,Hybrid,Part-Time,137734.01,127499.99,147352.39,17635.07,19,3101.71,7026.55,20,53.6,84,17,61.5
EMP00026,45,25,IT,Mid,High School,Hybrid,Full-Time,123972.98,107932.22,129465.61,20598.56,10,7093.59,27238.51,7,53.4,33,1,69.5
EMP00027,47,5,Marketing,Senior,PhD,Office,Part-Time,56976.67,47896.02,57966.86,9769.26,5,8945.89,100395.0,6,48.7,90,3,65.4
EMP00028,48,14,Finance,Entry,Master,Office,Contract,72172.55,57342.14,73966.96,10149.99,14,913.4,46522.53,9,46.1,72,3,69.6
EMP00029,36,16,IT,Entry,PhD,Hybrid,Part-Time,66615.69,59799.47,68226.78,9024.86,15,4463.37,159854.11,28,51.2,9,3,63.4
EMP00030,35,15,Marketing,Senior,High School,Hybrid,Contract,65154.22,60647.38,74567.79,12433.07,3,6138.44,186283.36,10,31.5,26,4,68.5
EMP00031,23,3,Marketing,Mid,Bachelor,Office,Full-Time,41756.99,33282.9,41614.99,3719.03,9,6071.13,1862.33,35,33.0,88,17,66.2
EMP00032,57,5,Sales,Mid,Bachelor,Remote,Full-Time,36749.49,28851.22,40924.68,6243.77,1,685.59,47350.25,7,37.9,12,20,69.3
EMP00033,27,3,Marketing,Senior,Bachelor,Remote,Part-Time,33615.38,29892.29,36695.97,6248.11,1,2500.38,88471.12,25,50.8,50,4,63.2
EMP00034,41,17,Engineering,Manager,Bachelor,Remote,Part-Time,68650.95,64902.24,65294.88,7447.05,19,1087.39,113052.78,30,41.8,67,13,82.4
EMP00035,29,8,Operations,Mid,Master,Office,Contract,77055.9,69349.62,88509.12,11653.82,6,5905.17,183264.65,43,42.6,15,7,60.4
EMP00036,59,28,HR,Junior,Master,Office,Full-Time,129694.81,104652.84,142831.32,11395.45,11,6631.2,178484.81,26,35.7,11,4,66.2
EMP00037,38,12,IT,Mid,Diploma,Hybrid,Full-Time,74473.88,62110.55,80915.12,3619.3,18,2017.55,127796.85,44,46.2,24,8,63.1
EMP00038,24,4,Engineering,Manager,Diploma,Office,Full-Time,36681.4,30330.51,37820.91,4606.11,14,3663.61,52220.21,12,52.2,48,11,55.2
EMP00039,45,25,IT,Entry,High School,Office,Full-Time,96436.91,88762.37,102323.48,5339.22,16,3633.14,156874.27,13,38.2,15,19,82.4
EMP00040,34,14,IT,Entry,Diploma,Office,Part-Time,68685.72,62110.72,68730.65,7031.21,1,8288.12,41327.7,40,45.5,1,7,51.8
EMP00041,29,3,Marketing,Entry,High School,Hybrid,Part-Time,51696.41,44861.89,49478.46,9156.38,10,2349.26,193069.29,4,38.3,72,9,66.3
EMP00042,46,4,Marketing,Mid,High School,Hybrid,Contract,53686.39,43217.11,59978.67,1904.97,10,5708.98,2162.14,1,49.8,76,4,61.5
EMP00043,22,2,IT,Entry,High School,Remote,Full-Time,46276.3,43388.55,52259.68,1178.99,13,7937.89,114384.33,6,41.9,77,4,49.1
EMP00044,40,20,Operations,Manager,Bachelor,Remote,Part-Time,109172.62,96144.29,107261.46,14101.39,1,8380.99,18591.05,2,38.5,75,1,56.2
EMP00045,48,21,Finance,Manager,PhD,Office,Part-Time,84378.65,79661.49,93441.86,6715.78,3,6832.38,82112.31,46,40.5,34,6,61.4
EMP00046,27,7,Finance,Mid,PhD,Office,Full-Time,39226.2,33970.8,43079.41,3735.46,14,3345.51,127351.77,27,32.3,21,3,54.9
EMP00047,28,2,HR,Junior,Master,Hybrid,Part-Time,34166.2,31236.06,33676.77,3178.41,16,8318.94,138230.1,18,51.7,84,3,70.2
EMP00048,55,33,Sales,Mid,High School,Remote,Contract,102098.38,93177.13,105607.06,3633.85,20,7550.58,157328.32,42,54.0,47,1,70.2
EMP00049,34,14,Engineering,Entry,Bachelor,Remote,Contract,66140.74,54067.79,68426.01,1365.27,6,7192.46,119072.21,29,41.9,63,7,70.8
EMP00050,37,17,HR,Mid,Diploma,Remote,Full-Time,107807.24,101641.11,118802.8,19590.32,1,1139.69,51012.55,33,35.5,66,9,78.9
EMP00051,56,20,IT,Manager,Diploma,Office,Contract,104456.86,78801.03,116733.9,6184.24,20,911.02,177961.4,3,46.6,21,3,71.3
EMP00052,60,10,Engineering,Mid,Master,Office,Part-Time,42465.65,38378.0,41147.31,4106.18,5,7105.97,162410.38,20,41.3,72,15,71.2
EMP00053,24,3,IT,Mid,Master,Office,Contract,22429.03,21153.08,23832.95,4372.46,8,9475.55,32850.41,4,36.3,46,3,52.3
EMP00054,22,0,IT,Junior,High School,Hybrid,Part-Time,16870.35,13796.26,18597.02,2848.01,12,7850.38,165475.73,18,31.0,39,11,64.3
EMP00055,26,6,Sales,Manager,High School,Remote,Full-Time,29881.34,26284.29,33085.76,1178.15,1,8399.02,194556.26,8,52.2,52,18,65.0
EMP00056,24,4,Marketing,Senior,Diploma,Hybrid,Full-Time,47487.4,40955.25,46518.59,5296.43,13,5677.33,127806.6,22,49.9,2,3,67.0
EMP00057,49,29,Sales,Senior,Diploma,Remote,Part-Time,111367.46,100487.03,117503.93,16862.62,9,3393.57,57079.24,41,50.7,94,20,92.1
EMP00058,38,12,HR,Manager,Diploma,Office,Part-Time,99142.9,91532.26,111189.93,14446.18,20,6938.5,121712.17,22,41.0,100,7,70.4
EMP00059,46,26,Marketing,Senior,Diploma,Hybrid,Contract,116467.0,101397.21,118063.03,18279.67,8,7263.72,69164.48,19,48.8,5,9,73.3
EMP00060,54,10,Marketing,Entry,PhD,Hybrid,Part-Time,79671.65,72754.63,82462.02,8153.74,13,6915.9,135513.35,28,44.5,13,17,69.2
EMP00061,30,10,HR,Senior,High School,Office,Full-Time,54277.77,44098.36,60295.64,2804.32,2,9493.74,109415.19,2,39.4,82,9,65.3
EMP00062,56,16,Marketing,Entry,High School,Remote,Part-Time,45018.59,35822.07,43571.87,4667.39,15,3988.2,185968.63,9,51.1,57,10,73.1
EMP00063,34,14,Engineering,Manager,Diploma,Remote,Contract,86357.31,72206.24,96884.15,11798.11,14,876.75,123963.8,35,55.0,81,13,70.9
EMP00064,51,17,Finance,Senior,Bachelor,Remote,Contract,86079.5,76227.47,87132.37,11151.3,19,9130.22,43582.36,22,52.5,6,5,76.0
EMP00065,35,15,HR,Senior,Diploma,Remote,Part-Time,72201.83,56855.29,68612.68,2360.56,9,2024.74,145296.86,26,49.4,99,14,70.4
EMP00066,28,8,HR,Entry,Master,Office,Contract,58659.12,51976.11,58473.28,1858.99,19,7124.52,60874.79,34,48.7,28,4,62.6
EMP00067,34,14,Finance,Entry,Bachelor,Office,Contract,51931.7,43041.97,50264.7,10061.58,14,8795.44,55205.8,7,46.3,2,14,61.5
EMP00068,43,20,Sales,Mid,Master,Office,Full-Time,100408.14,91282.55,97242.97,4751.81,8,3446.34,78963.55,30,51.3,12,11,63.1
EMP00069,60,7,Sales,Junior,Bachelor,Office,Part-Time,54992.47,41649.49,59862.99,4014.63,5,8388.94,3387.34,49,42.3,35,10,50.8
EMP00070,41,21,Sales,Senior,Master,Hybrid,Full-Time,99632.25,88034.71,98914.43,15759.25,7,3654.55,193858.99,25,34.5,88,5,73.9
EMP00071,36,4,Marketing,Junior,Diploma,Hybrid,Full-Time,40198.45,35373.21,45703.57,3768.28,4,8045.45,106933.89,49,49.2,91,12,64.0
EMP00072,38,16,Finance,Junior,Diploma,Hybrid,Contract,101318.07,95055.31,106717.2,5335.78,8,1163.38,154925.28,9,53.0,37,15,79.0
EMP00073,44,24,Engineering,Senior,Bachelor,Office,Full-Time,103966.88,92808.48,108335.53,10823.14,4,6724.81,52312.59,27,38.5,74,13,79.9
EMP00074,46,18,HR,Entry,Master,Remote,Part-Time,67430.52,61311.9,69915.79,8254.24,1,6932.81,149577.01,1,49.6,59,8,70.4
EMP00075,45,25,HR,Mid,PhD,Hybrid,Part-Time,115326.9,107359.91,125535.35,11705.45,8,5168.55,113866.93,33,36.8,72,4,61.2
EMP00076,49,29,HR,Manager,Bachelor,Hybrid,Part-Time,162056.7,143421.86,168612.31,30046.98,7,7027.36,85404.69,8,53.6,21,13,79.4
EMP00077,35,10,Marketing,Senior,Bachelor,Office,Full-Time,47827.96,38646.46,46666.7,3407.54,11,9270.24,194163.18,49,47.1,20,15,62.5
EMP00078,21,1,Marketing,Senior,High School,Remote,Part-Time,16790.78,15513.92,18906.99,2334.59,16,7471.62,99274.9,32,44.2,82,9,53.3
EMP00079,45,20,Operations,Manager,Bachelor,Remote,Part-Time,97019.98,87270.98,100481.56,3901.47,17,9632.31,131834.26,40,49.5,32,6,69.8
EMP00080,27,7,Engineering,Junior,PhD,Remote,Full-Time,50543.72,42198.32,48764.63,4579.84,5,4761.82,4053.1,19,50.3,3,18,57.5
EMP00081,29,9,Sales,Mid,Diploma,Office,Full-Time,62658.23,55897.78,66159.15,9610.44,7,5518.76,60989.59,36,52.3,96,9,53.8
EMP00082,44,4,Operations,Junior,Master,Remote,Full-Time,37852.79,34958.48,40860.92,2288.85,10,3005.52,177849.62,50,52.5,79,6,71.6
EMP00083,21,1,Operations,Manager,High School,Hybrid,Full-Time,43243.27,40870.53,43464.52,5455.52,13,9863.22,152032.85,45,31.3,43,7,54.9
EMP00084,28,8,Marketing,Manager,Master,Hybrid,Contract,36518.38,34344.45,40537.89,1738.96,20,1023.8,107814.05,22,33.1,0,12,50.2
EMP00085,44,11,Sales,Mid,Diploma,Hybrid,Full-Time,83714.97,68233.19,90743.28,3221.88,15,3906.89,180131.78,39,50.7,61,4,56.4
EMP00086,31,5,Sales,Manager,Bachelor,Office,Full-Time,50300.24,41967.44,54327.69,5743.38,6,3328.12,97757.88,26,53.7,78,11,61.4
EMP00087,37,16,HR,Manager,PhD,Remote,Part-Time,88346.66,68195.44,91365.03,12501.23,2,4171.86,113734.91,3,37.7,21,3,69.8
EMP00088,28,8,Marketing,Mid,High School,Office,Part-Time,63082.97,50435.39,72064.92,2548.94,4,9218.32,77048.42,46,30.2,95,7,54.9
EMP00089,55,25,Sales,Senior,PhD,Remote,Full-Time,110036.92,101947.48,110569.26,20378.81,14,3996.36,124387.97,9,38.1,58,2,59.2
EMP00090,55,31,Operations,Junior,PhD,Office,Full-Time,140669.73,115654.43,149889.38,8530.07,15,9211.28,64481.3,35,39.6,36,10,82.2
EMP00091,53,5,Finance,Senior,PhD,Hybrid,Full-Time,40999.89,35838.44,41484.14,1705.41,14,4521.72,77712.94,7,49.0,22,3,53.2
EMP00092,25,5,Finance,Senior,PhD,Office,Part-Time,56856.71,50215.45,62483.3,3211.6,4,8620.3,193298.93,15,31.2,32,17,68.6
EMP00093,59,10,Marketing,Junior,Diploma,Office,Part-Time,73848.87,66934.1,70862.3,3731.07,6,5456.63,23150.43,4,35.3,21,11,60.9
EMP00094,48,28,HR,Senior,PhD,Office,Full-Time,116016.23,91253.73,111280.31,4213.88,7,3457.85,21945.81,37,52.3,63,1,83.9
EMP00095,27,7,HR,Mid,PhD,Hybrid,Part-Time,52775.95,42799.32,58695.95,8634.73,13,4768.82,9619.89,28,33.9,61,2,50.8
EMP00096,29,9,Sales,Junior,Diploma,Office,Part-Time,61478.58,51621.55,63744.29,6713.26,17,4531.62,64688.86,9,49.0,53,13,69.8
EMP00097,28,8,Engineering,Entry,Master,Office,Full-Time,64719.17,53261.82,65899.39,5820.42,17,2969.18,80247.62,35,39.0,57,14,78.9
EMP00098,32,12,Marketing,Senior,Diploma,Hybrid,Part-Time,63920.99,60506.39,68491.68,12216.13,4,3251.57,19808.61,48,46.6,11,17,66.2
EMP00099,54,10,Engineering,Manager,Bachelor,Remote,Full-Time,50946.82,46717.63,55551.38,4421.24,19,2271.31,110277.07,48,31.8,17,2,52.5
EMP00100,53,16,Finance,Junior,Diploma,Office,Contract,86841.24,73462.24,85993.69,4346.85,20,3692.01,117077.0,25,37.2,95,17,82.9
EMP00101,43,13,Operations,Entry,Master,Hybrid,Contract,68204.32,63147.22,67323.54,4728.45,13,6431.86,150454.31,9,40.6,66,19,82.1
EMP00102,44,24,Sales,Manager,Bachelor,Office,Contract,124609.92,102121.64,142258.44,7852.17,9,4172.3,195217.66,33,51.4,59,9,67.4
EMP00103,57,17,Operations,Entry,Bachelor,Hybrid,Part-Time,101221.3,91824.49,108097.55,11111.41,2,7267.07,124251.1,17,44.1,99,12,85.1
EMP00104,55,27,Engineering,Senior,High School,Remote,Contract,164831.68,130997.53,169450.81,11945.5,20,9876.29,23218.51,12,31.1,0,16,75.1
EMP00105,60,3,Sales,Manager,PhD,Remote,Part-Time,23489.69,21245.59,26080.33,2651.77,18,4082.46,18616.32,9,50.0,88,4,64.9
EMP00106,42,6,IT,Senior,Bachelor,Office,Full-Time,28857.75,24277.76,30445.84,4053.73,20,4895.07,155731.83,5,31.4,19,11,72.6
EMP00107,47,27,Operations,Manager,Bachelor,Hybrid,Contract,116985.56,90254.34,116790.49,18707.6,17,2059.05,130416.49,47,53.4,16,20,84.2
EMP00108,55,8,Marketing,Junior,Master,Remote,Part-Time,38600.62,31060.09,38266.61,5706.27,7,4226.05,33220.96,26,35.3,48,4,60.6
EMP00109,21,1,Operations,Mid,Bachelor,Remote,Contract,31467.13,26132.03,32391.38,1793.83,17,7404.91,51418.63,45,42.2,21,2,48.9
EMP00110,55,16,Operations,Mid,Master,Hybrid,Part-Time,49683.35,44707.99,55743.68,2030.16,10,2565.35,150297.84,19,31.8,32,10,86.5
EMP00111,57,16,Sales,Entry,PhD,Office,Part-Time,94482.3,72240.84,90919.33,11114.99,14,2229.51,113665.0,35,44.0,25,9,60.8
EMP00112,34,14,Finance,Manager,High School,Remote,Full-Time,88217.33,77799.7,87662.02,4922.89,12,4075.56,117415.01,2,42.4,26,17,73.2
EMP00113,23,3,Engineering,Senior,High School,Remote,Part-Time,15000.0,13398.04,16929.46,529.32,12,8277.17,42791.73,45,40.3,59,12,68.2
EMP00114,21,1,IT,Junior,PhD,Remote,Part-Time,23874.97,21028.69,23262.5,2742.68,17,6424.74,126182.54,7,30.9,33,4,59.8
EMP00115,25,5,Operations,Junior,PhD,Office,Contract,56784.59,51227.31,61095.97,4475.93,19,9597.0,154355.09,9,52.0,86,9,80.6
EMP00116,46,2,Engineering,Junior,Diploma,Remote,Full-Time,15951.37,12531.93,15834.96,2490.12,14,9093.13,177165.19,22,50.1,79,14,67.5
EMP00117,34,4,Engineering,Mid,Bachelor,Hybrid,Part-Time,37144.25,32219.69,39787.93,2843.56,17,1935.8,147606.75,42,45.8,77,4,60.3
EMP00118,59,12,Finance,Senior,Bachelor,Office,Contract,94643.16,88796.95,97162.64,18566.06,15,904.25,115698.75,33,44.3,51,2,72.3
EMP00119,47,27,HR,Junior,Bachelor,Remote,Full-Time,137166.71,119630.88,133097.71,21471.28,6,4291.4,134978.6,16,47.4,54,18,79.5
EMP00120,29,9,IT,Junior,Master,Hybrid,Part-Time,80936.24,70598.03,86318.1,2459.23,19,5459.76,97537.18,43,33.6,60,13,74.5
EMP00121,35,15,IT,Entry,Diploma,Hybrid,Contract,79498.44,71332.99,86383.68,8871.79,20,5397.92,46152.75,24,53.3,49,10,69.8
EMP00122,35,15,Engineering,Manager,Bachelor,Office,Full-Time,88232.45,72054.22,95825.25,10700.1,6,1774.02,176559.19,8,37.1,62,14,78.7
EMP00123,46,26,Sales,Manager,Master,Hybrid,Full-Time,123307.06,109755.02,132851.87,17898.57,6,1685.77,106991.9,30,46.4,63,9,79.4
EMP00124,33,13,Operations,Manager,Master,Office,Full-Time,70953.15,66216.8,74504.0,7776.71,4,945.18,119269.34,26,45.2,13,11,62.4
EMP00125,52,2,HR,Entry,High School,Office,Full-Time,40018.44,30101.04,42175.22,4282.77,1,8583.17,198031.67,45,45.9,89,20,59.2
EMP00126,59,9,Sales,Mid,Master,Office,Part-Time,61115.42,56472.03,65829.13,5269.92,19,9503.57,197018.12,48,52.0,50,1,47.5
EMP00127,52,20,Marketing,Entry,PhD,Hybrid,Part-Time,79317.45,62956.13,86301.5,5462.04,11,1599.01,117675.89,35,37.4,26,12,57.6
EMP00128,24,4,Finance,Junior,Master,Office,Full-Time,28779.77,24209.1,31110.22,5477.25,7,2524.66,7757.5,45,48.7,39,17,66.4
EMP00129,50,11,Finance,Senior,PhD,Office,Full-Time,75175.28,69196.55,80241.27,5801.08,2,1353.7,79833.36,17,45.0,67,17,56.3
EMP00130,57,1,Sales,Junior,PhD,Hybrid,Part-Time,25708.18,23517.39,25224.04,807.64,4,8836.27,187521.36,38,31.9,8,8,55.6
EMP00131,43,23,Engineering,Junior,High School,Office,Contract,86184.15,80012.11,85505.3,4318.8,6,9607.73,58373.01,10,40.4,55,17,78.7
EMP00132,59,34,Finance,Senior,High School,Remote,Full-Time,133695.9,125417.89,133969.28,23304.5,5,2987.07,199854.47,41,50.9,90,20,94.2
EMP00133,35,15,Operations,Manager,Master,Hybrid,Part-Time,45787.5,38435.47,51919.93,5750.64,9,3384.05,17779.19,50,37.9,38,13,73.2
EMP00134,49,29,Finance,Entry,High School,Hybrid,Part-Time,102061.01,89943.59,112458.89,16348.18,11,3945.36,114054.72,17,42.1,14,13,81.0
EMP00135,56,34,Operations,Mid,High School,Hybrid,Contract,201818.07,167124.68,214042.87,33417.17,18,5273.41,103574.42,7,42.2,88,15,87.4
EMP00136,33,13,Marketing,Junior,Bachelor,Remote,Part-Time,65630.8,53826.66,65657.79,11037.96,20,6983.38,51815.23,2,45.5,17,18,68.2
EMP00137,52,7,HR,Junior,Master,Office,Full-Time,47043.55,39343.42,45734.72,5603.38,17,5291.71,189772.82,11,52.1,51,13,65.9
EMP00138,27,7,IT,Mid,Master,Hybrid,Part-Time,83603.66,75127.52,94451.39,4337.5,13,9534.52,124215.07,50,34.3,60,8,57.9
EMP00139,42,6,Sales,Entry,Master,Hybrid,Full-Time,39979.19,33993.83,45117.84,1866.3,17,1448.99,46815.43,3,42.6,93,7,66.9
EMP00140,48,28,Sales,Junior,High School,Hybrid,Part-Time,135007.67,123236.61,131246.23,16648.77,10,8086.75,77425.59,46,40.6,36,19,69.1
EMP00141,22,2,Operations,Mid,High School,Remote,Full-Time,21835.32,19630.9,24225.05,1877.24,18,3677.59,144524.66,20,37.4,79,10,71.8
EMP00142,26,2,Marketing,Junior,PhD,Remote,Full-Time,35773.24,26976.44,37180.16,4308.84,17,4086.7,60241.65,13,53.0,52,12,56.9
EMP00143,48,0,Marketing,Manager,Diploma,Remote,Part-Time,15000.0,13140.71,15221.9,1645.89,12,7233.88,176041.63,23,30.2,11,2,53.4
EMP00144,48,28,Engineering,Manager,Diploma,Office,Full-Time,140783.55,117880.07,154555.13,18076.0,15,9329.08,33969.11,17,33.1,80,14,82.5
EMP00145,40,20,IT,Junior,Diploma,Office,Part-Time,97927.63,82389.04,105063.22,2524.59,19,7303.91,53636.51,29,48.3,24,10,77.1
EMP00146,50,0,HR,Junior,Bachelor,Remote,Part-Time,32259.71,29474.88,35679.43,835.87,15,7870.68,29834.82,43,36.6,78,17,56.4
EMP00147,31,11,Sales,Manager,High School,Office,Part-Time,51964.86,44664.92,50139.12,7788.86,13,7632.4,21731.59,39,48.1,24,13,64.2
EMP00148,48,12,Operations,Junior,PhD,Remote,Full-Time,82221.03,76229.12,83348.89,4502.66,7,3549.3,60762.77,32,50.8,20,1,62.1
EMP00149,45,7,Marketing,Entry,PhD,Office,Part-Time,54803.01,48915.03,55562.76,7529.7,11,7690.84,199836.57,35,36.4,82,15,82.8
EMP00150,59,4,Sales,Entry,Diploma,Office,Contract,50495.18,43454.54,51300.61,5977.8,8,7952.95,19771.55,35,34.8,87,1,59.4
EMP00151,53,8,Operations,Senior,Bachelor,Remote,Full-Time,49729.1,44801.33,52240.22,9782.86,20,5567.3,43387.44,34,33.6,6,15,60.8
EMP00152,21,0,Finance,Entry,Bachelor,Hybrid,Contract,36173.67,27407.69,36412.51,6163.02,16,5599.18,55051.74,21,35.0,75,20,84.2
EMP00153,47,27,Sales,Junior,Diploma,Hybrid,Contract,167551.65,126571.32,174065.51,15810.88,11,7717.35,124206.81,16,36.7,48,15,83.5
EMP00154,33,13,HR,Junior,Diploma,Office,Contract,68859.13,52792.22,70481.14,9017.4,5,8261.79,149323.79,23,51.7,38,14,79.0
EMP00155,23,1,Operations,Mid,High School,Office,Contract,28956.58,24251.51,31767.08,1190.47,7,3703.36,150634.8,11,49.3,74,13,57.1
EMP00156,59,22,HR,Entry,Bachelor,Office,Part-Time,98630.77,78617.6,105603.98,8832.33,16,8114.84,2718.56,14,30.0,96,2,73.7
EMP00157,26,6,Sales,Manager,PhD,Office,Contract,54843.53,51928.72,59270.82,8341.69,16,8234.99,130718.24,3,51.9,48,8,54.9
EMP00158,28,8,Finance,Manager,Diploma,Office,Full-Time,58030.92,49817.11,57573.45,7664.78,20,2724.19,126516.64,7,32.0,88,9,58.2
EMP00159,47,13,HR,Senior,High School,Office,Contract,88709.34,78284.5,90048.89,9510.07,17,7311.03,104013.28,40,46.4,33,19,76.5
EMP00160,29,3,Marketing,Mid,PhD,Remote,Contract,36312.89,29259.62,34650.96,1880.11,19,2272.07,76462.5,45,33.8,74,19,75.3
EMP00161,57,29,Operations,Manager,Bachelor,Hybrid,Contract,155033.03,126252.6,150641.71,25513.21,15,1383.97,159691.4,11,31.6,15,9,68.6
EMP00162,53,30,Sales,Senior,Diploma,Hybrid,Part-Time,122128.9,99790.59,122496.61,8447.65,15,5958.16,69432.28,33,49.0,95,7,87.5
EMP00163,44,10,Finance,Entry,Diploma,Remote,Contract,61268.14,54513.16,59006.91,10273.82,20,9132.2,46772.44,19,41.7,14,14,63.3
EMP00164,35,15,Marketing,Mid,High School,Remote,Contract,90761.86,76670.28,97162.97,11807.18,15,836.86,62708.94,45,45.0,39,2,60.1
EMP00165,52,7,Sales,Mid,High School,Hybrid,Contract,77427.11,66086.88,89012.22,6743.26,3,8351.77,88489.94,49,40.6,78,12,67.9
EMP00166,52,2,Engineering,Junior,Bachelor,Hybrid,Full-Time,37837.76,32858.33,36708.79,1033.31,12,5311.48,43597.42,41,31.7,6,11,57.5
EMP00167,44,13,Finance,Entry,Diploma,Office,Part-Time,67108.63,60650.26,74775.53,4149.69,6,8678.51,121906.68,23,48.5,100,17,85.3
EMP00168,32,12,Marketing,Mid,High School,Hybrid,Part-Time,71030.75,54556.87,69167.13,12787.86,20,8513.03,176957.63,23,50.5,39,2,53.2
EMP00169,59,31,HR,Senior,Diploma,Office,Part-Time,156673.48,141848.22,169831.36,26201.35,5,8815.22,119496.56,29,31.0,65,12,73.8
EMP00170,22,2,Sales,Manager,Bachelor,Office,Full-Time,42197.99,36401.97,45516.08,5210.34,11,7804.3,89886.99,6,39.4,69,15,58.7
EMP00171,23,3,Sales,Entry,Diploma,Hybrid,Contract,27786.15,24557.93,31413.45,2888.04,12,8508.43,159576.88,39,43.9,99,8,78.2
EMP00172,57,15,HR,Entry,PhD,Office,Full-Time,55802.13,45507.21,54283.7,7616.19,7,2172.24,149859.69,5,45.1,91,8,68.1
EMP00173,37,1,Engineering,Mid,Diploma,Office,Part-Time,49185.52,40916.32,49829.3,5111.59,9,3386.6,74044.57,32,44.5,21,18,59.4
EMP00174,22,2,IT,Mid,Master,Remote,Part-Time,38541.9,30688.34,37314.57,5240.73,18,2803.62,121226.54,40,47.3,100,14,66.8
EMP00175,22,2,Marketing,Mid,Master,Hybrid,Part-Time,39292.86,37165.55,40529.67,2960.04,14,7553.07,146238.73,26,54.2,58,10,68.6
EMP00176,48,15,HR,Senior,Bachelor,Remote,Full-Time,64601.54,54872.58,73149.52,11042.31,4,1959.61,49847.19,14,39.8,4,4,65.3
EMP00177,43,1,Sales,Junior,Bachelor,Office,Part-Time,34881.11,33109.68,38589.13,5104.68,8,2231.16,73888.5,18,43.9,17,16,59.0
EMP00178,57,1,Marketing,Mid,Bachelor,Office,Contract,50937.43,43192.76,55755.09,4044.21,16,8850.16,22049.44,21,47.5,10,16,59.7
EMP00179,52,25,Engineering,Junior,PhD,Remote,Full-Time,124847.68,99122.84,131914.74,21164.17,4,7205.88,197548.38,25,44.8,7,17,64.8
EMP00180,53,12,Marketing,Junior,PhD,Remote,Contract,58382.35,49712.01,65779.22,6289.04,19,8816.11,18089.65,20,39.7,19,9,64.8
EMP00181,21,1,IT,Entry,Diploma,Remote,Part-Time,30146.89,22848.91,31349.4,1550.61,6,1823.87,34552.62,24,45.6,74,11,73.1
EMP00182,39,19,Sales,Manager,High School,Office,Part-Time,84445.76,78615.11,82751.53,2870.16,19,4290.31,96486.56,3,46.3,58,13,69.2
EMP00183,22,2,Finance,Manager,Master,Hybrid,Full-Time,15000.0,13705.65,16762.76,2188.94,15,3189.94,173189.09,22,44.6,90,1,63.4
EMP00184,46,7,IT,Senior,Master,Office,Contract,50714.88,45398.14,51015.5,8911.71,12,591.97,71820.52,8,35.1,92,7,61.7
EMP00185,52,22,IT,Senior,Master,Remote,Full-Time,85166.17,74261.95,81821.42,14081.34,12,3202.97,153950.63,46,42.6,24,11,63.0
EMP00186,26,6,Finance,Manager,Diploma,Hybrid,Contract,28296.15,24503.53,27594.62,3905.36,2,4106.04,135530.78,46,52.1,57,3,64.4
EMP00187,52,26,Finance,Manager,Diploma,Remote,Part-Time,110812.19,105199.07,118769.82,5036.14,9,1376.09,128094.15,29,51.7,18,2,82.3
EMP00188,24,4,Engineering,Entry,Bachelor,Office,Full-Time,61433.84,49491.07,65821.23,2268.62,3,5881.63,169158.43,7,48.8,1,14,65.7
EMP00189,31,0,Engineering,Entry,High School,Hybrid,Full-Time,32417.06,29367.81,32483.08,2661.61,1,4140.14,3819.89,6,47.4,57,10,58.7
EMP00190,37,16,IT,Manager,Bachelor,Hybrid,Contract,69896.03,60549.6,76566.63,12153.8,14,941.39,185901.45,6,33.8,65,20,74.8
EMP00191,58,29,Marketing,Mid,Diploma,Office,Part-Time,128908.39,121841.13,142408.71,24893.83,13,7187.8,166016.01,12,41.5,6,17,90.2
EMP00192,44,12,HR,Mid,PhD,Remote,Part-Time,54120.92,49550.99,61378.57,3433.7,5,7428.16,187635.58,22,32.8,50,8,67.7
EMP00193,25,5,HR,Entry,Bachelor,Remote,Contract,57390.94,54504.47,61235.42,9020.55,7,8427.48,158923.99,47,50.4,94,15,65.2
EMP00194,54,18,IT,Junior,Diploma,Remote,Contract,89506.39,77661.56,98983.75,11035.82,14,5112.64,175839.69,26,37.3,32,6,65.3
EMP00195,26,6,Marketing,Manager,Diploma,Office,Contract,38270.2,30268.24,42120.95,984.51,16,9702.26,41412.53,25,49.2,74,20,74.4
EMP00196,42,22,Finance,Senior,PhD,Remote,Contract,111530.75,94883.38,111704.94,13129.95,18,9183.61,64526.58,19,50.4,12,2,66.6
EMP00197,31,11,Operations,Mid,PhD,Hybrid,Contract,71021.41,63366.88,71876.88,11723.45,14,5737.84,63728.98,36,52.3,9,15,77.3
EMP00198,36,16,IT,Junior,PhD,Remote,Part-Time,97589.57,88306.08,102049.07,6802.2,1,4727.04,22724.18,35,48.8,58,16,82.8
EMP00199,53,16,Sales,Mid,High School,Remote,Part-Time,65068.91,48808.32,62063.24,11811.64,6,528.83,146186.27,13,44.1,37,2,63.7
EMP00200,29,9,Marketing,Junior,Diploma,Hybrid,Full-Time,81343.47,69223.73,82114.57,5086.15,10,7254.45,28098.01,25,45.0,19,14,65.5
EMP00201,26,6,Sales,Manager,PhD,Hybrid,Part-Time,61295.87,48855.68,64040.49,2069.67,6,5867.07,11449.32,48,38.0,84,20,76.5
EMP00202,36,9,Sales,Manager,High School,Remote,Contract,80629.98,74581.31,78341.21,3933.86,2,9406.67,155313.93,45,34.4,13,1,52.0
EMP00203,49,9,IT,Manager,Master,Hybrid,Part-Time,40769.2,31823.66,39760.37,6957.69,7,6145.21,181027.97,32,33.3,87,9,74.6
EMP00204,23,3,Marketing,Entry,Master,Office,Part-Time,31856.46,28138.54,33215.06,3030.03,17,9932.13,153060.55,30,34.6,39,17,65.1
EMP00205,40,7,Sales,Junior,Master,Hybrid,Part-Time,66213.58,53183.57,72582.87,10822.62,14,8611.28,165245.09,21,53.3,6,14,67.2
EMP00206,56,19,Engineering,Senior,Diploma,Office,Full-Time,78510.77,64481.56,87676.89,9077.57,7,9559.18,119528.71,42,34.1,68,10,83.9
EMP00207,39,19,Engineering,Senior,High School,Hybrid,Full-Time,101916.71,95609.27,107956.58,10854.19,9,3612.8,177661.52,45,48.1,5,13,72.9
EMP00208,46,13,Marketing,Manager,High School,Office,Contract,115401.13,92100.44,120588.39,19069.39,19,1918.69,99843.99,40,34.6,39,13,70.3
EMP00209,23,3,HR,Senior,Master,Office,Contract,15000.0,11535.01,15402.84,1443.42,11,8070.29,197676.2,44,54.4,52,19,65.3
EMP00210,39,19,Operations,Mid,Bachelor,Remote,Full-Time,82932.45,63348.53,81986.17,13631.27,3,7968.87,21579.59,8,39.2,98,8,72.4
EMP00211,40,14,Sales,Junior,Master,Hybrid,Part-Time,79690.18,67810.21,78041.58,3037.72,4,2508.76,162026.96,41,40.3,8,7,54.6
EMP00212,52,21,Sales,Junior,Diploma,Hybrid,Part-Time,61790.02,54272.79,68486.78,8312.98,5,7765.07,128636.49,42,40.1,64,17,81.3
EMP00213,27,7,Marketing,Junior,Master,Hybrid,Full-Time,47694.7,38893.06,49745.63,6985.64,4,6028.75,116548.57,7,50.4,19,8,45.7
EMP00214,53,3,Engineering,Mid,Master,Office,Contract,25106.66,22296.02,27819.79,4565.33,13,1540.49,145436.3,3,35.5,5,4,61.5
EMP00215,60,12,Operations,Entry,High School,Remote,Part-Time,89052.02,67876.05,97139.42,5376.81,9,5266.94,168218.01,37,50.8,95,7,73.6
EMP00216,59,22,HR,Mid,Master,Hybrid,Contract,113476.05,104564.43,112202.76,14611.13,14,9345.81,172713.93,3,46.4,76,20,81.8
EMP00217,38,7,Sales,Junior,PhD,Remote,Part-Time,69562.16,63532.05,73183.66,6816.13,16,5311.35,35900.81,18,35.5,38,17,64.7
EMP00218,60,17,IT,Junior,PhD,Remote,Contract,97439.17,92284.56,101220.13,8662.23,6,7992.64,40210.15,42,31.6,20,5,63.5
EMP00219,21,1,Engineering,Junior,Bachelor,Office,Part-Time,17126.3,16052.5,17721.87,671.5,10,774.64,4217.14,9,49.4,36,20,55.0
EMP00220,31,11,Marketing,Senior,Diploma,Hybrid,Contract,86409.76,70963.1,91465.95,3816.03,13,7416.77,27236.65,24,35.5,11,4,64.9
EMP00221,48,13,Marketing,Entry,Diploma,Remote,Contract,80504.46,66807.04,92291.63,13738.72,3,9494.96,53512.62,7,52.2,69,19,74.2
EMP00222,45,25,Engineering,Mid,High School,Hybrid,Contract,146120.52,131390.54,162570.78,22642.19,11,5245.51,144486.13,33,33.2,14,1,74.9
EMP00223,43,17,Sales,Junior,Diploma,Hybrid,Full-Time,61275.08,47599.49,69286.33,5442.54,3,3708.24,95677.73,25,45.4,20,10,69.8
EMP00224,51,31,HR,Manager,Bachelor,Hybrid,Contract,181224.35,147299.69,173237.42,30650.04,7,6643.18,151822.8,42,47.3,84,6,78.0
EMP00225,50,10,Sales,Entry,PhD,Remote,Full-Time,52737.73,40803.61,51581.05,1821.45,10,9204.48,97820.63,34,46.4,91,12,73.5
EMP00226,55,11,Engineering,Manager,High School,Office,Full-Time,59279.99,49853.13,57320.95,7852.19,1,2179.31,111563.89,38,37.9,99,17,68.5
EMP00227,27,7,Finance,Entry,PhD,Office,Contract,41963.66,36105.57,42074.7,7397.0,4,4335.09,23102.25,21,51.9,80,5,60.2
EMP00228,36,16,Sales,Junior,Bachelor,Remote,Full-Time,65301.77,51734.16,67807.95,11166.31,8,1984.76,155535.1,38,49.2,45,9,68.8
EMP00229,46,26,Operations,Entry,High School,Hybrid,Full-Time,114656.58,86603.13,123646.87,9986.69,20,5218.22,151867.18,40,42.8,70,9,72.8
EMP00230,22,2,Engineering,Entry,Master,Hybrid,Full-Time,45571.49,40735.04,47857.64,7024.49,17,5634.01,62204.76,18,45.1,86,5,57.3
EMP00231,21,1,Operations,Junior,Diploma,Office,Part-Time,40209.47,30317.98,45462.3,3898.08,5,9469.93,66387.04,39,44.2,85,19,68.6
EMP00232,32,12,Engineering,Manager,Bachelor,Remote,Contract,74308.56,70197.85,84561.0,12723.47,17,4418.89,44716.61,50,53.7,9,11,64.7
EMP00233,25,5,Finance,Manager,High School,Remote,Full-Time,41428.19,32907.3,40711.66,4786.5,9,5886.09,162954.1,33,52.4,81,12,83.6
EMP00234,57,16,Operations,Senior,PhD,Office,Contract,100401.31,88632.27,112507.96,15830.7,8,8909.99,149654.35,28,35.9,65,5,64.4
EMP00235,52,22,Operations,Manager,High School,Remote,Full-Time,128340.71,107414.8,134288.59,4381.92,7,3553.35,122220.4,25,36.6,75,8,67.9
EMP00236,29,9,IT,Manager,Master,Remote,Contract,59366.99,45233.77,61781.2,7492.39,5,6904.56,48525.6,14,54.5,38,17,68.4
EMP00237,55,7,Marketing,Entry,Bachelor,Office,Full-Time,41891.65,35374.85,46373.55,4987.25,4,7693.04,35198.81,20,35.9,21,8,71.3
EMP00238,39,5,Operations,Senior,High School,Office,Part-Time,45144.0,38523.72,43727.74,5859.5,3,3640.02,11003.5,39,53.8,85,2,71.7
EMP00239,36,4,Marketing,Junior,Bachelor,Remote,Part-Time,38628.69,35574.57,43515.16,5609.48,8,2061.24,10076.68,20,46.2,41,18,81.5
EMP00240,23,3,Engineering,Junior,Bachelor,Remote,Part-Time,31884.96,28583.9,34568.8,5906.99,5,5277.64,38240.09,7,31.3,85,19,72.0
EMP00241,40,20,HR,Mid,PhD,Office,Full-Time,87525.55,67032.36,98470.82,14128.62,5,3889.62,21005.97,4,38.4,5,10,71.9
EMP00242,44,10,Sales,Senior,Diploma,Office,Contract,62068.32,49147.71,71310.01,3695.23,17,3031.39,111665.43,31,41.9,51,7,56.6
EMP00243,53,0,IT,Entry,Master,Hybrid,Full-Time,15000.0,12185.66,15804.01,2529.92,15,9747.5,72259.94,30,50.8,36,9,56.7
EMP00244,44,18,Engineering,Mid,High School,Remote,Part-Time,85247.61,65920.41,82575.31,3578.21,8,5270.45,89544.21,37,38.2,83,12,66.2
EMP00245,31,8,Finance,Mid,Diploma,Remote,Full-Time,51009.16,42918.08,50157.56,6732.99,7,8636.54,119219.37,21,37.8,5,12,66.1
EMP00246,28,8,HR,Junior,PhD,Office,Contract,69520.5,65826.3,70544.09,12436.92,17,2355.52,132161.25,1,53.0,72,5,63.5
EMP00247,56,33,IT,Manager,Diploma,Office,Part-Time,155885.54,132958.29,151319.74,5955.13,12,9424.71,129992.14,3,32.0,28,11,78.0
EMP00248,58,3,IT,Entry,Bachelor,Hybrid,Full-Time,29540.48,26538.48,32880.58,5108.87,4,8047.1,52910.46,13,43.8,100,17,65.5
EMP00249,60,35,Engineering,Senior,Bachelor,Hybrid,Contract,179985.81,159573.18,181672.92,29472.99,20,8182.58,162115.78,7,42.6,68,15,89.4
EMP00250,40,17,Finance,Mid,Master,Office,Part-Time,104179.46,95843.26,119303.95,11530.54,18,4202.77,183624.22,6,31.4,50,11,53.4
EMP00251,55,14,Finance,Entry,High School,Remote,Contract,84330.86,66886.57,91964.34,6375.55,4,5113.55,63871.73,6,32.2,76,15,71.8
EMP00252,45,12,Marketing,Junior,High School,Hybrid,Contract,85770.04,77258.67,84456.57,7974.8,10,6136.87,4396.02,34,39.5,26,16,68.5
EMP00253,55,18,Sales,Mid,PhD,Office,Part-Time,95407.74,88373.43,99720.99,18543.3,3,8002.77,179931.68,32,33.4,86,19,65.0
EMP00254,45,5,Engineering,Mid,Master,Office,Full-Time,24202.57,18982.13,25252.4,1362.74,5,8566.04,184786.2,16,42.0,36,12,66.5
EMP00255,49,11,HR,Junior,High School,Office,Full-Time,62810.01,51464.04,65856.44,7809.09,12,1241.43,11138.34,38,45.2,45,3,60.0
EMP00256,38,16,Sales,Junior,Bachelor,Remote,Full-Time,92473.79,87297.14,97757.58,3235.04,5,9088.59,1986.36,8,47.3,97,8,75.3
EMP00257,38,18,HR,Junior,Master,Office,Full-Time,85757.24,77709.57,82004.04,5078.61,5,9406.22,163464.55,21,43.7,24,11,82.6
EMP00258,22,2,IT,Entry,Diploma,Office,Contract,21960.28,17711.37,23876.54,3456.48,4,6132.43,60991.21,11,39.5,36,1,56.9
EMP00259,55,28,Operations,Entry,Master,Remote,Full-Time,136774.48,118007.43,143262.84,10185.3,6,2274.13,183001.85,50,33.2,22,4,75.4
EMP00260,36,16,Operations,Entry,Master,Office,Full-Time,97481.43,80993.93,108028.25,19246.53,10,8274.94,44131.97,23,36.2,91,6,79.1
EMP00261,56,26,Engineering,Manager,High School,Office,Contract,83829.06,71086.46,93307.6,9233.52,6,5711.58,172369.77,6,40.5,25,10,75.4
EMP00262,53,24,Finance,Mid,PhD,Hybrid,Contract,140613.28,115448.18,140065.88,15886.08,1,8263.37,14660.21,46,53.1,75,15,72.4
EMP00263,24,4,Finance,Entry,PhD,Office,Part-Time,26033.55,20979.56,24984.0,690.84,16,8240.68,52866.73,15,35.1,51,8,50.2
EMP00264,53,22,IT,Manager,High School,Remote,Contract,99825.55,88340.88,108874.42,19183.96,11,1323.93,194652.65,11,40.3,2,14,73.6
EMP00265,34,14,IT,Mid,High School,Hybrid,Part-Time,81186.2,73531.02,93003.06,4169.89,6,6266.7,47008.13,27,48.3,72,2,61.4
EMP00266,41,20,HR,Entry,High School,Office,Part-Time,68544.35,63389.23,71240.31,8012.92,20,5089.87,27469.58,15,47.6,78,20,89.2
EMP00267,40,12,IT,Junior,PhD,Remote,Full-Time,59944.76,46820.82,60060.01,5468.25,18,9488.13,171553.88,45,54.1,71,6,62.6
EMP00268,28,8,Engineering,Senior,High School,Office,Full-Time,57112.36,52233.32,56046.32,5414.55,6,3318.09,24442.36,38,34.8,27,3,58.2
EMP00269,27,7,HR,Entry,Diploma,Hybrid,Full-Time,48025.59,38466.58,48385.26,6521.59,17,2457.0,20393.77,4,30.4,89,2,53.9
EMP00270,23,3,Sales,Senior,Diploma,Remote,Contract,41329.31,34529.29,41973.39,5752.05,12,9022.33,65361.6,14,38.1,79,14,65.2
EMP00271,37,16,Finance,Entry,Bachelor,Hybrid,Contract,70023.63,65142.2,72458.7,3345.17,17,1912.8,127430.37,45,33.7,33,18,66.6
EMP00272,53,3,Finance,Junior,Diploma,Remote,Full-Time,39125.34,32900.53,42297.68,4300.88,18,7021.93,142438.53,10,43.7,83,15,62.7
EMP00273,32,12,Operations,Senior,Master,Remote,Full-Time,63489.12,50119.12,63783.25,10303.39,10,3350.19,176366.52,29,52.5,64,4,63.6
EMP00274,42,22,Operations,Manager,Bachelor,Office,Contract,91516.84,71563.76,87874.04,9132.61,20,5894.53,108641.39,12,47.2,87,16,74.9
EMP00275,42,8,Engineering,Junior,Diploma,Remote,Part-Time,54665.22,46170.07,56013.04,2724.78,12,6354.08,79290.14,40,33.4,28,12,83.0
EMP00276,50,20,Finance,Senior,Master,Remote,Part-Time,98821.88,89190.15,110791.77,7547.92,4,4465.01,72407.92,20,32.9,3,17,78.0
EMP00277,58,19,Engineering,Senior,Diploma,Office,Full-Time,91929.74,87281.87,96495.92,5352.91,10,9762.17,169533.64,37,52.8,67,1,73.2
EMP00278,58,18,Sales,Junior,Master,Remote,Full-Time,117722.39,106830.92,134551.6,5020.52,5,1752.42,145039.25,2,42.2,61,20,77.1
EMP00279,28,8,Sales,Junior,High School,Remote,Full-Time,87514.63,80986.25,91953.75,7698.19,4,4218.29,181180.37,20,53.1,37,9,64.0
EMP00280,47,11,Marketing,Junior,Master,Remote,Part-Time,59041.88,53112.09,59347.7,6929.66,16,4588.76,192843.06,12,48.4,66,12,66.2
EMP00281,47,16,HR,Mid,High School,Remote,Full-Time,111738.25,103814.56,110471.45,3698.01,5,6494.95,60710.12,38,54.8,1,5,80.0
EMP00282,54,27,Operations,Manager,Master,Office,Part-Time,75727.28,57950.96,82459.81,9745.21,19,4368.97,106405.15,30,51.8,92,17,82.0
EMP00283,41,21,HR,Entry,Master,Office,Contract,101381.76,94891.94,107188.53,20149.06,6,1421.84,126732.34,47,40.4,91,3,65.7
EMP00284,50,17,Operations,Senior,Diploma,Hybrid,Contract,82994.01,68825.38,88869.97,16062.87,7,9500.58,33605.94,18,49.0,75,6,63.4
EMP00285,53,13,Marketing,Entry,Master,Remote,Contract,86471.57,80792.36,95207.39,14635.42,10,4452.75,11616.06,50,41.8,43,3,64.4
EMP00286,48,28,Finance,Junior,Diploma,Office,Full-Time,132416.25,101317.84,145019.72,8996.55,7,3755.4,173685.02,10,35.8,78,6,84.4
EMP00287,53,6,Engineering,Manager,Master,Remote,Contract,47846.95,42729.65,45869.57,1149.92,14,4743.86,107569.18,7,36.0,94,13,77.2
EMP00288,25,5,HR,Manager,PhD,Office,Part-Time,28650.59,25703.53,31816.89,4871.68,10,2557.66,114584.07,42,39.9,100,19,68.5
EMP00289,39,17,Operations,Mid,Bachelor,Hybrid,Part-Time,85506.89,81178.72,90341.51,2567.74,20,1452.11,111427.95,5,32.8,31,15,66.0
EMP00290,24,4,HR,Junior,Diploma,Remote,Part-Time,36567.76,33048.89,37604.16,2084.84,11,1911.5,151237.18,48,34.4,85,7,72.4
EMP00291,55,35,Finance,Senior,Diploma,Hybrid,Full-Time,157160.11,129895.15,166197.43,18545.14,14,2083.22,29954.89,29,42.5,2,13,91.5
EMP00292,37,17,Engineering,Mid,High School,Hybrid,Full-Time,68311.23,58846.69,73263.13,3559.56,12,2377.9,123195.64,35,53.8,16,20,72.8
EMP00293,48,1,IT,Junior,PhD,Hybrid,Part-Time,28933.13,23820.94,28351.61,4921.0,4,4489.62,94426.42,39,44.4,92,2,67.7
EMP00294,50,15,Operations,Mid,High School,Office,Part-Time,70259.27,55448.88,72611.77,11233.67,13,6427.04,179494.67,12,40.2,11,19,61.4
EMP00295,49,8,IT,Entry,PhD,Remote,Part-Time,37008.54,29595.74,37642.02,5774.76,3,6474.43,104404.57,10,36.1,63,19,66.4
EMP00296,26,6,Marketing,Junior,PhD,Office,Part-Time,32886.58,26125.17,33547.0,5488.87,13,500.93,188644.06,37,34.9,62,3,53.0
EMP00297,55,10,Engineering,Senior,Master,Office,Contract,58105.79,49957.21,56261.92,3459.99,20,9249.1,71297.35,2,46.5,77,3,66.1
EMP00298,57,21,Sales,Senior,High School,Remote,Part-Time,79029.04,73594.38,77604.04,11949.24,19,8317.05,193412.05,3,51.2,71,6,69.1
EMP00299,44,24,HR,Junior,Bachelor,Remote,Full-Time,152974.94,142656.07,150277.45,12842.35,15,9657.41,175156.43,14,40.0,40,13,76.0
EMP00300,49,29,Operations,Mid,PhD,Remote,Full-Time,157664.19,119975.0,161549.81,22078.04,19,3919.87,117268.39,47,43.8,1,14,82.9
EMP00301,51,22,HR,Manager,PhD,Remote,Full-Time,130558.93,100005.51,147387.76,5478.76,20,6815.59,71388.28,20,47.7,52,6,64.8
EMP00302,55,33,Marketing,Junior,Diploma,Office,Full-Time,134288.86,107300.0,133107.86,19741.21,4,2096.2,75808.75,45,31.5,33,9,76.1
EMP00303,53,8,Marketing,Senior,Master,Remote,Full-Time,66192.58,53021.04,68392.72,12906.19,6,8261.81,154777.67,49,38.8,87,10,58.6
EMP00304,41,21,HR,Entry,Bachelor,Remote,Part-Time,134213.36,103207.1,135867.12,3737.58,15,2032.99,116545.64,4,48.2,83,16,86.5
EMP00305,52,7,Operations,Senior,PhD,Remote,Part-Time,50351.37,41675.46,55762.96,1857.42,4,3596.86,80915.93,26,47.1,73,15,77.5
EMP00306,43,6,Engineering,Manager,Diploma,Hybrid,Contract,35684.47,30957.88,34257.99,1507.83,6,5162.93,127574.94,47,31.3,39,12,67.1
EMP00307,53,33,Finance,Senior,High School,Remote,Contract,116838.23,101138.96,115589.08,11391.9,2,6148.05,146913.45,15,35.9,70,13,82.0
EMP00308,23,3,Engineering,Manager,PhD,Remote,Contract,46519.54,39945.67,46153.35,3365.24,4,5816.51,5557.2,9,47.0,64,18,65.7
EMP00309,38,2,Finance,Junior,Diploma,Office,Part-Time,29661.38,24255.13,34068.84,4901.41,18,1469.91,18882.7,3,36.8,54,2,47.0
EMP00310,45,25,Sales,Senior,High School,Hybrid,Contract,119129.39,106178.97,126772.14,12542.14,15,4505.92,19802.6,2,50.4,73,14,80.3
EMP00311,51,5,Engineering,Mid,Master,Office,Part-Time,18373.9,16817.57,17965.84,1969.99,12,9267.64,47154.83,39,30.7,50,17,73.7
EMP00312,23,3,HR,Mid,High School,Hybrid,Full-Time,35544.61,29120.09,35702.42,5298.52,8,8787.5,85971.1,41,34.8,4,1,66.7
EMP00313,60,27,HR,Senior,PhD,Office,Part-Time,117341.0,90013.11,115412.44,9992.1,12,6112.44,160926.33,30,37.0,55,11,72.8
EMP00314,44,0,Operations,Senior,Bachelor,Office,Part-Time,19761.81,15992.56,19266.2,1651.64,9,5937.08,70868.71,37,53.1,20,14,63.3
EMP00315,52,32,HR,Entry,High School,Remote,Full-Time,177684.64,138145.14,197129.81,27762.65,7,1560.91,4478.08,17,49.9,57,12,86.8
EMP00316,42,20,Operations,Senior,Bachelor,Remote,Full-Time,116226.28,98033.59,121938.87,18643.57,8,2402.46,97189.01,3,52.1,72,14,83.6
EMP00317,43,23,HR,Entry,Bachelor,Hybrid,Full-Time,92066.38,71921.06,99085.7,2079.94,20,2900.08,199329.09,9,41.0,92,17,76.4
EMP00318,22,2,Marketing,Entry,High School,Hybrid,Contract,38150.08,32144.07,38770.02,1750.41,10,5137.86,70455.18,8,50.6,30,12,59.8
EMP00319,47,9,IT,Entry,Master,Hybrid,Contract,74165.71,58902.45,78670.46,4328.14,11,7447.88,192289.65,9,51.3,45,6,58.6
EMP00320,22,2,HR,Entry,High School,Remote,Contract,29416.76,26408.79,29461.3,2450.07,2,4876.89,21167.68,17,40.0,26,9,53.1
EMP00321,46,12,IT,Junior,Diploma,Office,Full-Time,34736.85,26244.16,35140.05,2517.05,4,1697.58,35446.83,24,54.9,69,12,80.2
EMP00322,37,17,Finance,Mid,Bachelor,Hybrid,Contract,80380.98,69203.95,86847.44,11280.15,9,4673.81,145100.29,8,51.3,30,17,73.2
EMP00323,60,1,Sales,Entry,PhD,Remote,Full-Time,32232.96,25267.34,31590.56,5449.44,8,2045.02,100741.28,14,54.4,40,16,64.4
EMP00324,53,21,Engineering,Mid,Bachelor,Remote,Full-Time,84168.09,63142.76,90349.76,4593.53,5,7635.9,153259.24,16,51.7,44,2,67.2
EMP00325,29,9,Engineering,Entry,PhD,Office,Full-Time,63359.3,58533.86,70990.74,7687.79,14,2081.76,172848.11,18,49.4,35,18,70.3
EMP00326,59,35,Finance,Mid,Diploma,Office,Contract,114972.52,101670.84,111992.97,9911.43,2,5084.07,50965.89,49,53.6,1,16,77.2
EMP00327,49,13,HR,Senior,Diploma,Remote,Contract,99966.86,76953.35,112911.8,11100.32,17,7087.43,136883.0,24,40.5,61,10,63.0
EMP00328,46,9,Engineering,Senior,Diploma,Office,Full-Time,26518.35,23410.78,25613.79,3493.43,8,2667.88,121912.65,39,49.6,20,19,80.4
EMP00329,55,34,Operations,Mid,High School,Office,Contract,186916.69,163052.94,190614.25,33803.5,2,1222.29,172445.47,47,35.3,33,4,68.4
EMP00330,45,24,Finance,Entry,Bachelor,Remote,Part-Time,123681.52,104470.24,132599.19,6754.58,15,5851.35,86590.68,27,48.3,85,7,67.2
EMP00331,44,2,Marketing,Junior,PhD,Hybrid,Contract,40275.28,33583.61,42767.64,1436.26,2,1014.93,11322.22,28,49.6,12,16,62.6
EMP00332,33,13,IT,Mid,Diploma,Hybrid,Full-Time,97153.26,90101.29,94168.54,12911.49,11,6083.8,115263.04,7,47.9,18,19,86.3
EMP00333,27,7,Operations,Manager,Diploma,Remote,Full-Time,48775.63,38973.17,54130.34,4435.83,14,7658.24,191816.79,34,51.2,32,5,53.8
EMP00334,56,23,Engineering,Junior,PhD,Hybrid,Full-Time,129629.09,107548.33,148377.43,6393.63,10,3628.5,3911.6,27,40.3,48,5,73.8
EMP00335,40,20,Operations,Manager,Bachelor,Remote,Part-Time,104460.68,85221.44,103023.89,4290.79,7,5139.32,48811.34,34,43.6,2,7,63.3
EMP00336,21,1,HR,Mid,Bachelor,Remote,Full-Time,41742.48,37745.23,47128.35,5034.3,14,9323.24,63897.49,39,30.3,37,17,67.1
EMP00337,28,8,Marketing,Entry,PhD,Office,Full-Time,73119.4,68241.83,77606.14,5417.03,13,4975.53,153401.94,19,33.7,82,1,67.7
EMP00338,36,16,IT,Manager,Master,Hybrid,Contract,74743.36,68760.63,84997.16,14914.05,2,9967.26,65332.11,6,46.1,70,3,53.7
EMP00339,34,0,Marketing,Mid,Bachelor,Remote,Part-Time,30254.82,27517.99,29807.57,2815.58,10,1991.52,48577.69,30,44.1,14,16,56.0
EMP00340,32,12,Finance,Junior,PhD,Hybrid,Contract,85097.42,80617.72,94322.34,4953.66,1,7234.87,130063.04,28,34.9,37,2,66.7
EMP00341,43,23,HR,Entry,PhD,Hybrid,Full-Time,103010.28,91620.32,99091.39,13720.23,1,6699.88,10234.65,12,36.1,24,1,64.8
EMP00342,35,15,Operations,Manager,Diploma,Hybrid,Full-Time,85586.98,77046.32,96425.66,5474.65,3,8786.9,34948.78,15,38.6,60,7,68.7
EMP00343,48,16,Operations,Mid,PhD,Remote,Part-Time,65552.92,62049.8,71113.9,7141.04,11,1378.21,82198.02,45,47.9,85,10,76.8
EMP00344,54,27,Finance,Entry,High School,Office,Full-Time,127610.9,95886.59,130680.06,13636.97,19,3161.96,71764.39,39,45.2,86,3,66.3
EMP00345,22,2,Operations,Entry,Diploma,Hybrid,Part-Time,18660.36,16361.59,18438.18,1896.65,9,1755.7,70086.0,39,31.7,49,18,74.9
EMP00346,52,26,Sales,Senior,Diploma,Remote,Contract,97071.86,87150.56,108070.75,15851.39,13,9364.4,22602.45,15,49.0,9,3,71.6
EMP00347,43,23,HR,Entry,Bachelor,Hybrid,Part-Time,115049.62,107406.34,123177.67,6786.82,4,4553.04,72807.16,36,36.6,99,7,76.0
EMP00348,42,22,Finance,Mid,Master,Office,Contract,103268.4,95705.93,105548.89,18874.91,20,9145.63,159800.56,3,46.8,100,15,82.8
EMP00349,45,5,HR,Junior,Bachelor,Hybrid,Full-Time,53326.23,48974.39,55393.54,8662.38,6,3296.87,83355.0,1,33.1,49,1,65.3
EMP00350,42,6,IT,Senior,High School,Remote,Contract,45283.76,42528.62,50505.37,3620.98,2,1700.5,117648.07,7,54.9,41,19,65.4
EMP00351,42,22,HR,Mid,Diploma,Hybrid,Contract,109399.64,93807.55,111345.37,5744.41,9,3317.1,33552.3,9,32.0,70,5,74.7
EMP00352,26,6,HR,Mid,Diploma,Hybrid,Contract,61852.99,46475.35,59869.15,4349.27,18,6173.16,14872.56,1,48.5,51,7,74.2
EMP00353,35,15,IT,Mid,PhD,Hybrid,Part-Time,82453.59,62022.48,93358.6,6585.94,4,8529.71,176111.25,5,43.5,45,11,73.3
EMP00354,57,32,Finance,Manager,Master,Office,Contract,111842.72,96064.83,114914.9,13448.86,1,4161.21,66943.15,47,32.1,88,1,72.2
EMP00355,53,6,HR,Manager,Master,Hybrid,Part-Time,17207.46,14403.58,17546.06,487.77,1,9190.68,70717.11,36,30.7,39,2,73.7
EMP00356,28,8,Marketing,Junior,PhD,Remote,Part-Time,53106.22,44622.45,52621.89,9802.59,20,2820.2,175659.88,10,39.1,57,14,70.0
EMP00357,25,5,HR,Mid,High School,Hybrid,Part-Time,25009.34,20759.78,28247.66,944.39,17,7088.64,141846.5,2,50.1,23,10,71.1
EMP00358,59,15,Finance,Manager,Master,Hybrid,Full-Time,69399.95,64787.99,68948.93,4876.68,19,7489.28,151496.28,23,31.0,68,3,62.1
EMP00359,24,4,Operations,Manager,Diploma,Hybrid,Full-Time,36121.9,29686.21,38915.37,1433.02,3,3102.65,136718.69,39,47.6,84,14,76.0
EMP00360,26,6,Engineering,Manager,High School,Office,Full-Time,30823.94,28396.41,34712.47,2040.58,17,756.21,22052.66,29,46.4,39,5,55.8
EMP00361,52,6,IT,Junior,Bachelor,Remote,Part-Time,64983.16,60471.57,62187.76,11097.91,3,3969.75,191641.17,19,36.6,19,17,68.7
EMP00362,50,30,Operations,Junior,Bachelor,Hybrid,Full-Time,105021.14,89257.5,117178.21,13729.59,4,929.36,181918.12,38,31.9,28,7,67.9
EMP00363,55,8,Finance,Mid,High School,Remote,Contract,48649.78,40836.03,50212.41,2963.66,13,9057.16,48007.81,47,52.9,36,1,70.9
EMP00364,60,31,Sales,Senior,Diploma,Remote,Part-Time,150108.35,135428.37,162356.43,26556.65,15,9558.49,160994.84,20,37.5,19,11,73.2
EMP00365,36,10,Engineering,Mid,Bachelor,Office,Full-Time,44411.38,39596.93,45498.61,7289.16,12,7486.11,82469.89,12,32.8,17,6,52.8
EMP00366,33,7,Operations,Manager,Diploma,Remote,Part-Time,40888.53,33353.06,44531.83,6364.58,3,7403.5,137069.63,11,47.0,3,16,65.6
EMP00367,50,30,HR,Manager,PhD,Hybrid,Full-Time,106139.18,81781.26,106230.35,18316.85,8,2788.48,33955.0,35,35.4,10,14,79.4
EMP00368,39,19,Engineering,Entry,Master,Office,Contract,117271.64,94165.66,111922.42,15425.55,1,1202.29,108172.3,49,41.9,63,17,76.3
EMP00369,37,17,HR,Mid,High School,Office,Part-Time,112580.71,87385.79,128292.19,12413.0,18,8119.99,26196.64,7,31.3,85,15,70.1
EMP00370,39,7,IT,Manager,Master,Remote,Full-Time,57276.75,46333.82,54600.41,5000.74,13,5812.04,107697.27,23,54.8,51,14,74.6
EMP00371,48,21,HR,Manager,PhD,Office,Full-Time,77932.34,62530.13,86880.52,4697.57,7,6975.46,49475.2,50,41.2,42,7,77.6
EMP00372,46,3,Engineering,Senior,Bachelor,Remote,Contract,39336.97,34519.86,38700.8,4733.58,13,7906.59,91040.84,17,55.0,13,10,48.0
EMP00373,57,2,Marketing,Entry,Diploma,Remote,Contract,38885.81,36587.63,39991.88,7003.67,17,4389.63,133925.9,48,39.6,44,19,61.7
EMP00374,46,26,Marketing,Mid,Diploma,Office,Full-Time,105364.2,93473.72,117428.24,13372.48,13,1873.19,175537.84,2,38.7,27,7,68.9
EMP00375,43,23,Operations,Junior,PhD,Hybrid,Full-Time,117910.28,110285.01,116871.07,21875.8,13,8052.85,33892.51,5,52.9,3,15,68.5
EMP00376,29,9,Finance,Mid,High School,Remote,Part-Time,70277.19,63729.22,78931.23,5920.51,11,4810.77,178760.55,21,38.2,15,14,69.2
EMP00377,32,12,IT,Mid,Master,Office,Part-Time,55548.33,49747.73,58300.85,8061.44,14,8355.78,78617.49,13,40.8,37,15,82.3
EMP00378,21,1,Sales,Senior,Bachelor,Office,Full-Time,22214.89,18500.83,22730.96,3038.1,10,4658.14,168915.52,11,32.0,62,19,66.1
EMP00379,21,1,Operations,Mid,High School,Remote,Contract,47348.82,38587.35,51254.51,6660.94,8,2561.66,102997.04,24,53.9,22,16,74.5
EMP00380,54,14,Finance,Senior,PhD,Remote,Part-Time,82328.81,75681.21,83833.61,11205.57,6,2124.55,172579.51,33,32.1,76,2,54.2
EMP00381,52,22,IT,Senior,PhD,Remote,Full-Time,91077.99,84800.78,92850.16,5455.38,19,7567.26,132901.99,27,49.3,19,2,67.1
EMP00382,45,25,Engineering,Manager,Diploma,Remote,Contract,102894.73,86470.31,112845.2,4717.35,19,5961.45,102234.51,35,43.5,68,1,64.5
EMP00383,60,3,IT,Junior,Bachelor,Hybrid,Contract,64904.49,48796.02,65681.17,12731.22,12,4343.73,63195.19,18,31.5,82,16,72.6
EMP00384,21,1,Engineering,Senior,High School,Hybrid,Full-Time,27384.18,24878.69,27114.57,770.95,7,5175.11,193812.91,21,30.0,20,19,53.1
EMP00385,36,8,Operations,Entry,Diploma,Hybrid,Full-Time,60270.65,48639.24,66992.58,6279.75,18,5721.57,160378.63,4,53.4,41,4,51.1
EMP00386,59,4,Finance,Entry,Bachelor,Hybrid,Part-Time,27285.64,20518.19,30316.38,2633.46,20,2774.46,76856.25,41,48.6,68,3,62.9
EMP00387,25,5,Finance,Junior,Master,Office,Full-Time,35026.32,31908.89,36760.72,2970.35,18,4092.57,34178.0,32,47.2,13,11,56.8
EMP00388,42,19,HR,Senior,Master,Remote,Part-Time,101269.36,86431.66,106872.7,16279.77,3,3277.91,156127.55,43,41.0,99,17,77.1
EMP00389,49,10,Sales,Junior,Diploma,Office,Contract,51375.8,45572.5,55959.31,7920.25,9,4190.03,197998.91,49,36.0,69,5,76.9
EMP00390,23,3,Marketing,Manager,High School,Office,Part-Time,15000.0,13994.07,15777.82,2744.11,6,5255.34,56516.02,11,47.0,4,9,59.1
EMP00391,32,12,HR,Entry,Bachelor,Hybrid,Full-Time,91444.64,78480.97,94499.62,8338.63,1,2146.9,183256.75,3,45.2,23,1,64.9
EMP00392,46,26,IT,Mid,Master,Office,Part-Time,144926.96,123280.5,166518.01,17616.21,10,4238.39,25948.77,21,48.2,92,9,71.3
EMP00393,36,16,Sales,Entry,Master,Hybrid,Contract,107225.57,86652.46,105030.45,19366.57,8,4162.2,190489.04,43,39.1,28,4,53.7
EMP00394,57,16,Sales,Senior,High School,Remote,Contract,100760.49,81720.66,107667.18,20040.52,17,3217.04,149322.44,14,54.7,1,16,68.7
EMP00395,42,22,Finance,Junior,Diploma,Hybrid,Full-Time,127709.66,116127.47,143950.83,24836.08,3,9985.72,69972.65,6,31.7,5,15,61.5
EMP00396,49,6,Sales,Entry,PhD,Remote,Part-Time,60218.28,50571.67,65483.95,8985.28,3,1199.46,61621.73,29,32.0,33,10,57.7
EMP00397,34,14,Operations,Mid,Bachelor,Hybrid,Full-Time,54429.26,42602.07,61297.4,2491.82,3,6608.04,129043.64,31,52.9,75,5,68.2
EMP00398,48,24,Sales,Mid,Master,Office,Full-Time,122479.27,94175.02,124594.12,2960.75,7,2157.17,119107.92,47,46.2,21,16,74.1
EMP00399,25,5,IT,Junior,PhD,Office,Contract,47419.38,40049.65,47627.96,7992.03,11,8475.48,183868.4,28,38.2,3,6,59.3
EMP00400,50,18,Operations,Junior,High School,Hybrid,Part-Time,104312.22,87934.26,116856.23,17875.94,18,9184.87,153482.38,43,49.0,5,16,74.8
EMP00401,25,5,Operations,Entry,Diploma,Remote,Full-Time,47723.72,42029.89,49099.26,7365.92,5,4314.04,108532.61,50,41.3,66,4,52.2
EMP00402,32,12,HR,Senior,Bachelor,Remote,Contract,73803.34,62305.78,80588.56,5194.74,2,8323.05,185585.6,36,30.5,76,15,66.0
EMP00403,36,7,Sales,Manager,High School,Hybrid,Full-Time,37363.48,29094.76,36599.39,5050.32,14,2874.14,118953.4,28,46.3,62,3,45.3
EMP00404,46,3,Finance,Mid,Diploma,Office,Part-Time,22808.75,19423.03,25116.25,1754.56,1,1830.65,170087.28,19,36.1,86,19,69.1
EMP00405,46,26,Engineering,Junior,High School,Remote,Full-Time,92943.41,86563.58,98501.1,9398.13,4,3500.84,168347.59,3,32.9,98,9,82.3
EMP00406,41,21,HR,Manager,Master,Hybrid,Part-Time,74999.22,58641.01,75278.4,6662.8,14,3745.9,183919.78,12,35.6,89,5,81.6
EMP00407,59,10,Finance,Manager,Master,Remote,Contract,72821.79,64662.18,76382.84,13432.36,15,4274.9,14452.8,36,41.9,72,16,73.3
EMP00408,56,0,Sales,Manager,PhD,Office,Contract,21860.45,18991.75,23814.53,1358.59,20,4043.11,117180.11,24,31.2,86,3,68.6
EMP00409,53,23,HR,Senior,High School,Remote,Full-Time,118734.53,106827.49,113080.07,14719.51,20,4405.87,94210.13,12,52.1,67,8,75.1
EMP00410,50,30,Sales,Junior,Master,Hybrid,Contract,154010.35,120146.56,165945.13,13087.29,17,7245.32,98617.93,24,44.0,33,14,78.2
EMP00411,57,25,IT,Mid,Diploma,Remote,Full-Time,118174.46,110885.59,125066.18,16467.94,3,2833.01,92522.21,1,37.3,100,3,68.3
EMP00412,43,4,HR,Junior,PhD,Remote,Full-Time,51328.2,44870.76,51023.16,6242.61,4,676.47,167655.87,28,47.2,71,16,52.2
EMP00413,30,10,Finance,Entry,Bachelor,Office,Part-Time,61319.25,56377.79,67487.73,11424.76,18,5151.97,64368.15,16,50.1,33,7,71.1
EMP00414,25,5,IT,Mid,High School,Office,Full-Time,49233.43,39353.33,49759.85,1885.16,1,4758.77,93087.47,21,45.3,56,9,62.9
EMP00415,56,32,Marketing,Junior,Master,Office,Part-Time,175745.04,157798.41,176689.18,10494.68,5,1070.62,40935.83,30,35.1,36,3,80.7
EMP00416,54,26,Finance,Mid,Diploma,Office,Full-Time,107997.33,97867.84,112775.53,17057.38,18,1771.11,51091.61,34,32.8,5,8,62.4
EMP00417,51,31,Engineering,Entry,High School,Hybrid,Part-Time,138191.23,114627.84,149969.26,11937.18,13,5344.25,132423.6,26,51.5,70,12,96.5
EMP00418,30,10,Sales,Mid,Diploma,Remote,Contract,29267.32,24197.95,33240.92,1458.71,14,2730.13,24270.25,35,35.9,44,17,68.7
EMP00419,39,19,Finance,Manager,PhD,Remote,Full-Time,118973.02,104881.77,116387.91,13158.16,20,8837.18,38376.54,31,30.5,40,14,67.7
EMP00420,52,20,Marketing,Senior,Master,Remote,Part-Time,124734.62,95881.2,128388.55,17136.74,3,2146.28,106078.88,16,46.1,99,16,77.6
EMP00421,21,1,Finance,Entry,Master,Remote,Full-Time,15000.0,13456.87,14450.97,421.03,6,691.17,9710.83,42,33.8,4,19,65.3
EMP00422,25,5,IT,Mid,PhD,Hybrid,Part-Time,42755.09,32433.04,47103.71,3099.4,11,4751.86,26258.47,29,54.8,59,4,59.5
EMP00423,24,4,Operations,Entry,Diploma,Office,Part-Time,38434.53,30290.95,39954.49,6368.45,9,9868.55,172807.23,29,51.7,66,3,55.8
EMP00424,36,16,Finance,Manager,High School,Remote,Full-Time,85840.61,75782.56,93685.23,9755.27,20,6521.79,169383.21,9,45.2,16,13,55.8
EMP00425,44,13,HR,Senior,Diploma,Remote,Full-Time,98556.46,75855.43,99979.51,2598.76,19,3863.28,70207.44,14,50.8,82,9,63.7
EMP00426,36,9,Engineering,Entry,High School,Office,Contract,41553.58,39241.89,46492.78,2939.96,7,660.25,70250.27,8,41.8,64,13,76.2
EMP00427,22,2,Marketing,Manager,PhD,Office,Contract,22406.53,20696.45,23682.94,3025.9,10,5107.01,187366.57,2,49.7,100,12,61.2
EMP00428,48,28,Finance,Manager,Bachelor,Remote,Contract,138974.43,121638.83,158253.18,7766.55,7,2461.43,6142.39,11,46.2,54,15,66.8
EMP00429,52,29,Marketing,Manager,High School,Office,Full-Time,117739.12,107591.36,113708.07,19889.72,5,6653.66,116478.81,2,30.7,8,3,59.9
EMP00430,47,2,Operations,Mid,Master,Remote,Contract,15000.0,13912.74,15792.83,2126.75,4,6038.58,119880.73,47,53.7,3,3,52.7
EMP00431,40,20,IT,Junior,Master,Remote,Part-Time,97250.54,77984.73,107295.65,10196.55,17,3019.53,157789.53,18,51.5,41,2,59.4
EMP00432,44,5,HR,Entry,Master,Remote,Full-Time,57350.23,52755.46,61366.5,10599.03,5,1154.39,190398.35,5,53.8,45,6,58.3
EMP00433,32,12,Sales,Junior,Diploma,Remote,Part-Time,62721.12,49484.38,59876.02,5677.78,17,7672.68,71809.69,7,48.3,73,16,67.5
EMP00434,55,7,Finance,Manager,Diploma,Remote,Part-Time,64107.08,53379.94,73368.49,3994.72,17,6061.91,88128.86,23,40.3,95,18,80.8
EMP00435,53,32,IT,Junior,Diploma,Remote,Part-Time,130916.62,112804.55,132180.32,18204.29,17,8500.2,134588.4,19,35.2,0,9,75.7
EMP00436,53,16,Marketing,Manager,Master,Office,Full-Time,85626.03,76445.05,85613.66,10548.54,1,2968.1,193487.05,19,34.5,86,3,82.5
EMP00437,57,10,Operations,Manager,High School,Hybrid,Full-Time,52947.97,40030.16,55443.51,4254.08,2,6702.19,178267.68,48,33.6,16,16,64.8
EMP00438,32,12,Engineering,Senior,Master,Hybrid,Contract,62683.58,50654.72,66346.29,5131.25,19,1627.46,133743.55,19,35.5,93,4,64.2
EMP00439,23,3,Marketing,Senior,High School,Remote,Contract,30100.97,26239.13,33209.13,2759.59,9,3272.19,171487.99,49,43.8,90,14,76.8
EMP00440,21,1,Engineering,Junior,Diploma,Office,Contract,28846.78,23696.87,29673.38,2088.65,20,6737.12,17955.68,45,47.1,78,4,62.3
EMP00441,53,27,Operations,Entry,Bachelor,Remote,Contract,110381.31,99895.64,114574.93,16319.15,15,8343.02,76048.26,40,37.9,6,18,70.0
EMP00442,60,5,Engineering,Junior,Diploma,Office,Part-Time,27408.91,24128.9,28971.0,3761.72,19,3548.79,3605.41,28,43.7,96,18,76.7
EMP00443,30,10,Operations,Entry,PhD,Remote,Full-Time,61908.29,49333.5,63696.04,6149.97,5,8089.11,36316.98,11,38.5,4,18,70.7
EMP00444,49,3,IT,Junior,High School,Remote,Contract,37643.97,29331.65,42647.22,3448.71,13,6938.65,126468.02,50,47.4,51,3,45.1
EMP00445,33,13,Finance,Mid,Bachelor,Hybrid,Part-Time,70783.26,61992.65,79294.98,6066.78,4,3812.41,177226.76,11,54.7,97,7,64.6
EMP00446,32,12,Sales,Mid,Diploma,Office,Full-Time,70067.45,58863.2,72939.84,4976.49,13,8825.77,126923.28,9,47.2,52,13,70.6
EMP00447,51,11,Finance,Entry,Bachelor,Office,Full-Time,62850.6,49261.76,59710.52,2226.51,6,5337.68,133163.48,14,31.5,2,7,70.7
EMP00448,22,2,HR,Senior,Master,Hybrid,Full-Time,43796.29,35706.02,49498.0,2990.27,12,6658.34,21660.5,34,41.9,61,13,69.9
EMP00449,55,24,Finance,Entry,High School,Hybrid,Part-Time,115751.33,93829.11,112842.19,9007.33,9,5208.5,133307.24,29,49.3,31,4,63.3
EMP00450,43,17,Operations,Junior,PhD,Hybrid,Contract,99577.98,76837.0,99468.69,11808.27,15,4800.84,91415.0,49,43.6,1,16,64.8
EMP00451,37,17,Operations,Manager,Master,Hybrid,Full-Time,90059.99,77395.92,88301.32,14344.93,15,8555.79,130636.61,21,53.8,79,15,80.9
EMP00452,46,22,HR,Mid,Bachelor,Office,Part-Time,116543.92,105207.66,114908.01,10631.88,17,3299.69,65908.45,48,31.4,80,13,59.5
EMP00453,28,8,Marketing,Manager,Diploma,Office,Full-Time,54051.74,46759.8,60028.54,10272.87,5,847.98,116715.7,5,37.3,52,10,59.5
EMP00454,49,25,Operations,Mid,High School,Hybrid,Part-Time,162815.12,149017.88,173544.68,27503.22,5,8857.94,85389.79,33,35.5,11,10,80.2
EMP00455,46,5,HR,Junior,PhD,Remote,Contract,32084.77,24882.18,36615.75,6329.18,5,8337.73,112168.77,9,49.2,4,5,58.4
EMP00456,30,3,Operations,Mid,Diploma,Remote,Contract,15000.0,12556.84,14944.36,2665.75,14,3982.32,30270.81,3,43.1,3,4,49.2
EMP00457,46,26,Sales,Entry,PhD,Remote,Full-Time,145392.07,126764.88,152243.96,19047.91,2,2261.79,79769.15,14,33.5,55,19,72.3
EMP00458,54,33,Operations,Manager,High School,Remote,Contract,107982.61,95586.24,123692.53,13792.22,9,6917.57,75481.45,18,37.1,79,15,89.2
EMP00459,27,7,IT,Manager,Bachelor,Office,Contract,57674.01,51281.26,64323.17,2498.13,14,1248.23,147542.51,12,43.1,81,9,66.8
EMP00460,24,4,HR,Junior,PhD,Office,Part-Time,58179.94,52117.19,63749.1,8728.84,15,4525.67,141575.49,23,54.9,63,16,66.7
EMP00461,31,1,Engineering,Manager,High School,Office,Part-Time,32390.96,28513.31,31995.63,4147.25,4,1315.69,181862.88,14,39.1,44,4,59.4
EMP00462,49,29,Finance,Junior,PhD,Remote,Full-Time,128321.66,98659.55,141651.86,14275.5,6,6180.14,126779.06,16,33.9,59,11,78.1
EMP00463,56,7,HR,Senior,Diploma,Hybrid,Part-Time,61681.27,54838.42,62884.86,8930.93,14,758.48,63594.88,37,42.4,19,17,67.5
EMP00464,45,12,Marketing,Entry,PhD,Remote,Contract,94133.79,84245.65,99415.39,9406.66,5,6477.76,156861.71,20,37.8,52,1,51.6
EMP00465,41,7,Operations,Mid,Diploma,Office,Part-Time,57488.53,54539.14,61618.06,6570.64,11,6895.45,99902.53,20,44.1,72,9,58.4
EMP00466,56,29,HR,Mid,Diploma,Remote,Contract,119658.47,106337.19,128258.65,10973.09,14,5127.87,39505.15,15,41.7,15,12,79.3
EMP00467,30,10,Sales,Mid,High School,Hybrid,Full-Time,86204.3,76494.77,94419.97,12855.37,7,2162.57,149734.88,41,47.2,98,12,75.2
EMP00468,57,35,HR,Senior,Master,Hybrid,Contract,194693.76,166066.51,210724.92,34614.6,14,1463.24,27373.75,25,52.9,92,10,84.5
EMP00469,29,9,Sales,Entry,PhD,Remote,Part-Time,73029.75,67449.15,70376.89,12513.8,13,3476.28,36452.51,17,35.0,29,9,59.0
EMP00470,44,0,Operations,Manager,Bachelor,Office,Part-Time,33531.87,31834.05,34922.41,5414.88,18,4919.46,151992.43,12,50.5,19,20,70.9
EMP00471,55,16,Finance,Manager,Diploma,Office,Part-Time,96341.45,87266.95,104318.93,2165.93,2,6600.98,154258.79,45,53.7,85,16,73.4
EMP00472,55,19,Operations,Entry,Master,Office,Part-Time,107165.3,93501.73,108151.07,19733.26,9,511.88,158365.47,42,39.3,86,13,84.6
EMP00473,56,23,Marketing,Entry,Diploma,Remote,Full-Time,129453.87,99134.6,131086.45,8994.15,11,7255.11,59371.7,39,32.8,51,3,62.5
EMP00474,38,18,IT,Mid,Master,Office,Contract,97939.78,87690.17,95482.81,17613.03,20,7270.76,173450.9,7,50.5,35,18,70.7
EMP00475,59,28,Finance,Manager,Master,Remote,Part-Time,145698.76,129921.38,150612.16,8079.62,11,4723.11,144810.96,8,47.5,21,4,67.4
EMP00476,52,21,Finance,Entry,Bachelor,Office,Contract,143106.23,129527.4,164195.23,14187.01,6,3762.36,166959.51,24,35.3,0,19,79.7
EMP00477,44,8,IT,Manager,Master,Hybrid,Full-Time,33147.74,25686.55,33381.89,5134.31,1,8501.93,142012.49,47,41.1,20,13,64.5
EMP00478,43,9,HR,Entry,Bachelor,Hybrid,Contract,60246.87,53062.22,63638.0,8148.4,5,7953.58,116339.7,25,44.4,47,13,67.6
EMP00479,52,32,Operations,Junior,High School,Office,Part-Time,126995.8,102757.99,139523.62,12047.58,14,9841.12,22769.56,21,34.2,82,12,78.2
EMP00480,57,27,HR,Mid,Diploma,Remote,Contract,138189.87,124654.76,131653.42,19644.01,16,4033.34,142476.31,50,47.9,71,1,71.8
EMP00481,32,12,HR,Entry,Bachelor,Office,Part-Time,60057.14,47930.09,67869.84,7135.44,9,9114.91,138401.69,33,47.2,4,2,57.2
EMP00482,33,13,Operations,Senior,Diploma,Remote,Part-Time,55490.44,49208.69,57005.89,3863.94,19,1330.32,63185.74,10,52.2,39,3,56.2
EMP00483,43,23,Marketing,Entry,PhD,Hybrid,Full-Time,126799.41,102580.55,142500.12,17287.74,20,4408.93,147428.13,22,44.2,92,13,78.9
EMP00484,45,1,Finance,Junior,High School,Remote,Full-Time,29808.73,22410.17,28550.49,1692.08,8,4921.05,110540.46,19,44.4,81,12,66.4
EMP00485,55,7,Sales,Senior,PhD,Office,Contract,49576.73,43462.51,48542.2,7184.56,8,4688.31,112321.84,29,45.5,92,16,88.5
EMP00486,50,26,IT,Senior,PhD,Hybrid,Contract,103336.72,79843.51,104835.71,2124.6,16,6438.43,74153.33,3,36.8,78,14,74.8
EMP00487,37,17,Finance,Entry,Master,Remote,Part-Time,66051.15,58247.76,67312.23,7845.49,18,2116.97,24240.22,39,49.0,44,14,65.9
EMP00488,40,20,HR,Junior,Master,Remote,Part-Time,111708.38,104460.95,125064.11,10298.64,8,8731.3,44168.76,4,46.6,30,17,76.3
EMP00489,45,25,IT,Senior,PhD,Hybrid,Part-Time,114226.91,107812.98,108771.46,8516.61,9,5741.76,153997.5,37,51.0,14,5,60.2
EMP00490,42,2,Sales,Mid,Master,Office,Part-Time,25895.71,20643.66,27921.34,2921.75,5,9089.99,55016.87,31,49.2,57,6,52.2
EMP00491,33,12,Finance,Mid,Diploma,Hybrid,Full-Time,55381.43,50499.59,54066.81,7540.52,2,525.0,1448.36,6,46.0,52,10,57.1
EMP00492,39,9,Finance,Manager,Master,Office,Part-Time,40329.6,33098.93,44953.11,7814.11,14,6484.89,199406.47,28,34.0,44,9,58.9
EMP00493,56,35,Marketing,Manager,PhD,Office,Full-Time,127389.13,118483.54,140856.03,21649.99,18,4418.35,42925.76,10,53.0,66,7,72.4
EMP00494,32,8,Finance,Junior,Master,Remote,Contract,46291.89,42009.79,48605.75,6901.52,13,5298.44,131421.25,12,39.2,41,4,51.1
EMP00495,39,19,Finance,Senior,Master,Office,Contract,112750.08,86229.5,111908.68,11975.64,12,7566.14,185457.48,46,54.1,96,7,70.3
EMP00496,32,12,Sales,Mid,Bachelor,Office,Full-Time,76511.95,63614.13,82395.64,6930.91,15,2657.94,120342.83,2,40.0,23,11,49.0
EMP00497,29,0,Sales,Mid,Bachelor,Hybrid,Part-Time,23574.43,19271.24,23132.45,609.52,15,2446.54,160007.09,3,33.6,37,6,60.6
EMP00498,27,7,IT,Junior,PhD,Hybrid,Contract,75501.56,68482.65,74595.9,6390.26,1,7178.57,195297.97,1,52.1,50,16,64.8
EMP00499,48,24,HR,Senior,Diploma,Office,Full-Time,143969.05,119790.47,154815.39,24864.59,7,5452.97,172212.32,35,49.9,23,16,72.2
EMP00500,34,14,Sales,Junior,High School,Remote,Contract,74107.35,65727.12,85093.44,6604.77,13,2719.57,112022.91,24,49.7,76,13,76.3
EMP00501,51,6,IT,Entry,High School,Hybrid,Part-Time,36784.4,32020.34,41500.61,3791.93,18,5098.18,73376.88,47,32.2,90,12,71.2
EMP00502,39,2,Finance,Mid,PhD,Remote,Full-Time,42171.19,39857.16,45065.04,2906.87,1,4865.8,97010.43,48,52.0,32,2,50.6
EMP00503,36,16,IT,Junior,Diploma,Hybrid,Contract,85536.88,80195.7,90472.98,5931.46,11,7068.72,168523.41,34,44.9,18,13,71.7
EMP00504,25,5,IT,Junior,Diploma,Hybrid,Part-Time,54774.76,45766.5,62973.28,1705.52,13,525.28,170817.57,20,41.8,24,1,66.0
EMP00505,55,29,IT,Entry,Diploma,Office,Full-Time,154115.63,137889.67,163282.34,20109.73,20,6074.22,169325.13,16,52.8,69,10,69.9
EMP00506,32,12,Operations,Manager,Bachelor,Hybrid,Full-Time,67831.36,62126.2,70139.2,6827.39,9,6253.94,119847.66,30,46.7,96,10,76.0
EMP00507,45,25,IT,Mid,PhD,Hybrid,Full-Time,155758.6,144820.79,176304.89,20104.22,16,7582.35,95914.23,47,33.3,88,11,69.4
EMP00508,41,21,Sales,Junior,High School,Remote,Full-Time,108598.21,82928.51,108254.7,12862.33,11,8947.69,62956.27,39,43.0,86,9,81.9
EMP00509,56,25,Engineering,Mid,Diploma,Hybrid,Contract,150060.75,121611.59,145484.67,24578.75,3,4681.8,1668.81,25,45.9,48,4,64.2
EMP00510,43,13,Engineering,Manager,PhD,Hybrid,Full-Time,60918.5,49590.46,65598.14,9453.46,17,3753.94,153132.57,5,52.5,16,17,64.4
EMP00511,36,16,Engineering,Junior,High School,Remote,Full-Time,69062.37,57797.55,66933.17,10971.36,2,1472.04,56122.66,29,37.0,20,19,80.9
EMP00512,59,17,Engineering,Entry,Bachelor,Office,Full-Time,79833.67,62577.86,81799.95,8770.77,9,3699.94,66605.9,37,49.9,42,10,73.9
EMP00513,59,28,Operations,Mid,Master,Office,Full-Time,131547.86,111715.86,136114.6,11010.38,9,1150.6,168852.76,28,50.0,83,13,75.0
EMP00514,34,14,HR,Entry,High School,Hybrid,Full-Time,53623.61,47330.5,56814.63,10082.24,16,8126.79,11397.98,41,33.2,75,2,65.3
EMP00515,51,26,IT,Manager,High School,Hybrid,Part-Time,82323.75,69931.79,94534.99,2450.66,1,8166.56,185596.45,23,30.4,76,9,70.4
EMP00516,25,5,Marketing,Manager,High School,Remote,Contract,41022.93,36229.75,40784.84,1947.43,17,4463.76,1271.02,32,44.5,81,7,52.7
EMP00517,55,3,Engineering,Mid,Master,Office,Part-Time,48553.03,37059.96,49774.2,4638.17,10,2966.59,187894.65,46,49.7,21,10,61.5
EMP00518,43,0,Finance,Manager,Diploma,Office,Contract,25997.88,24053.17,25385.58,3393.05,20,1621.19,91496.94,18,43.9,62,12,60.9
EMP00519,49,0,Engineering,Senior,Master,Office,Full-Time,24599.46,23069.72,26358.88,528.3,5,8586.75,21322.4,41,50.3,23,20,59.2
EMP00520,31,11,Engineering,Mid,High School,Remote,Contract,80608.96,70418.5,88309.91,12049.28,8,8836.21,135158.11,35,45.6,32,11,74.9
EMP00521,38,18,Finance,Senior,Bachelor,Remote,Full-Time,109616.91,101535.76,114704.82,13216.6,13,3029.75,179275.43,43,46.3,66,4,60.7
EMP00522,32,12,Operations,Manager,High School,Remote,Full-Time,70590.43,54798.59,70531.58,7570.58,5,6406.73,88176.49,24,30.7,80,12,71.8
EMP00523,29,9,Finance,Mid,Bachelor,Hybrid,Part-Time,46800.51,42564.59,50272.06,4503.57,4,2957.21,138580.22,47,32.2,95,12,78.1
EMP00524,30,10,Finance,Senior,PhD,Office,Part-Time,79564.38,61569.28,84165.71,9031.17,8,2638.7,195893.18,28,48.1,16,8,60.1
EMP00525,37,4,Operations,Manager,Bachelor,Hybrid,Part-Time,32419.5,26960.12,31908.48,1592.49,7,701.48,48899.46,36,49.1,47,20,64.6
EMP00526,58,0,Finance,Junior,High School,Hybrid,Contract,18057.11,14712.28,18619.35,714.49,5,5983.01,164269.44,21,43.6,43,14,65.3
EMP00527,27,7,IT,Junior,Master,Remote,Contract,40678.25,35272.86,42184.95,2934.32,10,1924.44,59752.18,5,44.8,24,7,63.5
EMP00528,33,13,Engineering,Entry,High School,Office,Part-Time,86570.14,70148.03,99254.7,12787.35,17,617.53,85841.18,26,45.4,71,3,70.4
EMP00529,60,33,HR,Junior,High School,Hybrid,Part-Time,156036.28,136916.02,174738.35,19643.69,6,1496.09,57071.41,50,32.6,98,19,100.0
EMP00530,29,9,Operations,Senior,PhD,Office,Full-Time,66898.36,55089.29,73379.08,7119.47,10,3480.81,89756.34,23,46.7,59,14,65.8
EMP00531,47,3,Marketing,Junior,Diploma,Hybrid,Contract,31642.05,29178.97,35684.49,3887.98,16,6857.05,2012.72,44,42.0,28,19,68.4
EMP00532,22,2,Operations,Mid,High School,Remote,Full-Time,18654.68,16355.99,20465.99,2250.99,10,2424.92,61384.33,33,45.1,11,10,50.0
EMP00533,25,5,Sales,Mid,PhD,Hybrid,Contract,33822.4,26823.18,38242.32,2545.73,4,8932.11,89613.52,26,44.1,99,12,73.5
EMP00534,49,20,Marketing,Mid,Master,Remote,Part-Time,110642.74,90420.11,106317.78,4153.76,2,3240.64,126815.8,22,49.1,8,18,74.5
EMP00535,57,34,Sales,Junior,PhD,Office,Contract,152309.94,140046.58,158587.12,27632.19,1,3646.65,127834.92,20,38.0,89,19,86.2
EMP00536,58,11,Operations,Junior,PhD,Hybrid,Contract,67478.42,55824.63,74184.41,8636.16,3,2570.78,117173.34,2,39.3,85,18,70.6
EMP00537,39,19,Sales,Entry,Bachelor,Hybrid,Full-Time,98650.97,84559.65,105226.96,14363.05,13,2911.15,59313.33,41,39.8,52,13,70.3
EMP00538,28,8,Marketing,Manager,Diploma,Remote,Part-Time,46120.88,40576.62,45430.6,4774.41,12,1204.28,189533.46,18,49.1,60,17,72.4
EMP00539,21,1,IT,Entry,Diploma,Remote,Part-Time,29085.19,23837.11,29611.58,4542.13,1,3300.32,79001.99,5,40.8,30,6,50.3
EMP00540,42,6,Operations,Senior,Master,Office,Part-Time,56748.2,45897.7,57517.42,7105.41,10,8666.37,44161.89,32,34.4,47,16,65.8
EMP00541,37,17,Operations,Mid,PhD,Remote,Full-Time,81956.4,69257.34,82142.39,2432.81,6,7040.03,111348.07,46,54.6,93,18,78.7
EMP00542,27,4,Finance,Junior,Master,Office,Full-Time,57863.27,45884.2,58941.1,10427.97,9,8815.05,150036.81,11,42.3,78,9,53.8
EMP00543,45,20,Operations,Manager,Master,Hybrid,Full-Time,74121.36,59804.24,78047.62,5558.84,1,1496.16,3434.48,21,32.7,46,13,65.4
EMP00544,24,4,Engineering,Manager,Diploma,Office,Contract,37797.42,28817.34,42369.91,1694.09,12,4828.36,55992.46,22,46.8,32,4,52.7
EMP00545,56,3,Engineering,Junior,Diploma,Office,Contract,41101.65,33324.98,45146.32,1473.39,5,2677.92,165170.59,3,48.5,66,13,76.9
EMP00546,26,6,Operations,Entry,Diploma,Office,Full-Time,46976.71,38245.65,52475.33,7031.44,1,7351.55,101897.2,9,42.5,97,3,57.0
EMP00547,51,19,IT,Manager,High School,Hybrid,Full-Time,65828.04,62034.14,74169.81,9657.91,2,9717.26,82289.17,2,46.2,63,4,66.9
EMP00548,39,14,Finance,Entry,PhD,Hybrid,Part-Time,63209.76,54862.65,65310.23,9230.47,14,8245.92,186249.35,46,34.3,16,19,64.3
EMP00549,59,28,HR,Junior,Master,Remote,Contract,133817.51,121436.24,136387.51,24734.23,2,835.14,18817.48,28,39.2,43,1,62.7
EMP00550,47,7,Sales,Entry,PhD,Office,Contract,30631.47,23251.59,29452.91,2536.58,5,3508.27,123498.47,34,34.0,4,1,44.4
EMP00551,30,10,Marketing,Mid,Master,Hybrid,Part-Time,45109.73,34793.47,51249.09,5458.46,10,771.51,69095.55,10,39.7,93,9,73.4
EMP00552,46,26,HR,Junior,Master,Office,Part-Time,166443.26,151947.29,160312.26,21888.82,20,881.59,15093.86,19,44.1,61,3,60.7
EMP00553,39,19,Finance,Junior,Master,Office,Part-Time,99626.91,87144.64,109412.97,19557.43,6,1255.4,43535.16,29,41.1,62,3,72.9
EMP00554,59,3,Engineering,Manager,Master,Office,Full-Time,16526.31,13025.98,16949.75,1259.67,5,3125.11,125958.71,2,44.8,78,18,73.6
EMP00555,23,3,Engineering,Manager,Bachelor,Hybrid,Full-Time,45358.77,37691.28,51697.94,8715.22,2,3389.93,6627.11,48,42.5,38,2,55.4
EMP00556,33,13,Engineering,Manager,Bachelor,Office,Full-Time,77746.94,66686.23,80384.15,3636.39,9,4304.31,118857.51,6,37.9,71,11,76.5
EMP00557,48,0,IT,Mid,High School,Office,Full-Time,15702.85,14426.55,17482.32,2473.52,10,4346.85,191413.23,44,33.6,41,9,81.3
EMP00558,40,2,Engineering,Mid,Diploma,Remote,Full-Time,33673.9,25662.29,33893.83,4509.59,8,7828.39,159224.12,7,36.3,91,2,63.0
EMP00559,48,23,Marketing,Senior,Master,Office,Contract,131961.86,114720.31,133257.43,22043.08,6,1843.33,69773.82,36,35.0,20,20,69.3
EMP00560,28,8,Sales,Junior,PhD,Remote,Contract,54481.14,48673.84,58245.99,1370.93,5,1998.54,28503.32,8,47.7,46,4,70.9
EMP00561,59,35,Operations,Manager,Bachelor,Office,Contract,166556.86,157492.57,191473.19,5673.52,18,6452.6,93547.82,19,50.5,73,9,80.9
EMP00562,21,1,Operations,Junior,Diploma,Remote,Part-Time,26723.2,24356.38,28153.27,869.71,20,5931.55,79197.14,10,48.0,27,14,77.2
EMP00563,23,3,HR,Entry,High School,Hybrid,Contract,28303.51,22791.27,32188.49,3586.98,18,1963.04,194374.86,33,46.1,20,19,62.9
EMP00564,33,13,Sales,Mid,Diploma,Hybrid,Part-Time,79791.58,71167.37,88349.22,10255.49,2,8596.51,197983.74,37,37.7,27,16,78.8
EMP00565,48,23,Finance,Senior,Master,Office,Contract,103566.81,93485.16,114873.49,18962.97,12,3626.06,82706.35,38,47.8,85,14,78.1
EMP00566,45,3,Sales,Entry,Diploma,Remote,Full-Time,31903.06,28583.45,33089.6,3323.3,8,3986.19,30608.01,27,45.1,18,15,82.0
EMP00567,53,2,IT,Junior,Master,Hybrid,Contract,16283.33,14883.44,16728.01,525.12,4,4494.37,182211.3,29,31.2,62,18,66.6
EMP00568,58,33,HR,Mid,Bachelor,Office,Full-Time,169861.22,158097.65,167888.17,9803.59,20,3565.67,158914.91,19,52.7,51,15,100.0
EMP00569,26,6,HR,Manager,Bachelor,Office,Full-Time,38253.45,29443.14,43715.59,820.66,4,5795.82,102743.57,18,32.0,37,19,72.3
EMP00570,52,22,IT,Entry,Master,Remote,Contract,95525.92,73645.97,109079.02,15265.87,9,4192.15,73705.57,23,42.6,45,9,76.8
EMP00571,41,4,Sales,Mid,PhD,Remote,Contract,46653.58,42421.17,51291.58,7782.19,9,2964.63,90185.0,1,42.8,23,16,76.9
EMP00572,36,16,Engineering,Junior,Bachelor,Office,Full-Time,50639.66,40535.75,51108.1,10109.16,12,9092.51,180474.35,43,50.9,91,17,71.7
EMP00573,41,5,IT,Junior,PhD,Remote,Part-Time,48398.81,36865.78,48352.15,4558.93,14,3429.33,37744.05,3,52.8,44,10,69.8
EMP00574,31,9,Engineering,Entry,Master,Remote,Part-Time,68567.78,56928.11,78696.75,1609.54,3,7135.64,161549.92,10,53.5,76,5,62.0
EMP00575,57,6,Marketing,Entry,Master,Hybrid,Contract,53807.93,49179.12,51833.64,3349.62,6,3798.65,4619.94,7,44.2,8,9,61.0
EMP00576,56,20,IT,Entry,Bachelor,Remote,Full-Time,72461.45,56180.3,81063.55,9115.53,15,4634.59,184193.83,49,47.0,8,14,71.0
EMP00577,55,19,Engineering,Senior,PhD,Office,Part-Time,88962.26,78675.41,90838.61,17183.04,19,2741.46,100559.16,26,32.2,20,10,72.1
EMP00578,39,2,Sales,Manager,Master,Remote,Contract,47036.15,35311.13,48624.75,1817.67,4,7647.13,46122.82,16,42.2,23,1,57.3
EMP00579,40,20,Engineering,Mid,Bachelor,Office,Contract,119770.65,92456.65,133711.41,5016.37,1,7503.43,1568.44,39,52.4,94,20,77.5
EMP00580,38,3,IT,Junior,Master,Office,Full-Time,28484.88,23362.44,27576.8,4167.81,9,711.28,112349.75,45,41.4,63,3,59.5
EMP00581,34,14,Finance,Junior,Diploma,Remote,Part-Time,85837.1,65813.06,87625.42,12025.54,16,1071.84,49653.09,32,31.7,92,16,59.2
EMP00582,35,11,Operations,Manager,Diploma,Remote,Contract,74989.51,68928.89,85518.41,4881.15,9,9262.58,126621.6,12,35.0,39,5,69.1
EMP00583,51,31,IT,Entry,Bachelor,Remote,Part-Time,110364.87,101846.26,120277.09,18360.97,12,8943.86,56952.69,44,40.7,73,13,92.3
EMP00584,21,1,Operations,Entry,Master,Hybrid,Contract,15000.0,13516.71,16514.82,647.7,14,5307.83,18516.78,8,35.9,51,5,59.4
EMP00585,23,3,IT,Junior,Bachelor,Hybrid,Contract,30399.16,24273.61,33484.71,5673.5,15,5186.9,101505.27,8,39.8,3,11,48.2
EMP00586,36,16,Sales,Manager,High School,Remote,Part-Time,100366.79,85778.42,96564.3,5639.18,16,8218.03,113332.66,45,38.3,2,17,75.3
EMP00587,43,23,Marketing,Junior,Bachelor,Office,Part-Time,97541.9,76749.65,96629.06,3379.19,8,1815.28,91065.42,11,38.0,12,3,59.2
EMP00588,31,11,Marketing,Entry,Bachelor,Remote,Full-Time,74268.05,59879.03,77851.68,6024.18,10,6710.14,92149.08,33,32.3,20,6,62.6
EMP00589,32,12,Operations,Mid,Diploma,Hybrid,Full-Time,72084.63,61502.68,73787.99,3878.98,14,5021.84,118340.38,25,52.1,7,16,72.6
EMP00590,30,10,Sales,Entry,Diploma,Hybrid,Full-Time,57583.54,51652.59,59436.72,6613.44,17,7561.64,105744.35,17,47.3,72,20,78.6
EMP00591,52,32,Engineering,Mid,Master,Remote,Full-Time,149324.79,114820.44,165196.44,21447.87,3,785.98,27380.94,31,45.6,0,2,75.0
EMP00592,36,15,Sales,Senior,Bachelor,Office,Part-Time,105273.21,85201.75,100318.61,11408.02,4,6130.89,40220.04,19,45.2,13,5,63.1
EMP00593,28,8,Sales,Manager,Bachelor,Office,Full-Time,56144.23,52513.06,60753.58,7798.96,16,5788.92,29216.42,45,39.9,75,19,74.5
EMP00594,58,20,Finance,Senior,Master,Hybrid,Part-Time,75555.96,63151.54,71779.83,6474.06,14,8488.06,138965.82,15,50.6,35,20,82.0
EMP00595,32,12,HR,Entry,PhD,Hybrid,Contract,104748.01,98229.95,100831.66,2621.43,14,6929.94,106191.08,44,53.3,21,11,64.9
EMP00596,44,7,IT,Manager,Master,Hybrid,Part-Time,43209.38,40974.6,44577.27,8440.16,16,8861.52,86541.17,49,30.1,35,18,64.1
EMP00597,48,15,Sales,Entry,Diploma,Office,Full-Time,69515.93,59459.2,77732.0,11643.53,8,8929.1,159869.46,35,32.0,44,3,66.3
EMP00598,28,8,Sales,Manager,Diploma,Hybrid,Part-Time,37766.88,30500.87,36973.75,1254.44,18,4377.56,65833.14,39,46.9,15,12,55.7
EMP00599,48,9,Sales,Manager,Bachelor,Hybrid,Part-Time,72078.82,65458.77,76470.18,7269.28,7,1805.62,114053.23,2,35.9,10,13,63.8
EMP00600,56,31,Marketing,Entry,Diploma,Office,Part-Time,116204.71,90856.06,126163.57,15606.69,3,6487.69,15807.11,34,52.8,66,20,75.1
EMP00601,46,26,Sales,Entry,Master,Hybrid,Part-Time,155141.1,124176.39,154506.04,8425.24,6,8800.59,149136.41,25,46.7,97,20,80.9
EMP00602,28,8,IT,Manager,Bachelor,Hybrid,Part-Time,62575.19,56754.2,65858.27,7761.7,20,1212.06,139343.3,38,39.2,24,9,58.6
EMP00603,48,16,Engineering,Manager,Master,Remote,Full-Time,88395.57,73963.15,100088.67,10258.9,16,5800.27,160673.55,4,40.4,89,9,64.5
EMP00604,48,10,Engineering,Entry,Master,Hybrid,Part-Time,77111.57,60941.86,81155.74,4432.97,4,1592.5,177010.72,16,47.3,66,7,72.9
EMP00605,57,31,Sales,Entry,Bachelor,Remote,Full-Time,138050.55,121515.56,135491.73,6269.96,19,756.46,151847.63,32,33.5,83,1,80.0
EMP00606,56,9,IT,Junior,PhD,Hybrid,Contract,51239.91,45939.26,55111.74,8024.85,2,6956.54,169053.49,15,52.1,30,1,66.8
EMP00607,47,21,Finance,Junior,Diploma,Hybrid,Part-Time,138329.77,107207.54,147797.06,10798.79,4,6977.57,69785.27,42,30.1,64,19,77.6
EMP00608,37,16,Engineering,Junior,High School,Remote,Contract,88525.14,71297.79,84576.11,5659.17,2,6206.25,69324.14,14,54.5,89,3,64.2
EMP00609,29,3,HR,Senior,High School,Hybrid,Full-Time,21263.01,16888.26,20585.12,3249.37,7,8662.62,188915.86,41,34.2,88,7,69.1
EMP00610,53,24,Marketing,Manager,High School,Remote,Part-Time,152866.38,126263.19,150016.39,23310.96,15,1268.33,183000.33,15,48.6,10,12,72.1
EMP00611,40,20,IT,Mid,Diploma,Hybrid,Contract,106262.52,95922.01,103845.88,7412.06,17,1499.97,110150.97,7,31.0,79,16,78.4
EMP00612,33,0,Engineering,Senior,PhD,Remote,Full-Time,27441.19,24497.89,27493.14,4858.8,14,8713.09,73945.2,7,40.8,83,13,47.9
EMP00613,48,24,Engineering,Manager,Master,Remote,Contract,139895.1,123458.1,145605.77,20128.81,11,5281.13,173334.3,8,45.8,37,18,82.9
EMP00614,49,29,Operations,Mid,Bachelor,Hybrid,Part-Time,125576.22,94340.03,128633.15,10327.08,17,3094.0,65358.82,19,31.8,1,17,80.8
EMP00615,33,13,Finance,Junior,PhD,Hybrid,Part-Time,67057.11,52199.18,75649.14,6501.06,5,7512.49,31573.38,18,41.1,53,9,67.0
EMP00616,55,23,HR,Mid,High School,Remote,Part-Time,143206.36,113800.3,153577.64,21596.63,14,8996.84,128259.04,17,37.6,92,14,84.4
EMP00617,26,1,HR,Entry,Diploma,Office,Full-Time,26678.67,21460.09,30019.61,1549.63,17,7051.23,9481.74,18,42.5,6,5,58.7
EMP00618,38,14,HR,Entry,Diploma,Hybrid,Contract,85053.85,66281.22,89766.5,8877.66,20,8023.36,76441.28,19,42.6,48,11,63.7
EMP00619,25,5,IT,Manager,Bachelor,Hybrid,Full-Time,25384.92,21121.85,24571.94,3493.99,2,3183.72,161725.1,40,49.6,39,20,68.1
EMP00620,45,5,Finance,Senior,Master,Office,Contract,40481.87,30970.09,42208.72,4740.82,7,3243.37,59748.02,13,33.1,44,6,53.2
EMP00621,22,0,Sales,Junior,PhD,Office,Full-Time,15000.0,13500.07,16716.1,1942.49,4,8709.18,186331.78,11,32.1,53,6,68.7
EMP00622,30,10,Operations,Manager,PhD,Remote,Part-Time,59113.11,53647.76,58452.27,6994.16,8,6341.2,191209.11,7,40.0,88,8,74.5
EMP00623,50,16,Finance,Junior,PhD,Hybrid,Contract,86776.1,75048.6,84020.33,4847.39,1,2724.55,163347.44,27,52.2,60,1,57.8
EMP00624,25,5,Finance,Entry,Master,Remote,Contract,49527.11,38033.9,50313.94,4647.47,10,5479.54,197541.02,37,51.4,3,9,63.4
EMP00625,53,28,Engineering,Senior,Master,Hybrid,Contract,132343.7,122817.16,136020.16,15319.76,1,7015.67,106622.06,5,44.0,33,10,75.6
EMP00626,21,1,Finance,Senior,Master,Office,Full-Time,59239.77,55870.63,59906.3,9502.73,1,2576.22,114270.71,8,52.2,88,17,64.6
EMP00627,38,12,IT,Entry,Bachelor,Remote,Part-Time,32968.05,26060.35,32211.37,4539.79,4,6721.61,167397.2,10,50.1,7,3,59.5
EMP00628,52,5,Operations,Mid,Diploma,Hybrid,Contract,51489.3,45873.26,51497.95,4983.46,17,900.38,99068.25,37,36.9,31,13,70.1
EMP00629,31,5,IT,Senior,High School,Hybrid,Full-Time,36277.35,33316.68,39413.77,7088.3,5,3385.07,81937.28,26,34.3,17,8,66.0
EMP00630,41,19,Operations,Mid,Master,Office,Contract,88320.17,75775.94,90721.21,3480.1,14,6902.73,123335.96,15,37.5,39,20,92.9
EMP00631,46,2,Operations,Junior,Diploma,Office,Part-Time,32216.69,26245.8,34681.58,1843.6,6,1918.82,131874.24,16,35.7,74,14,67.4
EMP00632,45,16,Engineering,Senior,Master,Hybrid,Contract,84275.02,71272.37,89100.67,6863.04,7,2610.89,150428.27,29,45.6,55,20,74.7
EMP00633,42,11,IT,Entry,High School,Office,Part-Time,68382.37,58292.81,72472.36,4181.1,8,8851.39,133971.94,28,44.6,36,8,67.9
EMP00634,47,0,Operations,Mid,Master,Office,Full-Time,26095.1,21662.26,26087.53,3459.68,18,6906.05,149398.64,10,45.0,54,19,66.3
EMP00635,33,13,Finance,Junior,Diploma,Remote,Full-Time,63888.3,59797.44,67357.99,1732.6,4,5239.73,135237.37,40,34.7,35,13,64.3
EMP00636,53,2,IT,Junior,Bachelor,Hybrid,Part-Time,37678.74,33864.77,35972.61,1956.98,3,2503.49,96608.6,4,49.8,9,6,49.4
EMP00637,54,25,Operations,Senior,High School,Remote,Part-Time,137245.36,109557.52,142234.06,9991.81,4,3743.39,27851.98,46,40.8,69,4,46.8
EMP00638,55,14,HR,Senior,Diploma,Office,Full-Time,65568.64,56855.32,69799.42,9376.46,16,5956.14,157303.2,40,41.8,79,6,72.7
EMP00639,21,1,IT,Manager,PhD,Hybrid,Part-Time,24734.41,21957.67,24398.0,4394.21,13,1975.47,7125.05,14,54.9,88,20,60.1
EMP00640,41,21,Engineering,Manager,PhD,Office,Part-Time,92705.9,72128.09,92827.5,15178.6,11,5076.57,198507.52,44,37.1,62,2,60.7
EMP00641,26,6,Marketing,Senior,PhD,Office,Contract,43341.4,35612.98,43077.29,2287.32,11,4385.26,165863.24,33,39.9,33,10,64.7
EMP00642,48,3,IT,Manager,Bachelor,Hybrid,Full-Time,37398.37,34821.98,36056.2,4554.11,5,5028.53,134511.21,18,46.9,94,11,64.5
EMP00643,37,17,IT,Entry,Master,Office,Full-Time,76732.9,66253.84,78234.67,1949.33,20,1502.83,193354.75,12,52.0,71,11,86.9
EMP00644,25,5,IT,Entry,Master,Remote,Part-Time,44178.76,35051.41,50619.72,3353.02,1,1511.72,122881.59,10,33.2,16,3,45.3
EMP00645,51,31,Operations,Manager,Master,Hybrid,Part-Time,120859.88,93612.86,123370.88,19951.2,14,9659.05,12230.14,21,48.4,60,11,93.7
EMP00646,25,5,IT,Senior,Bachelor,Office,Part-Time,39722.42,33908.86,41395.02,4059.62,20,9803.99,112317.05,33,53.0,77,8,73.9
EMP00647,58,32,Marketing,Entry,PhD,Office,Full-Time,106801.88,91800.18,115411.98,5018.56,19,4548.56,56163.63,14,40.6,93,17,91.7
EMP00648,23,3,Sales,Junior,Master,Office,Contract,59383.88,48509.68,64116.75,5875.42,5,7995.46,74526.03,9,37.2,17,1,63.6
EMP00649,43,23,IT,Senior,Bachelor,Hybrid,Full-Time,105722.87,92622.03,120521.85,5883.05,20,6730.02,92457.45,26,46.9,60,16,80.3
EMP00650,57,3,HR,Mid,Bachelor,Remote,Contract,39277.08,29997.36,44049.75,3565.36,6,1610.71,155145.55,15,36.2,35,20,56.4
EMP00651,57,23,Marketing,Mid,Diploma,Office,Part-Time,102252.43,79657.5,113376.48,11023.84,19,3318.45,101082.91,21,39.6,84,7,76.7
EMP00652,30,10,Sales,Senior,Master,Office,Full-Time,50006.81,42968.59,57024.04,4146.59,12,3479.69,95461.38,22,52.4,52,8,54.4
EMP00653,30,10,Operations,Manager,PhD,Office,Contract,80009.04,60995.94,79701.25,15094.06,14,6159.86,61092.46,46,44.8,94,13,67.9
EMP00654,39,5,IT,Entry,High School,Hybrid,Full-Time,35016.61,32431.75,37587.21,4245.96,17,6009.78,108434.58,41,32.4,32,5,58.0
EMP00655,37,17,Sales,Entry,Bachelor,Office,Contract,73306.75,57064.12,82648.91,12588.28,7,9273.33,50429.78,43,38.2,22,18,66.5
EMP00656,41,18,HR,Senior,Diploma,Office,Contract,67650.99,59856.52,72713.16,10616.55,1,8005.34,52937.77,5,45.7,63,12,79.1
EMP00657,34,0,Marketing,Junior,High School,Office,Full-Time,29414.65,24362.41,33694.01,4088.93,17,8640.05,151694.5,44,42.0,37,16,62.7
EMP00658,29,4,Marketing,Manager,Bachelor,Hybrid,Part-Time,36616.76,30390.36,35520.84,4007.34,6,8966.67,69166.91,16,46.5,68,3,62.4
EMP00659,21,1,Operations,Junior,Diploma,Remote,Full-Time,30187.99,27259.09,31331.09,615.57,4,8112.13,11228.53,35,49.0,78,12,65.1
EMP00660,33,13,Operations,Senior,Master,Hybrid,Part-Time,56811.92,48284.02,65076.5,7409.65,14,3662.37,69391.78,5,42.0,29,19,73.0
EMP00661,24,4,Operations,Senior,Diploma,Remote,Contract,59644.56,53389.7,61190.16,5014.46,8,2542.62,128075.87,26,54.7,15,20,61.0
EMP00662,21,1,Sales,Junior,Bachelor,Remote,Contract,19952.23,16980.11,21905.78,821.98,18,5931.79,162983.13,26,52.9,53,18,59.1
EMP00663,60,34,IT,Mid,Master,Hybrid,Full-Time,140738.81,122243.07,134557.64,14078.49,20,7050.9,192425.4,5,31.5,58,8,76.2
EMP00664,52,18,Finance,Senior,PhD,Office,Full-Time,101547.73,91610.57,110582.17,15475.83,13,4172.4,149497.86,50,36.7,92,13,68.7
EMP00665,54,11,Marketing,Manager,Diploma,Remote,Part-Time,64725.49,56405.79,73588.05,12498.62,8,8559.22,86341.47,36,37.5,91,8,78.1
EMP00666,48,15,Finance,Junior,High School,Office,Part-Time,70903.48,61907.46,72785.35,6192.63,16,9625.38,60524.74,24,34.6,5,10,55.3
EMP00667,51,9,Engineering,Mid,Master,Remote,Full-Time,37970.65,34471.42,36233.87,4468.77,5,5909.26,26796.37,15,37.8,4,14,81.0
EMP00668,28,8,Marketing,Junior,Master,Office,Part-Time,54618.16,51331.09,52192.12,9461.17,3,4837.62,125909.6,30,40.6,88,15,73.7
EMP00669,59,19,Operations,Mid,PhD,Office,Part-Time,62251.62,51378.95,70245.01,4987.59,13,8507.43,102466.78,5,31.3,91,15,77.8
EMP00670,46,26,IT,Mid,Diploma,Hybrid,Full-Time,122978.03,106428.07,134599.85,5608.57,15,730.56,135862.6,40,33.2,0,6,63.4
EMP00671,54,3,IT,Manager,High School,Office,Full-Time,42377.05,32513.98,41162.4,2997.7,4,1725.62,48189.5,48,32.4,13,14,66.9
EMP00672,23,3,Marketing,Senior,PhD,Remote,Contract,44621.79,36668.44,42877.88,8114.12,3,8533.75,65405.19,22,31.2,82,6,60.8
EMP00673,32,1,Sales,Mid,Diploma,Office,Contract,15000.0,12486.15,16664.48,730.36,2,7454.27,59126.97,33,42.0,30,1,55.7
EMP00674,21,1,Engineering,Senior,High School,Office,Full-Time,33608.61,30820.69,37371.84,2663.81,4,4453.3,159732.72,5,38.3,50,10,67.4
EMP00675,25,5,Operations,Manager,High School,Office,Contract,54177.58,46196.06,52774.62,5614.71,6,8944.09,35074.73,32,53.4,78,19,76.7
EMP00676,50,6,IT,Senior,Bachelor,Remote,Part-Time,41719.59,37389.65,42149.47,7195.81,4,3838.85,122085.95,50,32.6,18,11,70.8
EMP00677,50,13,Engineering,Entry,High School,Remote,Full-Time,79070.36,59603.35,87452.23,14927.57,17,6521.53,11219.65,48,53.2,31,3,64.8
EMP00678,37,2,Engineering,Mid,Diploma,Remote,Contract,20659.07,17413.5,21797.02,1996.61,7,6526.18,110355.99,23,32.2,56,6,53.0
EMP00679,43,15,IT,Manager,PhD,Office,Full-Time,77306.54,71915.46,88231.27,14514.44,18,2251.15,13718.88,10,45.5,30,9,51.6
EMP00680,35,15,HR,Junior,PhD,Hybrid,Contract,64214.1,51041.4,67181.59,3150.51,10,3206.09,35999.44,36,36.2,57,9,69.8
EMP00681,57,17,Engineering,Manager,Bachelor,Remote,Full-Time,82342.61,62276.08,89373.98,3971.67,17,9202.07,23492.04,50,50.7,100,4,70.9
EMP00682,41,15,IT,Mid,Diploma,Office,Part-Time,82796.86,69274.62,87098.71,15803.03,4,2242.44,69998.35,17,31.5,25,3,75.1
EMP00683,34,7,HR,Manager,High School,Remote,Contract,31783.32,28315.32,36188.26,3551.54,19,2148.96,69402.55,27,53.8,47,20,70.4
EMP00684,22,2,IT,Junior,Bachelor,Hybrid,Full-Time,35595.45,29931.96,36653.77,1903.05,7,5056.35,165457.44,45,31.2,40,19,70.1
EMP00685,31,11,IT,Entry,Master,Office,Part-Time,88650.38,74643.24,88292.17,9559.9,13,1375.87,45911.8,8,36.0,24,11,70.6
EMP00686,59,10,Engineering,Mid,Diploma,Remote,Contract,31265.2,27637.22,31744.4,5033.01,3,8998.95,18190.96,40,41.6,46,19,75.6
EMP00687,58,4,Sales,Mid,Bachelor,Remote,Contract,51180.55,40989.37,57350.63,8641.61,8,1451.42,121098.85,44,48.9,53,17,74.0
EMP00688,54,26,Sales,Manager,PhD,Hybrid,Full-Time,115431.8,103932.25,121155.8,20259.95,11,6357.3,137802.69,50,53.8,56,8,67.4
EMP00689,58,11,Operations,Senior,Bachelor,Remote,Part-Time,59383.4,46356.03,60621.57,7275.82,16,3727.93,59669.9,6,40.7,71,6,58.5
EMP00690,54,16,IT,Senior,Master,Office,Full-Time,94368.6,78245.74,99922.39,16613.62,20,8140.59,120960.01,7,48.9,60,5,64.3
EMP00691,38,5,Operations,Junior,Diploma,Office,Contract,55960.46,49312.45,54653.56,6256.68,19,6103.2,155435.26,26,48.2,3,8,43.1
EMP00692,50,30,Operations,Entry,Bachelor,Hybrid,Full-Time,154507.96,141478.89,146948.17,19973.36,9,4188.91,70163.03,17,44.3,30,8,72.7
EMP00693,35,4,Operations,Entry,High School,Hybrid,Full-Time,53114.56,48244.28,53439.46,8316.12,10,9846.79,105545.41,37,47.3,95,3,57.1
EMP00694,47,27,Operations,Manager,Diploma,Hybrid,Part-Time,108325.02,96879.08,116016.22,10461.85,6,1129.19,30180.02,23,31.0,97,19,86.8
EMP00695,54,13,Marketing,Manager,Bachelor,Office,Part-Time,59717.33,49076.86,65231.4,1985.28,3,5988.97,5705.71,27,41.0,66,16,71.1
EMP00696,58,4,Engineering,Senior,Bachelor,Hybrid,Contract,35209.35,27268.27,39269.77,2923.43,20,9900.9,196292.23,40,49.6,40,10,55.1
EMP00697,53,32,Engineering,Entry,Diploma,Remote,Part-Time,128426.15,101889.05,145806.41,16992.06,8,7064.05,60646.44,19,41.9,25,3,79.3
EMP00698,44,18,Marketing,Entry,PhD,Remote,Full-Time,79084.84,72992.68,81648.97,4319.6,6,7527.81,56501.51,27,51.8,67,9,71.2
EMP00699,35,15,IT,Entry,High School,Office,Contract,119327.38,109956.16,131033.8,5573.71,8,804.87,194675.78,25,50.8,65,8,74.3
EMP00700,50,4,Marketing,Junior,Diploma,Remote,Part-Time,25209.37,23704.68,24325.39,1834.1,14,702.95,145918.47,40,51.6,18,8,60.3
EMP00701,37,1,IT,Junior,High School,Hybrid,Full-Time,46044.88,35233.44,44272.43,1187.04,8,843.05,117474.28,25,33.2,86,8,66.2
EMP00702,25,5,Sales,Manager,High School,Remote,Full-Time,35019.12,30024.06,34142.23,5386.51,11,9921.38,140165.36,21,36.1,24,20,58.9
EMP00703,49,3,Engineering,Senior,Diploma,Hybrid,Contract,40279.83,35435.64,41879.5,2681.38,10,9805.44,142275.39,25,30.7,46,7,69.0
EMP00704,24,4,Finance,Mid,Bachelor,Remote,Contract,46547.73,41526.7,46187.28,1971.9,10,3677.83,152903.84,7,54.6,70,14,73.6
EMP00705,30,10,HR,Senior,PhD,Office,Part-Time,33323.73,29283.98,33569.82,4860.04,11,3264.33,14370.66,35,35.9,7,17,67.3
EMP00706,37,17,Engineering,Junior,High School,Hybrid,Part-Time,105216.92,95116.33,113589.66,18068.59,1,1886.61,83153.45,6,39.2,2,12,69.1
EMP00707,30,6,Marketing,Junior,High School,Remote,Part-Time,71442.19,58717.93,72992.81,1684.44,15,3626.83,59730.93,40,36.9,86,5,70.4
EMP00708,37,14,Marketing,Manager,Bachelor,Office,Part-Time,85201.36,66958.6,90439.06,5286.57,5,4016.42,15043.36,50,31.0,32,2,58.4
EMP00709,40,20,Sales,Mid,Diploma,Remote,Contract,102728.19,81249.43,106064.87,19532.92,14,7608.69,83107.2,15,36.5,27,15,61.6
EMP00710,44,13,Marketing,Entry,PhD,Office,Full-Time,92948.5,69934.06,91442.17,8304.55,20,8729.79,123618.52,24,32.5,21,11,63.4
EMP00711,25,5,IT,Mid,High School,Remote,Full-Time,37575.21,30814.09,36252.71,7099.71,8,7593.98,36521.04,49,39.9,98,15,71.9
EMP00712,54,18,IT,Mid,High School,Hybrid,Part-Time,94462.31,72580.0,94202.19,6551.74,17,6641.51,61700.32,4,54.2,97,13,75.6
EMP00713,26,6,Finance,Mid,Diploma,Hybrid,Contract,44598.34,36316.33,42883.09,2642.55,4,7776.05,128194.99,7,47.5,29,19,77.8
EMP00714,22,2,Finance,Manager,Bachelor,Hybrid,Part-Time,32007.79,28027.37,34367.48,1873.72,4,7515.73,116285.61,30,47.7,46,12,56.4
EMP00715,33,13,Engineering,Junior,Master,Hybrid,Part-Time,75952.9,70552.32,84242.67,2684.26,18,5019.62,173888.31,17,41.3,35,15,64.0
EMP00716,31,11,Finance,Entry,Bachelor,Hybrid,Contract,60421.51,55462.17,61505.96,10957.91,19,3690.59,158454.96,38,50.3,58,12,61.1
EMP00717,43,17,IT,Mid,High School,Remote,Full-Time,100689.46,80605.42,103450.58,19772.42,3,3186.42,193156.6,30,52.7,13,18,75.1
EMP00718,36,9,Operations,Entry,High School,Remote,Full-Time,86790.0,67419.92,96617.95,16647.33,9,6953.88,119841.47,45,54.0,72,4,52.4
EMP00719,51,7,Operations,Mid,PhD,Remote,Part-Time,37856.46,29854.15,37649.11,6562.99,7,9613.39,139995.01,39,32.5,85,11,73.2
EMP00720,31,11,Finance,Junior,Bachelor,Remote,Contract,68056.48,64258.75,66275.59,11735.65,2,6020.02,172240.75,9,52.0,91,15,66.7
EMP00721,36,16,Finance,Entry,Master,Hybrid,Full-Time,105040.58,90323.86,110316.1,14600.16,9,9169.0,168158.5,19,35.6,13,5,57.1
EMP00722,28,8,IT,Senior,PhD,Office,Full-Time,42196.39,33187.48,45539.95,7119.31,6,635.18,144025.61,13,39.9,78,5,76.1
EMP00723,24,4,Sales,Junior,Master,Hybrid,Contract,34635.01,31800.1,37057.06,1991.57,6,8047.47,100550.99,47,38.6,55,20,79.0
EMP00724,60,1,Engineering,Entry,PhD,Remote,Contract,36856.16,30555.17,40275.48,3310.58,16,8609.23,55368.17,49,46.9,100,10,66.3
EMP00725,24,4,Marketing,Mid,Bachelor,Hybrid,Full-Time,44151.11,41053.67,42444.68,5975.88,2,6494.44,175565.94,37,44.9,23,10,51.7
EMP00726,45,4,Engineering,Mid,High School,Hybrid,Part-Time,44547.49,35733.12,46135.17,7905.35,16,9373.58,155554.43,19,32.7,97,6,78.1
EMP00727,23,3,HR,Junior,Master,Hybrid,Part-Time,39728.84,32921.08,39638.03,5517.72,3,6104.17,167743.48,6,49.6,48,6,58.2
EMP00728,52,4,Operations,Junior,Bachelor,Office,Full-Time,40178.62,34191.58,44269.77,6871.51,16,2785.1,29017.07,12,41.0,42,6,61.3
EMP00729,23,3,Operations,Mid,Master,Hybrid,Part-Time,51182.09,47523.75,57556.61,5390.03,12,2549.31,63647.76,15,30.1,2,7,62.9
EMP00730,47,25,IT,Entry,Bachelor,Hybrid,Part-Time,126579.09,116927.62,127372.38,18874.8,3,5780.44,85552.12,47,40.4,22,18,63.1
EMP00731,49,19,Engineering,Senior,PhD,Office,Contract,107674.66,93124.7,104341.45,21146.93,11,9111.6,167832.04,3,42.9,19,4,59.3
EMP00732,52,26,IT,Manager,Bachelor,Hybrid,Contract,80314.38,63798.14,80369.45,3825.21,11,1187.5,178684.45,4,31.7,14,14,73.4
EMP00733,39,11,HR,Junior,PhD,Hybrid,Contract,66159.87,54957.11,64228.11,12361.69,16,6241.71,57693.65,37,33.8,42,11,67.5
EMP00734,41,6,Engineering,Mid,High School,Hybrid,Part-Time,57152.02,54015.89,57979.83,6516.79,5,7813.13,137599.4,38,54.8,79,7,55.1
EMP00735,25,2,HR,Entry,PhD,Hybrid,Contract,20515.7,17880.55,21698.22,2785.61,20,1596.32,16485.03,6,51.8,70,18,71.5
EMP00736,38,9,Finance,Junior,Diploma,Hybrid,Contract,65388.07,59255.95,74852.09,11640.15,8,1609.31,82505.08,49,33.3,32,20,71.3
EMP00737,48,28,Engineering,Entry,High School,Remote,Full-Time,130269.04,109422.46,134160.7,12211.13,11,3978.22,97847.15,28,44.5,54,2,81.4
EMP00738,42,22,HR,Junior,Bachelor,Hybrid,Contract,100039.31,85673.81,99439.87,9540.22,11,3101.87,153360.93,8,39.5,82,2,76.0
EMP00739,41,21,Marketing,Mid,Bachelor,Office,Full-Time,102087.98,85324.2,100389.27,11729.17,18,2383.98,178502.48,31,43.6,81,7,70.0
EMP00740,26,6,Marketing,Entry,Diploma,Hybrid,Part-Time,58457.75,52061.55,57557.96,1370.15,19,2387.59,68119.36,21,41.8,40,11,62.5
EMP00741,21,1,Operations,Mid,Bachelor,Remote,Contract,16097.59,14814.52,15912.78,1761.08,10,1741.36,106020.04,45,31.2,17,18,71.6
EMP00742,25,5,Marketing,Entry,High School,Office,Full-Time,35622.55,30331.63,39272.2,2578.92,4,6303.11,129842.2,29,37.9,2,20,68.6
EMP00743,32,9,Engineering,Junior,High School,Office,Full-Time,62273.63,52694.3,59920.03,11647.15,10,7037.19,66408.76,15,33.1,2,7,50.0
EMP00744,46,21,Marketing,Manager,PhD,Hybrid,Full-Time,96174.88,78676.56,110551.15,3442.33,14,7177.89,197122.1,49,42.2,99,20,97.1
EMP00745,54,25,Marketing,Manager,Master,Remote,Part-Time,82895.32,65107.59,87416.21,8511.5,6,5557.36,175279.1,24,52.7,15,5,60.3
EMP00746,34,14,Finance,Senior,Bachelor,Hybrid,Contract,96697.33,90687.55,102388.39,18425.12,5,9552.61,59984.16,21,54.9,42,2,79.1
EMP00747,46,26,Operations,Senior,Diploma,Remote,Part-Time,163396.68,132876.79,166911.8,29768.64,15,8865.06,102081.3,49,53.6,22,14,77.6
EMP00748,47,19,IT,Mid,High School,Remote,Full-Time,114275.49,104006.5,124337.57,16711.96,5,9597.5,46937.28,23,54.6,86,7,66.8
EMP00749,29,9,Operations,Entry,High School,Hybrid,Part-Time,50569.89,45162.43,52809.7,6376.1,6,4193.56,103386.28,31,30.4,14,10,46.1
EMP00750,46,19,Operations,Senior,High School,Remote,Part-Time,102720.2,93288.79,104344.44,7245.02,19,8838.94,136983.14,34,48.2,72,18,83.3
EMP00751,42,18,Operations,Junior,Master,Hybrid,Full-Time,55192.44,51734.84,55359.55,4749.44,20,7747.31,18018.7,28,36.8,57,8,58.3
EMP00752,50,19,HR,Manager,Master,Remote,Contract,82555.32,72209.0,93711.04,2990.51,17,3729.74,174153.32,32,51.6,39,16,76.3
EMP00753,37,17,IT,Entry,Bachelor,Office,Contract,67153.97,62425.67,67704.49,10845.33,14,1512.64,119155.43,22,50.3,37,14,84.8
EMP00754,46,1,HR,Manager,Diploma,Hybrid,Part-Time,54392.22,42618.45,56419.89,4258.72,11,6984.9,197930.98,3,40.6,81,9,55.3
EMP00755,56,29,Finance,Entry,Master,Remote,Contract,84988.08,74393.68,86693.65,11915.39,14,1796.3,6092.71,9,41.8,5,6,74.3
EMP00756,21,1,Finance,Senior,PhD,Office,Full-Time,37026.81,33489.09,35813.65,3123.84,5,3290.87,166468.17,6,36.6,100,7,57.7
EMP00757,28,8,Sales,Senior,Master,Office,Contract,43772.71,35207.62,43211.84,4533.95,13,5253.46,158600.65,1,37.2,45,9,71.8
EMP00758,55,2,Sales,Mid,High School,Office,Part-Time,26837.84,24104.43,26513.12,3217.87,12,6958.88,27437.65,22,54.5,5,7,56.8
EMP00759,35,5,Finance,Entry,Diploma,Office,Full-Time,34022.37,30813.91,37041.18,5591.01,19,9299.16,67725.82,4,52.2,84,9,65.4
EMP00760,42,14,Finance,Junior,Bachelor,Hybrid,Full-Time,74459.88,68222.94,76791.75,4319.28,10,6135.78,177074.44,45,34.8,93,7,77.8
EMP00761,34,14,HR,Senior,Master,Remote,Full-Time,95075.6,77256.2,105191.02,8725.83,13,6878.42,104172.4,8,36.9,91,12,77.1
EMP00762,46,9,Finance,Mid,High School,Office,Part-Time,54981.44,48731.22,60028.19,2387.0,15,3445.13,80855.02,37,32.7,19,17,62.3
EMP00763,48,8,Engineering,Senior,PhD,Remote,Part-Time,67367.54,54625.01,66586.74,2266.03,20,7029.28,181193.79,42,54.7,18,20,81.9
EMP00764,43,23,IT,Manager,PhD,Remote,Contract,100476.59,90208.69,106764.75,12945.54,13,4659.01,19575.56,19,52.7,13,12,60.2
EMP00765,34,14,HR,Senior,Bachelor,Remote,Part-Time,82505.89,69519.03,90639.47,4458.32,4,8640.85,95151.43,44,43.8,64,5,67.5
EMP00766,44,5,Finance,Entry,Bachelor,Hybrid,Full-Time,48440.43,42119.38,52151.38,1490.22,9,4228.28,130822.45,1,47.3,90,18,66.5
EMP00767,22,2,HR,Mid,Master,Hybrid,Part-Time,38542.88,32112.69,41241.01,6994.67,19,4948.58,122099.75,41,48.7,95,5,51.7
EMP00768,46,1,HR,Entry,Bachelor,Office,Part-Time,24812.2,19412.98,27241.86,2882.6,20,4609.58,53591.01,24,35.1,28,5,48.3
EMP00769,34,14,Marketing,Junior,High School,Remote,Contract,85825.37,67424.92,82508.75,3796.32,7,8205.67,113099.27,48,53.4,30,7,64.0
EMP00770,27,3,Sales,Junior,High School,Hybrid,Full-Time,33839.31,25904.46,37097.5,1002.21,15,9560.14,142003.79,17,43.2,24,3,58.0
EMP00771,23,0,HR,Senior,High School,Hybrid,Contract,36622.2,31993.68,36788.13,1522.56,17,3609.12,117392.2,32,32.3,70,1,63.7
EMP00772,43,18,Operations,Mid,Master,Hybrid,Contract,74584.76,68597.67,79386.12,7819.52,14,5012.77,137207.98,50,39.9,45,6,77.1
EMP00773,38,18,Engineering,Mid,Master,Office,Contract,105070.78,79240.95,104909.08,14743.93,14,7206.3,51959.67,14,45.0,51,7,69.9
EMP00774,58,24,Engineering,Mid,Bachelor,Hybrid,Full-Time,108925.33,83137.03,121752.75,14751.8,9,9006.13,166736.94,17,38.8,15,8,65.7
EMP00775,55,9,HR,Mid,Master,Remote,Contract,54437.74,45809.0,56947.96,2503.93,16,5190.16,90488.22,32,47.5,10,14,72.4
EMP00776,35,14,Operations,Senior,High School,Hybrid,Full-Time,81734.59,73360.4,88157.97,10954.72,2,1534.49,197457.54,33,52.1,17,15,64.6
EMP00777,45,21,Engineering,Entry,Diploma,Hybrid,Contract,97782.06,76420.74,108422.35,9081.59,14,4002.38,5633.78,30,49.3,55,7,58.6
EMP00778,57,20,Marketing,Senior,High School,Office,Contract,133573.9,107437.53,150813.36,13845.45,4,5728.44,76682.76,47,46.1,55,7,75.9
EMP00779,48,21,Finance,Entry,Diploma,Remote,Full-Time,90282.73,71901.28,98987.11,14829.61,3,4466.48,36914.54,34,42.8,56,1,74.9
EMP00780,30,10,HR,Manager,Bachelor,Hybrid,Part-Time,54821.36,45491.33,53711.43,4377.48,3,2272.28,111566.3,28,36.4,68,9,61.0
EMP00781,59,33,Marketing,Manager,PhD,Remote,Contract,138610.85,110195.59,155369.8,6439.84,11,851.4,49397.81,24,41.4,65,7,90.3
EMP00782,37,17,IT,Entry,Master,Remote,Part-Time,90624.43,74359.13,97304.86,16060.6,5,7030.38,147758.11,14,37.3,73,20,82.4
EMP00783,59,24,Marketing,Senior,Master,Hybrid,Contract,98636.76,88349.79,105727.75,5739.03,16,9931.0,176491.31,34,53.4,89,7,77.1
EMP00784,42,22,Sales,Junior,High School,Office,Part-Time,119710.15,104411.41,135783.4,8729.91,19,9232.46,42965.99,47,52.7,87,18,76.9
EMP00785,46,0,Sales,Senior,High School,Remote,Part-Time,20441.32,15662.88,20436.54,3008.68,9,6991.07,32974.85,1,33.9,89,14,74.0
EMP00786,45,3,Finance,Junior,Diploma,Hybrid,Part-Time,57221.84,50214.98,57102.68,8184.96,11,8494.53,175196.08,22,50.6,15,15,52.5
EMP00787,37,6,Operations,Senior,Master,Remote,Part-Time,49461.4,41815.43,52064.98,8115.23,12,2929.41,72893.11,33,47.6,88,18,70.3
EMP00788,33,8,Finance,Mid,Bachelor,Remote,Part-Time,72686.5,68100.93,79967.69,3859.36,8,6413.13,87482.14,44,54.4,5,10,56.3
EMP00789,40,20,Engineering,Mid,High School,Remote,Full-Time,81805.85,66087.75,85032.94,6823.46,14,1075.74,44972.93,47,41.6,51,3,57.0
EMP00790,45,18,Operations,Manager,Master,Hybrid,Part-Time,106421.16,95271.76,114591.99,4539.82,17,7218.25,85637.66,18,48.1,54,11,77.1
EMP00791,24,0,Operations,Manager,PhD,Remote,Full-Time,23593.71,21144.02,24549.37,2769.6,20,9713.79,47028.71,47,42.9,75,1,59.1
EMP00792,30,9,Operations,Entry,Diploma,Remote,Contract,62688.58,49793.55,67207.02,4555.12,15,8677.57,133519.56,39,31.7,72,2,67.3
EMP00793,23,3,Operations,Junior,High School,Office,Full-Time,49469.68,46038.69,55131.6,7124.05,15,5577.19,100276.41,12,31.2,48,16,64.6
EMP00794,38,8,Sales,Mid,High School,Hybrid,Part-Time,58322.88,49471.61,57511.92,1170.07,12,7993.03,157824.03,10,33.1,71,3,68.7
EMP00795,56,31,Engineering,Senior,Bachelor,Hybrid,Full-Time,135137.79,119701.9,147175.28,4154.53,9,9467.04,63232.9,2,37.4,55,17,82.3
EMP00796,42,22,Sales,Entry,High School,Remote,Part-Time,74915.49,58371.99,82967.8,7331.29,12,2552.17,101613.41,2,36.5,94,3,67.3
EMP00797,54,5,HR,Senior,Master,Office,Full-Time,59798.88,47932.44,62156.29,11509.68,19,8035.96,52645.14,6,48.2,40,11,58.9
EMP00798,28,8,Engineering,Mid,Master,Remote,Contract,63730.69,55268.62,64664.13,11494.04,12,3063.55,186960.31,20,47.9,95,4,50.5
EMP00799,60,9,Sales,Mid,Master,Remote,Part-Time,53129.52,43237.09,50616.96,10568.61,11,8831.0,104865.2,38,54.3,70,7,73.2
EMP00800,39,19,Finance,Mid,PhD,Hybrid,Part-Time,73512.59,62481.18,81556.41,6985.86,6,1434.37,35519.04,28,37.8,95,16,85.7
EMP00801,57,34,Sales,Mid,PhD,Office,Full-Time,158090.55,130393.25,160554.82,4486.98,8,2193.07,55280.37,42,53.5,55,17,100.0
EMP00802,26,6,Engineering,Senior,High School,Remote,Full-Time,47886.15,42049.35,48913.88,3594.91,11,7345.86,17497.49,3,45.3,88,11,65.4
EMP00803,46,24,Engineering,Entry,PhD,Hybrid,Full-Time,129039.94,109352.19,131259.58,18277.06,3,2160.39,6535.38,48,42.4,96,4,67.8
EMP00804,54,27,Finance,Mid,PhD,Remote,Full-Time,95618.91,71802.34,100375.75,4238.74,16,2001.52,105658.44,37,46.7,62,3,58.6
EMP00805,26,6,IT,Manager,Bachelor,Remote,Full-Time,39599.88,34845.37,43183.67,2930.19,6,5776.94,68087.46,37,47.6,27,16,73.1
EMP00806,57,3,Engineering,Entry,PhD,Office,Part-Time,50726.41,42327.35,56020.86,1527.37,9,8432.38,192790.92,42,34.3,74,2,63.9
EMP00807,53,28,Sales,Manager,Diploma,Office,Contract,132345.92,108303.92,136119.65,13961.71,9,3050.44,35094.95,25,48.8,30,5,80.8
EMP00808,42,8,Finance,Senior,Diploma,Office,Full-Time,53647.4,41245.7,58079.77,3090.4,6,8490.81,158988.62,23,48.1,54,18,64.5
EMP00809,41,21,Operations,Mid,Diploma,Remote,Part-Time,114204.7,90686.98,124955.57,4159.87,5,8175.56,63878.32,13,54.9,51,3,71.7
EMP00810,26,6,Engineering,Entry,High School,Office,Contract,61546.59,48914.42,62124.11,5786.54,1,6001.5,45483.94,24,52.8,73,2,56.6
EMP00811,26,6,Marketing,Mid,Master,Hybrid,Contract,61796.87,57908.24,59901.21,5142.77,3,6642.35,193957.73,3,47.1,65,2,69.0
EMP00812,24,4,Operations,Mid,Bachelor,Remote,Full-Time,68245.54,57087.57,77044.65,7967.88,3,884.19,160712.74,50,47.8,45,2,60.8
EMP00813,50,16,HR,Entry,High School,Office,Part-Time,103647.78,78607.84,112501.7,16047.47,12,3987.79,126493.56,38,53.6,3,16,58.6
EMP00814,31,11,Engineering,Mid,Master,Remote,Part-Time,42743.08,33244.0,46146.37,1720.94,4,3002.25,139727.09,28,54.2,21,1,57.0
EMP00815,50,22,Finance,Mid,Bachelor,Remote,Part-Time,111818.02,85630.97,107544.39,18159.54,16,1925.04,198284.91,26,50.7,44,19,64.2
EMP00816,51,31,Operations,Junior,Bachelor,Hybrid,Part-Time,141971.88,123199.48,158096.28,3511.28,11,4201.76,119048.27,20,49.2,27,19,72.8
EMP00817,44,24,Sales,Junior,Bachelor,Hybrid,Part-Time,79648.47,62709.18,84683.12,7945.6,8,3871.59,21278.19,27,32.8,9,9,61.3
EMP00818,29,4,Sales,Entry,Diploma,Hybrid,Contract,15000.0,12745.67,16793.65,1886.06,9,7424.47,13908.36,1,50.8,65,20,66.7
EMP00819,23,3,Engineering,Entry,Diploma,Remote,Contract,36675.93,30221.42,41990.73,7051.31,14,6181.92,133654.75,10,36.3,48,9,59.8
EMP00820,51,10,IT,Mid,Diploma,Remote,Contract,68512.06,62399.09,78201.04,8447.96,15,9174.45,131862.63,10,44.1,94,11,71.4
EMP00821,60,2,Marketing,Manager,Bachelor,Hybrid,Part-Time,54799.33,44612.02,61441.99,2661.87,19,1881.37,149886.58,1,40.1,86,1,59.4
EMP00822,57,32,Engineering,Entry,Bachelor,Remote,Contract,188907.61,158994.67,179875.84,21376.32,9,1067.61,22646.97,32,38.6,79,19,85.5
EMP00823,56,10,Finance,Mid,Diploma,Hybrid,Contract,96349.78,86161.47,108600.21,8791.06,17,5578.77,189035.55,32,37.8,72,17,75.0
EMP00824,44,15,Operations,Manager,Bachelor,Hybrid,Full-Time,71462.78,59790.78,68962.47,7595.35,9,509.76,110680.52,43,51.4,50,6,57.0
EMP00825,51,17,Marketing,Junior,Diploma,Office,Contract,70102.05,63697.74,78531.03,3889.08,3,7983.33,130261.55,27,49.2,42,1,63.1
EMP00826,26,6,IT,Entry,Diploma,Hybrid,Full-Time,50289.68,44372.44,50593.16,5539.35,16,5306.74,7935.62,13,43.1,5,18,76.0
EMP00827,22,2,Engineering,Mid,Diploma,Office,Part-Time,50287.58,41844.59,53908.98,2363.88,13,5136.62,192233.87,17,46.6,24,9,58.1
EMP00828,40,17,HR,Junior,Master,Hybrid,Part-Time,87440.13,74393.75,83733.86,13459.46,17,3943.71,112955.78,28,54.6,3,1,62.9
EMP00829,48,18,Marketing,Senior,Bachelor,Remote,Part-Time,115806.87,109256.92,127878.16,14696.25,4,4062.25,113109.26,25,39.9,75,4,70.6
EMP00830,31,11,IT,Junior,High School,Office,Part-Time,70680.7,62363.16,68725.76,2412.68,9,4595.77,188767.51,50,43.8,23,18,76.0
EMP00831,24,4,Engineering,Mid,Diploma,Remote,Contract,45849.24,42685.6,47322.72,8258.85,9,652.31,185940.69,36,43.3,55,17,70.3
EMP00832,35,2,Engineering,Manager,High School,Remote,Full-Time,29440.23,23132.71,32781.37,3855.15,18,1293.68,44839.42,47,53.4,90,20,78.1
EMP00833,26,6,Finance,Senior,Master,Hybrid,Part-Time,82981.72,70256.24,90372.88,6381.23,14,5297.96,186288.67,2,38.8,54,19,74.2
EMP00834,50,0,Engineering,Senior,Bachelor,Hybrid,Part-Time,35095.13,32699.27,33382.79,990.23,20,1926.16,147587.64,32,54.7,53,14,68.6
EMP00835,58,26,HR,Senior,Diploma,Remote,Full-Time,95412.9,77715.95,98333.15,12766.32,3,7898.24,4761.24,32,37.6,2,7,71.2
EMP00836,22,2,Engineering,Entry,Diploma,Hybrid,Full-Time,54629.3,51544.53,52355.92,4764.73,4,3107.61,48728.79,6,32.7,75,9,56.3
EMP00837,35,15,Sales,Mid,Diploma,Hybrid,Full-Time,90183.5,69388.58,97822.04,16537.06,1,1430.05,83183.05,31,34.8,46,20,67.0
EMP00838,31,8,IT,Senior,High School,Hybrid,Full-Time,45261.72,42117.58,51769.89,1189.39,18,2734.49,116981.67,9,40.7,29,9,60.1
EMP00839,28,5,Sales,Junior,Master,Remote,Full-Time,48278.09,40507.36,52191.14,1305.36,4,3892.43,140564.62,43,46.2,75,15,79.9
EMP00840,46,24,Engineering,Manager,Bachelor,Office,Contract,97627.36,74660.41,97126.97,18634.51,10,835.51,42831.87,16,42.9,40,11,71.7
EMP00841,25,5,HR,Mid,Master,Office,Full-Time,49669.14,45988.87,50714.51,9619.79,4,1845.92,167503.4,25,39.4,54,7,63.9
EMP00842,26,6,IT,Junior,Diploma,Remote,Contract,26773.5,21429.19,30664.5,669.17,17,3576.54,169297.35,40,44.1,58,6,48.1
EMP00843,46,8,IT,Entry,Master,Hybrid,Full-Time,58982.38,44499.26,58676.29,8781.65,8,3449.56,127364.77,28,51.0,39,9,64.8
EMP00844,24,4,Engineering,Senior,High School,Hybrid,Full-Time,50414.74,39180.39,53555.87,3018.28,19,8103.67,184297.69,17,51.0,44,4,58.9
EMP00845,39,19,HR,Junior,PhD,Office,Part-Time,110694.52,97612.96,114025.4,16189.15,9,8510.93,162783.5,31,48.2,21,17,54.4
EMP00846,40,1,Finance,Mid,PhD,Remote,Part-Time,15000.0,14183.43,16554.95,2645.58,16,2337.48,45103.11,23,53.8,14,6,57.9
EMP00847,53,33,IT,Junior,Bachelor,Remote,Part-Time,165676.39,127950.62,186133.76,6320.5,15,1677.43,159936.7,31,44.8,91,17,74.1
EMP00848,40,14,HR,Entry,Bachelor,Hybrid,Part-Time,77063.21,64917.25,78463.26,4853.28,20,6524.54,190687.21,26,30.2,16,14,63.0
EMP00849,32,12,Marketing,Manager,Master,Hybrid,Part-Time,78135.71,61424.61,84549.03,1901.35,16,8143.92,28383.68,4,37.3,58,5,71.1
EMP00850,21,1,Sales,Senior,Bachelor,Hybrid,Part-Time,15000.0,13485.11,15897.14,418.34,12,9655.37,195760.88,39,38.2,24,18,66.1
EMP00851,46,26,IT,Mid,High School,Remote,Full-Time,89968.94,69601.03,90480.76,2279.02,18,564.56,5973.57,43,43.7,42,8,68.8
EMP00852,34,14,Marketing,Senior,Diploma,Office,Full-Time,84395.64,67345.05,84765.98,13851.25,7,4429.94,104911.28,43,52.6,63,10,65.3
EMP00853,58,10,IT,Senior,Diploma,Remote,Part-Time,37591.35,29670.14,39761.36,2770.21,16,7472.88,155004.73,43,51.0,50,11,63.8
EMP00854,57,12,Finance,Senior,Master,Remote,Part-Time,57775.51,49716.06,56666.26,6284.71,19,8371.31,158297.18,15,35.8,60,3,64.0
EMP00855,31,3,Engineering,Junior,Diploma,Remote,Part-Time,15000.0,13869.55,16682.43,2427.18,6,1091.72,147199.84,37,43.0,44,2,48.0
EMP00856,56,21,HR,Junior,Master,Office,Full-Time,99045.67,84408.5,95460.31,10804.88,6,6965.84,106340.92,38,46.5,2,14,78.3
EMP00857,33,6,IT,Manager,Bachelor,Hybrid,Part-Time,39268.59,29908.87,38047.93,3819.08,6,3244.92,130541.9,23,54.7,35,4,50.6
EMP00858,23,3,HR,Entry,Bachelor,Hybrid,Part-Time,32497.03,28034.47,33096.45,717.64,15,1208.67,140286.5,5,30.8,94,17,58.8
EMP00859,53,3,Operations,Mid,High School,Remote,Full-Time,33407.06,30383.86,32525.73,4083.92,2,5146.47,99413.31,41,41.6,78,17,76.6
EMP00860,26,6,IT,Junior,Diploma,Remote,Full-Time,45394.43,35245.66,47443.54,1927.16,9,2002.46,119541.31,43,54.7,63,9,61.3
EMP00861,30,10,Finance,Senior,High School,Office,Contract,81620.92,62402.64,84064.26,12866.45,8,7501.57,169427.24,25,54.4,27,9,64.0
EMP00862,25,0,Finance,Entry,PhD,Office,Part-Time,40805.17,32136.58,44655.62,2709.17,7,7541.99,63262.93,30,38.3,94,3,64.2
EMP00863,43,2,Engineering,Mid,High School,Hybrid,Full-Time,45876.98,41253.37,52327.32,6484.88,16,8499.64,105118.06,26,30.0,44,4,52.3
EMP00864,30,10,Engineering,Mid,Master,Remote,Contract,77568.09,67355.17,85380.1,10574.1,15,4086.9,2687.46,3,44.7,83,2,64.0
EMP00865,22,0,Marketing,Mid,Master,Office,Full-Time,33103.57,28406.8,32636.47,4336.62,9,626.44,137799.84,4,51.7,20,14,65.9
EMP00866,33,13,Finance,Mid,High School,Office,Contract,79759.05,63798.94,90694.35,5427.71,20,2967.49,39881.71,47,38.1,26,20,84.1
EMP00867,60,28,HR,Manager,Bachelor,Remote,Contract,152447.3,124465.19,156780.87,10378.03,15,4944.21,96719.25,18,53.4,82,8,72.6
EMP00868,22,2,Operations,Mid,PhD,Remote,Part-Time,28033.13,26440.2,29290.08,4915.57,2,7093.11,42830.84,37,38.3,99,18,68.3
EMP00869,40,9,Finance,Entry,High School,Remote,Part-Time,56984.02,45480.37,58939.44,1271.05,20,4129.39,5683.21,11,45.3,75,4,67.2
EMP00870,21,1,IT,Junior,Bachelor,Remote,Contract,15796.07,14695.54,15892.58,832.04,14,5592.46,97160.89,11,48.1,34,8,60.3
EMP00871,57,20,Finance,Entry,High School,Remote,Part-Time,119957.01,103895.52,135432.53,15574.11,11,5480.5,85541.89,36,38.6,47,7,67.7
EMP00872,29,6,Operations,Senior,Diploma,Remote,Full-Time,41863.16,32429.68,42551.71,6994.01,3,2067.33,85604.75,16,38.8,96,15,82.3
EMP00873,37,2,HR,Manager,Master,Office,Full-Time,23864.0,20128.38,25432.32,2016.56,2,6418.97,42552.43,43,41.7,99,15,57.6
EMP00874,29,9,IT,Manager,Diploma,Remote,Contract,35720.77,33567.15,35649.56,4915.89,18,4672.89,189493.71,25,50.9,22,2,47.7
EMP00875,31,11,Marketing,Senior,Diploma,Hybrid,Contract,85015.03,70878.14,94322.06,10226.3,14,8175.23,1697.92,1,32.5,63,4,51.6
EMP00876,35,15,Marketing,Entry,PhD,Remote,Full-Time,70954.21,65467.84,78393.03,2243.37,5,7060.81,178417.54,26,45.8,12,9,73.2
EMP00877,44,3,Marketing,Entry,Bachelor,Hybrid,Full-Time,36855.76,29531.99,37197.13,4861.83,12,1558.96,147643.48,45,46.9,29,7,62.3
EMP00878,58,4,Engineering,Senior,Master,Hybrid,Contract,53085.7,45875.84,57667.57,8838.91,14,5143.2,35242.33,30,43.9,73,18,60.8
EMP00879,55,0,IT,Mid,Diploma,Hybrid,Full-Time,31348.68,28802.24,34194.35,6227.12,6,7173.7,94966.21,6,53.4,19,12,59.1
EMP00880,50,3,Marketing,Mid,Master,Remote,Full-Time,32920.4,30752.19,34978.0,834.05,8,1326.61,197781.17,27,45.0,5,14,61.5
EMP00881,51,11,Engineering,Junior,Bachelor,Remote,Contract,44164.57,37414.67,47261.38,6130.51,7,8028.72,129095.95,19,45.9,94,7,52.5
EMP00882,25,5,Finance,Entry,High School,Hybrid,Part-Time,45832.78,40238.32,48806.91,4336.65,7,2609.04,26347.97,38,45.0,18,6,59.5
EMP00883,34,14,IT,Entry,Diploma,Remote,Full-Time,62213.13,46696.93,60121.08,1353.87,12,5279.31,92070.81,45,48.1,66,19,67.3
EMP00884,31,11,IT,Senior,Bachelor,Office,Part-Time,58604.35,46921.26,63530.22,7652.85,7,9435.33,94172.42,43,33.4,73,19,79.6
EMP00885,29,9,IT,Senior,Master,Office,Part-Time,69087.64,55666.84,72124.38,2904.23,12,5927.68,160650.4,19,52.4,9,15,57.7
EMP00886,54,23,Sales,Mid,Bachelor,Office,Full-Time,105857.81,81372.75,109847.75,9330.52,16,4528.52,183316.42,39,31.1,55,19,80.7
EMP00887,32,12,Engineering,Entry,High School,Office,Part-Time,58303.22,46988.84,65416.2,3909.0,7,564.55,17366.07,44,46.0,20,12,75.1
EMP00888,55,31,HR,Entry,Bachelor,Remote,Contract,127836.44,104087.55,122038.46,10867.3,8,1767.43,63493.42,32,45.4,55,2,78.1
EMP00889,55,31,Sales,Manager,Master,Hybrid,Full-Time,182524.79,172258.35,182572.79,19837.74,1,5997.31,60389.19,48,35.2,56,11,81.2
EMP00890,21,1,Sales,Junior,Diploma,Remote,Full-Time,30650.67,27086.62,29862.35,2594.82,13,5191.34,199213.58,1,31.0,1,13,59.1
EMP00891,60,35,Sales,Junior,Diploma,Office,Part-Time,131358.32,109710.6,125718.87,15696.23,19,3956.38,112286.2,25,33.5,38,4,62.8
EMP00892,42,15,HR,Mid,PhD,Remote,Full-Time,91587.23,86789.06,92057.57,5766.05,1,9270.55,176086.47,47,36.8,60,1,59.9
EMP00893,49,29,Sales,Entry,Master,Remote,Full-Time,153193.04,119589.61,175818.93,20583.8,18,3658.58,85780.54,13,52.1,44,2,67.8
EMP00894,28,8,Marketing,Manager,PhD,Office,Part-Time,58164.52,49161.25,58399.84,10101.86,7,5602.93,144821.91,10,51.4,93,14,69.2
EMP00895,31,8,IT,Entry,PhD,Hybrid,Part-Time,30186.18,26546.1,32683.82,1821.19,17,5902.78,58030.54,18,31.6,27,18,58.0
EMP00896,57,5,IT,Senior,High School,Remote,Full-Time,56865.83,43281.5,55367.97,6335.87,15,5510.95,182445.42,36,37.2,17,11,64.6
EMP00897,34,14,Engineering,Mid,Master,Remote,Full-Time,41311.88,36908.02,44218.97,5649.98,19,5037.06,91574.1,22,52.2,13,11,57.5
EMP00898,50,21,Finance,Junior,Diploma,Office,Contract,76415.17,58837.65,87640.27,9294.58,4,3702.11,160941.37,6,35.9,54,19,88.9
EMP00899,55,4,Operations,Entry,Master,Hybrid,Contract,47752.9,37154.46,48152.48,4098.01,17,9133.25,51907.56,27,54.9,58,17,69.6
EMP00900,41,21,Marketing,Mid,High School,Office,Full-Time,110002.39,86015.03,123160.33,14915.88,7,4782.63,139027.26,8,36.4,18,17,80.7
EMP00901,57,16,HR,Junior,Master,Office,Full-Time,75077.56,70255.93,86302.73,1883.27,16,5520.26,81626.52,24,48.5,99,2,74.0
EMP00902,25,5,Operations,Entry,Master,Remote,Contract,57328.96,50830.56,61210.76,4963.72,17,6736.54,7256.45,20,40.4,40,2,71.6
EMP00903,39,19,IT,Manager,PhD,Hybrid,Part-Time,116741.74,102859.46,118128.66,13526.89,20,1142.73,83188.64,22,33.4,11,13,70.8
EMP00904,34,14,Sales,Mid,Master,Office,Full-Time,81950.91,70567.82,88892.66,1943.09,15,7922.24,110454.31,9,36.4,19,6,60.0
EMP00905,46,2,Engineering,Entry,PhD,Remote,Contract,34427.57,27836.8,38523.4,3834.43,9,5368.82,31200.56,40,46.9,33,15,61.5
EMP00906,24,4,Engineering,Junior,PhD,Office,Contract,15000.0,13112.67,14764.05,2066.49,13,6743.18,37598.71,50,38.4,35,11,73.0
EMP00907,45,21,Finance,Junior,Bachelor,Remote,Full-Time,84715.26,70485.64,88146.5,13271.27,7,7834.11,93507.7,39,45.1,20,4,55.7
EMP00908,45,8,Finance,Manager,High School,Hybrid,Full-Time,62506.23,48697.56,63371.16,2525.71,19,8803.94,69203.21,19,35.1,55,19,65.6
EMP00909,38,18,IT,Mid,PhD,Office,Contract,78088.19,69336.02,78609.17,15485.02,11,4226.09,88707.37,50,41.2,82,14,77.0
EMP00910,60,22,Marketing,Mid,Master,Hybrid,Full-Time,120903.33,93810.88,135673.4,15609.85,8,8208.58,92704.57,1,42.8,40,18,75.7
EMP00911,28,8,Engineering,Entry,PhD,Hybrid,Part-Time,58546.63,46142.57,60556.58,4998.41,17,2958.95,28875.13,11,40.3,40,17,75.9
EMP00912,59,31,Operations,Junior,PhD,Remote,Full-Time,164754.22,150509.55,167689.36,10682.12,4,6773.19,37057.72,41,34.9,42,8,65.1
EMP00913,60,22,Finance,Junior,PhD,Office,Contract,86212.64,76041.56,92308.05,10614.62,4,1475.72,169784.91,42,41.5,98,13,77.5
EMP00914,34,14,IT,Manager,Diploma,Office,Contract,86006.11,75358.41,85479.78,15369.99,18,690.29,33381.02,10,47.3,71,15,71.9
EMP00915,52,20,Marketing,Manager,Diploma,Remote,Full-Time,61243.11,51054.74,60996.84,6963.45,17,1409.75,133516.95,1,54.1,85,11,67.0
EMP00916,58,1,IT,Mid,Diploma,Remote,Contract,43026.66,35680.12,45352.59,5983.5,3,3534.13,84287.08,27,49.7,37,16,70.8
EMP00917,53,5,IT,Junior,Diploma,Hybrid,Part-Time,44268.68,39312.91,45678.83,3735.63,9,795.4,193679.1,17,34.0,17,18,65.8
EMP00918,43,17,Marketing,Entry,Bachelor,Office,Full-Time,80291.66,72102.0,81014.0,7215.6,6,6489.67,14154.77,44,36.8,7,12,66.5
EMP00919,35,15,Marketing,Senior,PhD,Office,Full-Time,58801.17,50101.1,56495.58,4204.96,2,3507.17,166247.38,44,32.0,65,12,65.3
EMP00920,53,21,Marketing,Entry,Bachelor,Remote,Contract,79657.31,75184.86,83971.14,11710.8,12,7495.57,98798.4,17,33.4,19,6,63.6
EMP00921,45,25,IT,Manager,Master,Remote,Part-Time,91289.26,85915.97,101634.33,7727.98,15,936.19,2065.12,39,36.3,68,6,65.0
EMP00922,37,17,Finance,Entry,High School,Remote,Full-Time,75361.8,62737.63,84425.97,4094.33,9,2558.66,53468.38,43,35.0,56,4,71.8
EMP00923,53,16,HR,Junior,Bachelor,Office,Contract,95154.79,86983.32,94877.7,8230.14,2,4376.03,82131.67,2,35.3,93,1,73.4
EMP00924,22,2,HR,Mid,Diploma,Office,Full-Time,21322.28,18308.46,22813.31,3703.44,12,4135.19,63524.76,48,35.8,17,17,76.0
EMP00925,34,13,IT,Senior,Diploma,Hybrid,Part-Time,96530.63,82277.99,108227.85,14758.12,16,1744.49,73127.44,23,37.5,59,4,67.1
EMP00926,60,9,IT,Mid,Master,Remote,Contract,68560.58,52174.11,70737.05,5500.98,7,9944.3,183417.71,41,33.1,86,17,70.9
EMP00927,60,35,Finance,Senior,PhD,Hybrid,Full-Time,176909.26,152990.24,201044.53,32414.31,1,3202.18,72825.87,10,36.9,1,5,67.8
EMP00928,59,33,Marketing,Senior,High School,Office,Contract,154194.74,143418.93,174331.91,5160.88,7,7349.8,84347.05,42,47.2,41,9,79.5
EMP00929,26,6,IT,Junior,Bachelor,Hybrid,Contract,48731.65,44152.18,48323.61,1411.06,3,2590.25,152465.18,30,35.9,63,6,63.6
EMP00930,26,6,Engineering,Junior,PhD,Hybrid,Part-Time,48548.77,44046.52,48635.81,2084.91,20,8839.59,158972.88,35,34.3,43,12,63.6
EMP00931,23,3,Sales,Manager,PhD,Hybrid,Part-Time,41976.31,32824.88,41392.35,1719.43,5,4183.7,17733.84,25,31.7,50,17,65.6
EMP00932,27,7,Marketing,Manager,Bachelor,Remote,Full-Time,51162.87,42040.02,50610.87,1832.15,3,9058.57,141109.94,17,42.5,100,10,76.7
EMP00933,28,8,Engineering,Senior,Bachelor,Office,Contract,53608.17,42706.46,60661.52,7453.77,15,3747.43,97031.82,46,51.0,95,2,60.0
EMP00934,35,14,IT,Manager,Bachelor,Remote,Contract,81797.92,66516.68,92941.05,10482.54,6,582.12,27636.92,19,31.5,64,1,72.2
EMP00935,49,27,Sales,Junior,Bachelor,Hybrid,Contract,139843.31,121091.43,134302.65,19098.26,15,5411.69,53677.4,18,43.6,64,13,79.0
EMP00936,53,23,Engineering,Manager,Diploma,Remote,Full-Time,104817.75,86260.48,112020.9,15083.89,3,5485.49,9962.06,18,46.3,53,1,63.9
EMP00937,50,7,Operations,Senior,PhD,Office,Part-Time,38323.1,33039.86,40731.57,5987.54,1,1638.42,72687.2,46,44.8,94,13,64.6
EMP00938,59,8,Finance,Mid,PhD,Office,Part-Time,40714.74,34106.74,41859.21,2332.62,2,2732.15,51825.88,35,51.9,38,3,58.1
EMP00939,47,27,Sales,Entry,Diploma,Hybrid,Contract,102332.91,82615.73,110144.96,13509.44,4,7943.21,77038.58,10,51.7,7,11,75.3
EMP00940,56,32,IT,Manager,PhD,Hybrid,Full-Time,162410.89,124907.08,185062.91,20205.34,14,849.18,116487.77,23,31.4,66,16,79.8
EMP00941,49,18,HR,Junior,Bachelor,Remote,Contract,119902.34,111313.46,117990.02,22764.52,14,5150.5,146735.57,45,39.0,75,18,83.6
EMP00942,58,2,Engineering,Mid,High School,Office,Part-Time,35484.46,26694.06,34564.78,2193.87,10,5538.88,121465.05,22,46.8,97,2,57.2
EMP00943,53,9,IT,Junior,PhD,Office,Contract,50395.38,37813.19,48212.16,1540.59,11,7042.76,135997.08,44,53.8,48,18,70.1
EMP00944,57,0,HR,Manager,High School,Remote,Contract,16710.69,15296.29,17091.14,2299.88,4,855.83,173262.19,9,50.1,88,17,59.9
EMP00945,47,27,Finance,Senior,High School,Office,Contract,124523.95,118218.33,126706.32,19080.94,15,6063.64,174891.06,32,34.4,35,1,70.9
EMP00946,53,33,Finance,Entry,Diploma,Hybrid,Part-Time,143188.33,128213.77,148366.58,10162.83,20,529.43,172283.15,26,37.0,6,4,67.9
EMP00947,24,4,Marketing,Entry,Master,Hybrid,Full-Time,26611.68,20040.05,27959.88,3266.66,4,3019.19,31480.61,29,49.1,14,20,78.2
EMP00948,42,0,Engineering,Mid,PhD,Remote,Contract,35433.49,28181.6,39032.29,1088.39,20,5247.0,50962.76,42,41.8,84,6,65.9
EMP00949,22,2,Marketing,Entry,Diploma,Remote,Part-Time,47630.87,44980.91,48984.67,9183.62,20,9157.17,100962.74,19,43.7,24,5,57.0
EMP00950,30,10,HR,Senior,Diploma,Remote,Contract,61093.07,55699.83,62078.05,2430.68,16,1702.6,72389.12,48,45.2,56,20,82.1
EMP00951,25,5,HR,Junior,High School,Hybrid,Full-Time,43171.74,37272.75,48152.71,1388.52,2,2108.25,27202.12,29,32.6,37,9,64.6
EMP00952,30,10,Finance,Senior,PhD,Remote,Contract,69366.24,55310.71,77687.37,1938.08,13,6857.88,58262.3,35,51.4,36,4,67.7
EMP00953,53,23,Sales,Mid,Diploma,Office,Full-Time,100100.3,75362.92,99755.27,9700.61,8,4061.19,195110.32,12,51.6,15,5,60.2
EMP00954,58,25,HR,Mid,Bachelor,Remote,Part-Time,122766.61,92587.18,124354.52,4602.37,13,6422.5,70038.42,8,41.7,0,8,71.3
EMP00955,33,13,HR,Entry,Diploma,Office,Full-Time,86908.13,75818.32,96904.59,13387.04,20,9975.81,84363.9,25,45.7,46,17,75.6
EMP00956,51,6,Engineering,Senior,Bachelor,Hybrid,Full-Time,59085.97,44572.47,57070.06,10741.67,8,9875.28,2273.88,27,46.5,51,15,56.8
EMP00957,56,12,Sales,Junior,Master,Office,Part-Time,72025.54,68332.5,73118.12,4814.14,4,3860.28,144163.56,47,34.7,36,20,83.4
EMP00958,44,4,Marketing,Senior,Bachelor,Office,Full-Time,41726.63,32825.37,43381.92,5557.12,5,5287.29,83296.46,43,32.8,44,13,56.5
EMP00959,35,15,Marketing,Junior,Bachelor,Office,Full-Time,50964.28,45467.35,50322.86,1407.68,6,9094.56,21524.87,45,30.5,13,15,59.9
EMP00960,49,2,HR,Junior,High School,Hybrid,Part-Time,57357.77,44797.11,56553.78,5138.2,19,1375.59,193742.79,6,52.8,56,4,38.3
EMP00961,28,6,Engineering,Senior,Diploma,Office,Full-Time,58969.01,50596.51,61031.29,4288.79,10,4796.89,155709.21,13,38.6,33,18,71.6
EMP00962,25,0,Marketing,Manager,Master,Office,Full-Time,42568.16,32612.42,46863.48,2603.1,3,4086.98,145503.87,11,32.1,65,19,57.0
EMP00963,49,16,Marketing,Senior,Diploma,Remote,Contract,86539.78,78176.21,96755.51,11773.76,13,3301.39,191616.59,38,41.6,30,8,62.4
EMP00964,24,4,Operations,Junior,Bachelor,Remote,Full-Time,36520.49,31662.69,41846.89,1586.49,9,9944.94,82088.54,6,31.9,82,14,74.2
EMP00965,32,2,Engineering,Mid,Bachelor,Remote,Full-Time,25892.62,19865.68,24981.12,4529.34,17,7468.72,143988.17,5,32.1,82,1,59.6
EMP00966,22,2,Marketing,Mid,Diploma,Office,Full-Time,41467.73,38138.58,41191.41,5791.82,10,4193.1,42035.37,7,42.2,43,2,51.5
EMP00967,47,27,Finance,Entry,Master,Office,Part-Time,140718.41,120933.92,154976.84,20816.8,12,8375.71,139726.99,19,42.7,22,20,68.1
EMP00968,51,31,IT,Mid,Master,Hybrid,Full-Time,126494.09,118185.76,133845.89,23826.68,13,5151.83,3801.74,43,44.5,93,3,74.3
EMP00969,56,25,HR,Manager,High School,Office,Part-Time,97521.35,91019.08,99036.44,18492.69,10,8791.83,26134.77,6,46.4,80,16,86.1
EMP00970,56,15,HR,Junior,Bachelor,Office,Part-Time,75370.1,70403.33,74700.65,8991.46,19,3030.61,85626.52,25,46.7,65,3,69.7
EMP00971,46,24,Finance,Senior,Bachelor,Hybrid,Full-Time,132801.5,101667.12,133610.99,14497.72,19,2624.2,3406.45,9,40.8,10,6,79.5
EMP00972,47,27,IT,Senior,High School,Office,Full-Time,155368.57,120285.04,160939.75,12486.77,17,2849.22,92931.21,20,46.1,48,8,68.4
EMP00973,25,5,IT,Manager,Diploma,Hybrid,Full-Time,28478.33,26984.39,28063.41,4237.66,5,5615.57,105035.56,25,37.6,77,12,57.8
EMP00974,40,0,Finance,Mid,Bachelor,Hybrid,Full-Time,16959.97,14373.91,19382.62,1982.24,8,3267.48,124699.71,50,41.0,57,5,60.2
EMP00975,31,11,Sales,Junior,Diploma,Remote,Full-Time,93177.77,74322.58,90523.86,17509.74,5,1897.64,20976.95,8,39.8,28,5,62.7
EMP00976,30,10,Sales,Mid,Master,Office,Full-Time,53870.32,48695.16,61795.48,3391.28,15,9948.97,37021.37,50,38.2,82,3,63.6
EMP00977,60,15,IT,Entry,PhD,Remote,Full-Time,93020.01,74681.77,104031.59,7055.15,4,9054.12,123043.39,37,36.0,91,4,62.4
EMP00978,58,6,Sales,Mid,High School,Office,Part-Time,49821.7,44612.5,51547.04,3831.1,13,6532.62,131979.35,38,32.0,50,5,41.9
EMP00979,26,6,Sales,Entry,Bachelor,Remote,Contract,52614.56,48271.6,57768.85,8685.6,17,8969.66,6154.15,2,42.6,0,3,48.1
EMP00980,28,8,Sales,Senior,High School,Hybrid,Part-Time,90614.48,82173.99,98253.56,3427.7,5,9386.9,108533.11,22,43.4,4,10,65.2
EMP00981,43,18,IT,Junior,Master,Hybrid,Full-Time,59371.37,47782.65,58935.43,6056.88,1,6923.03,157211.36,36,38.4,33,19,76.9
EMP00982,46,18,Sales,Entry,Master,Hybrid,Contract,96147.68,79833.69,97860.45,9322.91,15,5427.46,14751.07,4,54.4,77,8,77.5
EMP00983,32,1,HR,Mid,Master,Hybrid,Contract,27645.18,23018.77,29100.0,916.86,10,8879.02,83221.4,48,43.9,18,6,58.6
EMP00984,46,14,Operations,Mid,Master,Office,Full-Time,104646.26,88766.67,112763.55,9830.83,11,5894.07,65975.74,1,52.2,87,7,74.0
EMP00985,33,2,IT,Senior,PhD,Office,Full-Time,30799.08,24130.3,32603.26,3462.06,18,1704.61,182819.46,48,44.3,39,6,63.7
EMP00986,60,10,Finance,Manager,Diploma,Remote,Part-Time,70530.61,59280.56,73676.1,2237.15,13,3985.13,37974.68,33,34.7,80,13,70.6
EMP00987,38,18,Sales,Manager,Diploma,Office,Contract,105448.91,89858.99,109522.45,11786.57,20,4736.25,64353.72,24,54.4,65,13,73.5
EMP00988,45,17,Marketing,Mid,PhD,Office,Contract,84143.92,72055.96,88321.91,16211.41,16,9386.01,179790.5,49,52.1,94,5,49.2
EMP00989,53,1,IT,Manager,Diploma,Remote,Full-Time,24419.22,22318.68,25319.56,4791.16,19,6762.26,66800.01,5,41.8,80,6,56.5
EMP00990,60,31,Engineering,Junior,Master,Hybrid,Full-Time,133977.09,114345.01,141783.4,15501.47,12,8815.14,106738.14,48,36.1,63,10,73.2
EMP00991,32,7,Finance,Manager,Diploma,Remote,Contract,63556.58,50601.0,71666.21,7163.94,14,7697.12,7574.03,35,35.6,71,20,72.4
EMP00992,56,21,Operations,Junior,High School,Remote,Contract,91950.64,81158.01,98990.93,6564.49,2,3443.68,196995.58,42,50.2,16,10,62.3
EMP00993,24,4,HR,Mid,Diploma,Hybrid,Full-Time,24275.36,22077.54,26569.97,4842.47,10,7327.74,165164.39,50,31.7,37,16,72.7
EMP00994,25,5,Engineering,Mid,High School,Remote,Full-Time,40928.28,33310.48,43772.66,2838.84,4,2355.35,127245.79,50,46.0,89,18,66.0
EMP00995,57,35,Finance,Mid,Bachelor,Remote,Full-Time,172858.15,151952.89,186445.41,17548.95,1,4377.39,13090.3,26,46.0,42,3,80.7
EMP00996,28,8,Sales,Senior,High School,Remote,Part-Time,40599.05,31642.4,43265.19,833.42,17,8157.87,15899.12,49,34.6,39,1,51.1
EMP00997,48,27,Marketing,Manager,High School,Office,Part-Time,145850.2,119361.66,139341.39,12085.41,11,6313.33,109449.75,43,47.6,44,3,64.9
EMP00998,51,17,Sales,Entry,Master,Hybrid,Full-Time,56287.57,52451.28,64726.18,1849.57,7,8341.42,57727.82,41,47.6,39,19,70.2
EMP00999,29,1,Finance,Entry,Master,Hybrid,Part-Time,16682.39,15552.36,15960.41,2567.23,17,2919.68,124935.1,43,38.8,70,1,53.3
EMP01000,49,12,IT,Mid,Master,Remote,Contract,77731.19,67242.53,79987.7,9404.12,17,7622.61,120040.3,26,42.1,87,8,76.8
EMP01001,34,14,Engineering,Manager,High School,Office,Contract,85423.17,76066.8,82947.88,10506.28,9,2422.08,167891.63,41,50.8,93,19,75.5
EMP01002,60,19,Marketing,Junior,PhD,Hybrid,Full-Time,90276.85,83127.2,87513.09,6461.3,10,5680.39,56994.04,49,43.1,89,4,67.3
EMP01003,42,22,Engineering,Entry,Master,Hybrid,Contract,91891.0,86534.73,101880.04,15316.51,6,4618.58,115994.84,5,45.5,29,16,69.3
EMP01004,31,11,Engineering,Mid,Master,Remote,Contract,71861.23,60936.69,74389.68,1479.53,17,5786.52,155695.3,44,40.3,34,5,59.9
EMP01005,43,2,Marketing,Entry,High School,Remote,Contract,41867.15,36102.68,46482.07,3351.39,16,1787.57,98663.82,18,33.7,65,5,61.2
EMP01006,21,1,Finance,Entry,Bachelor,Remote,Contract,15000.0,12496.92,15068.36,2080.64,7,3931.66,166298.09,25,55.0,43,2,53.8
EMP01007,57,2,Operations,Entry,Bachelor,Hybrid,Contract,28066.43,21453.88,28102.7,5148.11,19,6835.59,27123.96,48,43.3,3,6,54.4
EMP01008,41,13,Operations,Mid,Diploma,Remote,Part-Time,93294.61,77860.02,93317.59,5805.81,4,5806.04,147045.66,41,38.4,63,7,73.6
EMP01009,46,3,Sales,Mid,Bachelor,Remote,Part-Time,19491.28,17700.53,20918.61,2288.24,20,5715.21,188653.44,40,47.8,4,15,64.2
EMP01010,56,10,Finance,Senior,Master,Remote,Full-Time,34437.66,31371.92,38329.12,4023.64,17,5352.89,67044.78,38,45.5,47,10,57.7
EMP01011,43,23,Marketing,Senior,PhD,Office,Contract,111776.92,103782.12,116298.54,19823.79,9,9466.91,73900.95,49,35.8,65,10,73.1
EMP01012,21,1,Finance,Senior,Diploma,Remote,Part-Time,32586.03,24774.94,33428.38,948.03,11,9378.41,17626.39,46,51.9,94,19,67.6
EMP01013,60,26,Marketing,Entry,PhD,Hybrid,Part-Time,95600.09,81779.27,109434.94,9216.38,1,3921.38,128657.06,21,31.8,26,16,79.9
EMP01014,35,15,Engineering,Manager,PhD,Remote,Part-Time,83603.98,64499.21,81376.01,4417.95,7,3843.0,110937.69,24,45.1,23,9,66.4
EMP01015,41,1,Sales,Mid,Master,Hybrid,Contract,29621.04,23405.02,31022.9,707.23,5,5771.54,9028.81,28,41.9,55,8,68.4
EMP01016,29,8,IT,Senior,High School,Office,Part-Time,77950.56,72497.39,80421.4,3622.02,5,1408.26,150690.19,46,38.0,44,19,65.6
EMP01017,29,9,Engineering,Manager,High School,Office,Full-Time,37923.54,32210.67,36771.63,7424.09,1,3378.56,166027.61,4,50.7,67,1,59.2
EMP01018,30,10,IT,Senior,High School,Remote,Full-Time,57070.42,51460.91,57278.16,3348.48,6,2693.24,181516.8,8,46.4,27,17,61.6
EMP01019,46,26,Finance,Senior,Bachelor,Hybrid,Contract,88497.33,67512.56,84575.86,16664.54,13,2622.2,109601.08,49,49.0,4,18,75.6
EMP01020,55,14,Marketing,Manager,High School,Remote,Full-Time,87617.22,73017.15,98603.62,4989.43,15,6565.8,91063.43,33,40.4,90,15,63.9
EMP01021,45,24,IT,Senior,Master,Remote,Part-Time,130524.79,115494.6,139866.43,24490.78,4,4151.33,175351.29,3,53.6,46,6,72.1
EMP01022,46,26,Engineering,Entry,Bachelor,Hybrid,Contract,98982.2,76877.62,110167.55,13642.89,17,2126.06,80340.67,49,38.6,4,17,74.8
EMP01023,31,7,Marketing,Entry,High School,Hybrid,Full-Time,41220.56,33601.5,43459.29,1664.46,13,8931.93,131433.18,20,43.3,4,18,67.5
EMP01024,58,8,Sales,Entry,PhD,Hybrid,Contract,48421.67,36941.36,51806.44,6040.35,11,8804.41,123457.09,35,53.3,47,19,76.6
EMP01025,22,2,Engineering,Junior,Master,Hybrid,Part-Time,27381.77,24103.29,29850.8,2117.5,4,8693.4,75060.06,39,32.1,72,2,59.7
EMP01026,27,7,Finance,Senior,Master,Hybrid,Full-Time,59863.02,56521.36,67741.13,5325.87,7,4212.08,18291.1,43,32.7,46,7,53.1
EMP01027,38,18,Marketing,Junior,Diploma,Office,Part-Time,78037.67,71436.39,75567.8,7743.74,19,1041.33,5261.69,47,54.9,61,17,71.9
EMP01028,47,18,Finance,Mid,Master,Office,Full-Time,96804.32,91472.78,98371.55,9301.66,7,1514.05,86219.31,7,54.3,26,15,71.0
EMP01029,54,28,Marketing,Manager,PhD,Office,Contract,157448.88,144714.56,171903.51,21970.35,14,3122.46,96759.11,27,49.3,3,16,73.1
EMP01030,47,6,Engineering,Mid,Master,Hybrid,Full-Time,52105.91,47991.59,59487.77,8248.69,16,2589.72,164712.98,5,42.1,48,17,67.3
EMP01031,37,17,Operations,Junior,Diploma,Hybrid,Full-Time,110232.21,95398.86,126343.91,8736.12,9,8802.86,83467.92,49,42.7,87,3,78.9
EMP01032,44,8,Operations,Entry,Master,Hybrid,Full-Time,43489.89,37125.16,46865.6,8105.89,2,9870.4,56950.82,37,36.4,90,10,68.9
EMP01033,45,25,Marketing,Senior,Master,Remote,Contract,118798.25,98751.15,117458.17,22443.83,16,8258.4,92957.2,1,40.8,64,6,74.5
EMP01034,27,5,Sales,Senior,Diploma,Office,Full-Time,50636.69,46262.64,49312.12,1383.61,5,7433.56,48360.11,22,40.8,95,2,47.4
EMP01035,26,6,Finance,Entry,Master,Office,Part-Time,62549.03,49189.4,71256.4,1418.84,12,6091.93,19180.76,7,30.9,79,11,72.2
EMP01036,44,16,HR,Senior,Bachelor,Remote,Contract,107067.25,81504.41,111005.78,10333.27,20,7814.13,23495.56,49,41.3,86,8,90.4
EMP01037,53,15,Marketing,Manager,Master,Remote,Contract,96370.01,90547.21,95306.39,12173.09,15,9496.82,64511.74,8,42.0,91,14,84.0
EMP01038,49,22,Marketing,Manager,High School,Office,Part-Time,98835.1,74201.0,112353.61,6920.72,3,6212.77,3522.61,44,46.6,60,12,71.1
EMP01039,42,22,Operations,Manager,High School,Hybrid,Contract,105742.28,99965.14,102665.69,7052.43,9,1968.83,44820.45,30,42.9,19,20,92.5
EMP01040,46,2,IT,Mid,Bachelor,Office,Full-Time,30861.03,27644.4,33821.04,4385.35,7,2056.65,157717.11,28,51.5,80,7,62.5
EMP01041,48,20,Engineering,Entry,Master,Hybrid,Contract,104695.09,85399.76,112552.73,13433.09,4,6046.7,47688.82,26,39.2,99,18,82.7
EMP01042,41,21,Operations,Manager,PhD,Office,Part-Time,130870.4,116417.59,126623.25,6554.83,9,3667.95,23035.17,34,40.2,7,5,62.7
EMP01043,27,7,Finance,Junior,Master,Office,Contract,48892.33,44666.81,49760.15,8762.0,15,9147.35,189867.03,49,44.3,81,6,62.1
EMP01044,37,17,Operations,Manager,High School,Remote,Part-Time,71783.86,57360.5,70347.19,10221.71,7,6310.6,124871.55,32,35.1,12,13,52.8
EMP01045,40,11,HR,Mid,Diploma,Remote,Contract,81164.47,73387.22,86919.0,6920.38,11,6926.68,12945.16,22,39.8,72,2,68.2
EMP01046,40,12,Sales,Junior,Bachelor,Hybrid,Part-Time,64772.92,58999.96,67715.07,9265.92,19,555.3,13386.55,20,47.2,36,19,70.1
EMP01047,42,10,Engineering,Entry,Diploma,Hybrid,Contract,54570.63,43649.46,51888.76,2197.97,11,5239.06,122812.3,14,40.3,93,8,66.7
EMP01048,48,15,HR,Entry,PhD,Office,Full-Time,68079.55,51630.53,77960.76,7099.75,1,4596.06,108485.63,23,52.7,42,11,70.5
EMP01049,60,7,Sales,Manager,Master,Remote,Part-Time,28535.72,22566.74,29104.06,1438.69,13,7205.78,14606.58,3,45.4,91,16,69.1
EMP01050,27,1,HR,Junior,PhD,Hybrid,Part-Time,36165.04,28575.06,36224.38,993.01,13,4135.07,45638.78,19,33.8,55,1,57.4
EMP01051,21,1,Engineering,Junior,Diploma,Hybrid,Contract,33201.63,25334.44,33018.65,2685.97,2,9777.46,185879.54,14,42.2,49,16,74.0
EMP01052,52,29,Operations,Manager,Master,Hybrid,Contract,164395.94,147167.48,161397.88,7748.37,17,6866.93,114830.15,40,49.1,81,12,82.2
EMP01053,33,11,HR,Manager,PhD,Office,Contract,69714.99,57584.23,80160.2,9344.12,19,6769.22,88624.75,39,46.1,19,17,67.8
EMP01054,50,9,Operations,Senior,High School,Hybrid,Full-Time,48723.28,45160.5,49162.86,6886.17,15,9233.74,50780.93,37,52.1,47,9,63.7
EMP01055,43,10,Engineering,Senior,High School,Hybrid,Contract,59443.95,47580.97,61292.82,2779.87,19,9954.45,27605.91,35,48.7,99,6,68.5
EMP01056,39,14,Operations,Manager,Bachelor,Remote,Part-Time,65548.58,55103.18,73694.38,1601.37,10,2379.3,81123.71,1,31.5,18,7,57.5
EMP01057,52,15,Finance,Mid,High School,Remote,Contract,60537.41,53139.95,65282.18,9849.79,10,8200.06,184550.95,19,32.8,68,13,73.5
EMP01058,50,16,Operations,Senior,High School,Remote,Full-Time,82494.46,76348.05,84452.79,1680.43,9,2042.04,10693.57,15,46.2,97,17,82.5
EMP01059,49,25,IT,Manager,Diploma,Office,Contract,147729.89,126297.86,166885.39,12099.72,19,4841.91,198204.78,25,36.0,16,10,71.4
EMP01060,49,1,HR,Junior,High School,Remote,Contract,23706.87,19551.17,26076.24,2584.64,11,1451.76,42354.73,1,44.7,27,11,57.4
EMP01061,50,11,Engineering,Senior,High School,Remote,Part-Time,74339.63,68645.44,74011.06,12441.15,6,6422.02,82344.7,31,49.8,35,14,66.1
EMP01062,36,16,Marketing,Mid,Diploma,Remote,Contract,81309.04,66026.95,87711.95,13899.01,2,4950.92,9965.21,37,44.4,37,17,77.4
EMP01063,60,22,Marketing,Entry,High School,Remote,Full-Time,113566.05,86978.51,128838.38,17090.45,10,6472.64,117371.66,43,40.4,93,16,71.9
EMP01064,39,17,Marketing,Junior,High School,Hybrid,Contract,93723.21,78634.56,98343.03,6044.73,15,6940.63,97227.5,46,46.2,81,5,62.8
EMP01065,38,18,Engineering,Mid,Bachelor,Office,Contract,106831.89,96898.52,117164.94,15985.65,5,6384.61,133674.7,22,33.6,69,18,65.9
EMP01066,21,1,IT,Mid,High School,Hybrid,Part-Time,15000.0,11342.34,17163.31,965.66,18,3293.28,108992.95,50,48.1,25,11,60.4
EMP01067,34,2,Operations,Mid,High School,Hybrid,Contract,45446.68,39410.29,49449.75,2664.51,7,8451.11,80237.38,20,47.4,78,10,70.3
EMP01068,22,2,HR,Junior,Bachelor,Office,Part-Time,59655.51,51834.24,57894.94,7068.17,3,5741.02,147813.58,41,42.9,0,6,64.5
EMP01069,48,0,Sales,Mid,Diploma,Hybrid,Part-Time,23942.85,22403.53,23916.8,3404.53,16,5153.59,5979.2,47,37.0,80,10,74.2
EMP01070,50,29,Sales,Entry,High School,Remote,Contract,131222.95,105935.37,140279.87,3877.55,17,9877.11,108664.78,43,49.9,94,11,74.9
EMP01071,58,31,Engineering,Senior,PhD,Office,Part-Time,171489.91,138180.97,172366.42,5282.59,2,3193.33,23661.36,5,42.8,1,1,68.0
EMP01072,24,4,Finance,Junior,Diploma,Hybrid,Part-Time,42605.79,35707.77,48634.86,6865.95,16,5516.29,87765.66,15,31.5,35,5,55.5
EMP01073,21,1,IT,Mid,Diploma,Hybrid,Contract,35454.15,29121.44,36555.73,6194.18,20,6982.08,158433.94,2,53.0,55,2,67.8
EMP01074,28,8,HR,Manager,High School,Remote,Contract,43687.0,39198.99,45497.65,5626.86,1,1689.65,29349.69,12,49.2,34,11,73.5
EMP01075,49,26,Operations,Senior,Bachelor,Hybrid,Full-Time,83615.4,73443.62,91167.57,8126.5,14,3865.28,187226.26,7,44.6,26,14,76.1
EMP01076,59,35,Marketing,Junior,Diploma,Hybrid,Full-Time,157968.37,142453.38,166632.93,27195.36,16,8116.04,177812.43,2,40.9,66,13,77.5
EMP01077,23,3,IT,Manager,Bachelor,Hybrid,Part-Time,32295.13,29518.02,33148.67,4882.61,9,2749.2,83566.11,8,54.0,55,11,39.5
EMP01078,52,21,IT,Manager,PhD,Office,Part-Time,93248.79,87149.97,90015.63,11593.34,17,5186.26,2188.99,9,49.4,45,6,58.3
EMP01079,30,9,HR,Mid,Bachelor,Office,Contract,80117.84,66993.52,85669.13,6213.64,8,6490.99,158159.22,27,43.4,19,2,44.5
EMP01080,30,10,Engineering,Junior,Master,Hybrid,Full-Time,47969.02,45423.76,53893.96,2668.95,9,6876.04,176298.26,28,46.3,7,19,58.7
EMP01081,39,14,Operations,Mid,Bachelor,Hybrid,Full-Time,76528.68,60697.36,83198.35,7297.86,2,7418.95,35772.88,37,37.0,92,9,83.8
EMP01082,54,3,Engineering,Entry,Diploma,Remote,Contract,32536.82,29051.25,33392.5,2330.55,13,8726.78,183322.25,15,34.9,71,18,60.7
EMP01083,53,31,Engineering,Manager,Bachelor,Office,Contract,118183.55,101259.89,115293.4,9580.73,1,4232.16,182905.36,19,36.8,90,14,75.1
EMP01084,43,22,Finance,Entry,Bachelor,Office,Contract,90994.16,83112.25,101300.85,10265.38,7,7213.0,94786.88,30,37.3,25,13,65.7
EMP01085,48,5,Engineering,Mid,Master,Office,Contract,53274.78,45036.05,60645.32,2687.02,18,7455.66,159808.93,13,48.5,73,12,84.9
EMP01086,52,23,Operations,Senior,Master,Hybrid,Full-Time,77463.49,70242.94,79605.71,12790.14,5,3352.6,89544.65,45,33.5,61,12,74.3
EMP01087,27,7,Finance,Manager,High School,Remote,Contract,53907.85,50459.57,59068.37,2490.29,7,9697.5,113245.21,6,49.4,93,13,77.0
EMP01088,49,19,Finance,Senior,Diploma,Remote,Contract,106860.59,95796.12,110296.45,11389.08,12,8719.58,64647.96,30,43.1,32,7,68.2
EMP01089,28,8,Marketing,Junior,High School,Hybrid,Full-Time,27931.5,25284.12,29340.74,4309.13,17,3253.68,32734.4,1,39.6,60,16,56.1
EMP01090,21,1,Marketing,Manager,Master,Hybrid,Contract,19167.6,14633.22,21415.87,2056.75,5,6913.15,149560.78,42,37.5,99,17,81.0
EMP01091,23,3,HR,Entry,Bachelor,Remote,Full-Time,38869.36,30745.33,37574.42,3303.27,12,7319.11,1277.18,38,42.8,19,9,62.1
EMP01092,44,7,Operations,Senior,Master,Remote,Full-Time,44913.54,42437.04,47431.71,4737.5,19,4599.09,116330.99,25,37.9,67,14,67.8
EMP01093,43,0,Engineering,Junior,PhD,Office,Contract,18507.65,16446.59,18376.69,3197.4,13,8705.56,173072.52,35,40.7,86,9,75.5
EMP01094,28,8,Finance,Manager,Bachelor,Hybrid,Contract,63610.63,54850.8,64753.15,12612.57,16,7057.18,45034.18,26,48.5,28,6,58.0
EMP01095,57,5,HR,Junior,High School,Office,Part-Time,32913.41,27100.75,35509.81,4397.42,19,6752.47,67246.99,13,45.6,45,1,55.8
EMP01096,23,3,Finance,Entry,Bachelor,Remote,Part-Time,56367.86,42776.32,53856.43,9177.81,10,2597.98,117909.68,19,48.7,95,20,70.7
EMP01097,53,31,IT,Manager,PhD,Office,Full-Time,109353.57,90088.44,116873.27,2472.26,12,4374.5,50127.18,10,47.8,36,1,76.6
EMP01098,48,28,Sales,Junior,Master,Remote,Full-Time,74743.62,63515.83,75243.54,13339.17,7,4622.26,169649.88,45,50.4,100,19,91.0
EMP01099,28,8,Sales,Mid,Diploma,Remote,Part-Time,60683.83,48079.31,65775.02,11634.85,14,7469.78,73954.03,7,35.0,89,15,73.6
EMP01100,54,4,Finance,Manager,Diploma,Office,Full-Time,24117.75,18923.45,23594.79,2979.28,10,6374.75,116741.13,15,54.9,52,17,60.7
EMP01101,55,5,HR,Manager,Diploma,Hybrid,Part-Time,27156.89,23129.07,29795.51,4227.92,8,1315.68,45998.11,23,41.9,4,20,64.2
EMP01102,52,24,Marketing,Manager,Master,Office,Contract,108757.48,94312.4,117363.23,12212.82,15,3423.13,9235.88,36,48.0,87,8,67.2
EMP01103,44,24,Operations,Manager,Diploma,Office,Contract,139023.73,110938.66,159077.68,9942.51,16,4993.95,35566.35,43,46.9,65,3,77.4
EMP01104,34,6,Finance,Mid,PhD,Hybrid,Contract,50957.1,44204.16,57696.03,8836.2,8,7498.96,10193.59,31,44.2,14,12,51.5
EMP01105,52,12,Finance,Entry,Master,Hybrid,Full-Time,66835.24,62161.31,67280.4,8516.85,4,7563.91,94252.18,8,54.9,45,15,81.3
EMP01106,36,16,Operations,Mid,Diploma,Office,Contract,75000.13,63347.71,71659.87,9321.69,17,5160.16,117740.84,30,35.4,56,18,84.1
EMP01107,24,1,Engineering,Mid,High School,Remote,Full-Time,23664.5,21806.32,25583.07,3280.94,4,1610.86,9890.37,34,40.5,7,13,53.7
EMP01108,57,7,Marketing,Junior,Master,Office,Contract,33100.83,30964.31,35437.0,5762.21,11,3282.58,19005.96,33,33.2,36,5,57.0
EMP01109,41,10,Finance,Senior,Master,Remote,Full-Time,94643.8,72731.75,90430.8,14361.54,13,2919.58,97619.48,1,34.5,100,17,69.9
EMP01110,34,14,IT,Senior,Bachelor,Hybrid,Full-Time,94779.97,72901.18,92366.45,5497.46,6,7919.75,160036.81,16,47.8,56,3,66.6
EMP01111,51,26,Marketing,Junior,Diploma,Hybrid,Part-Time,81362.74,68768.5,86809.19,8464.02,14,2209.87,125973.83,50,30.1,13,19,87.2
EMP01112,38,18,IT,Mid,High School,Remote,Part-Time,108089.57,93780.73,122396.9,21234.6,7,4916.75,21837.33,11,52.2,4,6,71.8
EMP01113,27,7,Sales,Junior,PhD,Office,Part-Time,69344.68,57915.06,78449.64,8308.94,12,6871.83,177620.91,27,45.8,72,17,68.1
EMP01114,30,10,Operations,Manager,Master,Hybrid,Full-Time,44708.1,36450.07,43827.22,8444.65,1,9665.47,183572.6,22,41.0,85,5,74.1
EMP01115,27,7,Marketing,Junior,PhD,Remote,Part-Time,44718.09,39271.37,45921.67,7441.38,10,9992.79,65666.41,40,38.3,42,5,68.6
EMP01116,53,31,Engineering,Junior,PhD,Remote,Part-Time,179957.31,135042.9,172514.38,25173.19,1,9552.76,123587.54,19,33.2,48,19,81.3
EMP01117,43,9,Marketing,Manager,PhD,Office,Part-Time,85628.98,80800.76,89384.18,7097.42,16,7323.3,98973.1,44,53.0,43,11,65.6
EMP01118,41,2,HR,Senior,Bachelor,Remote,Full-Time,32223.75,25663.5,35465.99,2409.61,7,7591.19,188462.73,6,47.8,55,1,66.9
EMP01119,39,19,HR,Manager,PhD,Remote,Full-Time,122572.63,114411.71,135809.8,16647.3,20,7712.5,102240.96,48,38.4,47,13,79.8
EMP01120,39,19,Operations,Entry,Diploma,Office,Part-Time,92675.53,71527.25,97290.58,9069.32,6,8694.75,192033.2,40,31.8,29,17,82.3
EMP01121,56,30,Engineering,Junior,Diploma,Hybrid,Part-Time,170989.06,136383.86,165718.14,28003.85,18,9541.96,40669.17,39,38.1,32,11,93.4
EMP01122,49,14,Marketing,Junior,High School,Hybrid,Full-Time,79922.61,63696.3,82022.4,12538.44,20,4734.21,69761.81,20,34.6,36,18,76.3
EMP01123,38,15,Sales,Senior,High School,Hybrid,Full-Time,94031.81,89257.87,106859.67,7163.67,4,4456.85,156487.7,3,49.7,49,4,66.5
EMP01124,22,2,Engineering,Mid,PhD,Remote,Part-Time,53842.59,40431.48,53623.04,7887.46,16,4874.41,156938.54,1,48.0,6,10,68.0
EMP01125,21,1,Finance,Manager,PhD,Remote,Part-Time,55115.09,48387.06,55883.99,6008.59,1,6768.26,146704.47,23,42.5,66,11,77.4
EMP01126,25,5,Operations,Mid,Bachelor,Office,Part-Time,32503.41,30031.12,35733.13,2541.53,20,7866.73,172062.68,38,52.1,42,18,64.2
EMP01127,40,20,Engineering,Entry,PhD,Remote,Full-Time,101435.71,89715.29,111246.18,9568.83,2,8770.17,140806.69,3,34.5,39,1,62.4
EMP01128,31,10,Operations,Manager,PhD,Remote,Part-Time,68645.55,56464.18,77737.0,12436.06,16,4834.0,127580.94,34,41.3,31,4,53.2
EMP01129,22,2,Engineering,Entry,PhD,Hybrid,Full-Time,22198.94,20903.9,22812.16,1880.54,9,3952.04,92326.08,17,47.8,99,5,64.8
EMP01130,23,3,HR,Entry,Master,Remote,Contract,39926.96,37080.33,42039.88,2864.04,15,9841.85,93950.46,48,31.7,54,2,63.4
EMP01131,43,21,Sales,Entry,Master,Remote,Part-Time,107392.12,89864.76,112061.37,8948.48,16,2702.93,81826.14,27,39.3,82,12,68.8
EMP01132,32,12,Operations,Manager,Bachelor,Remote,Contract,60588.17,52388.51,68800.92,3552.36,9,2609.05,124422.15,39,44.3,94,11,79.2
EMP01133,40,13,Sales,Manager,Bachelor,Office,Full-Time,75364.23,71106.44,83192.02,8895.56,7,7296.37,81926.12,23,39.2,93,16,72.0
EMP01134,25,5,Operations,Senior,Diploma,Remote,Contract,33005.17,31239.79,36843.29,1536.01,10,2206.74,30351.37,38,42.0,100,4,59.6
EMP01135,57,31,HR,Junior,Bachelor,Office,Part-Time,90035.5,75626.64,87930.44,15048.52,7,4294.39,22199.39,11,45.2,88,7,85.3
EMP01136,58,35,Finance,Mid,Diploma,Hybrid,Contract,138186.39,127058.24,153161.56,8374.71,13,3277.67,184969.98,15,39.2,76,13,78.3
EMP01137,50,30,HR,Mid,PhD,Remote,Contract,163224.72,132276.67,169198.05,20835.62,2,2102.75,5923.04,26,32.7,75,14,71.0
EMP01138,29,9,Operations,Entry,Bachelor,Office,Contract,39350.83,32439.35,37566.97,1672.59,12,6007.22,21987.99,11,33.5,8,11,68.0
EMP01139,54,34,Sales,Manager,Bachelor,Hybrid,Full-Time,146517.99,114718.37,140952.9,28735.34,13,4048.36,89615.67,7,43.2,8,8,72.3
EMP01140,55,2,IT,Manager,Bachelor,Remote,Part-Time,32388.5,25646.41,35160.36,3297.91,3,4891.22,53322.33,47,34.4,63,1,65.1
EMP01141,42,15,HR,Entry,Diploma,Office,Full-Time,74691.67,65831.34,76514.33,12547.52,11,2360.7,81763.93,48,52.2,44,8,72.5
EMP01142,44,4,Sales,Junior,Diploma,Office,Contract,44767.15,38148.61,50301.4,7089.17,8,7794.73,24372.03,8,50.9,90,19,60.3
EMP01143,37,17,Engineering,Mid,High School,Hybrid,Contract,82014.06,65301.76,89957.5,12176.2,11,3489.76,27050.48,5,38.7,60,17,84.4
EMP01144,30,9,Engineering,Senior,Diploma,Remote,Full-Time,30011.47,24926.98,28641.03,5069.71,18,3755.82,160330.92,17,50.8,94,9,81.6
EMP01145,50,18,HR,Junior,Diploma,Remote,Full-Time,129742.49,106990.41,141079.08,4941.04,7,2895.46,152062.64,23,43.3,69,13,80.9
EMP01146,43,23,Operations,Manager,Master,Remote,Contract,81713.3,77421.07,80771.19,11613.87,12,4626.83,21746.32,2,34.0,92,15,86.9
EMP01147,52,3,Engineering,Entry,Bachelor,Office,Part-Time,26528.71,24425.33,27444.38,1799.94,6,4903.98,133890.29,27,45.4,93,13,66.3
EMP01148,37,17,Sales,Mid,Diploma,Remote,Full-Time,76753.52,63520.7,82505.97,12392.39,10,5531.84,122252.95,21,47.0,37,8,63.7
EMP01149,37,17,Finance,Entry,Bachelor,Office,Contract,84819.69,79118.39,95383.43,16305.43,20,9691.9,142959.18,7,32.1,74,12,74.3
EMP01150,34,1,Sales,Manager,Bachelor,Office,Contract,25873.67,21178.3,26940.17,4715.94,15,9094.57,95415.33,38,37.9,45,11,68.2
EMP01151,29,9,Engineering,Entry,Master,Hybrid,Part-Time,64205.89,56731.06,71377.57,2612.63,20,6289.23,54727.38,26,30.1,69,20,80.3
EMP01152,60,24,Engineering,Mid,Bachelor,Office,Contract,118005.66,111318.28,130584.25,10209.78,15,869.58,133072.15,30,37.9,63,13,73.1
EMP01153,22,2,Marketing,Entry,Diploma,Hybrid,Full-Time,25495.66,21111.83,26334.66,2181.87,19,6316.47,74900.13,12,38.4,94,16,65.9
EMP01154,45,18,IT,Mid,Bachelor,Hybrid,Contract,81256.98,71991.82,85335.76,3413.88,6,1351.85,44571.63,48,45.8,34,2,52.7
EMP01155,59,22,Operations,Entry,High School,Remote,Contract,96570.75,78143.58,105271.48,3637.11,19,7248.27,82317.17,11,35.0,11,6,70.6
EMP01156,29,9,Sales,Entry,High School,Hybrid,Contract,56575.77,45445.19,54099.43,5051.1,15,4205.74,152890.7,17,30.8,47,16,66.7
EMP01157,42,10,Engineering,Mid,Master,Remote,Contract,53291.85,46088.46,60121.85,10582.32,20,8458.12,95682.85,10,37.9,62,18,70.5
EMP01158,24,4,Operations,Entry,Diploma,Hybrid,Part-Time,29100.58,27524.87,32125.97,3562.19,20,9454.03,60672.99,48,50.6,44,17,79.5
EMP01159,46,26,HR,Junior,Master,Office,Full-Time,80378.58,67568.39,80369.19,10603.6,18,4462.55,166541.85,16,40.0,5,15,78.1
EMP01160,49,4,HR,Senior,High School,Remote,Contract,15000.0,14062.91,17193.54,1571.75,2,4875.28,176447.11,15,40.4,44,7,62.7
EMP01161,54,4,Sales,Junior,Diploma,Office,Full-Time,31862.12,29723.3,31412.17,4435.83,7,6106.4,87216.83,15,41.7,89,14,74.7
EMP01162,43,20,Marketing,Senior,Bachelor,Remote,Part-Time,104531.23,83703.64,118414.79,20090.82,5,2372.76,75562.92,20,48.8,100,7,82.8
EMP01163,57,11,Engineering,Junior,Diploma,Office,Full-Time,66744.96,55422.61,67739.11,8407.57,3,9309.66,122927.09,4,42.0,31,6,50.9
EMP01164,31,3,Sales,Senior,PhD,Hybrid,Part-Time,31068.62,27298.77,34257.17,985.09,6,4613.5,12536.91,32,32.3,67,12,61.3
EMP01165,26,6,Finance,Entry,Diploma,Remote,Full-Time,54586.91,46595.88,56840.0,5934.7,6,2084.79,138573.31,22,35.2,2,2,52.9
EMP01166,38,18,Marketing,Mid,Bachelor,Remote,Full-Time,56220.38,43244.25,61690.26,11170.72,1,7745.95,156675.23,35,34.7,1,1,52.9
EMP01167,41,13,Engineering,Mid,PhD,Remote,Contract,88003.02,83491.95,86344.75,7896.73,19,2581.94,80090.94,14,42.7,19,18,68.8
EMP01168,56,10,Engineering,Manager,Master,Hybrid,Full-Time,45391.52,40876.46,45568.61,5760.12,12,1863.53,35748.55,30,30.7,82,5,54.2
EMP01169,58,31,Operations,Senior,Diploma,Office,Contract,183435.26,153634.15,177926.99,7189.67,5,5847.28,6734.86,31,37.1,38,7,79.9
EMP01170,54,10,Sales,Manager,Master,Hybrid,Contract,75184.76,65683.94,84434.65,3414.33,7,6879.2,127811.87,10,45.2,11,15,62.8
EMP01171,37,17,Engineering,Manager,Diploma,Hybrid,Full-Time,91001.8,69845.21,91844.35,16147.6,20,5910.85,54529.69,6,38.9,60,6,68.9
EMP01172,57,26,Operations,Senior,High School,Hybrid,Contract,137790.94,116992.82,150039.9,10205.08,8,6736.85,93314.03,27,47.7,35,2,67.6
EMP01173,45,17,Engineering,Mid,High School,Office,Full-Time,84911.42,79491.23,94595.08,6366.76,19,1597.48,77884.75,11,39.8,91,17,81.6
EMP01174,58,22,IT,Senior,Bachelor,Hybrid,Contract,90905.2,84480.04,102748.66,8154.05,6,5022.17,35802.07,36,54.5,8,13,53.5
EMP01175,32,10,Marketing,Entry,High School,Remote,Contract,86768.33,70931.04,84274.56,16830.12,15,3891.68,102165.37,10,54.1,43,13,70.7
EMP01176,43,20,Sales,Manager,PhD,Hybrid,Part-Time,75029.25,64245.56,84678.23,2640.3,6,9747.0,92459.11,16,50.0,74,14,73.8
EMP01177,42,4,IT,Manager,PhD,Office,Part-Time,19993.79,17784.01,19782.86,3346.51,9,971.43,125205.38,24,53.9,52,8,64.6
EMP01178,41,21,Sales,Senior,Diploma,Remote,Full-Time,94094.69,76969.63,103257.67,7666.87,4,3333.79,51125.11,21,35.1,29,15,65.1
EMP01179,47,24,Finance,Manager,Master,Office,Contract,146736.31,111956.26,160789.22,25371.33,16,9447.69,43713.18,40,48.8,65,11,77.8
EMP01180,51,9,HR,Mid,PhD,Hybrid,Part-Time,56503.58,48089.53,53774.49,11216.86,10,9843.21,163054.67,41,38.0,37,13,75.6
EMP01181,26,6,Operations,Manager,Diploma,Office,Part-Time,66057.27,57491.44,65669.17,5466.91,1,8336.57,140736.26,36,48.1,37,20,71.3
EMP01182,47,18,Sales,Senior,Master,Remote,Part-Time,88819.27,66718.22,93116.5,3844.47,11,1221.98,154669.08,49,39.3,32,1,57.2
EMP01183,60,0,Marketing,Mid,High School,Office,Contract,19226.9,14787.7,19880.74,884.2,17,5832.87,25534.67,42,37.2,70,2,52.3
EMP01184,54,6,Sales,Mid,Diploma,Remote,Full-Time,44556.25,35264.41,50514.08,6976.32,18,4301.17,45583.89,45,54.0,84,11,71.5
EMP01185,32,3,Sales,Manager,Master,Remote,Contract,19204.38,15740.11,19625.88,885.05,20,8161.3,115530.77,23,35.2,54,14,69.6
EMP01186,27,0,Sales,Senior,Bachelor,Hybrid,Contract,15000.0,12873.15,17060.95,1003.14,20,1022.73,171583.07,21,49.0,75,5,62.0
EMP01187,30,10,Engineering,Manager,Bachelor,Hybrid,Part-Time,57006.11,46104.75,59393.86,3237.47,15,2372.72,178530.81,32,46.9,84,7,66.4
EMP01188,37,11,Sales,Entry,PhD,Remote,Contract,67625.54,54454.57,77287.24,5682.04,6,5147.35,166550.08,17,37.6,22,16,69.9
EMP01189,46,21,Engineering,Entry,Master,Office,Contract,86079.48,79526.23,94469.73,2873.85,16,1997.65,9636.19,17,41.5,69,11,73.3
EMP01190,41,21,Marketing,Mid,Bachelor,Remote,Part-Time,114511.83,89205.88,127779.97,19949.52,2,7080.79,164354.96,21,33.6,13,15,69.4
EMP01191,48,16,Marketing,Manager,PhD,Hybrid,Part-Time,105634.48,89693.39,102568.48,18467.69,3,8297.29,179919.14,4,53.0,95,4,73.7
EMP01192,22,2,Sales,Entry,Diploma,Office,Contract,46721.96,43945.04,49863.0,4407.19,17,7192.94,12293.07,23,54.2,48,10,64.0
EMP01193,21,1,Engineering,Junior,Diploma,Remote,Part-Time,15000.0,13125.04,14678.1,1952.64,8,4682.7,83839.9,25,48.3,44,1,63.8
EMP01194,56,19,HR,Entry,Master,Hybrid,Full-Time,87223.51,77929.06,88054.24,11823.26,20,8844.68,107785.45,32,51.2,76,7,78.3
EMP01195,46,26,Sales,Manager,Master,Remote,Full-Time,130185.89,108867.61,139912.48,20161.43,15,1808.02,47317.32,6,32.1,26,12,75.4
EMP01196,49,14,Operations,Manager,Master,Remote,Full-Time,77286.55,58273.01,84647.72,8789.35,13,2973.22,103820.45,14,39.6,74,11,74.8
EMP01197,41,11,Operations,Entry,Master,Remote,Full-Time,73065.82,64241.37,69985.13,8173.18,19,5150.63,177305.2,41,38.3,95,11,64.1
EMP01198,31,11,Marketing,Manager,Bachelor,Office,Full-Time,68457.87,59995.44,72304.43,9148.34,1,1082.72,173521.56,38,44.1,66,17,72.1
EMP01199,60,29,Operations,Manager,Bachelor,Hybrid,Part-Time,103001.23,79525.76,109496.77,15094.7,12,1409.01,188027.62,42,34.6,48,1,71.4
EMP01200,31,2,Operations,Junior,PhD,Hybrid,Part-Time,15000.0,12636.48,14486.48,1236.06,18,4275.71,97337.85,38,44.1,1,15,50.5
EMP01201,56,27,Finance,Mid,Bachelor,Remote,Full-Time,155538.81,145127.94,163337.15,12360.15,18,9466.92,82702.82,41,46.4,93,20,87.9
EMP01202,59,25,Sales,Manager,Diploma,Remote,Full-Time,142253.24,112524.73,155449.85,9751.36,3,9129.93,133491.78,45,33.3,59,18,73.1
EMP01203,60,29,Sales,Senior,PhD,Remote,Full-Time,149952.91,126293.3,144051.58,17813.26,18,4926.76,83935.35,16,33.3,65,4,66.6
EMP01204,55,12,Sales,Mid,Bachelor,Office,Part-Time,84384.81,71070.63,92996.58,7158.2,17,1850.51,9346.97,32,30.9,58,19,70.2
EMP01205,54,12,Sales,Mid,Master,Hybrid,Part-Time,47214.31,43066.64,50296.71,5536.18,11,2192.02,144264.37,16,49.0,92,5,66.6
EMP01206,44,1,IT,Senior,Bachelor,Remote,Contract,18497.02,16923.2,20654.61,1721.65,5,4086.69,56915.8,19,38.3,59,14,55.7
EMP01207,42,1,Sales,Entry,High School,Hybrid,Contract,34626.71,31228.23,34405.53,5907.74,7,2495.7,10767.98,37,35.6,21,13,67.3
EMP01208,25,5,Engineering,Junior,PhD,Remote,Contract,45693.93,37610.25,51024.34,1515.37,18,1288.27,5103.59,43,49.5,88,19,74.1
EMP01209,53,25,Marketing,Manager,Bachelor,Hybrid,Contract,116274.81,88881.33,112660.08,14301.56,7,6900.89,186340.89,21,33.6,45,19,92.9
EMP01210,56,10,Engineering,Entry,Bachelor,Remote,Part-Time,59849.01,49070.0,61690.32,7398.07,18,6023.76,51163.13,15,40.7,52,16,72.5
EMP01211,40,7,Marketing,Senior,Diploma,Office,Part-Time,44927.11,39803.54,44473.21,4001.62,2,3267.32,90131.94,26,48.6,18,19,72.2
EMP01212,39,19,IT,Junior,Master,Remote,Part-Time,67348.95,59977.56,75781.32,6450.94,6,7900.01,190164.71,30,44.3,48,1,58.1
EMP01213,55,19,Sales,Junior,Master,Remote,Part-Time,100787.19,95042.32,109957.21,16531.48,8,7871.51,94035.88,40,43.9,79,10,64.5
EMP01214,37,7,HR,Junior,Diploma,Remote,Full-Time,54645.28,45941.83,52190.19,3853.65,17,5164.52,16643.26,15,33.9,16,2,60.5
EMP01215,54,28,Engineering,Senior,Diploma,Remote,Contract,131783.07,115506.16,125444.92,23306.19,4,1417.06,110835.27,43,34.5,26,15,68.9
EMP01216,29,9,Sales,Entry,High School,Remote,Part-Time,37464.88,32138.8,37773.96,6793.95,17,9225.46,18551.53,13,44.6,18,19,73.7
EMP01217,46,26,Marketing,Manager,PhD,Hybrid,Part-Time,88500.19,69041.1,86611.3,12134.39,16,6852.27,19922.49,27,30.6,29,4,80.1
EMP01218,22,2,Engineering,Junior,Master,Hybrid,Contract,40613.57,34206.4,43702.68,6462.2,15,2846.98,170443.94,23,51.7,77,4,66.6
EMP01219,29,9,Finance,Junior,Diploma,Office,Part-Time,77308.78,66405.7,83706.81,10075.7,15,6299.32,58594.89,34,38.8,45,12,70.5
EMP01220,29,9,Operations,Entry,Diploma,Remote,Full-Time,69960.56,65773.41,79642.41,8013.75,8,4347.7,136055.37,34,40.4,63,19,74.7
EMP01221,60,6,Finance,Junior,PhD,Hybrid,Part-Time,35497.67,29225.51,40481.83,6886.62,17,6535.82,102275.94,23,36.5,31,9,59.1
EMP01222,37,15,HR,Junior,Diploma,Hybrid,Contract,75767.92,71677.96,81964.18,5370.27,19,5001.77,45243.01,44,51.9,52,16,72.1
EMP01223,21,1,Sales,Senior,High School,Remote,Full-Time,35021.74,30064.77,33310.41,1672.19,1,5111.99,104046.24,20,46.1,22,15,58.8
EMP01224,45,22,IT,Mid,PhD,Remote,Full-Time,107799.58,86077.3,110149.56,7734.34,13,7490.88,14729.71,9,41.2,35,9,60.9
EMP01225,60,23,Sales,Entry,High School,Office,Contract,108260.58,85345.37,113958.15,14142.36,6,6330.39,70095.26,20,44.6,9,19,75.8
EMP01226,45,8,HR,Entry,Bachelor,Office,Contract,45869.98,35702.39,48155.95,2446.38,10,1259.55,105044.41,47,39.5,58,18,79.0
EMP01227,59,34,HR,Entry,Master,Hybrid,Full-Time,168067.77,141275.51,179944.81,30854.98,1,1121.05,46450.47,39,41.6,28,7,65.1
EMP01228,55,19,Operations,Senior,Diploma,Office,Part-Time,79755.02,60166.01,91089.03,7495.73,12,3397.59,132377.44,14,38.9,10,16,81.3
EMP01229,23,3,HR,Senior,PhD,Hybrid,Contract,35348.57,29657.77,39839.2,6115.07,19,4587.34,11310.57,49,40.3,37,15,73.5
EMP01230,57,30,Finance,Manager,High School,Office,Full-Time,160372.91,151982.35,155847.44,10402.2,15,3114.61,97477.17,26,37.9,78,11,81.7
EMP01231,50,7,Operations,Senior,Master,Remote,Contract,61805.31,54637.21,62002.85,4720.09,5,6688.87,143284.16,27,31.9,31,6,63.0
EMP01232,58,14,Sales,Entry,Master,Office,Part-Time,79788.87,71966.15,89094.0,2446.34,2,2353.53,86559.27,34,30.9,90,3,65.0
EMP01233,54,30,Engineering,Manager,Diploma,Hybrid,Part-Time,112641.23,87161.91,125579.36,7479.17,19,7189.34,175042.7,29,34.4,51,14,79.2
EMP01234,32,12,Sales,Mid,Master,Office,Full-Time,55204.6,46626.92,55484.72,5976.26,14,7844.93,126806.36,32,36.3,0,6,57.0
EMP01235,39,19,IT,Junior,Diploma,Hybrid,Part-Time,93721.62,75656.28,102729.92,17835.66,9,1681.03,191740.09,41,52.3,13,17,72.7
EMP01236,57,11,HR,Junior,Bachelor,Hybrid,Part-Time,59977.5,55708.28,65040.05,5398.13,1,6682.66,57540.24,45,45.3,2,19,69.9
EMP01237,37,16,HR,Manager,Diploma,Office,Part-Time,74142.97,58295.54,77457.51,10020.71,13,9633.64,187819.08,5,54.0,29,18,86.1
EMP01238,30,10,Marketing,Mid,High School,Office,Contract,53038.9,44645.32,52523.95,5144.13,17,2331.83,121757.7,4,38.5,30,20,75.4
EMP01239,32,12,Operations,Junior,Master,Hybrid,Full-Time,85284.26,73993.44,96177.5,2423.99,2,9138.38,149290.6,23,40.0,0,16,65.7
EMP01240,36,16,Marketing,Manager,Master,Remote,Full-Time,50917.62,43422.97,55274.65,5633.32,14,6257.46,180530.06,21,48.0,45,3,63.0
EMP01241,44,10,Operations,Senior,Master,Office,Full-Time,81880.36,75006.4,80553.79,2609.07,20,6113.98,110688.24,33,44.4,13,6,55.2
EMP01242,39,19,Finance,Entry,Diploma,Hybrid,Part-Time,91036.66,72491.64,99317.4,16301.57,6,993.27,172573.98,41,43.2,35,17,70.4
EMP01243,28,6,Operations,Mid,PhD,Remote,Contract,66834.8,55170.67,73403.77,10395.93,6,7608.85,108797.69,24,44.4,45,20,77.0
EMP01244,51,31,Sales,Junior,Diploma,Hybrid,Full-Time,132711.91,120557.74,149616.24,11699.52,18,5043.59,120240.59,16,44.6,54,5,69.9
EMP01245,41,19,IT,Entry,High School,Office,Contract,74525.12,63764.76,74120.29,10078.73,19,7351.16,89574.62,32,49.1,35,16,69.2
EMP01246,37,17,Engineering,Manager,Diploma,Hybrid,Full-Time,81032.89,67291.61,93005.56,3254.69,9,8187.22,29982.07,19,46.7,42,17,69.6
EMP01247,43,9,Operations,Junior,Master,Hybrid,Part-Time,55066.85,41624.4,54002.89,8065.09,15,5476.07,111147.14,26,53.9,42,16,64.0
EMP01248,57,31,Operations,Entry,Bachelor,Hybrid,Full-Time,164887.44,148510.34,176452.28,27716.23,7,3004.62,195512.2,3,53.7,14,9,80.8
EMP01249,36,14,Operations,Senior,High School,Office,Full-Time,103443.73,97696.02,111867.7,17369.67,6,1844.94,157650.01,35,40.5,37,7,65.9
EMP01250,26,6,IT,Mid,Bachelor,Remote,Part-Time,46762.09,40872.75,48342.21,3328.06,5,2024.78,149752.2,39,30.9,88,5,61.6
EMP01251,28,2,HR,Manager,High School,Remote,Part-Time,44869.22,41338.38,46888.67,3027.52,19,8735.88,129018.45,18,30.3,43,9,60.9
EMP01252,45,7,IT,Junior,High School,Remote,Full-Time,34110.74,29109.26,38483.12,3883.56,20,1673.99,70233.83,7,33.1,54,10,66.3
EMP01253,38,18,HR,Senior,Master,Remote,Contract,117836.01,93837.08,127151.52,22883.63,1,4154.59,34753.42,32,31.9,54,1,58.8
EMP01254,45,10,Engineering,Mid,Diploma,Office,Part-Time,48686.1,36655.2,51091.21,9040.72,7,3675.61,45685.77,24,39.3,77,7,56.3
EMP01255,32,7,Sales,Mid,Master,Hybrid,Full-Time,73168.1,64437.66,71387.91,6199.89,18,8721.83,2258.1,16,31.3,87,5,73.3
EMP01256,35,15,IT,Senior,Master,Remote,Part-Time,72660.07,61660.91,69133.69,11652.44,8,5038.09,135022.6,24,45.6,57,6,73.2
EMP01257,46,26,HR,Junior,Master,Remote,Contract,140685.56,127520.15,137167.54,26144.61,12,9966.24,162563.63,4,34.8,56,6,74.3
EMP01258,46,9,Sales,Mid,Bachelor,Office,Full-Time,65132.46,57898.62,74331.57,4361.71,10,7502.02,54513.36,45,42.8,55,15,75.8
EMP01259,52,27,Sales,Manager,High School,Hybrid,Full-Time,99268.29,94065.68,109474.79,16821.33,6,8583.77,19278.23,32,32.6,1,8,82.6
EMP01260,30,10,HR,Entry,PhD,Hybrid,Contract,97364.84,82960.93,111329.23,6642.35,16,1437.39,67809.69,42,50.7,33,1,54.6
EMP01261,36,12,HR,Manager,Diploma,Remote,Contract,47193.59,39427.17,45170.95,3860.0,19,2904.47,59118.19,34,49.5,48,10,59.0
EMP01262,27,7,Finance,Mid,Master,Remote,Full-Time,39948.76,32252.55,43386.11,2228.65,18,1786.74,90724.4,19,39.7,63,3,65.3
EMP01263,37,17,Sales,Entry,High School,Hybrid,Contract,105080.92,88832.49,100757.75,11692.81,13,4904.41,53556.31,14,52.8,86,16,66.3
EMP01264,43,23,HR,Senior,Diploma,Office,Contract,131859.11,121913.55,145890.41,22652.86,20,7323.73,68606.81,38,34.6,7,1,63.0
EMP01265,46,21,Sales,Entry,PhD,Hybrid,Full-Time,76643.97,58133.52,78651.27,8817.84,7,2106.1,181603.4,13,50.3,68,16,75.1
EMP01266,41,3,IT,Entry,PhD,Hybrid,Part-Time,32576.75,30803.92,31571.85,1375.36,7,1736.6,67632.24,22,43.6,57,14,70.6
EMP01267,42,22,Engineering,Entry,Master,Remote,Contract,128185.15,121604.31,136338.92,8373.01,16,6338.78,157318.09,31,38.2,92,5,68.5
EMP01268,27,7,Marketing,Mid,PhD,Office,Part-Time,60855.81,52918.04,61222.41,7382.73,10,2687.97,125540.91,44,32.1,42,16,76.5
EMP01269,34,14,Marketing,Junior,PhD,Office,Part-Time,70358.5,57434.27,76121.9,8792.97,15,5053.59,68170.05,44,34.3,61,11,64.4
EMP01270,35,15,Operations,Mid,Diploma,Office,Part-Time,76889.89,61097.46,83166.79,9522.28,14,985.62,163739.87,30,51.6,51,18,79.1
EMP01271,27,7,HR,Junior,Diploma,Remote,Contract,39011.79,31416.12,42561.92,1320.96,12,6965.82,119420.14,23,45.2,32,7,56.3
EMP01272,29,1,HR,Senior,Master,Office,Full-Time,23190.21,17625.05,26633.8,3609.91,15,5642.51,2715.13,12,35.9,19,8,61.5
EMP01273,28,8,Sales,Senior,High School,Office,Full-Time,59574.06,50341.4,61202.79,10943.58,8,6650.52,14676.91,43,42.4,79,17,65.1
EMP01274,43,10,Operations,Senior,Master,Remote,Full-Time,56589.89,43091.21,59026.83,6332.04,7,3116.36,150775.27,14,32.7,100,14,72.6
EMP01275,49,27,HR,Senior,Bachelor,Hybrid,Full-Time,122993.04,109918.24,136635.71,18373.84,9,3146.73,89859.03,36,32.5,58,17,89.3
EMP01276,38,18,Sales,Senior,PhD,Office,Full-Time,97130.48,80073.0,103509.43,17922.79,14,8112.93,81696.05,45,52.7,59,12,72.9
EMP01277,51,4,HR,Manager,High School,Hybrid,Full-Time,43041.17,33997.06,41209.83,5839.49,7,7326.34,30019.61,8,41.4,62,18,77.8
EMP01278,50,9,Sales,Mid,Diploma,Office,Part-Time,57569.57,49450.57,64398.23,8139.11,12,6007.42,32306.4,24,39.0,55,1,59.4
EMP01279,59,23,HR,Junior,Bachelor,Hybrid,Part-Time,73780.07,69703.86,70850.98,11056.15,14,6467.36,159752.74,3,53.7,36,7,65.7
EMP01280,55,34,Finance,Senior,Bachelor,Hybrid,Part-Time,188580.36,167652.89,185594.01,12614.22,11,1393.42,165974.41,14,40.0,59,6,77.1
EMP01281,38,18,Engineering,Manager,PhD,Remote,Contract,81952.13,69524.04,79527.66,10234.35,19,8633.63,112440.51,50,38.4,87,15,80.8
EMP01282,59,16,Sales,Manager,Diploma,Remote,Contract,67384.31,61008.6,65065.31,11562.58,6,7814.12,59730.43,11,36.8,50,18,61.3
EMP01283,37,0,Engineering,Manager,High School,Office,Contract,25363.29,22763.43,24225.42,1859.36,3,6109.67,186607.46,45,44.1,28,11,63.6
EMP01284,34,14,Finance,Mid,Diploma,Office,Full-Time,66583.16,61812.28,63986.78,12084.22,6,9226.65,125168.52,38,44.0,98,17,70.2
EMP01285,51,30,Finance,Senior,PhD,Remote,Part-Time,146914.79,116199.88,152569.23,19344.09,9,2102.06,159531.78,28,30.4,8,1,58.0
EMP01286,44,24,Finance,Manager,Bachelor,Office,Contract,131210.6,120946.72,131285.45,12618.72,2,7023.25,1653.3,23,46.4,85,2,74.0
EMP01287,55,8,Finance,Manager,PhD,Office,Part-Time,63013.09,51053.53,61457.13,8328.62,6,9648.33,90613.6,18,49.7,83,7,74.9
EMP01288,54,21,IT,Senior,Master,Remote,Full-Time,127287.53,119421.14,137692.16,11753.07,14,3445.09,174318.87,20,45.4,39,10,72.1
EMP01289,23,3,Engineering,Mid,Bachelor,Hybrid,Part-Time,19094.53,15394.25,19003.3,3262.23,19,645.28,68308.42,33,51.7,67,14,57.2
EMP01290,57,24,Operations,Manager,PhD,Office,Full-Time,91373.87,85468.35,87151.47,9760.31,4,7481.24,145583.68,2,36.9,42,12,69.1
EMP01291,60,17,Engineering,Junior,High School,Remote,Contract,82358.21,77643.87,85132.36,15007.18,14,566.31,131877.29,39,34.8,99,17,75.4
EMP01292,46,11,Marketing,Entry,High School,Office,Full-Time,57196.0,44561.3,57887.3,6392.54,10,8789.07,31291.45,37,47.4,75,14,72.7
EMP01293,43,16,IT,Entry,High School,Office,Full-Time,77493.92,73224.01,78557.21,10761.3,6,1034.86,155205.86,26,34.7,22,19,72.6
EMP01294,59,14,HR,Entry,Master,Remote,Part-Time,88269.05,67715.12,91716.31,17617.97,11,6701.26,23392.83,2,32.3,7,10,68.0
EMP01295,35,14,HR,Mid,Diploma,Remote,Full-Time,81194.76,64445.38,87997.48,3771.81,13,4083.25,145854.91,3,32.4,73,12,78.2
EMP01296,24,4,Operations,Manager,High School,Office,Contract,39889.59,33460.73,42813.33,6087.6,18,2431.74,198202.7,20,49.2,63,7,64.4
EMP01297,49,12,Marketing,Entry,Master,Office,Contract,81254.58,77087.8,92423.21,3656.21,20,9033.45,191638.3,10,30.7,22,8,69.6
EMP01298,42,16,Marketing,Entry,High School,Hybrid,Full-Time,77564.31,65752.25,81717.36,13263.18,14,7589.34,160248.11,42,37.2,92,13,72.6
EMP01299,45,25,Marketing,Senior,Master,Hybrid,Part-Time,154236.29,132655.84,161101.97,19643.78,20,3734.19,107368.97,21,33.2,95,6,97.4
EMP01300,33,8,Finance,Manager,High School,Remote,Contract,59996.47,53329.96,59557.47,11331.46,20,3199.45,135290.09,40,48.9,55,8,67.9
EMP01301,38,18,IT,Manager,Diploma,Office,Contract,99866.9,94240.27,109961.07,17563.81,11,7492.12,145893.57,9,42.6,13,5,68.3
EMP01302,53,25,HR,Senior,PhD,Remote,Full-Time,119673.74,108504.62,117059.49,4006.31,5,8447.42,2671.9,2,35.1,79,9,87.4
EMP01303,36,16,IT,Manager,High School,Remote,Full-Time,81686.32,64926.81,85625.78,3652.56,8,7300.58,21370.88,28,48.8,16,11,67.6
EMP01304,22,2,IT,Junior,PhD,Office,Contract,40803.35,33075.12,42201.45,5231.43,4,6579.9,119814.77,3,48.8,19,13,57.1
EMP01305,55,17,IT,Mid,High School,Hybrid,Full-Time,80703.59,62103.48,87293.86,9143.45,12,2665.28,2300.37,16,43.1,11,1,69.2
EMP01306,54,12,Marketing,Senior,Diploma,Remote,Full-Time,60230.13,52935.68,68272.31,3032.09,6,8601.64,181872.22,4,36.9,72,7,76.2
EMP01307,50,15,Operations,Entry,PhD,Remote,Contract,119515.54,93956.91,136166.34,5173.19,8,7621.79,98442.88,23,44.7,71,6,68.5
EMP01308,33,8,Operations,Manager,Master,Office,Part-Time,72166.43,57840.02,70980.0,8769.54,4,5414.11,52295.65,30,53.3,40,8,75.1
EMP01309,33,11,Marketing,Junior,High School,Hybrid,Part-Time,76272.11,70751.74,76452.37,2197.09,20,5360.08,79370.41,38,31.3,100,2,64.3
EMP01310,38,18,HR,Junior,High School,Hybrid,Contract,76824.87,62639.24,85454.38,13618.92,10,5907.14,170304.51,13,36.7,84,17,84.1
EMP01311,52,6,HR,Mid,Master,Office,Full-Time,56912.0,49133.8,59965.67,9406.13,11,8368.63,185511.38,6,37.1,31,17,78.0
EMP01312,52,32,HR,Junior,Diploma,Remote,Contract,162822.04,135063.03,169433.74,26274.04,15,7551.47,24130.76,10,45.8,36,18,82.2
EMP01313,55,17,Operations,Manager,Bachelor,Office,Contract,102942.77,78731.27,112426.38,2355.28,5,8634.33,155814.17,17,46.3,17,7,68.0
EMP01314,59,15,Operations,Manager,High School,Office,Full-Time,92639.54,76202.76,99159.97,2647.21,3,5319.19,116067.2,8,35.2,28,15,77.4
EMP01315,49,3,IT,Junior,Master,Hybrid,Part-Time,57197.27,47566.03,65441.84,6804.82,15,6434.17,117515.05,9,35.4,6,13,58.5
EMP01316,49,24,Marketing,Manager,Bachelor,Remote,Part-Time,110137.67,102333.34,117494.31,21917.02,2,8618.43,156110.97,34,53.2,39,20,73.4
EMP01317,36,16,Finance,Manager,High School,Remote,Full-Time,94320.48,76860.83,98394.63,7698.15,2,2707.04,45346.09,17,48.9,100,14,85.1
EMP01318,30,10,IT,Entry,PhD,Hybrid,Contract,62684.02,51767.48,66355.01,5139.3,8,4718.2,106677.95,43,53.4,5,15,68.0
EMP01319,50,16,Sales,Senior,Master,Remote,Full-Time,93581.6,84839.15,104035.41,4133.5,14,6396.2,64551.17,50,50.7,19,3,58.1
EMP01320,45,5,Operations,Manager,PhD,Remote,Contract,40370.12,36405.42,43298.36,5707.55,9,9193.89,19807.96,22,40.1,54,6,61.7
EMP01321,59,18,IT,Manager,Diploma,Office,Full-Time,63636.29,57887.2,68689.63,8680.11,5,650.44,21910.81,3,33.0,55,9,73.3
EMP01322,40,12,Marketing,Mid,Bachelor,Office,Full-Time,33481.93,31498.26,38312.96,1280.28,12,2519.45,28157.82,41,45.7,72,14,60.6
EMP01323,25,5,Sales,Senior,Master,Office,Part-Time,55188.23,50172.26,59254.45,5746.98,10,2727.28,123365.07,40,38.8,52,16,72.9
EMP01324,21,1,Engineering,Senior,High School,Remote,Part-Time,28630.21,23806.64,29376.22,4010.33,1,3602.82,22060.21,29,40.6,72,17,71.0
EMP01325,50,30,IT,Senior,High School,Remote,Full-Time,108354.62,99068.81,117918.56,11792.55,19,3176.97,114450.66,39,40.6,71,12,90.7
EMP01326,23,3,Marketing,Junior,Bachelor,Remote,Full-Time,54962.85,46813.78,59463.86,7770.95,11,6106.32,118071.11,27,53.4,80,4,59.2
EMP01327,34,7,Marketing,Entry,PhD,Remote,Part-Time,69933.18,56334.17,66630.2,11673.85,17,8913.39,180875.41,39,31.7,87,5,73.6
EMP01328,50,24,Operations,Entry,PhD,Hybrid,Contract,145703.7,118105.01,152036.84,20900.73,3,6551.29,125648.94,40,34.8,86,11,76.3
EMP01329,24,4,Finance,Mid,Master,Hybrid,Part-Time,26895.94,21376.04,29547.36,3520.69,1,2794.5,197131.98,37,45.2,32,11,63.2
EMP01330,38,18,IT,Senior,Master,Remote,Contract,97080.74,75625.76,101916.17,16857.71,17,8705.65,7167.52,3,52.1,21,8,68.2
EMP01331,57,27,Marketing,Senior,PhD,Office,Part-Time,157010.82,123551.51,173642.07,28592.6,6,6504.43,141125.08,19,52.9,49,18,94.7
EMP01332,45,25,HR,Manager,Master,Office,Part-Time,113212.94,86340.22,117761.46,10189.11,13,2580.14,6269.54,34,44.0,85,6,64.8
EMP01333,21,1,Marketing,Junior,PhD,Hybrid,Contract,34853.64,32333.38,39965.42,1783.98,20,3935.83,146146.14,14,30.9,26,7,60.9
EMP01334,35,15,Finance,Junior,Bachelor,Hybrid,Full-Time,86579.24,81055.62,87321.95,14477.34,4,8004.67,77784.19,21,39.1,47,6,65.8
EMP01335,29,2,Marketing,Mid,Master,Remote,Part-Time,45634.35,39581.14,44193.42,2668.49,5,7519.85,122650.25,2,53.0,65,14,65.8
EMP01336,35,15,Operations,Entry,PhD,Remote,Part-Time,100102.68,91904.06,103706.61,18740.33,15,5977.53,62598.08,10,42.5,94,20,83.1
EMP01337,44,15,Engineering,Senior,Master,Remote,Part-Time,90002.91,70806.57,95253.85,2170.69,14,1875.29,32661.9,42,48.2,12,6,70.4
EMP01338,24,4,IT,Mid,High School,Remote,Full-Time,36987.49,34410.75,37720.53,6873.34,19,8131.25,144978.99,17,36.7,1,4,58.6
EMP01339,32,12,Operations,Junior,High School,Remote,Part-Time,67717.98,57646.44,67613.44,8536.05,15,3421.65,181019.46,2,30.6,45,13,77.3
EMP01340,57,7,IT,Junior,Diploma,Office,Full-Time,24859.54,18978.59,26957.98,3963.94,12,7830.18,37532.91,27,44.5,70,17,69.2
EMP01341,57,7,Sales,Junior,PhD,Office,Part-Time,48636.84,37852.23,49873.44,4461.39,18,6651.88,184219.9,1,50.9,10,12,62.4
EMP01342,26,5,IT,Senior,Diploma,Remote,Contract,50136.52,40700.59,53960.62,9952.55,14,3009.62,28896.24,50,54.8,25,9,53.8
EMP01343,59,13,Sales,Senior,PhD,Office,Part-Time,80221.59,60865.04,88710.18,4890.25,10,2517.51,147396.71,36,51.2,62,20,89.3
EMP01344,44,24,Operations,Senior,Master,Remote,Part-Time,77777.61,63144.43,85726.52,5256.36,8,1743.64,191929.59,33,43.8,48,3,66.6
EMP01345,31,11,HR,Manager,PhD,Remote,Full-Time,84879.48,64676.98,87006.72,2483.39,4,2798.49,30326.81,22,45.2,62,11,66.1
EMP01346,33,9,Finance,Entry,High School,Hybrid,Full-Time,98158.7,78252.66,104399.6,18579.99,18,1999.38,87582.92,49,50.6,20,5,63.8
EMP01347,54,2,HR,Junior,Master,Office,Full-Time,21060.68,16914.55,21901.67,2149.99,8,6361.99,68154.04,35,30.5,48,3,64.7
EMP01348,45,11,Sales,Junior,High School,Office,Contract,76276.04,72376.34,85746.56,10791.03,4,6188.44,78307.07,34,53.8,78,17,68.8
EMP01349,27,7,Marketing,Manager,Master,Hybrid,Contract,50338.81,40125.54,56669.0,7235.67,11,6068.63,150874.81,18,43.3,79,9,74.4
EMP01350,24,4,Marketing,Junior,PhD,Office,Full-Time,40940.78,32664.08,41708.35,7263.32,5,6597.95,132576.6,36,53.8,8,6,54.7
EMP01351,28,4,HR,Junior,PhD,Hybrid,Contract,45423.39,40306.8,43985.63,6345.04,10,8240.45,193768.71,3,49.1,20,18,76.2
EMP01352,40,20,Marketing,Senior,High School,Office,Full-Time,79252.09,73060.24,77945.74,9602.49,6,9178.75,37910.42,44,33.8,52,6,64.6
EMP01353,49,29,Sales,Senior,Bachelor,Remote,Contract,141796.07,117323.64,145114.14,20965.59,4,2688.57,109108.91,16,34.1,54,6,78.2
EMP01354,30,10,Operations,Entry,PhD,Hybrid,Full-Time,56002.08,51808.84,59521.8,8690.11,18,6083.86,90376.1,11,38.8,40,10,65.5
EMP01355,54,19,Finance,Junior,Bachelor,Remote,Full-Time,84999.38,69531.9,91914.71,4544.66,17,1244.19,183852.37,10,36.6,5,11,59.7
EMP01356,46,21,Engineering,Mid,Master,Remote,Contract,147569.98,116492.21,149971.56,5864.44,7,1641.35,3113.23,42,41.0,0,14,60.4
EMP01357,23,3,IT,Junior,Bachelor,Office,Part-Time,36994.07,30184.49,40083.07,1238.29,9,6716.22,197844.91,21,45.1,94,12,62.2
EMP01358,26,6,Sales,Junior,High School,Hybrid,Full-Time,39722.79,34633.16,45186.58,3468.98,3,5122.52,96467.13,25,40.9,63,20,79.0
EMP01359,25,5,Engineering,Entry,Diploma,Remote,Full-Time,49458.13,40725.24,53434.7,5422.59,9,7704.15,125482.39,35,31.4,4,18,51.8
EMP01360,25,5,Sales,Mid,Diploma,Remote,Part-Time,49851.08,44097.21,48939.46,6521.37,4,4543.94,72650.46,6,54.4,100,15,73.3
EMP01361,43,16,IT,Junior,High School,Hybrid,Full-Time,64669.81,51566.88,68933.73,12445.46,19,1712.18,170652.81,46,40.6,25,10,68.7
EMP01362,29,9,IT,Mid,Diploma,Office,Full-Time,55450.52,49361.98,58687.67,4410.63,9,8784.51,112835.6,44,51.3,0,1,43.4
EMP01363,55,32,Finance,Senior,High School,Remote,Contract,103030.75,84432.43,115820.99,16171.43,20,1287.44,132899.38,8,31.8,0,15,70.9
EMP01364,40,0,Finance,Senior,PhD,Office,Part-Time,18635.39,15675.6,19009.23,2155.08,6,2295.16,130132.04,34,50.3,92,2,53.2
EMP01365,55,14,Finance,Mid,Bachelor,Hybrid,Full-Time,58229.43,50167.51,60243.53,3471.42,11,3131.28,73432.45,41,34.3,85,20,78.2
EMP01366,38,12,Marketing,Junior,Diploma,Office,Full-Time,52939.32,46970.14,56630.87,6922.08,15,9955.17,16122.21,46,47.0,37,2,70.6
EMP01367,37,16,Sales,Mid,PhD,Hybrid,Part-Time,72698.7,57994.86,76688.78,14110.22,6,4460.17,161733.54,1,46.5,40,4,71.5
EMP01368,44,23,Operations,Mid,Diploma,Office,Part-Time,88074.87,80781.31,96336.59,3732.22,20,5266.23,58653.47,3,52.7,82,14,75.3
EMP01369,23,3,IT,Senior,Master,Office,Contract,44592.78,39882.38,42723.35,4963.64,10,7812.12,169937.12,38,38.0,27,19,61.2
EMP01370,52,26,Sales,Mid,High School,Remote,Contract,135761.28,108177.25,144273.95,3976.38,18,6545.95,122119.96,27,32.7,4,14,62.2
EMP01371,55,22,Engineering,Manager,High School,Office,Contract,115732.68,109366.8,112762.33,9006.19,16,8493.5,71387.09,13,51.6,20,13,69.0
EMP01372,58,7,Sales,Manager,PhD,Remote,Full-Time,58741.56,51866.41,59507.66,7736.76,4,5121.12,119255.18,43,38.3,62,1,52.9
EMP01373,33,7,Finance,Senior,Master,Hybrid,Part-Time,56230.34,47260.78,60859.53,9637.33,20,9735.69,129453.05,47,35.8,85,10,67.0
EMP01374,45,25,Finance,Junior,Bachelor,Hybrid,Contract,112145.92,87642.65,110069.3,16985.52,13,8069.72,141630.0,50,42.2,83,14,79.0
EMP01375,29,9,Sales,Junior,Master,Remote,Part-Time,67206.98,57572.47,67997.89,6943.44,5,4312.97,164645.29,19,33.7,11,17,64.0
EMP01376,24,4,Finance,Senior,Master,Office,Full-Time,49088.88,38434.4,53536.4,9015.67,20,4122.08,32791.23,19,37.4,5,16,60.4
EMP01377,34,14,Marketing,Junior,Bachelor,Hybrid,Full-Time,72499.63,60602.32,78311.27,5400.4,19,9330.17,188884.73,6,39.6,28,15,64.9
EMP01378,57,15,IT,Entry,Bachelor,Hybrid,Part-Time,67193.27,55887.5,65057.06,10463.14,18,7001.95,82757.28,47,36.9,60,11,66.4
EMP01379,54,1,Engineering,Manager,Master,Hybrid,Part-Time,40243.33,35977.05,42877.4,4238.49,20,6403.62,172229.61,14,41.3,34,12,71.7
EMP01380,31,11,Sales,Entry,Diploma,Remote,Contract,56744.47,44741.69,55578.42,10313.56,17,7699.39,44875.44,5,39.6,74,1,65.7
EMP01381,23,3,IT,Entry,Diploma,Hybrid,Part-Time,42396.16,38765.96,42415.42,6933.38,16,5827.92,6776.77,43,49.4,51,3,61.4
EMP01382,48,28,Marketing,Entry,Master,Hybrid,Contract,131472.17,107179.59,136973.26,23962.71,1,2012.08,115095.46,45,53.0,32,11,81.3
EMP01383,49,12,Engineering,Senior,Diploma,Hybrid,Part-Time,81281.88,68179.05,78995.36,4760.24,1,3532.55,65608.59,45,32.5,24,11,72.1
EMP01384,29,9,Finance,Entry,Bachelor,Hybrid,Part-Time,59690.17,53987.86,68567.85,8372.57,20,5800.48,196907.94,36,50.6,13,5,69.0
EMP01385,23,3,HR,Mid,Bachelor,Remote,Part-Time,15000.0,13126.18,14746.11,2293.85,14,672.59,21786.24,9,53.3,92,15,73.5
EMP01386,45,25,Marketing,Junior,Diploma,Remote,Full-Time,151258.74,122762.36,167331.88,23238.57,2,4654.83,10413.27,23,47.2,52,20,82.1
EMP01387,54,17,HR,Senior,Bachelor,Office,Full-Time,103999.44,86032.56,116060.03,11514.83,15,7680.13,9958.55,32,54.9,60,16,70.4
EMP01388,32,12,IT,Mid,High School,Hybrid,Full-Time,59665.7,48398.27,68549.49,1314.14,3,2060.22,44157.87,29,38.4,12,3,53.3
EMP01389,29,9,Sales,Mid,Bachelor,Remote,Contract,73472.04,63843.82,76097.24,4926.85,13,1113.31,116259.03,45,50.8,14,8,67.4
EMP01390,35,15,Engineering,Manager,Master,Office,Contract,92049.69,75160.86,103539.23,7197.75,19,8442.28,101607.11,28,46.8,54,16,72.2
EMP01391,60,20,Finance,Manager,PhD,Office,Full-Time,99497.6,89064.23,113577.29,17249.56,1,6364.1,70665.09,40,38.1,52,16,65.8
EMP01392,45,16,Engineering,Mid,Diploma,Hybrid,Full-Time,93693.1,81134.24,92248.24,16055.2,13,2177.5,18669.83,11,47.6,71,4,51.8
EMP01393,25,5,Marketing,Manager,Diploma,Office,Part-Time,37402.58,29141.9,39118.88,1452.81,15,8159.9,47513.68,19,42.7,46,15,81.7
EMP01394,31,11,Finance,Junior,Bachelor,Remote,Part-Time,95460.58,77519.12,91833.28,18230.15,16,6752.23,37645.27,1,34.7,44,19,65.4
EMP01395,54,8,HR,Junior,Bachelor,Office,Contract,53659.08,42620.85,57637.63,2835.47,11,3674.13,149387.7,9,34.3,96,15,67.4
EMP01396,44,9,HR,Manager,PhD,Office,Contract,65020.07,53840.69,69329.68,6149.9,3,4073.86,156209.33,2,47.8,74,13,78.1
EMP01397,35,15,Operations,Entry,PhD,Remote,Part-Time,87914.09,75008.02,87107.5,5163.04,8,1980.94,155625.79,4,47.8,63,10,61.1
EMP01398,58,22,Engineering,Mid,Master,Office,Contract,132412.9,112730.06,146922.78,23153.7,6,8434.93,193839.07,29,43.3,14,2,67.2
EMP01399,28,8,Sales,Junior,High School,Office,Full-Time,50856.28,45816.66,48692.53,7877.25,5,5335.56,176963.35,4,42.5,20,6,72.6
EMP01400,25,5,HR,Manager,Master,Office,Part-Time,32240.11,25399.86,35826.67,2696.41,15,5791.68,100063.14,1,34.5,35,17,82.0
EMP01401,46,8,Sales,Manager,Diploma,Office,Part-Time,47066.27,44209.09,44963.78,6718.15,9,8893.17,83572.27,28,40.7,69,8,62.0
EMP01402,38,0,Operations,Junior,Bachelor,Hybrid,Contract,35996.69,29465.78,38925.59,1914.52,5,650.39,183237.94,18,51.8,24,16,63.0
EMP01403,26,6,Marketing,Junior,Master,Hybrid,Part-Time,52204.26,42288.05,50416.47,4636.44,10,1135.77,122633.83,46,51.4,43,13,62.8
EMP01404,57,10,Operations,Entry,Bachelor,Remote,Part-Time,65731.91,58306.55,65748.02,5776.48,6,2035.0,59585.33,13,46.5,0,12,63.3
EMP01405,33,13,Sales,Manager,Bachelor,Office,Full-Time,46771.26,42613.45,51185.65,2938.57,11,785.36,113328.34,40,54.9,41,16,80.1
EMP01406,48,15,HR,Manager,Master,Remote,Part-Time,93365.58,77091.43,93933.34,16594.44,4,6752.48,198437.74,6,52.3,58,7,57.2
EMP01407,25,5,IT,Senior,Master,Hybrid,Part-Time,38822.16,34915.46,40850.02,5520.21,20,6521.85,170044.54,49,33.6,32,10,66.6
EMP01408,33,13,Sales,Entry,PhD,Office,Part-Time,48980.72,45392.75,55497.59,3447.71,12,2502.62,56974.66,43,40.0,31,6,61.8
EMP01409,37,14,Finance,Junior,High School,Office,Part-Time,89196.11,80576.27,85621.75,5671.24,20,1919.36,190637.93,47,33.3,65,5,75.3
EMP01410,60,11,IT,Junior,PhD,Hybrid,Full-Time,54677.64,41382.19,60813.34,1270.25,6,1884.0,196310.96,39,41.7,24,18,79.2
EMP01411,52,32,Engineering,Mid,High School,Office,Part-Time,163654.48,149821.39,157608.17,13482.64,1,9555.79,47002.22,22,49.4,39,16,77.5
EMP01412,49,13,Sales,Junior,Master,Office,Full-Time,105410.94,95385.96,102813.51,12103.16,18,7088.29,179222.83,30,33.9,57,3,62.4
EMP01413,23,3,Finance,Manager,High School,Hybrid,Full-Time,36290.2,32075.39,35341.72,2539.88,2,6061.57,176757.34,27,52.0,96,3,67.5
EMP01414,60,7,Engineering,Junior,Diploma,Remote,Full-Time,42237.33,38098.26,48523.11,6170.13,5,3563.63,8910.96,8,44.2,74,5,69.8
EMP01415,54,26,Operations,Manager,PhD,Remote,Contract,144406.68,136592.13,142390.37,13590.82,16,4613.91,134268.15,43,48.7,63,2,52.1
EMP01416,60,11,IT,Manager,PhD,Office,Contract,51222.23,42833.19,57847.95,3940.9,12,1349.36,61750.86,28,31.1,18,1,63.9
EMP01417,47,0,Sales,Entry,PhD,Hybrid,Part-Time,32929.32,25139.71,37809.0,6224.64,12,9982.44,135247.91,2,32.3,88,4,71.4
EMP01418,33,10,Marketing,Junior,Bachelor,Remote,Full-Time,45969.86,38714.8,47199.87,3093.96,11,7673.31,182798.18,20,45.5,27,10,65.9
EMP01419,53,30,Operations,Entry,Bachelor,Remote,Contract,111555.98,84702.97,120057.63,10228.16,20,6403.8,100257.07,11,51.0,73,13,86.6
EMP01420,26,6,Finance,Manager,Master,Office,Part-Time,57399.42,46427.53,63473.33,5097.78,19,6083.79,83468.15,14,51.8,94,3,71.6
EMP01421,44,24,Marketing,Junior,Master,Remote,Contract,97078.35,84203.42,99847.9,6156.29,7,5290.99,184384.72,24,47.2,79,11,77.6
EMP01422,39,19,HR,Junior,Bachelor,Hybrid,Full-Time,93368.13,75807.88,91721.38,5522.33,2,2945.56,194848.87,13,35.0,41,3,70.6
EMP01423,36,16,Operations,Entry,PhD,Remote,Part-Time,83202.04,73806.79,86259.93,6192.6,6,2650.71,13385.03,8,34.9,81,10,71.6
EMP01424,60,20,Operations,Entry,Bachelor,Hybrid,Full-Time,74567.22,68184.06,82350.36,13091.21,4,5720.56,184646.77,44,52.0,85,9,72.7
EMP01425,48,20,Sales,Manager,High School,Hybrid,Full-Time,123861.91,103311.71,137010.17,19579.46,2,1166.91,17470.94,21,32.8,49,10,66.3
EMP01426,53,22,Sales,Manager,PhD,Office,Contract,133942.78,124570.48,133421.44,19097.55,17,1207.47,68119.96,22,47.2,98,13,79.2
EMP01427,33,5,Finance,Junior,Bachelor,Remote,Part-Time,49811.7,38154.16,49064.19,5094.67,8,5827.73,152752.25,9,43.3,75,18,84.3
EMP01428,45,21,Operations,Junior,Master,Office,Part-Time,103773.93,95266.82,117691.28,11559.97,5,9238.21,155630.36,42,40.5,91,18,74.1
EMP01429,56,7,Sales,Senior,Bachelor,Remote,Part-Time,41542.31,38040.9,39830.76,2828.41,10,9185.58,145438.56,43,41.0,47,17,73.5
EMP01430,47,27,HR,Senior,Diploma,Office,Contract,159314.12,129745.23,174759.26,5317.41,16,602.87,8783.39,11,53.6,56,17,82.1
EMP01431,58,10,Engineering,Mid,Bachelor,Office,Part-Time,55772.48,45161.38,53501.66,4438.78,2,1520.25,27460.24,16,51.5,8,5,69.5
EMP01432,27,7,Engineering,Manager,PhD,Office,Contract,43901.03,35604.57,49062.91,4794.22,19,6039.24,187307.08,50,51.6,29,9,73.8
EMP01433,25,5,Engineering,Mid,Bachelor,Remote,Part-Time,32041.31,29230.61,36241.38,971.38,7,8560.52,17210.82,9,40.2,17,12,55.8
EMP01434,51,1,Sales,Mid,Master,Office,Contract,32411.49,29699.64,32718.87,1162.99,2,9567.27,16630.64,3,32.7,44,12,58.4
EMP01435,43,18,Operations,Entry,High School,Hybrid,Part-Time,118419.92,96624.08,114250.01,7974.94,13,8675.53,167293.54,36,54.9,87,19,75.6
EMP01436,30,10,Engineering,Entry,Diploma,Remote,Contract,77445.96,67263.22,81019.08,6666.12,4,6937.32,128611.88,42,33.6,82,7,63.1
EMP01437,52,16,IT,Senior,PhD,Hybrid,Full-Time,77239.51,60075.86,77988.16,7013.12,16,2404.99,70979.56,13,42.9,77,20,75.4
EMP01438,50,5,Marketing,Mid,Master,Office,Full-Time,42999.94,36281.45,44437.31,1772.44,10,1189.9,33976.39,1,36.6,65,12,68.5
EMP01439,59,18,Operations,Senior,Diploma,Office,Full-Time,91119.7,86541.71,98682.37,5526.21,17,951.4,176949.91,44,42.8,10,9,60.1
EMP01440,51,27,HR,Manager,Bachelor,Hybrid,Part-Time,157817.2,123376.41,156549.17,10588.98,14,6314.73,197719.01,11,37.6,89,8,71.2
EMP01441,38,1,Operations,Junior,Diploma,Office,Contract,18808.76,17671.07,19211.09,605.16,12,843.79,10944.37,24,52.4,71,19,63.9
EMP01442,56,3,HR,Entry,High School,Remote,Full-Time,15000.0,13722.76,16597.69,1180.47,13,7522.78,111268.56,5,54.2,66,3,62.3
EMP01443,22,2,Operations,Manager,Diploma,Hybrid,Part-Time,40108.28,37879.98,43266.9,1323.57,20,7268.47,52999.41,2,40.3,14,11,59.4
EMP01444,34,14,Engineering,Manager,Diploma,Remote,Contract,65965.37,51843.22,66971.68,9672.0,8,1256.3,166644.98,17,31.8,39,12,66.8
EMP01445,33,13,Marketing,Entry,Bachelor,Remote,Full-Time,90934.76,72084.32,98469.64,8137.62,17,9112.91,69868.55,17,46.6,12,17,63.5
EMP01446,49,12,Marketing,Entry,Bachelor,Remote,Full-Time,79903.71,60197.34,88138.8,6297.65,18,5458.33,143211.23,20,39.4,79,7,56.0
EMP01447,32,12,HR,Mid,PhD,Office,Part-Time,72804.52,65155.71,77791.42,3114.14,10,9092.17,108365.16,15,54.6,85,3,76.3
EMP01448,59,16,Operations,Senior,Bachelor,Office,Contract,76299.19,67053.17,76138.91,4636.75,13,9065.3,108763.15,4,32.2,32,7,63.4
EMP01449,22,2,Marketing,Manager,Diploma,Hybrid,Part-Time,15000.0,11784.2,14250.74,928.3,2,2371.82,171741.89,11,33.0,1,7,75.0
EMP01450,52,18,Finance,Mid,High School,Hybrid,Full-Time,111745.77,101490.75,124101.48,22051.55,17,4115.49,94610.48,23,47.5,92,14,81.6
EMP01451,33,13,Operations,Mid,Bachelor,Remote,Part-Time,86857.32,70340.45,96804.8,14797.26,6,1778.95,169274.31,1,49.0,33,2,73.3
EMP01452,47,27,Marketing,Manager,PhD,Office,Part-Time,149754.23,116358.91,163160.37,3406.49,12,7862.29,73321.94,42,41.8,15,16,82.9
EMP01453,37,0,IT,Manager,PhD,Office,Full-Time,19486.54,16261.76,18810.67,2553.33,13,5289.19,35781.81,50,36.9,13,10,59.1
EMP01454,60,17,IT,Junior,Diploma,Office,Full-Time,81379.25,62515.05,86835.28,5376.22,4,9323.67,91640.0,47,37.7,45,14,67.7
EMP01455,51,31,Finance,Senior,Bachelor,Hybrid,Contract,176612.83,141758.07,196782.75,6850.43,15,2478.04,100172.8,4,38.4,49,7,67.5
EMP01456,54,11,Marketing,Manager,Bachelor,Office,Contract,77649.81,64004.15,79818.86,11415.14,16,7039.49,96198.26,38,35.6,4,2,65.1
EMP01457,44,7,IT,Entry,PhD,Remote,Full-Time,50967.35,46908.97,50437.3,2226.71,19,9897.75,161857.75,2,51.3,42,10,65.7
EMP01458,55,23,Engineering,Junior,Bachelor,Remote,Full-Time,103209.35,93766.7,110178.61,10307.86,15,6821.12,113371.11,45,31.6,17,2,68.6
EMP01459,26,6,Operations,Senior,Diploma,Remote,Contract,46508.53,38999.77,51869.16,6222.36,6,1153.35,177800.37,27,40.2,47,13,71.6
EMP01460,39,3,Sales,Entry,High School,Office,Part-Time,38545.75,34495.17,36995.2,4618.13,20,6090.03,103322.91,34,48.7,63,2,60.4
EMP01461,50,26,Marketing,Entry,Diploma,Remote,Full-Time,137462.42,118730.41,147000.97,26938.96,6,2208.51,45718.3,13,30.1,25,10,68.7
EMP01462,27,7,Finance,Senior,Bachelor,Remote,Full-Time,55252.19,45205.6,59596.94,8919.56,5,789.78,26769.67,47,52.0,73,14,76.2
EMP01463,30,10,Marketing,Junior,Diploma,Hybrid,Part-Time,62615.04,56051.41,67027.73,9978.01,2,3682.13,173804.2,18,47.7,69,17,71.0
EMP01464,52,11,HR,Entry,Master,Hybrid,Contract,41943.55,37191.34,45299.32,3523.56,20,3027.99,12178.39,11,31.8,13,19,70.5
EMP01465,54,30,HR,Mid,Master,Office,Contract,118193.66,103279.85,127208.88,2542.49,2,7993.32,24404.31,5,52.4,65,12,83.6
EMP01466,48,23,IT,Senior,Bachelor,Office,Part-Time,111697.26,97577.73,109025.54,16999.65,5,4049.97,13668.05,29,42.2,60,17,77.8
EMP01467,35,13,HR,Senior,Bachelor,Office,Full-Time,66930.63,59340.46,66729.0,13382.9,3,7463.11,85323.11,25,46.3,90,6,55.2
EMP01468,50,24,Finance,Manager,High School,Office,Part-Time,97656.78,80753.28,104863.74,9087.77,6,654.27,106990.51,14,52.1,72,4,77.8
EMP01469,57,33,IT,Junior,Diploma,Office,Full-Time,134823.19,124551.71,128559.12,26613.2,11,640.72,4955.07,48,52.0,76,2,82.8
EMP01470,49,2,Finance,Mid,High School,Hybrid,Contract,34964.04,27358.02,37654.49,1591.12,5,778.48,103601.65,46,40.2,20,15,50.3
EMP01471,42,22,Operations,Mid,Bachelor,Hybrid,Full-Time,128142.14,118759.2,138787.85,9402.07,18,2583.91,79358.13,41,35.9,54,16,69.2
EMP01472,24,4,Finance,Manager,Bachelor,Hybrid,Full-Time,34931.05,28589.54,34855.42,1772.08,14,4052.88,154955.39,38,36.4,1,12,74.6
EMP01473,40,20,HR,Entry,PhD,Remote,Full-Time,86499.95,67038.01,92522.65,9128.49,10,6274.54,166161.37,41,49.1,2,7,66.7
EMP01474,52,19,Operations,Entry,High School,Remote,Full-Time,107123.19,93197.76,113209.71,17510.0,3,9866.18,137308.52,37,53.2,12,13,69.6
EMP01475,56,9,HR,Mid,Bachelor,Hybrid,Full-Time,58112.23,47954.06,58236.49,4725.63,16,3866.89,95225.61,11,31.8,20,1,53.8
EMP01476,24,4,Finance,Junior,Master,Hybrid,Contract,54783.26,50022.59,57116.74,10031.98,16,1028.76,44013.57,44,30.4,32,19,60.6
EMP01477,47,2,HR,Entry,PhD,Office,Part-Time,28772.01,24057.92,32567.75,3397.1,11,2351.55,169575.86,32,50.6,19,13,60.3
EMP01478,37,17,HR,Senior,Diploma,Hybrid,Contract,85182.8,75277.11,88191.51,8839.96,4,9029.59,68992.16,49,39.7,99,1,73.9
EMP01479,32,4,HR,Manager,PhD,Office,Full-Time,68754.31,55804.54,73977.49,11115.26,11,7144.1,71902.09,6,36.9,17,2,54.7
EMP01480,42,2,Marketing,Junior,Diploma,Hybrid,Part-Time,20698.43,16390.89,19809.85,791.92,8,8006.91,183286.3,6,34.7,88,1,63.0
EMP01481,37,17,Operations,Entry,Master,Office,Full-Time,91526.41,75748.16,88374.24,14577.91,16,1679.6,195143.85,47,38.7,37,12,82.2
EMP01482,30,10,Operations,Mid,Diploma,Hybrid,Contract,70665.29,61575.02,68281.16,4503.6,8,1782.38,179728.06,49,54.3,24,10,59.9
EMP01483,21,1,Engineering,Manager,High School,Office,Contract,41737.03,36786.57,46146.47,2944.39,9,1566.34,199648.71,22,54.4,37,2,57.0
EMP01484,42,22,Operations,Entry,Diploma,Remote,Full-Time,108219.26,93679.06,110389.2,13841.42,14,8643.11,173912.86,3,38.3,14,1,69.9
EMP01485,46,11,Engineering,Mid,Diploma,Remote,Full-Time,56807.16,53831.1,56552.8,10358.68,8,2494.69,141167.15,19,54.1,80,5,58.9
EMP01486,38,18,Finance,Entry,PhD,Office,Part-Time,100068.97,88883.07,110022.32,12419.89,16,6609.94,59470.06,34,37.5,99,2,69.6
EMP01487,34,14,Engineering,Manager,Master,Office,Part-Time,72436.16,67822.26,71276.6,9910.05,2,5403.58,190638.45,41,51.4,28,4,75.1
EMP01488,49,22,Engineering,Senior,Diploma,Remote,Full-Time,108342.57,83812.37,108266.57,17311.74,20,5671.7,175448.74,41,35.3,96,14,76.1
EMP01489,32,12,Sales,Senior,High School,Hybrid,Part-Time,90808.96,69221.36,94095.0,6055.0,19,2356.64,48908.61,7,50.7,63,9,74.8
EMP01490,56,19,Finance,Mid,PhD,Office,Full-Time,104934.55,85227.73,106643.68,17723.66,20,6534.84,98343.33,16,38.8,31,6,65.2
EMP01491,55,11,Operations,Senior,Master,Hybrid,Full-Time,86789.09,67462.7,92610.76,8265.17,20,909.46,14941.08,38,34.9,71,12,82.2
EMP01492,32,12,IT,Manager,Master,Remote,Full-Time,73067.32,62485.25,74350.97,3771.59,19,9937.99,190708.46,9,53.4,42,12,56.2
EMP01493,27,3,HR,Mid,Bachelor,Remote,Contract,24678.68,21070.57,25384.26,2048.86,19,754.21,114980.9,13,35.4,12,9,59.2
EMP01494,49,22,HR,Entry,High School,Office,Full-Time,112045.88,96920.75,125780.17,7204.95,18,976.49,49794.91,34,54.8,80,15,67.5
EMP01495,31,0,Sales,Junior,PhD,Hybrid,Full-Time,15000.0,13485.68,16903.59,917.53,13,3584.15,59187.46,46,32.7,84,10,58.8
EMP01496,53,24,IT,Entry,PhD,Remote,Full-Time,90250.57,85220.54,100678.33,6395.28,17,8400.44,196150.62,37,30.3,77,2,64.6
EMP01497,26,1,Marketing,Manager,High School,Hybrid,Part-Time,43985.07,40714.85,49393.74,2312.19,1,2943.3,123507.24,43,51.8,24,18,63.2
EMP01498,35,15,Engineering,Mid,Master,Remote,Full-Time,76266.32,59005.23,81143.23,10691.49,5,4983.38,84715.94,47,44.7,48,7,57.9
EMP01499,52,2,Finance,Entry,Diploma,Office,Contract,31591.36,25832.34,34094.86,3929.92,20,670.78,100469.25,6,40.5,87,9,63.8
EMP01500,31,11,Marketing,Mid,High School,Hybrid,Contract,62888.16,50383.77,66751.67,8598.04,13,1249.35,20611.46,38,32.0,96,20,80.4
EMP01501,43,23,IT,Senior,PhD,Hybrid,Full-Time,91416.2,71794.94,101208.48,7484.29,6,6275.68,15929.53,48,44.4,7,18,63.9
EMP01502,46,19,Sales,Junior,High School,Office,Full-Time,120125.08,103180.83,127356.62,19046.07,10,2346.41,118948.84,4,39.8,27,3,59.3
EMP01503,54,21,IT,Manager,Master,Office,Full-Time,91677.24,78902.28,89130.03,3972.34,9,7095.42,102888.8,5,42.1,82,13,93.9
EMP01504,54,20,Sales,Entry,Bachelor,Office,Contract,80471.64,64011.09,89477.71,9882.29,6,7961.22,72471.49,6,45.8,10,10,70.1
EMP01505,49,29,Marketing,Junior,Bachelor,Office,Part-Time,114562.04,102232.81,126260.78,7971.4,1,8578.17,113656.68,13,46.0,54,17,68.0
EMP01506,24,4,Marketing,Manager,Diploma,Remote,Part-Time,47560.57,42641.99,52985.33,5468.03,18,1771.09,15462.51,46,54.0,9,3,45.0
EMP01507,37,14,IT,Manager,Diploma,Hybrid,Full-Time,82683.46,62359.53,81698.36,6470.37,7,4827.33,188854.24,24,46.4,58,9,69.5
EMP01508,55,24,IT,Senior,Master,Remote,Part-Time,141575.47,117387.52,142187.56,22976.58,10,9497.27,59448.63,28,38.5,64,17,79.7
EMP01509,33,13,Engineering,Mid,Diploma,Office,Contract,93921.37,87161.68,94780.79,16946.13,12,7834.79,15283.98,13,38.2,4,16,63.9
EMP01510,59,23,HR,Mid,Bachelor,Remote,Full-Time,107206.99,91561.6,112740.59,16473.92,15,1611.12,34731.35,42,41.9,79,6,87.4
EMP01511,35,4,Sales,Junior,Master,Remote,Part-Time,24516.55,20091.94,23947.16,1265.18,17,5273.75,19999.31,49,36.5,83,18,89.6
EMP01512,49,5,HR,Senior,Master,Hybrid,Full-Time,55485.67,44429.33,56988.02,3854.93,3,9262.62,36542.3,18,39.4,19,6,56.4
EMP01513,49,22,Finance,Manager,Master,Hybrid,Full-Time,115986.87,92635.34,114413.12,21513.76,15,4680.37,83934.06,7,51.1,91,6,78.6
EMP01514,31,3,Finance,Senior,High School,Hybrid,Contract,33520.32,25809.09,33619.29,3308.44,1,8455.47,147872.13,4,51.5,4,17,70.2
EMP01515,52,26,IT,Senior,Diploma,Office,Contract,114128.79,104250.41,124546.19,21617.42,11,5210.52,55197.32,31,45.7,66,10,82.7
EMP01516,22,2,Marketing,Junior,PhD,Office,Part-Time,28469.04,21845.19,31912.72,2580.47,6,1514.71,87749.4,24,44.6,29,2,50.2
EMP01517,34,14,Finance,Mid,Bachelor,Hybrid,Contract,95847.78,77488.99,91494.48,18337.54,16,1904.62,185822.7,22,40.7,86,1,78.2
EMP01518,40,20,Finance,Senior,Diploma,Remote,Full-Time,121320.79,92098.88,128985.77,22642.47,12,943.42,59868.53,21,45.9,33,11,69.9
EMP01519,42,22,HR,Senior,Bachelor,Hybrid,Contract,133926.46,121374.51,128196.01,18601.69,15,2355.49,159149.23,48,50.2,91,6,75.4
EMP01520,31,11,HR,Senior,Diploma,Office,Part-Time,57470.96,43554.75,55577.28,1240.73,18,8989.33,32405.56,42,48.4,0,1,56.2
EMP01521,47,22,Engineering,Entry,PhD,Remote,Part-Time,81879.04,66457.96,89331.4,7537.8,10,6676.88,36486.03,26,30.9,26,16,73.3
EMP01522,23,2,Engineering,Senior,Bachelor,Office,Part-Time,35775.29,30933.45,39249.85,6583.45,12,7519.14,91774.42,30,48.3,62,9,64.2
EMP01523,37,9,Finance,Senior,PhD,Hybrid,Contract,42308.81,35197.21,47081.08,7586.81,20,6405.78,47586.35,35,48.0,33,12,57.2
EMP01524,48,24,IT,Manager,Bachelor,Hybrid,Contract,146258.73,117950.97,152818.19,7858.45,19,4172.12,180702.59,23,32.5,94,9,62.0
EMP01525,49,7,HR,Entry,High School,Remote,Contract,61659.8,49638.47,69179.92,5663.63,5,2560.18,11099.71,45,33.8,31,13,63.6
EMP01526,41,10,Finance,Senior,High School,Hybrid,Contract,53373.26,48546.08,52485.54,9094.37,18,9293.34,119857.24,40,49.7,70,7,59.3
EMP01527,36,4,Marketing,Senior,Bachelor,Office,Contract,31952.6,30188.67,31950.79,3962.7,19,5390.88,121241.65,50,44.0,97,1,64.3
EMP01528,57,28,HR,Junior,Bachelor,Office,Part-Time,131373.22,107674.57,128338.56,22663.7,12,5070.45,14139.16,30,50.5,45,3,72.7
EMP01529,40,4,Finance,Junior,PhD,Office,Part-Time,39208.58,29713.4,43502.21,6617.71,1,9962.99,146780.28,19,34.6,67,3,59.6
EMP01530,26,6,Engineering,Entry,Master,Remote,Contract,48215.67,36514.36,48010.03,8840.19,2,4147.33,94310.61,32,30.8,82,19,83.2
EMP01531,39,1,Sales,Manager,Bachelor,Office,Full-Time,26505.72,23903.99,26004.82,1089.38,3,8614.19,144891.6,50,34.0,56,4,57.7
EMP01532,25,0,HR,Entry,Diploma,Hybrid,Part-Time,30462.08,26211.82,32735.22,1405.48,12,8692.27,165558.07,19,41.3,21,12,49.9
EMP01533,23,3,Sales,Entry,Diploma,Remote,Full-Time,36322.85,32934.6,35066.68,1267.87,14,2710.37,65256.97,22,43.1,28,4,55.0
EMP01534,21,1,HR,Junior,Diploma,Office,Full-Time,36178.48,32180.74,34694.44,6814.16,7,1400.98,97412.69,4,51.4,97,10,73.5
EMP01535,58,27,HR,Junior,High School,Office,Part-Time,167432.83,155963.89,162634.8,17669.06,4,9768.39,52891.4,45,47.9,97,4,60.9
EMP01536,35,11,Engineering,Manager,PhD,Hybrid,Full-Time,79641.52,73840.82,75663.28,2514.96,12,4546.02,41101.18,12,54.8,44,11,66.1
EMP01537,54,25,Operations,Senior,High School,Hybrid,Full-Time,85768.03,77848.68,93435.52,6679.22,8,521.09,1118.36,15,32.0,44,4,72.8
EMP01538,55,12,Operations,Manager,Diploma,Remote,Part-Time,65236.28,55127.13,69310.1,5431.2,1,5240.67,192762.67,15,33.3,66,11,87.5
EMP01539,45,7,Sales,Senior,Bachelor,Office,Part-Time,40879.88,33179.14,40551.82,6774.64,5,6383.35,88744.77,10,32.1,20,17,75.5
EMP01540,44,24,IT,Mid,Diploma,Office,Contract,133201.84,113408.76,132749.08,20298.07,1,7872.84,3600.88,19,43.5,20,20,78.5
EMP01541,32,12,Finance,Junior,Bachelor,Hybrid,Part-Time,55827.8,47476.76,62091.33,8044.21,15,9457.95,2778.78,8,36.7,59,20,78.4
EMP01542,38,8,IT,Mid,PhD,Remote,Full-Time,76180.96,66434.0,80017.74,1823.42,13,9194.12,58382.16,31,47.1,80,13,56.2
EMP01543,35,15,IT,Mid,Master,Hybrid,Part-Time,98488.82,77532.32,107323.83,18114.58,13,9431.29,3773.6,9,33.3,28,17,64.3
EMP01544,36,16,Operations,Junior,Bachelor,Hybrid,Contract,107935.67,95104.71,112312.58,6346.61,4,805.19,75528.41,29,32.6,32,13,74.2
EMP01545,47,27,Finance,Mid,High School,Remote,Part-Time,95190.03,80085.29,94956.2,12682.27,15,7261.85,13524.76,7,41.5,38,17,79.6
EMP01546,28,8,Operations,Entry,Diploma,Office,Full-Time,54501.48,47636.52,62354.08,1696.49,12,2645.65,8811.07,8,39.4,61,19,74.2
EMP01547,45,24,Operations,Senior,Diploma,Office,Part-Time,128638.36,102643.24,136759.24,4460.5,8,2281.75,134206.9,41,50.7,89,20,83.4
EMP01548,37,11,Engineering,Manager,Diploma,Office,Full-Time,39896.73,33388.73,38947.04,866.71,16,8103.03,181461.42,17,50.9,70,15,71.6
EMP01549,49,0,Operations,Junior,Bachelor,Remote,Part-Time,17174.49,13602.88,17710.64,2093.0,12,4462.73,82467.93,15,32.9,44,4,57.0
EMP01550,28,8,Marketing,Entry,PhD,Remote,Contract,48412.94,44784.93,49181.13,6452.88,6,9207.7,167517.32,16,50.3,57,18,63.8
EMP01551,35,0,IT,Manager,Bachelor,Remote,Contract,30368.86,25740.41,30150.73,883.22,15,903.13,6823.83,7,44.1,72,11,61.9
EMP01552,47,0,Engineering,Manager,High School,Remote,Part-Time,25052.39,19916.56,28476.76,1810.97,7,8120.72,155760.32,42,42.6,81,9,54.1
EMP01553,27,7,Engineering,Manager,Diploma,Remote,Full-Time,62122.49,47103.86,69961.35,10763.45,5,1799.93,13497.2,19,32.4,0,16,60.4
EMP01554,23,3,IT,Mid,Bachelor,Hybrid,Contract,35156.02,31118.27,34798.47,1344.21,15,2177.48,167849.45,38,48.5,10,3,62.8
EMP01555,49,16,Engineering,Mid,Diploma,Office,Full-Time,97604.24,77393.23,99598.25,5756.55,12,5034.84,176590.9,25,31.5,85,18,76.1
EMP01556,44,21,IT,Mid,High School,Remote,Part-Time,82428.41,78135.24,90874.28,7945.31,11,4258.1,157408.79,12,36.9,31,17,79.1
EMP01557,23,3,Marketing,Mid,Master,Office,Contract,38630.77,33096.53,38310.18,6629.4,4,5118.64,164329.06,32,32.4,73,10,65.1
EMP01558,40,15,HR,Entry,Master,Remote,Contract,82920.69,66982.95,88585.25,5462.22,13,9430.25,112735.43,47,43.3,48,5,62.1
EMP01559,35,7,Engineering,Mid,Master,Office,Full-Time,69026.08,60848.94,75235.58,13769.64,18,6745.19,53712.1,10,46.1,90,15,64.1
EMP01560,45,16,Sales,Junior,Diploma,Hybrid,Contract,64481.92,51910.78,69691.7,5413.07,8,3257.94,129002.97,24,52.3,75,20,75.2
EMP01561,50,16,Sales,Manager,Bachelor,Office,Full-Time,60666.79,55452.78,66204.56,5433.36,7,2142.63,88468.79,50,48.3,29,18,74.2
EMP01562,34,14,Marketing,Entry,Diploma,Office,Full-Time,74349.27,60345.38,81140.33,3121.12,16,4490.44,2061.98,4,54.0,59,5,69.3
EMP01563,27,7,IT,Mid,PhD,Remote,Part-Time,46834.98,44383.14,53530.56,6670.97,3,4790.59,95888.32,43,49.0,9,15,65.6
EMP01564,37,16,Sales,Manager,Bachelor,Office,Full-Time,81371.64,70877.05,82942.09,5193.44,16,6212.3,130586.4,37,37.5,75,6,72.7
EMP01565,40,16,Marketing,Entry,High School,Hybrid,Contract,97976.74,90029.08,110294.18,13050.13,16,3027.03,3762.85,45,43.7,20,8,54.6
EMP01566,56,13,Operations,Manager,Master,Hybrid,Full-Time,77910.74,59567.68,74355.01,4687.76,7,7791.34,124650.71,42,41.4,90,3,71.9
EMP01567,29,5,Finance,Entry,Bachelor,Hybrid,Contract,43544.5,35691.68,43877.21,3911.04,13,1435.37,130853.85,39,44.1,5,5,48.5
EMP01568,58,34,Sales,Senior,Bachelor,Remote,Full-Time,123621.58,110950.05,118643.49,21535.0,13,5824.31,32463.41,43,44.3,37,18,89.4
EMP01569,42,13,Finance,Entry,Master,Remote,Part-Time,94096.09,82899.77,101646.44,14396.99,19,6423.55,86783.76,4,47.6,57,15,75.1
EMP01570,22,2,IT,Mid,High School,Remote,Part-Time,15000.0,11832.73,14552.37,717.4,18,2464.9,192902.19,36,32.1,7,12,46.9
EMP01571,44,14,Sales,Manager,Diploma,Remote,Full-Time,67925.51,55783.19,76018.25,8788.71,7,8347.11,176953.66,37,48.7,100,19,83.5
EMP01572,28,8,Marketing,Manager,Diploma,Remote,Full-Time,50571.54,40593.21,54582.79,6733.87,20,6346.61,82753.46,25,33.6,69,7,71.4
EMP01573,31,11,HR,Manager,Bachelor,Hybrid,Full-Time,68875.4,60105.77,65828.57,2500.34,18,6634.36,70619.41,41,30.7,62,1,70.0
EMP01574,33,13,Sales,Junior,Master,Office,Part-Time,77823.62,63730.82,85057.75,8081.59,18,5228.56,25692.06,30,43.0,33,2,55.2
EMP01575,37,17,Sales,Junior,PhD,Hybrid,Full-Time,81404.97,66085.44,91369.51,5447.65,4,9141.15,8002.63,1,44.5,48,19,76.9
EMP01576,28,5,Sales,Mid,High School,Remote,Full-Time,48636.28,38494.43,52635.36,5062.23,9,7092.31,60195.09,29,30.9,39,13,69.6
EMP01577,41,4,Sales,Senior,Diploma,Hybrid,Contract,37090.57,30852.13,35462.47,5929.77,16,4127.44,188116.39,16,42.9,85,20,78.0
EMP01578,38,18,Marketing,Junior,High School,Office,Part-Time,92108.59,72682.94,103307.51,4466.04,4,2766.76,191764.08,37,43.4,28,18,76.7
EMP01579,50,22,Marketing,Entry,High School,Remote,Part-Time,142244.03,134066.97,155969.55,6001.95,8,1175.09,162691.35,37,31.3,8,10,65.7
EMP01580,38,18,HR,Mid,High School,Hybrid,Full-Time,92540.87,72265.2,94918.27,6336.92,3,2070.93,70814.14,7,47.8,20,13,76.6
EMP01581,51,31,Marketing,Senior,Master,Hybrid,Full-Time,133563.97,124569.9,135664.4,25565.42,9,9930.49,29581.66,40,35.3,31,5,78.4
EMP01582,58,25,Marketing,Entry,Master,Office,Contract,138580.97,115811.37,144950.71,21425.78,8,4364.29,119511.16,33,49.9,71,13,76.2
EMP01583,52,4,IT,Manager,Master,Remote,Full-Time,39686.24,32763.89,44584.33,932.71,12,9037.53,129654.5,50,37.8,54,9,57.1
EMP01584,31,11,Engineering,Junior,Bachelor,Remote,Part-Time,81975.89,65274.45,82009.65,7556.61,14,2120.41,85490.14,22,41.9,42,1,54.5
EMP01585,45,19,IT,Entry,Master,Office,Contract,96610.13,84741.7,93730.45,6408.31,10,4540.93,138637.71,43,52.3,9,6,74.0
EMP01586,53,5,Engineering,Senior,Bachelor,Office,Part-Time,37415.93,33191.88,42015.37,5046.14,17,9624.93,149589.7,27,50.2,48,1,63.7
EMP01587,58,5,Finance,Mid,Diploma,Office,Full-Time,44852.63,37833.83,42845.83,4605.14,11,1365.76,156829.27,29,49.5,86,18,71.8
EMP01588,28,8,HR,Entry,Diploma,Office,Contract,49446.89,37636.07,55983.73,9573.4,10,6142.85,100957.32,16,34.0,83,16,70.4
EMP01589,31,3,Engineering,Mid,Diploma,Remote,Part-Time,46022.56,42971.36,46535.67,2734.48,13,9232.13,158536.51,21,31.2,12,8,45.7
EMP01590,42,16,IT,Manager,Diploma,Remote,Part-Time,97865.31,92587.02,102919.52,12312.84,2,9521.99,6069.81,11,45.1,85,6,68.4
EMP01591,44,13,HR,Senior,Diploma,Hybrid,Part-Time,90698.61,75842.97,88563.48,13245.43,1,8537.07,136400.47,21,40.3,40,13,60.5
EMP01592,37,13,HR,Senior,Master,Hybrid,Full-Time,79161.97,69087.2,89488.73,13346.84,1,8631.38,47891.16,9,52.7,78,17,75.8
EMP01593,32,12,Sales,Junior,PhD,Hybrid,Full-Time,66820.17,56132.93,73499.99,6231.3,16,6695.74,54833.54,27,38.7,30,13,75.8
EMP01594,52,6,Operations,Senior,Master,Remote,Full-Time,57018.24,46434.29,64706.08,8190.44,10,2594.02,19169.04,39,40.3,31,10,55.6
EMP01595,35,14,Operations,Entry,PhD,Remote,Full-Time,75228.55,57584.73,81746.79,5610.26,10,7441.45,39286.06,22,43.2,44,6,66.4
EMP01596,36,16,Operations,Entry,Master,Remote,Part-Time,80461.16,67685.02,79410.24,7916.23,7,9794.65,198409.64,15,49.9,12,18,78.5
EMP01597,42,22,HR,Entry,Diploma,Hybrid,Contract,89042.22,81355.82,90079.87,16135.6,7,5496.37,83662.64,43,36.7,24,20,78.5
EMP01598,48,16,Sales,Manager,High School,Office,Full-Time,94245.21,71004.94,98709.58,17999.27,1,2976.62,185625.31,23,53.5,84,13,70.2
EMP01599,40,20,Finance,Senior,PhD,Office,Contract,88976.43,77091.1,95333.95,13291.93,13,5947.98,33417.01,29,43.5,67,15,75.9
EMP01600,53,18,Finance,Senior,High School,Office,Part-Time,96591.09,89458.27,109659.08,8440.45,5,7060.8,41607.71,39,51.0,14,6,71.0
EMP01601,30,10,Operations,Entry,Diploma,Office,Full-Time,57179.81,45372.75,58711.68,9583.93,3,2478.66,112004.86,16,43.1,63,11,69.6
EMP01602,60,35,Finance,Junior,PhD,Office,Part-Time,132923.19,104564.18,144967.95,3277.36,13,7332.3,70556.98,3,49.3,84,8,79.8
EMP01603,52,32,Sales,Junior,High School,Remote,Full-Time,132682.26,120005.17,151549.91,5107.51,12,6080.61,129139.13,16,31.3,59,14,88.6
EMP01604,53,31,Operations,Senior,Master,Hybrid,Full-Time,124362.77,99616.73,121934.56,17292.3,18,6317.32,84987.27,8,50.0,7,13,78.8
EMP01605,22,2,Engineering,Senior,Diploma,Office,Contract,31408.57,24762.42,35257.43,2274.76,5,3406.89,162507.85,26,43.1,94,2,51.5
EMP01606,53,16,Engineering,Mid,Master,Office,Part-Time,99357.48,82029.32,102749.67,19002.07,5,1975.03,86880.26,42,41.2,73,1,69.0
EMP01607,53,6,Sales,Senior,Master,Office,Part-Time,34571.49,28642.49,37907.09,3404.98,2,6422.77,114897.49,9,32.8,84,5,69.9
EMP01608,33,0,Finance,Entry,Diploma,Remote,Part-Time,15000.0,13872.3,15130.62,1459.29,6,6069.21,64893.57,35,48.5,16,11,50.3
EMP01609,50,30,Operations,Manager,PhD,Office,Contract,131579.32,114959.36,133789.43,18691.41,7,3711.12,141104.16,7,33.3,4,10,56.4
EMP01610,53,31,Engineering,Senior,Bachelor,Hybrid,Contract,105356.4,87571.43,100660.31,16663.41,1,3310.99,131292.11,8,34.8,12,12,67.6
EMP01611,33,13,Sales,Senior,Bachelor,Remote,Part-Time,55200.12,47299.75,63164.44,5829.16,3,3798.82,80003.21,35,33.2,20,10,64.4
EMP01612,46,12,Marketing,Entry,Diploma,Remote,Part-Time,84714.78,79699.08,94261.33,4957.52,20,5153.89,55930.39,48,30.2,43,9,72.8
EMP01613,42,5,Engineering,Mid,Bachelor,Remote,Full-Time,24157.65,18665.23,23403.53,3845.79,2,9760.79,123206.77,46,46.5,75,2,53.7
EMP01614,59,13,Marketing,Senior,High School,Office,Full-Time,65551.3,51886.68,75377.55,5090.93,10,7753.86,188687.18,39,36.8,88,4,70.2
EMP01615,22,2,Sales,Junior,PhD,Office,Contract,15000.0,14137.59,16065.07,772.8,11,8591.53,27395.96,36,33.7,52,4,37.7
EMP01616,58,3,Sales,Junior,Master,Office,Full-Time,35683.9,33595.14,39992.57,4770.77,13,5303.67,160024.21,6,38.0,27,6,59.1
EMP01617,59,15,IT,Junior,Master,Office,Part-Time,96117.13,75493.58,92592.73,3487.29,16,5498.17,109055.36,7,42.5,65,12,68.3
EMP01618,46,26,Engineering,Manager,Diploma,Hybrid,Part-Time,111498.14,86859.48,114607.85,21724.69,20,2441.08,105586.38,12,42.6,20,7,84.2
EMP01619,35,15,IT,Manager,Master,Remote,Full-Time,63659.23,53105.61,69002.16,8519.61,11,7349.94,192375.15,39,39.2,85,19,64.4
EMP01620,54,3,HR,Senior,High School,Office,Full-Time,61221.21,46524.67,59463.35,12088.81,18,4505.05,121569.08,1,42.4,56,2,57.3
EMP01621,60,25,Engineering,Senior,High School,Hybrid,Contract,97729.19,86097.53,102398.74,7916.14,11,7553.25,166273.05,50,40.7,54,19,66.8
EMP01622,31,11,Operations,Senior,Diploma,Remote,Full-Time,70010.68,53593.12,72708.58,13639.27,1,4386.03,103380.97,43,50.6,1,4,54.5
EMP01623,23,3,HR,Manager,Master,Remote,Contract,34916.0,26592.23,34678.85,1613.16,18,1530.91,50720.82,43,30.7,93,3,49.1
EMP01624,26,1,HR,Senior,Bachelor,Remote,Full-Time,24861.83,21058.9,25111.79,679.35,20,2144.01,139203.56,49,51.7,64,4,74.5
EMP01625,29,9,Finance,Entry,Bachelor,Office,Full-Time,57468.1,54109.51,65710.38,1490.56,5,8209.92,184712.2,25,36.1,76,14,67.9
EMP01626,26,2,Marketing,Mid,PhD,Remote,Full-Time,16586.06,13855.32,16714.27,1719.59,2,2956.86,168404.79,12,48.0,2,6,53.9
EMP01627,29,7,Finance,Junior,Diploma,Office,Full-Time,58595.21,48124.02,58166.6,2047.36,18,3011.37,40474.36,27,40.1,58,6,62.0
EMP01628,59,23,Operations,Junior,PhD,Hybrid,Part-Time,98737.12,93759.91,104389.01,11077.34,7,9329.0,64060.93,23,37.4,83,9,66.5
EMP01629,51,14,Sales,Entry,Bachelor,Remote,Part-Time,65948.91,56478.24,71501.26,5206.67,11,6747.54,103859.25,19,45.4,62,5,72.8
EMP01630,52,30,IT,Senior,Bachelor,Hybrid,Part-Time,167747.53,138399.81,183686.67,13489.12,11,1585.92,114749.06,21,49.2,4,7,74.7
EMP01631,32,8,Operations,Manager,Bachelor,Office,Full-Time,60554.77,50089.22,66661.69,8139.14,13,1864.06,39569.01,50,41.2,65,13,74.7
EMP01632,28,1,Sales,Senior,PhD,Office,Contract,28058.33,22137.8,26862.11,1384.89,4,3087.49,46772.46,21,41.7,89,1,49.8
EMP01633,28,7,Operations,Senior,Diploma,Office,Full-Time,43218.21,36841.13,44460.83,6827.6,1,6142.96,152007.38,24,31.5,92,2,70.2
EMP01634,48,6,Sales,Junior,High School,Remote,Part-Time,38567.27,32310.54,42608.8,4811.87,18,7651.84,146333.17,13,53.1,17,20,75.5
EMP01635,40,15,Engineering,Junior,High School,Remote,Contract,112082.2,90131.91,126761.65,20700.46,12,3107.72,168002.55,42,51.2,8,10,63.5
EMP01636,27,7,IT,Manager,Bachelor,Hybrid,Contract,53232.67,41633.7,56982.38,4560.51,10,8771.1,186653.03,36,39.9,21,6,65.6
EMP01637,31,11,Sales,Junior,Diploma,Office,Part-Time,59199.84,48084.94,56859.16,11655.78,8,1537.21,62343.96,15,49.1,27,4,62.4
EMP01638,40,9,HR,Senior,Diploma,Hybrid,Full-Time,71274.48,60707.09,73364.9,8813.02,3,2472.19,172059.4,50,37.8,59,8,53.7
EMP01639,36,16,Operations,Entry,Master,Office,Contract,97133.74,73983.53,93719.04,18961.71,7,9719.42,133536.35,1,48.3,11,14,67.4
EMP01640,24,4,IT,Manager,Master,Office,Contract,34825.94,27190.31,38298.35,866.15,20,1780.08,191596.31,34,42.9,36,16,62.7
EMP01641,26,6,Sales,Entry,PhD,Hybrid,Part-Time,45728.76,42963.61,44023.13,6906.68,11,8937.06,55142.76,42,41.5,81,15,70.6
EMP01642,42,22,HR,Senior,Master,Office,Contract,77710.63,66720.1,76711.76,12977.04,7,7187.38,54664.63,31,31.4,97,13,85.0
EMP01643,46,22,HR,Manager,PhD,Hybrid,Contract,98932.84,75455.07,102236.38,2925.56,7,1194.33,141154.4,50,54.1,41,12,61.2
EMP01644,23,3,Engineering,Entry,High School,Remote,Contract,44941.24,39935.58,46852.58,5582.36,9,5095.21,185753.74,32,50.9,53,7,57.5
EMP01645,34,14,Marketing,Manager,Bachelor,Hybrid,Full-Time,82422.7,62835.81,85002.22,13546.14,3,5430.3,165086.61,36,49.8,41,15,65.0
EMP01646,31,5,HR,Senior,Diploma,Hybrid,Full-Time,60918.87,54691.43,63518.85,7370.39,11,9355.33,145680.87,29,37.6,66,6,56.5
EMP01647,38,3,Finance,Manager,High School,Office,Part-Time,32730.98,29457.64,35763.43,1030.58,17,4500.49,78074.53,10,37.2,55,14,59.9
EMP01648,32,12,IT,Senior,High School,Hybrid,Full-Time,65849.65,57961.9,67420.41,9536.38,8,4744.25,143835.7,21,44.3,45,15,70.6
EMP01649,43,22,IT,Manager,PhD,Remote,Contract,63195.39,56650.93,66958.68,1953.21,20,1568.6,160418.02,36,51.2,4,11,72.7
EMP01650,32,5,IT,Manager,Bachelor,Remote,Full-Time,17227.79,13223.94,17411.68,2879.53,2,6572.14,150903.85,24,53.4,55,4,62.1
EMP01651,33,13,Sales,Junior,PhD,Remote,Contract,62346.65,55822.46,63638.82,1729.88,20,2503.52,135685.35,27,36.7,22,5,63.1
EMP01652,45,17,Operations,Senior,High School,Remote,Contract,104272.37,81054.84,111859.21,4664.26,1,1236.57,10379.12,21,45.2,61,2,69.1
EMP01653,39,14,Sales,Mid,Diploma,Hybrid,Full-Time,70719.35,57841.44,74120.87,4916.36,16,9970.73,132283.27,18,48.1,12,20,88.6
EMP01654,56,31,Finance,Manager,Master,Remote,Full-Time,144954.0,136046.44,158667.7,19424.66,4,3061.48,96180.64,4,35.7,58,15,81.6
EMP01655,28,8,Operations,Entry,PhD,Hybrid,Full-Time,58176.59,49483.56,61789.81,11387.76,9,1840.01,192352.29,47,40.2,87,10,75.1
EMP01656,49,9,Engineering,Junior,High School,Hybrid,Full-Time,54367.69,51295.12,60387.0,2240.39,8,7145.16,121830.79,18,34.7,27,4,66.2
EMP01657,52,19,HR,Junior,Master,Office,Part-Time,98666.87,75754.89,102483.47,4507.83,1,8305.98,122037.22,9,47.5,80,8,83.9
EMP01658,38,5,Sales,Manager,Master,Hybrid,Full-Time,52104.19,44054.68,54615.96,4501.63,8,1108.74,198816.98,49,51.6,5,11,64.5
EMP01659,26,2,Operations,Mid,High School,Hybrid,Part-Time,41527.79,31664.13,45015.89,7081.3,5,1501.24,19623.97,30,51.9,60,17,61.8
EMP01660,38,10,HR,Junior,Bachelor,Office,Contract,37423.91,32784.92,37208.68,3895.89,1,1356.65,55986.94,35,46.8,60,7,66.8
EMP01661,39,16,Operations,Senior,High School,Remote,Part-Time,70112.26,53687.86,72018.33,5461.04,7,946.11,131559.81,45,38.7,90,11,74.7
EMP01662,42,22,HR,Manager,Diploma,Remote,Contract,107050.7,84042.67,115076.1,12954.92,15,6764.84,63732.01,30,46.5,44,10,77.2
EMP01663,57,3,Operations,Manager,Master,Hybrid,Part-Time,22245.38,17835.59,21261.58,1488.09,7,6088.98,69883.88,39,51.6,92,1,53.4
EMP01664,52,3,Sales,Mid,Diploma,Office,Part-Time,15000.0,13496.23,15560.91,1383.13,1,6796.66,178636.34,46,45.6,11,8,66.8
EMP01665,23,3,Sales,Senior,PhD,Hybrid,Contract,38417.47,30072.9,41097.85,3068.36,9,5303.84,116291.43,6,40.3,34,5,57.8
EMP01666,48,18,Finance,Senior,Master,Hybrid,Part-Time,90670.48,83355.77,103679.44,14937.54,1,8266.32,21470.25,14,53.0,61,13,78.9
EMP01667,30,4,Engineering,Mid,Bachelor,Remote,Contract,15000.0,11645.71,16881.05,2795.49,12,5693.35,62861.65,46,50.9,4,7,59.4
EMP01668,55,31,Engineering,Entry,High School,Office,Full-Time,163435.2,123728.44,164440.07,25614.05,7,9228.1,16135.62,29,52.1,65,11,79.3
EMP01669,49,21,Marketing,Senior,PhD,Hybrid,Contract,103501.71,85803.85,108826.04,10250.3,9,5113.66,111669.86,32,52.6,74,12,76.5
EMP01670,35,5,IT,Entry,Diploma,Remote,Part-Time,51788.89,48986.51,49783.78,5737.19,5,8011.26,35480.37,14,39.8,67,14,72.4
EMP01671,53,33,Sales,Entry,PhD,Hybrid,Full-Time,153102.01,118205.23,152818.91,6508.87,12,4369.92,171565.91,20,51.5,85,12,95.4
EMP01672,27,7,Sales,Manager,Bachelor,Remote,Part-Time,76204.0,58703.27,84203.22,11768.61,2,4634.63,115885.49,50,44.3,64,1,45.2
EMP01673,32,0,HR,Manager,High School,Office,Full-Time,15000.0,13503.5,14619.94,1910.48,18,8565.42,12815.75,9,31.0,79,6,64.3
EMP01674,50,19,Marketing,Junior,PhD,Hybrid,Contract,94491.56,76768.0,94636.9,17238.97,9,1522.77,60874.26,12,45.9,65,11,72.7
EMP01675,41,21,Engineering,Manager,Diploma,Office,Full-Time,118274.15,105672.79,134691.61,6636.36,1,5866.72,123651.2,14,41.8,40,11,70.2
EMP01676,51,10,Sales,Senior,PhD,Remote,Full-Time,35799.4,28281.6,39908.14,5611.58,10,7400.2,67764.17,23,36.9,26,12,48.9
EMP01677,44,12,Operations,Senior,High School,Office,Full-Time,76141.85,64112.53,84240.72,10906.63,14,7629.0,103122.16,48,54.3,75,1,66.8
EMP01678,40,2,Engineering,Entry,PhD,Office,Part-Time,29519.27,23705.68,33147.53,2002.95,14,6119.19,181963.1,34,31.4,4,20,64.4
EMP01679,57,8,Marketing,Senior,Diploma,Office,Full-Time,39473.99,33170.21,43418.27,5531.42,7,4756.61,70657.16,16,53.6,4,20,62.5
EMP01680,24,4,IT,Manager,High School,Hybrid,Contract,32752.41,29602.26,31904.68,6104.63,12,2977.43,67838.7,18,34.0,85,6,63.3
EMP01681,48,22,Operations,Manager,Bachelor,Remote,Contract,92654.79,83611.86,97594.42,17170.64,6,9139.55,164131.61,41,39.4,12,13,69.0
EMP01682,40,13,HR,Manager,Bachelor,Office,Contract,79897.28,68164.72,83001.19,11947.26,13,4012.99,64432.55,40,40.4,79,12,59.0
EMP01683,44,24,Finance,Mid,Master,Hybrid,Full-Time,88200.91,82527.33,89279.63,2527.23,8,8090.42,16513.71,33,48.3,89,10,76.7
EMP01684,52,17,Operations,Senior,PhD,Remote,Contract,88150.02,70763.03,98446.65,15603.22,2,800.82,37008.05,5,35.4,8,7,68.1
EMP01685,56,8,Engineering,Junior,Diploma,Remote,Part-Time,54116.33,43188.2,56434.01,7489.71,10,2705.61,189811.25,39,54.7,47,10,60.9
EMP01686,54,22,IT,Senior,PhD,Remote,Contract,91680.09,80014.84,88201.71,6956.52,6,3783.06,186725.27,10,48.7,31,18,77.9
EMP01687,56,9,Operations,Senior,High School,Office,Full-Time,67752.87,59233.58,68091.17,3638.67,16,6879.95,45737.61,22,49.7,82,6,66.0
EMP01688,22,2,Marketing,Mid,Master,Office,Contract,28369.13,21540.9,28247.83,1160.77,10,3533.64,111146.87,43,32.7,35,8,66.7
EMP01689,35,4,Marketing,Senior,Diploma,Office,Full-Time,50721.32,44206.45,57188.08,1473.08,15,892.96,28336.25,44,41.9,91,20,72.6
EMP01690,54,22,IT,Entry,PhD,Remote,Full-Time,76011.45,62700.88,82053.42,11837.92,20,2151.74,135260.85,33,53.6,14,9,74.0
EMP01691,56,29,Engineering,Manager,Diploma,Remote,Contract,112384.9,101088.92,119361.22,7018.63,10,2962.07,37875.85,31,36.8,8,16,74.1
EMP01692,26,6,Marketing,Manager,High School,Office,Part-Time,53724.61,48976.49,56482.28,1309.03,11,2172.45,10908.29,6,33.6,15,2,69.4
EMP01693,59,27,Operations,Mid,Master,Office,Part-Time,130122.19,111961.14,140534.91,11907.32,2,2435.38,165154.46,36,42.1,5,11,68.5
EMP01694,32,12,Finance,Manager,Diploma,Remote,Contract,76786.32,57615.92,84539.83,8206.1,10,7805.09,65754.68,3,53.3,71,19,70.2
EMP01695,23,3,Operations,Entry,High School,Remote,Full-Time,51405.3,45096.49,54534.7,2593.99,12,4414.32,22595.96,4,42.2,32,4,56.2
EMP01696,38,9,Finance,Mid,Bachelor,Hybrid,Contract,75081.65,67556.69,85417.17,2096.93,11,4349.2,166946.89,27,40.1,95,3,59.1
EMP01697,60,13,Marketing,Junior,Diploma,Hybrid,Full-Time,97897.78,78298.31,112128.87,5290.65,15,9682.76,152717.1,38,46.3,99,15,66.2
EMP01698,41,21,Operations,Manager,Master,Office,Full-Time,81644.36,68820.42,93814.96,11612.97,4,4743.67,137067.93,25,53.4,41,8,74.5
EMP01699,35,15,Marketing,Senior,Diploma,Remote,Full-Time,88994.9,83935.13,96459.64,3097.37,5,9312.75,182338.49,37,31.2,58,4,43.5
EMP01700,53,13,Engineering,Entry,Diploma,Remote,Part-Time,81189.07,65732.55,92273.34,9735.11,1,3341.1,98355.99,27,33.8,35,11,62.0
EMP01701,55,34,Finance,Entry,High School,Hybrid,Part-Time,123039.92,97771.29,126841.35,5703.41,1,4305.95,26483.24,41,33.3,33,17,72.1
EMP01702,46,26,Engineering,Manager,PhD,Remote,Contract,98227.45,77812.93,110203.19,5424.52,10,4264.69,13207.94,36,32.1,1,9,70.4
EMP01703,28,8,Marketing,Junior,PhD,Office,Part-Time,34618.29,29832.66,39182.18,3141.75,4,5687.75,64369.76,46,37.6,12,1,40.3
EMP01704,56,34,Sales,Senior,Diploma,Hybrid,Full-Time,180840.53,169982.39,204499.55,6898.81,13,6050.35,18279.34,47,35.7,42,8,79.8
EMP01705,50,10,HR,Junior,Master,Remote,Full-Time,45022.88,39248.16,50253.16,2304.12,14,2857.19,107566.38,36,43.7,73,2,66.8
EMP01706,43,10,Operations,Junior,Master,Remote,Contract,46852.2,37981.42,48319.6,3879.9,19,8039.05,3885.3,46,38.2,56,13,57.2
EMP01707,34,14,Sales,Manager,High School,Office,Full-Time,89368.22,78439.74,87740.07,7090.51,5,5217.0,89308.9,42,40.1,6,1,59.5
EMP01708,34,14,Engineering,Senior,Diploma,Remote,Contract,93570.33,81871.09,95141.5,14491.13,11,566.91,36513.6,7,53.5,58,10,72.3
EMP01709,22,2,Marketing,Manager,Diploma,Hybrid,Contract,42796.37,37206.52,47223.98,1432.0,8,6117.74,74285.34,30,33.9,58,12,70.6
EMP01710,57,6,Marketing,Manager,PhD,Hybrid,Full-Time,60831.52,47563.27,60623.3,10638.29,1,8081.56,135331.78,50,39.7,50,11,54.4
EMP01711,25,5,HR,Entry,High School,Remote,Part-Time,22990.13,20160.35,24039.73,3837.55,5,2879.43,70841.79,47,36.4,2,10,48.4
EMP01712,58,1,Marketing,Manager,Bachelor,Remote,Full-Time,15000.0,12540.49,15946.2,2368.18,18,859.77,68926.64,29,43.7,26,14,72.9
EMP01713,34,11,HR,Mid,Master,Remote,Full-Time,78606.72,59247.33,84169.86,5949.51,13,8168.2,198159.4,40,48.4,77,14,65.7
EMP01714,59,17,Operations,Senior,Master,Remote,Contract,69133.13,59312.97,78614.4,11622.57,5,9774.63,144044.13,41,50.4,53,8,64.6
EMP01715,45,10,Finance,Entry,Diploma,Hybrid,Part-Time,61649.78,58434.95,66723.47,3261.54,7,1227.35,103258.48,5,42.9,93,11,74.6
EMP01716,40,15,HR,Senior,High School,Office,Contract,117843.0,96625.12,130482.81,4995.8,12,9411.35,116295.75,6,51.4,63,9,60.7
EMP01717,22,2,HR,Entry,Bachelor,Hybrid,Full-Time,23227.98,21906.59,24769.76,652.52,2,3913.11,124416.34,44,49.6,33,15,62.3
EMP01718,59,34,Sales,Mid,Master,Remote,Contract,158210.81,121702.26,176676.55,29913.85,13,9443.68,5890.5,7,33.9,22,1,75.7
EMP01719,26,6,Marketing,Manager,High School,Remote,Contract,49042.32,43965.95,49176.33,3699.85,14,6663.97,16972.65,39,36.1,47,19,60.1
EMP01720,37,15,Operations,Entry,Bachelor,Hybrid,Full-Time,47880.22,37004.99,47496.01,8866.04,6,8957.32,130188.68,32,46.8,54,18,70.9
EMP01721,45,5,Finance,Entry,Diploma,Hybrid,Contract,53594.05,43127.9,60843.39,3701.76,16,7965.41,73529.3,15,54.4,16,12,54.3
EMP01722,48,11,IT,Entry,PhD,Remote,Full-Time,43260.77,37384.58,47097.84,7932.38,10,765.98,12033.36,13,39.4,78,8,61.9
EMP01723,22,2,Engineering,Mid,Master,Hybrid,Contract,20189.76,17535.94,21891.86,3688.82,11,1121.7,60205.14,18,35.7,61,5,67.7
EMP01724,55,3,HR,Senior,Master,Remote,Part-Time,38909.11,35214.39,40600.06,7247.28,1,5494.57,26926.4,10,51.7,60,13,75.2
EMP01725,57,1,IT,Mid,Bachelor,Hybrid,Full-Time,23918.46,20882.3,24524.54,2614.47,15,1731.38,183346.45,40,35.0,60,17,69.0
EMP01726,25,5,Marketing,Entry,PhD,Remote,Part-Time,41212.12,35801.91,43731.75,7247.99,16,4879.83,41382.15,11,47.4,43,1,60.4
EMP01727,21,1,Engineering,Entry,High School,Hybrid,Contract,35096.73,32726.67,34188.19,6708.31,10,9568.99,29594.55,40,30.9,70,2,61.0
EMP01728,60,26,HR,Manager,Diploma,Remote,Part-Time,148216.25,124565.7,154284.59,11624.76,10,3300.19,125607.59,40,30.5,2,7,63.4
EMP01729,32,12,IT,Mid,High School,Office,Part-Time,58991.01,46900.99,61413.98,5627.59,3,5144.67,104860.47,47,41.3,72,2,64.8
EMP01730,56,7,Sales,Mid,Bachelor,Office,Part-Time,65431.08,51190.51,69204.31,9779.54,11,4150.47,115610.56,2,46.4,66,4,52.5
EMP01731,43,6,IT,Junior,Master,Hybrid,Contract,43681.37,36255.49,47042.09,3235.25,11,6483.36,87753.68,27,33.6,98,13,63.2
EMP01732,51,11,Engineering,Senior,Master,Office,Full-Time,67704.48,60429.67,77282.21,10540.62,16,2341.53,93966.69,45,49.1,7,14,65.3
EMP01733,31,11,Sales,Junior,High School,Remote,Contract,75393.22,57186.41,81457.38,2510.64,6,2969.42,155980.71,50,33.2,25,20,64.1
EMP01734,30,10,Engineering,Junior,Diploma,Hybrid,Contract,45548.56,35337.06,51321.62,5203.0,9,8658.29,44764.51,44,43.3,14,3,49.3
EMP01735,23,3,Finance,Senior,Bachelor,Hybrid,Contract,38946.28,30036.26,41332.16,1636.38,1,8207.69,79909.33,8,37.7,4,9,53.1
EMP01736,34,14,Marketing,Manager,Diploma,Remote,Full-Time,64446.52,55878.36,69304.86,4691.59,6,7997.3,191607.25,49,48.8,12,18,78.6
EMP01737,36,16,Operations,Manager,Bachelor,Remote,Contract,99165.81,79191.13,95592.61,6599.74,18,7823.74,38807.15,38,50.1,78,16,86.3
EMP01738,30,7,IT,Senior,Diploma,Remote,Contract,38672.89,30290.62,37769.99,6613.37,13,4864.66,59460.95,16,31.7,11,19,67.5
EMP01739,49,4,HR,Senior,High School,Hybrid,Full-Time,60519.94,52564.84,64510.26,3318.5,2,7424.46,39121.82,24,34.8,98,20,77.9
EMP01740,30,10,Engineering,Mid,PhD,Remote,Full-Time,63603.83,57387.32,65457.41,10527.75,19,4178.45,5078.6,23,52.3,62,9,62.3
EMP01741,32,12,Engineering,Mid,Bachelor,Office,Full-Time,80266.86,65532.35,89077.12,13076.5,2,1456.74,54696.16,14,40.4,7,19,55.4
EMP01742,50,30,Marketing,Mid,High School,Hybrid,Part-Time,150872.2,130601.15,159718.68,16565.61,4,4237.06,10247.02,27,41.9,73,6,68.8
EMP01743,21,1,IT,Mid,Master,Remote,Full-Time,29450.54,22665.87,33174.8,1828.64,4,2007.3,31782.34,10,34.2,33,12,59.4
EMP01744,25,5,HR,Entry,Master,Hybrid,Part-Time,42969.07,40263.66,49176.66,2614.3,10,4213.09,73173.73,28,54.9,71,15,69.7
EMP01745,40,11,HR,Entry,Diploma,Office,Part-Time,63977.45,52293.84,62667.64,6633.59,17,3325.54,5123.52,25,53.1,21,6,60.7
EMP01746,28,8,Engineering,Manager,Master,Office,Contract,46338.13,43998.11,47680.34,1000.24,16,6192.03,150838.36,2,30.1,49,5,59.4
EMP01747,32,12,Operations,Entry,PhD,Remote,Part-Time,62666.51,59264.82,67867.6,7246.95,8,3934.63,159322.21,45,43.8,11,14,62.7
EMP01748,21,1,Engineering,Entry,Bachelor,Hybrid,Contract,45024.36,40781.48,45524.03,8622.18,6,7203.1,82871.35,33,51.8,21,19,67.9
EMP01749,40,13,Operations,Mid,Diploma,Remote,Part-Time,66791.23,50361.49,67018.75,3195.78,2,5365.39,196948.53,50,40.8,90,18,66.8
EMP01750,48,9,Engineering,Mid,Bachelor,Hybrid,Full-Time,61757.77,53031.09,68720.82,7608.69,15,9235.18,136119.79,46,40.9,57,13,73.8
EMP01751,57,6,Engineering,Senior,Bachelor,Remote,Contract,58444.25,44848.21,66981.53,11286.76,11,1364.74,149000.63,35,39.5,81,9,61.7
EMP01752,57,28,HR,Mid,High School,Remote,Part-Time,159590.86,148264.31,176309.7,27911.48,16,7033.24,39267.78,47,30.7,18,20,93.9
EMP01753,32,2,Operations,Senior,Master,Hybrid,Contract,28294.58,25689.42,29843.3,4896.9,4,6887.77,167650.09,41,49.8,4,7,54.0
EMP01754,57,14,HR,Senior,Bachelor,Hybrid,Full-Time,80073.87,75627.21,83156.89,13447.04,11,9530.95,189064.23,13,41.4,15,12,63.2
EMP01755,48,28,IT,Entry,PhD,Office,Part-Time,127796.58,111397.29,135199.78,9664.52,14,4029.74,48025.72,5,43.3,40,9,69.6
EMP01756,35,15,Engineering,Mid,PhD,Office,Part-Time,97863.84,83618.24,102029.7,17645.93,8,3401.66,137606.39,5,36.4,73,2,61.4
EMP01757,26,6,Finance,Entry,Master,Hybrid,Full-Time,22302.91,19042.11,23430.94,4225.09,6,2137.74,149641.27,22,49.6,18,3,60.8
EMP01758,40,20,Operations,Mid,Master,Office,Part-Time,112168.18,92795.58,111123.96,12253.55,19,3020.24,61728.67,34,49.8,64,5,68.3
EMP01759,34,14,Sales,Entry,Diploma,Office,Part-Time,80318.42,67767.7,90819.92,6732.51,4,5267.96,95526.79,1,43.8,21,18,78.2
EMP01760,22,2,Sales,Entry,Diploma,Hybrid,Contract,41402.78,36313.65,45580.61,3915.1,4,8458.27,20410.28,17,52.6,16,14,65.3
EMP01761,29,9,Sales,Entry,Diploma,Hybrid,Part-Time,42912.36,40191.27,46611.21,3439.73,6,3200.72,35445.87,49,32.9,34,19,70.7
EMP01762,57,24,Finance,Manager,Master,Hybrid,Full-Time,109994.63,95604.79,125392.23,6405.57,11,1998.55,13252.53,9,49.7,38,5,71.2
EMP01763,40,5,HR,Entry,Bachelor,Remote,Part-Time,56242.94,51823.55,56629.83,7385.86,1,3085.22,112472.93,10,44.0,72,10,73.6
EMP01764,46,26,HR,Junior,High School,Hybrid,Contract,118591.7,109407.49,114587.09,14381.31,2,1458.81,125427.32,15,35.8,54,16,83.1
EMP01765,49,1,Marketing,Junior,Diploma,Hybrid,Part-Time,20321.58,17349.89,22663.19,2098.51,9,9303.61,183307.8,45,33.3,4,20,66.8
EMP01766,21,1,Sales,Junior,High School,Hybrid,Contract,39096.17,32039.08,44948.22,1456.42,16,8789.93,108894.78,29,37.5,72,1,59.9
EMP01767,55,31,Sales,Senior,PhD,Office,Part-Time,151494.34,132999.12,161445.47,24760.35,6,3430.67,52861.66,25,51.4,10,4,61.0
EMP01768,26,6,HR,Entry,Master,Hybrid,Contract,52379.01,43955.18,50376.14,2696.89,9,2846.38,12835.24,21,49.7,77,5,80.7
EMP01769,57,17,Sales,Junior,PhD,Office,Contract,81823.32,62700.24,90504.25,3323.76,19,9101.27,177105.66,17,46.1,39,11,73.0
EMP01770,25,4,HR,Senior,Diploma,Remote,Part-Time,60542.19,49981.32,58408.07,8000.82,5,516.83,96292.76,27,32.3,87,14,73.2
EMP01771,53,33,Engineering,Junior,Bachelor,Hybrid,Full-Time,132404.98,125627.76,140084.84,12148.95,10,6205.49,147727.08,28,53.9,83,11,80.6
EMP01772,34,14,Engineering,Mid,Diploma,Hybrid,Full-Time,87484.32,66462.04,87966.05,2691.5,7,9202.04,3915.22,23,37.6,96,8,54.2
EMP01773,32,12,HR,Manager,High School,Office,Part-Time,74128.45,65924.91,83987.94,6226.96,2,5331.3,98139.65,39,45.2,3,1,55.1
EMP01774,40,20,Operations,Entry,Diploma,Remote,Part-Time,71955.77,66072.5,74853.15,11435.24,20,528.19,65818.8,36,50.1,79,7,71.8
EMP01775,44,24,HR,Manager,Bachelor,Hybrid,Part-Time,95716.72,84206.33,108130.48,12514.47,4,2579.28,7035.92,3,33.3,88,13,72.4
EMP01776,54,12,IT,Manager,Bachelor,Remote,Part-Time,84434.8,72947.42,85263.63,7202.41,8,9263.2,155358.89,33,46.3,57,20,68.7
EMP01777,45,25,IT,Mid,Master,Remote,Part-Time,97466.73,86892.65,100144.39,5314.36,3,661.71,103067.43,7,30.8,64,6,69.4
EMP01778,49,29,IT,Mid,Master,Hybrid,Full-Time,120980.41,101123.72,137847.96,16177.89,2,4250.41,67302.87,5,32.5,87,4,79.7
EMP01779,59,21,IT,Mid,Bachelor,Remote,Contract,81086.66,62296.64,80297.11,14576.13,9,8002.57,161353.9,26,48.1,63,12,82.7
EMP01780,51,31,Finance,Senior,Bachelor,Remote,Contract,139519.49,131493.54,148685.96,19020.57,11,8461.86,89937.77,17,33.9,66,5,75.5
EMP01781,43,8,Marketing,Junior,High School,Hybrid,Full-Time,45909.77,38401.69,47181.56,7635.84,4,5037.28,1696.09,17,41.1,95,5,61.1
EMP01782,58,18,Marketing,Entry,Diploma,Office,Full-Time,112303.6,99172.82,124076.76,12788.57,9,2708.6,188945.08,47,36.2,33,17,71.0
EMP01783,40,5,HR,Mid,Master,Hybrid,Contract,58432.12,50033.21,57021.53,8720.11,6,6197.19,51880.87,3,40.5,88,6,64.4
EMP01784,43,14,Engineering,Entry,High School,Remote,Full-Time,66975.58,50964.04,69483.35,12144.07,1,3005.89,166284.53,3,31.9,57,10,70.1
EMP01785,36,16,Sales,Entry,Diploma,Hybrid,Part-Time,69333.6,65211.67,75558.82,11035.98,3,2925.01,163466.66,34,48.9,66,16,77.5
EMP01786,28,8,IT,Entry,Master,Office,Full-Time,65638.1,59632.7,67699.35,12062.56,7,8172.2,33312.41,8,32.0,6,14,61.2
EMP01787,41,21,Marketing,Mid,High School,Remote,Full-Time,65608.74,51162.98,63096.34,6403.75,9,1965.53,95326.53,45,50.9,34,10,73.9
EMP01788,21,1,Marketing,Mid,PhD,Remote,Full-Time,33881.21,32062.8,36965.16,6192.12,8,552.45,8999.6,6,46.6,28,17,67.8
EMP01789,28,8,IT,Junior,PhD,Office,Full-Time,40179.65,36056.42,42214.33,5298.98,13,3699.36,71555.78,37,40.4,24,5,56.7
EMP01790,49,4,Engineering,Mid,Master,Office,Contract,49966.85,42195.22,47581.51,8824.58,18,5164.25,146464.79,45,51.7,27,2,43.5
EMP01791,52,19,Finance,Mid,High School,Remote,Contract,69939.36,61006.29,75012.15,1894.5,19,7198.26,48176.82,22,34.7,87,4,63.1
EMP01792,58,22,Finance,Entry,Diploma,Office,Contract,83042.42,64054.55,94168.13,11494.19,9,7920.59,24308.46,33,36.6,68,18,90.0
EMP01793,25,5,Marketing,Junior,Diploma,Hybrid,Contract,35504.76,30608.03,34517.91,6129.38,20,6803.43,101917.59,50,33.4,26,8,48.3
EMP01794,42,21,Finance,Manager,High School,Office,Part-Time,103366.4,79047.62,110409.2,5308.52,6,6451.83,107860.29,7,39.5,73,14,85.4
EMP01795,54,3,Operations,Mid,PhD,Hybrid,Part-Time,47726.96,40996.08,52296.04,6639.85,12,6824.61,135489.96,49,54.7,75,13,54.5
EMP01796,21,1,IT,Mid,High School,Remote,Contract,27788.96,23913.49,26792.86,4682.21,4,3079.5,152068.41,40,34.0,81,7,56.5
EMP01797,46,26,Engineering,Manager,PhD,Remote,Contract,135413.33,125242.13,129255.15,9726.86,9,4132.43,139466.1,19,50.8,7,9,67.2
EMP01798,30,10,Marketing,Entry,PhD,Remote,Contract,61327.41,54888.73,63954.62,5700.04,10,6356.15,169237.03,48,46.3,37,4,73.2
EMP01799,50,8,IT,Junior,Diploma,Remote,Full-Time,46896.77,37513.21,51972.75,5745.47,3,1122.92,45358.39,46,30.4,93,5,65.1
EMP01800,38,18,Finance,Entry,Master,Remote,Part-Time,88904.15,82475.07,87316.67,10086.19,17,3305.59,114383.58,10,53.6,8,15,68.6
EMP01801,37,6,IT,Senior,Bachelor,Office,Part-Time,45546.32,39381.56,50890.15,1232.21,7,4360.98,72658.98,23,54.3,42,9,56.1
EMP01802,46,3,Finance,Mid,High School,Office,Full-Time,54980.48,47903.16,59451.24,2076.12,8,5567.69,192460.36,2,53.1,24,18,69.7
EMP01803,28,8,Engineering,Senior,PhD,Remote,Full-Time,73819.64,57859.56,75032.84,2811.35,11,5121.58,88615.63,21,42.5,93,14,67.7
EMP01804,60,29,Finance,Mid,High School,Office,Full-Time,134247.12,123716.06,141384.39,9022.51,13,7322.25,191983.07,24,35.5,65,15,78.6
EMP01805,32,12,IT,Senior,Master,Office,Part-Time,83951.51,78594.82,95966.23,5394.35,3,4997.55,154044.07,48,39.8,16,1,55.5
EMP01806,47,27,Engineering,Manager,Master,Remote,Full-Time,108228.92,97946.97,107502.42,16623.97,19,9089.23,143974.31,13,45.4,6,19,82.3
EMP01807,28,8,Finance,Mid,Bachelor,Office,Full-Time,53084.71,49801.45,55734.02,6534.41,14,4113.02,98821.18,5,39.5,21,1,61.7
EMP01808,45,25,Operations,Mid,Bachelor,Remote,Full-Time,129385.33,104861.63,139075.94,20380.22,16,5491.03,89232.25,18,47.7,9,6,61.2
EMP01809,24,4,HR,Senior,PhD,Remote,Contract,32974.98,30410.31,32236.44,1074.37,15,530.5,105783.09,11,49.9,89,8,60.3
EMP01810,53,30,IT,Junior,Bachelor,Remote,Full-Time,137763.99,116793.37,132074.95,14787.39,2,3449.54,59432.98,37,35.2,12,4,63.7
EMP01811,21,1,HR,Senior,PhD,Remote,Contract,22563.47,17662.31,21496.03,1766.26,6,8732.44,180997.48,32,40.1,41,16,66.3
EMP01812,39,1,IT,Mid,Diploma,Office,Part-Time,45398.69,40121.55,46076.88,7853.48,7,3668.98,159071.8,28,53.9,27,11,66.7
EMP01813,51,9,Finance,Mid,PhD,Office,Part-Time,54498.18,48330.29,52579.27,8033.14,9,2905.27,160477.78,22,36.2,99,4,66.6
EMP01814,36,1,Finance,Junior,Bachelor,Hybrid,Part-Time,15000.0,12110.77,16661.31,2647.0,9,5663.6,87197.57,45,38.7,58,11,47.5
EMP01815,34,1,Engineering,Entry,High School,Hybrid,Contract,15000.0,11332.48,17241.96,425.35,17,1247.94,15146.7,28,30.9,10,10,63.6
EMP01816,25,5,Marketing,Junior,Bachelor,Remote,Full-Time,27097.71,21406.36,26075.06,4057.83,3,5550.25,136932.39,1,38.3,8,17,55.6
EMP01817,46,16,Operations,Entry,Master,Hybrid,Part-Time,72803.15,60423.38,75463.76,8532.64,4,3384.83,75508.3,6,39.3,79,9,65.6
EMP01818,48,28,Marketing,Mid,Bachelor,Office,Full-Time,153674.28,120405.73,146781.44,25894.12,2,4139.48,174215.63,11,32.5,80,10,78.8
EMP01819,22,2,HR,Manager,Diploma,Office,Contract,32531.5,25661.04,31776.71,3620.39,1,8017.97,156287.35,42,30.0,54,8,60.3
EMP01820,26,6,Finance,Manager,PhD,Hybrid,Part-Time,59080.95,48935.46,59942.61,6926.51,10,6788.66,29920.3,33,44.4,4,14,69.2
EMP01821,29,9,Marketing,Senior,Master,Hybrid,Full-Time,46040.68,43386.77,47363.87,1349.83,3,4738.01,120741.43,16,37.5,68,13,64.8
EMP01822,53,23,Finance,Junior,PhD,Office,Full-Time,83244.62,75157.3,94728.77,11682.06,10,5986.4,138750.57,13,30.4,37,3,59.8
EMP01823,45,0,IT,Junior,PhD,Hybrid,Part-Time,46022.32,37459.85,47364.67,3183.14,9,7785.16,114059.38,21,51.5,94,14,65.1
EMP01824,33,10,Marketing,Manager,Bachelor,Office,Full-Time,80675.66,75861.01,84649.39,1899.5,17,7584.95,103294.39,48,44.6,65,14,76.8
EMP01825,29,9,HR,Entry,High School,Office,Contract,60940.59,53574.66,60886.76,1947.58,15,2260.56,46344.75,47,34.3,90,3,68.2
EMP01826,33,3,Engineering,Junior,Master,Hybrid,Part-Time,49163.0,41350.5,46706.08,9454.61,3,3358.73,47945.46,39,51.6,82,16,69.9
EMP01827,51,6,Marketing,Entry,Diploma,Hybrid,Part-Time,26970.32,22753.78,30472.87,2219.49,3,3808.25,153833.62,46,36.3,63,10,74.3
EMP01828,31,11,Finance,Entry,Diploma,Remote,Part-Time,57237.57,47630.18,55311.12,10088.33,4,2281.65,4719.27,24,35.7,24,4,68.2
EMP01829,24,4,Sales,Entry,High School,Remote,Part-Time,30802.29,24537.06,35202.39,5936.89,4,615.53,156003.1,43,52.4,51,20,75.6
EMP01830,54,30,Sales,Entry,High School,Remote,Contract,151184.28,125078.75,147581.38,28692.98,17,2152.69,105832.95,27,34.5,37,18,72.3
EMP01831,58,16,Engineering,Senior,Bachelor,Remote,Contract,81092.08,69380.7,86847.65,14492.01,6,8178.32,187308.31,45,52.0,76,4,72.4
EMP01832,24,4,Engineering,Senior,Diploma,Remote,Full-Time,41768.21,35737.11,48028.52,7563.05,11,5686.24,199466.99,37,50.1,92,2,59.3
EMP01833,58,10,Operations,Manager,Master,Office,Contract,87891.76,79308.9,85931.16,6330.09,12,3745.75,133033.43,50,37.7,18,11,61.4
EMP01834,39,19,Engineering,Senior,High School,Hybrid,Full-Time,114044.03,93716.77,118011.46,5390.24,7,6279.27,83039.18,3,30.9,98,15,73.1
EMP01835,26,6,Finance,Junior,High School,Office,Full-Time,56019.61,50045.66,61962.44,7566.42,13,7528.42,95542.1,12,32.1,24,11,61.4
EMP01836,54,0,IT,Senior,High School,Remote,Part-Time,24489.59,21198.64,23422.78,2641.42,6,3867.06,41638.87,7,32.7,47,6,53.6
EMP01837,38,18,Marketing,Junior,Master,Remote,Full-Time,81901.01,77180.98,89104.74,3093.76,3,4927.71,20747.63,20,52.3,72,18,78.5
EMP01838,33,6,Engineering,Junior,Diploma,Hybrid,Part-Time,55257.23,45700.88,53382.61,7844.18,14,1110.03,116173.92,15,40.1,60,18,69.2
EMP01839,43,1,Sales,Entry,Master,Office,Full-Time,15000.0,13953.65,14959.56,1819.72,14,6172.36,161293.52,1,30.8,34,1,55.5
EMP01840,39,19,IT,Manager,Master,Remote,Contract,91078.24,83257.21,89440.22,15970.76,10,3885.87,53091.54,10,43.9,50,13,76.5
EMP01841,31,3,Finance,Entry,Bachelor,Remote,Part-Time,20097.98,17636.64,22740.21,2605.77,5,4618.47,84510.91,14,35.2,14,1,51.3
EMP01842,21,1,IT,Entry,High School,Remote,Full-Time,39022.03,34374.62,38479.29,4811.82,2,4514.71,111399.96,15,35.9,85,13,61.2
EMP01843,44,24,Finance,Senior,Diploma,Remote,Contract,95582.02,73304.72,91575.87,9494.67,6,6507.89,181671.67,34,34.0,76,5,57.5
EMP01844,27,7,Operations,Senior,Bachelor,Office,Contract,47953.98,45078.9,51192.08,4953.73,11,5938.42,28587.61,49,49.1,48,17,74.6
EMP01845,45,10,Marketing,Junior,Bachelor,Office,Part-Time,81265.37,62687.07,82828.61,15585.77,18,4510.01,48139.75,25,30.0,29,16,69.1
EMP01846,41,2,IT,Senior,PhD,Remote,Part-Time,16286.67,14049.64,16793.86,731.6,11,661.07,183787.56,31,41.0,20,18,64.0
EMP01847,35,11,Marketing,Senior,High School,Office,Part-Time,82606.75,67408.28,80443.49,8287.06,15,6399.14,8867.58,10,32.2,88,10,77.7
EMP01848,21,1,IT,Mid,Diploma,Remote,Full-Time,23700.93,19813.28,26062.65,3271.89,3,8855.99,131567.01,37,43.8,88,17,60.4
EMP01849,32,12,Finance,Junior,Diploma,Hybrid,Part-Time,71135.34,62032.62,76136.92,6967.13,2,7810.74,128265.65,6,38.6,85,7,68.1
EMP01850,27,1,Finance,Junior,Diploma,Hybrid,Contract,29238.77,27243.81,29906.68,2075.33,7,9825.35,77267.63,6,30.7,40,15,57.5
EMP01851,35,15,IT,Mid,High School,Hybrid,Contract,87589.69,73707.9,86215.84,6282.31,5,1821.22,94164.77,28,41.5,2,19,75.6
EMP01852,41,1,Operations,Junior,Diploma,Office,Part-Time,26317.7,24937.23,28125.48,1633.23,13,2613.94,171128.67,38,44.3,72,9,47.0
EMP01853,39,19,Finance,Manager,Master,Remote,Part-Time,80047.61,69526.35,88510.2,6556.11,8,5623.04,33831.43,14,36.2,23,5,70.5
EMP01854,49,19,HR,Manager,Master,Hybrid,Contract,76961.41,60192.35,77921.85,13614.59,9,2740.88,47081.93,13,49.1,95,10,79.4
EMP01855,45,25,HR,Mid,High School,Hybrid,Full-Time,103256.03,81365.95,98627.28,11455.27,8,828.22,102957.73,13,39.3,16,13,66.4
EMP01856,53,24,Marketing,Senior,Diploma,Office,Contract,132938.7,118743.79,131990.68,8407.44,10,4321.74,82539.34,10,48.7,87,1,70.1
EMP01857,52,31,Engineering,Manager,PhD,Office,Contract,116753.82,88742.19,126850.64,10416.17,2,3232.62,115300.13,16,44.5,7,6,63.9
EMP01858,55,9,HR,Mid,PhD,Hybrid,Contract,47215.23,39947.31,54194.55,1843.73,10,3005.73,184247.0,39,51.7,5,3,60.0
EMP01859,58,32,HR,Manager,PhD,Remote,Part-Time,169975.76,132520.55,161931.7,31059.06,11,9555.14,183503.3,35,43.7,8,17,84.3
EMP01860,46,12,Operations,Entry,Master,Remote,Full-Time,74307.63,62169.01,75142.15,6945.95,11,2765.31,46773.65,15,34.6,14,12,58.5
EMP01861,31,11,Operations,Mid,PhD,Remote,Full-Time,65719.5,59146.46,63248.72,12911.94,5,1729.61,61126.78,23,50.6,63,11,59.2
EMP01862,55,21,Engineering,Junior,Diploma,Hybrid,Part-Time,150903.38,127024.82,152905.84,12458.13,14,1690.53,33251.67,37,49.6,87,8,80.7
EMP01863,28,8,Sales,Manager,Diploma,Office,Contract,44950.24,35182.11,46351.91,7666.0,3,8160.08,185630.28,8,54.3,49,12,79.9
EMP01864,34,14,Engineering,Junior,PhD,Remote,Part-Time,55094.19,44096.57,62486.31,3644.45,20,7291.06,80174.96,26,32.3,10,11,69.0
EMP01865,30,10,Sales,Mid,Bachelor,Hybrid,Part-Time,62705.58,51638.54,60580.62,2113.65,2,1730.12,90491.32,22,44.8,94,5,70.0
EMP01866,22,2,Operations,Manager,PhD,Hybrid,Full-Time,41113.03,31406.75,45447.45,1057.1,18,2587.65,160725.52,5,42.3,45,8,57.9
EMP01867,29,9,Sales,Junior,Bachelor,Office,Full-Time,45163.62,39150.87,46478.19,5831.09,1,7599.76,103081.72,34,46.8,44,12,67.7
EMP01868,23,3,Operations,Senior,High School,Remote,Part-Time,19027.15,16582.29,21163.0,1447.65,1,3108.86,24831.34,27,54.5,76,6,64.2
EMP01869,41,21,Sales,Senior,High School,Hybrid,Part-Time,105036.75,80083.21,110570.13,10486.19,17,9824.65,88131.89,19,43.3,93,9,73.0
EMP01870,46,1,Finance,Entry,Diploma,Remote,Full-Time,34350.92,28527.14,32903.24,5748.85,6,5635.42,126474.28,43,47.1,58,17,76.5
EMP01871,28,8,Operations,Mid,Master,Remote,Full-Time,33710.39,28074.02,38404.26,2179.7,13,2324.08,144122.61,43,38.7,24,2,58.6
EMP01872,22,2,Engineering,Junior,Diploma,Remote,Contract,24104.92,19688.03,23298.53,1821.31,1,8658.68,129425.02,35,37.5,11,1,54.7
EMP01873,26,6,Marketing,Entry,Diploma,Hybrid,Part-Time,68932.21,59388.4,73725.53,11867.4,6,3535.02,24716.96,45,38.4,84,18,71.2
EMP01874,48,25,Marketing,Mid,Master,Remote,Contract,152151.1,124640.89,171251.17,16538.4,8,3243.67,61564.56,20,31.0,87,3,71.1
EMP01875,49,8,Operations,Senior,Diploma,Office,Contract,39068.14,32554.77,37738.02,6601.72,13,3610.69,146979.36,47,37.1,25,14,74.3
EMP01876,46,9,HR,Junior,Master,Hybrid,Contract,39187.62,35641.32,41569.39,3425.22,2,7797.87,176157.85,38,34.3,75,13,70.6
EMP01877,45,25,Marketing,Manager,Diploma,Hybrid,Full-Time,147149.05,115132.63,164050.29,13494.54,8,2145.52,10390.1,13,41.4,36,2,68.0
EMP01878,32,12,Engineering,Senior,High School,Remote,Contract,76960.07,67249.47,88293.59,3854.54,1,4126.96,9403.59,18,41.5,84,4,66.8
EMP01879,25,5,HR,Manager,Bachelor,Remote,Full-Time,44859.99,38181.18,49115.65,8296.51,13,792.91,129037.5,18,49.1,22,15,62.2
EMP01880,54,1,Marketing,Manager,Diploma,Remote,Full-Time,35396.91,28707.4,35597.5,6421.74,1,8352.95,110061.18,1,42.6,64,5,49.3
EMP01881,57,0,IT,Junior,Bachelor,Hybrid,Full-Time,15000.0,13432.6,16348.71,2957.39,10,3736.83,31912.47,32,41.6,44,10,71.5
EMP01882,35,15,IT,Junior,PhD,Office,Part-Time,78954.16,67919.34,86151.09,7298.56,5,2857.64,110110.02,25,35.8,73,9,77.1
EMP01883,56,23,Operations,Manager,Diploma,Office,Contract,108662.4,91871.05,118441.28,18184.73,20,6008.99,194922.98,21,51.3,34,18,85.6
EMP01884,35,15,Engineering,Entry,High School,Hybrid,Full-Time,84010.28,74225.92,94163.09,7955.07,13,7197.42,126549.14,27,32.3,47,3,55.9
EMP01885,43,1,Engineering,Manager,Master,Office,Part-Time,35008.4,31873.68,33869.79,3562.94,5,8222.51,90379.09,11,54.6,27,14,72.6
EMP01886,26,6,Marketing,Manager,High School,Remote,Part-Time,44240.88,41787.0,42988.15,7494.4,10,3803.96,165678.97,48,41.9,0,10,73.8
EMP01887,41,13,Finance,Junior,Bachelor,Hybrid,Part-Time,51062.39,44724.02,55051.56,2651.47,3,8216.86,43351.67,1,34.6,71,17,81.4
EMP01888,43,1,HR,Mid,Master,Office,Full-Time,37085.18,34299.64,42305.89,2212.35,2,4916.37,83450.96,19,38.9,40,15,75.7
EMP01889,36,16,Marketing,Senior,High School,Hybrid,Full-Time,66097.92,49587.87,68951.21,5066.48,2,1460.85,106025.81,32,30.4,22,18,77.9
EMP01890,35,14,Operations,Junior,High School,Office,Full-Time,92783.88,79427.37,105969.63,15019.13,5,8539.92,101403.44,8,34.2,83,17,69.6
EMP01891,45,11,HR,Entry,High School,Hybrid,Part-Time,54312.17,43065.72,61786.45,4729.36,4,5702.53,184273.52,19,38.4,31,3,63.6
EMP01892,56,27,Sales,Senior,Master,Office,Full-Time,130067.53,100000.92,147052.0,10986.84,2,6223.46,59240.95,16,43.9,86,16,74.4
EMP01893,31,11,Operations,Junior,High School,Hybrid,Contract,65219.55,55853.65,73826.59,13030.02,9,9406.17,12244.24,35,33.2,6,19,65.1
EMP01894,35,15,Marketing,Junior,High School,Hybrid,Full-Time,61556.31,55361.61,69537.93,5483.75,9,5811.94,183359.06,2,46.9,74,13,74.7
EMP01895,24,4,Finance,Mid,Bachelor,Hybrid,Full-Time,36427.18,30323.97,40579.08,2353.15,9,553.04,44196.46,12,51.1,54,17,69.5
EMP01896,41,9,Sales,Entry,High School,Hybrid,Contract,52720.78,46606.31,57412.71,6968.55,4,8770.85,76426.57,29,44.3,71,16,74.6
EMP01897,33,13,Operations,Entry,High School,Hybrid,Full-Time,54112.71,45884.54,51671.23,8892.8,8,3205.14,106647.43,10,37.4,42,9,53.6
EMP01898,42,17,Marketing,Junior,PhD,Remote,Full-Time,101323.14,84849.74,98937.06,3295.98,18,5266.79,195200.21,22,33.0,13,12,66.9
EMP01899,39,19,IT,Mid,Master,Hybrid,Full-Time,90210.01,72894.32,88121.32,11853.65,9,2446.42,107518.42,34,30.4,13,3,66.5
EMP01900,54,13,Engineering,Junior,PhD,Hybrid,Full-Time,80898.15,66863.83,77234.12,2138.33,3,3321.34,90100.92,21,48.3,99,9,76.0
EMP01901,34,14,Marketing,Manager,Bachelor,Hybrid,Part-Time,92077.31,75499.63,89622.56,10564.93,6,7023.16,117144.06,37,45.7,40,16,77.1
EMP01902,24,4,IT,Manager,PhD,Office,Full-Time,40261.2,35399.16,45654.16,2667.65,19,4580.95,194190.82,5,41.9,90,5,64.5
EMP01903,47,21,IT,Mid,Diploma,Hybrid,Contract,112856.12,87260.77,122196.19,8486.27,5,6457.74,163770.98,6,32.5,83,19,77.8
EMP01904,49,5,Operations,Junior,Master,Remote,Contract,31985.2,24581.5,32382.29,3328.93,17,8323.97,34624.66,32,35.2,88,13,72.2
EMP01905,48,28,Marketing,Mid,High School,Hybrid,Part-Time,170558.63,150433.16,189093.58,31873.89,19,3737.81,160848.74,3,50.4,92,2,70.7
EMP01906,55,35,Engineering,Junior,PhD,Office,Full-Time,152528.41,131061.51,159800.04,22562.02,3,5899.23,168378.71,10,42.0,13,19,88.1
EMP01907,28,8,Marketing,Junior,PhD,Office,Contract,41679.21,34845.48,40779.99,7862.04,8,7887.08,138448.13,5,54.1,27,18,71.8
EMP01908,36,13,IT,Manager,High School,Hybrid,Part-Time,88223.78,68857.65,99419.41,12245.0,9,7293.67,131789.46,24,55.0,29,12,66.8
EMP01909,56,15,HR,Senior,High School,Hybrid,Full-Time,103787.43,86372.46,105627.83,2208.53,8,5628.51,88734.52,20,50.0,78,18,71.0
EMP01910,50,30,Sales,Entry,Bachelor,Hybrid,Part-Time,116746.93,105999.95,127227.52,7916.06,14,4142.14,128697.38,37,36.5,53,5,80.6
EMP01911,38,18,Finance,Entry,PhD,Hybrid,Full-Time,99579.71,92402.43,100388.18,18226.98,10,4371.27,147777.42,31,35.8,58,20,81.6
EMP01912,22,2,Marketing,Mid,PhD,Office,Part-Time,15000.0,13357.73,15750.21,2037.3,17,4614.78,25441.23,47,36.3,84,20,86.4
EMP01913,33,13,Sales,Entry,Diploma,Hybrid,Part-Time,59361.55,45232.46,66084.28,11676.21,3,3814.03,52208.66,17,54.7,11,8,66.7
EMP01914,24,4,Sales,Manager,Diploma,Office,Contract,52024.59,45994.0,51054.62,2501.01,3,7141.22,39622.29,49,38.4,74,16,73.4
EMP01915,46,19,HR,Senior,PhD,Office,Contract,81499.73,65052.85,93353.89,5983.27,3,1691.44,168401.16,24,47.7,38,2,53.7
EMP01916,45,17,Sales,Junior,Diploma,Remote,Part-Time,80291.51,65281.03,77404.48,6842.94,4,9690.81,136320.52,18,54.0,69,13,75.3
EMP01917,50,2,Marketing,Junior,PhD,Office,Full-Time,23876.0,18842.33,25232.2,1880.96,17,7900.36,90704.93,26,50.5,66,1,54.8
EMP01918,31,11,Operations,Manager,Master,Hybrid,Full-Time,58054.88,52548.44,65788.09,3794.38,14,3332.55,165385.09,42,44.9,14,5,65.9
EMP01919,27,7,Operations,Entry,Bachelor,Hybrid,Full-Time,59053.03,51950.16,67269.6,5894.9,2,904.2,143639.49,7,34.2,97,12,72.0
EMP01920,51,15,Sales,Junior,Diploma,Hybrid,Full-Time,76872.9,67061.38,76597.83,10425.02,12,7257.38,182805.02,43,34.4,3,4,67.4
EMP01921,30,4,Marketing,Entry,PhD,Hybrid,Full-Time,21482.65,18981.95,21027.15,1633.25,5,7476.41,16284.59,14,42.3,97,5,78.2
EMP01922,59,3,Marketing,Manager,Diploma,Remote,Contract,35031.16,27932.25,38354.93,1203.18,2,9654.41,102322.32,41,53.8,43,11,57.1
EMP01923,33,13,IT,Junior,Bachelor,Remote,Part-Time,96135.34,80650.71,92135.6,14183.41,12,2910.2,141642.83,49,52.6,38,10,73.2
EMP01924,51,13,HR,Mid,Master,Remote,Contract,89528.5,78485.22,93740.62,9187.68,9,1285.89,42291.14,2,34.2,69,8,72.4
EMP01925,27,7,Engineering,Senior,High School,Remote,Full-Time,43988.49,38591.93,48795.15,5285.96,9,9193.78,66098.12,30,37.2,85,9,80.5
EMP01926,56,13,Finance,Entry,High School,Office,Part-Time,35512.13,32258.17,37715.7,3621.25,20,2957.17,84376.27,49,44.7,36,7,69.2
EMP01927,40,5,Engineering,Entry,Diploma,Remote,Full-Time,45789.5,36971.39,45221.83,8254.21,1,7354.55,159070.8,17,41.9,57,14,71.1
EMP01928,24,4,IT,Entry,PhD,Office,Full-Time,55489.45,50166.19,58120.14,6690.59,7,1076.27,99221.66,20,33.0,31,11,68.1
EMP01929,27,7,Finance,Entry,Bachelor,Hybrid,Part-Time,73971.47,61990.82,83902.51,13772.74,18,7725.56,99081.14,10,39.2,27,18,74.7
EMP01930,21,1,Engineering,Manager,Master,Office,Full-Time,33607.43,29710.13,36075.65,3760.79,10,1706.75,86746.64,24,53.9,89,18,80.4
EMP01931,33,13,Marketing,Manager,Master,Office,Contract,72918.61,61335.05,79794.7,5298.69,15,7108.07,46489.23,44,53.8,3,8,56.6
EMP01932,42,13,Operations,Manager,Master,Remote,Contract,68193.68,64083.1,69370.21,5726.88,9,5557.26,184691.24,12,44.0,9,2,55.9
EMP01933,41,6,IT,Manager,High School,Hybrid,Contract,62163.05,48851.48,61398.24,7085.55,11,9577.14,64242.42,27,45.9,26,7,72.1
EMP01934,42,22,Engineering,Junior,Bachelor,Hybrid,Full-Time,129811.49,114883.3,129957.97,14980.0,1,850.72,113925.67,15,35.5,83,5,57.4
EMP01935,48,14,Sales,Manager,High School,Remote,Contract,77814.91,67333.79,82222.0,11183.62,11,3274.46,30607.17,9,48.5,35,14,69.0
EMP01936,29,9,Sales,Junior,Diploma,Office,Full-Time,59477.28,46662.68,59836.76,3592.97,1,1160.33,87414.44,18,31.3,4,14,65.7
EMP01937,46,26,Finance,Mid,Master,Remote,Full-Time,136921.2,104498.43,144916.43,18976.15,5,8852.38,180856.9,48,35.5,80,3,70.3
EMP01938,29,4,Marketing,Manager,Bachelor,Office,Contract,39933.97,36333.08,43590.26,6395.26,18,6142.06,199097.58,7,30.1,49,6,71.2
EMP01939,35,15,Operations,Mid,Master,Remote,Contract,57102.21,44624.82,62634.22,8096.33,1,5582.21,72988.62,28,39.6,31,17,75.2
EMP01940,30,10,Finance,Manager,High School,Remote,Full-Time,55329.94,43561.33,54385.84,5905.31,10,1748.85,31644.12,46,51.3,98,8,65.7
EMP01941,44,13,Engineering,Mid,High School,Hybrid,Full-Time,95789.85,90587.21,105377.09,19014.53,13,5145.81,63575.85,36,54.6,22,20,67.8
EMP01942,28,8,Engineering,Senior,High School,Hybrid,Full-Time,58689.32,52436.1,63650.78,5450.26,8,4287.68,66121.11,3,46.7,76,3,64.2
EMP01943,44,24,Operations,Mid,Master,Hybrid,Full-Time,108551.58,86851.84,103384.64,4253.74,13,3499.64,129257.25,44,48.6,60,15,85.5
EMP01944,36,16,Engineering,Junior,Bachelor,Remote,Contract,69194.89,60074.29,66549.87,11615.8,20,7835.8,99735.19,16,36.6,0,5,62.5
EMP01945,46,26,HR,Entry,Bachelor,Hybrid,Full-Time,159366.63,136548.89,171996.42,9274.54,2,1082.12,153923.49,36,43.0,30,19,77.8
EMP01946,47,16,Operations,Mid,Diploma,Hybrid,Full-Time,103797.32,95378.8,106572.94,15402.63,12,6643.51,140559.35,4,48.4,18,2,56.0
EMP01947,57,27,Sales,Entry,Master,Remote,Full-Time,162372.3,145463.52,158998.33,8478.39,13,8318.43,51010.44,35,42.4,86,8,78.6
EMP01948,24,4,Engineering,Senior,Diploma,Hybrid,Full-Time,38854.22,35603.84,37256.5,895.12,8,9119.42,157066.88,9,32.2,53,9,64.8
EMP01949,44,22,Engineering,Senior,Diploma,Office,Full-Time,148482.7,117643.04,145792.14,7240.57,15,7586.21,169644.91,46,48.5,33,5,62.1
EMP01950,39,19,IT,Junior,Diploma,Hybrid,Part-Time,79780.6,70050.86,91069.77,7009.36,7,3183.33,120079.65,12,35.5,3,3,69.0
EMP01951,56,12,IT,Junior,Diploma,Office,Part-Time,86124.09,65286.21,94350.07,3375.31,7,6204.82,185605.87,10,32.4,47,12,80.1
EMP01952,59,19,IT,Mid,High School,Hybrid,Part-Time,99327.49,75865.16,104844.25,5520.84,17,1843.33,156806.68,46,42.0,47,3,65.7
EMP01953,30,10,Operations,Manager,Diploma,Remote,Contract,31243.55,27891.28,35564.78,4925.01,19,1612.08,119483.79,44,31.9,48,19,74.3
EMP01954,45,4,Sales,Senior,Bachelor,Remote,Full-Time,34429.49,25990.27,36971.14,5459.8,3,6566.93,181327.03,44,45.7,59,16,60.2
EMP01955,38,8,Operations,Entry,Diploma,Hybrid,Contract,39282.17,34016.52,43019.05,6565.93,7,8585.52,120471.34,2,46.0,43,16,73.8
EMP01956,39,19,Marketing,Manager,High School,Office,Full-Time,118307.69,108616.05,119080.29,20278.88,12,1138.86,104717.03,19,36.4,33,1,66.1
EMP01957,56,5,Sales,Senior,PhD,Hybrid,Part-Time,62040.16,51244.45,66246.26,5935.91,14,1507.04,71895.41,13,54.1,93,17,69.6
EMP01958,30,10,Sales,Mid,PhD,Remote,Full-Time,74128.44,56261.12,72549.17,13058.39,2,5873.27,176689.8,42,50.6,55,20,68.2
EMP01959,53,30,Operations,Senior,PhD,Hybrid,Contract,103888.81,92748.76,107098.62,11912.79,7,2573.01,25422.71,33,32.7,73,3,85.9
EMP01960,25,5,Operations,Junior,Master,Remote,Contract,32162.85,30102.41,30768.53,3367.69,16,6312.27,95227.04,1,48.7,5,17,67.5
EMP01961,55,1,IT,Entry,Bachelor,Office,Full-Time,43224.54,38618.29,42936.05,6455.0,9,2538.17,107945.25,28,38.8,75,17,62.0
EMP01962,54,4,Sales,Entry,High School,Office,Contract,22612.16,19575.11,21820.14,1322.52,1,1606.58,111395.07,40,48.8,75,16,75.2
EMP01963,53,26,IT,Junior,PhD,Remote,Part-Time,119156.98,94849.64,122440.44,19316.48,12,5682.96,130726.08,6,50.0,81,6,75.3
EMP01964,41,21,Marketing,Manager,High School,Office,Full-Time,120195.33,90516.12,134451.35,11695.47,2,8690.85,101653.33,3,33.8,35,18,76.3
EMP01965,37,7,HR,Junior,High School,Remote,Part-Time,44374.7,39446.2,45510.11,1904.26,18,7008.66,52106.81,45,46.5,34,14,72.9
EMP01966,42,0,IT,Entry,Master,Remote,Part-Time,15000.0,11943.08,16744.92,622.14,14,8277.89,171531.93,25,51.6,24,20,47.6
EMP01967,57,19,Operations,Mid,PhD,Remote,Contract,72932.9,67217.34,78862.33,3623.54,12,3030.18,131847.54,44,38.1,48,8,56.3
EMP01968,35,15,Engineering,Manager,Diploma,Hybrid,Full-Time,112194.75,94610.79,118018.32,20229.06,18,8916.8,171779.37,16,32.0,54,19,84.8
EMP01969,55,31,Finance,Senior,High School,Office,Part-Time,137991.69,118138.43,137629.92,27373.25,5,4081.87,55932.65,43,30.7,40,9,74.1
EMP01970,48,10,HR,Mid,PhD,Hybrid,Part-Time,51074.02,46006.83,57939.97,4303.26,7,8598.25,127774.32,4,32.8,56,18,69.1
EMP01971,27,7,Marketing,Manager,High School,Hybrid,Full-Time,40495.91,36684.68,38910.1,2939.43,4,4976.17,143120.58,8,30.1,21,1,46.5
EMP01972,52,10,Engineering,Entry,Master,Office,Contract,49138.17,43169.36,53451.64,2917.76,13,3044.65,77297.63,39,38.2,93,17,75.7
EMP01973,31,11,Operations,Entry,Master,Hybrid,Part-Time,42143.32,39517.22,45272.38,7092.17,16,2972.46,162636.58,16,37.5,43,4,64.0
EMP01974,30,10,HR,Mid,Diploma,Remote,Full-Time,75302.33,71270.62,78179.51,4341.73,16,5892.84,1499.25,44,32.8,28,16,78.5
EMP01975,29,9,Operations,Manager,Master,Hybrid,Full-Time,58031.92,54513.86,57919.58,10813.45,19,1250.6,119389.03,38,46.3,70,12,71.1
EMP01976,34,14,IT,Senior,PhD,Remote,Part-Time,80283.4,73446.13,83184.78,11249.56,4,9335.53,123100.13,23,54.8,47,13,67.7
EMP01977,33,13,Engineering,Senior,Master,Office,Part-Time,70191.81,62549.68,78934.52,12738.62,20,3078.9,107234.78,6,52.5,2,2,60.9
EMP01978,45,2,Operations,Junior,Diploma,Hybrid,Part-Time,32786.41,28939.42,36634.0,3925.25,20,3688.44,126379.65,43,36.3,84,12,73.9
EMP01979,22,0,Engineering,Mid,Bachelor,Office,Contract,15000.0,11561.25,17074.14,2164.84,1,2716.36,34278.14,44,49.2,44,10,66.8
EMP01980,55,0,Marketing,Manager,High School,Remote,Contract,35894.17,28869.57,36309.06,4720.17,13,528.58,137271.51,16,53.4,19,15,66.4
EMP01981,27,7,Finance,Mid,High School,Hybrid,Full-Time,29674.95,22289.97,30488.66,5033.32,20,7079.23,67822.0,16,52.7,72,5,64.7
EMP01982,41,1,IT,Senior,PhD,Remote,Full-Time,17563.61,13655.39,16751.21,2993.8,20,6110.25,90958.69,23,52.1,35,1,49.9
EMP01983,38,18,IT,Manager,Diploma,Remote,Part-Time,107448.81,90025.54,122340.14,13556.04,9,8191.62,67288.76,16,49.7,59,8,62.1
EMP01984,23,3,Engineering,Entry,Diploma,Remote,Full-Time,15000.0,11689.61,15238.17,2007.77,10,889.6,95313.3,36,37.3,77,18,61.9
EMP01985,59,5,Marketing,Entry,Diploma,Office,Contract,40579.43,37752.37,41830.6,7545.24,6,9322.23,124692.28,12,32.1,17,6,60.8
EMP01986,31,7,Marketing,Manager,High School,Office,Full-Time,35693.61,32521.87,40389.49,6688.12,7,3643.43,167830.35,37,42.2,96,1,65.4
EMP01987,59,28,HR,Mid,Master,Office,Full-Time,154947.39,118429.76,163519.03,21625.23,16,9174.16,97203.58,9,31.4,65,14,86.7
EMP01988,44,24,Finance,Mid,High School,Hybrid,Part-Time,117050.87,93615.26,124452.57,2504.39,17,1517.75,65321.54,18,55.0,100,10,80.9
EMP01989,39,2,Operations,Entry,High School,Remote,Part-Time,43987.97,40196.84,43339.0,1706.47,1,7567.25,98100.43,9,39.0,30,4,63.6
EMP01990,24,4,HR,Entry,High School,Office,Contract,39866.67,36302.95,41849.31,6953.93,9,6003.9,138071.93,48,54.0,85,18,70.5
EMP01991,46,4,Operations,Senior,Master,Remote,Full-Time,27209.63,25552.29,30845.97,959.1,14,3902.82,69993.44,21,49.3,8,19,71.3
EMP01992,58,26,Operations,Manager,Bachelor,Office,Full-Time,109464.92,103937.98,116223.67,6396.41,15,1251.85,83442.13,1,40.3,19,8,63.1
EMP01993,52,11,Operations,Mid,PhD,Remote,Full-Time,75209.54,71092.12,75286.5,4625.27,4,6245.0,113005.12,23,33.0,19,12,65.0
EMP01994,59,19,HR,Senior,Bachelor,Office,Part-Time,83550.04,69515.94,79893.57,10697.94,8,751.18,59507.84,5,35.9,46,10,57.4
EMP01995,56,19,IT,Mid,Bachelor,Office,Contract,59178.59,47346.76,60200.04,7325.95,15,5262.18,42607.85,19,46.8,0,13,68.8
EMP01996,60,8,Marketing,Entry,High School,Office,Full-Time,55799.45,50313.36,59399.52,4022.87,4,6239.98,28938.06,35,50.7,93,7,74.9
EMP01997,57,3,IT,Manager,Bachelor,Office,Full-Time,23377.04,18932.01,22407.43,1341.14,19,7458.98,71169.39,33,54.5,82,17,70.5
EMP01998,53,18,Finance,Junior,High School,Remote,Full-Time,74240.55,67653.93,79582.79,11701.48,3,9917.68,10620.24,46,33.3,99,12,80.4
EMP01999,56,26,HR,Manager,High School,Office,Full-Time,91860.95,78705.63,96884.16,17304.96,8,2970.89,117113.02,18,33.9,13,6,70.2
EMP02000,23,3,Finance,Junior,PhD,Office,Contract,52621.99,47822.1,58236.08,1552.61,2,3562.7,36005.96,40,31.1,0,7,52.4
EMP02001,29,9,Marketing,Senior,Diploma,Office,Contract,82624.59,66527.33,78970.73,3633.21,8,3740.88,76101.56,14,36.5,68,13,67.7
EMP02002,28,8,Marketing,Junior,High School,Remote,Contract,76471.47,65123.52,84590.41,10368.73,8,7450.04,54575.34,20,50.5,9,14,72.8
EMP02003,53,27,Sales,Junior,Bachelor,Office,Part-Time,122168.92,105407.93,128787.47,20133.37,17,9352.28,126447.6,13,35.0,72,13,83.4
EMP02004,26,6,Finance,Senior,PhD,Remote,Full-Time,67735.75,63578.24,69368.58,11001.23,16,9756.08,170218.79,16,43.7,48,6,56.7
EMP02005,59,18,IT,Manager,Bachelor,Hybrid,Full-Time,90631.27,72805.86,103598.48,13553.27,16,9485.21,127026.91,41,41.2,13,19,63.6
EMP02006,24,4,Engineering,Senior,Diploma,Remote,Full-Time,26444.84,24787.74,25969.46,4753.12,16,8854.14,108958.48,31,38.1,59,13,67.3
EMP02007,33,7,Finance,Entry,Master,Hybrid,Full-Time,58305.77,53114.91,61702.96,3447.2,7,9914.29,134147.66,39,45.5,81,9,62.2
EMP02008,22,2,HR,Entry,Diploma,Office,Contract,25388.15,22752.32,25748.57,998.07,15,4071.48,6968.14,35,42.6,41,11,60.7
EMP02009,25,5,Marketing,Junior,PhD,Office,Part-Time,25968.0,23562.69,27409.16,3395.71,17,9509.05,25446.09,20,38.4,58,10,54.0
EMP02010,47,22,Marketing,Senior,Diploma,Remote,Part-Time,119135.01,103776.72,126337.33,20015.83,3,7729.69,19890.52,1,47.2,24,3,72.3
EMP02011,52,12,Finance,Senior,Diploma,Office,Full-Time,62879.44,50229.11,60860.36,7845.33,1,2100.37,20541.24,40,37.0,35,19,71.4
EMP02012,41,21,Finance,Senior,PhD,Office,Contract,138957.76,109484.68,150383.84,26866.03,8,931.92,52836.26,46,46.1,94,7,73.3
EMP02013,28,8,Operations,Manager,PhD,Remote,Part-Time,77741.71,71776.46,83719.76,12687.57,7,2537.6,106878.4,13,53.9,34,5,54.4
EMP02014,58,19,Finance,Mid,Bachelor,Office,Part-Time,66645.88,59649.92,73569.96,9739.8,18,7898.14,23821.63,7,48.2,90,15,75.3
EMP02015,28,8,Operations,Mid,High School,Hybrid,Full-Time,47615.72,37742.16,46098.29,1468.77,5,6501.12,187088.13,45,40.5,85,2,63.1
EMP02016,23,3,HR,Mid,Master,Hybrid,Part-Time,41984.42,36653.18,42381.24,1653.92,15,2631.38,170997.1,22,48.7,10,11,55.7
EMP02017,23,3,HR,Manager,Master,Office,Full-Time,39303.06,32995.28,42448.17,6338.43,7,7548.25,194357.23,7,50.2,9,6,54.9
EMP02018,42,22,IT,Senior,Master,Office,Contract,117377.17,91757.37,114718.12,6535.89,10,1842.56,9457.51,20,38.1,7,5,74.8
EMP02019,26,6,Finance,Mid,Diploma,Hybrid,Full-Time,49325.3,42240.78,53543.58,1242.52,16,8307.49,170429.09,37,47.6,91,20,62.0
EMP02020,22,2,IT,Senior,PhD,Office,Part-Time,48894.93,39424.17,47027.4,8993.58,2,8044.53,160943.08,36,40.9,22,7,59.0
EMP02021,43,23,Engineering,Junior,PhD,Hybrid,Full-Time,94641.67,72803.0,96249.29,17068.15,18,9739.47,180519.07,4,50.5,5,4,59.2
EMP02022,22,2,Sales,Mid,PhD,Remote,Full-Time,39618.18,33413.64,44346.3,2350.43,15,1927.66,106060.89,6,37.4,77,5,70.0
EMP02023,58,10,HR,Junior,High School,Hybrid,Full-Time,62640.75,54373.53,69209.15,10049.9,19,9112.82,157789.93,46,53.4,87,5,64.2
EMP02024,37,17,Marketing,Manager,PhD,Office,Full-Time,74934.92,56904.18,80851.19,2145.86,20,3740.48,11206.09,3,44.4,63,10,63.2
EMP02025,55,18,Operations,Entry,PhD,Office,Full-Time,86293.15,71659.43,97001.41,6153.6,14,4452.57,16099.68,3,38.8,72,18,75.9
EMP02026,54,5,Sales,Manager,Diploma,Hybrid,Full-Time,31346.9,25125.55,34226.23,4145.94,2,4950.23,24587.92,3,40.5,45,2,59.9
EMP02027,43,23,Marketing,Manager,Bachelor,Hybrid,Part-Time,98806.8,74710.8,104130.02,15549.45,18,6455.59,183042.98,36,38.7,37,15,94.4
EMP02028,50,0,Sales,Manager,Master,Office,Full-Time,26200.74,20309.04,30024.57,573.06,9,9950.25,13172.7,9,33.7,24,9,43.5
EMP02029,28,8,IT,Mid,Diploma,Office,Part-Time,91194.64,70931.82,99308.34,7178.62,1,6199.61,20929.76,16,31.7,93,2,54.4
EMP02030,42,7,IT,Junior,Diploma,Office,Full-Time,39899.42,31383.88,42703.29,2337.4,16,9303.8,186151.67,16,38.0,85,3,71.5
EMP02031,56,6,Operations,Mid,Diploma,Remote,Contract,35073.53,31940.6,36187.96,7007.01,12,2922.77,22371.12,12,41.5,1,20,56.5
EMP02032,25,5,HR,Entry,Master,Remote,Full-Time,64078.16,53690.99,72439.24,9020.72,12,4284.91,174081.5,38,39.0,88,2,61.0
EMP02033,33,3,Engineering,Manager,Diploma,Hybrid,Part-Time,51328.15,40006.04,51797.38,4774.59,19,5292.75,158064.89,20,30.3,23,2,51.4
EMP02034,49,24,Operations,Senior,Bachelor,Hybrid,Part-Time,106157.45,81747.54,101045.32,3568.74,10,3567.57,9016.12,31,44.5,100,19,78.8
EMP02035,51,11,Engineering,Entry,PhD,Remote,Contract,60350.06,48858.69,59707.22,7710.36,20,9780.24,5347.63,30,33.6,66,14,69.4
EMP02036,36,16,Marketing,Junior,Bachelor,Remote,Full-Time,105648.57,96098.27,102680.22,14316.04,5,7393.99,107343.29,21,35.3,89,18,75.4
EMP02037,50,11,Sales,Entry,PhD,Hybrid,Contract,56385.39,46399.08,57163.44,9413.71,3,5049.37,199437.91,3,33.0,93,1,71.0
EMP02038,36,16,Operations,Mid,PhD,Remote,Full-Time,88057.93,68859.5,98200.07,6335.23,9,7637.39,175887.2,21,43.0,92,7,79.6
EMP02039,32,12,Engineering,Senior,Diploma,Hybrid,Full-Time,52583.4,43687.51,56806.16,10340.9,15,4940.7,62695.06,28,32.4,70,8,70.2
EMP02040,37,12,Finance,Mid,Diploma,Office,Part-Time,83615.53,71998.18,82260.63,8286.62,14,663.64,77875.54,28,36.4,60,12,67.5
EMP02041,36,16,Finance,Manager,Master,Hybrid,Contract,95567.4,72241.01,105866.16,7002.21,11,5660.34,78193.29,5,41.3,8,4,63.2
EMP02042,32,3,HR,Manager,High School,Remote,Contract,15000.0,13132.93,15762.66,1240.81,13,6439.26,147101.58,7,34.2,44,7,65.6
EMP02043,28,8,Engineering,Entry,Bachelor,Remote,Part-Time,57898.14,47998.72,60940.28,6572.91,7,9821.47,68885.42,5,41.2,93,18,81.1
EMP02044,40,20,Operations,Manager,Master,Remote,Part-Time,93086.77,69996.15,95174.0,17556.75,2,887.53,30411.62,9,38.6,15,18,76.4
EMP02045,23,3,Marketing,Manager,Master,Hybrid,Contract,44700.02,39549.59,50194.69,6809.09,3,5364.92,149674.37,47,51.5,13,10,70.2
EMP02046,36,10,Finance,Junior,Bachelor,Remote,Part-Time,59374.12,52990.07,60185.5,7355.25,20,1432.47,92145.11,21,49.9,25,10,59.7
EMP02047,50,27,HR,Junior,Bachelor,Hybrid,Full-Time,76391.74,66901.44,74010.46,3766.56,8,1915.46,16278.97,20,54.8,45,6,79.3
EMP02048,43,22,Operations,Mid,PhD,Office,Contract,112895.04,92391.73,114085.61,5292.93,1,6299.4,158220.4,38,43.2,100,12,82.3
EMP02049,48,22,HR,Mid,High School,Office,Contract,119996.25,102707.3,131164.38,13247.04,4,2699.89,117476.94,40,44.4,57,10,68.3
EMP02050,60,27,Marketing,Junior,Diploma,Remote,Part-Time,147000.05,121632.47,158982.96,22221.64,13,7617.15,98384.5,37,53.7,73,13,80.1
EMP02051,25,5,Finance,Entry,High School,Hybrid,Full-Time,28750.9,25591.87,28394.48,4461.63,14,5384.89,134995.29,17,40.0,29,12,65.3
EMP02052,40,20,Finance,Junior,High School,Hybrid,Contract,85714.5,74290.13,83345.08,5199.83,9,2573.02,101568.17,42,43.9,85,19,79.1
EMP02053,60,28,Finance,Mid,Diploma,Remote,Contract,134917.11,103395.05,146003.68,5129.27,3,5191.02,130035.61,28,39.5,55,1,68.0
EMP02054,21,1,Engineering,Senior,High School,Hybrid,Full-Time,39282.74,34514.55,42632.59,3504.14,14,508.38,173630.22,31,43.6,93,1,48.0
EMP02055,50,30,IT,Manager,Master,Remote,Part-Time,132275.98,117388.01,135348.74,24506.91,4,8696.03,123089.36,33,32.0,31,11,70.4
EMP02056,41,21,Engineering,Senior,Master,Remote,Part-Time,114920.25,94710.43,128545.23,13579.68,17,620.44,132260.5,32,49.6,77,18,77.6
EMP02057,40,13,Finance,Senior,Diploma,Office,Part-Time,65599.74,60690.07,75153.75,5091.72,15,566.59,123157.36,32,54.6,22,2,55.7
EMP02058,26,6,Sales,Manager,Diploma,Remote,Part-Time,51375.51,47193.69,50919.76,4020.38,12,6309.29,106704.78,48,31.6,16,6,52.5
EMP02059,42,22,IT,Junior,Bachelor,Hybrid,Full-Time,93312.45,73253.38,99416.36,4084.81,14,9748.45,35222.51,23,50.0,99,16,87.5
EMP02060,38,18,Operations,Entry,Bachelor,Remote,Full-Time,90069.3,83841.3,85662.14,9473.51,19,8631.37,67799.85,21,36.0,92,1,66.3
EMP02061,28,8,Engineering,Senior,High School,Office,Contract,70045.36,58710.23,76532.32,11378.54,10,2894.18,138928.68,25,34.9,23,9,77.3
EMP02062,59,16,IT,Entry,High School,Office,Contract,85703.26,76682.99,88519.17,16655.62,5,2368.33,85669.75,33,47.3,46,15,73.7
EMP02063,52,2,IT,Mid,Diploma,Hybrid,Full-Time,53565.82,48895.92,52958.05,5907.62,17,6448.07,81819.67,3,31.1,10,16,70.3
EMP02064,53,15,Engineering,Senior,High School,Remote,Contract,94571.01,80482.06,104070.14,4737.88,17,8315.06,152094.59,6,41.6,40,14,69.0
EMP02065,36,16,Engineering,Mid,PhD,Hybrid,Full-Time,110571.49,91754.47,122969.84,15804.1,3,3939.75,2108.2,49,30.0,14,7,59.4
EMP02066,32,12,IT,Junior,Master,Hybrid,Part-Time,58926.63,54983.87,57290.44,9205.66,16,4607.37,136119.9,28,43.9,85,1,65.3
EMP02067,58,14,HR,Senior,High School,Remote,Full-Time,68681.72,54682.37,65810.76,2260.04,9,1597.15,98356.08,2,41.6,90,16,84.5
EMP02068,54,24,Sales,Mid,High School,Office,Full-Time,127475.64,102158.22,129619.23,22056.48,17,1951.85,75975.75,32,52.9,51,9,71.8
EMP02069,34,14,Marketing,Mid,Bachelor,Hybrid,Contract,57556.73,47330.29,61884.89,9743.09,20,5899.34,68766.79,26,48.0,33,11,70.5
EMP02070,56,24,Finance,Junior,PhD,Hybrid,Full-Time,100895.9,93015.24,111861.67,10599.86,12,1475.23,35402.22,5,33.2,59,10,75.5
EMP02071,53,6,Engineering,Entry,High School,Office,Part-Time,51483.1,48278.67,54531.55,6223.07,2,2419.44,67516.16,11,38.9,56,11,64.5
EMP02072,43,21,IT,Entry,Master,Remote,Part-Time,111729.21,88714.51,119120.07,16582.12,20,2729.43,78892.28,10,53.3,32,6,66.9
EMP02073,22,2,Marketing,Senior,High School,Remote,Contract,27687.88,25549.66,30732.77,3926.55,16,4717.28,88052.33,15,48.1,20,2,47.0
EMP02074,41,17,Engineering,Junior,Diploma,Remote,Contract,105151.61,84293.8,111015.78,2416.01,6,933.31,134787.83,18,44.9,23,18,72.9
EMP02075,22,2,HR,Senior,PhD,Office,Full-Time,39920.14,37689.73,42803.61,1678.18,2,5247.82,91260.63,49,44.0,19,12,65.5
EMP02076,47,9,Marketing,Entry,High School,Hybrid,Contract,82426.86,71668.64,86815.55,4060.87,9,9322.41,159460.58,14,40.0,67,14,71.7
EMP02077,29,6,IT,Junior,PhD,Office,Part-Time,43426.9,32631.72,48902.67,6775.54,5,732.4,128307.86,28,44.6,100,8,67.9
EMP02078,21,1,Operations,Manager,High School,Hybrid,Contract,36056.5,27288.49,35952.05,3577.35,18,6494.36,38729.82,30,49.3,100,4,66.4
EMP02079,31,11,Sales,Junior,Master,Hybrid,Contract,57199.97,44587.2,57360.06,6760.49,18,8440.5,56157.46,13,33.2,59,18,74.2
EMP02080,23,0,Marketing,Junior,Master,Remote,Part-Time,15000.0,11812.72,14633.88,2386.26,10,3468.38,16770.59,20,54.2,45,13,62.8
EMP02081,43,23,Engineering,Manager,PhD,Remote,Full-Time,136147.93,123012.9,151654.27,11079.28,10,1749.43,189198.63,2,36.0,32,14,79.0
EMP02082,46,3,IT,Mid,Bachelor,Remote,Full-Time,29866.18,23730.27,30832.51,4623.29,10,911.73,177423.55,25,41.2,30,20,68.9
EMP02083,24,4,Engineering,Mid,Bachelor,Office,Contract,50811.66,47957.48,51806.49,5061.55,18,6617.08,17874.45,44,30.6,33,15,63.5
EMP02084,38,3,IT,Mid,Diploma,Remote,Part-Time,28327.3,24849.34,32470.73,2489.76,16,5746.23,115241.13,43,43.8,21,20,70.5
EMP02085,26,6,Finance,Entry,Bachelor,Office,Part-Time,39409.62,35015.58,44744.13,3150.67,6,2678.3,192119.96,12,39.5,29,19,68.4
EMP02086,55,3,Operations,Junior,PhD,Remote,Part-Time,38570.77,30608.35,44140.3,7470.78,12,8400.36,149681.42,25,36.2,4,14,59.6
EMP02087,42,0,Finance,Manager,Bachelor,Remote,Full-Time,37923.58,35213.61,37106.7,6028.15,4,7487.31,98870.63,4,54.6,40,12,62.7
EMP02088,35,6,Operations,Entry,Diploma,Remote,Part-Time,41749.31,36888.14,47103.67,986.76,20,3126.07,48979.49,42,40.7,44,15,68.2
EMP02089,42,22,Sales,Manager,High School,Office,Part-Time,116121.42,107166.26,117949.39,22334.19,16,7656.95,56528.38,12,40.4,86,6,64.4
EMP02090,57,8,Finance,Entry,Bachelor,Hybrid,Full-Time,40635.89,38250.41,38706.96,6484.64,11,2827.45,147511.35,7,41.6,60,19,74.4
EMP02091,32,12,Sales,Entry,PhD,Office,Part-Time,87681.72,67964.57,90159.58,4108.02,1,6915.04,156334.48,38,32.9,12,2,71.3
EMP02092,58,7,Engineering,Entry,PhD,Office,Full-Time,36606.87,28162.3,38504.54,1235.15,5,1626.18,106209.97,40,39.8,8,6,51.5
EMP02093,38,18,HR,Manager,Diploma,Office,Contract,97555.18,88841.7,94788.91,7362.97,17,7076.27,25068.79,32,38.4,77,11,69.3
EMP02094,55,18,HR,Senior,Diploma,Hybrid,Contract,82023.43,75726.1,86742.69,10856.02,11,2768.36,186839.81,43,41.6,80,1,85.6
EMP02095,50,30,Operations,Entry,Master,Office,Contract,127249.17,110293.51,141741.93,16666.89,14,5938.46,169107.78,6,51.4,34,9,68.3
EMP02096,44,24,Operations,Mid,Master,Remote,Contract,98206.36,80843.49,100713.59,6840.37,9,2138.41,28967.22,27,34.8,17,13,81.5
EMP02097,50,30,Finance,Junior,Master,Hybrid,Contract,114420.27,100750.02,116769.2,11467.37,10,7396.69,12288.79,35,45.2,11,9,70.6
EMP02098,34,13,HR,Senior,High School,Office,Full-Time,69302.89,56213.85,70533.86,4029.29,4,1078.36,107637.67,21,30.9,40,15,70.6
EMP02099,26,6,Marketing,Senior,PhD,Office,Full-Time,49619.06,39579.99,56298.73,1444.12,2,2071.47,57544.38,20,37.9,15,18,65.9
EMP02100,23,3,Marketing,Manager,Master,Hybrid,Full-Time,37628.09,31894.66,36113.62,4254.03,6,2249.3,57366.69,19,41.8,93,4,64.7
EMP02101,36,16,Engineering,Senior,PhD,Office,Part-Time,61595.63,48859.54,63998.79,5079.08,3,892.76,18357.1,33,31.9,12,4,50.7
EMP02102,27,7,Marketing,Manager,Diploma,Hybrid,Contract,52410.78,44378.34,52563.81,6169.74,13,7577.62,190723.78,4,43.6,17,12,64.6
EMP02103,34,14,Engineering,Manager,High School,Remote,Part-Time,83627.84,78720.67,94395.88,15920.34,12,9819.05,166203.13,19,37.8,75,9,66.5
EMP02104,29,9,HR,Mid,Diploma,Office,Part-Time,68751.16,63110.59,66634.34,3149.26,18,7894.78,23653.08,49,54.8,97,18,61.8
EMP02105,35,3,Marketing,Entry,PhD,Office,Part-Time,41355.85,38805.28,42691.17,841.72,6,8676.0,175443.15,28,45.8,50,6,67.5
EMP02106,41,16,Sales,Senior,Master,Remote,Contract,96398.08,87844.27,99421.43,3261.93,10,557.07,136908.26,22,36.1,32,17,57.7
EMP02107,55,25,IT,Entry,Diploma,Office,Part-Time,102010.6,83745.62,115035.2,10536.42,6,1619.76,65762.79,24,32.6,69,17,95.0
EMP02108,22,2,Operations,Entry,Bachelor,Office,Contract,36657.14,33446.31,36404.16,5397.68,5,5810.69,174378.86,46,31.0,81,13,70.9
EMP02109,47,27,Finance,Entry,High School,Hybrid,Contract,111250.99,103973.3,120037.49,13854.91,15,9789.75,120006.42,30,32.3,66,12,67.7
EMP02110,22,2,Engineering,Manager,PhD,Office,Contract,29750.75,27948.06,29062.95,3245.24,15,6776.77,169885.3,29,47.0,53,14,74.4
EMP02111,55,21,Sales,Entry,Master,Remote,Part-Time,115135.72,102083.89,131346.27,9638.4,12,4054.3,94384.32,10,51.4,5,8,61.2
EMP02112,38,10,Marketing,Senior,Diploma,Office,Contract,66826.77,52945.06,71411.28,5065.16,9,1888.42,100629.56,32,33.9,35,15,63.4
EMP02113,34,1,IT,Manager,High School,Hybrid,Contract,27008.24,20470.78,29040.65,2369.47,13,1951.94,58911.0,9,40.1,54,9,48.5
EMP02114,40,11,Finance,Senior,Master,Remote,Full-Time,91576.01,71378.01,94941.86,11913.52,16,3946.16,78150.85,25,38.9,49,1,54.1
EMP02115,38,18,Sales,Manager,Diploma,Remote,Part-Time,77376.38,72974.39,78804.48,3883.96,2,7281.2,113982.66,16,46.1,85,17,72.5
EMP02116,30,10,Finance,Junior,PhD,Remote,Full-Time,66915.49,56370.9,66415.98,10629.2,17,802.28,189464.79,15,34.6,70,10,73.3
EMP02117,45,17,Engineering,Junior,Bachelor,Remote,Full-Time,56364.8,51911.82,60355.29,6963.62,9,8595.69,120423.43,48,53.8,93,5,77.6
EMP02118,22,2,Engineering,Junior,Bachelor,Hybrid,Part-Time,31577.43,26620.05,36027.08,2161.42,19,9444.74,30328.26,18,48.2,65,11,55.2
EMP02119,45,6,Operations,Junior,PhD,Hybrid,Full-Time,40399.57,35639.03,41286.68,4452.34,6,8943.76,2392.24,23,53.9,95,3,64.6
EMP02120,53,0,HR,Manager,High School,Hybrid,Contract,26443.13,19960.02,29791.65,5111.46,4,9173.76,170346.58,42,36.9,14,2,39.6
EMP02121,56,25,Engineering,Entry,PhD,Hybrid,Full-Time,141073.53,112855.01,138217.53,3341.82,15,645.72,73500.76,3,44.7,21,4,68.9
EMP02122,51,22,Marketing,Mid,Diploma,Office,Full-Time,129667.08,108564.26,147460.67,7250.21,18,9789.03,63678.22,7,48.3,48,2,81.4
EMP02123,34,14,Sales,Mid,High School,Hybrid,Contract,57950.05,50771.55,59114.68,5836.06,12,3980.39,160345.49,39,47.8,37,1,48.2
EMP02124,21,1,Sales,Junior,Bachelor,Office,Full-Time,34271.66,26879.41,35160.85,4623.9,12,8758.17,189127.5,11,30.5,7,9,50.3
EMP02125,36,5,IT,Entry,Diploma,Remote,Contract,26694.74,24102.95,27831.09,1553.66,20,2274.68,149860.97,24,55.0,7,3,60.3
EMP02126,23,3,IT,Senior,Master,Office,Part-Time,34613.29,28482.62,37854.79,6495.28,17,4741.99,35595.62,35,53.2,99,6,69.5
EMP02127,55,23,IT,Entry,Master,Office,Full-Time,77431.37,70732.56,84704.55,10504.57,7,919.56,78884.28,50,33.0,83,14,71.4
EMP02128,26,6,Finance,Senior,Master,Office,Part-Time,55531.86,42736.97,58081.75,9881.21,20,880.72,152120.31,25,43.6,36,1,66.9
EMP02129,45,18,Marketing,Mid,Bachelor,Hybrid,Full-Time,59071.4,52334.38,62298.5,4683.02,5,9461.12,181478.24,28,37.9,71,12,67.4
EMP02130,33,13,Finance,Entry,PhD,Hybrid,Contract,87273.26,70574.89,83433.42,14767.66,12,8200.76,199721.41,12,52.0,77,16,85.6
EMP02131,54,30,Marketing,Entry,High School,Remote,Full-Time,172866.18,157148.61,174743.39,15225.96,17,5533.35,102800.62,23,47.4,83,20,88.9
EMP02132,28,8,Sales,Mid,Bachelor,Hybrid,Part-Time,31828.54,26431.5,32439.76,2084.62,2,5491.85,164682.44,17,35.6,98,19,84.0
EMP02133,41,21,Engineering,Entry,Diploma,Office,Contract,95374.56,84222.41,101263.51,17558.26,4,7613.17,10279.7,41,30.8,24,18,77.6
EMP02134,54,9,Engineering,Senior,Diploma,Hybrid,Contract,79452.93,74436.36,84352.0,2907.92,2,3745.85,57879.13,37,37.3,81,14,75.4
EMP02135,24,4,Finance,Entry,Master,Hybrid,Part-Time,47043.93,35477.02,51371.03,8925.17,14,7737.76,74931.17,18,31.0,53,3,63.3
EMP02136,45,25,Finance,Senior,High School,Office,Part-Time,125562.18,94450.81,137290.37,12874.23,14,5107.58,195129.25,9,33.5,20,14,81.9
EMP02137,35,15,Finance,Junior,Master,Remote,Full-Time,101743.91,91982.18,101442.97,20213.73,13,6560.22,1675.34,45,45.9,100,17,77.2
EMP02138,24,4,HR,Entry,Diploma,Hybrid,Full-Time,40399.99,35522.85,44603.11,4731.93,17,9665.88,62296.13,35,48.6,58,13,59.4
EMP02139,32,12,Operations,Senior,Diploma,Remote,Contract,75913.36,61383.24,72415.33,11868.89,17,4977.5,186152.04,36,41.7,30,1,58.5
EMP02140,52,11,Marketing,Mid,PhD,Office,Part-Time,53401.47,45331.41,58380.22,1136.0,18,4474.84,62028.97,18,45.0,5,8,56.8
EMP02141,52,28,Engineering,Junior,PhD,Hybrid,Part-Time,94648.59,71780.27,91848.15,10354.56,3,9104.62,45788.29,20,33.9,41,2,64.5
EMP02142,48,28,Marketing,Entry,PhD,Remote,Full-Time,153515.9,121045.62,168242.63,23448.27,16,9074.51,146287.61,21,37.9,51,19,93.0
EMP02143,33,13,Finance,Senior,Master,Remote,Full-Time,62994.39,52593.97,66485.77,10136.36,19,9927.98,149322.44,47,47.8,46,15,75.0
EMP02144,51,1,HR,Entry,High School,Office,Contract,15000.0,13752.13,15561.76,726.73,6,5733.2,94963.4,20,39.1,83,14,71.0
EMP02145,34,14,Finance,Senior,PhD,Hybrid,Part-Time,70585.39,59710.54,76806.31,6734.89,6,3770.48,189436.58,6,38.7,27,14,76.5
EMP02146,40,2,Marketing,Entry,Bachelor,Remote,Part-Time,15000.0,13009.09,14359.11,1431.49,18,2783.71,41338.71,9,34.8,35,18,70.7
EMP02147,38,6,Operations,Junior,PhD,Remote,Part-Time,37589.91,34761.3,37390.46,1453.05,9,823.92,182769.75,43,44.9,39,15,79.7
EMP02148,49,17,Engineering,Junior,Master,Remote,Part-Time,57660.16,46806.43,61885.96,5751.5,18,7403.92,151346.11,29,50.2,89,10,58.0
EMP02149,26,6,Operations,Entry,High School,Remote,Full-Time,64895.87,57766.4,72647.24,10725.78,6,2718.02,74273.46,29,41.7,12,18,59.6
EMP02150,52,30,Sales,Entry,PhD,Remote,Full-Time,189964.68,175210.78,194945.84,14063.57,9,6263.09,161574.82,13,32.9,48,20,77.9
EMP02151,49,10,HR,Manager,High School,Remote,Full-Time,73587.59,58172.69,73716.54,7201.53,18,9207.63,27507.23,36,51.0,3,4,48.4
EMP02152,22,2,Operations,Entry,Bachelor,Remote,Contract,27351.42,22463.6,28821.49,5278.07,16,9527.03,27065.52,27,31.8,97,7,64.5
EMP02153,43,17,HR,Entry,Diploma,Remote,Part-Time,93335.21,88291.57,100285.24,2399.41,13,541.9,186057.5,47,41.8,100,2,69.0
EMP02154,39,3,Finance,Junior,High School,Remote,Full-Time,51297.84,48560.78,53043.02,6487.84,11,3512.21,19861.32,49,36.5,63,9,76.7
EMP02155,51,31,Sales,Entry,PhD,Remote,Part-Time,142671.88,113373.64,160554.68,21945.57,8,8455.09,1811.84,44,53.4,97,4,82.4
EMP02156,25,5,Marketing,Mid,Master,Hybrid,Full-Time,25298.81,19310.3,26682.34,3970.87,17,5596.23,78417.07,6,48.4,79,12,63.7
EMP02157,39,19,Operations,Entry,Master,Office,Contract,107353.63,86332.11,102755.11,15981.61,9,8171.33,21666.34,39,44.2,22,10,71.7
EMP02158,54,21,Operations,Manager,Master,Office,Full-Time,120154.22,99673.5,119506.69,18114.6,6,8606.57,172744.26,32,46.7,57,11,60.0
EMP02159,30,1,IT,Senior,Master,Office,Contract,34999.47,29336.59,36403.98,1071.76,1,4704.95,184616.01,49,43.3,86,1,59.1
EMP02160,45,5,Engineering,Junior,High School,Remote,Part-Time,28990.96,25331.18,31586.96,3367.14,1,3910.34,97002.85,43,33.7,14,13,63.3
EMP02161,22,2,Marketing,Mid,Master,Office,Full-Time,44075.7,40986.01,43809.06,7093.3,13,4826.62,85668.84,44,47.7,88,7,56.6
EMP02162,31,11,Operations,Senior,Diploma,Remote,Full-Time,91750.46,74874.76,105077.35,3388.5,7,6701.55,108268.82,28,42.3,92,6,65.7
EMP02163,51,15,Operations,Mid,Bachelor,Hybrid,Full-Time,105971.79,97493.72,107424.84,2349.29,10,3988.01,46012.73,45,45.9,99,9,66.9
EMP02164,35,15,Marketing,Junior,High School,Office,Part-Time,56137.74,43152.84,59309.3,9353.73,18,7862.39,60295.21,1,31.1,78,18,69.8
EMP02165,29,9,Sales,Manager,High School,Hybrid,Contract,57881.4,43895.81,55206.89,8578.78,6,9087.93,21094.46,50,33.6,100,3,69.3
EMP02166,43,23,HR,Junior,Master,Hybrid,Contract,104129.66,88594.46,117351.86,9808.72,13,3181.96,89843.57,43,44.7,98,13,85.7
EMP02167,39,19,Marketing,Mid,Master,Remote,Full-Time,112964.01,86070.95,125137.8,21380.85,5,9667.4,122726.63,31,41.5,45,3,68.8
EMP02168,29,9,HR,Mid,High School,Office,Part-Time,71858.07,59534.27,71074.22,11352.69,15,6415.89,186114.52,30,35.7,38,13,63.6
EMP02169,55,8,Sales,Junior,Master,Hybrid,Contract,57338.03,53287.42,65173.12,11135.9,12,8842.6,148075.56,18,36.0,46,6,57.2
EMP02170,41,21,Sales,Entry,Master,Office,Contract,108408.51,86542.15,109836.03,20302.39,11,1487.21,144889.68,29,45.8,36,18,73.1
EMP02171,29,9,Finance,Junior,Master,Hybrid,Contract,72957.13,65019.04,79409.26,7779.63,8,2889.24,62291.79,42,31.5,40,2,57.6
EMP02172,48,4,IT,Manager,Master,Hybrid,Contract,45750.83,37079.82,50957.06,7130.16,5,3549.68,177770.37,38,40.9,91,20,67.2
EMP02173,27,7,Sales,Junior,Master,Remote,Contract,36382.12,27613.45,39954.22,5110.03,8,3376.81,189444.18,23,43.1,44,17,76.3
EMP02174,36,4,Sales,Senior,PhD,Office,Full-Time,21748.53,18732.84,24652.32,3611.56,5,2132.68,186520.32,22,37.7,29,1,53.6
EMP02175,36,16,HR,Entry,PhD,Remote,Full-Time,84462.83,77449.94,94839.51,13664.73,10,8747.91,8721.8,2,50.5,70,17,80.9
EMP02176,53,9,Sales,Senior,PhD,Remote,Full-Time,39025.33,32464.93,44837.08,1856.89,15,4476.82,121265.78,5,31.4,67,5,53.6
EMP02177,24,4,Marketing,Junior,High School,Remote,Contract,37243.99,32531.09,36742.03,2311.82,6,9649.74,129001.8,42,51.6,6,9,54.0
EMP02178,24,4,Finance,Entry,Bachelor,Remote,Contract,45306.22,42135.0,45802.43,3073.2,18,6042.99,59717.97,15,48.1,96,4,68.5
EMP02179,59,28,Finance,Senior,High School,Remote,Contract,132008.56,119855.71,142205.58,22088.96,3,1814.75,198490.02,32,41.2,46,14,83.6
EMP02180,60,2,Marketing,Senior,PhD,Hybrid,Full-Time,25476.88,20095.53,27938.18,4227.47,9,5686.09,58946.3,46,53.1,46,8,51.9
EMP02181,37,17,Operations,Entry,High School,Office,Contract,83909.08,75239.32,88685.26,9159.55,10,9938.68,44105.72,6,47.6,81,13,76.2
EMP02182,57,9,Sales,Entry,Bachelor,Office,Full-Time,65008.02,55281.43,62718.81,8096.74,7,5869.13,97344.98,14,53.3,78,6,67.2
EMP02183,59,27,Engineering,Mid,Master,Remote,Contract,99333.49,89320.01,111086.53,16772.06,19,517.76,65306.33,24,41.8,98,14,76.2
EMP02184,49,28,IT,Entry,Diploma,Office,Full-Time,84696.69,71899.28,96738.43,6459.55,2,9364.26,184881.86,21,41.3,100,9,80.8
EMP02185,56,14,Sales,Junior,PhD,Hybrid,Part-Time,63714.0,49416.05,65695.72,1849.76,8,2731.5,88575.27,14,43.3,59,17,62.6
EMP02186,58,34,Finance,Manager,PhD,Remote,Contract,192009.85,165893.04,191042.6,20519.59,7,7041.03,82619.76,12,31.6,4,7,65.7
EMP02187,59,5,IT,Mid,Bachelor,Hybrid,Contract,30195.23,25618.45,28802.11,5570.09,5,5393.26,125546.56,4,52.7,47,9,66.8
EMP02188,57,11,Engineering,Entry,Master,Hybrid,Full-Time,67185.12,57348.17,67014.46,10903.09,4,3591.62,17141.82,44,46.7,86,15,73.1
EMP02189,55,12,Operations,Manager,Master,Remote,Contract,85467.14,79123.81,93157.79,7349.41,11,3185.08,151589.86,21,45.4,73,10,69.4
EMP02190,27,7,HR,Mid,Diploma,Hybrid,Full-Time,60533.08,56233.25,68542.68,1916.41,10,9323.22,153911.37,17,53.2,88,14,69.1
EMP02191,47,18,HR,Junior,Master,Remote,Full-Time,48443.54,40726.84,46927.38,6522.71,1,9163.3,95331.14,29,54.8,21,16,75.6
EMP02192,48,2,Engineering,Manager,Bachelor,Hybrid,Part-Time,46193.47,38855.47,48995.19,7862.51,4,5374.78,191183.89,16,34.1,94,2,64.0
EMP02193,42,7,Sales,Entry,Master,Office,Part-Time,73425.07,62634.33,79967.71,10256.8,6,2955.7,116288.48,18,48.7,22,4,63.6
EMP02194,34,7,Sales,Entry,Bachelor,Office,Contract,46633.66,39821.31,46879.7,4500.77,18,1472.25,139352.05,38,44.5,91,15,72.2
EMP02195,27,7,IT,Junior,PhD,Office,Contract,89414.07,84056.15,95134.73,3773.6,13,1987.48,184944.65,41,41.5,44,11,62.0
EMP02196,57,3,IT,Mid,PhD,Remote,Full-Time,53657.06,47211.78,58649.83,9869.64,13,5461.39,133602.72,44,54.4,78,11,61.5
EMP02197,42,20,Operations,Manager,PhD,Hybrid,Full-Time,135477.13,109125.66,151401.63,9439.03,1,3424.38,86933.38,11,51.3,51,13,65.8
EMP02198,25,2,Sales,Junior,High School,Hybrid,Full-Time,48999.78,41958.88,50984.27,2958.2,4,899.65,5929.46,32,47.4,70,16,65.0
EMP02199,22,2,Finance,Mid,PhD,Office,Full-Time,46678.72,40864.64,51326.59,7789.55,4,4824.09,145931.56,28,39.6,45,9,56.7
EMP02200,47,22,HR,Senior,Bachelor,Office,Contract,98493.2,86472.53,99513.25,19365.69,18,7588.8,193008.34,16,46.7,37,2,76.6
EMP02201,41,15,Operations,Senior,Diploma,Remote,Part-Time,97118.41,84206.6,96400.64,13482.84,18,8971.1,94576.79,34,43.3,39,2,54.7
EMP02202,58,12,IT,Mid,Master,Remote,Contract,60099.35,47210.88,59345.87,7961.11,18,6060.2,68613.96,50,36.2,14,5,67.9
EMP02203,35,2,Finance,Entry,PhD,Hybrid,Contract,23392.8,17701.77,23902.17,1812.89,15,7371.28,104332.63,30,41.3,68,5,58.1
EMP02204,41,8,Sales,Entry,High School,Remote,Contract,54124.76,44250.7,51806.92,1281.37,18,3958.67,145959.0,38,35.3,11,5,56.9
EMP02205,30,10,Marketing,Senior,High School,Remote,Part-Time,65477.64,54706.86,65909.68,3570.08,15,5214.26,1137.4,22,42.5,76,14,73.7
EMP02206,43,12,IT,Entry,Bachelor,Remote,Contract,101053.34,77039.11,109182.53,12651.62,17,7431.46,177555.13,5,48.0,66,6,55.6
EMP02207,59,6,Operations,Entry,Diploma,Office,Part-Time,24567.87,22430.3,26523.07,1160.51,5,7412.75,177386.21,9,30.9,56,16,63.1
EMP02208,25,5,Marketing,Mid,PhD,Office,Full-Time,58002.37,47493.24,55955.51,10387.67,11,4533.0,108718.29,13,49.1,18,16,56.5
EMP02209,21,1,Finance,Mid,PhD,Hybrid,Contract,17773.05,16577.4,17906.05,957.36,16,5664.84,25353.37,39,30.5,89,8,60.6
EMP02210,33,13,Engineering,Entry,High School,Remote,Full-Time,82298.4,64265.34,87558.21,9380.27,20,9276.63,134689.35,23,42.9,29,5,56.0
EMP02211,41,21,HR,Mid,Bachelor,Office,Full-Time,101904.15,77588.49,103301.3,11429.81,2,6503.98,28431.29,27,44.3,91,13,86.1
EMP02212,46,23,Engineering,Manager,High School,Remote,Full-Time,121594.52,102925.29,125679.81,15650.46,17,6604.46,102001.88,32,49.0,78,3,65.8
EMP02213,41,0,Engineering,Senior,High School,Hybrid,Contract,19000.51,14969.09,20759.23,1499.86,1,7953.89,19632.36,31,49.0,17,9,41.0
EMP02214,38,9,Engineering,Manager,Diploma,Remote,Full-Time,68831.7,64528.33,65517.68,12199.47,18,1594.62,118224.0,33,40.4,62,4,59.9
EMP02215,57,15,Finance,Manager,Bachelor,Hybrid,Contract,72078.48,54207.39,72458.96,7205.99,17,5467.4,64295.8,42,31.7,6,8,69.2
EMP02216,52,7,HR,Entry,Diploma,Hybrid,Full-Time,33071.83,27533.09,32359.94,4829.4,18,9614.6,166367.29,26,47.3,59,16,80.8
EMP02217,56,24,Finance,Entry,Bachelor,Office,Contract,126672.81,118483.36,123572.09,17032.93,19,3935.77,160189.28,18,42.8,77,11,74.3
EMP02218,37,11,Engineering,Manager,PhD,Remote,Contract,80152.42,66276.73,91518.68,3293.31,5,3301.8,199696.3,12,38.3,87,19,72.1
EMP02219,55,24,IT,Manager,Master,Office,Contract,98664.8,75835.92,101162.21,13031.16,13,6211.48,52243.13,3,35.9,62,10,73.9
EMP02220,31,11,Engineering,Junior,Master,Remote,Full-Time,66612.67,53994.83,70304.19,7935.33,6,2600.63,13298.42,5,33.0,56,7,67.8
EMP02221,41,21,IT,Junior,Bachelor,Remote,Contract,96724.11,82177.01,106083.56,17579.49,13,5781.48,89157.65,14,37.4,87,12,68.0
EMP02222,46,13,Operations,Senior,Master,Hybrid,Full-Time,96511.34,75957.35,92601.61,17232.85,18,1978.69,17597.26,47,41.5,74,8,66.3
EMP02223,24,4,Engineering,Manager,High School,Hybrid,Part-Time,58610.09,49426.61,58504.86,2764.75,4,6008.04,36521.44,12,41.9,38,10,61.7
EMP02224,54,22,Marketing,Mid,PhD,Remote,Full-Time,56202.84,51553.1,62746.51,1950.43,9,6222.6,119862.73,4,44.6,42,5,68.2
EMP02225,38,5,Finance,Junior,PhD,Office,Full-Time,29798.69,27549.59,33445.99,2176.1,3,4474.8,118834.04,16,39.1,55,5,59.4
EMP02226,60,4,Engineering,Entry,Master,Hybrid,Contract,39464.15,29986.92,40434.58,7797.73,8,4136.09,9622.17,11,53.0,9,13,55.3
EMP02227,55,24,Finance,Manager,Bachelor,Hybrid,Full-Time,138994.69,108718.96,142465.71,3319.65,13,2831.85,89138.05,36,42.4,96,2,73.5
EMP02228,49,17,Engineering,Mid,High School,Remote,Part-Time,78986.27,63588.53,86993.85,11146.59,11,3643.76,106513.52,38,40.6,19,12,68.1
EMP02229,49,12,Marketing,Mid,Bachelor,Remote,Contract,49684.97,43174.91,50132.84,6435.82,10,5234.29,54336.82,48,31.2,63,11,68.4
EMP02230,58,13,Engineering,Mid,Master,Hybrid,Full-Time,93845.4,77159.59,91350.87,12799.02,11,2852.76,174536.59,2,45.0,38,2,53.4
EMP02231,41,21,Sales,Entry,PhD,Office,Full-Time,78745.01,72351.56,78863.68,4668.91,3,7936.93,33058.63,13,45.1,85,15,82.3
EMP02232,33,13,Operations,Junior,PhD,Hybrid,Contract,87696.5,78342.3,90105.43,5332.75,14,7235.83,51526.46,8,44.6,98,20,71.7
EMP02233,37,17,Finance,Mid,Bachelor,Remote,Contract,91081.11,70140.76,87478.02,8881.83,14,3058.41,32241.89,44,52.2,27,7,76.9
EMP02234,29,9,Operations,Junior,Diploma,Hybrid,Full-Time,41159.14,36010.61,43041.6,1533.36,19,1425.63,24192.78,21,49.1,99,8,59.8
EMP02235,21,1,Finance,Senior,Bachelor,Remote,Full-Time,28742.06,22206.19,31558.83,960.86,4,501.71,175916.86,26,51.7,29,3,60.3
EMP02236,22,2,Finance,Entry,Diploma,Hybrid,Contract,48410.36,38777.04,50963.96,1738.16,1,6168.83,56293.97,38,31.5,57,17,54.1
EMP02237,49,29,Sales,Junior,Bachelor,Remote,Contract,122760.9,96437.79,118388.05,15116.32,2,2507.96,144782.28,35,38.0,69,20,68.2
EMP02238,53,19,Engineering,Junior,Diploma,Remote,Part-Time,87339.29,68527.49,90660.8,7999.71,6,619.53,86168.49,15,38.0,61,6,64.7
EMP02239,30,10,IT,Mid,Diploma,Office,Part-Time,39163.63,34200.78,42758.11,2853.11,13,3911.31,127538.82,40,46.4,0,15,49.7
EMP02240,60,32,Operations,Mid,Diploma,Remote,Part-Time,150898.5,130183.3,145106.91,11596.17,14,9638.99,185707.06,30,41.2,67,13,85.6
EMP02241,41,3,Marketing,Entry,Diploma,Hybrid,Contract,42145.73,33093.06,40542.9,2415.41,1,7054.46,169076.97,2,49.4,24,13,62.4
EMP02242,48,28,Operations,Junior,High School,Remote,Contract,132344.98,125467.61,135537.18,12449.82,8,8648.76,14728.29,16,39.6,38,12,85.2
EMP02243,31,2,Engineering,Manager,Diploma,Hybrid,Contract,29965.66,25002.37,29635.82,1694.57,18,1875.02,169195.3,13,35.5,10,14,60.4
EMP02244,54,25,Sales,Mid,Diploma,Office,Full-Time,110130.59,84736.0,125213.65,16040.33,14,1196.24,90912.88,1,37.3,58,9,75.1
EMP02245,28,7,HR,Mid,PhD,Hybrid,Contract,49787.51,38541.2,53086.87,2106.4,2,609.53,70679.0,43,34.6,36,10,61.5
EMP02246,42,5,HR,Senior,High School,Office,Full-Time,41354.56,35845.25,41663.27,7885.63,12,9578.79,134805.2,28,34.9,75,5,55.9
EMP02247,28,8,Sales,Entry,Diploma,Office,Contract,70484.45,66665.17,76895.39,2549.24,1,3351.93,190091.37,1,35.4,28,5,56.9
EMP02248,35,15,Engineering,Junior,Master,Remote,Contract,72235.68,62439.82,74040.55,13711.99,15,4865.3,19732.96,40,30.4,97,20,70.8
EMP02249,37,17,Sales,Junior,High School,Office,Full-Time,104383.14,98100.14,101922.11,17744.41,11,4247.97,153847.33,34,47.9,81,6,71.9
EMP02250,43,12,IT,Junior,PhD,Hybrid,Contract,55013.46,46146.75,54872.98,7840.97,18,7439.34,41498.1,13,40.0,8,12,62.9
EMP02251,44,4,Operations,Mid,Bachelor,Office,Contract,56090.35,46957.06,60496.22,10332.64,17,3444.67,76647.09,2,30.6,45,17,66.8
EMP02252,39,19,Engineering,Entry,PhD,Office,Contract,108449.24,92182.01,104151.96,4886.66,3,5586.8,174890.78,4,39.3,75,16,96.5
EMP02253,25,5,Operations,Junior,PhD,Remote,Part-Time,29622.35,26348.64,29756.77,1532.56,15,9958.03,109614.04,25,52.6,8,18,62.9
EMP02254,52,17,HR,Manager,High School,Hybrid,Contract,75296.71,62008.58,74668.9,4923.46,13,4718.6,14423.87,34,42.8,64,6,70.0
EMP02255,21,1,Engineering,Senior,High School,Office,Full-Time,35859.28,33090.12,35508.82,2297.36,3,5737.08,102101.66,13,54.7,70,10,62.7
EMP02256,43,1,Marketing,Senior,Master,Remote,Full-Time,54885.57,41485.61,59636.06,4168.71,13,5274.02,158138.74,36,43.5,41,20,75.9
EMP02257,57,9,Operations,Junior,Master,Remote,Full-Time,55152.49,46215.19,61504.04,6817.6,9,8130.27,106247.24,32,54.1,33,9,65.1
EMP02258,28,8,Finance,Mid,High School,Hybrid,Contract,84294.15,71835.34,92148.12,2113.34,10,3034.98,34210.96,21,35.0,95,2,61.1
EMP02259,33,12,Finance,Senior,High School,Remote,Full-Time,78189.89,68135.17,84378.27,6943.97,1,2119.16,89563.17,26,37.2,27,3,76.3
EMP02260,28,8,IT,Senior,High School,Office,Part-Time,52775.89,42495.91,59810.41,3396.09,2,7663.89,184944.73,15,47.5,89,10,62.1
EMP02261,43,18,Engineering,Senior,Bachelor,Remote,Full-Time,88135.84,73637.14,84758.34,11386.57,14,4448.37,131982.59,29,54.7,99,8,71.2
EMP02262,21,1,IT,Senior,PhD,Hybrid,Contract,25157.63,21306.18,24742.44,4964.37,5,9180.4,146247.41,26,50.6,60,9,68.0
EMP02263,44,24,Engineering,Junior,Master,Hybrid,Part-Time,85656.56,76010.09,88473.06,9694.42,10,6619.51,157401.36,21,43.8,39,19,72.7
EMP02264,55,13,HR,Entry,Master,Remote,Full-Time,79473.16,71900.07,81419.48,7678.96,19,5861.26,19047.99,12,32.1,53,1,66.8
EMP02265,44,23,Marketing,Entry,Diploma,Office,Part-Time,67045.02,60177.3,69298.43,5784.9,8,1169.34,116725.78,12,39.1,58,2,64.2
EMP02266,37,0,Marketing,Mid,Bachelor,Remote,Full-Time,46193.4,37800.83,45791.1,7450.57,13,7438.91,75807.12,5,32.2,77,20,77.2
EMP02267,25,5,Sales,Manager,High School,Hybrid,Contract,52473.66,49844.21,51418.98,1729.35,9,7017.38,28692.67,42,37.8,44,4,65.7
EMP02268,40,20,IT,Entry,High School,Remote,Part-Time,114095.13,104937.07,120009.67,21992.83,18,6580.68,41339.2,26,36.5,94,16,78.1
EMP02269,41,18,Engineering,Manager,Bachelor,Remote,Full-Time,100041.38,80233.65,113608.04,9526.46,4,3045.14,156450.93,32,39.7,79,12,66.7
EMP02270,60,17,Operations,Entry,Master,Office,Full-Time,77386.5,61059.58,79583.8,5917.45,8,9494.02,33136.33,2,50.9,38,2,60.2
EMP02271,51,11,Finance,Entry,High School,Remote,Part-Time,50592.04,41121.42,48501.1,9882.26,5,3555.72,63171.3,8,33.8,41,15,69.2
EMP02272,56,27,Operations,Mid,Diploma,Office,Part-Time,123090.81,103454.0,134320.81,23197.47,6,1946.19,57689.79,27,37.7,10,18,83.1
EMP02273,31,11,Finance,Senior,Master,Remote,Part-Time,71836.34,66100.91,72426.9,9737.28,20,9878.41,10677.44,37,36.5,74,16,74.9
EMP02274,35,15,HR,Mid,PhD,Remote,Part-Time,66648.88,60362.05,66583.49,1555.01,5,7589.34,92969.53,8,37.4,37,12,72.6
EMP02275,39,18,Finance,Entry,Bachelor,Office,Full-Time,106834.41,98314.28,108421.07,16531.16,1,4440.48,153420.04,24,39.0,56,18,78.5
EMP02276,27,7,Operations,Senior,Master,Office,Full-Time,25248.31,20309.53,27640.92,2029.97,19,9391.21,5408.37,13,36.1,11,14,70.1
EMP02277,48,25,Operations,Senior,PhD,Hybrid,Full-Time,137192.58,119178.13,152800.14,12332.3,4,1365.62,23397.74,29,53.6,41,12,72.8
EMP02278,25,5,Marketing,Senior,Diploma,Office,Contract,30093.05,24274.55,32127.68,1461.73,1,1332.78,144317.15,13,40.5,62,5,62.1
EMP02279,25,5,Engineering,Manager,Bachelor,Remote,Part-Time,44629.93,34445.58,45276.87,5097.74,19,6983.28,119122.62,23,32.9,8,4,56.1
EMP02280,50,30,Marketing,Entry,High School,Hybrid,Full-Time,163998.76,145440.59,165982.43,25259.0,4,2190.73,143334.28,47,41.7,21,18,76.2
EMP02281,52,15,IT,Junior,High School,Office,Part-Time,99485.01,77458.98,96984.12,6878.59,14,9212.83,46790.69,15,34.6,37,17,79.4
EMP02282,28,8,Operations,Mid,PhD,Office,Part-Time,43413.39,38357.45,49346.28,8203.91,14,8483.41,160949.99,24,35.4,72,16,77.9
EMP02283,30,10,Engineering,Manager,Master,Hybrid,Full-Time,47028.7,41366.1,50679.43,2589.05,9,3410.49,96494.34,43,37.1,56,10,74.9
EMP02284,58,21,HR,Mid,Diploma,Remote,Part-Time,88139.61,80387.7,84208.13,2814.05,19,8943.98,122450.09,23,33.1,66,17,72.3
EMP02285,52,15,Finance,Junior,PhD,Remote,Part-Time,63971.71,49764.29,69247.68,8699.23,11,907.43,19338.53,10,48.0,98,12,76.2
EMP02286,48,27,IT,Senior,Diploma,Hybrid,Part-Time,108718.37,98574.51,113005.21,18794.95,16,5712.06,41801.29,38,49.8,29,12,81.9
EMP02287,37,17,Sales,Junior,Diploma,Remote,Part-Time,66084.22,62770.44,75634.15,12659.35,19,9387.85,154898.22,5,39.9,25,4,73.8
EMP02288,51,7,Sales,Mid,Diploma,Office,Part-Time,25839.54,23777.76,28780.43,4084.99,4,8626.14,45557.78,5,47.2,71,3,50.7
EMP02289,28,8,Engineering,Junior,Bachelor,Remote,Full-Time,54511.31,49079.93,53653.47,3049.2,9,3882.7,19413.44,31,39.7,53,1,58.9
EMP02290,60,20,Finance,Entry,PhD,Office,Full-Time,117911.91,104049.37,128998.25,23108.26,17,2237.27,119843.45,40,34.1,31,12,69.6
EMP02291,45,25,Finance,Junior,Bachelor,Remote,Part-Time,106535.53,88888.59,111554.76,19762.18,15,2500.14,110039.37,1,39.9,21,8,80.9
EMP02292,29,9,Engineering,Entry,Master,Office,Part-Time,75193.11,67380.55,74246.36,3712.29,8,5387.82,121970.89,2,43.9,7,8,45.2
EMP02293,22,2,Finance,Junior,Master,Hybrid,Part-Time,38590.75,34532.38,42054.19,4653.33,13,6169.34,124042.79,49,31.0,65,12,57.3
EMP02294,35,0,Marketing,Entry,High School,Office,Contract,43561.55,38172.97,46152.48,5227.09,1,811.74,100539.27,29,46.4,13,4,63.9
EMP02295,23,3,Finance,Entry,High School,Remote,Part-Time,27514.96,25018.13,26306.36,2742.04,2,4428.74,99261.01,7,48.6,4,16,59.7
EMP02296,56,22,Sales,Junior,High School,Office,Contract,76281.06,64057.23,82331.49,15040.39,10,8388.68,184908.95,29,51.5,12,2,54.2
EMP02297,24,4,Finance,Manager,Master,Remote,Contract,51131.19,39588.35,55068.16,1571.36,13,4721.13,107242.46,9,32.6,86,4,72.3
EMP02298,34,14,Operations,Senior,Diploma,Remote,Contract,64205.71,55333.35,62845.64,8532.78,11,2107.17,123842.74,36,30.0,76,4,55.9
EMP02299,45,25,Engineering,Senior,Diploma,Office,Full-Time,111717.63,89710.23,113929.37,6362.84,14,9571.17,54126.91,7,31.8,82,11,83.9
EMP02300,30,10,HR,Senior,PhD,Remote,Contract,55471.08,45868.29,59197.61,6374.72,16,3029.62,174347.55,28,53.1,23,3,48.0
EMP02301,41,12,Sales,Entry,Master,Hybrid,Part-Time,66704.49,50260.7,65220.76,10696.29,6,8085.07,5849.25,10,49.1,34,10,55.6
EMP02302,56,17,HR,Senior,High School,Remote,Part-Time,67683.6,55944.43,75842.49,4359.56,2,2341.04,111888.13,16,50.9,77,12,74.5
EMP02303,32,12,Sales,Entry,Master,Hybrid,Full-Time,75103.3,68476.2,71760.99,6819.73,5,4520.14,77386.21,10,42.9,67,17,67.3
EMP02304,47,14,IT,Manager,Diploma,Hybrid,Full-Time,74084.96,63605.23,71904.45,14160.47,19,5159.01,121176.93,39,43.2,25,9,67.2
EMP02305,60,32,Operations,Junior,Diploma,Remote,Part-Time,168366.84,126605.15,163858.21,26444.8,7,5256.04,72674.24,26,37.5,73,2,85.9
EMP02306,22,2,Sales,Junior,Bachelor,Hybrid,Full-Time,19721.5,16644.33,20818.44,2427.52,17,5406.5,143819.89,34,51.1,37,18,65.5
EMP02307,33,13,Operations,Entry,Bachelor,Hybrid,Full-Time,67674.98,54701.03,72684.47,4057.76,5,2637.0,5045.96,34,50.7,33,12,78.9
EMP02308,52,26,Sales,Entry,PhD,Office,Contract,99085.84,83778.08,102132.54,9567.23,12,5401.2,81772.0,40,39.8,33,6,72.1
EMP02309,51,17,HR,Manager,Master,Hybrid,Contract,98201.37,81599.31,98960.8,15646.53,19,5076.27,166421.46,14,38.2,18,18,79.2
EMP02310,36,16,HR,Senior,Bachelor,Hybrid,Full-Time,96782.43,90626.67,107608.85,16230.2,18,2482.84,50789.94,18,48.5,2,13,50.8
EMP02311,52,6,Engineering,Manager,Bachelor,Hybrid,Part-Time,51875.68,39333.98,49990.37,3321.55,12,9887.82,11497.42,1,30.7,35,15,70.8
EMP02312,52,19,Sales,Junior,Master,Hybrid,Contract,90675.91,80403.93,91225.26,12619.44,3,8722.85,99808.29,17,51.5,3,1,63.8
EMP02313,54,26,Sales,Junior,Diploma,Hybrid,Part-Time,121596.6,111893.84,116468.04,4511.3,4,8931.98,195330.16,49,41.2,25,8,68.1
EMP02314,31,5,Marketing,Senior,PhD,Remote,Full-Time,53758.1,50631.94,51219.53,1299.77,15,7012.92,13767.55,22,41.0,74,18,84.3
EMP02315,30,10,Operations,Junior,PhD,Hybrid,Part-Time,46227.29,36312.8,47183.09,5490.01,15,2019.02,14941.24,37,46.7,2,20,65.7
EMP02316,35,8,Operations,Entry,PhD,Remote,Part-Time,55658.74,47658.4,55044.53,3361.14,11,5896.87,119428.2,16,46.1,48,12,55.0
EMP02317,37,17,Operations,Junior,Bachelor,Remote,Part-Time,75043.63,56936.95,75319.28,2566.8,2,8303.68,50763.47,7,36.6,8,20,78.6
EMP02318,60,20,Operations,Mid,Diploma,Remote,Part-Time,93321.83,79308.32,103978.2,14126.04,18,868.0,82636.02,15,53.6,45,12,62.0
EMP02319,38,18,IT,Senior,PhD,Office,Full-Time,77813.42,60312.53,76459.16,8531.11,3,5210.51,166270.92,21,54.7,65,1,65.4
EMP02320,29,9,IT,Senior,Master,Office,Full-Time,59204.18,54324.53,65482.58,9669.81,18,4263.17,40570.89,2,43.1,13,10,71.9
EMP02321,45,22,Finance,Senior,PhD,Remote,Contract,109736.72,84801.69,119065.46,15309.37,14,2515.18,144140.69,48,44.0,2,19,77.9
EMP02322,60,19,Sales,Mid,High School,Office,Contract,85357.94,72781.1,86662.98,12920.19,6,4093.38,101392.62,25,43.9,1,19,71.1
EMP02323,34,14,Sales,Manager,Diploma,Hybrid,Contract,69021.57,58959.55,73115.33,5199.04,2,9843.23,181086.58,9,42.1,85,11,69.0
EMP02324,45,16,Sales,Entry,High School,Remote,Contract,49083.24,46350.79,50991.95,3307.7,1,7370.81,194619.44,20,53.6,92,3,76.3
EMP02325,42,22,Sales,Senior,Diploma,Remote,Part-Time,118661.29,104540.13,115775.33,15207.33,8,3345.6,97507.2,50,36.1,32,14,64.8
EMP02326,50,1,Operations,Junior,Master,Remote,Contract,43314.23,34979.19,49007.32,2426.24,10,6250.87,117344.76,10,32.7,99,18,76.4
EMP02327,40,20,Operations,Entry,Bachelor,Office,Contract,91243.88,72827.2,97076.52,15217.12,20,2843.23,149422.67,21,53.2,9,6,80.3
EMP02328,41,5,IT,Junior,Bachelor,Office,Part-Time,38895.28,30169.11,43797.95,4438.95,18,6303.02,64416.15,4,35.3,52,9,66.8
EMP02329,52,10,HR,Entry,Diploma,Office,Full-Time,54621.2,49230.25,60889.82,3324.15,20,9013.58,46121.33,30,48.7,43,9,63.1
EMP02330,41,5,Marketing,Entry,PhD,Hybrid,Contract,40550.66,36015.13,39170.12,5374.19,11,5790.33,192972.35,34,35.1,37,17,66.2
EMP02331,55,10,Operations,Junior,High School,Office,Full-Time,63436.01,55314.65,62893.9,12059.59,18,7466.73,87090.46,30,54.0,20,4,56.0
EMP02332,52,13,Operations,Junior,Master,Remote,Contract,58750.95,44543.09,57520.25,2043.18,16,4806.72,1316.57,14,49.8,94,4,62.3
EMP02333,50,1,Engineering,Entry,PhD,Office,Full-Time,18346.27,16558.71,20477.29,728.02,5,5479.18,167705.94,22,53.0,34,19,67.3
EMP02334,59,2,Operations,Senior,Bachelor,Office,Contract,29838.83,26209.76,33493.77,5129.03,7,7103.21,120333.17,1,53.8,66,16,72.2
EMP02335,32,12,HR,Junior,PhD,Office,Full-Time,70463.79,66431.69,74381.17,2799.31,2,8217.85,34543.15,8,32.1,82,17,85.7
EMP02336,38,18,HR,Mid,High School,Office,Full-Time,116223.72,100817.15,112834.12,3148.22,11,6764.79,6997.8,11,40.8,21,3,49.1
EMP02337,41,21,IT,Mid,Bachelor,Remote,Contract,106378.68,86250.81,103945.09,8789.8,13,9786.17,59005.0,1,46.2,19,7,49.8
EMP02338,33,13,Operations,Entry,Diploma,Office,Full-Time,57377.76,47411.48,63844.8,5967.69,20,8288.31,185649.53,5,50.1,99,5,79.3
EMP02339,41,17,Engineering,Manager,Master,Remote,Contract,102154.62,80208.55,116031.1,12513.94,16,7883.02,186764.74,45,36.0,82,3,67.6
EMP02340,28,8,Marketing,Entry,Master,Office,Contract,53687.64,48028.04,53145.13,5976.19,14,8528.47,62889.69,49,52.9,67,12,68.5
EMP02341,60,34,Sales,Entry,Bachelor,Hybrid,Part-Time,134527.97,119937.65,128101.24,24803.36,7,3171.5,167350.27,10,35.5,95,19,91.4
EMP02342,27,0,Operations,Senior,Diploma,Hybrid,Contract,51855.56,40972.63,52695.13,8211.86,7,4604.45,88927.22,39,51.7,7,9,55.6
EMP02343,43,23,IT,Senior,High School,Remote,Contract,103470.54,80882.7,98928.17,20392.58,12,5862.4,131214.61,13,42.8,50,3,81.4
EMP02344,52,24,IT,Manager,Master,Remote,Contract,140244.65,107343.4,156456.23,14832.55,12,4892.67,67554.33,21,42.9,25,3,69.5
EMP02345,31,11,Marketing,Manager,Bachelor,Hybrid,Contract,52732.66,49167.68,55279.78,1855.1,20,8550.85,103678.55,36,39.4,50,16,67.6
EMP02346,42,22,Engineering,Manager,Master,Hybrid,Part-Time,103902.73,82770.37,112045.81,19948.86,1,757.15,59462.11,45,32.6,64,20,77.6
EMP02347,42,15,Finance,Manager,Diploma,Office,Part-Time,113443.3,92891.09,117107.18,2352.86,6,2487.17,13161.76,33,38.7,25,13,67.6
EMP02348,45,25,IT,Manager,High School,Hybrid,Part-Time,87180.47,70276.25,88845.75,13922.48,8,8876.21,28736.26,43,40.7,46,6,64.9
EMP02349,42,22,HR,Entry,Diploma,Remote,Part-Time,87962.68,73248.72,87473.62,2254.55,13,1061.45,58844.22,28,42.0,42,1,76.9
EMP02350,48,18,HR,Entry,PhD,Remote,Full-Time,103558.96,92458.45,114340.12,16260.68,5,2656.39,195274.5,9,48.5,8,11,68.2
EMP02351,49,22,Sales,Mid,Diploma,Hybrid,Contract,125733.94,116193.14,136938.03,23742.22,10,3836.88,193168.76,45,38.8,34,18,68.1
EMP02352,33,13,IT,Mid,Diploma,Remote,Part-Time,91741.26,72156.31,93772.95,8262.85,14,7632.04,165705.01,11,40.2,81,3,67.9
EMP02353,38,18,Engineering,Junior,Master,Office,Contract,89991.46,79847.85,91271.43,5703.09,9,5821.72,47268.7,40,52.7,18,18,83.1
EMP02354,22,2,Sales,Entry,Diploma,Office,Part-Time,61016.71,50064.97,57981.04,3705.56,17,9568.74,88878.83,29,48.8,47,11,69.9
EMP02355,49,8,IT,Manager,Bachelor,Hybrid,Contract,41890.46,39632.79,40328.38,4545.5,3,2664.81,88516.78,7,30.6,79,15,65.5
EMP02356,41,0,Marketing,Junior,Master,Remote,Full-Time,19173.98,15526.78,20605.34,973.26,12,8785.14,78007.68,27,50.3,27,3,46.5
EMP02357,35,15,Operations,Senior,Master,Hybrid,Part-Time,80991.74,60860.32,85277.94,11430.06,12,3187.68,9931.18,22,54.7,2,12,76.1
EMP02358,47,27,Engineering,Entry,PhD,Remote,Full-Time,100584.72,85811.64,104302.39,8680.81,11,2832.23,107370.95,31,53.5,17,12,61.9
EMP02359,51,31,IT,Mid,Bachelor,Remote,Full-Time,156915.16,122416.77,175038.93,12264.44,4,5234.56,15489.59,30,50.9,12,17,81.0
EMP02360,35,15,Engineering,Entry,Diploma,Remote,Contract,58719.94,44562.5,61701.72,6050.0,8,1176.44,160581.82,28,45.7,26,1,56.3
EMP02361,43,17,Finance,Entry,PhD,Office,Part-Time,91195.02,81132.0,93648.05,10730.53,10,4150.92,138570.12,20,37.0,39,11,78.5
EMP02362,44,24,Engineering,Entry,Bachelor,Remote,Full-Time,120247.64,107796.22,118113.39,5476.97,14,3878.92,71194.66,15,46.4,38,15,68.2
EMP02363,33,13,Engineering,Entry,PhD,Office,Contract,76646.25,64546.86,85394.47,11297.46,1,2020.96,129780.14,15,47.4,57,9,61.8
EMP02364,42,5,HR,Senior,High School,Remote,Contract,37721.39,33397.65,40182.69,6749.51,12,8677.55,47374.36,12,37.0,56,7,66.2
EMP02365,57,20,Marketing,Mid,Diploma,Hybrid,Contract,83086.63,71259.07,80468.74,5819.19,5,4165.95,53784.76,17,36.4,23,11,75.1
EMP02366,53,5,Operations,Entry,PhD,Office,Full-Time,23198.4,20320.88,25049.16,1217.23,14,9828.24,63512.57,23,39.9,92,18,82.0
EMP02367,23,3,Operations,Senior,High School,Office,Contract,43554.46,37863.67,45079.48,6833.3,4,9047.23,159605.31,6,46.0,21,7,61.4
EMP02368,39,19,HR,Junior,Diploma,Office,Contract,117008.72,103337.95,130146.13,6205.85,17,2350.7,42927.58,45,37.3,50,18,78.5
EMP02369,43,9,Engineering,Entry,PhD,Hybrid,Contract,53954.5,42620.07,61172.69,1479.75,13,5298.66,112993.46,16,43.9,89,15,79.5
EMP02370,49,29,Operations,Senior,PhD,Office,Full-Time,175961.52,141427.54,188295.22,23132.57,3,6217.14,40892.96,27,52.5,83,16,72.7
EMP02371,50,17,Sales,Manager,PhD,Hybrid,Contract,123158.21,103205.68,135021.13,7778.09,11,8280.12,57722.45,23,37.4,87,15,69.8
EMP02372,59,23,Marketing,Junior,PhD,Remote,Full-Time,121505.87,101970.84,116805.8,6187.79,11,8913.61,47860.78,1,54.1,75,4,61.3
EMP02373,45,8,Finance,Mid,Master,Remote,Contract,43404.0,39275.51,46097.26,8537.07,5,6428.17,129355.93,45,41.8,81,3,43.8
EMP02374,57,30,HR,Entry,PhD,Hybrid,Full-Time,153416.78,126335.46,168922.31,11128.19,6,833.77,105819.06,7,32.5,75,14,86.7
EMP02375,28,8,IT,Entry,Master,Office,Full-Time,27458.77,21486.52,28813.93,5014.51,4,5072.13,144538.53,45,31.4,37,3,69.1
EMP02376,36,3,IT,Senior,Master,Office,Part-Time,40548.18,32450.43,43334.25,2111.72,10,8905.63,44768.74,39,38.5,95,16,74.2
EMP02377,28,8,IT,Mid,High School,Hybrid,Part-Time,46572.98,36929.89,52617.67,7797.06,10,7283.85,2820.56,40,36.5,60,15,72.0
EMP02378,21,1,Marketing,Manager,Diploma,Remote,Part-Time,15000.0,13444.98,14844.3,1655.45,12,8766.35,136421.4,50,51.1,48,19,68.2
EMP02379,25,5,Finance,Junior,Master,Hybrid,Full-Time,42016.73,35464.97,40741.49,1434.75,18,6903.76,23855.94,49,48.4,22,10,61.6
EMP02380,23,3,Operations,Mid,Bachelor,Office,Contract,37559.39,33492.69,40869.46,5710.87,15,918.33,50014.74,48,52.1,3,17,75.5
EMP02381,21,1,Finance,Entry,Master,Office,Contract,37272.05,31056.71,41542.3,6730.33,18,9696.06,61831.54,49,44.7,75,4,70.1
EMP02382,24,4,Finance,Senior,Bachelor,Office,Full-Time,50819.7,47157.99,56923.05,2507.6,3,9221.18,149613.62,40,40.9,80,18,66.9
EMP02383,60,14,HR,Manager,High School,Office,Contract,71210.16,67414.94,76787.97,10724.69,3,1702.51,125552.47,39,36.8,84,10,78.5
EMP02384,55,34,Marketing,Senior,Bachelor,Remote,Full-Time,170349.26,150583.38,190219.25,17053.57,1,1570.57,37668.82,18,44.6,36,16,89.7
EMP02385,52,4,IT,Junior,High School,Remote,Contract,24371.5,22489.1,26568.17,3794.56,17,5621.25,119979.67,36,45.5,92,3,66.0
EMP02386,54,4,HR,Mid,High School,Remote,Full-Time,41743.51,35548.22,40385.82,6199.21,10,7691.98,141921.45,22,39.8,5,12,63.5
EMP02387,45,19,Operations,Senior,High School,Office,Part-Time,86115.88,80684.05,94934.9,2134.64,6,4130.65,78390.54,2,53.4,27,19,77.4
EMP02388,30,10,Finance,Senior,Bachelor,Office,Part-Time,64161.07,58791.9,63254.6,3347.27,11,1795.63,49944.63,48,46.0,7,3,47.3
EMP02389,41,17,Engineering,Entry,Bachelor,Office,Contract,65978.55,62571.14,65801.86,6913.56,14,5350.28,136117.57,26,50.9,94,9,61.3
EMP02390,59,1,IT,Senior,High School,Hybrid,Contract,28074.81,24554.76,28887.02,5279.38,17,3706.88,122567.35,50,45.5,19,7,62.4
EMP02391,47,27,Marketing,Manager,High School,Office,Contract,99105.7,89774.04,100385.49,8084.37,7,3841.83,16504.52,32,37.9,15,16,68.2
EMP02392,47,12,Sales,Mid,Diploma,Remote,Contract,75841.62,65115.61,76928.45,10101.89,4,6627.36,133669.25,23,48.4,12,1,47.9
EMP02393,22,2,Finance,Junior,High School,Remote,Part-Time,20249.95,16236.89,19922.95,449.04,11,8913.28,98215.07,40,35.8,78,15,53.2
EMP02394,33,9,Finance,Senior,PhD,Remote,Part-Time,43186.3,35453.84,43565.23,6391.7,19,5806.62,150920.42,46,44.9,61,2,57.5
EMP02395,29,9,Finance,Manager,Diploma,Hybrid,Full-Time,50668.23,47060.71,48334.07,6513.52,9,7032.22,38952.79,18,40.1,76,16,74.4
EMP02396,56,7,Finance,Junior,Diploma,Remote,Contract,58549.77,44567.48,61160.05,8710.51,8,6769.5,52385.07,19,33.7,65,7,66.8
EMP02397,42,2,IT,Manager,Diploma,Hybrid,Part-Time,34624.7,30064.49,38215.92,6330.74,20,5735.89,109119.24,24,40.3,52,14,70.9
EMP02398,46,8,Marketing,Senior,PhD,Hybrid,Full-Time,75591.66,62325.08,84847.82,3505.17,4,3452.2,96864.97,4,37.8,83,2,59.3
EMP02399,32,12,HR,Senior,Diploma,Hybrid,Full-Time,95080.14,78663.46,105927.42,6378.56,16,4089.04,77886.71,46,32.8,27,18,71.5
EMP02400,37,10,IT,Mid,Diploma,Office,Full-Time,72084.96,66816.58,74484.78,14362.25,6,3499.19,149460.63,2,50.6,17,1,63.0
EMP02401,34,14,Marketing,Entry,Bachelor,Office,Part-Time,88893.61,81850.07,97434.97,4278.55,6,9216.23,113385.56,30,42.5,6,16,71.9
EMP02402,34,12,HR,Manager,Bachelor,Remote,Full-Time,82679.0,71911.59,83305.55,12378.11,19,8352.88,142344.1,49,38.7,20,9,59.8
EMP02403,54,34,Finance,Entry,High School,Remote,Contract,129590.61,104266.5,124551.15,19505.16,2,6003.8,31497.74,38,42.6,40,3,74.4
EMP02404,40,12,Marketing,Entry,High School,Hybrid,Full-Time,57840.53,48880.52,62768.21,8267.66,11,9166.31,146068.67,31,48.9,38,13,54.3
EMP02405,31,11,Finance,Junior,Master,Office,Full-Time,66258.16,55104.17,71542.86,4037.73,18,8920.88,92844.09,40,30.5,72,2,62.7
EMP02406,36,9,Engineering,Junior,PhD,Remote,Part-Time,59324.19,48688.76,65869.18,3483.76,9,9313.1,7719.82,16,43.7,9,18,63.5
EMP02407,51,8,Marketing,Manager,Bachelor,Remote,Full-Time,53571.07,41279.57,57493.61,7496.81,16,2606.85,47663.82,33,42.0,30,2,68.4
EMP02408,26,6,Operations,Entry,High School,Office,Part-Time,58209.57,49980.06,57125.61,3115.67,11,7316.28,6125.52,50,52.3,41,8,55.0
EMP02409,39,1,Sales,Mid,PhD,Hybrid,Part-Time,26267.68,21286.44,29436.42,3653.35,14,6287.63,91918.03,3,43.9,76,3,59.5
EMP02410,57,22,Finance,Entry,Diploma,Remote,Contract,103403.36,91218.48,111205.21,11235.3,8,7471.39,65850.07,18,33.4,68,17,75.3
EMP02411,24,4,Finance,Junior,PhD,Remote,Full-Time,43634.04,35511.16,48500.19,3909.31,13,3002.1,197502.46,10,39.7,58,2,54.1
EMP02412,24,4,Finance,Entry,Bachelor,Office,Contract,54521.31,45592.5,60236.31,4036.86,10,7100.69,173832.32,2,45.5,37,6,61.8
EMP02413,40,20,Operations,Senior,Master,Office,Contract,97789.63,74366.29,98725.76,18635.17,12,4393.37,165308.5,30,31.1,42,8,66.0
EMP02414,30,10,IT,Senior,Bachelor,Hybrid,Full-Time,73014.3,69254.62,70452.27,8137.94,3,8423.87,100722.19,30,52.1,99,17,87.8
EMP02415,44,24,HR,Mid,High School,Hybrid,Full-Time,67209.17,57230.09,66221.25,8134.01,2,8055.97,161610.41,25,31.7,1,6,52.5
EMP02416,55,4,Finance,Manager,High School,Remote,Part-Time,44734.81,33767.96,43328.91,8538.36,11,2507.9,54107.06,43,30.8,5,12,65.2
EMP02417,46,26,Finance,Entry,PhD,Hybrid,Full-Time,111259.65,95488.16,111113.06,15320.22,18,2246.63,112569.24,24,30.1,76,16,79.7
EMP02418,57,24,IT,Senior,Bachelor,Remote,Part-Time,145235.15,134207.56,151321.44,27945.21,4,7318.45,79190.69,35,47.1,28,6,68.1
EMP02419,58,30,IT,Manager,High School,Remote,Contract,130638.55,118163.93,147799.5,5113.98,8,5729.51,35097.04,10,41.4,77,2,74.7
EMP02420,41,19,Sales,Senior,Diploma,Office,Contract,55866.94,49731.7,62816.99,9631.19,11,5793.46,15450.07,48,32.6,29,3,70.9
EMP02421,60,16,Marketing,Manager,Diploma,Remote,Part-Time,83648.81,65069.82,91488.37,6723.24,15,7648.9,112085.46,30,51.4,88,9,73.2
EMP02422,59,1,Finance,Manager,Master,Office,Full-Time,15000.0,13223.21,14322.34,2488.32,2,8622.22,20430.19,26,35.1,39,19,73.9
EMP02423,41,21,Marketing,Senior,PhD,Remote,Full-Time,142650.14,128850.12,145257.48,24823.21,19,2770.16,143882.62,35,38.2,98,10,75.7
EMP02424,30,10,Engineering,Junior,High School,Remote,Part-Time,62297.23,53854.95,67684.05,4290.27,15,5777.63,184372.23,24,34.4,36,13,59.7
EMP02425,58,27,IT,Manager,Master,Remote,Contract,113134.83,105051.32,110397.62,10588.23,13,8375.07,33259.12,20,53.2,6,20,77.4
EMP02426,24,4,IT,Entry,Diploma,Hybrid,Part-Time,42572.66,34287.93,47264.91,6414.96,2,8791.54,94716.78,39,49.0,49,13,73.1
EMP02427,40,2,Sales,Senior,Master,Hybrid,Full-Time,40140.46,32049.3,45475.71,1518.51,3,3230.39,148016.14,49,48.1,17,20,63.5
EMP02428,37,17,HR,Junior,Master,Office,Full-Time,105984.27,97920.35,108190.96,16533.13,14,1489.46,58081.09,40,31.1,7,15,62.0
EMP02429,27,7,Operations,Senior,High School,Remote,Part-Time,62238.08,54463.27,67912.23,2482.37,20,2711.82,184232.14,35,43.1,70,13,72.5
EMP02430,24,4,Operations,Mid,High School,Office,Full-Time,29752.6,22323.06,29146.87,5492.39,13,9482.25,177804.65,39,44.4,97,13,71.2
EMP02431,49,19,Operations,Entry,High School,Office,Contract,88432.15,72569.74,96228.62,6167.35,16,4893.56,21647.12,10,39.6,99,6,66.2
EMP02432,34,4,IT,Mid,PhD,Remote,Part-Time,36901.92,34007.74,35215.17,4561.37,12,4476.45,6452.55,27,38.0,54,18,67.3
EMP02433,23,3,Finance,Manager,Master,Hybrid,Contract,25944.85,19600.4,25429.96,1066.01,1,624.3,195315.24,15,51.3,47,7,58.9
EMP02434,44,21,Sales,Manager,Master,Hybrid,Contract,131572.82,98765.09,143674.4,9013.89,6,984.64,191338.53,15,30.6,73,3,68.5
EMP02435,57,18,HR,Mid,PhD,Office,Part-Time,116013.04,93535.73,126729.17,10755.79,13,6852.61,85034.84,37,45.6,57,1,68.8
EMP02436,36,15,Engineering,Mid,Diploma,Hybrid,Part-Time,91699.66,85537.44,98873.56,9873.19,2,6103.36,11062.1,35,39.9,92,12,70.4
EMP02437,24,4,Operations,Manager,Bachelor,Remote,Full-Time,37729.08,35099.19,39444.73,755.04,18,5967.52,124156.23,3,46.6,15,5,61.6
EMP02438,44,3,Sales,Junior,Diploma,Remote,Full-Time,35119.55,29983.4,38104.06,6320.05,17,1548.07,59388.61,29,34.9,24,11,57.4
EMP02439,54,14,IT,Entry,PhD,Hybrid,Part-Time,86726.89,74641.27,95812.41,1854.35,19,3844.58,187407.87,4,36.0,28,12,79.3
EMP02440,50,24,Operations,Senior,Master,Hybrid,Part-Time,79368.81,64796.82,90742.07,12640.53,15,8217.4,159137.72,47,44.7,7,16,85.6
EMP02441,38,18,HR,Mid,Master,Office,Full-Time,72813.42,58159.53,82113.75,7623.87,8,2161.66,130269.16,16,54.5,83,1,60.3
EMP02442,39,13,Engineering,Entry,High School,Hybrid,Full-Time,106588.7,97320.22,118196.94,12182.92,9,8885.53,57616.27,5,54.4,99,18,68.4
EMP02443,51,18,Marketing,Senior,High School,Office,Full-Time,61628.98,47531.91,67110.97,3542.91,8,1654.04,140552.45,21,36.2,54,1,70.9
EMP02444,39,19,Engineering,Senior,Master,Remote,Part-Time,100539.98,85204.71,107058.1,13002.46,8,2106.92,58544.49,40,32.6,51,5,68.9
EMP02445,39,6,HR,Mid,Master,Remote,Part-Time,56226.85,49304.17,54771.79,6561.77,11,5038.62,8488.57,42,44.8,90,4,66.9
EMP02446,42,22,Engineering,Junior,High School,Remote,Full-Time,58899.62,45396.06,57904.89,2919.22,18,9480.35,102178.48,21,40.5,76,1,63.2
EMP02447,44,18,Finance,Junior,High School,Hybrid,Contract,57997.0,49524.88,64611.9,3645.77,17,3630.7,98248.22,2,49.0,25,15,70.6
EMP02448,32,12,Operations,Entry,Diploma,Hybrid,Contract,94978.84,82204.59,105489.45,3043.37,6,6753.07,152838.19,14,43.2,24,5,59.0
EMP02449,50,15,Operations,Entry,Master,Hybrid,Full-Time,81978.45,73657.58,87954.01,2617.66,2,6092.38,173269.1,5,42.8,91,7,71.8
EMP02450,58,7,Marketing,Manager,Master,Office,Part-Time,36269.68,28905.75,37639.52,815.33,1,1921.42,71539.23,7,46.2,72,17,62.4
EMP02451,51,17,Engineering,Junior,PhD,Office,Part-Time,98432.62,79599.06,94023.48,5874.99,10,2857.59,90445.13,11,33.2,25,20,73.8
EMP02452,56,27,Marketing,Entry,Diploma,Office,Contract,132949.56,114855.69,135001.69,18923.91,8,9336.45,94609.68,35,46.9,75,6,64.9
EMP02453,39,15,Engineering,Manager,Bachelor,Remote,Full-Time,84486.74,79977.29,87370.1,6498.62,16,2255.88,65520.59,30,42.2,89,13,70.1
EMP02454,56,18,Operations,Senior,Bachelor,Office,Contract,89493.83,71013.24,93714.66,7310.95,14,7102.59,148934.0,44,50.5,46,15,72.5
EMP02455,50,16,Finance,Entry,Bachelor,Hybrid,Contract,79864.26,75645.89,90715.01,3493.5,16,9664.6,104898.14,46,33.5,85,7,73.3
EMP02456,53,12,Engineering,Manager,High School,Hybrid,Full-Time,82645.37,73791.45,80309.97,10213.7,14,1635.31,182877.2,1,37.5,0,7,65.0
EMP02457,38,6,Marketing,Junior,Bachelor,Remote,Contract,29981.48,27439.54,31593.68,2446.06,7,4292.23,130411.84,16,53.8,63,13,72.5
EMP02458,48,26,IT,Senior,PhD,Hybrid,Part-Time,142193.85,109194.67,145547.41,20154.13,18,2627.36,43167.42,47,43.8,11,4,56.3
EMP02459,31,9,Operations,Entry,High School,Hybrid,Contract,71042.54,57550.43,81558.23,10902.38,20,2604.83,33796.92,1,53.2,23,18,77.8
EMP02460,53,33,HR,Junior,High School,Hybrid,Full-Time,117027.3,89121.82,131348.26,14657.05,9,1630.37,75104.48,22,47.2,29,8,69.9
EMP02461,37,17,HR,Senior,Bachelor,Office,Part-Time,105187.11,86706.73,109158.68,7330.75,4,6670.74,70038.38,13,53.2,13,19,68.8
EMP02462,26,6,Finance,Mid,High School,Office,Part-Time,57650.42,54552.17,66294.47,6430.87,16,7590.26,82019.23,27,37.9,22,16,67.8
EMP02463,24,4,IT,Junior,Diploma,Hybrid,Contract,38114.72,29388.53,40127.66,2490.7,11,6929.54,37534.62,15,32.3,1,20,63.7
EMP02464,40,20,Marketing,Mid,Diploma,Hybrid,Part-Time,113797.8,98147.71,111911.44,20770.86,9,9284.24,195666.31,17,50.1,2,18,75.3
EMP02465,47,17,Engineering,Entry,Bachelor,Hybrid,Full-Time,80360.66,60368.06,85276.71,12692.92,17,1883.95,29996.24,9,50.1,5,16,73.9
EMP02466,35,15,Operations,Manager,PhD,Hybrid,Contract,80656.0,71988.43,80272.17,8770.62,11,3538.53,130877.11,5,45.5,82,16,69.9
EMP02467,26,5,HR,Entry,High School,Office,Part-Time,47767.01,37709.12,51457.61,9256.4,20,3773.44,3600.78,23,44.5,20,2,54.2
EMP02468,34,14,HR,Junior,Master,Remote,Full-Time,52443.01,40691.42,59653.3,6210.09,3,2704.78,81985.25,44,52.9,19,14,67.2
EMP02469,31,11,HR,Mid,Bachelor,Hybrid,Contract,78280.94,63987.12,86675.76,6194.87,11,1850.95,62527.5,49,34.4,20,19,77.1
EMP02470,59,16,HR,Mid,High School,Office,Full-Time,106310.85,96127.21,106803.36,3953.07,8,5123.68,77022.9,43,45.4,39,16,69.1
EMP02471,29,9,Sales,Senior,Bachelor,Hybrid,Part-Time,49587.15,38247.69,50051.86,5845.05,10,8427.18,100117.39,11,31.2,67,4,59.1
EMP02472,46,10,Finance,Entry,Bachelor,Remote,Contract,42752.0,34029.22,41206.84,7476.26,6,9568.13,120474.63,24,33.5,24,13,58.9
EMP02473,36,16,Marketing,Entry,PhD,Office,Contract,92836.27,69784.36,93502.23,16340.05,17,1728.74,117118.76,8,40.9,70,8,62.8
EMP02474,25,5,Operations,Junior,Master,Office,Part-Time,46403.51,43790.2,44942.95,5977.8,6,8319.99,126512.02,47,50.5,70,3,50.7
EMP02475,30,10,Operations,Mid,High School,Remote,Full-Time,59539.19,51705.57,62509.59,5407.28,7,8333.52,169064.99,34,48.3,32,3,54.7
EMP02476,23,2,Operations,Junior,Bachelor,Remote,Part-Time,29542.12,26410.06,32250.22,4048.85,13,4195.29,177456.71,42,54.4,50,5,69.7
EMP02477,33,10,Marketing,Junior,Bachelor,Office,Contract,64365.35,56659.31,70817.09,10117.28,6,1545.28,147712.81,31,31.1,89,11,74.7
EMP02478,50,13,Finance,Mid,High School,Remote,Contract,62297.28,48521.66,59924.12,5861.7,3,9905.08,16709.51,22,39.5,80,13,80.9
EMP02479,26,6,IT,Junior,Bachelor,Hybrid,Part-Time,60227.9,52337.32,61311.47,6367.64,13,6728.13,192297.19,14,34.0,71,2,53.4
EMP02480,37,17,Engineering,Mid,Bachelor,Remote,Full-Time,65296.83,50688.83,65795.33,9305.51,10,9830.86,189532.22,5,30.9,89,6,56.2
EMP02481,39,19,Engineering,Junior,Bachelor,Remote,Part-Time,114399.7,94980.04,111066.1,20339.98,4,5094.73,142629.06,17,36.6,78,7,72.9
EMP02482,55,7,Finance,Manager,Diploma,Office,Full-Time,51859.42,44795.79,53025.96,8421.03,5,4254.33,103970.38,18,36.1,19,4,70.8
EMP02483,46,19,HR,Junior,Diploma,Remote,Full-Time,104866.77,90371.68,105901.17,2520.0,19,2848.26,50873.05,19,40.5,18,9,63.8
EMP02484,25,5,Engineering,Junior,Master,Office,Contract,33811.75,26164.03,36411.87,1433.18,18,9843.93,151513.88,7,33.5,70,18,71.4
EMP02485,49,21,HR,Manager,PhD,Hybrid,Full-Time,97092.68,73488.2,109390.49,16845.59,7,2905.94,175694.18,26,42.2,55,14,63.7
EMP02486,57,6,Finance,Entry,High School,Remote,Contract,47476.44,43186.8,49421.47,8075.18,1,725.75,133372.33,25,53.0,55,6,61.8
EMP02487,40,8,Finance,Mid,PhD,Remote,Full-Time,52793.07,47259.53,58037.16,4750.6,17,5368.45,126185.45,18,48.7,0,20,67.1
EMP02488,41,0,Marketing,Senior,PhD,Office,Full-Time,23013.15,17636.45,22534.53,2880.56,20,4081.98,39407.94,44,51.1,38,2,39.8
EMP02489,30,10,Marketing,Manager,Diploma,Office,Contract,88933.01,68966.05,100404.77,16279.37,20,2983.13,72201.51,15,50.1,36,4,53.4
EMP02490,25,5,Sales,Entry,Master,Remote,Full-Time,45920.67,42638.11,45026.09,8453.1,18,6528.78,144904.11,29,39.7,17,15,56.5
EMP02491,56,3,Operations,Junior,PhD,Office,Part-Time,24118.22,21798.67,23838.94,3881.99,5,3960.55,4362.85,46,47.7,71,3,48.2
EMP02492,26,6,Sales,Entry,PhD,Remote,Full-Time,38232.58,36291.59,37135.03,2207.01,6,4321.38,128611.59,42,48.9,78,4,57.0
EMP02493,46,2,Operations,Manager,Bachelor,Hybrid,Contract,18197.62,14572.61,18414.83,2756.05,10,718.93,153567.39,49,35.1,5,4,57.8
EMP02494,24,4,HR,Junior,High School,Remote,Contract,61581.99,52194.47,65306.6,2352.29,19,6096.17,67606.19,1,51.5,100,15,66.1
EMP02495,59,26,Sales,Entry,Master,Hybrid,Part-Time,133896.21,106754.37,153659.14,24223.02,10,1659.67,16157.39,4,41.4,21,11,80.4
EMP02496,59,0,Sales,Senior,High School,Hybrid,Full-Time,15000.0,13118.4,16630.1,702.7,6,2531.15,164004.76,9,30.4,10,17,60.2
EMP02497,55,26,IT,Mid,Diploma,Office,Part-Time,106999.82,82719.72,109791.14,14896.81,10,7312.62,29225.53,36,46.1,89,15,82.9
EMP02498,21,1,Finance,Mid,PhD,Office,Full-Time,44259.6,34321.05,47143.96,5746.83,10,3475.81,74789.42,32,46.9,71,3,61.8
EMP02499,44,6,Marketing,Manager,PhD,Office,Part-Time,48639.63,37179.05,52271.15,7774.65,12,2050.5,141743.57,24,43.8,8,10,71.4
EMP02500,56,22,Sales,Junior,High School,Office,Contract,98540.0,87574.2,109827.31,11754.24,4,5985.53,163580.21,37,35.3,12,4,59.7
EMP02501,26,6,Marketing,Junior,Diploma,Remote,Contract,81050.73,68797.04,88936.19,2490.04,13,2541.59,172614.0,18,42.1,2,13,65.4
EMP02502,51,31,Operations,Mid,Bachelor,Hybrid,Part-Time,83343.37,72804.29,88665.53,12255.84,10,3074.29,106553.02,15,40.0,66,2,65.6
EMP02503,40,20,Sales,Entry,Bachelor,Remote,Full-Time,149099.57,138045.36,161599.57,13265.06,16,6402.72,95698.47,20,54.4,6,6,76.7
EMP02504,44,16,Operations,Junior,PhD,Hybrid,Full-Time,105623.29,94856.66,116099.38,8201.79,19,7528.69,169815.14,40,50.6,66,19,69.3
EMP02505,45,25,Sales,Senior,PhD,Hybrid,Contract,158419.04,133443.42,154716.6,31446.38,6,7526.77,113052.34,2,49.0,74,8,76.7
EMP02506,56,4,Engineering,Senior,Master,Hybrid,Full-Time,28697.01,27172.37,28412.65,3623.63,9,5081.31,116151.49,25,34.5,45,6,70.7
EMP02507,41,21,HR,Junior,High School,Remote,Part-Time,88444.05,74403.67,96202.09,13083.48,14,4815.82,87360.7,13,38.3,57,20,70.7
EMP02508,50,2,IT,Junior,PhD,Office,Part-Time,18197.09,14057.07,20382.29,2087.91,10,7982.63,75189.98,27,39.5,27,14,67.1
EMP02509,44,24,Operations,Mid,Diploma,Remote,Full-Time,127878.66,121296.86,131951.91,20280.93,8,2333.83,96627.63,13,42.3,30,8,63.1
EMP02510,50,13,Finance,Manager,High School,Hybrid,Contract,71091.41,53643.03,81469.2,11045.69,3,1945.92,73604.65,28,30.8,51,6,81.1
EMP02511,42,22,Finance,Mid,Master,Remote,Contract,102483.81,88133.69,101788.39,14172.11,17,6814.6,69365.74,46,44.8,8,12,56.8
EMP02512,48,28,HR,Manager,Bachelor,Hybrid,Contract,129519.34,105146.28,133837.5,25851.25,19,4390.32,198739.2,15,38.9,90,9,66.9
EMP02513,27,7,HR,Senior,Master,Office,Contract,49852.12,42409.72,51133.55,5122.95,3,7244.99,67906.49,29,44.0,75,7,56.5
EMP02514,55,23,Engineering,Manager,High School,Office,Contract,145819.31,125658.71,165659.36,21452.15,14,2937.7,52020.37,21,30.2,7,13,63.5
EMP02515,48,22,Finance,Mid,Bachelor,Remote,Part-Time,139221.03,111101.05,140206.11,22776.56,6,3586.28,71430.89,44,38.0,85,16,82.6
EMP02516,34,14,Operations,Junior,Diploma,Office,Full-Time,84381.18,72683.56,88107.3,7399.07,19,9018.44,118565.49,31,49.2,17,8,76.6
EMP02517,30,10,Finance,Manager,Bachelor,Hybrid,Part-Time,64152.33,57814.86,63347.01,6562.24,18,4505.74,182287.11,23,42.5,93,14,80.3
EMP02518,36,14,IT,Mid,Bachelor,Hybrid,Contract,89726.56,72077.52,94594.51,17447.34,12,6114.06,157784.99,37,49.7,48,16,73.7
EMP02519,36,14,Sales,Senior,Diploma,Office,Contract,90433.77,74760.26,101419.74,2334.31,15,1513.48,168605.99,3,47.5,10,20,71.9
EMP02520,51,5,IT,Manager,PhD,Office,Full-Time,60662.57,48751.38,61318.2,4874.43,6,2198.88,171942.71,50,51.4,1,6,52.5
EMP02521,45,25,Engineering,Senior,PhD,Office,Full-Time,91467.77,83611.78,101726.65,9834.46,12,840.93,184185.15,35,30.2,28,4,70.3
EMP02522,33,13,Engineering,Senior,Bachelor,Remote,Full-Time,76931.75,68853.65,87106.93,1558.92,19,4531.52,47779.18,14,36.5,54,4,62.2
EMP02523,26,6,Finance,Entry,Bachelor,Remote,Part-Time,36632.12,33856.84,35335.03,6661.29,7,9894.74,92214.84,2,43.7,52,3,60.6
EMP02524,29,7,Sales,Manager,Master,Hybrid,Full-Time,55908.44,43832.77,61571.12,3998.79,20,8801.79,77654.34,50,53.5,25,10,57.3
EMP02525,56,14,Finance,Mid,PhD,Remote,Part-Time,74584.17,57035.7,74663.88,4951.41,10,6512.63,76993.52,13,47.0,50,6,56.8
EMP02526,40,2,IT,Manager,Diploma,Remote,Contract,16141.12,12491.23,15900.06,2706.2,18,8680.42,130804.45,2,41.4,77,18,69.9
EMP02527,38,12,IT,Manager,Bachelor,Hybrid,Part-Time,57582.35,45041.12,61626.04,4032.89,2,6144.61,80958.81,12,33.3,91,13,72.4
EMP02528,41,21,Operations,Senior,Bachelor,Hybrid,Full-Time,138477.74,118622.32,151095.9,19161.45,13,4003.3,123649.73,27,42.3,98,11,71.9
EMP02529,24,4,Operations,Senior,Master,Office,Part-Time,54030.87,51015.0,55595.19,9070.19,15,2148.69,77073.59,34,41.0,5,4,49.8
EMP02530,53,31,IT,Senior,Master,Office,Part-Time,126458.53,103878.99,121126.38,20567.95,4,6703.96,62914.51,40,49.5,99,8,82.9
EMP02531,47,27,Sales,Senior,Master,Remote,Part-Time,123877.78,116655.91,140197.55,19913.49,7,2333.99,71262.36,5,40.3,11,3,69.7
EMP02532,27,7,Engineering,Mid,High School,Hybrid,Full-Time,53347.92,40418.53,58477.29,1918.11,3,4465.57,160947.65,25,38.0,33,12,77.7
EMP02533,26,6,Operations,Junior,Diploma,Remote,Part-Time,48711.65,45563.63,48922.73,1674.34,16,8345.12,120609.16,11,32.2,69,13,77.3
EMP02534,35,0,Operations,Entry,High School,Remote,Full-Time,37841.94,29752.49,39710.3,2846.42,9,1727.68,194825.55,13,31.2,63,11,54.4
EMP02535,38,18,Marketing,Senior,Bachelor,Hybrid,Part-Time,106037.25,98879.21,101324.81,2806.87,17,1725.7,166698.59,28,41.0,36,9,66.8
EMP02536,52,14,Marketing,Senior,Master,Hybrid,Part-Time,63264.67,48159.94,64394.36,6964.01,8,2631.82,97670.34,21,38.7,36,4,53.1
EMP02537,31,11,Operations,Entry,Master,Hybrid,Part-Time,59848.85,56236.61,63111.03,5449.88,18,5743.21,49232.89,49,43.9,7,11,50.9
EMP02538,40,20,Finance,Senior,Master,Hybrid,Full-Time,105127.69,83067.66,110746.21,12643.15,13,2891.37,135107.91,48,47.8,36,8,83.8
EMP02539,44,24,Sales,Junior,PhD,Remote,Full-Time,85684.04,69450.58,84967.47,6321.93,2,5280.38,145602.56,26,31.0,96,18,92.6
EMP02540,35,15,HR,Manager,Diploma,Remote,Full-Time,85678.75,72671.72,94704.96,9204.96,1,3368.83,93371.02,27,42.4,45,3,58.8
EMP02541,27,6,Operations,Entry,High School,Remote,Contract,24574.96,20302.46,24815.12,1972.24,16,5309.3,46754.5,26,51.5,30,4,66.9
EMP02542,41,21,Marketing,Mid,Diploma,Hybrid,Full-Time,111772.67,98751.78,119158.83,6162.86,16,3137.5,111890.43,15,41.4,97,17,89.9
EMP02543,46,26,Sales,Entry,Master,Office,Part-Time,146938.8,138851.51,147571.29,20113.86,11,9810.12,51512.02,50,43.0,10,16,61.6
EMP02544,34,14,Sales,Junior,Bachelor,Remote,Contract,100294.6,87385.21,103808.28,14163.45,4,5180.82,188059.67,6,42.2,35,7,70.7
EMP02545,57,13,Marketing,Mid,PhD,Office,Full-Time,92440.81,82669.54,91655.33,15646.69,11,7564.61,126147.97,4,39.7,67,2,59.8
EMP02546,41,7,Sales,Manager,Diploma,Office,Full-Time,53749.78,41258.38,57867.09,9538.18,6,7155.19,59094.26,4,32.8,16,5,61.0
EMP02547,38,18,Sales,Senior,Bachelor,Office,Contract,64547.33,56515.22,66814.03,9475.75,11,5160.31,43930.41,30,33.2,15,1,82.0
EMP02548,25,1,Marketing,Entry,Master,Hybrid,Contract,15000.0,12611.55,14298.35,2156.24,1,2769.19,143627.93,13,34.5,29,13,73.0
EMP02549,23,3,IT,Mid,Master,Hybrid,Full-Time,30588.49,28360.31,29231.37,923.82,9,5351.82,141850.86,9,49.8,38,12,62.0
EMP02550,43,13,Operations,Entry,Master,Remote,Contract,97199.27,80446.22,101498.09,3864.67,7,6969.23,119829.31,42,36.9,43,19,83.2
EMP02551,46,24,Finance,Manager,Master,Remote,Part-Time,122385.76,108420.42,120751.32,20348.01,3,4869.23,123245.9,14,53.7,68,8,59.6
EMP02552,57,29,HR,Entry,PhD,Hybrid,Part-Time,88425.29,70353.88,94350.53,5476.29,9,1278.29,121169.93,28,50.3,36,8,76.5
EMP02553,44,24,Finance,Mid,PhD,Hybrid,Part-Time,116654.44,93542.22,120345.19,9799.17,2,670.84,72660.59,40,47.1,25,12,76.1
EMP02554,39,19,IT,Junior,Diploma,Office,Full-Time,98559.9,81334.05,106531.82,4548.89,10,3614.83,187545.47,3,48.0,91,4,74.5
EMP02555,45,20,Engineering,Mid,Master,Hybrid,Part-Time,101000.39,81892.4,115188.83,5567.88,17,1927.13,96376.41,41,31.2,82,7,67.9
EMP02556,41,21,IT,Entry,PhD,Hybrid,Contract,98548.47,78915.23,104042.27,15725.88,1,9108.81,5045.25,29,44.2,20,16,76.0
EMP02557,32,12,Sales,Manager,Bachelor,Hybrid,Part-Time,75482.56,57361.75,83595.11,5067.5,18,2170.41,70323.91,33,53.5,91,18,81.9
EMP02558,53,15,Finance,Senior,PhD,Hybrid,Contract,79148.94,72607.23,87111.98,7980.29,6,4245.69,26926.23,15,31.0,18,6,46.9
EMP02559,24,4,IT,Senior,PhD,Office,Part-Time,31119.9,23740.13,35301.11,1472.0,6,7264.74,73313.37,47,37.3,99,18,70.3
EMP02560,27,7,Finance,Manager,Diploma,Remote,Contract,68668.01,63687.73,68173.84,9752.74,9,8246.51,122044.23,39,31.3,10,4,50.8
EMP02561,42,1,IT,Entry,PhD,Office,Part-Time,33591.9,26036.85,37470.6,5075.35,10,5038.27,5510.23,15,44.2,18,9,62.9
EMP02562,53,3,HR,Manager,Bachelor,Hybrid,Part-Time,48018.37,36640.53,54313.77,4086.59,15,2220.78,174169.91,7,32.9,68,13,75.7
EMP02563,37,17,IT,Entry,Master,Hybrid,Part-Time,81585.18,70375.46,83914.65,13155.97,4,3073.5,122451.51,45,42.0,1,19,67.6
EMP02564,44,24,Finance,Mid,High School,Remote,Contract,138212.45,117548.08,139976.49,8732.7,8,4480.2,59779.0,12,48.0,24,12,64.7
EMP02565,54,29,Sales,Junior,Diploma,Remote,Contract,171030.94,145076.47,195044.91,24721.27,4,3963.65,62929.83,50,34.1,89,16,83.6
EMP02566,48,5,Finance,Entry,Bachelor,Remote,Part-Time,47562.69,41137.01,51154.94,7200.69,3,3812.39,93667.97,39,48.9,29,5,50.2
EMP02567,59,16,Marketing,Senior,Diploma,Office,Contract,80445.32,64952.47,82547.79,15635.22,4,1752.61,50370.27,7,31.5,16,2,59.1
EMP02568,42,22,Finance,Senior,Master,Remote,Contract,136508.51,120481.03,151301.33,8438.67,1,9176.45,1864.04,47,33.7,84,3,67.5
EMP02569,37,4,HR,Junior,PhD,Hybrid,Full-Time,41696.31,35461.89,42150.58,1537.25,9,782.69,6284.93,41,37.0,83,13,71.8
EMP02570,54,4,Operations,Entry,PhD,Hybrid,Part-Time,36717.92,29996.66,36177.49,2472.82,11,4680.02,72190.39,6,49.9,17,7,60.5
EMP02571,26,6,HR,Junior,Bachelor,Hybrid,Contract,61418.18,56216.06,65029.19,2586.64,19,9813.05,25720.11,26,51.3,79,13,69.5
EMP02572,26,6,HR,Mid,Master,Office,Contract,39358.92,35247.65,41848.07,1989.4,20,6767.38,5450.37,9,35.5,91,16,82.9
EMP02573,54,8,IT,Junior,High School,Remote,Contract,48312.42,40037.57,53875.56,3871.79,7,3876.4,171994.58,24,32.4,75,14,71.7
EMP02574,21,1,HR,Mid,High School,Remote,Contract,35348.45,32503.73,36812.06,3341.08,5,1887.93,55553.33,30,51.2,39,18,63.3
EMP02575,30,1,Finance,Senior,PhD,Remote,Full-Time,15000.0,14010.77,16693.76,2740.06,2,9656.79,101121.39,16,46.2,5,13,57.9
EMP02576,41,8,Operations,Mid,Master,Remote,Contract,48658.48,41718.48,49255.25,2686.48,19,632.87,36702.41,48,33.9,87,14,65.4
EMP02577,25,5,Engineering,Entry,Master,Hybrid,Contract,50176.72,39789.66,53441.9,9780.28,3,6973.18,10298.27,27,43.9,42,9,55.0
EMP02578,22,2,Sales,Entry,Bachelor,Office,Full-Time,20547.7,19174.26,20377.04,3407.37,15,8861.31,149228.39,33,51.8,69,8,52.4
EMP02579,42,21,Engineering,Entry,High School,Remote,Part-Time,103206.42,81315.91,106002.19,18439.36,7,739.02,25866.41,23,31.7,16,5,73.2
EMP02580,22,2,HR,Entry,Bachelor,Hybrid,Part-Time,36103.78,27427.48,40490.67,6762.23,5,7389.16,6117.66,45,32.1,41,7,54.2
EMP02581,30,10,Finance,Manager,Diploma,Hybrid,Full-Time,54772.93,44667.19,54400.35,8521.76,10,9988.96,117858.84,19,36.8,18,16,69.9
EMP02582,54,28,IT,Mid,Master,Office,Part-Time,131831.43,118040.98,146602.87,21354.1,9,6576.6,3680.05,36,46.3,54,10,73.2
EMP02583,36,16,IT,Entry,High School,Remote,Part-Time,114519.11,107035.84,115272.0,11315.32,14,4439.45,87820.9,19,34.5,91,3,67.2
EMP02584,59,17,Sales,Junior,Bachelor,Office,Full-Time,117098.74,102749.13,112051.55,13101.13,13,8806.81,58478.37,22,50.4,28,17,80.7
EMP02585,42,6,Sales,Junior,PhD,Remote,Contract,35398.42,33287.53,34406.8,6649.5,1,5764.7,64564.18,42,48.8,53,10,65.5
EMP02586,32,0,Finance,Manager,Diploma,Office,Full-Time,24791.9,19051.94,27250.66,2183.82,16,7619.69,1775.91,45,44.0,70,11,56.8
EMP02587,44,24,Sales,Mid,Bachelor,Remote,Full-Time,130577.06,99519.4,130892.29,3597.46,20,6083.9,192904.87,33,32.9,82,20,78.6
EMP02588,60,0,Sales,Mid,PhD,Remote,Full-Time,22424.06,19527.73,24236.57,3527.21,8,863.77,103875.66,45,54.7,7,10,63.6
EMP02589,58,23,IT,Mid,High School,Office,Full-Time,116497.85,109883.49,126963.99,14348.85,17,2524.88,114929.91,10,42.3,7,18,78.0
EMP02590,30,3,Finance,Manager,High School,Remote,Full-Time,47501.61,40402.22,48405.27,7917.46,6,1248.25,133558.37,47,41.3,68,1,64.1
EMP02591,55,3,Operations,Mid,Diploma,Office,Contract,54308.07,41290.59,56751.06,1824.71,2,1513.53,159706.84,32,54.9,42,4,56.0
EMP02592,52,17,Sales,Mid,PhD,Office,Part-Time,79326.39,63004.49,81765.95,10456.94,13,646.35,121973.91,15,51.6,97,3,58.6
EMP02593,27,7,Finance,Entry,Master,Remote,Full-Time,50365.8,40240.19,57390.31,3252.98,8,4501.07,152677.42,39,41.4,49,20,75.0
EMP02594,41,21,HR,Mid,High School,Remote,Contract,115608.57,94518.26,117225.9,21108.78,9,2197.19,90298.32,46,40.5,84,6,73.2
EMP02595,40,20,IT,Entry,Master,Office,Full-Time,107236.23,81362.34,105806.19,4266.26,13,8629.12,74883.75,8,32.4,3,6,66.4
EMP02596,46,26,Operations,Entry,Master,Hybrid,Contract,98835.4,92013.63,101120.33,16975.22,18,7625.36,164803.65,25,53.2,35,17,68.0
EMP02597,24,4,IT,Mid,Bachelor,Office,Part-Time,17402.68,14846.45,18862.82,625.45,18,5945.18,173196.79,18,51.1,4,19,61.1
EMP02598,42,5,IT,Junior,Bachelor,Hybrid,Contract,49798.61,44031.24,54254.22,1220.94,9,5145.7,28423.53,15,37.8,86,17,64.7
EMP02599,35,15,Marketing,Senior,High School,Hybrid,Contract,85064.47,64941.16,96532.14,5300.43,2,2930.75,108989.38,26,48.8,18,17,73.6
EMP02600,60,33,Finance,Junior,Master,Office,Part-Time,148837.14,113238.73,167642.85,11899.23,4,5012.04,137044.84,41,49.1,41,17,84.7
EMP02601,41,21,HR,Mid,Bachelor,Office,Part-Time,107949.74,93624.11,108777.07,14333.05,18,6591.68,17636.15,44,35.7,14,3,63.4
EMP02602,35,15,Sales,Mid,PhD,Office,Contract,69293.71,64267.09,72137.01,3028.86,17,7931.17,185989.77,21,45.3,57,14,78.6
EMP02603,42,12,HR,Junior,PhD,Hybrid,Full-Time,68551.82,58659.54,75369.55,6767.39,12,1275.98,104501.84,22,36.4,13,2,68.9
EMP02604,48,17,Finance,Mid,PhD,Office,Full-Time,89921.46,83228.05,101908.66,5104.61,16,7230.41,129446.03,46,49.7,47,4,67.5
EMP02605,34,12,IT,Entry,PhD,Office,Part-Time,48860.76,44570.7,49712.55,8499.55,13,7555.93,36470.31,34,33.8,71,18,79.0
EMP02606,47,16,Marketing,Manager,Master,Remote,Full-Time,76166.88,58280.67,79128.88,2139.83,11,5810.24,53622.5,37,46.7,72,2,61.4
EMP02607,60,14,Finance,Mid,PhD,Remote,Part-Time,93813.43,74149.34,105999.39,7886.78,14,2536.03,25079.24,37,38.2,74,12,66.2
EMP02608,48,17,Operations,Mid,Master,Remote,Contract,113463.31,100022.69,115925.1,15164.07,10,5622.25,53535.75,14,30.9,81,15,82.5
EMP02609,46,22,Operations,Junior,High School,Office,Contract,90882.46,76223.15,95072.38,16754.72,19,5275.7,98986.96,4,33.1,62,13,68.9
EMP02610,22,2,Finance,Entry,High School,Office,Full-Time,45170.29,36503.92,51083.12,7960.76,17,5019.25,166892.29,24,46.4,54,11,67.9
EMP02611,45,25,Sales,Junior,PhD,Office,Part-Time,82076.51,68429.39,91141.75,14866.89,9,4876.08,107210.96,2,36.0,31,7,81.9
EMP02612,23,3,HR,Junior,PhD,Hybrid,Full-Time,15000.0,12585.6,14980.29,469.7,14,1552.84,49648.26,1,45.8,35,9,65.2
EMP02613,28,2,HR,Mid,PhD,Hybrid,Full-Time,16766.09,15627.85,17016.9,2873.14,5,2237.48,9879.59,2,40.4,84,15,67.7
EMP02614,53,6,Sales,Entry,High School,Remote,Contract,37517.53,28914.45,38290.08,6017.22,3,1424.65,124772.0,13,47.3,90,3,52.9
EMP02615,55,17,Marketing,Mid,Bachelor,Hybrid,Full-Time,85566.22,68961.76,96907.82,15610.5,8,2803.54,84611.82,27,42.3,84,10,73.4
EMP02616,26,6,IT,Mid,High School,Hybrid,Contract,69357.09,59474.6,79745.86,5276.95,18,3003.03,196886.42,17,37.7,74,8,71.6
EMP02617,59,5,Engineering,Mid,PhD,Hybrid,Part-Time,18978.92,16884.73,20967.93,3494.36,3,2828.22,156172.22,45,33.6,56,6,59.9
EMP02618,43,21,Engineering,Mid,Bachelor,Remote,Full-Time,113923.91,99811.86,119262.98,10535.16,2,2503.83,161864.2,17,38.5,43,14,80.9
EMP02619,45,0,IT,Manager,Bachelor,Remote,Contract,24698.45,23175.26,23513.79,3313.0,11,7486.51,3434.77,5,45.9,33,6,59.4
EMP02620,39,3,Operations,Senior,Diploma,Hybrid,Full-Time,35885.09,32623.92,39096.72,3457.61,5,8276.37,155781.27,24,48.5,50,19,70.8
EMP02621,25,5,Marketing,Entry,Master,Office,Part-Time,30714.86,26458.25,31570.95,2978.63,7,3607.54,39728.05,8,34.0,68,9,62.0
EMP02622,31,11,Sales,Manager,PhD,Remote,Full-Time,68427.66,54258.8,73669.04,8101.47,14,3398.72,117573.38,44,46.6,91,9,58.9
EMP02623,32,12,Engineering,Senior,Master,Hybrid,Full-Time,52417.06,44039.5,56156.43,4406.53,19,8518.31,90036.89,9,34.5,9,20,67.7
EMP02624,30,10,Finance,Senior,Diploma,Office,Contract,75619.83,67201.56,79110.92,12302.79,2,6427.28,114749.17,18,35.5,11,16,64.0
EMP02625,28,8,HR,Senior,Master,Office,Part-Time,58173.16,53379.25,66252.1,7798.4,9,3287.66,27555.26,16,43.3,40,13,70.3
EMP02626,44,11,Finance,Manager,PhD,Remote,Part-Time,54857.6,51672.96,52368.67,7908.05,10,7279.32,91921.44,32,37.2,2,13,64.7
EMP02627,48,5,HR,Entry,Diploma,Office,Part-Time,45358.36,39511.24,49550.68,2793.45,19,3773.63,8351.99,40,46.5,64,12,73.6
EMP02628,56,19,Finance,Junior,Master,Remote,Full-Time,84444.38,72232.36,87143.89,16426.42,17,6072.28,9158.87,39,53.9,100,20,83.5
EMP02629,57,23,Sales,Senior,High School,Hybrid,Contract,123866.39,93338.08,135356.0,17196.58,7,9930.02,131889.89,41,33.7,39,2,62.5
EMP02630,41,21,Sales,Junior,Bachelor,Remote,Full-Time,92660.7,70831.67,100540.93,5142.23,18,3365.15,190387.98,44,44.3,64,4,62.7
EMP02631,28,7,Marketing,Junior,Diploma,Office,Full-Time,61579.34,48107.07,58626.46,9550.23,6,9340.0,155701.19,46,53.1,76,7,60.3
EMP02632,29,0,Finance,Mid,High School,Remote,Full-Time,24653.91,18760.44,24828.16,1263.97,9,3546.2,94362.0,32,34.4,78,19,70.7
EMP02633,35,15,Finance,Junior,PhD,Remote,Part-Time,60884.67,50544.79,60142.99,1912.34,8,5632.72,12118.28,42,39.2,70,3,62.6
EMP02634,60,6,Marketing,Mid,Bachelor,Hybrid,Contract,58244.93,47607.99,57277.9,6695.81,9,4869.85,9959.01,48,33.1,29,11,55.5
EMP02635,38,18,Marketing,Entry,Diploma,Office,Part-Time,109899.68,96433.76,120416.57,13147.77,1,7940.02,32420.56,2,46.1,87,19,86.3
EMP02636,40,20,Sales,Entry,Bachelor,Remote,Full-Time,79104.28,67802.89,78938.97,4272.72,2,1080.38,195186.29,38,46.7,71,14,76.5
EMP02637,26,6,Sales,Mid,Diploma,Hybrid,Full-Time,52687.11,45795.33,55055.26,4357.66,4,6457.66,80333.55,43,46.6,66,17,72.1
EMP02638,32,12,Operations,Entry,Diploma,Hybrid,Contract,87932.75,74250.01,87879.79,16728.19,20,7726.34,168838.05,4,43.6,78,5,60.0
EMP02639,22,2,Finance,Senior,Master,Hybrid,Part-Time,35443.62,28551.51,37784.55,2527.15,18,4985.38,141323.35,5,48.7,99,14,61.4
EMP02640,27,7,Sales,Entry,Bachelor,Hybrid,Full-Time,49567.3,46621.27,54232.32,2379.34,10,1500.28,121480.3,37,30.9,42,7,60.6
EMP02641,36,10,Engineering,Mid,Bachelor,Hybrid,Full-Time,76055.26,58355.82,77288.49,15109.23,1,2825.65,189617.4,49,53.9,52,12,53.4
EMP02642,23,3,Sales,Senior,High School,Remote,Contract,58061.06,54448.39,62160.41,4320.61,10,6956.89,46851.9,37,35.6,77,17,75.0
EMP02643,23,3,Finance,Junior,PhD,Remote,Full-Time,23172.68,18821.95,25836.86,3300.85,9,9006.66,91523.04,26,33.0,90,20,67.8
EMP02644,47,27,Marketing,Junior,High School,Office,Part-Time,104614.69,89187.4,101355.41,6452.72,13,4505.28,173079.87,43,53.5,29,18,76.5
EMP02645,60,0,Finance,Junior,Master,Remote,Part-Time,15567.84,12014.77,17002.17,1852.91,15,5823.91,110800.5,9,50.8,40,1,56.9
EMP02646,58,30,Engineering,Mid,Diploma,Office,Full-Time,152472.64,116517.49,154703.16,13650.99,18,2669.66,50042.58,15,49.1,43,11,74.6
EMP02647,53,29,IT,Junior,Master,Office,Full-Time,156963.93,131207.58,152966.06,30307.27,13,4416.03,42574.37,24,32.6,36,4,62.0
EMP02648,48,17,Finance,Entry,Master,Office,Full-Time,92321.28,82935.85,97780.32,9038.72,5,3699.5,150823.32,24,50.2,5,12,77.8
EMP02649,21,1,IT,Junior,High School,Remote,Contract,30980.81,24904.63,30833.72,3877.29,2,6727.49,3544.99,35,45.2,82,5,49.8
EMP02650,28,8,Finance,Manager,Diploma,Hybrid,Contract,39219.04,33825.23,43700.7,7453.89,7,9854.64,182924.22,48,48.3,36,15,51.7
EMP02651,57,22,Engineering,Manager,PhD,Office,Part-Time,137483.18,110774.33,131788.52,27230.22,9,8226.38,4665.18,41,54.5,0,20,81.1
EMP02652,52,24,IT,Junior,Master,Hybrid,Part-Time,102906.07,85177.68,99791.17,3941.15,19,2325.56,126566.82,25,34.9,88,3,60.9
EMP02653,57,14,IT,Junior,PhD,Office,Full-Time,78309.39,72928.7,82553.7,13326.51,14,5987.95,121344.84,26,42.6,9,15,77.0
EMP02654,24,4,Engineering,Manager,Diploma,Remote,Full-Time,19669.27,18118.7,21002.62,1746.26,17,1130.91,116103.82,23,48.8,25,8,62.2
EMP02655,50,2,Finance,Junior,Diploma,Office,Full-Time,44337.98,37829.32,48593.42,5633.99,20,2845.7,95394.27,6,40.8,86,11,67.6
EMP02656,26,6,Operations,Senior,High School,Remote,Contract,39801.52,31746.53,39875.24,3482.98,20,2136.07,170633.64,41,31.4,16,12,58.7
EMP02657,39,19,Sales,Manager,Bachelor,Hybrid,Contract,84818.38,66890.9,94856.82,7820.33,11,3687.68,132207.24,27,32.8,63,3,60.9
EMP02658,52,32,HR,Mid,High School,Remote,Full-Time,109622.94,103135.18,125039.05,5327.06,5,6948.73,156590.59,19,45.1,93,6,75.0
EMP02659,29,0,Sales,Manager,PhD,Hybrid,Full-Time,15000.0,11858.15,15747.12,1846.47,12,5244.24,23988.84,31,37.1,26,8,51.5
EMP02660,32,12,IT,Entry,High School,Remote,Part-Time,49177.4,44831.77,54198.72,5823.04,9,9362.64,10929.83,38,33.4,74,7,75.3
EMP02661,31,11,Finance,Senior,Diploma,Office,Contract,60509.18,49847.1,63835.35,3272.58,17,2521.11,6677.17,43,38.5,67,17,67.6
EMP02662,36,5,Finance,Mid,Master,Office,Full-Time,39582.45,37489.81,38153.27,4651.39,8,3959.99,30293.99,32,35.0,17,16,68.6
EMP02663,21,0,Finance,Junior,Bachelor,Remote,Contract,26394.02,21738.94,26795.8,5151.01,8,3633.6,133734.57,2,30.6,82,17,75.5
EMP02664,41,0,Finance,Entry,Diploma,Hybrid,Full-Time,29816.58,24458.64,28847.46,4430.55,12,2741.65,99310.33,18,33.8,99,13,60.9
EMP02665,50,26,Operations,Entry,Master,Hybrid,Full-Time,148199.43,130043.92,170099.73,15794.63,19,9935.12,150698.2,28,52.1,49,4,72.4
EMP02666,33,13,HR,Senior,PhD,Hybrid,Part-Time,84931.29,80031.04,84575.02,15703.38,10,4178.64,39154.34,7,30.3,89,10,64.4
EMP02667,54,15,Marketing,Mid,PhD,Remote,Part-Time,116445.06,110068.75,125432.29,14387.55,2,9434.84,74025.65,23,49.3,64,16,72.6
EMP02668,24,4,IT,Entry,PhD,Remote,Part-Time,35304.9,31472.24,35547.41,1564.31,8,4209.5,177811.01,36,48.8,19,19,63.6
EMP02669,48,15,HR,Mid,High School,Remote,Full-Time,97462.88,87806.38,105323.19,11554.39,14,2438.87,187207.19,24,44.1,61,7,62.4
EMP02670,58,27,Sales,Mid,PhD,Remote,Part-Time,88906.68,76698.05,88202.57,4674.28,19,1632.46,184424.1,28,35.2,74,18,83.1
EMP02671,51,0,Marketing,Entry,PhD,Hybrid,Full-Time,15000.0,13517.33,16605.81,2372.26,4,8627.85,163842.7,25,52.0,58,13,55.2
EMP02672,47,27,Marketing,Mid,High School,Hybrid,Contract,119947.76,110586.55,116608.7,23280.82,9,804.93,137958.94,39,41.9,24,4,74.7
EMP02673,25,5,Finance,Senior,Master,Remote,Contract,17499.54,14825.95,19757.51,1486.54,13,9661.75,182821.9,49,34.3,82,18,64.1
EMP02674,45,16,HR,Entry,Diploma,Remote,Full-Time,109916.65,96064.12,122896.08,10803.18,9,4472.82,143122.14,4,40.7,95,16,67.9
EMP02675,23,3,Sales,Senior,Bachelor,Hybrid,Part-Time,24387.0,20910.96,26478.47,2337.97,13,2850.06,190833.31,45,34.9,64,18,67.5
EMP02676,53,6,Finance,Senior,PhD,Hybrid,Part-Time,64815.25,55902.78,62448.39,4624.83,16,6365.74,5932.88,19,39.4,64,16,66.7
EMP02677,24,4,Finance,Mid,PhD,Office,Contract,40788.66,37852.27,40450.68,6646.61,1,1762.67,184406.78,4,42.4,66,9,66.1
EMP02678,45,14,Engineering,Mid,PhD,Remote,Full-Time,70755.63,58099.1,79378.79,9282.51,8,1185.38,111592.37,13,39.0,57,2,63.6
EMP02679,40,20,Engineering,Entry,High School,Office,Full-Time,93988.82,74405.01,91582.23,2963.4,9,8363.94,23247.75,1,46.4,39,6,55.9
EMP02680,54,3,Engineering,Junior,High School,Hybrid,Full-Time,37328.24,31402.61,36625.97,6382.57,13,4534.37,43767.34,34,53.4,95,6,70.2
EMP02681,46,13,Operations,Entry,High School,Hybrid,Contract,50214.81,39750.9,53167.47,2695.32,17,5423.42,170579.7,7,38.7,46,6,62.4
EMP02682,25,5,IT,Senior,Bachelor,Remote,Contract,55303.3,46990.12,55570.72,10853.12,9,2178.61,101717.27,25,38.9,99,14,71.9
EMP02683,55,15,Marketing,Mid,Diploma,Office,Part-Time,55499.56,51653.53,55189.6,4872.83,7,1083.53,196580.73,23,48.5,42,11,84.0
EMP02684,48,6,Sales,Senior,PhD,Hybrid,Full-Time,44988.43,39296.8,47920.0,5891.73,20,3993.87,24388.69,30,43.3,7,17,74.5
EMP02685,49,29,Marketing,Manager,Master,Office,Full-Time,116545.6,107348.59,119402.76,3963.51,10,5308.39,83088.19,49,40.7,93,4,76.2
EMP02686,29,9,HR,Manager,PhD,Office,Full-Time,69975.45,54807.44,68443.82,5740.74,5,7771.59,67043.01,7,50.3,61,4,52.6
EMP02687,58,1,IT,Senior,PhD,Office,Full-Time,38649.04,35950.36,40850.9,6354.82,17,5259.99,103710.95,45,52.3,33,19,56.9
EMP02688,26,6,Finance,Junior,PhD,Office,Contract,35565.44,30954.64,36540.02,3766.29,2,7933.82,127054.13,17,44.8,7,16,72.9
EMP02689,39,16,IT,Junior,PhD,Office,Part-Time,78792.47,59594.84,86427.72,14405.52,9,1596.61,132664.26,33,34.6,24,8,62.7
EMP02690,31,11,Finance,Entry,Diploma,Remote,Contract,91263.62,80003.86,88576.01,11273.33,2,1107.65,1257.88,2,41.7,25,19,69.6
EMP02691,22,2,Engineering,Entry,Master,Remote,Part-Time,29463.82,27704.22,31647.75,5513.95,10,2009.18,18703.13,38,42.6,90,20,64.2
EMP02692,29,9,IT,Entry,High School,Office,Full-Time,57517.95,44049.17,59663.29,11323.55,12,7834.12,7977.7,44,40.8,53,1,62.6
EMP02693,41,21,Finance,Mid,Master,Remote,Full-Time,112968.16,97885.92,116494.17,11488.98,2,7713.64,173055.23,13,36.6,82,4,77.8
EMP02694,44,19,Marketing,Junior,PhD,Hybrid,Full-Time,101738.59,94931.85,101378.19,12384.45,15,1842.99,63345.16,32,41.8,86,12,85.4
EMP02695,54,0,Engineering,Senior,Master,Office,Full-Time,19409.09,14594.45,18556.74,3305.09,3,794.39,74045.62,22,41.2,40,19,63.4
EMP02696,42,5,Engineering,Manager,PhD,Remote,Full-Time,25815.59,22619.17,28901.53,1545.73,2,7010.18,90623.88,9,35.2,79,2,64.7
EMP02697,23,3,Engineering,Junior,Master,Remote,Contract,27278.77,23050.02,27695.64,4776.33,7,8625.18,170011.58,17,52.6,71,6,60.7
EMP02698,32,12,Marketing,Junior,Bachelor,Hybrid,Part-Time,72275.06,59222.03,78506.49,9146.09,9,7664.02,3819.09,18,52.1,62,20,81.1
EMP02699,48,5,Marketing,Junior,Master,Hybrid,Contract,27151.77,23771.57,30939.92,4088.79,11,2426.59,24605.04,40,49.0,93,3,62.0
EMP02700,50,30,Marketing,Entry,High School,Hybrid,Full-Time,122864.61,93443.5,130604.84,4223.31,16,6045.8,137347.46,40,40.0,71,3,67.0
EMP02701,46,22,Engineering,Mid,High School,Hybrid,Part-Time,95403.3,85921.41,98210.96,15065.5,7,7694.97,192814.61,27,39.3,74,1,76.9
EMP02702,41,21,IT,Senior,Master,Office,Part-Time,118419.5,88920.72,118852.29,8992.97,13,2930.37,128914.5,11,47.9,6,9,68.0
EMP02703,48,25,Finance,Entry,Master,Remote,Full-Time,129146.07,104787.46,146814.38,21301.59,3,5513.35,52963.57,28,45.2,84,7,71.7
EMP02704,46,12,Marketing,Mid,Diploma,Remote,Part-Time,91711.48,78027.37,99636.76,10239.35,11,3487.37,104453.02,8,45.0,97,9,71.3
EMP02705,53,6,IT,Junior,Master,Hybrid,Contract,48510.1,40040.45,52539.17,3368.08,3,2642.97,195021.11,50,33.1,84,1,55.3
EMP02706,41,14,Finance,Mid,High School,Remote,Contract,46571.24,37792.33,48212.02,8918.24,15,9711.1,106087.23,18,45.5,68,8,70.9
EMP02707,55,26,Engineering,Entry,Bachelor,Remote,Contract,146578.68,134290.55,164022.97,23117.1,8,9169.53,75328.02,13,52.5,49,18,78.1
EMP02708,54,25,IT,Junior,High School,Remote,Contract,131946.63,123629.58,144182.63,26049.37,7,4733.84,77301.69,33,32.1,42,3,62.4
EMP02709,38,18,Engineering,Entry,Diploma,Hybrid,Part-Time,73824.87,68269.0,74314.82,6319.75,5,1799.39,193439.67,15,38.5,16,17,88.8
EMP02710,31,11,Operations,Senior,Master,Remote,Contract,63667.12,54402.68,68118.46,8713.45,6,7415.12,144064.39,22,42.7,20,7,54.9
EMP02711,43,23,Marketing,Junior,Bachelor,Remote,Part-Time,131867.27,122218.92,136619.61,17154.08,19,2929.16,137747.4,38,47.2,5,11,72.1
EMP02712,42,22,HR,Mid,High School,Remote,Full-Time,103872.27,97034.6,98815.56,14932.7,3,2100.92,47178.81,30,32.2,70,5,70.5
EMP02713,37,4,IT,Entry,Bachelor,Office,Contract,29654.14,24667.73,32961.31,797.61,11,4124.53,112337.44,6,51.8,74,13,59.8
EMP02714,25,1,Marketing,Manager,PhD,Office,Full-Time,27976.43,22568.28,27264.88,2028.56,6,5533.57,71992.29,45,31.0,81,11,62.3
EMP02715,31,11,Sales,Mid,High School,Remote,Contract,85386.99,65718.36,89826.34,15683.95,14,1425.68,48800.1,34,51.4,37,3,51.2
EMP02716,50,15,Finance,Mid,PhD,Remote,Full-Time,94944.04,80305.41,96581.37,9141.93,17,5931.59,179214.9,19,30.7,62,13,86.0
EMP02717,35,15,Operations,Junior,Bachelor,Remote,Full-Time,84353.31,79229.63,85906.91,16273.09,3,645.81,77248.01,49,33.8,11,20,70.5
EMP02718,47,15,Marketing,Mid,Master,Remote,Full-Time,81958.4,70663.02,85685.29,4788.88,4,8972.76,57274.65,33,50.0,21,6,62.1
EMP02719,55,13,Sales,Entry,Master,Remote,Full-Time,75334.33,66558.81,86589.63,15031.93,9,9247.05,186412.36,14,51.5,2,15,80.8
EMP02720,53,28,IT,Manager,Master,Remote,Full-Time,108186.46,83582.35,111613.37,15748.12,13,7464.17,40271.93,48,54.6,18,2,61.1
EMP02721,40,20,IT,Senior,PhD,Office,Part-Time,95558.24,74411.58,94264.94,15265.51,6,4932.22,149355.45,47,32.9,42,2,73.8
EMP02722,36,16,Sales,Manager,Master,Hybrid,Part-Time,97466.19,82153.73,104554.05,8911.82,10,2921.51,130896.68,41,43.2,86,14,78.8
EMP02723,54,14,Operations,Entry,Diploma,Remote,Contract,105402.13,99104.67,105113.07,19316.15,20,7569.06,184176.4,19,31.9,97,2,52.3
EMP02724,22,2,Sales,Junior,High School,Remote,Part-Time,32953.49,27092.94,32001.45,3894.55,20,9352.07,166577.38,40,33.9,66,5,57.2
EMP02725,55,22,Finance,Entry,High School,Remote,Full-Time,85167.72,78822.46,81763.98,12142.27,13,2006.07,141353.75,15,34.4,86,16,82.1
EMP02726,60,28,IT,Mid,Bachelor,Hybrid,Part-Time,116210.31,89953.49,110931.61,4307.39,14,4925.31,63599.76,10,31.6,4,8,70.2
EMP02727,48,28,Sales,Junior,PhD,Remote,Part-Time,133644.67,116725.72,138487.01,17868.63,12,3494.99,99618.23,2,52.3,28,8,72.1
EMP02728,59,32,HR,Senior,High School,Remote,Full-Time,143726.11,125059.33,148806.13,25616.91,13,3889.05,188954.66,50,33.2,97,11,77.2
EMP02729,26,6,HR,Senior,PhD,Hybrid,Part-Time,47750.4,44024.67,47134.85,2487.37,10,4354.7,5617.32,2,45.7,4,13,57.4
EMP02730,29,6,Sales,Entry,Bachelor,Remote,Full-Time,56248.58,42223.75,62256.14,8594.26,7,9542.07,159072.03,21,45.6,92,15,68.7
EMP02731,40,2,Finance,Mid,Master,Hybrid,Part-Time,33014.48,26014.96,32217.32,811.24,5,2957.05,51110.26,12,35.0,44,4,71.0
EMP02732,21,1,IT,Senior,Bachelor,Hybrid,Full-Time,36741.1,29170.14,41630.0,6860.17,12,5180.42,37818.37,10,55.0,53,8,54.0
EMP02733,28,8,HR,Manager,Diploma,Remote,Contract,60082.45,56477.1,64138.93,11831.74,2,9539.13,47212.7,12,38.7,23,16,63.7
EMP02734,43,17,Sales,Junior,Master,Office,Part-Time,113572.01,88670.07,108520.7,9511.93,8,5022.54,12890.45,39,52.6,20,16,71.5
EMP02735,23,3,Engineering,Manager,Master,Office,Contract,46424.05,35161.23,53043.87,1823.23,8,8704.2,198403.99,2,53.7,31,10,50.7
EMP02736,24,0,Sales,Senior,Master,Remote,Full-Time,35747.4,30631.68,36161.65,4952.58,19,1058.27,174103.96,1,53.7,4,2,54.7
EMP02737,45,13,Marketing,Senior,Bachelor,Hybrid,Full-Time,46109.62,39456.54,47953.77,1169.81,5,9553.79,104690.14,2,48.8,61,18,65.0
EMP02738,58,31,Sales,Entry,Diploma,Hybrid,Contract,122301.83,112372.07,123140.05,13067.65,8,2281.55,143305.53,23,36.3,17,16,70.4
EMP02739,35,5,Finance,Entry,PhD,Hybrid,Full-Time,48150.84,45250.81,52758.11,3318.57,10,9809.38,111762.48,28,33.0,34,4,50.1
EMP02740,41,9,HR,Junior,Bachelor,Remote,Full-Time,38026.66,32615.81,39819.08,4000.44,13,2167.98,162504.21,17,44.2,79,20,63.3
EMP02741,55,6,Marketing,Entry,High School,Office,Full-Time,34389.15,32188.21,33580.13,800.91,9,4721.48,169108.27,40,39.0,98,19,83.0
EMP02742,34,14,HR,Mid,High School,Hybrid,Full-Time,102629.5,91856.67,99636.91,3006.04,7,3431.84,47325.3,21,50.8,87,8,73.2
EMP02743,56,33,HR,Junior,Bachelor,Hybrid,Full-Time,102700.45,82459.4,112464.7,2349.34,20,4615.7,92489.81,44,48.6,99,20,94.9
EMP02744,32,12,Finance,Mid,PhD,Remote,Full-Time,56330.01,52707.09,56184.46,7404.23,20,2879.99,127334.7,34,36.9,4,8,67.7
EMP02745,37,17,Sales,Entry,High School,Office,Full-Time,103640.35,91565.07,101314.52,12521.49,19,9670.52,195709.73,9,30.4,8,14,67.8
EMP02746,59,20,Finance,Junior,PhD,Office,Full-Time,110255.86,91823.19,115756.03,6832.38,11,3404.39,136855.19,17,35.9,3,16,71.2
EMP02747,29,9,Sales,Senior,Master,Remote,Contract,58177.89,51548.43,64609.63,7935.22,8,6706.11,179629.37,49,44.2,32,6,68.4
EMP02748,55,32,Marketing,Manager,Bachelor,Office,Part-Time,186772.25,155070.0,187847.41,33461.61,16,1805.75,169376.3,42,32.0,90,18,97.3
EMP02749,33,9,Finance,Senior,Master,Remote,Full-Time,46901.28,36247.04,47149.22,3279.24,10,8331.68,116830.55,45,46.5,21,8,53.0
EMP02750,35,11,Finance,Mid,High School,Hybrid,Contract,62456.98,55823.79,69750.47,10602.63,6,5653.83,178837.42,32,46.8,58,19,91.1
EMP02751,38,15,Engineering,Senior,PhD,Remote,Full-Time,70541.7,64532.78,69100.31,9823.05,10,9804.74,76106.92,5,34.2,10,4,51.9
EMP02752,53,31,Operations,Senior,Master,Hybrid,Part-Time,149690.69,134087.12,160669.84,3905.08,10,4522.32,76477.42,14,44.9,68,4,70.5
EMP02753,26,6,IT,Manager,High School,Remote,Full-Time,52480.9,41765.5,59880.85,4593.49,19,2356.75,156412.16,46,45.2,9,7,59.1
EMP02754,47,26,Finance,Manager,Diploma,Hybrid,Contract,115738.8,108948.06,129426.15,12892.87,4,3787.18,27774.19,47,41.9,2,8,69.9
EMP02755,43,23,Operations,Senior,Master,Hybrid,Contract,133281.85,100634.58,128265.53,20219.64,19,7501.17,61859.22,25,53.8,14,9,82.7
EMP02756,47,16,IT,Manager,Diploma,Remote,Part-Time,87028.84,71062.27,88245.69,6238.53,3,6761.51,122105.92,22,32.7,36,1,68.7
EMP02757,54,1,Engineering,Senior,Diploma,Hybrid,Full-Time,39172.03,31416.69,38328.85,7712.64,17,7894.3,84593.05,5,40.2,39,17,68.4
EMP02758,58,35,Sales,Junior,High School,Office,Contract,121310.36,92150.41,138275.39,17373.72,14,1197.97,188204.02,38,52.1,16,7,80.9
EMP02759,34,6,Sales,Senior,Bachelor,Remote,Part-Time,72715.4,60437.11,83418.26,6333.98,10,6013.5,191742.71,9,39.7,19,20,70.9
EMP02760,56,12,Sales,Entry,PhD,Office,Part-Time,55915.46,48904.94,55747.63,2094.85,6,9355.6,101013.68,31,40.6,3,10,58.5
EMP02761,28,8,Operations,Manager,High School,Hybrid,Full-Time,39618.47,36706.93,42944.04,2085.76,16,1525.07,108273.32,41,46.7,97,1,65.9
EMP02762,55,24,Operations,Manager,Master,Hybrid,Contract,101627.43,96336.5,113652.63,10952.33,9,1396.18,145200.79,21,46.6,33,18,77.7
EMP02763,39,19,IT,Mid,PhD,Hybrid,Full-Time,110727.09,100940.8,110365.68,12074.25,12,7307.74,91995.72,36,30.6,94,14,70.9
EMP02764,50,21,Sales,Mid,Bachelor,Remote,Full-Time,79005.92,66660.15,78021.2,12497.9,12,3494.23,38829.6,1,41.4,33,19,85.3
EMP02765,34,14,HR,Entry,High School,Hybrid,Full-Time,51232.23,45839.57,48785.49,7721.3,14,6756.5,149646.86,22,38.3,66,18,74.5
EMP02766,40,20,Finance,Manager,Bachelor,Office,Contract,88518.07,81323.74,91385.39,4977.3,2,5681.15,147819.39,23,45.7,27,13,63.4
EMP02767,45,10,Operations,Manager,Master,Office,Part-Time,50422.67,42509.41,56971.94,6408.33,10,9867.63,49751.24,23,43.9,100,7,61.2
EMP02768,60,9,Operations,Mid,High School,Remote,Full-Time,58168.48,52759.45,65765.05,1379.29,4,8946.04,166750.39,15,46.3,92,2,67.0
EMP02769,44,24,Operations,Mid,Master,Office,Full-Time,134159.71,113570.28,130879.32,12307.61,6,6941.69,123116.19,46,46.3,78,7,80.5
EMP02770,34,14,IT,Senior,PhD,Remote,Contract,64982.96,53760.35,64389.7,10237.35,13,2985.91,48024.02,1,36.4,35,10,70.2
EMP02771,46,26,Sales,Manager,PhD,Remote,Full-Time,93794.98,80215.17,96759.79,8620.84,14,2988.13,130755.79,6,36.2,34,17,81.0
EMP02772,58,16,HR,Manager,Bachelor,Hybrid,Part-Time,70110.02,62059.36,77550.44,11947.26,4,8881.32,47488.3,40,39.3,40,5,59.0
EMP02773,43,23,Finance,Senior,Bachelor,Office,Full-Time,116952.11,104716.16,125415.97,22888.46,10,6060.74,53781.36,35,36.0,58,9,73.1
EMP02774,42,1,Finance,Manager,PhD,Office,Part-Time,30265.74,24858.69,31862.87,3913.31,10,7998.18,169753.85,17,47.1,73,4,56.8
EMP02775,39,19,Sales,Entry,Diploma,Office,Full-Time,111643.97,96489.87,119278.9,5146.87,5,4773.71,185968.82,23,45.1,16,20,73.4
EMP02776,23,3,HR,Mid,PhD,Hybrid,Full-Time,35826.5,33389.38,34724.48,3164.98,4,1479.2,52119.65,20,35.4,29,15,63.5
EMP02777,39,8,IT,Mid,High School,Remote,Full-Time,49201.21,46508.07,51441.48,1068.01,12,3660.52,185682.16,28,52.1,53,14,63.4
EMP02778,29,3,Operations,Mid,Master,Office,Part-Time,38613.64,30715.21,44344.4,4961.49,14,2030.92,48520.97,37,41.5,51,18,73.4
EMP02779,48,16,Operations,Junior,PhD,Office,Full-Time,78096.0,61583.87,75572.65,13110.94,7,7927.41,24336.21,18,33.2,71,10,63.6
EMP02780,40,16,Engineering,Entry,PhD,Office,Full-Time,96377.7,85326.75,101567.57,12855.75,2,7154.86,12586.55,7,35.3,22,16,61.9
EMP02781,27,7,Sales,Entry,Master,Office,Full-Time,55551.88,46271.2,56059.06,8971.38,14,1339.92,49180.53,49,43.5,18,20,63.4
EMP02782,34,10,Finance,Senior,Master,Hybrid,Part-Time,45413.89,34280.43,48047.11,7447.09,10,6403.16,77664.06,47,38.5,36,10,71.1
EMP02783,29,9,Operations,Junior,High School,Remote,Full-Time,49656.44,40687.12,52872.38,8599.62,16,8804.29,185582.13,20,51.3,58,9,67.8
EMP02784,39,19,Engineering,Manager,Master,Office,Contract,101533.77,92532.7,108183.68,6904.24,3,7124.96,49189.44,24,42.4,35,16,61.0
EMP02785,34,14,Finance,Entry,Bachelor,Office,Part-Time,106144.68,96537.04,118928.93,18769.39,8,5355.56,73727.6,16,52.9,67,5,70.0
EMP02786,58,28,Finance,Junior,PhD,Remote,Contract,86650.57,73560.88,89072.41,11934.98,17,3462.7,147097.02,13,32.5,25,19,79.0
EMP02787,56,23,Sales,Junior,Master,Hybrid,Full-Time,87931.6,74259.6,92615.78,6344.32,4,8927.42,61112.74,28,46.7,26,1,61.4
EMP02788,60,9,Marketing,Entry,High School,Hybrid,Part-Time,53318.68,46168.72,50769.28,10541.8,19,4516.65,137189.26,7,52.1,76,1,59.6
EMP02789,37,16,Engineering,Senior,Master,Hybrid,Part-Time,90940.13,72195.49,100753.5,17372.55,15,8626.24,86983.49,15,37.3,61,5,57.0
EMP02790,50,17,Marketing,Junior,PhD,Hybrid,Full-Time,80458.48,68808.8,80611.16,9928.53,20,7938.5,40092.55,23,33.4,61,7,69.5
EMP02791,29,9,Marketing,Mid,Diploma,Office,Contract,92896.69,69877.75,103422.91,15957.56,10,8254.16,147077.72,23,41.4,51,15,60.2
EMP02792,53,17,Engineering,Junior,Master,Remote,Part-Time,97257.41,82193.39,97561.6,6522.96,10,9903.08,6380.73,31,54.0,43,11,67.2
EMP02793,45,16,HR,Manager,Bachelor,Remote,Part-Time,84633.68,69163.51,80584.61,8030.61,12,7613.21,59174.63,5,45.8,97,12,71.7
EMP02794,34,8,Sales,Entry,PhD,Remote,Part-Time,58524.45,51792.62,57410.51,3108.52,9,823.39,71880.13,27,46.1,32,17,73.8
EMP02795,31,11,Engineering,Manager,High School,Hybrid,Part-Time,82514.11,72420.22,94654.96,9375.13,15,2451.62,92185.43,44,46.8,89,17,74.8
EMP02796,55,28,Finance,Senior,PhD,Hybrid,Part-Time,145153.11,119920.74,147179.48,15862.37,18,834.35,136293.98,10,31.0,83,17,87.5
EMP02797,34,14,Engineering,Mid,Diploma,Remote,Full-Time,63783.63,47930.5,61982.69,3718.99,20,2304.18,92421.59,42,41.1,62,4,56.4
EMP02798,50,3,Operations,Entry,High School,Office,Part-Time,50254.44,40226.4,48935.35,7091.12,1,1083.68,119270.5,7,31.9,71,2,57.8
EMP02799,24,4,Engineering,Junior,Diploma,Hybrid,Contract,45390.99,39792.9,45938.79,1870.21,3,5265.36,119560.04,32,37.9,79,10,69.0
EMP02800,24,4,HR,Mid,Diploma,Office,Part-Time,31024.0,23717.06,29706.38,964.98,8,767.96,75281.06,23,50.5,68,5,69.6
EMP02801,48,8,Marketing,Junior,Bachelor,Remote,Full-Time,64860.59,50041.79,68252.65,5790.94,7,4989.5,186860.28,47,46.4,33,10,55.7
EMP02802,28,8,IT,Senior,Master,Hybrid,Full-Time,48584.0,42725.11,48231.67,4555.65,15,9038.99,191214.91,9,54.9,26,10,57.2
EMP02803,22,2,HR,Entry,Bachelor,Office,Contract,25754.86,23209.08,27142.07,1997.37,8,7611.47,116788.33,29,34.3,35,11,65.0
EMP02804,42,22,HR,Senior,Bachelor,Hybrid,Part-Time,109498.04,89165.35,107105.82,7274.0,15,9467.58,15266.49,27,39.9,3,10,79.5
EMP02805,36,14,Sales,Senior,Bachelor,Remote,Contract,78362.25,66446.07,81181.06,6345.75,5,2653.14,98734.39,38,50.2,52,11,70.9
EMP02806,49,27,Operations,Senior,High School,Remote,Contract,149823.75,140705.82,160248.99,7402.43,12,5545.32,37699.45,21,35.4,70,6,65.5
EMP02807,50,18,HR,Senior,Master,Remote,Contract,117637.08,110474.01,113213.93,10895.72,12,3526.5,97159.69,43,33.8,36,10,61.2
EMP02808,32,12,Engineering,Junior,Master,Office,Contract,76811.33,62332.44,79096.46,14043.31,9,5191.29,38508.15,6,40.7,99,8,70.5
EMP02809,55,25,Operations,Manager,High School,Hybrid,Part-Time,116243.73,106014.0,117464.85,7020.75,9,5792.22,141067.19,26,39.6,87,11,79.7
EMP02810,31,11,Sales,Junior,Bachelor,Hybrid,Full-Time,66703.19,57950.98,66574.58,9551.98,15,843.77,17005.39,20,54.5,78,20,74.2
EMP02811,41,21,Engineering,Mid,Bachelor,Hybrid,Full-Time,88044.97,83211.02,94287.96,4007.91,15,2715.93,190707.51,15,41.4,49,19,70.2
EMP02812,41,21,IT,Senior,Diploma,Remote,Part-Time,132630.84,112142.39,141611.07,11101.63,20,7195.34,39879.8,45,51.5,69,7,78.6
EMP02813,25,5,Finance,Mid,Diploma,Office,Contract,36805.1,33306.45,39607.43,2863.86,12,7842.82,132470.61,38,52.2,25,12,60.5
EMP02814,40,17,Finance,Junior,PhD,Remote,Part-Time,68498.5,61897.13,67250.22,12923.29,5,5909.79,183475.51,20,33.9,89,6,73.5
EMP02815,57,31,Marketing,Senior,Diploma,Remote,Contract,93109.44,79095.22,93774.42,9035.04,1,3072.88,50329.38,15,47.9,24,12,63.4
EMP02816,23,2,Marketing,Junior,Master,Office,Contract,43958.96,39964.24,43604.47,6342.57,19,4348.3,186925.08,29,36.9,32,5,65.5
EMP02817,53,1,IT,Senior,High School,Remote,Part-Time,33737.53,27064.52,35697.71,4333.36,11,1412.35,78346.26,6,32.4,66,13,60.1
EMP02818,29,9,Finance,Junior,Bachelor,Remote,Part-Time,81492.77,63112.13,84932.84,3698.58,18,9555.21,192145.63,16,51.9,72,17,81.6
EMP02819,29,9,Marketing,Entry,PhD,Hybrid,Contract,33593.83,28051.95,34133.31,6353.17,6,8752.44,194301.41,1,37.3,36,9,68.0
EMP02820,24,4,Operations,Manager,Diploma,Office,Contract,70899.37,66555.09,78500.0,5831.93,17,1123.22,38427.9,6,38.6,37,20,59.0
EMP02821,55,32,HR,Manager,PhD,Office,Contract,155130.48,131884.01,150289.6,4352.42,14,2081.66,166386.38,16,38.1,93,17,87.1
EMP02822,37,11,Sales,Senior,High School,Hybrid,Contract,51518.02,45183.97,58987.07,3816.45,12,6020.4,39490.78,33,35.0,26,19,82.5
EMP02823,54,2,Engineering,Entry,High School,Office,Part-Time,58510.46,51186.85,56948.75,4705.06,5,2708.09,46061.68,7,40.9,12,19,61.1
EMP02824,44,24,Marketing,Mid,PhD,Hybrid,Full-Time,110062.32,85465.0,121576.4,4038.64,7,9376.81,17741.17,10,40.7,22,8,81.0
EMP02825,52,32,IT,Entry,PhD,Remote,Full-Time,148947.57,123337.43,152469.59,19600.89,16,7678.11,32150.85,8,40.2,66,8,79.6
EMP02826,21,1,Engineering,Senior,PhD,Office,Contract,26953.42,24025.95,30270.11,2221.44,9,3096.27,126811.57,21,52.9,86,15,77.3
EMP02827,28,8,Finance,Entry,Bachelor,Office,Full-Time,59264.39,55969.18,57180.3,7896.64,15,557.96,90401.29,26,38.5,98,7,67.9
EMP02828,43,6,IT,Mid,Master,Remote,Full-Time,37596.74,29460.94,38534.57,797.55,4,8094.75,158397.9,37,30.8,87,6,63.3
EMP02829,60,35,Sales,Senior,Diploma,Remote,Full-Time,181284.68,150844.87,184382.59,35671.15,20,4528.85,67067.37,18,34.5,54,16,95.9
EMP02830,32,12,Sales,Manager,Diploma,Office,Full-Time,67285.96,51744.16,77286.77,3410.92,7,6602.59,193756.29,4,48.0,36,8,69.5
EMP02831,32,12,IT,Entry,Diploma,Office,Full-Time,68316.14,54548.75,78366.11,9474.05,14,3226.26,10924.64,20,44.8,11,3,57.3
EMP02832,35,0,Marketing,Manager,PhD,Office,Full-Time,40891.95,33750.25,40399.65,6086.41,4,1857.3,13524.25,48,53.8,53,10,64.2
EMP02833,39,19,Marketing,Manager,PhD,Hybrid,Contract,73469.45,63046.24,79052.35,3738.82,4,6915.46,140573.6,42,47.4,19,10,64.1
EMP02834,46,9,Finance,Junior,PhD,Office,Contract,51302.36,40842.49,54231.92,2057.65,14,4778.08,177620.24,48,34.9,17,19,69.9
EMP02835,49,15,Operations,Mid,Bachelor,Office,Contract,98256.35,78164.16,96377.17,4663.63,7,2734.11,159304.54,40,33.0,6,2,67.7
EMP02836,42,15,Finance,Entry,Bachelor,Remote,Part-Time,89803.74,81323.21,88327.0,5785.81,15,1807.47,98473.6,19,43.0,89,9,69.8
EMP02837,60,7,HR,Manager,Bachelor,Remote,Full-Time,32523.69,30654.5,37332.33,1635.35,12,6014.56,54658.63,33,46.6,75,1,54.1
EMP02838,41,21,Operations,Manager,Bachelor,Hybrid,Full-Time,100295.33,81712.87,104361.9,14173.73,14,7392.72,3676.85,23,34.1,97,10,68.5
EMP02839,58,27,Engineering,Mid,High School,Remote,Part-Time,99142.71,87998.91,96680.03,9492.91,13,3196.93,102380.84,9,45.0,95,18,84.2
EMP02840,40,5,HR,Manager,Bachelor,Office,Full-Time,15000.0,12024.24,14894.37,1752.04,19,7483.85,95651.6,38,51.6,93,1,55.0
EMP02841,49,15,Finance,Manager,Bachelor,Office,Contract,82211.0,76915.83,82512.68,2344.71,12,2239.66,69504.93,45,48.2,1,12,56.0
EMP02842,24,4,Operations,Manager,Bachelor,Hybrid,Contract,37036.62,32761.87,38969.32,6482.33,16,3714.95,116036.48,45,46.6,53,5,51.3
EMP02843,27,7,Operations,Manager,Diploma,Remote,Part-Time,57598.53,52445.5,58584.02,2920.41,16,7576.38,146034.12,18,49.7,7,11,70.0
EMP02844,48,6,HR,Junior,Diploma,Remote,Contract,25470.98,19354.65,26515.35,2160.64,1,6771.36,140476.76,46,32.6,32,20,68.6
EMP02845,48,13,IT,Junior,Diploma,Remote,Part-Time,66583.78,57907.99,65471.82,2193.42,15,3069.97,53387.32,2,35.1,45,14,70.3
EMP02846,24,4,Marketing,Senior,Master,Hybrid,Contract,50289.01,43023.37,51060.73,2244.03,5,1660.28,117475.43,48,31.0,41,15,59.0
EMP02847,42,22,Operations,Entry,High School,Remote,Full-Time,111003.63,89757.47,107014.53,15523.18,6,903.5,30606.12,17,33.6,93,2,65.8
EMP02848,32,12,Engineering,Mid,PhD,Remote,Contract,86094.07,69089.29,97109.12,12454.86,17,8460.19,25198.77,16,52.8,62,4,59.5
EMP02849,23,3,Engineering,Senior,Bachelor,Remote,Part-Time,38339.4,33202.11,37946.44,5438.59,11,1213.85,157385.31,46,35.6,91,19,70.1
EMP02850,42,22,Operations,Junior,Diploma,Office,Full-Time,80718.32,71944.01,88901.55,9636.53,4,1591.03,139055.43,45,46.6,76,13,64.6
EMP02851,22,2,HR,Junior,High School,Hybrid,Part-Time,35652.0,26975.54,36361.84,6825.71,18,2758.25,153817.85,48,47.3,87,19,78.9
EMP02852,44,19,Operations,Junior,Bachelor,Office,Full-Time,104502.39,90235.75,109192.4,11630.27,20,4733.86,31339.99,24,46.1,32,13,71.0
EMP02853,54,2,HR,Senior,Master,Hybrid,Full-Time,34937.36,27394.1,35225.68,3524.98,14,8002.98,183009.1,31,43.8,68,12,66.3
EMP02854,47,3,IT,Junior,PhD,Remote,Contract,39609.82,30819.31,43146.51,2557.14,9,2851.06,27489.21,1,42.2,69,2,64.8
EMP02855,21,1,Engineering,Senior,Bachelor,Office,Contract,15227.66,13318.48,17038.37,575.5,3,5663.33,174137.36,28,40.5,3,5,60.1
EMP02856,28,8,Operations,Junior,PhD,Remote,Full-Time,60653.1,49260.88,61093.08,7197.58,3,1358.54,71123.48,49,52.9,57,18,67.1
EMP02857,43,1,Sales,Manager,Bachelor,Remote,Contract,32354.68,27118.92,32304.32,2480.96,11,4912.85,21981.38,33,30.2,97,19,75.8
EMP02858,58,13,Finance,Manager,Master,Hybrid,Contract,71577.24,58836.47,77753.5,8183.04,20,2187.57,58067.02,42,31.3,28,3,65.0
EMP02859,26,6,Engineering,Entry,High School,Remote,Part-Time,41866.67,36828.74,41407.42,2390.65,5,2506.32,37108.15,37,42.3,20,4,59.6
EMP02860,42,11,IT,Junior,PhD,Office,Contract,59392.82,50128.96,64023.56,10148.52,4,3984.87,98643.27,39,38.3,25,18,77.5
EMP02861,45,25,Sales,Entry,PhD,Hybrid,Full-Time,96186.38,90674.1,93193.6,19232.03,12,7732.8,189999.32,4,40.2,95,12,84.1
EMP02862,38,18,Engineering,Senior,High School,Hybrid,Contract,76153.36,62482.05,81790.8,5942.45,12,7567.87,66246.36,1,54.9,85,3,73.0
EMP02863,37,12,IT,Entry,PhD,Office,Full-Time,65622.55,58932.79,69079.64,11262.08,4,4442.24,122807.7,33,49.4,40,11,76.5
EMP02864,32,12,Marketing,Junior,Diploma,Remote,Full-Time,90157.95,72257.85,87703.95,15970.35,3,1627.38,178452.45,10,51.9,77,14,72.2
EMP02865,26,6,IT,Senior,High School,Remote,Part-Time,50271.89,42819.12,54284.63,10018.85,2,3166.57,126384.71,3,39.2,33,3,58.1
EMP02866,46,26,IT,Senior,Master,Remote,Full-Time,151137.1,130055.58,157078.51,12346.33,4,5300.88,73077.63,37,36.0,100,5,80.2
EMP02867,47,25,Marketing,Manager,Bachelor,Remote,Full-Time,138057.61,112630.41,137149.6,21549.06,4,8759.41,198176.99,45,49.2,43,7,69.6
EMP02868,28,8,Operations,Senior,Bachelor,Remote,Part-Time,67822.63,57266.46,69224.99,4149.77,7,9698.42,38295.31,21,50.2,0,20,71.4
EMP02869,39,19,Finance,Senior,High School,Hybrid,Full-Time,104147.69,83928.02,109190.57,13795.75,2,6555.97,105127.95,9,43.7,31,17,70.0
EMP02870,21,1,Sales,Entry,Diploma,Hybrid,Part-Time,24858.84,18673.97,24071.09,3651.06,11,3831.52,159544.39,40,52.4,31,19,50.3
EMP02871,49,1,Engineering,Senior,Master,Office,Full-Time,22432.19,17791.64,25606.84,3441.14,5,7087.81,1129.13,43,54.2,50,3,60.8
EMP02872,55,8,HR,Mid,Bachelor,Remote,Contract,40263.04,35834.62,43609.39,2306.71,13,3694.19,140706.61,24,41.8,23,1,45.7
EMP02873,60,22,Finance,Manager,Bachelor,Remote,Part-Time,133289.33,120519.23,129358.23,23028.48,4,6442.0,54033.28,46,35.6,43,8,65.1
EMP02874,34,14,Engineering,Manager,Diploma,Remote,Part-Time,90571.99,73004.7,100949.04,8674.53,9,2815.78,34775.62,8,42.9,84,20,83.5
EMP02875,55,12,IT,Senior,PhD,Office,Full-Time,59472.79,49458.08,60335.8,3505.71,7,3036.39,55564.7,24,54.7,75,5,71.3
EMP02876,40,20,HR,Entry,High School,Remote,Part-Time,81926.99,62057.49,87609.44,9639.17,13,1214.64,193396.47,24,37.3,83,3,77.0
EMP02877,33,13,Marketing,Manager,Diploma,Hybrid,Full-Time,83976.77,66964.13,84432.64,14729.88,10,4491.34,178495.12,10,45.4,36,20,59.2
EMP02878,58,1,Finance,Manager,Diploma,Remote,Part-Time,28740.07,26034.01,31518.69,5577.75,7,6372.66,43537.14,35,47.3,83,17,71.1
EMP02879,28,8,Operations,Mid,Diploma,Office,Part-Time,87161.93,75935.24,95407.61,13481.98,18,7993.55,24288.33,4,35.3,65,13,66.5
EMP02880,40,19,Sales,Senior,Diploma,Hybrid,Contract,91903.41,72709.76,97455.18,1931.09,18,8198.31,73466.37,44,44.7,13,13,76.6
EMP02881,53,2,Finance,Manager,PhD,Hybrid,Full-Time,17350.82,13906.48,17319.33,767.71,2,9928.22,118874.96,9,37.9,16,4,65.4
EMP02882,46,11,Finance,Manager,Master,Hybrid,Contract,41086.0,37526.32,41116.43,1385.8,1,1333.68,173561.78,11,51.4,87,18,65.9
EMP02883,59,1,Operations,Manager,Diploma,Remote,Part-Time,19199.53,15202.51,19709.71,733.78,13,5184.8,193251.93,43,47.9,93,6,62.3
EMP02884,41,21,HR,Manager,Diploma,Office,Full-Time,81216.27,66340.01,79510.93,7223.89,2,5453.06,150479.52,48,50.7,14,2,68.8
EMP02885,29,9,Marketing,Entry,High School,Office,Contract,58730.3,51851.33,59759.91,4752.97,4,8143.07,120202.44,13,35.0,60,15,67.4
EMP02886,44,15,Operations,Junior,Bachelor,Remote,Part-Time,68169.09,58776.93,74091.01,2758.35,9,3030.41,29324.07,27,30.9,48,2,75.0
EMP02887,57,18,Engineering,Mid,PhD,Office,Contract,88799.21,74784.39,99114.93,15877.51,8,1159.04,15731.65,30,51.3,97,20,77.9
EMP02888,37,17,Marketing,Entry,Diploma,Hybrid,Part-Time,64177.12,59681.4,65237.1,8392.89,18,3480.71,119609.35,46,39.7,7,20,71.0
EMP02889,44,5,Operations,Mid,Master,Hybrid,Part-Time,16309.11,12948.49,16255.59,2664.31,16,9847.31,108273.76,39,34.5,2,16,56.3
EMP02890,41,12,Finance,Manager,Master,Office,Full-Time,92067.9,82703.12,102796.43,7998.76,4,9044.69,169371.53,12,32.3,74,11,70.7
EMP02891,59,35,Marketing,Mid,Master,Office,Full-Time,176494.94,137986.0,199111.15,16562.72,4,4254.85,65198.56,19,42.9,26,17,60.4
EMP02892,59,21,HR,Senior,High School,Remote,Full-Time,101652.03,88757.14,104905.33,7844.67,18,8824.58,8898.48,40,33.8,8,1,60.1
EMP02893,33,13,HR,Senior,Master,Remote,Part-Time,72717.14,67199.71,69472.56,7192.95,2,811.17,85317.95,4,44.2,14,13,75.6
EMP02894,31,11,Sales,Junior,High School,Remote,Contract,47618.94,40075.16,51856.65,6184.17,11,3484.94,193867.28,49,48.2,31,8,53.8
EMP02895,39,19,Marketing,Junior,PhD,Remote,Full-Time,88127.92,78862.05,97540.57,9582.78,20,7404.71,159319.41,34,43.4,10,3,51.1
EMP02896,31,6,Sales,Mid,Master,Remote,Full-Time,50679.9,46325.42,48328.6,8657.4,4,2603.8,7720.66,23,52.6,2,14,70.8
EMP02897,33,13,Engineering,Entry,Bachelor,Remote,Full-Time,94487.13,73435.89,101007.32,17199.02,14,2384.71,175061.1,45,33.9,25,14,77.1
EMP02898,21,1,Operations,Entry,Diploma,Hybrid,Full-Time,37683.9,33582.59,40234.11,3939.59,17,8687.17,94866.21,26,42.3,6,14,51.3
EMP02899,60,5,IT,Manager,PhD,Office,Part-Time,48685.12,45470.35,49938.35,3074.69,8,6351.56,73588.84,7,34.1,91,19,85.2
EMP02900,39,19,Engineering,Entry,Bachelor,Remote,Contract,94309.12,81603.24,103735.65,17931.43,1,9895.72,70001.17,18,51.9,54,11,74.5
EMP02901,32,12,HR,Junior,PhD,Hybrid,Part-Time,68279.25,53751.1,70712.44,10399.41,19,1779.36,119433.71,42,53.3,38,12,74.8
EMP02902,28,6,Finance,Entry,Master,Office,Part-Time,49035.95,38021.91,53221.42,6630.78,19,3883.22,106589.28,4,40.0,3,1,48.4
EMP02903,28,4,HR,Manager,PhD,Office,Part-Time,15000.0,12029.21,15801.35,2312.62,7,3456.53,131668.82,8,37.6,29,1,65.4
EMP02904,32,10,IT,Senior,PhD,Office,Full-Time,62879.71,48461.56,62860.4,2117.58,1,8861.26,115154.65,22,37.0,37,14,65.9
EMP02905,53,14,Finance,Entry,PhD,Remote,Contract,100595.46,85775.62,107767.93,3236.43,1,2925.32,29644.97,26,51.5,50,18,71.4
EMP02906,46,2,Marketing,Entry,High School,Remote,Part-Time,36560.1,27929.76,40120.38,1738.86,10,3857.88,52189.97,13,47.1,77,2,61.9
EMP02907,59,4,Marketing,Junior,Bachelor,Remote,Part-Time,30107.26,23925.67,34466.22,1401.23,13,1856.92,168364.88,46,52.0,35,4,54.9
EMP02908,48,22,Engineering,Mid,Master,Office,Part-Time,106215.81,89006.95,108979.74,10167.05,5,7866.31,132988.44,17,32.9,94,18,70.5
EMP02909,25,5,HR,Senior,Diploma,Office,Full-Time,45430.36,38378.8,43744.65,2195.77,12,2758.18,90231.72,44,41.9,82,4,62.8
EMP02910,28,8,Finance,Mid,Master,Hybrid,Full-Time,68905.85,59471.24,79075.96,11976.84,3,1149.04,37337.68,36,46.9,59,17,68.4
EMP02911,45,2,Operations,Manager,Master,Hybrid,Part-Time,37351.28,33284.58,40143.71,4633.7,19,4633.53,2530.52,41,52.4,50,16,60.8
EMP02912,47,27,Finance,Manager,High School,Hybrid,Full-Time,132904.83,100934.0,151417.15,11467.98,4,4218.85,63065.59,47,39.6,75,16,89.4
EMP02913,43,5,Sales,Mid,High School,Hybrid,Contract,53960.57,41340.5,52383.05,1755.45,15,2187.29,11914.54,15,37.8,48,9,79.4
EMP02914,50,16,IT,Junior,PhD,Office,Full-Time,76397.41,58227.96,77803.64,9655.49,13,1769.18,96974.54,18,52.8,14,10,59.7
EMP02915,43,23,Engineering,Junior,Master,Remote,Part-Time,104846.48,87508.03,102412.72,4296.18,11,9017.29,164538.49,27,31.2,72,7,73.5
EMP02916,40,20,Marketing,Junior,Bachelor,Remote,Contract,72087.69,54669.12,80529.31,11085.62,2,1144.52,57794.33,6,42.0,90,9,70.7
EMP02917,38,7,HR,Senior,High School,Remote,Full-Time,62757.66,56432.71,70669.42,10323.41,9,1443.45,169703.08,34,41.5,83,16,87.4
EMP02918,38,18,Finance,Manager,High School,Remote,Part-Time,92188.33,73252.85,96821.93,10870.45,12,2827.95,141208.31,41,33.7,27,17,76.5
EMP02919,22,2,Marketing,Manager,Bachelor,Hybrid,Contract,25979.47,24364.65,25650.08,1219.18,4,9551.97,25927.2,5,39.9,24,16,70.6
EMP02920,24,4,HR,Manager,High School,Office,Contract,32587.2,27610.51,31786.33,5267.24,19,1311.15,129267.82,12,48.1,79,16,77.8
EMP02921,50,23,Marketing,Senior,Bachelor,Remote,Contract,121508.97,101978.24,129726.96,9162.87,10,8252.14,31184.28,29,39.2,81,20,82.9
EMP02922,53,33,HR,Manager,Diploma,Office,Full-Time,185269.3,167873.95,194769.04,11130.53,11,8974.5,131303.39,37,37.7,35,19,81.3
EMP02923,56,13,Marketing,Mid,Bachelor,Hybrid,Contract,74607.2,66596.68,81244.09,7811.39,7,4089.74,29400.18,12,49.5,3,10,74.4
EMP02924,38,13,Operations,Entry,Diploma,Hybrid,Full-Time,85425.87,74445.38,86369.09,15895.73,13,3292.0,79109.76,25,54.7,20,2,64.9
EMP02925,57,9,Sales,Senior,PhD,Remote,Part-Time,80221.6,75170.0,82666.24,5898.47,9,6935.09,113752.26,47,49.5,90,3,57.9
EMP02926,39,11,IT,Entry,PhD,Remote,Full-Time,53096.63,44306.58,50668.63,9716.9,12,7175.03,11024.46,34,51.2,64,7,60.5
EMP02927,48,28,Marketing,Mid,High School,Hybrid,Full-Time,158545.19,144546.65,169964.97,4702.07,2,7909.78,31508.36,11,53.5,68,2,68.1
EMP02928,60,9,IT,Junior,Bachelor,Hybrid,Part-Time,57467.74,47469.42,59457.77,2013.34,1,8390.38,64761.36,23,50.0,9,13,72.4
EMP02929,40,16,Marketing,Junior,High School,Office,Full-Time,94146.22,86395.08,106757.38,13720.96,7,3049.76,93001.7,24,54.5,49,4,75.0
EMP02930,53,16,Engineering,Junior,Bachelor,Hybrid,Full-Time,80520.91,64569.31,86830.3,4372.82,1,7026.14,171838.97,49,48.7,84,15,90.3
EMP02931,32,2,Finance,Senior,High School,Office,Part-Time,28047.63,22658.38,28881.74,2159.44,16,1781.6,38267.34,18,46.5,9,18,59.4
EMP02932,35,15,Sales,Junior,PhD,Hybrid,Contract,78993.84,69954.89,79208.53,3518.95,4,5351.95,70146.72,10,47.3,89,7,70.5
EMP02933,59,0,Engineering,Senior,PhD,Office,Part-Time,15000.0,11888.14,16965.85,1197.07,8,6322.43,95679.47,5,52.5,15,18,61.0
EMP02934,22,2,Operations,Senior,High School,Hybrid,Contract,25806.33,20537.47,24599.96,1818.9,17,2036.45,59859.93,31,47.1,37,7,57.6
EMP02935,49,3,Sales,Entry,Bachelor,Hybrid,Full-Time,50658.84,41086.97,51438.1,7727.54,19,1226.81,125523.81,25,49.0,66,9,69.6
EMP02936,30,10,IT,Junior,Master,Office,Part-Time,67448.18,59744.64,76803.32,9872.0,4,2350.09,52063.88,17,35.4,19,12,64.6
EMP02937,22,2,Finance,Manager,Bachelor,Office,Contract,33166.56,30774.51,35846.64,6364.23,4,4495.59,154697.73,28,52.8,68,1,66.4
EMP02938,31,11,HR,Junior,High School,Remote,Full-Time,68418.73,60544.66,72287.39,10289.9,8,8934.49,101525.66,1,41.2,69,2,58.8
EMP02939,33,13,Engineering,Junior,Bachelor,Remote,Full-Time,94106.79,86160.68,93232.25,13651.81,10,5553.19,18174.67,45,34.0,24,18,76.2
EMP02940,30,3,Sales,Junior,Diploma,Hybrid,Full-Time,47783.95,41032.66,53359.14,6926.6,16,7610.68,125772.78,2,50.0,88,14,65.2
EMP02941,34,14,Operations,Manager,Bachelor,Hybrid,Contract,76433.36,58378.63,75733.22,13676.54,19,2154.37,114279.46,49,38.9,53,6,52.6
EMP02942,38,4,Engineering,Manager,PhD,Office,Contract,21321.83,16419.8,21314.38,1563.37,1,1506.79,68380.87,47,34.6,11,11,53.4
EMP02943,29,9,Finance,Senior,PhD,Hybrid,Contract,70752.27,60909.1,69929.44,5236.84,5,2776.36,3220.26,40,36.4,64,19,73.8
EMP02944,59,1,Finance,Manager,Diploma,Remote,Full-Time,40651.26,33153.55,39904.49,6236.65,2,3481.86,40939.61,2,30.9,53,8,73.8
EMP02945,48,11,IT,Senior,Bachelor,Office,Contract,82952.41,65873.63,94620.7,5073.94,16,5706.97,81736.2,27,32.3,66,5,61.1
EMP02946,23,3,Operations,Entry,Master,Hybrid,Part-Time,57109.98,48158.07,61130.89,10517.58,13,8871.81,40782.89,8,44.8,20,7,56.8
EMP02947,40,9,Finance,Senior,Bachelor,Office,Contract,72385.28,63937.87,78000.02,8415.56,6,4547.88,115920.73,27,51.7,4,4,61.0
EMP02948,26,6,Finance,Junior,PhD,Remote,Contract,48513.58,40120.65,55347.45,3591.1,4,5428.58,142752.65,37,41.2,57,15,63.9
EMP02949,47,5,HR,Mid,PhD,Remote,Full-Time,46556.41,42390.01,46375.54,7434.97,7,543.83,171347.51,17,45.7,78,1,56.1
EMP02950,22,2,IT,Mid,High School,Remote,Part-Time,24305.36,21819.04,23118.86,1852.5,2,816.46,129749.54,4,50.2,3,5,55.2
EMP02951,49,10,IT,Junior,PhD,Hybrid,Part-Time,49158.71,44094.52,52588.84,9506.81,10,1295.81,138112.84,44,38.9,18,17,65.3
EMP02952,58,11,Operations,Senior,High School,Hybrid,Part-Time,66848.07,63307.66,70295.36,13164.93,14,7140.44,122079.93,50,46.4,80,13,58.5
EMP02953,23,3,Finance,Junior,PhD,Hybrid,Contract,47763.2,38642.63,49937.86,6687.96,8,5118.82,197111.73,38,38.8,54,17,63.2
EMP02954,36,1,HR,Manager,PhD,Hybrid,Full-Time,31390.31,27590.36,30209.28,1269.87,3,2333.13,52939.11,31,46.1,60,19,72.9
EMP02955,50,7,Marketing,Senior,Master,Hybrid,Contract,66201.75,60978.14,68908.54,4460.51,3,6129.69,53985.48,5,35.4,71,4,66.5
EMP02956,60,10,Sales,Junior,High School,Hybrid,Full-Time,100524.28,87044.46,101279.41,11336.63,2,5673.82,26140.39,25,54.4,100,17,84.3
EMP02957,22,2,Engineering,Manager,High School,Remote,Part-Time,37355.35,33914.94,37538.88,6472.21,17,1343.59,97651.18,28,31.9,23,12,70.0
EMP02958,37,9,IT,Manager,PhD,Remote,Contract,48656.15,40525.24,48387.38,2592.38,19,6583.92,20136.18,19,42.6,67,18,66.2
EMP02959,32,12,HR,Senior,High School,Hybrid,Full-Time,88751.16,77044.73,90216.06,3442.89,10,7787.97,54759.17,37,37.2,87,11,65.4
EMP02960,55,19,Operations,Entry,PhD,Remote,Contract,83676.32,63688.83,85402.28,2795.29,12,3222.27,97053.5,42,45.0,18,4,58.8
EMP02961,21,1,HR,Entry,PhD,Office,Full-Time,48762.03,46185.13,49335.24,5424.98,11,7031.14,191561.53,23,40.7,23,12,59.7
EMP02962,35,15,Finance,Manager,Bachelor,Hybrid,Part-Time,65313.2,59435.26,74832.64,11707.14,9,2397.34,192798.79,36,37.7,53,9,63.7
EMP02963,46,26,Sales,Entry,High School,Office,Contract,142697.93,131818.9,162182.79,3941.98,13,7688.92,149004.31,45,36.3,20,18,76.0
EMP02964,57,11,IT,Manager,Diploma,Hybrid,Part-Time,77908.99,69250.1,82965.44,4535.7,6,9161.85,78460.78,13,34.6,80,9,62.1
EMP02965,41,13,Marketing,Entry,High School,Hybrid,Contract,96778.78,76185.22,110928.89,14012.24,14,4697.74,173167.09,17,49.6,71,1,68.4
EMP02966,51,20,Finance,Manager,High School,Remote,Contract,84794.33,64121.95,97364.21,14301.02,11,2823.91,175215.7,50,35.6,94,6,65.1
EMP02967,45,21,IT,Manager,Master,Office,Full-Time,76818.81,70898.49,78446.44,12700.6,5,4292.18,182129.28,30,49.3,18,19,68.3
EMP02968,43,20,Engineering,Manager,Diploma,Remote,Full-Time,108919.09,90322.91,113171.02,17569.98,2,2875.74,128364.98,23,42.1,74,1,70.3
EMP02969,44,24,Operations,Manager,Diploma,Hybrid,Full-Time,127574.2,102413.12,145665.8,5532.12,7,511.77,41156.77,49,31.8,52,8,76.8
EMP02970,58,19,IT,Mid,Master,Office,Part-Time,94892.96,81829.48,101699.18,8682.97,17,6679.34,19125.07,3,34.1,49,6,66.0
EMP02971,48,23,HR,Entry,Master,Hybrid,Part-Time,85781.67,71557.33,85145.67,16920.78,6,904.0,183040.33,13,52.3,22,4,72.1
EMP02972,41,21,Engineering,Manager,High School,Remote,Contract,103379.06,91008.02,112463.62,20469.03,14,2498.71,12053.68,32,45.1,36,3,71.1
EMP02973,38,6,Sales,Junior,Bachelor,Hybrid,Full-Time,36399.52,30821.61,36077.36,4675.04,4,7363.27,59882.12,45,34.6,27,13,77.6
EMP02974,56,8,Marketing,Senior,Master,Hybrid,Part-Time,54168.44,48179.94,55136.52,7998.95,3,6824.39,97905.39,35,47.6,86,2,67.4
EMP02975,55,0,Sales,Junior,Diploma,Remote,Contract,22199.3,20438.56,22099.67,4245.2,11,1196.62,5373.36,2,50.6,75,13,77.1
EMP02976,29,9,HR,Junior,Diploma,Hybrid,Part-Time,51234.07,40429.39,51182.63,5173.98,1,6770.52,181475.54,47,38.3,79,15,71.8
EMP02977,58,21,Marketing,Mid,High School,Office,Contract,87658.73,71519.58,83357.42,3912.74,14,9340.46,58137.08,3,43.9,79,8,82.2
EMP02978,50,9,Marketing,Entry,Bachelor,Remote,Full-Time,83543.02,69955.84,94081.28,11730.34,6,1207.77,6672.45,48,37.3,77,12,79.0
EMP02979,54,5,Finance,Mid,PhD,Hybrid,Contract,47227.77,44508.0,47662.17,9106.38,17,4449.04,198724.41,29,32.0,70,8,62.7
EMP02980,52,16,Marketing,Entry,Master,Remote,Contract,79233.09,65214.12,76640.18,11528.18,17,7429.62,62967.24,10,40.0,20,19,68.1
EMP02981,23,3,IT,Manager,Master,Hybrid,Full-Time,45806.08,37845.9,44312.69,7539.58,11,6843.37,175476.22,20,48.8,20,9,55.8
EMP02982,23,3,Sales,Mid,High School,Remote,Full-Time,42675.41,37584.0,45287.3,4100.88,7,2651.85,91241.42,34,41.5,40,10,64.6
EMP02983,48,7,Operations,Senior,Bachelor,Remote,Contract,38392.31,32013.04,44096.8,1434.47,13,2049.14,132962.05,15,40.1,34,7,53.1
EMP02984,35,15,Operations,Entry,Diploma,Office,Part-Time,71762.48,67474.3,70255.79,3616.74,8,7950.35,48976.94,40,39.2,87,10,68.3
EMP02985,43,5,Sales,Mid,Diploma,Remote,Full-Time,27478.0,25524.14,26651.58,5409.81,8,9584.32,101072.19,45,41.5,0,3,63.0
EMP02986,60,20,Finance,Senior,PhD,Office,Contract,126816.52,108134.14,131592.53,13794.24,9,7792.04,52272.59,1,38.0,77,2,72.2
EMP02987,31,11,Marketing,Junior,Diploma,Remote,Full-Time,83755.13,73617.0,89003.76,1856.32,7,9650.44,190265.69,26,45.3,83,7,50.6
EMP02988,52,32,HR,Manager,Master,Remote,Full-Time,116915.13,89043.28,117952.88,22443.74,9,6247.46,13128.14,32,31.6,91,10,71.0
EMP02989,56,17,Engineering,Manager,PhD,Hybrid,Part-Time,123066.15,109423.78,124358.88,13488.1,11,9326.44,55660.11,2,50.2,81,8,85.7
EMP02990,53,27,Engineering,Junior,Bachelor,Hybrid,Full-Time,139131.19,124027.13,143986.21,23725.81,2,7059.14,178728.67,32,34.3,66,12,85.4
EMP02991,44,24,IT,Mid,PhD,Hybrid,Contract,112935.95,92815.26,114384.82,13408.03,18,9134.41,96527.16,41,45.8,90,20,79.1
EMP02992,59,11,Finance,Junior,Bachelor,Remote,Contract,47437.9,37662.68,53750.29,1817.18,3,2035.1,120416.74,29,41.2,69,17,62.5
EMP02993,54,26,Engineering,Senior,Diploma,Remote,Full-Time,132884.54,123983.36,127355.33,17381.63,18,8247.87,130686.98,20,49.3,3,9,60.8
EMP02994,48,9,Marketing,Entry,High School,Office,Full-Time,83682.91,69903.76,83424.66,16697.42,16,2369.09,15114.57,23,50.7,0,20,72.1
EMP02995,57,31,Operations,Mid,PhD,Office,Part-Time,153975.24,135612.34,171175.9,4042.28,8,760.58,4530.01,12,35.1,20,3,83.0
EMP02996,27,7,HR,Entry,PhD,Office,Part-Time,55464.59,41968.15,61942.38,9513.45,8,5417.07,187630.37,44,46.9,98,4,77.5
EMP02997,24,4,Marketing,Junior,Master,Hybrid,Part-Time,48607.32,40480.83,47261.43,3032.44,6,3523.39,55029.07,10,34.7,91,7,53.2
EMP02998,57,10,Finance,Manager,Master,Hybrid,Contract,54296.58,49597.31,62156.16,4935.34,2,913.55,76682.31,19,33.1,81,18,72.0
EMP02999,21,1,HR,Entry,Bachelor,Office,Part-Time,34534.26,28577.62,37596.44,3007.51,16,9812.89,136736.54,10,53.3,51,17,60.5
EMP03000,21,1,Engineering,Entry,High School,Remote,Contract,38310.92,33354.72,38484.03,6964.29,9,6831.43,48024.47,19,34.1,98,3,61.4
