Employee_ID,Age,Experience_Years,Monthly_Salary,Performance_Score,Training_Hours,Projects_Completed,Joining_Date,Department,Job_Level,Education_Level,Employment_Type,Work_Mode,Gender,Annual_Bonus,Performance_Review_Count,Leave_Days,Promoted
10001,39.0,11.3,35200.0,3.9,52.6,1,2020-04-03,Finance,Mid,High School,Full-Time,Hybrid,Female,2200,7,9,0
10002,34.0,9.4,42700.0,4.2,6.8,4,2015-04-16,Marketing,Senior,Diploma,Part-Time,Office,Female,1400,8,19,0
10003,40.0,16.8,,3.7,30.1,4,2018-12-10,Finance,Senior,Bachelor,Contract,Remote,Male,5300,8,13,1
10004,47.0,30.7,44200.0,2.0,34.4,1,2021-07-27,HR,Junior,High School,Full-Time,Office,Male,6100,16,18,1
10005,33.0,12.7,50500.0,3.3,35.2,5,2018-11-07,IT,Junior,Master,Contract,Office,Male,5300,8,19,1
10006,33.0,7.0,76900.0,2.6,37.7,4,2024-05-13,Sales,Mid,High School,Full-Time,Hybrid,Female,4900,6,11,0
10007,48.0,27.5,48400.0,3.3,44.2,1,2019-02-13,Sales,Junior,Master,Full-Time,Remote,Female,1700,17,11,1
10008,,14.4,29200.0,4.1,34.5,3,2022-11-21,Sales,Senior,Bachelor,Full-Time,Office,Male,4200,7,11,1
10009,31.0,12.2,86800.0,3.6,29.5,7,2021-06-19,Operations,Junior,Bachelor,Full-Time,Remote,Male,12100,7,8,1
10010,39.0,15.6,39400.0,4.2,28.9,1,2024-11-03,Operations,Junior,Diploma,Full-Time,Office,Male,4600,11,11,1
10011,31.0,8.7,53700.0,3.6,25.8,9,2017-09-27,IT,Junior,Master,Contract,Hybrid,Female,7600,7,12,1
10012,31.0,13.0,65800.0,2.5,46.8,5,2024-05-24,IT,Junior,Master,Full-Time,Office,Male,2500,10,15,0
10013,37.0,11.1,59600.0,1.6,25.3,4,2024-04-15,Sales,Mid,Bachelor,Full-Time,Office,Female,2000,6,11,0
10014,21.0,0.0,85200.0,3.5,47.7,1,2016-01-19,IT,Junior,Master,Full-Time,Hybrid,Female,3800,1,16,1
10015,21.0,0.0,66600.0,3.3,35.3,6,2017-09-28,Sales,Junior,Master,Full-Time,Office,Female,3200,2,15,1
10016,31.0,12.1,39000.0,2.7,27.2,6,2015-01-17,HR,Senior,High School,Contract,Office,Female,5000,10,16,0
10017,27.0,0.4,131500.0,2.2,44.3,2,2018-10-25,HR,Junior,Diploma,Full-Time,Hybrid,Female,18400,4,13,0
10018,38.0,7.5,59400.0,2.9,24.1,3,2020-02-15,HR,Junior,High School,Full-Time,Remote,Female,2900,6,14,0
10019,28.0,4.6,51900.0,3.3,44.6,5,2017-12-25,Finance,Junior,Bachelor,Contract,Office,Female,4200,3,13,1
10020,24.0,3.7,80900.0,3.9,38.2,7,2017-06-04,Finance,Junior,Master,Full-Time,Office,Female,6400,5,4,1
10021,47.0,28.6,60800.0,3.5,26.1,5,2018-02-10,Marketing,Mid,Master,Full-Time,Hybrid,Female,2600,15,10,0
10022,33.0,9.6,64500.0,4.5,42.9,5,2018-12-10,Marketing,Junior,Bachelor,Full-Time,Hybrid,Male,8400,9,7,1
10023,36.0,12.8,149000.0,2.7,43.2,6,2015-03-12,Marketing,Mid,Master,Full-Time,Hybrid,Male,13100,6,20,1
10024,24.0,5.5,49300.0,4.0,52.4,3,2020-05-02,HR,Mid,Bachelor,Part-Time,Hybrid,Female,4600,3,17,1
10025,31.0,3.4,48400.0,3.4,49.5,5,2023-07-30,HR,Senior,Diploma,Full-Time,Hybrid,Male,2600,4,13,1
10026,36.0,12.8,57600.0,3.9,42.4,4,2016-03-19,HR,Lead,Master,Full-Time,Office,Male,5300,6,14,1
10027,26.0,4.6,84400.0,3.1,18.1,3,2023-04-05,IT,Junior,High School,Full-Time,Remote,Male,10400,6,19,1
10028,38.0,17.3,30100.0,4.2,71.7,7,2024-04-08,IT,Senior,High School,Contract,Office,Female,1800,13,9,1
10029,30.0,6.5,25100.0,3.6,13.9,4,2021-12-05,HR,Senior,Diploma,Full-Time,Hybrid,Female,900,7,18,1
10030,33.0,11.1,43500.0,2.9,49.2,7,2024-01-29,Sales,Lead,Bachelor,Contract,Office,Male,4200,9,21,1
10031,30.0,0.5,28600.0,3.4,41.5,6,2022-01-08,Marketing,Mid,Master,Full-Time,Office,Female,2900,3,12,1
10032,50.0,26.0,46400.0,3.2,17.4,4,2018-10-25,Finance,Junior,Master,Part-Time,Office,Female,2100,14,8,1
10033,35.0,14.4,67200.0,3.7,33.1,4,2021-06-22,Marketing,Junior,High School,Part-Time,Hybrid,Female,3500,7,11,0
10034,27.0,2.1,38500.0,2.6,33.8,3,2023-06-20,Sales,Junior,Bachelor,Full-Time,Hybrid,Female,1500,4,17,0
10035,42.0,20.2,31100.0,3.4,54.6,5,2022-07-08,Operations,Lead,Bachelor,Full-Time,Remote,Male,4300,12,15,1
10036,25.0,4.3,56500.0,3.7,24.3,4,2016-12-21,IT,Mid,Master,Full-Time,Hybrid,Male,2700,4,13,1
10037,37.0,14.0,77700.0,3.4,31.1,10,2015-08-19,HR,Mid,Master,Full-Time,Office,Male,1700,7,8,1
10038,21.0,0.0,27900.0,4.3,5.0,8,2024-11-06,IT,Mid,High School,Full-Time,Hybrid,Male,3600,2,12,1
10039,24.0,0.0,76400.0,3.9,61.0,2,2017-05-13,IT,Mid,Bachelor,Full-Time,Office,Female,9500,2,14,0
10040,37.0,14.4,76300.0,3.4,18.9,3,2024-09-10,Sales,Junior,Master,Full-Time,Office,Female,6100,11,10,0
10041,41.0,20.8,80600.0,3.6,39.9,7,2023-08-16,IT,Lead,Master,Full-Time,Remote,Female,10000,11,10,1
10042,36.0,14.5,89500.0,3.6,33.5,4,2016-07-16,IT,Senior,High School,Full-Time,Hybrid,Female,7000,8,16,1
10043,34.0,10.2,132700.0,3.7,33.5,6,2017-02-07,Marketing,Mid,High School,Full-Time,Hybrid,Female,6500,7,15,1
10044,33.0,11.7,47700.0,2.1,47.1,4,2022-10-26,Marketing,Mid,Master,Full-Time,Remote,Female,3600,7,12,1
10045,23.0,3.1,57500.0,3.2,60.1,5,2022-01-21,Operations,Mid,Diploma,Contract,Office,Female,4800,5,11,1
10046,29.0,0.9,46600.0,2.4,38.8,5,2015-10-17,Sales,Junior,High School,Full-Time,Hybrid,Female,1000,2,12,0
10047,31.0,12.5,55000.0,4.3,44.8,9,2018-05-26,HR,Junior,Master,Full-Time,Hybrid,Female,1900,7,17,1
10048,43.0,20.0,101500.0,3.4,39.9,4,2020-11-17,Marketing,Junior,Diploma,Full-Time,Remote,Female,13600,13,15,1
10049,38.0,17.3,32100.0,3.3,50.3,1,2021-01-05,Operations,Mid,Master,Full-Time,Office,Male,2300,9,13,1
10050,21.0,2.6,39000.0,4.0,28.1,4,2024-06-18,IT,Junior,Bachelor,Contract,Remote,Male,2500,4,20,0
10051,38.0,11.9,95400.0,3.7,51.1,6,2023-11-01,Operations,Junior,Diploma,Full-Time,Office,Female,12900,7,9,1
10052,32.0,7.9,82700.0,2.6,51.7,3,2016-01-30,Operations,Senior,Bachelor,Contract,Hybrid,Female,3300,6,6,0
10053,30.0,7.1,47600.0,3.4,51.2,4,2016-01-11,Finance,Senior,Master,Full-Time,Office,Female,2300,6,0,1
10054,40.0,15.6,77400.0,3.2,25.1,10,2020-11-19,Marketing,Junior,Diploma,Full-Time,Remote,Male,9900,10,15,1
10055,43.0,26.2,63000.0,2.2,32.5,9,2019-07-09,Operations,Junior,Bachelor,Part-Time,Hybrid,Female,3600,15,20,0
10056,42.0,17.4,100200.0,2.9,38.6,6,2017-02-20,Operations,Senior,High School,Full-Time,Hybrid,Male,10300,10,19,1
10057,28.0,4.3,56700.0,3.3,14.4,7,2020-11-09,Finance,Senior,Diploma,Full-Time,Remote,Female,6600,4,9,0
10058,33.0,11.6,82900.0,3.3,58.9,1,2020-05-28,HR,Mid,High School,Full-Time,Office,Male,4100,8,8,1
10059,38.0,12.4,158200.0,2.4,34.8,6,2021-09-24,IT,Senior,High School,Full-Time,Office,Female,8400,8,1,1
10060,43.0,19.8,69900.0,4.2,39.3,2,2016-02-10,Marketing,Junior,Bachelor,Full-Time,Office,Male,6100,12,9,1
10061,31.0,10.0,56100.0,3.3,26.3,3,2020-08-30,HR,Senior,Master,Full-Time,Office,Female,6900,6,7,1
10062,34.0,11.0,73400.0,3.4,15.1,13,2022-05-03,Sales,Senior,Bachelor,Full-Time,Hybrid,Male,6800,8,18,1
10063,26.0,3.7,47500.0,3.7,25.9,5,2018-12-02,HR,Senior,Master,Part-Time,Hybrid,Female,1400,4,13,1
10064,25.0,1.4,143000.0,2.8,38.3,2,2020-08-28,Sales,Lead,Bachelor,Part-Time,Office,Female,9400,2,12,1
10065,42.0,15.5,59100.0,3.7,45.1,6,2019-04-09,Sales,Junior,Bachelor,Contract,Hybrid,Female,3700,10,8,1
10066,46.0,25.0,49300.0,3.1,37.4,6,2024-11-18,Marketing,Junior,Diploma,Full-Time,Hybrid,Male,6200,14,5,0
10067,34.0,17.3,39400.0,2.8,40.2,4,2021-01-09,Finance,Mid,Master,Full-Time,Remote,Male,2300,11,6,1
10068,43.0,21.1,85300.0,3.8,29.9,8,2015-10-28,Sales,Junior,High School,Full-Time,Remote,Male,11700,14,7,1
10069,38.0,16.7,77800.0,4.4,42.4,10,2020-03-14,IT,Senior,Master,Contract,Hybrid,Male,4900,10,16,1
10070,30.0,10.1,45100.0,3.9,57.2,9,2016-02-17,Marketing,Senior,Master,Full-Time,Remote,Female,2000,6,5,1
10071,38.0,12.2,69300.0,4.0,45.6,4,2021-02-27,Operations,Senior,Bachelor,Full-Time,Remote,Female,6300,7,15,1
10072,47.0,30.1,30100.0,3.0,47.1,3,2020-07-27,Operations,Junior,High School,Full-Time,Hybrid,Female,2100,15,27,0
10073,35.0,13.6,59200.0,2.3,39.4,6,2020-12-26,Sales,Senior,Diploma,Full-Time,Remote,Male,6200,14,10,0
10074,48.0,30.9,65900.0,4.4,12.5,7,2019-12-21,Marketing,Junior,Bachelor,Part-Time,Remote,Female,9200,15,14,0
10075,21.0,0.0,108900.0,4.8,19.3,5,2020-09-02,IT,Junior,Diploma,Full-Time,Office,Male,15500,1,12,1
10076,42.0,25.5,40400.0,4.5,41.8,4,2020-08-21,Marketing,Mid,Diploma,Contract,Hybrid,Male,2000,17,6,1
10077,36.0,16.3,33000.0,3.2,34.8,6,2020-12-22,Marketing,Junior,Master,Full-Time,Office,Male,1400,10,7,1
10078,33.0,12.7,38400.0,2.6,41.6,5,2023-03-03,Operations,Lead,High School,Full-Time,Hybrid,Female,5500,7,10,1
10079,36.0,14.7,32200.0,2.7,60.1,5,2020-10-29,Sales,Mid,Master,Full-Time,Hybrid,Male,4000,10,12,0
10080,21.0,0.0,93900.0,2.2,45.9,1,2018-10-10,HR,Mid,High School,Full-Time,Remote,Male,5100,3,22,0
10081,33.0,14.6,102200.0,3.3,53.9,6,2017-12-29,Marketing,Senior,Diploma,Contract,Hybrid,Male,12700,9,9,1
10082,38.0,16.4,62500.0,4.5,36.4,4,2018-05-12,Sales,Mid,Master,Full-Time,Hybrid,Male,7300,9,8,1
10083,47.0,19.1,89600.0,3.3,22.9,4,2016-08-13,Operations,Mid,Diploma,Part-Time,Office,Male,4700,12,7,1
10084,31.0,5.6,58000.0,3.6,34.1,2,2023-04-28,IT,Mid,Bachelor,Contract,Office,Female,8000,3,18,1
10085,29.0,6.4,52900.0,4.4,22.9,5,2024-03-04,IT,Mid,High School,Full-Time,Hybrid,Male,3300,4,9,1
10086,31.0,9.9,48100.0,3.1,58.4,4,2016-12-11,HR,Mid,Diploma,Full-Time,Remote,Male,4000,7,20,1
10087,42.0,19.8,48600.0,4.8,46.9,9,2024-06-12,IT,Lead,Diploma,Full-Time,Hybrid,Male,4800,14,14,1
10088,38.0,19.7,29600.0,4.8,42.8,4,2024-03-19,Sales,Lead,High School,Full-Time,Remote,Male,1300,11,20,1
10089,31.0,3.1,61100.0,3.3,53.5,1,2024-07-18,HR,Mid,Diploma,Full-Time,Remote,Female,6100,3,12,1
10090,39.0,17.4,54100.0,3.0,5.0,11,2017-03-07,Operations,Mid,Bachelor,Full-Time,Office,Male,6000,9,11,1
10091,36.0,8.5,74100.0,3.9,43.8,8,2024-07-31,Sales,Senior,Diploma,Full-Time,Office,Female,2500,8,13,1
10092,43.0,23.3,57100.0,,15.3,7,2023-11-02,Operations,Senior,Diploma,Full-Time,Hybrid,Male,4000,13,19,1
10093,29.0,6.7,51500.0,2.6,34.9,6,2019-05-31,Operations,Senior,High School,Part-Time,Office,Male,5100,5,13,1
10094,32.0,11.3,38800.0,4.3,30.3,3,2016-12-31,HR,Senior,High School,Full-Time,Office,Male,5400,8,15,1
10095,32.0,7.4,56600.0,4.3,44.9,5,2020-02-03,HR,Lead,Bachelor,Full-Time,Office,Female,7700,7,12,1
10096,23.0,4.8,73900.0,3.5,38.4,6,2021-05-13,Sales,Senior,Diploma,Full-Time,Office,Female,3100,3,11,1
10097,37.0,18.1,34800.0,2.5,55.2,3,2024-02-19,HR,Senior,Master,Full-Time,Hybrid,Male,3500,9,15,1
10098,37.0,16.8,57000.0,2.5,26.0,5,2020-09-27,Sales,Mid,Bachelor,Contract,Office,Female,1900,8,13,1
10099,35.0,12.6,60400.0,3.5,45.6,8,2016-09-01,IT,Mid,Master,Contract,Office,Female,3500,10,13,0
10100,33.0,12.7,41300.0,3.1,37.4,6,2021-05-29,IT,Senior,Diploma,Full-Time,Office,Female,4000,7,6,1
10101,24.0,0.0,43500.0,3.2,10.5,7,2023-06-20,Marketing,Junior,Diploma,Full-Time,Hybrid,Male,1300,3,9,1
10102,32.0,12.6,60300.0,4.1,21.2,4,2019-01-07,Finance,Mid,High School,Full-Time,Hybrid,Female,8200,9,12,0
10103,32.0,14.9,35000.0,3.9,32.8,3,2019-04-08,Finance,Lead,Bachelor,Full-Time,Remote,Female,4500,11,5,1
10104,29.0,10.2,63300.0,4.4,51.7,8,2021-11-24,IT,Mid,Master,Part-Time,Office,Female,5200,12,16,1
10105,34.0,9.8,38400.0,2.7,42.0,1,2018-03-07,Marketing,Junior,Diploma,Part-Time,Office,Female,3200,5,6,1
10106,38.0,17.1,84100.0,3.2,17.5,5,2015-08-18,Finance,Mid,,Contract,Hybrid,Female,11300,12,8,1
10107,50.0,24.1,140100.0,3.9,32.9,6,2022-11-25,Sales,Junior,High School,Contract,Office,Female,3700,16,14,0
10108,36.0,15.7,39000.0,3.7,65.3,5,2018-11-29,Sales,Senior,High School,Full-Time,Hybrid,Male,1500,9,5,1
10109,37.0,16.4,68100.0,4.5,36.7,5,2015-12-23,HR,Senior,High School,Full-Time,Remote,Male,4100,10,15,1
10110,34.0,6.4,41100.0,3.7,30.1,5,2016-06-24,Finance,Senior,Bachelor,Full-Time,Office,Female,2800,6,6,1
10111,21.0,0.0,83400.0,4.7,42.4,5,2022-11-14,Operations,Junior,Bachelor,Full-Time,Office,Female,12400,1,14,1
10112,35.0,12.2,33200.0,3.8,46.5,6,2017-07-24,Sales,Mid,Diploma,Full-Time,Office,Male,1300,8,10,1
10113,35.0,12.1,66700.0,4.1,28.2,5,2023-06-20,Finance,Junior,Master,Full-Time,Office,Female,4000,8,13,1
10114,55.0,29.4,38800.0,3.2,42.5,5,2019-06-23,HR,Junior,Bachelor,Full-Time,Office,Male,5000,19,11,1
10115,33.0,12.2,,3.4,30.1,8,2024-12-25,IT,Senior,High School,Full-Time,Office,Female,6200,7,8,1
10116,37.0,15.8,36400.0,4.0,45.8,3,2022-11-01,Marketing,Mid,High School,Full-Time,Hybrid,Male,3800,10,0,1
10117,35.0,12.4,76400.0,4.5,37.5,5,2022-05-16,Operations,Junior,Bachelor,Contract,Office,Male,4800,9,6,0
10118,26.0,1.7,39400.0,3.9,42.2,3,2016-06-10,HR,Mid,Diploma,Full-Time,Office,Female,1400,3,4,1
10119,44.0,25.1,68600.0,3.3,23.6,3,2023-05-28,HR,Junior,Diploma,Full-Time,Hybrid,Female,10100,14,9,0
10120,41.0,24.0,47900.0,4.4,22.7,7,2018-02-02,HR,Senior,Diploma,Full-Time,Hybrid,Female,2500,14,15,1
10121,41.0,17.5,52500.0,1.9,49.2,4,2016-09-14,Marketing,Junior,Diploma,Part-Time,Hybrid,Male,6800,10,20,1
10122,28.0,4.2,58300.0,2.4,33.8,4,2022-12-08,Sales,Mid,High School,Full-Time,Hybrid,Male,7900,5,18,1
10123,46.0,25.5,40600.0,3.9,39.3,2,2024-04-30,Finance,Junior,Bachelor,Full-Time,Hybrid,Male,3100,13,16,0
10124,24.0,0.9,59800.0,3.4,30.4,6,2016-02-28,IT,Mid,High School,Full-Time,Hybrid,Male,7800,1,20,1
10125,40.0,17.6,101400.0,3.8,48.5,3,2022-04-24,IT,Mid,Master,Part-Time,Hybrid,Male,5700,10,18,1
10126,53.0,33.2,40300.0,3.4,25.9,7,2020-03-13,Operations,Senior,Diploma,Part-Time,Office,Female,5500,19,21,0
10127,27.0,0.0,87900.0,3.8,33.0,7,2020-02-22,Marketing,Senior,Diploma,Contract,Remote,Male,9000,5,13,1
10128,30.0,12.0,100100.0,2.8,46.8,8,2015-01-04,IT,Junior,Master,Full-Time,Office,Male,4500,9,15,1
10129,36.0,14.2,39700.0,3.8,52.6,6,2016-04-13,Operations,Junior,Master,Full-Time,Remote,Female,4900,10,5,1
10130,31.0,7.8,30700.0,4.1,27.1,7,2016-10-25,Operations,Lead,High School,Full-Time,Office,Female,4300,4,5,1
10131,23.0,0.7,62100.0,4.3,64.4,4,2024-12-04,Marketing,Senior,Master,Full-Time,Hybrid,Male,5800,4,16,1
10132,36.0,13.9,44200.0,4.8,39.7,7,2023-01-13,Marketing,Mid,Diploma,Full-Time,Hybrid,Male,5300,8,6,1
10133,27.0,0.0,116100.0,3.6,19.4,2,2016-06-21,Finance,Junior,Master,Full-Time,Office,Female,14300,4,12,0
10134,39.0,21.5,55800.0,3.6,40.5,5,2020-03-12,Finance,Junior,High School,Full-Time,Hybrid,Female,6800,17,21,1
10135,28.0,6.1,39900.0,2.3,29.3,3,2023-12-10,Marketing,Senior,Master,Contract,Hybrid,Male,3200,9,12,1
10136,47.0,26.3,34800.0,3.0,41.5,7,2021-08-04,Finance,Lead,Master,Full-Time,Office,Male,4000,15,15,1
10137,29.0,9.9,85100.0,3.3,34.4,5,2022-01-11,Sales,Mid,High School,Part-Time,Office,Female,7800,5,11,1
10138,32.0,6.9,43800.0,4.1,36.1,7,2018-01-01,HR,Junior,High School,Full-Time,Office,Female,3200,3,17,1
10139,42.0,21.4,56000.0,3.0,21.3,9,2020-06-08,IT,Senior,High School,Full-Time,Office,Female,2300,12,15,1
10140,25.0,2.2,80600.0,4.0,49.9,6,2023-08-16,IT,Lead,Diploma,Full-Time,Office,Male,11100,3,16,1
10141,37.0,17.5,45300.0,3.4,17.7,5,2020-10-16,IT,Mid,Diploma,Part-Time,Remote,Male,3300,9,16,0
10142,45.0,16.6,54000.0,3.3,18.4,7,2020-03-05,IT,Lead,Master,Full-Time,Hybrid,Male,2800,10,10,0
10143,22.0,0.0,54600.0,3.6,40.5,1,2022-07-05,Sales,Senior,Diploma,Full-Time,Hybrid,Female,2800,1,25,1
10144,36.0,12.2,72300.0,3.1,59.0,3,2018-09-19,Sales,Junior,Bachelor,Full-Time,Hybrid,Male,3700,7,11,0
10145,37.0,16.3,69700.0,3.1,29.7,3,2020-11-02,HR,Junior,High School,Full-Time,Remote,Male,1400,8,11,1
10146,41.0,20.4,50400.0,2.2,45.5,11,2019-02-28,Marketing,Junior,Bachelor,Full-Time,Hybrid,Female,3900,11,8,1
10147,25.0,0.9,56400.0,3.2,51.1,4,2015-03-20,Finance,Senior,High School,Full-Time,Hybrid,Male,7700,2,12,1
10148,24.0,0.0,47400.0,3.1,47.2,2,2019-04-24,HR,Mid,Master,Full-Time,Office,Male,1100,2,13,1
10149,39.0,16.7,30500.0,3.0,30.3,5,2024-03-31,IT,Mid,High School,Full-Time,Hybrid,Female,4400,9,11,1
10150,37.0,12.3,61000.0,3.7,18.6,7,2020-08-29,Finance,Junior,Diploma,Full-Time,Hybrid,Female,2600,8,19,1
10151,37.0,17.5,117200.0,3.9,5.0,2,2019-05-25,HR,Lead,Master,Full-Time,Office,Female,13300,12,13,1
10152,38.0,14.9,38600.0,3.6,31.1,5,2015-06-05,IT,Junior,High School,Full-Time,Hybrid,Male,4700,10,17,0
10153,30.0,0.0,40400.0,4.1,52.7,2,2023-09-24,HR,Junior,Master,Contract,Hybrid,Male,4700,4,2,1
10154,37.0,13.9,38800.0,3.8,18.1,1,2017-05-29,IT,Junior,Master,Full-Time,Office,Male,2500,11,11,1
10155,37.0,11.9,73500.0,3.2,45.5,6,2023-03-06,Operations,Junior,Master,Full-Time,Office,Male,8200,9,15,1
10156,29.0,2.1,65800.0,3.1,20.7,4,2019-01-13,IT,Lead,Bachelor,Full-Time,Hybrid,Female,5400,4,7,0
10157,50.0,24.3,51600.0,3.6,36.6,7,2015-01-28,Operations,Junior,Diploma,Full-Time,Hybrid,Male,2100,14,7,1
10158,39.0,17.3,38100.0,3.8,45.6,7,2020-03-25,Sales,Junior,Master,Part-Time,Office,Female,1800,11,12,1
10159,25.0,7.0,57100.0,4.4,25.1,6,2016-09-01,IT,Mid,Diploma,Full-Time,Hybrid,Male,1300,6,12,1
10160,40.0,18.9,29400.0,4.2,37.6,6,2017-08-31,HR,Mid,High School,Part-Time,Hybrid,Female,1900,10,9,1
10161,27.0,3.2,58200.0,3.0,28.8,6,2018-09-14,Finance,Junior,Master,Full-Time,Hybrid,Female,6700,6,11,0
10162,41.0,20.4,77900.0,3.3,45.6,7,2024-05-28,Sales,Junior,Diploma,Full-Time,Remote,Male,11400,13,17,1
10163,44.0,20.6,33300.0,3.9,38.5,4,2016-02-23,Operations,Junior,Master,Full-Time,Office,Male,1200,11,10,0
10164,28.0,3.9,29800.0,4.1,35.8,9,2015-01-22,Finance,Senior,Bachelor,Full-Time,Office,Female,2000,6,5,1
10165,43.0,17.5,103500.0,4.1,58.4,4,2015-09-18,Operations,Senior,High School,Full-Time,Office,Female,4500,11,12,1
10166,38.0,10.7,43100.0,3.4,44.9,6,2020-10-08,Marketing,Lead,Bachelor,Full-Time,Hybrid,Male,5100,7,10,1
10167,42.0,18.8,86600.0,2.5,24.6,7,2023-03-04,Finance,Junior,Master,Full-Time,Office,Female,12100,12,17,1
10168,50.0,28.5,51700.0,2.7,33.7,4,2018-12-07,Marketing,Mid,Diploma,Part-Time,Hybrid,Male,1800,16,20,1
10169,33.0,10.7,51500.0,3.6,33.9,6,2021-01-19,Marketing,Senior,Master,Full-Time,Remote,Male,7100,6,7,1
10170,29.0,5.8,65500.0,3.6,36.2,2,2023-09-21,Sales,Junior,Master,Full-Time,Office,Male,3600,5,14,1
10171,28.0,3.2,38600.0,2.6,72.9,6,2021-07-29,Finance,Senior,Master,Full-Time,Remote,Male,1900,3,1,1
10172,28.0,7.8,58000.0,3.4,40.6,4,2015-07-15,Operations,Mid,Bachelor,Full-Time,Hybrid,Female,1600,8,16,1
10173,34.0,8.0,47200.0,3.8,5.0,3,2017-12-04,IT,Mid,Bachelor,Full-Time,Office,Female,1400,8,14,0
10174,38.0,18.3,32400.0,2.6,26.9,3,2022-04-26,Sales,Mid,Diploma,Full-Time,Hybrid,Female,900,10,13,1
10175,37.0,12.0,62900.0,4.2,6.0,5,2017-06-23,Sales,Mid,High School,Contract,Office,Female,4900,6,12,0
10176,42.0,17.7,49500.0,3.1,30.1,3,2021-02-04,IT,Senior,High School,Full-Time,Hybrid,Female,5200,9,7,1
10177,35.0,8.6,51700.0,4.3,5.2,4,2024-10-04,Finance,Lead,Diploma,Full-Time,Remote,Female,2300,7,8,1
10178,47.0,23.5,33900.0,3.0,21.9,3,2015-11-21,Operations,Mid,Master,Full-Time,Remote,Male,1600,14,7,1
10179,33.0,13.9,103900.0,2.7,12.2,6,2021-08-14,Sales,Mid,High School,Full-Time,Office,Male,4400,10,13,1
10180,57.0,35.0,78100.0,3.1,40.8,9,2016-07-21,Marketing,Senior,Bachelor,Contract,Office,Female,9800,20,4,1
10181,40.0,20.9,80900.0,3.3,35.0,5,2020-03-17,IT,Junior,Diploma,Contract,Remote,Male,3100,13,4,0
10182,28.0,7.6,48700.0,3.1,39.5,6,2024-05-11,Operations,Junior,Diploma,Part-Time,Hybrid,Male,1400,6,19,1
10183,26.0,0.7,27500.0,3.2,33.4,4,2017-02-17,HR,Mid,Master,Contract,Hybrid,Female,700,2,13,0
10184,39.0,16.0,120100.0,3.6,14.1,3,2017-07-14,Sales,Mid,High School,Full-Time,Hybrid,Male,3000,10,5,0
10185,33.0,8.7,53700.0,3.3,42.7,9,2020-12-02,Operations,Senior,High School,Full-Time,Hybrid,Male,4900,9,17,1
10186,41.0,23.0,40800.0,3.4,63.8,3,2021-08-01,Marketing,Lead,Master,Contract,Hybrid,Male,1300,14,8,0
10187,39.0,13.4,65000.0,2.2,41.1,9,2023-11-13,Finance,Senior,Diploma,Full-Time,Remote,Male,3200,7,9,1
10188,34.0,14.7,87700.0,3.7,28.6,4,2024-05-18,Finance,Lead,Diploma,Full-Time,Office,Male,11200,7,12,1
10189,28.0,8.7,54500.0,,13.6,8,2020-12-02,IT,Mid,Diploma,Part-Time,Hybrid,Male,7900,5,5,0
10190,23.0,6.5,91700.0,4.5,21.4,3,2024-07-11,Marketing,Mid,Diploma,Full-Time,Hybrid,Female,12100,4,15,0
10191,31.0,7.8,84800.0,2.7,41.8,3,2019-06-04,IT,Mid,Bachelor,Full-Time,Remote,Male,12300,7,9,1
10192,42.0,22.1,35800.0,2.1,51.1,5,2020-01-24,Sales,Mid,Bachelor,Full-Time,Remote,Female,3800,13,0,1
10193,37.0,21.8,42000.0,3.8,38.9,8,2022-10-16,IT,Mid,Diploma,Contract,Office,Male,6200,13,14,1
10194,25.0,1.1,80700.0,3.6,47.0,3,2020-04-27,HR,Mid,Diploma,Part-Time,Hybrid,Male,6800,4,19,1
10195,36.0,9.4,18600.0,2.7,45.6,4,2021-06-28,IT,Senior,Diploma,Full-Time,Remote,Female,2300,6,18,0
10196,38.0,10.4,,2.3,42.6,8,2024-11-21,IT,Junior,Bachelor,Contract,Office,Male,7600,7,6,0
10197,28.0,8.1,31000.0,4.5,25.1,3,2015-02-11,Sales,Junior,Master,Full-Time,Remote,Female,3500,4,14,0
10198,36.0,8.4,45500.0,4.4,37.6,3,2019-01-23,Marketing,Mid,High School,Full-Time,Hybrid,Male,6600,5,10,0
10199,35.0,11.9,48800.0,1.7,22.3,2,2023-09-26,Operations,Lead,Bachelor,Full-Time,Office,Female,2600,10,13,0
10200,26.0,5.3,47700.0,3.1,35.3,7,2016-07-27,Operations,Junior,Diploma,Full-Time,Remote,Female,2800,5,5,1
10201,38.0,16.6,44100.0,4.6,40.0,2,2019-12-26,HR,Lead,Diploma,Full-Time,Remote,Male,3200,10,9,1
10202,39.0,18.3,35500.0,3.1,60.2,6,2019-01-13,IT,Lead,Diploma,Full-Time,Office,Male,2900,12,7,1
10203,44.0,22.7,137600.0,3.1,15.4,5,2016-03-16,Sales,Junior,Diploma,Full-Time,Hybrid,Female,18800,13,3,1
10204,43.0,24.8,116100.0,3.2,42.2,6,2018-04-27,Sales,Senior,Master,Full-Time,Office,Female,15700,12,7,1
10205,24.0,0.0,34600.0,2.6,57.2,2,2021-05-21,Operations,Junior,Bachelor,Full-Time,Hybrid,Male,3700,3,12,0
10206,27.0,3.0,103600.0,2.2,46.4,10,2015-04-14,Sales,Mid,High School,Full-Time,Office,Male,5200,4,5,0
10207,39.0,14.7,46900.0,4.1,47.5,3,2016-07-22,Marketing,Mid,Diploma,Full-Time,Office,Male,2400,10,12,1
10208,39.0,19.5,57900.0,2.1,43.8,6,2016-04-01,IT,Lead,Master,Full-Time,Remote,Female,5900,14,15,1
10209,39.0,19.7,53600.0,3.6,54.5,5,2015-11-07,Finance,Mid,Master,Full-Time,Hybrid,Male,4600,13,18,1
10210,60.0,35.0,42200.0,4.0,18.7,7,2020-03-22,Operations,Mid,Diploma,Full-Time,Hybrid,Female,2300,18,21,1
10211,40.0,21.6,81500.0,2.4,14.2,6,2019-09-04,Operations,Mid,Diploma,Full-Time,Office,Female,3400,13,16,0
10212,44.0,18.5,57800.0,2.8,34.9,7,2024-06-17,HR,Mid,High School,Full-Time,Hybrid,Male,6600,9,6,1
10213,43.0,26.0,45500.0,4.2,5.0,4,2019-08-19,Finance,Mid,Bachelor,Full-Time,Office,Female,5700,16,15,1
10214,40.0,22.6,32600.0,3.8,53.5,7,2023-11-11,Marketing,Lead,High School,Part-Time,Hybrid,Female,1800,13,17,1
10215,32.0,12.2,38500.0,3.0,53.3,2,2016-02-11,Operations,Junior,Bachelor,Full-Time,Office,Female,2900,11,7,0
10216,41.0,24.3,28500.0,4.2,28.5,6,2022-12-02,IT,Mid,Master,Full-Time,Office,Male,3200,13,17,1
10217,29.0,2.0,55300.0,4.2,29.4,7,2016-08-03,Finance,Junior,Master,Full-Time,Remote,Female,4500,3,9,1
10218,33.0,9.4,34100.0,3.6,33.9,5,2020-07-08,Finance,Senior,Diploma,Contract,Office,Male,4900,6,12,1
10219,31.0,6.8,49500.0,2.8,35.8,4,2024-09-17,Operations,Junior,High School,Contract,Hybrid,Male,1800,5,18,1
10220,36.0,16.2,95100.0,3.1,36.9,5,2017-12-17,Finance,Junior,High School,Full-Time,Office,Female,12500,10,10,1
10221,54.0,28.8,88900.0,3.6,43.4,2,2022-07-29,HR,Senior,Diploma,Full-Time,Office,Male,5300,15,11,1
10222,21.0,1.3,54300.0,3.3,32.4,8,2024-07-19,IT,Mid,High School,Full-Time,Office,Male,5900,2,17,0
10223,40.0,22.1,53100.0,4.1,49.1,5,2022-03-29,Sales,Senior,Master,Full-Time,Remote,Male,2800,13,15,1
10224,22.0,2.1,116700.0,2.3,41.7,6,2020-02-04,IT,Senior,Master,Full-Time,Remote,Male,17000,5,1,0
10225,31.0,9.9,67700.0,2.4,25.9,5,2024-02-05,Operations,Mid,Diploma,Contract,Hybrid,Male,1800,8,5,1
10226,44.0,19.0,48200.0,3.5,55.0,6,2024-01-05,Finance,Junior,Diploma,Contract,Hybrid,Female,4200,12,11,1
10227,,11.5,31100.0,3.1,14.6,8,2023-11-06,IT,Junior,Bachelor,Full-Time,Hybrid,Male,4300,9,10,1
10228,26.0,7.7,64400.0,3.0,33.6,7,2015-07-06,Sales,Mid,Master,Full-Time,Office,Male,5200,6,8,1
10229,29.0,9.3,76600.0,2.2,49.5,1,2023-01-22,HR,Junior,Master,Full-Time,Office,Male,9900,5,23,0
10230,40.0,17.9,42700.0,3.4,24.2,4,2019-06-11,IT,Mid,Master,Full-Time,Hybrid,Female,6100,10,17,1
10231,29.0,5.7,61800.0,3.4,39.6,7,2021-11-16,IT,Mid,Master,Full-Time,Hybrid,Male,1800,7,0,1
10232,37.0,8.9,47600.0,3.9,43.2,7,2019-03-02,HR,Mid,Master,Full-Time,Office,Male,4000,6,17,1
10233,35.0,9.8,51100.0,3.4,22.1,2,2021-07-05,HR,Junior,Bachelor,Full-Time,Hybrid,Female,5600,9,7,0
10234,30.0,13.7,20300.0,3.3,33.9,3,2021-07-24,Operations,Mid,Diploma,Full-Time,Remote,Male,2600,8,11,1
10235,52.0,26.2,50300.0,4.2,32.7,9,2021-12-22,Finance,Junior,Diploma,Full-Time,Office,Female,2100,14,4,1
10236,40.0,18.6,81100.0,2.5,26.7,7,2020-03-05,Finance,Mid,High School,Full-Time,Office,Male,7600,9,18,1
10237,21.0,2.0,42700.0,3.8,69.5,8,2016-05-04,Operations,Senior,Master,Full-Time,Remote,Male,1800,1,13,1
10238,36.0,10.2,56200.0,2.2,23.6,4,2023-05-11,HR,Junior,Master,Full-Time,Office,Male,6600,6,19,1
10239,30.0,8.6,40600.0,2.8,50.1,2,2015-10-07,Sales,Lead,Diploma,Full-Time,Hybrid,Female,2300,5,13,1
10240,42.0,22.8,63500.0,2.6,29.1,6,2017-05-04,Finance,Mid,Master,Contract,Hybrid,Female,3500,16,10,1
10241,29.0,7.0,50400.0,3.9,18.7,2,2020-02-02,Sales,Junior,Master,Full-Time,Office,Female,6100,6,8,0
10242,34.0,20.6,37800.0,3.4,36.5,4,2018-04-02,HR,Lead,Master,Full-Time,Office,Male,4900,12,4,1
10243,39.0,12.0,93700.0,3.4,44.7,9,2017-10-01,IT,Mid,Diploma,Full-Time,Hybrid,Female,6100,7,10,0
10244,42.0,23.2,79800.0,2.6,48.8,4,2016-02-02,Operations,Mid,High School,Full-Time,Office,Female,6800,13,13,1
10245,25.0,2.5,43200.0,3.2,58.4,3,2023-08-06,HR,Junior,Diploma,Full-Time,Remote,Female,4800,1,1,0
10246,32.0,12.3,67100.0,2.9,79.2,4,2016-03-03,HR,Mid,Master,Full-Time,Hybrid,Male,7800,9,16,1
10247,31.0,10.3,68200.0,3.7,38.8,2,2024-08-04,Marketing,Senior,Diploma,Contract,Office,Female,8200,9,12,1
10248,30.0,5.8,71100.0,2.7,25.1,7,2016-01-10,HR,Junior,Bachelor,Full-Time,Office,Female,5000,6,10,0
10249,49.0,27.7,27900.0,4.3,41.8,7,2023-05-22,Finance,Mid,Master,Full-Time,Remote,Female,2500,16,7,1
10250,38.0,10.4,82300.0,2.2,31.0,2,2016-09-23,IT,Senior,Diploma,Full-Time,Hybrid,Female,2800,5,6,1
10251,25.0,4.8,43800.0,2.8,48.9,4,2023-04-25,Sales,Junior,Diploma,Full-Time,Hybrid,Male,6300,7,11,1
10252,42.0,20.9,47700.0,4.6,15.5,4,2016-11-27,Marketing,Senior,High School,Contract,Office,Female,5300,14,11,1
10253,52.0,31.9,158000.0,3.1,70.5,5,2018-12-17,Operations,Junior,Master,Full-Time,Hybrid,Female,10900,16,1,1
10254,43.0,24.2,62100.0,2.5,47.8,6,2017-07-16,Finance,Junior,Bachelor,Full-Time,Remote,Male,4400,14,23,1
10255,23.0,2.1,47100.0,3.6,9.7,6,2020-06-10,IT,Lead,Bachelor,Full-Time,Hybrid,Female,1500,4,7,1
10256,31.0,9.4,22800.0,3.1,24.4,8,2020-07-20,Sales,Junior,Master,Full-Time,Office,Female,1800,6,18,0
10257,45.0,20.4,95900.0,2.8,47.2,4,2019-07-24,IT,Senior,Diploma,Full-Time,Remote,Male,10300,11,10,1
10258,29.0,4.9,32100.0,2.6,52.6,1,2015-03-19,Finance,Senior,Bachelor,Full-Time,Office,Male,4600,5,15,0
10259,39.0,20.6,36800.0,5.0,15.9,4,2016-05-02,Operations,Mid,Master,Full-Time,Hybrid,Female,3800,12,11,1
10260,41.0,23.3,48200.0,3.2,45.7,6,2023-11-16,Operations,Mid,Bachelor,Full-Time,Remote,Male,5000,16,10,1
10261,28.0,5.3,96900.0,2.1,5.8,3,2017-11-27,IT,Junior,Master,Full-Time,Remote,Female,11800,5,13,1
10262,35.0,13.1,74900.0,4.4,33.7,4,2022-02-27,HR,Senior,Bachelor,Full-Time,Hybrid,Male,6500,8,9,1
10263,21.0,0.0,51600.0,3.8,51.7,1,2023-03-18,IT,Lead,High School,Part-Time,Remote,Female,1200,2,18,0
10264,27.0,8.5,62200.0,2.9,26.7,7,2024-03-15,HR,Junior,Master,Full-Time,Hybrid,Male,8400,7,5,0
10265,33.0,13.0,43300.0,2.7,12.4,2,2022-02-18,Operations,Mid,High School,Full-Time,Office,Male,3100,10,11,0
10266,25.0,8.8,58200.0,3.9,37.2,9,2015-06-20,Finance,Mid,Master,Full-Time,Office,Male,8600,6,8,1
10267,48.0,23.4,56600.0,3.2,25.9,6,2016-10-03,Marketing,Junior,Bachelor,Full-Time,Hybrid,Female,4100,16,15,1
10268,24.0,0.9,81000.0,2.1,44.4,5,2019-08-27,HR,Senior,Bachelor,Full-Time,Hybrid,Male,8700,1,1,1
10269,31.0,9.7,81000.0,4.7,21.7,10,2019-05-25,Operations,Senior,Diploma,Contract,Office,Female,6500,7,18,1
10270,36.0,15.9,67000.0,3.1,23.4,7,2015-10-19,IT,Junior,Bachelor,Full-Time,Remote,Female,3400,8,7,1
10271,47.0,24.4,47600.0,4.4,5.0,5,2020-04-25,Operations,Mid,High School,Contract,Office,Male,6700,14,15,1
10272,24.0,0.0,74000.0,4.3,37.5,4,2016-08-03,IT,Mid,Diploma,Full-Time,Hybrid,Female,7500,4,1,1
10273,44.0,24.6,53000.0,2.7,32.6,11,2016-02-26,IT,Junior,High School,Part-Time,Remote,Female,4200,13,9,1
10274,35.0,15.2,35700.0,4.1,17.2,4,2015-04-15,Operations,Senior,High School,Full-Time,Hybrid,Female,1400,13,9,1
10275,27.0,2.3,46800.0,2.9,37.9,3,2022-02-26,Finance,Junior,High School,Full-Time,Office,Female,7000,1,12,1
10276,39.0,21.1,56900.0,2.1,50.4,1,2018-11-30,Sales,Mid,High School,Full-Time,Remote,Female,7800,11,14,1
10277,37.0,18.5,79200.0,3.1,31.8,7,2017-05-29,IT,Mid,High School,Full-Time,Office,Female,5900,12,23,1
10278,30.0,8.4,51100.0,3.7,39.0,5,2019-01-22,IT,Mid,Master,Contract,Office,Male,2200,6,9,1
10279,36.0,14.2,33900.0,3.1,39.1,7,2023-01-01,HR,Junior,Master,Full-Time,Office,Female,800,9,15,1
10280,32.0,11.7,56300.0,3.2,16.9,5,2021-04-14,Marketing,Senior,Diploma,Full-Time,Hybrid,Female,2200,6,9,1
10281,36.0,11.4,57600.0,4.2,65.8,2,2023-02-22,Operations,Lead,High School,Contract,Remote,Male,5200,6,13,1
10282,40.0,18.1,59200.0,3.5,27.9,5,2021-06-14,IT,Mid,Master,Full-Time,Office,Male,7500,11,4,1
10283,48.0,19.5,79500.0,2.8,44.8,9,2024-06-06,Finance,Junior,Bachelor,Contract,Remote,Male,5300,11,13,1
10284,25.0,5.6,82700.0,3.9,46.5,11,2018-02-03,Sales,Senior,Diploma,Full-Time,Office,Female,6300,3,7,1
10285,52.0,25.3,43400.0,3.5,32.9,6,2020-02-28,Sales,Lead,Master,Full-Time,Office,Male,3500,17,3,1
10286,21.0,3.5,43000.0,1.6,44.1,6,2015-11-11,Sales,Senior,Bachelor,Part-Time,Hybrid,Female,1000,3,11,1
10287,34.0,11.0,36300.0,3.7,38.7,3,2016-08-31,Finance,Mid,Diploma,Full-Time,Remote,Male,1600,8,12,1
10288,40.0,17.4,72700.0,3.7,13.7,8,2023-03-12,Sales,Junior,Bachelor,Full-Time,Office,Female,6200,10,10,1
10289,37.0,13.1,98200.0,3.4,30.0,3,2022-01-30,Operations,Junior,High School,Full-Time,Office,Female,5500,8,14,0
10290,30.0,7.1,48500.0,4.0,25.8,8,2020-10-20,Sales,Junior,Bachelor,Full-Time,Hybrid,Male,4300,5,21,1
10291,33.0,15.3,49900.0,2.9,28.1,7,2016-01-13,,Junior,High School,Full-Time,Hybrid,Female,1700,10,7,0
10292,31.0,1.5,98900.0,3.6,15.4,6,2019-02-28,Sales,Lead,Diploma,Full-Time,Office,Male,12300,4,16,1
10293,30.0,11.8,67300.0,2.3,51.9,6,2023-12-01,HR,Mid,High School,Full-Time,Office,Female,8200,11,8,1
10294,42.0,21.0,65500.0,3.7,59.0,3,2015-05-14,HR,Junior,Bachelor,Full-Time,Office,Male,7000,12,14,1
10295,38.0,12.4,34200.0,4.8,49.7,7,2023-11-20,HR,Mid,High School,Contract,Hybrid,Female,3000,7,11,1
10296,29.0,3.8,72200.0,2.7,54.1,4,2019-12-22,Finance,Junior,High School,Full-Time,Office,Male,5100,2,20,0
10297,42.0,25.0,37900.0,2.9,29.8,4,2016-01-28,IT,Mid,Diploma,Full-Time,Office,Male,4100,16,12,1
10298,37.0,12.2,34900.0,2.9,25.5,10,2023-08-02,Marketing,Mid,High School,Full-Time,Office,Male,4200,6,12,1
10299,42.0,16.5,47900.0,3.5,23.3,6,2023-05-02,Operations,Junior,Master,Part-Time,Office,Female,6000,14,17,0
10300,40.0,21.4,43500.0,2.7,44.7,2,2016-02-19,Operations,Junior,Diploma,Full-Time,Hybrid,Female,2800,11,14,1
10301,28.0,7.0,50300.0,3.7,38.4,4,2021-09-16,Sales,Senior,Bachelor,Part-Time,Office,Male,2300,6,15,1
10302,31.0,6.2,30900.0,4.0,33.8,3,2018-02-10,Marketing,Mid,Diploma,Full-Time,Office,Female,2000,3,18,0
10303,41.0,19.6,80700.0,3.8,54.4,9,2020-10-13,IT,Mid,Bachelor,Part-Time,Office,Female,1700,12,13,1
10304,40.0,14.9,86300.0,2.2,41.1,6,2019-10-18,HR,Senior,Bachelor,Full-Time,Hybrid,Male,6500,11,20,1
10305,35.0,16.3,25200.0,4.1,22.4,3,2017-05-15,HR,Senior,High School,Full-Time,Hybrid,Male,1400,9,5,1
10306,,17.2,81300.0,4.1,24.8,7,2021-09-14,HR,Mid,Diploma,Full-Time,Hybrid,Male,10000,11,11,1
10307,45.0,24.6,39800.0,4.0,45.2,5,2015-10-17,HR,Lead,Bachelor,Full-Time,Office,Female,4300,13,12,1
10308,30.0,9.1,77500.0,3.7,50.6,7,2019-02-15,Sales,Junior,Master,Full-Time,Hybrid,Female,1800,12,8,0
10309,39.0,22.3,53500.0,3.6,43.3,7,2024-07-23,IT,Junior,High School,Full-Time,Office,Male,2100,12,15,1
10310,33.0,11.0,55600.0,4.1,63.5,2,2020-04-16,IT,Lead,High School,Full-Time,Office,Male,5000,6,13,1
10311,33.0,7.5,51100.0,4.7,59.5,7,2018-08-31,IT,Senior,Bachelor,Full-Time,Remote,Female,5100,4,1,1
10312,44.0,23.3,89300.0,2.7,41.6,3,2023-08-27,Marketing,Junior,Master,Full-Time,Hybrid,Male,10700,15,18,1
10313,42.0,26.3,33500.0,4.2,22.4,7,2022-09-07,Operations,Lead,High School,Full-Time,Hybrid,Female,4900,16,17,1
10314,42.0,17.0,70100.0,3.3,15.4,5,2022-12-01,HR,Junior,Diploma,Full-Time,Remote,Male,7800,10,13,0
10315,45.0,21.9,85400.0,3.3,29.2,8,2022-06-01,Finance,Senior,Bachelor,Full-Time,Remote,Male,7800,12,14,1
10316,35.0,14.2,73200.0,2.3,46.3,3,2021-08-01,Operations,Junior,Master,Full-Time,Hybrid,Male,5400,9,6,1
10317,40.0,17.8,139400.0,3.2,62.4,7,2017-05-27,IT,Junior,Bachelor,Full-Time,Office,Male,16200,13,7,1
10318,33.0,8.1,44500.0,2.7,41.3,4,2023-05-04,Marketing,Mid,High School,Full-Time,Hybrid,Male,6300,6,0,0
10319,38.0,19.4,80700.0,3.1,52.5,3,2020-06-07,Sales,Senior,Master,Part-Time,Hybrid,Female,6100,10,8,1
10320,34.0,19.0,52700.0,2.6,31.3,3,2017-01-21,HR,Senior,Bachelor,Full-Time,Office,Male,5100,10,11,0
10321,36.0,14.6,90100.0,3.1,44.3,2,2024-10-29,Marketing,Lead,Bachelor,Full-Time,Office,Male,4200,9,15,1
10322,40.0,15.3,54800.0,3.1,47.4,9,2017-01-18,Operations,Mid,Bachelor,Full-Time,Hybrid,Female,7200,9,6,1
10323,28.0,1.4,47100.0,3.5,5.3,10,2015-12-31,Finance,Mid,Diploma,Full-Time,Office,Male,5300,6,17,1
10324,52.0,30.8,92700.0,2.3,28.8,7,2015-09-24,Finance,Junior,Diploma,Contract,Office,Male,6100,16,12,1
10325,27.0,8.3,45200.0,2.4,49.2,7,2016-02-10,Sales,Junior,Diploma,Full-Time,Hybrid,Male,6000,6,17,1
10326,25.0,4.4,31300.0,3.7,39.1,4,2015-05-19,IT,Mid,Diploma,Full-Time,Remote,Male,4600,9,16,1
10327,44.0,22.0,44700.0,2.8,17.1,4,2018-04-03,IT,Senior,High School,Full-Time,Office,Male,2600,13,13,0
10328,41.0,17.2,70500.0,,5.0,5,2019-12-23,Marketing,Senior,Bachelor,Full-Time,Office,Female,3100,15,14,1
10329,40.0,14.7,96000.0,3.6,29.5,3,2019-09-17,Operations,Junior,Diploma,Full-Time,Remote,Female,12300,8,9,1
10330,40.0,20.5,57500.0,3.8,33.9,7,2022-06-06,Marketing,Senior,High School,Full-Time,Office,Male,5500,10,12,1
10331,35.0,15.7,93200.0,4.4,21.7,4,2023-09-13,Operations,Senior,Diploma,Full-Time,Hybrid,Female,12600,9,13,0
10332,28.0,1.4,31900.0,3.2,37.1,4,2023-10-26,IT,Mid,High School,Full-Time,Office,Male,2100,4,16,1
10333,36.0,18.8,46100.0,3.0,42.6,4,2021-02-10,IT,Senior,Master,Full-Time,Office,Female,4400,11,12,1
10334,30.0,9.7,49000.0,4.0,45.1,8,2018-12-04,Marketing,Mid,Diploma,Full-Time,Hybrid,Male,4700,8,22,1
10335,43.0,25.2,52500.0,3.8,5.0,5,2022-10-01,HR,Lead,Diploma,Full-Time,Remote,Male,2300,14,12,1
10336,34.0,8.0,56900.0,3.3,15.3,3,2017-05-20,Operations,Junior,Bachelor,Full-Time,Hybrid,Male,8500,7,0,1
10337,28.0,1.9,72500.0,4.4,30.4,11,2016-12-03,Operations,Mid,Diploma,Full-Time,Remote,Female,7700,3,10,1
10338,32.0,9.6,46000.0,3.3,43.6,7,2019-08-26,Finance,Junior,Diploma,Full-Time,Office,Female,4900,8,7,0
10339,38.0,17.5,58100.0,3.4,42.3,5,2023-02-02,Finance,Senior,High School,Full-Time,Remote,Female,3400,10,10,1
10340,30.0,13.4,54000.0,3.4,42.1,6,2015-07-20,Sales,Junior,Bachelor,Full-Time,Office,Female,5600,12,6,0
10341,28.0,8.1,38000.0,2.7,29.2,2,2016-09-09,Finance,Mid,Bachelor,Part-Time,Office,Female,4900,5,3,0
10342,37.0,14.3,52600.0,3.5,30.1,1,2020-07-06,Operations,Senior,Master,Full-Time,Office,Female,6600,8,8,1
10343,37.0,11.9,51900.0,4.4,24.1,3,2021-03-17,Marketing,Mid,High School,Full-Time,Remote,Male,7200,7,14,1
10344,31.0,12.7,51500.0,3.7,46.5,5,2017-05-06,HR,Mid,Diploma,Full-Time,Hybrid,Male,2000,7,15,0
10345,31.0,6.1,55700.0,3.4,21.2,7,2024-09-11,Marketing,Junior,High School,Full-Time,Office,Female,2400,3,8,1
10346,37.0,19.9,56700.0,3.3,47.8,3,2019-10-19,IT,Junior,Diploma,Contract,Office,Male,6400,12,16,1
10347,23.0,0.1,46300.0,3.6,38.1,4,2023-05-18,Operations,Lead,Master,Full-Time,Remote,Male,5800,2,9,1
10348,24.0,6.8,91500.0,3.9,34.3,2,2020-07-02,IT,Mid,Diploma,Full-Time,Remote,Male,9900,6,8,1
10349,29.0,9.0,34500.0,3.8,25.1,5,2024-08-06,,Senior,Bachelor,Full-Time,Hybrid,Female,1300,6,10,1
10350,33.0,10.6,41200.0,3.2,14.7,2,2023-06-28,Finance,Mid,Master,Full-Time,Hybrid,Female,4000,7,0,1
10351,37.0,13.4,167200.0,3.6,25.3,5,2015-03-05,HR,Junior,Diploma,Full-Time,Office,Female,19600,11,11,1
10352,47.0,24.0,36300.0,3.7,30.0,7,2023-03-04,Operations,Junior,Master,Full-Time,Office,Male,1400,14,4,1
10353,42.0,21.3,32000.0,2.7,5.0,3,2018-01-24,Sales,Junior,Bachelor,Full-Time,Office,Female,900,11,9,0
10354,34.0,12.2,73800.0,3.5,32.0,6,2022-01-31,Marketing,Senior,Bachelor,Full-Time,Office,Male,3900,9,8,1
10355,35.0,11.2,24000.0,1.9,48.9,3,2022-01-01,Sales,Mid,High School,Full-Time,Office,Male,800,7,16,1
10356,27.0,4.5,50100.0,3.7,43.5,10,2018-09-25,Sales,Mid,Diploma,Full-Time,Hybrid,Male,2000,4,7,1
10357,35.0,13.2,129800.0,3.9,27.6,5,2019-09-08,Sales,Senior,Master,Full-Time,Remote,Male,6000,9,23,0
10358,33.0,4.6,29600.0,3.9,35.7,3,2015-09-08,Sales,Mid,High School,Contract,Remote,Male,2600,4,8,0
10359,38.0,17.4,24900.0,3.1,26.7,7,2019-09-26,Marketing,Lead,Master,Full-Time,Hybrid,Male,1000,12,9,1
10360,28.0,3.1,30200.0,3.6,37.2,3,2024-03-04,IT,Junior,High School,Full-Time,Office,Female,3000,3,13,1
10361,39.0,13.5,78800.0,4.4,58.1,5,2015-02-08,Marketing,Lead,High School,Full-Time,Office,Male,4600,9,9,1
10362,47.0,19.9,86200.0,4.4,49.5,4,2015-03-10,IT,Senior,High School,Part-Time,Remote,Male,5200,14,17,1
10363,34.0,6.6,44800.0,3.4,42.8,7,2015-10-04,IT,Mid,Bachelor,Full-Time,Office,Male,6500,9,1,1
10364,38.0,11.9,72300.0,3.5,27.6,4,2023-09-27,Marketing,Mid,Bachelor,Full-Time,Office,Male,9000,8,13,1
10365,41.0,16.9,95900.0,4.2,46.2,4,2018-01-14,Marketing,Senior,Bachelor,Contract,Office,Female,7200,9,8,1
10366,32.0,15.9,112400.0,2.3,9.7,3,2021-02-02,Marketing,Mid,Bachelor,Full-Time,Office,Male,8800,13,16,1
10367,37.0,13.4,49800.0,3.2,31.2,6,2023-04-07,Operations,Junior,Master,Full-Time,Office,Female,1700,10,12,1
10368,35.0,13.5,21900.0,4.3,43.8,10,2022-04-07,IT,Lead,Diploma,Part-Time,Hybrid,Male,2800,8,14,1
10369,36.0,15.2,39600.0,4.1,46.1,3,2018-01-20,Marketing,Mid,Bachelor,Full-Time,Hybrid,Female,800,9,17,1
10370,29.0,7.4,46400.0,3.7,45.0,5,2018-12-14,HR,Mid,Diploma,Full-Time,Office,Female,1800,9,19,1
10371,35.0,12.8,49600.0,2.3,39.4,4,2020-10-29,Finance,Junior,High School,Contract,Hybrid,Female,4400,9,14,0
10372,39.0,13.4,51000.0,3.4,32.1,5,2015-12-07,Finance,Junior,Diploma,Full-Time,Office,Male,2300,8,20,0
10373,47.0,29.4,86000.0,3.0,43.1,2,2016-02-25,HR,Senior,Bachelor,Part-Time,Office,Female,8800,19,6,1
10374,43.0,26.4,91600.0,3.6,20.7,3,2021-03-25,Finance,Mid,Master,Full-Time,Office,Male,1900,15,10,0
10375,52.0,25.0,51300.0,2.8,22.3,4,2020-04-02,IT,Lead,Bachelor,Contract,Office,Female,1700,16,8,1
10376,29.0,3.9,85300.0,2.7,35.9,6,2016-04-17,Marketing,Senior,Master,Contract,Office,Female,10200,3,12,0
10377,42.0,19.2,63500.0,2.0,37.6,7,2020-11-05,Marketing,Lead,Bachelor,Full-Time,Remote,Male,6000,11,13,1
10378,36.0,11.1,56400.0,4.3,7.6,4,2024-05-14,Operations,Junior,High School,Full-Time,Office,Female,1300,6,9,1
10379,53.0,32.5,79000.0,3.1,41.8,7,2020-01-08,Marketing,Junior,Master,Full-Time,Office,Male,3700,19,17,0
10380,29.0,4.8,56600.0,3.5,46.6,4,2021-02-15,HR,Mid,High School,Contract,Remote,Male,2900,3,0,0
10381,28.0,12.5,125300.0,3.4,33.8,5,2017-05-16,HR,Junior,Bachelor,Full-Time,Hybrid,Male,16300,11,17,1
10382,30.0,11.6,30900.0,2.7,70.6,6,2023-04-17,IT,Mid,High School,Part-Time,Remote,Female,3000,6,9,1
10383,21.0,0.0,44800.0,2.5,24.8,9,2019-07-28,HR,Senior,Diploma,Part-Time,Office,Female,4000,1,14,1
10384,31.0,12.1,52300.0,2.7,29.6,3,2017-09-07,Operations,Mid,Diploma,Full-Time,Office,Female,1600,9,5,0
10385,29.0,10.3,65600.0,2.9,29.1,9,2020-12-23,Marketing,Junior,Master,Full-Time,Office,Female,6900,5,13,1
10386,36.0,12.3,91300.0,3.7,33.9,6,2024-04-19,Operations,Junior,Diploma,Full-Time,Remote,Female,3700,9,13,1
10387,38.0,13.6,54500.0,2.8,30.1,2,2020-09-18,IT,Junior,Diploma,Full-Time,Office,Male,4800,9,17,0
10388,50.0,28.2,31100.0,4.6,13.9,9,2024-03-12,IT,Senior,Bachelor,Contract,Office,Female,3000,18,16,1
10389,43.0,23.6,77000.0,4.1,26.8,4,2015-09-13,Marketing,Junior,Bachelor,Full-Time,Hybrid,Male,10000,13,5,1
10390,30.0,8.4,74400.0,4.0,33.5,5,2023-03-14,Sales,Lead,Diploma,Contract,Hybrid,Female,9300,5,12,1
10391,28.0,1.3,25300.0,3.3,53.4,5,2019-06-09,Marketing,Senior,Master,Full-Time,Remote,Female,1100,3,16,1
10392,39.0,14.6,54900.0,4.5,68.0,4,2018-12-14,,Senior,Diploma,Full-Time,Remote,Male,7600,8,9,1
10393,24.0,1.8,29100.0,3.2,55.0,3,2016-06-22,Sales,Mid,Bachelor,Full-Time,Hybrid,Male,600,6,3,0
10394,50.0,27.8,42200.0,3.4,23.4,5,2019-11-01,Marketing,Lead,High School,Contract,Office,Male,2700,16,12,1
10395,44.0,27.9,38300.0,3.5,24.6,4,2024-03-16,Marketing,Senior,Master,Full-Time,Hybrid,Female,1100,18,5,1
10396,31.0,4.8,76000.0,3.9,32.6,3,2024-04-10,Sales,Mid,Master,Full-Time,Hybrid,Female,8600,5,9,1
10397,21.0,0.5,57600.0,3.8,61.8,5,2019-12-29,Sales,Junior,Diploma,Full-Time,Office,Male,4900,1,7,1
10398,46.0,28.5,32900.0,3.1,32.5,6,2017-05-07,Finance,Senior,High School,Full-Time,Office,Male,1400,15,10,0
10399,34.0,18.8,78200.0,3.0,15.1,9,2015-05-12,Operations,Mid,Master,Full-Time,Office,Female,2400,9,17,1
10400,45.0,21.8,31000.0,3.8,27.5,3,2019-06-15,Sales,Junior,Master,Full-Time,Office,Male,1500,12,15,1
10401,22.0,1.5,62800.0,3.9,46.4,5,2022-12-25,HR,Junior,Bachelor,Full-Time,Remote,Male,8800,2,18,1
10402,30.0,9.7,39700.0,3.1,45.3,7,2017-01-10,Sales,Junior,Diploma,Full-Time,Remote,Male,4300,7,14,0
10403,35.0,13.6,47500.0,2.3,32.0,5,2022-01-30,IT,Mid,Diploma,Full-Time,Hybrid,Female,2400,8,13,1
10404,35.0,12.7,67300.0,3.3,45.3,2,2024-03-28,Sales,Mid,Master,Full-Time,Office,Female,9200,7,18,1
10405,31.0,10.3,67800.0,3.8,5.0,5,2020-07-24,Marketing,Mid,High School,Full-Time,Remote,Female,2600,5,5,0
10406,40.0,10.4,93900.0,4.7,36.6,7,2020-04-09,HR,Senior,High School,Full-Time,Office,Male,10300,7,19,1
10407,26.0,6.0,53200.0,2.6,47.9,8,2020-06-24,Sales,Mid,High School,Full-Time,Hybrid,Male,4000,3,15,1
10408,34.0,12.4,62200.0,3.1,22.5,2,2015-10-09,HR,Junior,High School,Full-Time,Remote,Female,3400,9,16,1
10409,36.0,13.3,46200.0,3.1,22.5,3,2021-12-14,Operations,Junior,Diploma,Full-Time,Office,Female,2500,7,9,0
10410,39.0,23.1,59200.0,4.3,7.0,6,2021-05-16,Finance,Senior,Bachelor,Part-Time,Remote,Male,5000,14,8,1
10411,41.0,17.0,65600.0,3.4,58.8,3,2024-10-11,HR,Junior,High School,Full-Time,Office,Female,9300,12,12,1
10412,26.0,2.8,52900.0,2.8,24.2,6,2023-12-15,Marketing,Senior,High School,Full-Time,Remote,Male,6200,3,6,0
10413,23.0,7.0,26700.0,3.8,38.6,10,2018-10-30,Finance,Junior,Bachelor,Full-Time,Office,Female,2800,4,10,1
10414,45.0,20.5,62800.0,3.1,44.1,2,2024-03-25,Sales,Senior,Diploma,Part-Time,Office,Female,8400,13,10,1
10415,38.0,14.3,63600.0,2.5,57.7,6,2017-06-27,Operations,Mid,Bachelor,Full-Time,Hybrid,Female,6000,13,10,1
10416,29.0,6.6,41900.0,2.8,32.7,5,2016-10-27,Operations,Junior,Bachelor,Full-Time,Office,Female,1900,5,8,1
10417,47.0,27.5,32900.0,4.6,26.9,3,2018-08-15,Operations,Senior,High School,Full-Time,Hybrid,Female,4800,18,4,1
10418,36.0,14.6,99300.0,3.7,37.6,4,2022-02-15,HR,Mid,Bachelor,Full-Time,Hybrid,Female,8900,15,14,1
10419,44.0,18.1,66900.0,3.5,54.3,5,2018-09-07,Finance,Senior,Bachelor,Contract,Hybrid,Male,4100,10,13,0
10420,36.0,12.4,50200.0,3.2,32.4,5,2018-02-07,Sales,Senior,Diploma,Part-Time,Remote,Male,6100,7,6,1
10421,51.0,27.2,34900.0,3.6,20.7,9,2019-07-05,Operations,Junior,High School,Full-Time,Office,Male,2800,19,14,1
10422,49.0,26.8,39600.0,3.6,11.9,6,2016-04-15,Operations,Mid,High School,Full-Time,Office,Female,900,17,10,1
10423,33.0,12.3,92600.0,3.6,16.7,4,2016-02-16,Operations,Junior,Master,Full-Time,Remote,Female,5700,8,7,1
10424,43.0,22.3,58100.0,3.5,48.0,3,2016-05-27,Operations,Mid,High School,Contract,Office,Female,4600,14,15,1
10425,40.0,12.7,44100.0,4.0,30.2,4,2019-02-12,Sales,Junior,Diploma,Full-Time,Office,Male,3000,6,12,1
10426,46.0,27.2,67400.0,3.4,25.9,2,2018-03-09,HR,Mid,Diploma,Part-Time,Hybrid,Female,6200,16,19,0
10427,27.0,5.8,39700.0,2.7,24.3,5,2023-01-04,Operations,Junior,Diploma,Full-Time,Hybrid,Male,1700,6,8,0
10428,40.0,22.2,100300.0,3.0,36.3,4,2022-06-30,Operations,Mid,Master,Part-Time,Hybrid,Female,9500,15,14,1
10429,43.0,22.3,94500.0,2.0,31.4,2,2023-03-16,HR,Mid,Master,Full-Time,Office,Male,14000,14,20,0
10430,21.0,2.3,45600.0,4.8,30.9,5,2024-10-15,Finance,Senior,Diploma,Full-Time,Remote,Male,5400,4,12,1
10431,26.0,5.4,42800.0,4.0,55.2,11,2020-10-08,HR,Mid,High School,Full-Time,Hybrid,Male,4700,6,7,1
10432,21.0,3.0,19300.0,2.8,58.1,4,2018-04-21,Sales,Senior,,Contract,Hybrid,Female,900,2,9,1
10433,33.0,12.6,30400.0,3.2,10.8,6,2016-02-23,Marketing,Junior,High School,Full-Time,Remote,Male,2900,8,19,1
10434,41.0,18.7,32200.0,3.0,39.9,2,2017-08-14,Finance,Junior,Master,Full-Time,Office,Female,4100,9,19,1
10435,47.0,31.8,58100.0,4.5,23.3,4,2019-12-23,Marketing,Lead,Bachelor,Part-Time,Hybrid,Male,3000,18,9,1
10436,36.0,16.7,48300.0,2.4,31.3,9,2017-04-04,Operations,Mid,Diploma,Contract,Remote,Male,1500,11,8,1
10437,48.0,27.7,32100.0,3.5,39.6,2,2017-06-26,Marketing,Mid,Bachelor,Contract,Office,Female,3400,16,16,1
10438,24.0,0.0,49100.0,3.3,31.8,5,2017-01-02,Sales,Junior,Diploma,Full-Time,Hybrid,Male,5300,1,8,1
10439,21.0,0.0,67300.0,4.0,38.5,4,2020-04-08,Marketing,Junior,Bachelor,Contract,Remote,Male,8400,1,12,1
10440,35.0,13.9,67900.0,3.3,45.1,5,2024-01-12,IT,Lead,,Full-Time,Hybrid,Female,6900,7,0,0
10441,38.0,16.4,25700.0,2.2,39.4,3,2016-01-26,Finance,Senior,High School,Contract,Hybrid,Male,3300,10,20,0
10442,35.0,11.2,52200.0,3.2,25.3,4,2023-10-21,,Mid,Diploma,Contract,Hybrid,Male,2800,9,13,1
10443,21.0,0.0,31600.0,2.7,25.6,5,2022-08-15,HR,Lead,High School,Full-Time,Hybrid,Male,800,1,10,1
10444,34.0,16.8,78900.0,3.5,13.4,7,2019-05-07,Sales,Mid,Diploma,Full-Time,Hybrid,Male,9100,9,14,1
10445,25.0,5.1,75300.0,4.4,22.2,6,2016-10-22,HR,Senior,Bachelor,Full-Time,Hybrid,Male,5300,5,15,1
10446,40.0,14.6,38400.0,2.2,64.4,5,2015-01-27,Sales,Mid,Diploma,Part-Time,Hybrid,Male,1800,9,3,1
10447,38.0,15.7,40500.0,2.8,23.1,7,2022-04-24,IT,Mid,Master,Full-Time,Hybrid,Female,1100,9,8,1
10448,27.0,2.6,45700.0,3.0,17.1,5,2019-03-12,Finance,Junior,Bachelor,Full-Time,Hybrid,Male,5400,1,10,1
10449,31.0,7.8,22300.0,3.1,39.8,9,2017-06-02,Operations,Senior,Bachelor,Full-Time,Hybrid,Male,2800,10,5,1
10450,27.0,3.8,62900.0,3.9,33.3,5,2019-12-20,Operations,Junior,Diploma,Full-Time,Hybrid,Female,4400,4,10,0
10451,34.0,10.6,49300.0,3.3,32.1,5,2015-05-07,Marketing,Senior,Master,Contract,Remote,Male,6700,8,10,1
10452,43.0,17.2,81100.0,3.7,56.1,8,2019-01-19,Sales,Junior,Master,Full-Time,Office,Female,6000,10,8,1
10453,27.0,4.6,35400.0,3.0,43.2,4,2021-05-17,Finance,Junior,High School,Full-Time,Office,Male,5100,5,9,1
10454,39.0,15.3,42900.0,3.6,27.1,2,2018-11-19,Finance,Lead,Bachelor,Contract,Hybrid,Male,6300,11,11,1
10455,31.0,0.2,30100.0,3.9,28.6,5,2015-11-15,Finance,Mid,High School,Full-Time,Remote,Male,3800,2,3,1
10456,29.0,13.2,36800.0,2.9,27.5,3,2021-10-24,Finance,Junior,Bachelor,Full-Time,Remote,Female,2000,9,16,0
10457,34.0,15.3,34300.0,3.9,48.1,2,2015-12-07,Finance,Lead,Bachelor,Contract,Hybrid,Female,2300,9,14,1
10458,27.0,3.9,81900.0,3.4,30.4,5,2016-11-24,Marketing,Mid,Bachelor,Full-Time,Hybrid,Male,7300,5,10,1
10459,31.0,9.1,41600.0,4.1,8.1,8,2015-04-29,Operations,Junior,Bachelor,Full-Time,Hybrid,Male,2600,6,12,1
10460,25.0,0.0,57800.0,3.3,34.3,3,2017-02-16,Marketing,Mid,Diploma,Full-Time,Hybrid,Male,7300,5,12,0
10461,51.0,34.1,47200.0,3.7,11.9,4,2022-06-30,Sales,Mid,Master,Contract,Office,Female,6600,20,21,1
10462,35.0,18.7,33100.0,3.4,67.8,11,2022-07-23,Operations,Mid,Bachelor,Full-Time,Office,Female,4900,12,8,1
10463,29.0,7.5,51400.0,3.3,20.5,4,2018-10-23,Operations,Lead,High School,Full-Time,Office,Male,3300,5,13,1
10464,37.0,18.1,69900.0,3.6,32.6,7,2016-01-20,HR,Junior,High School,Part-Time,Hybrid,Female,3900,11,0,0
10465,34.0,12.5,33900.0,3.8,38.9,1,2022-01-01,Sales,Junior,Diploma,Full-Time,Office,Female,1400,8,13,1
10466,33.0,7.0,76000.0,2.5,30.7,3,2020-06-28,Finance,Junior,Master,Full-Time,Hybrid,Female,2000,4,10,0
10467,40.0,16.8,39200.0,4.4,30.6,2,2019-05-25,HR,Junior,Bachelor,Full-Time,Hybrid,Female,1700,10,14,0
10468,41.0,19.4,45300.0,2.1,41.3,6,2018-03-27,Operations,Mid,Diploma,Contract,Office,Male,2600,13,13,0
10469,31.0,7.6,68000.0,2.9,57.9,3,2019-06-22,Sales,Senior,High School,Full-Time,Office,Female,4800,5,12,1
10470,30.0,7.3,42200.0,3.3,46.5,5,2019-10-07,HR,Mid,Master,Full-Time,Office,Male,1400,6,13,0
10471,33.0,10.7,55800.0,3.7,57.2,8,2015-03-27,Operations,Junior,Bachelor,Contract,Office,Male,7100,7,16,1
10472,21.0,0.0,48500.0,4.5,19.3,8,2020-04-09,Marketing,Senior,Master,Full-Time,Office,Female,4900,4,11,0
10473,23.0,1.2,57900.0,2.1,39.8,2,2021-08-05,Finance,Mid,High School,Full-Time,Remote,Female,5400,4,10,0
10474,46.0,20.8,21200.0,3.0,37.3,6,2023-05-12,HR,Mid,Diploma,Full-Time,Remote,Female,1900,10,17,1
10475,48.0,23.8,26500.0,1.9,40.3,7,2022-10-10,IT,Junior,Diploma,Full-Time,Remote,Female,1500,13,13,0
10476,33.0,7.1,70400.0,3.4,55.6,3,2018-01-13,Finance,Junior,High School,Full-Time,Office,Female,10000,5,8,0
10477,40.0,20.9,83300.0,3.6,31.7,4,2015-12-25,Marketing,Junior,Bachelor,Full-Time,Hybrid,Male,4200,14,14,1
10478,37.0,8.7,38200.0,4.5,28.9,8,2022-08-06,Marketing,Junior,Bachelor,Full-Time,Office,Male,4100,6,11,1
10479,60.0,35.0,49900.0,3.5,43.0,6,2023-10-10,Sales,Mid,Master,Full-Time,Office,Male,2600,18,5,1
10480,44.0,26.2,61900.0,4.1,8.3,5,2020-04-10,Operations,Junior,High School,Contract,Remote,Male,9200,16,14,1
10481,34.0,11.1,72600.0,3.8,31.4,2,2024-06-20,IT,Junior,High School,Full-Time,Hybrid,Female,10100,9,10,1
10482,27.0,0.0,24400.0,3.1,33.0,6,2024-02-01,HR,Mid,Bachelor,Full-Time,Office,Female,1300,3,3,0
10483,22.0,0.0,38600.0,2.4,21.2,5,2023-10-18,Sales,Senior,High School,Full-Time,Hybrid,Female,5700,3,5,1
10484,37.0,14.8,48100.0,3.6,50.9,8,2020-05-27,Marketing,Senior,Diploma,Full-Time,Office,Female,4900,7,15,1
10485,29.0,4.0,72900.0,2.4,19.1,3,2016-03-22,HR,Junior,Bachelor,Full-Time,Office,Male,8400,3,13,0
10486,24.0,0.5,149400.0,4.3,33.0,5,2023-08-14,Marketing,Junior,Bachelor,Full-Time,Hybrid,Male,8500,2,11,1
10487,30.0,12.6,50200.0,3.3,39.4,4,2020-04-09,Marketing,Senior,Diploma,Contract,Office,Female,2400,7,14,1
10488,26.0,6.0,31300.0,4.2,55.3,7,2023-09-05,IT,Mid,High School,Full-Time,Hybrid,Male,4100,4,15,1
10489,48.0,23.2,64600.0,3.1,34.8,9,2020-06-21,Finance,Senior,Bachelor,Part-Time,Hybrid,Male,3600,16,16,1
10490,42.0,15.2,93300.0,3.6,49.0,6,2018-08-19,HR,Junior,Bachelor,Full-Time,Office,Female,13000,11,16,1
10491,35.0,12.0,57400.0,3.5,45.5,13,2024-09-07,IT,Junior,Bachelor,Full-Time,Remote,Female,3900,7,9,1
10492,47.0,24.4,38300.0,3.4,36.9,3,2017-12-14,Operations,Senior,High School,Full-Time,Hybrid,Male,800,12,0,1
10493,36.0,15.5,80700.0,3.1,18.7,7,2015-11-01,Marketing,Senior,Bachelor,Full-Time,Hybrid,Female,7800,8,9,1
10494,28.0,4.4,71700.0,3.7,13.5,5,2020-05-30,Marketing,Mid,High School,Contract,Office,Female,4700,4,24,1
10495,47.0,26.5,36500.0,2.8,36.6,6,2022-09-19,IT,Lead,Master,Part-Time,Office,Female,5400,14,16,1
10496,39.0,22.8,64100.0,2.6,26.9,11,2016-06-17,Operations,Mid,Diploma,Contract,Office,Male,4500,12,10,1
10497,27.0,7.4,82000.0,4.3,48.8,7,2020-09-13,HR,Senior,High School,Full-Time,Hybrid,Female,5000,7,10,1
10498,33.0,10.9,88200.0,3.9,46.2,4,2019-04-13,Marketing,Mid,High School,Full-Time,Office,Male,8300,5,18,1
10499,28.0,5.5,53600.0,3.4,32.2,8,2024-09-30,,Mid,Diploma,Full-Time,Office,Female,6200,5,6,1
10500,24.0,0.9,47700.0,4.6,17.6,6,2022-06-22,HR,Mid,High School,Part-Time,Remote,Female,6900,1,15,0
10501,42.0,23.5,89900.0,3.2,42.7,4,2018-03-09,IT,Junior,Diploma,Full-Time,Hybrid,Female,2600,13,5,1
10502,50.0,26.1,33900.0,4.3,19.7,4,2017-10-11,Marketing,Junior,Master,Contract,Hybrid,Male,2500,15,18,1
10503,24.0,2.1,65500.0,3.5,23.6,7,2016-10-02,Sales,Mid,Bachelor,Full-Time,Office,Male,7000,3,12,1
10504,40.0,18.2,31800.0,2.7,20.3,8,2018-01-28,Sales,Junior,Diploma,Full-Time,Remote,Female,700,11,17,1
10505,30.0,6.5,84200.0,4.7,32.9,3,2023-04-26,Marketing,Mid,Diploma,Full-Time,Office,Female,7000,5,10,1
10506,31.0,4.9,49600.0,4.1,52.6,8,2024-06-06,Finance,Mid,,Part-Time,Office,Male,6200,2,22,1
10507,30.0,9.0,91400.0,3.3,34.9,6,2017-01-28,Marketing,Junior,Bachelor,Full-Time,Office,Female,2400,6,13,1
10508,28.0,5.8,66900.0,3.9,28.4,8,2023-06-22,Marketing,Senior,High School,Full-Time,Remote,Male,4300,6,15,1
10509,35.0,14.5,33700.0,3.1,12.1,3,2020-03-07,Marketing,Junior,High School,Full-Time,Office,Female,2400,7,18,0
10510,28.0,4.4,97200.0,4.0,43.3,3,2015-10-11,IT,Junior,High School,Full-Time,Hybrid,Male,11000,8,21,1
10511,37.0,18.7,102300.0,1.7,23.3,7,2015-04-23,Marketing,Senior,Bachelor,Contract,Hybrid,Female,6000,11,11,1
10512,35.0,10.4,78300.0,2.7,36.8,6,2021-08-17,Marketing,Mid,Bachelor,Full-Time,Remote,Male,4100,7,13,1
10513,33.0,16.1,40600.0,4.1,29.7,6,2015-07-16,IT,Junior,Bachelor,Contract,Hybrid,Female,1400,9,14,1
10514,28.0,0.8,48700.0,3.2,47.6,4,2018-04-02,Marketing,Junior,High School,Full-Time,Office,Female,7300,1,18,1
10515,30.0,9.3,58300.0,3.5,32.6,3,2017-06-11,Sales,Mid,Bachelor,Full-Time,Remote,Female,4700,8,16,1
10516,41.0,20.4,41500.0,2.5,34.1,7,2017-04-01,Sales,Junior,Bachelor,Full-Time,Office,Female,1100,11,3,1
10517,39.0,14.6,108200.0,4.7,42.3,7,2018-12-25,Operations,Lead,Master,Full-Time,Remote,Female,3200,8,5,1
10518,27.0,6.3,58300.0,4.2,66.6,7,2024-12-18,Marketing,Senior,Diploma,Full-Time,Office,Female,2100,4,16,1
10519,36.0,17.8,18700.0,3.3,48.3,5,2020-08-19,IT,Junior,Diploma,Full-Time,Remote,Male,900,12,20,1
10520,41.0,12.3,63000.0,3.1,33.7,4,2019-07-27,Marketing,Senior,Bachelor,Full-Time,Office,Female,7300,8,10,1
10521,22.0,1.5,47800.0,4.1,35.0,4,2021-09-11,Marketing,Mid,High School,Full-Time,Office,Female,4400,4,15,0
10522,39.0,9.5,53400.0,4.8,27.1,7,2021-01-08,Operations,Mid,Master,Full-Time,Office,Female,6500,7,10,1
10523,30.0,5.1,47500.0,4.1,20.8,5,2015-07-10,HR,Junior,Master,Full-Time,Office,Female,1100,5,13,0
10524,40.0,22.9,76000.0,4.9,26.7,4,2019-12-25,Operations,Junior,Diploma,Full-Time,Hybrid,Male,4100,12,8,1
10525,29.0,5.3,86100.0,2.8,23.4,3,2015-10-04,Finance,Senior,Master,Full-Time,Hybrid,Male,6300,7,9,1
10526,21.0,0.0,61600.0,2.8,44.8,3,2021-12-15,IT,Mid,Master,Full-Time,Remote,Female,4700,1,11,0
10527,22.0,0.0,48000.0,2.6,18.9,3,2018-06-20,,Mid,Master,Part-Time,Office,Female,1300,5,13,0
10528,35.0,19.2,54100.0,3.7,55.0,6,2021-12-10,HR,Junior,Bachelor,Full-Time,Office,Female,4700,14,20,1
10529,37.0,9.5,55400.0,3.5,46.3,5,2015-10-03,Finance,Lead,Diploma,Part-Time,Remote,Female,3200,6,8,1
10530,28.0,2.8,39900.0,3.3,35.3,5,2021-02-15,Marketing,Mid,Diploma,Full-Time,Hybrid,Female,1800,3,19,0
10531,40.0,22.5,69300.0,4.0,35.0,4,2019-07-09,Sales,Mid,High School,Part-Time,Hybrid,Female,7400,12,16,1
10532,22.0,5.6,66100.0,4.3,26.6,8,2022-12-21,IT,Junior,Bachelor,Full-Time,Hybrid,Male,2000,3,9,1
10533,34.0,11.7,101900.0,2.3,39.1,7,2018-08-23,IT,Senior,Master,Full-Time,Office,Male,13500,7,9,1
10534,25.0,0.0,90900.0,3.0,51.3,4,2020-03-08,Marketing,Mid,Bachelor,Contract,Office,Male,12500,1,6,0
10535,30.0,14.3,41800.0,4.0,24.5,3,2021-06-01,Operations,Junior,Master,Full-Time,Office,Male,2600,9,8,1
10536,35.0,17.8,76400.0,3.1,12.0,4,2024-01-19,Finance,Mid,Master,Full-Time,Hybrid,Female,11300,11,4,1
10537,28.0,8.0,37600.0,2.8,45.5,7,2021-07-16,IT,Senior,High School,Full-Time,Hybrid,Female,2700,6,12,1
10538,32.0,7.6,72700.0,4.1,39.9,9,2016-08-15,Operations,Mid,High School,Contract,Office,Male,10500,6,10,0
10539,43.0,20.9,44700.0,2.5,18.2,8,2023-12-09,HR,Senior,High School,Full-Time,Remote,Male,6600,13,8,1
10540,30.0,7.5,36500.0,3.2,24.0,3,2017-06-01,HR,Mid,Master,Part-Time,Remote,Female,4700,8,18,0
10541,42.0,21.0,61500.0,3.6,22.1,5,2018-10-19,Finance,Senior,Master,Full-Time,Hybrid,Male,2200,14,13,0
10542,26.0,8.4,18900.0,3.0,24.1,6,2023-03-17,HR,Senior,Bachelor,Full-Time,Office,Male,1800,5,13,1
10543,39.0,19.6,27300.0,3.9,30.1,7,2021-04-24,Sales,Senior,Diploma,Full-Time,Office,Female,3100,12,17,0
10544,47.0,21.8,51200.0,3.0,31.0,6,2017-09-03,Marketing,Mid,Master,Full-Time,Hybrid,Male,1500,13,6,1
10545,21.0,3.1,56800.0,4.4,25.2,5,2019-03-15,IT,Junior,Bachelor,Full-Time,Hybrid,Female,7700,5,11,0
10546,29.0,7.9,47400.0,3.3,23.6,8,2018-06-08,Operations,Senior,Bachelor,Full-Time,Hybrid,Male,6200,4,17,0
10547,40.0,20.1,29200.0,3.9,31.6,7,2015-01-14,Marketing,Mid,Master,Full-Time,Office,Female,4100,11,5,1
10548,33.0,15.4,39700.0,3.9,37.5,4,2017-11-03,Finance,Mid,Master,Full-Time,Hybrid,Female,3400,8,14,1
10549,38.0,12.7,64300.0,3.0,30.3,6,2022-02-16,Marketing,Junior,High School,Full-Time,Hybrid,Female,4000,9,19,0
10550,30.0,7.9,69400.0,2.0,52.4,9,2017-10-04,IT,Senior,High School,Full-Time,Office,Male,6000,4,3,1
10551,36.0,12.4,54600.0,3.7,42.6,6,2021-03-07,Operations,Mid,High School,Contract,Hybrid,Male,6300,8,19,1
10552,34.0,7.3,87400.0,3.5,11.1,5,2017-11-29,IT,Junior,Bachelor,Part-Time,Hybrid,Male,6500,7,16,0
10553,44.0,23.0,64500.0,3.8,42.9,4,2023-07-03,Finance,Lead,High School,Full-Time,Hybrid,Male,4200,14,13,1
10554,37.0,22.5,40800.0,3.2,44.1,3,2022-08-26,IT,Junior,Master,Contract,Office,Female,1200,12,18,1
10555,38.0,10.5,49200.0,3.1,28.5,1,2024-01-19,HR,Mid,High School,Contract,Remote,Male,3800,5,14,0
10556,32.0,9.9,31400.0,4.8,12.6,6,2019-12-15,Operations,Mid,Master,Full-Time,Office,Female,2200,5,7,1
10557,31.0,10.9,52700.0,2.4,35.1,3,2020-03-18,Operations,Lead,Master,Full-Time,Remote,Male,5600,5,10,1
10558,32.0,10.4,,3.9,34.9,4,2024-03-15,Marketing,Junior,Diploma,Full-Time,Remote,Female,6600,7,12,1
10559,38.0,15.7,72300.0,3.0,18.2,4,2017-05-04,Sales,Mid,Diploma,Contract,Office,Female,1500,10,15,1
10560,32.0,6.1,96400.0,3.2,13.2,8,2024-08-05,Sales,Mid,High School,Part-Time,Hybrid,Female,8000,6,8,1
10561,37.0,15.7,48700.0,3.2,33.7,3,2022-12-05,Sales,Junior,Master,Full-Time,Office,Male,5900,8,13,0
10562,52.0,27.7,94200.0,2.8,31.5,4,2020-03-30,Finance,Lead,Diploma,Full-Time,Hybrid,Male,13500,17,12,1
10563,42.0,13.4,50900.0,3.8,28.7,2,2023-03-18,Sales,Senior,Bachelor,Full-Time,Remote,Female,2300,9,13,1
10564,32.0,13.6,99100.0,4.4,33.7,5,2018-09-03,Operations,Senior,Diploma,Full-Time,Hybrid,Male,7400,9,16,1
10565,45.0,25.9,54500.0,3.7,18.5,7,2022-05-11,Operations,Senior,High School,Full-Time,Office,Female,7100,15,10,1
10566,32.0,10.2,73000.0,3.5,28.5,9,2020-02-05,Marketing,Senior,Bachelor,Full-Time,Office,Male,1900,9,7,1
10567,21.0,0.0,99200.0,2.7,43.0,8,2021-09-21,IT,Mid,Bachelor,Full-Time,Office,Male,6500,2,11,0
10568,27.0,8.2,50900.0,3.8,29.8,10,2022-11-03,HR,Mid,Master,Full-Time,Hybrid,Male,4900,8,4,1
10569,21.0,0.0,60000.0,4.9,9.9,6,2023-08-18,Sales,Senior,Master,Contract,Remote,Male,3900,1,15,1
10570,32.0,12.7,92100.0,3.1,27.9,14,2021-02-01,Sales,Mid,Master,Full-Time,Hybrid,Female,7700,9,14,1
10571,35.0,12.1,52200.0,3.1,18.9,3,2019-11-04,Sales,Mid,Master,Full-Time,Hybrid,Male,7400,8,13,1
10572,48.0,29.9,32400.0,3.0,39.0,6,2023-05-21,HR,Mid,Diploma,Full-Time,Office,Male,700,16,6,1
10573,38.0,17.0,129600.0,3.1,39.8,8,2022-12-05,Marketing,Senior,High School,Full-Time,Hybrid,Male,3900,10,7,1
10574,33.0,11.6,45600.0,1.5,10.1,4,2019-12-06,Sales,Lead,High School,Full-Time,Office,Female,2100,7,20,0
10575,42.0,16.2,58600.0,3.7,46.4,6,2018-08-01,IT,Senior,Master,Contract,Remote,Female,4100,9,11,1
10576,21.0,0.0,87300.0,2.8,18.3,8,2019-08-29,Finance,Junior,Diploma,Full-Time,Office,Female,7100,3,16,0
10577,37.0,12.5,43100.0,2.3,58.4,9,2015-11-14,HR,Mid,Diploma,Part-Time,Hybrid,Female,1100,8,25,1
10578,41.0,17.1,36800.0,3.9,34.3,6,2016-02-14,Marketing,Senior,Diploma,Full-Time,Hybrid,Female,5000,10,11,1
10579,23.0,0.0,60900.0,2.6,16.3,9,2023-10-19,Operations,Junior,High School,Full-Time,Hybrid,Female,7200,3,14,1
10580,44.0,18.8,26800.0,3.2,17.9,1,2020-07-11,IT,Lead,Master,Full-Time,Office,Male,1500,10,12,1
10581,38.0,22.4,49000.0,4.4,40.2,6,2015-09-04,HR,Junior,Diploma,Contract,Hybrid,Female,2600,15,15,1
10582,32.0,14.0,60700.0,2.4,29.1,6,2021-02-02,Operations,Mid,Diploma,Full-Time,Hybrid,Female,1400,9,15,1
10583,40.0,23.8,49400.0,2.3,33.6,7,2022-10-29,HR,Lead,Master,Full-Time,Remote,Male,3600,14,15,1
10584,53.0,27.3,29700.0,3.6,59.2,4,2018-09-29,Finance,Senior,Diploma,Full-Time,Hybrid,Male,1600,17,19,1
10585,36.0,14.2,104100.0,4.2,24.5,13,2015-09-21,Finance,Senior,High School,Full-Time,Office,Male,10500,8,8,1
10586,37.0,11.1,57300.0,2.3,35.9,3,2015-06-17,Operations,Lead,Bachelor,Full-Time,Office,Male,5200,6,13,1
10587,31.0,6.9,97500.0,3.7,56.3,5,2017-11-14,Operations,Senior,High School,Full-Time,Hybrid,Female,14100,6,12,1
10588,28.0,3.2,49600.0,3.8,39.1,4,2016-12-03,Marketing,Lead,Master,Full-Time,Remote,Female,6100,6,7,1
10589,42.0,23.7,38700.0,2.0,10.9,4,2020-04-07,Sales,Senior,Master,Full-Time,Hybrid,Female,1200,15,13,1
10590,28.0,4.8,61300.0,4.0,42.6,8,2019-03-31,Operations,Senior,High School,Full-Time,Office,Female,6800,4,18,1
10591,36.0,17.2,50500.0,4.0,17.6,3,2022-01-19,Finance,Senior,Bachelor,Contract,Remote,Male,1700,10,5,1
10592,31.0,10.8,34300.0,3.2,56.1,2,2018-08-26,Marketing,Junior,Master,Full-Time,Office,Female,2100,10,17,1
10593,39.0,23.9,99000.0,4.3,22.7,4,2019-07-21,HR,Senior,Master,Full-Time,Office,Female,9100,12,14,1
10594,38.0,11.6,42900.0,4.2,79.5,5,2020-09-06,Sales,Lead,High School,Full-Time,Office,Male,3600,8,17,1
10595,43.0,24.8,26300.0,3.5,57.0,5,2019-12-04,IT,Mid,Bachelor,Contract,Hybrid,Male,2900,16,12,1
10596,31.0,12.4,93600.0,3.1,23.1,6,2018-10-25,HR,Junior,Bachelor,Full-Time,Remote,Male,11700,8,27,0
10597,33.0,8.1,45000.0,2.7,35.3,7,2024-06-17,Marketing,Junior,Bachelor,Contract,Office,Female,5800,7,14,1
10598,27.0,8.0,43100.0,3.4,46.3,6,2024-03-19,IT,Junior,Master,Full-Time,Hybrid,Female,1200,5,13,1
10599,31.0,10.0,27100.0,3.8,46.8,4,2016-10-25,HR,Mid,Bachelor,Part-Time,Hybrid,Male,2800,11,12,1
10600,38.0,15.3,110400.0,3.2,41.6,10,2024-09-20,Finance,Mid,High School,Contract,Hybrid,Male,16000,11,8,0
10601,41.0,16.5,32800.0,1.9,53.8,7,2022-03-12,Marketing,Lead,Master,Full-Time,Office,Female,3900,11,11,1
10602,28.0,3.8,56300.0,4.3,33.2,5,2020-09-15,IT,Lead,Bachelor,Full-Time,Office,Female,4900,4,10,1
10603,42.0,26.1,79200.0,3.5,29.5,2,2023-01-14,Operations,Mid,Diploma,Full-Time,Hybrid,Male,11900,17,15,1
10604,46.0,24.0,65100.0,3.1,29.8,5,2016-06-30,Finance,Senior,Bachelor,Part-Time,Hybrid,Female,1700,13,17,1
10605,38.0,18.3,53700.0,4.0,47.9,4,2016-10-07,Operations,Mid,Bachelor,Full-Time,Office,Female,1700,12,18,1
10606,50.0,25.6,27800.0,4.5,40.5,3,2017-05-27,Operations,Junior,Master,Part-Time,Office,Female,3300,14,10,1
10607,29.0,4.7,39800.0,1.4,39.4,2,2016-11-03,IT,Lead,High School,Full-Time,Office,Male,3600,3,5,0
10608,25.0,6.2,59300.0,3.7,46.9,2,2016-01-07,Sales,Junior,Diploma,Full-Time,Hybrid,Male,2100,5,16,0
10609,21.0,0.0,40100.0,2.4,5.0,6,2017-01-05,Sales,Senior,Master,Full-Time,Office,Male,2800,1,8,0
10610,47.0,23.8,59700.0,3.7,39.7,12,2019-07-04,Marketing,Mid,Bachelor,Part-Time,Remote,Male,1700,15,18,1
10611,40.0,18.1,72200.0,3.5,38.3,7,2020-11-19,IT,Mid,Master,Full-Time,Hybrid,Male,6400,9,15,1
10612,35.0,13.3,80800.0,3.8,60.0,1,2024-05-19,Sales,Senior,Master,Contract,Hybrid,Female,2700,7,15,1
10613,37.0,14.5,33700.0,3.1,12.1,8,2021-11-17,HR,Mid,Diploma,Full-Time,Office,Male,700,8,9,1
10614,26.0,5.2,132400.0,2.1,58.4,4,2022-07-04,HR,Senior,Bachelor,Full-Time,Office,Female,8200,5,10,0
10615,55.0,35.0,74800.0,3.1,36.1,3,2016-04-24,Sales,Mid,Master,Full-Time,Office,Female,3800,20,10,0
10616,36.0,16.2,55000.0,3.7,42.3,10,2023-02-05,Operations,Lead,High School,Full-Time,Remote,Male,3700,10,18,1
10617,36.0,11.0,85000.0,4.1,60.1,2,2021-03-13,Operations,Senior,Diploma,Full-Time,Office,Male,5600,12,7,1
10618,41.0,18.1,141700.0,2.6,43.4,7,2023-05-05,Sales,Mid,Master,Full-Time,Office,Male,14400,9,17,0
10619,39.0,20.6,30900.0,4.1,41.0,3,2018-09-12,Marketing,Senior,Diploma,Full-Time,Office,Male,3300,13,17,1
10620,37.0,17.7,50300.0,2.9,38.6,5,2016-11-30,Operations,Mid,Master,Contract,Hybrid,Male,1800,11,11,0
10621,29.0,2.9,21200.0,3.7,27.7,5,2022-04-01,Marketing,Senior,Master,Full-Time,Office,Female,1800,4,21,1
10622,39.0,18.1,59400.0,3.0,34.6,9,2018-06-24,HR,Senior,Master,Contract,Office,Male,8100,10,15,1
10623,50.0,22.1,63700.0,3.5,24.3,2,2017-10-09,Finance,Mid,High School,Full-Time,Hybrid,Female,2500,14,2,1
10624,46.0,24.1,54100.0,4.0,34.3,7,2019-09-18,IT,Senior,High School,Full-Time,Hybrid,Male,7900,15,14,1
10625,48.0,31.7,42300.0,2.5,5.0,5,2023-08-26,Finance,Mid,High School,Full-Time,Office,Male,1000,18,7,0
10626,31.0,6.2,24200.0,2.9,41.4,6,2015-11-30,Marketing,Junior,Master,Full-Time,Hybrid,Female,800,7,10,1
10627,27.0,2.5,63900.0,3.5,33.2,4,2016-10-25,Operations,Senior,High School,Full-Time,Office,Male,2800,2,17,1
10628,34.0,14.3,98400.0,5.0,30.0,5,2017-02-17,Finance,Senior,Diploma,Full-Time,Office,Male,8000,8,8,1
10629,35.0,8.4,43400.0,2.8,38.3,6,2018-05-08,Marketing,Junior,High School,Contract,Hybrid,Female,2600,6,17,0
10630,44.0,20.1,65600.0,4.8,13.5,10,2024-06-16,Finance,Senior,Diploma,Full-Time,Hybrid,Male,4900,10,12,1
10631,21.0,0.8,29400.0,4.8,63.9,7,2024-07-31,HR,Mid,Bachelor,Full-Time,Remote,Male,4200,1,11,1
10632,47.0,23.1,66000.0,3.3,33.5,2,2018-09-20,Marketing,Junior,Bachelor,Full-Time,Remote,Male,4200,14,6,1
10633,34.0,11.3,47000.0,3.2,32.8,7,2023-05-08,HR,Mid,High School,Full-Time,Office,Male,6100,8,7,1
10634,32.0,12.2,40500.0,2.9,20.5,5,2019-11-17,Finance,Junior,High School,Full-Time,Hybrid,Male,1200,10,17,0
10635,27.0,6.3,40600.0,3.4,35.4,9,2021-11-02,Sales,Mid,Diploma,Full-Time,Hybrid,Female,5100,5,9,1
10636,22.0,0.8,47000.0,2.4,55.8,4,2021-03-13,Sales,Senior,Master,Contract,Hybrid,Female,6400,3,10,1
10637,42.0,19.0,64100.0,3.3,50.5,7,2017-07-29,IT,Junior,Diploma,Full-Time,Office,Male,3700,14,12,1
10638,36.0,15.1,32500.0,4.4,47.8,3,2022-03-18,Sales,Mid,Bachelor,Full-Time,Office,Female,3000,10,14,1
10639,25.0,2.6,46900.0,3.0,43.2,7,2022-06-12,IT,Mid,Master,Full-Time,Remote,Female,2100,4,21,1
10640,25.0,4.4,54100.0,3.2,29.6,6,2018-07-02,Finance,Lead,Diploma,Full-Time,Hybrid,Male,1700,5,15,1
10641,32.0,8.5,35400.0,2.2,13.2,3,2024-11-09,IT,Senior,High School,Full-Time,Office,Male,4300,5,26,0
10642,48.0,25.5,112800.0,3.7,32.0,5,2017-10-13,IT,Junior,Bachelor,Contract,Hybrid,Female,11500,16,15,1
10643,33.0,8.0,39100.0,3.6,31.5,4,2016-05-19,IT,Lead,Bachelor,Full-Time,Hybrid,Female,4600,7,6,1
10644,23.0,0.9,,3.4,50.7,7,2016-03-13,HR,Mid,High School,Full-Time,Hybrid,Female,3200,4,13,1
10645,33.0,8.6,37200.0,3.2,39.6,6,2021-11-22,IT,Mid,Diploma,Full-Time,Hybrid,Male,2000,6,24,1
10646,33.0,7.7,112900.0,3.2,59.2,3,2015-01-06,Operations,Junior,High School,Full-Time,Hybrid,Female,8500,7,21,0
10647,21.0,0.0,68600.0,3.8,53.0,3,2021-03-16,Marketing,Lead,Diploma,Contract,Remote,Female,1900,2,18,1
10648,35.0,13.6,37800.0,3.4,28.2,2,2019-03-17,Finance,Mid,Bachelor,Contract,Hybrid,Female,2100,10,4,1
10649,33.0,13.3,85600.0,3.6,8.1,6,2022-03-08,HR,Lead,High School,Full-Time,Hybrid,Male,5000,7,19,1
10650,41.0,17.7,59600.0,3.6,55.8,5,2016-05-27,Marketing,Junior,Bachelor,Full-Time,Hybrid,Female,6700,12,9,1
10651,50.0,29.2,61000.0,4.2,55.4,6,2017-05-18,Finance,Mid,Bachelor,Part-Time,Hybrid,Male,1600,15,13,1
10652,44.0,23.7,47900.0,3.9,14.5,5,2023-12-05,HR,Junior,Master,Full-Time,Remote,Male,2500,13,12,1
10653,33.0,12.3,40800.0,3.5,57.6,6,2017-09-01,Finance,Mid,High School,Part-Time,Office,Male,2300,6,11,1
10654,26.0,1.5,63000.0,4.5,40.7,3,2018-06-24,Sales,Senior,Bachelor,Full-Time,Hybrid,Female,5800,4,12,1
10655,56.0,34.4,44200.0,3.7,37.4,5,2022-09-17,Finance,Junior,Diploma,Full-Time,Hybrid,Male,2300,19,10,1
10656,35.0,14.1,113800.0,4.3,59.2,8,2017-09-03,Sales,Junior,High School,Full-Time,Office,Male,4200,9,2,1
10657,35.0,13.0,33100.0,3.8,55.2,6,2022-06-26,Sales,Senior,,Contract,Remote,Female,1800,10,6,1
10658,35.0,6.7,101700.0,2.1,44.8,4,2016-09-12,Operations,Junior,Diploma,Full-Time,Office,Male,7600,6,15,0
10659,37.0,15.5,52600.0,4.3,42.1,4,2024-12-22,Finance,Mid,Diploma,Full-Time,Hybrid,Male,4600,11,19,1
10660,34.0,18.6,62000.0,3.5,44.2,2,2016-07-08,Sales,Mid,High School,Full-Time,Remote,Male,1500,12,13,1
10661,30.0,6.9,76800.0,3.4,29.0,6,2024-07-31,Operations,Senior,Diploma,Full-Time,Office,Male,4600,4,16,1
10662,31.0,6.8,42700.0,3.6,34.2,10,2016-07-03,HR,Junior,High School,Full-Time,Office,Male,5100,6,11,0
10663,35.0,14.1,77700.0,3.2,21.5,5,2021-08-07,Sales,Senior,Master,Full-Time,Office,Male,7600,12,11,1
10664,31.0,9.9,18600.0,3.6,30.0,3,2016-08-16,IT,Senior,Diploma,Contract,Remote,Female,1500,7,9,0
10665,29.0,10.6,41200.0,3.0,29.5,7,2018-11-20,HR,Junior,High School,Full-Time,Office,Female,3300,6,5,1
10666,36.0,10.2,38000.0,4.3,25.5,6,2019-10-23,Operations,Junior,Diploma,Full-Time,Office,Male,2600,8,15,1
10667,33.0,13.2,33300.0,3.3,37.1,5,2020-04-26,HR,Lead,Bachelor,Contract,Office,Male,2100,10,11,1
10668,47.0,26.8,50500.0,3.1,30.1,6,2016-09-14,HR,Mid,Diploma,Part-Time,Hybrid,Female,3600,14,18,1
10669,21.0,0.0,64200.0,2.8,42.5,1,2023-10-13,IT,Mid,Bachelor,Full-Time,Hybrid,Female,8500,1,15,0
10670,44.0,23.0,72800.0,3.6,10.7,5,2016-03-09,IT,Junior,Bachelor,Full-Time,Office,Male,5900,12,15,1
10671,45.0,26.1,60600.0,3.5,33.3,4,2015-11-14,IT,Junior,Diploma,Part-Time,Remote,Male,6500,14,12,1
10672,21.0,1.6,42100.0,3.7,37.0,9,2022-01-26,IT,Mid,Diploma,Full-Time,Office,Male,5300,1,5,1
10673,32.0,6.6,63700.0,2.7,30.3,9,2019-03-05,Operations,Mid,Bachelor,Full-Time,Office,Female,4900,4,7,1
10674,32.0,12.5,57800.0,2.3,32.4,6,2024-05-13,IT,Senior,Master,Full-Time,Office,Female,7500,7,10,1
10675,24.0,1.8,80000.0,3.8,11.2,9,2023-07-28,Operations,Senior,High School,Full-Time,Hybrid,Female,11900,2,17,1
10676,29.0,7.2,75000.0,4.4,40.3,7,2022-09-26,Operations,Mid,Diploma,Full-Time,Hybrid,Male,6400,6,16,1
10677,26.0,4.2,55700.0,2.7,44.7,2,2020-12-27,Marketing,Junior,Bachelor,Full-Time,Remote,Female,4000,4,25,0
10678,49.0,26.5,38400.0,4.5,42.4,3,2017-06-11,Marketing,Senior,High School,Contract,Hybrid,Male,4800,17,6,0
10679,42.0,23.6,42400.0,3.6,50.6,4,2016-09-19,IT,Mid,Diploma,Full-Time,Remote,Male,4400,13,16,1
10680,45.0,22.7,44100.0,3.4,38.0,5,2018-05-12,Operations,Lead,High School,Full-Time,Office,Male,4400,14,7,1
10681,41.0,15.6,48500.0,3.1,42.2,8,2015-06-07,HR,Senior,Bachelor,Full-Time,Remote,Female,6600,9,17,1
10682,26.0,2.8,61200.0,2.4,37.3,4,2018-09-15,Sales,Mid,Diploma,Full-Time,Office,Female,6400,6,13,0
10683,31.0,9.5,73200.0,4.1,45.3,4,2023-04-10,Sales,Mid,Master,Full-Time,Office,Male,7600,7,4,1
10684,39.0,20.7,53900.0,2.9,11.3,4,2021-02-21,Marketing,Junior,High School,Full-Time,Office,Male,2500,13,11,1
10685,25.0,4.8,55400.0,2.9,21.6,3,2018-12-25,IT,Mid,Diploma,Full-Time,Office,Male,6100,3,19,0
10686,41.0,16.4,58200.0,4.1,58.8,2,2022-08-03,Finance,Senior,High School,Full-Time,Remote,Female,8100,9,12,0
10687,33.0,18.5,44700.0,2.1,5.0,5,2016-07-06,Sales,Mid,High School,Full-Time,Hybrid,Female,4200,10,14,1
10688,32.0,10.8,38000.0,2.3,32.9,9,2020-03-09,Operations,Mid,Diploma,Full-Time,Office,Male,5200,6,16,1
10689,41.0,22.8,27300.0,3.4,52.6,6,2024-10-30,Operations,Senior,Diploma,Part-Time,Office,Male,1800,13,10,1
10690,39.0,16.5,41600.0,3.6,33.6,3,2017-05-11,Sales,Junior,Diploma,Full-Time,Remote,Female,1100,9,20,1
10691,32.0,11.6,66500.0,3.7,28.9,4,2023-01-10,HR,Junior,Bachelor,Full-Time,Hybrid,Male,5200,9,14,1
10692,,24.5,41500.0,3.2,36.9,3,2019-06-29,Sales,Mid,Diploma,Contract,Hybrid,Male,900,14,18,1
10693,26.0,7.7,50000.0,5.0,29.7,4,2019-02-04,Marketing,Senior,High School,Part-Time,Remote,Female,2000,8,14,1
10694,40.0,21.2,66300.0,3.2,35.5,3,2021-11-10,IT,Senior,Diploma,Full-Time,Remote,Female,3000,14,12,1
10695,40.0,20.6,67700.0,3.2,24.7,5,2022-11-07,IT,Mid,Bachelor,Full-Time,Hybrid,Female,6100,13,9,1
10696,33.0,10.1,35700.0,2.8,51.6,6,2023-07-14,Operations,Senior,Bachelor,Full-Time,Hybrid,Male,5100,6,16,0
10697,38.0,14.3,82000.0,3.5,56.3,8,2020-09-16,Sales,Junior,Diploma,Full-Time,Office,Male,1900,9,10,0
10698,25.0,4.0,86300.0,3.8,33.0,2,2016-11-06,Finance,Junior,High School,Part-Time,Hybrid,Female,4400,6,10,0
10699,42.0,22.8,35000.0,4.2,14.2,6,2021-07-16,Marketing,Senior,Bachelor,Full-Time,Remote,Female,5100,13,1,1
10700,34.0,11.3,39600.0,2.4,27.1,4,2019-05-13,Operations,Junior,High School,Full-Time,Remote,Male,5300,6,7,0
10701,31.0,12.2,88600.0,3.2,32.2,5,2015-10-29,Sales,Junior,Master,Contract,Hybrid,Female,11400,7,8,1
10702,43.0,25.4,51900.0,3.7,42.6,5,2022-05-06,Marketing,Junior,Bachelor,Full-Time,Hybrid,Female,1700,18,12,1
10703,29.0,4.3,22600.0,3.8,19.9,7,2023-12-09,Finance,Mid,Master,Full-Time,Hybrid,Female,2300,4,15,1
10704,24.0,0.0,31400.0,3.4,23.5,7,2020-04-21,Operations,Senior,Bachelor,Part-Time,Remote,Male,1500,4,9,0
10705,23.0,0.6,49800.0,3.8,42.7,6,2017-06-16,Marketing,Senior,High School,Full-Time,Office,Female,5200,2,9,0
10706,40.0,18.9,,2.8,49.1,5,2016-09-07,Operations,Senior,Master,Full-Time,Hybrid,Male,2600,9,19,1
10707,25.0,1.4,46600.0,4.5,25.7,2,2019-07-06,Marketing,Junior,High School,Full-Time,Office,Female,4800,3,17,0
10708,49.0,31.1,55700.0,4.1,15.0,1,2015-05-12,Marketing,Lead,Bachelor,Part-Time,Remote,Male,4200,17,11,1
10709,21.0,0.3,98700.0,2.5,84.3,4,2019-06-20,Operations,Mid,High School,Full-Time,Office,Male,13600,1,10,0
10710,49.0,27.1,49000.0,2.6,46.7,4,2019-06-07,IT,Senior,Master,Full-Time,Remote,Female,1100,16,7,1
10711,37.0,10.7,84500.0,2.7,31.0,2,2024-09-09,Finance,Lead,Diploma,Full-Time,Office,Male,3800,6,14,0
10712,34.0,8.1,97400.0,3.9,48.0,5,2018-04-08,Operations,Mid,Diploma,Contract,Office,Male,12500,5,19,0
10713,31.0,9.8,97600.0,2.5,33.1,8,2024-12-11,IT,Junior,Bachelor,Full-Time,Office,Female,11300,6,10,1
10714,38.0,9.6,61600.0,3.2,48.0,5,2017-08-02,HR,Mid,Diploma,Full-Time,Remote,Male,2700,10,13,0
10715,35.0,16.0,25100.0,3.7,37.4,7,2017-06-03,Sales,Mid,Bachelor,Full-Time,Hybrid,Female,900,11,14,1
10716,44.0,21.5,66100.0,3.4,36.4,7,2018-07-12,Operations,Junior,High School,Contract,Office,Female,4000,14,9,1
10717,36.0,23.7,83700.0,3.6,33.3,6,2023-12-15,IT,Junior,High School,Full-Time,Office,Male,6900,13,7,1
10718,36.0,20.9,53200.0,2.7,13.3,6,2018-07-30,Operations,Mid,Master,Full-Time,Office,Male,1400,13,6,1
10719,32.0,9.5,110500.0,3.8,64.1,5,2024-07-08,Operations,Junior,Master,Full-Time,Office,Male,14400,7,18,1
10720,35.0,12.7,77600.0,3.0,20.9,5,2019-04-20,Operations,Senior,Diploma,Part-Time,Hybrid,Male,6800,8,11,0
10721,37.0,18.0,69000.0,3.2,14.6,4,2024-09-21,Marketing,Junior,High School,Part-Time,Office,Female,9600,11,18,1
10722,21.0,4.1,,3.6,31.8,10,2023-12-20,HR,Mid,Master,Full-Time,Hybrid,Female,5300,4,13,1
10723,24.0,0.0,62800.0,3.5,20.6,2,2016-04-15,Finance,Junior,Diploma,Full-Time,Office,Female,1700,2,22,1
10724,41.0,13.6,20300.0,3.4,34.2,8,2020-05-09,Finance,Senior,Bachelor,Full-Time,Remote,Male,2700,8,6,0
10725,36.0,12.1,45000.0,2.9,45.3,2,2021-07-24,Operations,Senior,Master,Full-Time,Office,Female,1800,7,17,1
10726,34.0,13.7,88800.0,3.2,49.9,4,2020-09-21,IT,Junior,Master,Part-Time,Hybrid,Female,5700,8,10,1
10727,35.0,14.5,39800.0,3.4,47.2,7,2022-09-24,Operations,Senior,Diploma,Full-Time,Hybrid,Female,3200,12,4,1
10728,38.0,19.2,50300.0,2.4,30.4,3,2021-12-04,Marketing,Junior,Master,Full-Time,Office,Male,4200,14,9,0
10729,31.0,5.4,36200.0,3.1,35.7,6,2024-06-10,Marketing,Senior,Diploma,Full-Time,Office,Male,800,5,0,1
10730,29.0,0.1,112300.0,3.7,41.1,10,2015-03-19,Operations,Mid,Master,Full-Time,Office,Male,9900,2,3,1
10731,37.0,17.6,107800.0,2.5,8.6,5,2017-11-25,Finance,Junior,High School,Full-Time,Hybrid,Male,3200,11,15,0
10732,27.0,2.5,38600.0,4.2,43.6,4,2024-06-16,Marketing,Mid,High School,Full-Time,Office,Female,2400,2,12,0
10733,38.0,9.9,58300.0,4.3,13.1,4,2022-11-03,Sales,Junior,High School,Full-Time,Hybrid,Male,8600,8,15,0
10734,21.0,0.0,41900.0,2.5,65.6,7,2018-04-12,IT,Senior,Master,Full-Time,Hybrid,Female,2400,1,14,0
10735,43.0,23.4,70300.0,4.4,28.9,4,2023-02-23,IT,Senior,Diploma,Full-Time,Hybrid,Male,8800,14,12,1
10736,39.0,16.6,67400.0,3.3,32.2,1,2016-10-08,Marketing,Senior,High School,Part-Time,Hybrid,Female,5800,9,17,1
10737,37.0,13.6,76100.0,3.7,23.5,4,2018-09-15,Finance,Senior,Bachelor,Contract,Office,Male,3500,8,5,1
10738,43.0,20.5,62800.0,3.1,25.6,2,2022-05-23,Operations,Senior,Master,Part-Time,Hybrid,Female,7100,13,17,1
10739,48.0,24.9,177900.0,4.0,69.1,12,2017-12-14,Sales,Mid,Diploma,Contract,Hybrid,Female,16400,14,11,1
10740,,17.0,36500.0,3.7,49.1,4,2017-02-02,Sales,Senior,Master,Contract,Hybrid,Male,3300,10,12,1
10741,21.0,0.0,27700.0,2.8,11.8,7,2021-05-15,,Senior,Diploma,Full-Time,Hybrid,Male,700,1,19,0
10742,25.0,4.6,47000.0,2.6,57.6,8,2016-04-03,Sales,Senior,Diploma,Full-Time,Hybrid,Male,3000,2,5,1
10743,30.0,9.0,29400.0,2.4,52.9,6,2016-11-22,HR,Lead,Master,Full-Time,Hybrid,Male,3400,4,15,0
10744,35.0,13.5,30300.0,3.5,30.8,8,2022-01-16,Marketing,Lead,Bachelor,Full-Time,Hybrid,Male,3700,7,7,1
10745,39.0,14.0,36800.0,3.8,39.6,4,2019-01-18,Sales,Junior,Bachelor,Contract,Remote,Male,4600,9,19,1
10746,29.0,6.5,38000.0,3.9,34.8,1,2020-01-19,Marketing,Junior,Master,Full-Time,Hybrid,Male,900,4,21,0
10747,36.0,7.5,37500.0,3.3,64.6,3,2024-12-25,Finance,Mid,High School,Full-Time,Hybrid,Male,1500,6,16,1
10748,29.0,7.5,67700.0,2.6,23.1,4,2021-12-14,Finance,Lead,High School,Full-Time,Hybrid,Female,10000,9,17,0
10749,30.0,12.3,44900.0,2.9,37.2,4,2015-03-15,Operations,Junior,Diploma,Contract,Hybrid,Female,1800,8,2,0
10750,24.0,0.0,51200.0,4.2,28.6,5,2019-01-18,Finance,Senior,High School,Full-Time,Office,Male,2400,3,9,1
10751,28.0,4.2,78700.0,3.1,13.5,6,2017-03-29,HR,Senior,Master,Full-Time,Hybrid,Female,9800,3,12,1
10752,24.0,3.0,40500.0,3.5,67.9,7,2020-05-31,Finance,Lead,Master,Full-Time,Office,Female,2900,4,14,1
10753,27.0,8.8,49500.0,2.6,17.3,7,2015-06-04,Marketing,Mid,Bachelor,Contract,Hybrid,Male,1700,7,10,0
10754,43.0,19.7,63700.0,3.6,38.3,2,2016-06-02,IT,Mid,High School,Contract,Office,Male,2300,15,10,1
10755,27.0,2.9,25300.0,3.1,8.9,6,2016-01-10,IT,Junior,High School,Part-Time,Hybrid,Female,800,1,8,1
10756,56.0,28.1,21200.0,4.1,29.0,6,2024-03-31,Marketing,Lead,Diploma,Full-Time,Office,Male,900,16,12,1
10757,39.0,17.3,,3.9,41.3,4,2015-12-09,,Lead,Master,Full-Time,Remote,Female,5300,12,8,1
10758,36.0,20.1,67000.0,3.1,22.6,6,2022-06-05,Sales,Senior,Master,Full-Time,Office,Male,1500,15,2,0
10759,28.0,6.8,125600.0,3.3,43.8,8,2020-09-22,IT,Lead,Master,Contract,Remote,Female,4400,6,0,1
10760,41.0,18.9,58600.0,3.0,31.0,6,2016-07-01,HR,Junior,Bachelor,Full-Time,Hybrid,Male,8100,11,15,0
10761,30.0,9.0,76300.0,2.4,52.4,2,2024-08-13,Finance,Mid,Bachelor,Full-Time,Remote,Female,10200,6,13,0
10762,36.0,14.0,50900.0,2.8,55.4,3,2018-01-25,IT,Junior,Bachelor,Full-Time,Office,Male,6500,11,12,1
10763,55.0,30.6,61900.0,3.5,26.2,9,2021-01-21,IT,Senior,Master,Full-Time,Hybrid,Female,6900,17,17,1
10764,34.0,14.5,107200.0,3.6,36.2,6,2022-08-25,Operations,Junior,Master,Full-Time,Hybrid,Female,11400,8,4,1
10765,44.0,22.7,23500.0,3.5,37.8,8,2023-09-10,HR,Junior,High School,Full-Time,Office,Male,1300,12,11,1
10766,29.0,7.1,64900.0,3.2,44.3,3,2016-03-11,Operations,Senior,Master,Full-Time,Hybrid,Female,4100,7,19,1
10767,35.0,10.1,129200.0,4.1,35.2,5,2024-06-14,HR,Senior,Master,Full-Time,Office,Female,6500,6,10,1
10768,49.0,30.9,61600.0,3.4,37.9,9,2021-10-30,IT,Lead,Bachelor,Part-Time,Hybrid,Male,9100,17,11,1
10769,30.0,10.0,106400.0,3.9,31.3,5,2017-10-27,Sales,Mid,,Contract,Office,Female,10900,5,17,1
10770,49.0,25.3,42800.0,2.2,36.7,2,2023-09-01,IT,Mid,Master,Full-Time,Office,Female,6200,15,11,0
10771,41.0,22.0,54300.0,1.0,54.5,7,2016-03-19,Sales,Mid,Diploma,Full-Time,Office,Female,3000,13,3,0
10772,31.0,7.5,55700.0,3.6,44.7,2,2016-04-23,Operations,Lead,Bachelor,Full-Time,Remote,Male,5600,5,11,1
10773,40.0,15.7,22700.0,2.4,45.5,2,2020-03-15,Finance,Senior,Diploma,Full-Time,Hybrid,Female,2700,11,9,1
10774,43.0,18.7,34500.0,3.3,45.8,6,2019-02-26,Marketing,Senior,High School,Full-Time,Remote,Male,1100,12,6,1
10775,40.0,12.7,35500.0,3.2,32.7,5,2015-02-06,Finance,Junior,Bachelor,Full-Time,Remote,Female,3800,6,19,0
10776,22.0,1.4,76400.0,4.5,39.8,7,2019-04-06,IT,Mid,High School,Full-Time,Office,Male,3200,5,13,1
10777,29.0,1.5,78000.0,3.7,18.7,6,2015-04-08,IT,Lead,Master,Full-Time,Office,Female,4900,4,17,0
10778,33.0,7.3,62600.0,3.5,54.0,5,2022-11-01,Sales,Junior,Bachelor,Contract,Remote,Male,7100,7,4,1
10779,34.0,5.8,76500.0,4.0,5.0,7,2017-11-10,HR,Mid,High School,Full-Time,Hybrid,Female,5900,3,10,1
10780,40.0,17.7,51500.0,3.7,33.7,5,2018-06-09,Operations,Mid,High School,Full-Time,Remote,Female,7200,12,17,1
10781,36.0,13.5,89000.0,3.1,52.1,5,2016-04-12,Operations,Mid,High School,Full-Time,Hybrid,Male,4600,11,14,0
10782,24.0,1.0,55200.0,4.2,14.5,9,2015-12-20,Operations,Junior,,Full-Time,Hybrid,Female,2200,6,18,1
10783,38.0,12.9,56300.0,2.6,41.0,7,2015-03-13,Sales,Senior,Bachelor,Contract,Office,Female,3600,10,10,1
10784,40.0,14.5,49500.0,3.6,24.8,3,2018-10-07,HR,Lead,High School,Full-Time,Office,Female,6500,7,13,0
10785,39.0,18.4,72300.0,2.3,29.5,7,2017-12-11,HR,Junior,Bachelor,Full-Time,Hybrid,Male,9400,13,13,1
10786,44.0,20.3,46500.0,3.5,49.2,6,2018-05-30,HR,Mid,Master,Full-Time,Office,Male,3200,12,13,0
10787,42.0,20.9,81300.0,3.5,38.0,7,2017-10-20,HR,Junior,Master,Full-Time,Office,Female,10200,12,13,1
10788,39.0,14.3,35000.0,4.6,5.0,3,2019-12-26,IT,Mid,High School,Full-Time,Office,Male,1100,9,10,1
10789,34.0,12.5,35400.0,2.3,20.4,4,2024-04-19,Marketing,Mid,Bachelor,Full-Time,Office,Female,700,7,16,0
10790,22.0,3.9,72400.0,3.0,49.6,7,2017-09-16,Operations,Mid,High School,Full-Time,Hybrid,Male,9600,2,15,1
10791,38.0,17.8,53100.0,4.0,41.7,8,2016-04-04,Marketing,Junior,High School,Contract,Remote,Male,7100,9,13,1
10792,37.0,13.8,45900.0,3.6,61.2,5,2018-04-05,Finance,Mid,Diploma,Full-Time,Remote,Male,1800,9,8,1
10793,37.0,15.8,78500.0,3.5,60.2,5,2018-07-30,Finance,Mid,Bachelor,Full-Time,Remote,Female,4600,10,11,0
10794,25.0,2.3,43100.0,2.7,29.9,5,2021-12-23,Finance,Lead,Diploma,Full-Time,Hybrid,Female,5600,3,4,1
10795,26.0,4.0,50800.0,3.0,72.5,4,2016-12-17,Sales,Junior,High School,Full-Time,Hybrid,Male,1600,2,10,0
10796,43.0,20.0,96300.0,4.3,35.4,5,2016-01-02,Finance,Senior,Diploma,Full-Time,Remote,Male,12700,13,12,0
10797,35.0,12.5,101800.0,3.4,20.6,5,2023-07-05,Operations,Mid,Diploma,Full-Time,Office,Male,9600,9,17,1
10798,40.0,18.6,103200.0,3.7,25.5,3,2016-08-29,Finance,Junior,Diploma,Full-Time,Office,Male,10900,10,9,1
10799,35.0,10.0,49100.0,3.3,5.0,3,2022-01-19,Finance,Mid,Master,Full-Time,Office,Female,4800,12,10,0
10800,35.0,10.0,90000.0,2.6,59.1,3,2023-05-05,IT,Senior,,Full-Time,Remote,Male,8600,6,17,1
10801,43.0,16.8,37600.0,4.1,58.9,3,2017-01-18,Finance,Mid,Diploma,Part-Time,Office,Male,1700,11,18,1
10802,31.0,4.2,38300.0,3.8,19.8,6,2019-08-27,Marketing,Junior,,Part-Time,Hybrid,Male,1900,8,11,0
10803,36.0,10.3,21500.0,5.0,31.6,6,2016-08-24,IT,Senior,Master,Contract,Remote,Male,2100,11,15,1
10804,31.0,9.5,107400.0,2.7,36.4,6,2016-09-11,HR,Junior,Diploma,Contract,Office,Female,7800,7,8,1
10805,32.0,7.3,38900.0,4.0,20.6,5,2015-09-12,Sales,Junior,High School,Full-Time,Remote,Female,3500,5,13,0
10806,33.0,12.5,52300.0,2.5,8.7,3,2023-02-25,IT,Mid,Master,Full-Time,Office,Female,2800,6,12,0
10807,37.0,15.1,38200.0,3.5,31.8,6,2022-06-17,IT,Junior,High School,Contract,Hybrid,Female,3100,10,7,1
10808,31.0,3.1,72600.0,4.1,30.2,6,2018-05-08,Marketing,Junior,Diploma,Contract,Hybrid,Male,2800,5,14,1
10809,45.0,25.0,47300.0,1.9,29.2,5,2017-04-15,Operations,Mid,Diploma,Full-Time,Office,Female,1200,14,10,1
10810,28.0,8.4,32600.0,3.3,38.3,4,2020-01-25,Operations,Senior,Diploma,Full-Time,Office,Female,4700,9,21,0
10811,34.0,9.0,65600.0,3.0,56.4,5,2016-10-30,Finance,Mid,High School,Full-Time,Office,Male,7500,4,9,0
10812,31.0,10.3,31000.0,2.9,30.5,6,2023-06-30,HR,Senior,Master,Part-Time,Hybrid,Female,2600,9,4,0
10813,,22.4,39300.0,3.7,37.6,4,2024-12-28,Marketing,Senior,Diploma,Full-Time,Office,Female,3600,16,12,1
10814,37.0,15.3,23700.0,4.2,45.9,4,2022-04-02,Marketing,Lead,Bachelor,Part-Time,Hybrid,Female,2000,8,16,1
10815,43.0,17.2,31100.0,3.3,43.3,4,2021-12-08,IT,Junior,Diploma,Full-Time,Hybrid,Female,4300,9,11,0
10816,23.0,0.0,59100.0,3.5,25.8,6,2021-04-25,HR,Mid,Master,Full-Time,Office,Female,7100,3,14,0
10817,37.0,13.9,25100.0,3.5,36.4,4,2015-09-10,Marketing,Junior,Master,Full-Time,Hybrid,Female,1600,9,16,1
10818,42.0,19.6,30400.0,3.4,43.2,3,2016-05-08,Operations,Senior,Bachelor,Full-Time,Office,Male,1500,14,10,1
10819,,12.8,54900.0,2.6,18.1,4,2024-01-19,Sales,Senior,Diploma,Contract,Remote,Male,1600,8,25,1
10820,44.0,18.4,44300.0,4.2,54.0,6,2018-02-04,Sales,Mid,Master,Full-Time,Office,Male,1700,11,11,1
10821,31.0,7.8,122000.0,3.6,56.5,4,2019-05-24,Marketing,Mid,Master,Full-Time,Hybrid,Male,10200,6,21,0
10822,46.0,24.8,114500.0,3.7,24.2,3,2022-10-08,IT,Senior,Master,Part-Time,Remote,Female,5300,16,17,1
10823,53.0,30.9,38900.0,2.8,37.9,6,2015-12-02,Sales,Mid,High School,Full-Time,Remote,Female,2400,16,20,1
10824,32.0,10.5,68700.0,3.1,44.6,6,2020-10-01,IT,Senior,Master,Contract,Hybrid,Female,2600,7,16,1
10825,31.0,7.0,74200.0,3.3,26.8,3,2019-11-12,Finance,Senior,Master,Full-Time,Office,Female,10400,4,14,0
10826,47.0,28.5,43300.0,2.3,42.2,3,2020-02-11,Finance,Senior,High School,Part-Time,Hybrid,Female,1100,16,8,1
10827,48.0,22.5,30200.0,2.2,37.4,2,2022-06-27,IT,Mid,Diploma,Part-Time,Hybrid,Male,2000,12,10,1
10828,31.0,10.5,54700.0,3.0,13.0,3,2023-07-11,Marketing,Lead,Bachelor,Full-Time,Office,Male,2900,8,7,1
10829,32.0,13.5,51300.0,3.8,41.9,5,2024-02-14,Finance,Mid,High School,Full-Time,Hybrid,Male,1100,8,14,1
10830,33.0,12.4,46200.0,2.9,18.5,7,2024-06-02,Operations,Junior,High School,Full-Time,Remote,Female,6500,11,18,0
10831,24.0,1.4,65600.0,2.7,49.1,3,2015-07-29,Finance,Mid,High School,Full-Time,Hybrid,Male,4000,2,13,1
10832,28.0,4.4,40700.0,2.8,24.9,3,2024-09-07,Operations,Junior,Master,Full-Time,Hybrid,Female,3500,2,15,0
10833,27.0,8.1,34700.0,3.1,32.6,6,2023-07-11,Sales,Mid,Diploma,Contract,Office,Male,3300,6,18,1
10834,29.0,2.7,57500.0,3.2,55.6,7,2017-10-09,Marketing,Senior,Diploma,Full-Time,Office,Male,5700,5,9,1
10835,35.0,10.1,64200.0,4.9,42.4,3,2018-10-08,IT,Lead,Diploma,Full-Time,Hybrid,Female,5100,8,16,1
10836,37.0,13.8,34400.0,4.1,18.8,6,2022-06-22,Finance,Senior,Bachelor,Full-Time,Office,Male,3300,9,19,1
10837,47.0,28.7,79700.0,4.1,19.8,8,2017-06-12,Marketing,Mid,Diploma,Full-Time,Remote,Female,9400,20,17,1
10838,27.0,6.1,27100.0,4.2,26.0,3,2018-07-06,Finance,Mid,Bachelor,Contract,Remote,Male,3900,3,20,0
10839,43.0,18.1,43600.0,2.7,40.9,3,2015-12-03,Sales,Lead,Master,Full-Time,Hybrid,Female,4600,12,19,1
10840,33.0,10.1,49600.0,2.5,40.4,5,2022-07-26,Marketing,Lead,Diploma,Full-Time,Remote,Male,4000,8,8,0
10841,35.0,11.2,42600.0,2.6,22.4,5,2018-11-19,HR,Lead,Bachelor,Full-Time,Office,Female,3300,6,10,1
10842,40.0,15.9,43900.0,4.3,17.5,7,2022-12-06,Sales,Mid,Master,Full-Time,Remote,Male,4900,10,15,1
10843,26.0,6.9,116300.0,3.0,39.2,9,2016-11-05,IT,Senior,Master,Full-Time,Office,Female,11800,5,13,1
10844,38.0,11.9,39100.0,2.5,32.3,4,2015-04-15,Marketing,Senior,Bachelor,Full-Time,Hybrid,Male,2900,6,1,0
10845,36.0,18.8,146000.0,3.1,67.4,6,2016-12-03,Operations,Junior,Master,Contract,Hybrid,Female,9300,11,0,1
10846,39.0,19.5,65500.0,3.2,35.5,6,2018-02-21,Finance,Junior,Master,Full-Time,Hybrid,Female,9800,12,2,1
10847,37.0,18.3,57100.0,3.6,62.2,5,2023-09-06,Operations,Senior,Diploma,Contract,Hybrid,Male,6800,10,17,0
10848,55.0,31.6,66500.0,3.6,17.4,6,2020-08-15,Marketing,Mid,Bachelor,Full-Time,Office,Female,3100,18,14,1
10849,30.0,7.6,151300.0,2.8,11.4,10,2022-10-18,IT,Junior,Master,Contract,Hybrid,Female,8800,8,11,0
10850,31.0,4.7,37000.0,3.9,18.2,4,2018-07-14,Operations,Junior,High School,Contract,Office,Female,5000,3,9,0
10851,30.0,6.4,35100.0,3.0,52.8,3,2023-07-12,Operations,Mid,High School,Contract,Hybrid,Female,3700,5,16,1
10852,31.0,10.5,40700.0,3.3,61.3,8,2022-05-24,Operations,Junior,Master,Part-Time,Hybrid,Female,2500,5,15,1
10853,30.0,11.9,55700.0,3.9,23.3,6,2018-07-16,Marketing,Junior,Diploma,Full-Time,Office,Male,3800,11,4,1
10854,45.0,19.7,27600.0,3.0,28.1,7,2022-02-11,Finance,Junior,High School,Full-Time,Office,Male,1900,13,7,0
10855,46.0,22.9,55500.0,3.0,17.5,5,2023-03-09,Operations,Senior,Diploma,Full-Time,Office,Male,2500,15,10,1
10856,30.0,7.5,108300.0,3.8,7.8,6,2016-11-04,Sales,Junior,Master,Contract,Hybrid,Female,9400,4,9,0
10857,28.0,1.8,58400.0,2.8,45.8,2,2018-05-03,Sales,Mid,Bachelor,Full-Time,Hybrid,Female,7000,3,10,1
10858,39.0,18.8,48900.0,3.1,38.3,4,2023-02-23,Finance,Mid,Master,Contract,Remote,Female,4600,11,9,1
10859,31.0,6.8,43000.0,3.8,35.2,4,2021-06-29,HR,Senior,Master,Full-Time,Hybrid,Female,4500,3,8,1
10860,40.0,17.4,78800.0,4.8,14.0,5,2022-04-17,HR,Junior,High School,Full-Time,Office,Female,7700,14,14,1
10861,37.0,13.6,39500.0,3.8,59.6,6,2017-01-26,Sales,Mid,Bachelor,Full-Time,Remote,Male,1100,10,14,1
10862,23.0,0.0,115100.0,3.7,27.4,6,2017-12-24,Operations,Junior,Diploma,Full-Time,Remote,Female,5100,1,2,1
10863,47.0,25.0,119200.0,3.8,43.0,3,2015-07-20,IT,Lead,Diploma,Full-Time,Office,Male,7800,16,9,0
10864,49.0,26.4,60900.0,2.6,13.2,6,2015-08-30,Marketing,Senior,Bachelor,Full-Time,Remote,Male,8300,15,3,0
10865,30.0,6.9,54700.0,3.5,32.1,3,2023-06-06,Finance,Junior,Diploma,Full-Time,Hybrid,Female,3600,6,20,1
10866,32.0,7.8,83100.0,3.4,39.4,7,2024-01-04,IT,Senior,High School,Full-Time,Hybrid,Female,5200,5,12,1
10867,37.0,16.0,85200.0,3.6,39.9,3,2020-08-12,Operations,Junior,Master,Full-Time,Hybrid,Male,2600,10,10,0
10868,38.0,21.0,39800.0,3.5,37.3,6,2022-12-11,Marketing,Mid,Diploma,Contract,Hybrid,Male,5800,12,14,1
10869,40.0,18.4,44600.0,3.7,42.4,9,2019-01-27,Sales,Mid,High School,Full-Time,Hybrid,Female,5400,11,17,1
10870,51.0,32.0,32400.0,3.2,18.0,3,2017-08-25,Finance,Mid,Diploma,Full-Time,Office,Female,3900,20,3,1
10871,34.0,7.8,64800.0,3.4,38.0,5,2023-04-01,IT,Senior,High School,Contract,Office,Male,4500,6,8,1
10872,29.0,7.5,71800.0,2.5,36.7,7,2021-06-10,Marketing,Junior,Diploma,Full-Time,Hybrid,Male,2200,5,12,0
10873,24.0,0.0,32100.0,3.2,38.5,2,2015-11-10,Sales,Senior,Diploma,Full-Time,Office,Male,1700,2,6,1
10874,29.0,2.6,45800.0,4.4,36.1,4,2021-11-30,Sales,Mid,Bachelor,Contract,Hybrid,Male,6000,4,9,1
10875,35.0,10.8,32100.0,3.6,15.9,4,2022-10-14,Marketing,Junior,Bachelor,Full-Time,Remote,Male,1400,7,3,1
10876,49.0,30.6,38400.0,3.4,15.2,12,2017-06-01,HR,Senior,High School,Full-Time,Hybrid,Female,5200,15,7,1
10877,31.0,11.9,68600.0,4.7,5.0,3,2024-07-14,HR,Lead,Bachelor,Full-Time,Remote,Female,6100,7,8,1
10878,37.0,15.7,41000.0,2.4,47.3,4,2016-05-12,Marketing,Mid,Master,Full-Time,Hybrid,Female,4600,8,20,0
10879,35.0,8.4,48800.0,2.6,47.4,7,2019-04-07,Marketing,Mid,Bachelor,Full-Time,Office,Male,3900,6,15,1
10880,45.0,22.4,28700.0,4.6,47.7,6,2024-05-21,Marketing,Senior,High School,Full-Time,Remote,Female,4100,14,5,1
10881,55.0,33.9,59300.0,3.4,39.6,9,2020-10-19,Sales,Senior,Bachelor,Full-Time,Office,Female,3000,17,9,1
10882,31.0,9.5,54000.0,3.2,5.0,6,2020-03-20,Operations,Junior,High School,Part-Time,Remote,Female,5100,8,14,1
10883,31.0,3.5,41100.0,2.6,19.6,3,2023-06-12,Operations,Mid,Master,Full-Time,Hybrid,Male,1200,3,8,0
10884,43.0,18.3,51000.0,3.7,37.6,3,2021-09-19,Finance,Senior,High School,Full-Time,Remote,Female,4200,9,9,1
10885,40.0,17.8,59100.0,3.8,37.0,1,2020-06-17,Sales,Junior,High School,Full-Time,Office,Female,8700,11,20,1
10886,50.0,29.6,39700.0,2.6,31.7,4,2019-03-21,Sales,Mid,Master,Full-Time,Remote,Male,1200,16,6,0
10887,40.0,11.4,30500.0,3.3,40.5,4,2023-06-21,HR,Mid,Master,Full-Time,Hybrid,Female,2600,8,22,1
10888,32.0,9.5,113200.0,3.2,35.2,2,2020-06-21,Marketing,Senior,High School,Full-Time,Office,Male,11100,7,6,0
10889,40.0,18.4,42700.0,3.6,36.8,2,2023-01-21,Sales,Senior,Diploma,Full-Time,Remote,Male,6000,11,1,1
10890,44.0,24.5,52900.0,2.6,25.4,8,2018-08-25,Sales,Junior,Diploma,Full-Time,Remote,Male,3100,13,20,1
10891,42.0,22.1,82400.0,4.3,49.7,8,2024-03-20,Marketing,Junior,High School,Contract,Hybrid,Male,7000,14,13,1
10892,39.0,18.7,225600.0,4.0,28.5,6,2019-04-22,Operations,Senior,Bachelor,Full-Time,Hybrid,Male,33500,10,11,1
10893,44.0,19.6,33400.0,3.1,15.0,7,2020-09-09,Finance,Senior,High School,Full-Time,Hybrid,Female,4000,14,14,1
10894,44.0,16.3,65800.0,3.2,23.4,1,2023-07-31,HR,Junior,High School,Full-Time,Hybrid,Female,8200,8,5,0
10895,46.0,22.8,41400.0,3.3,29.8,6,2018-05-29,IT,Mid,Bachelor,Full-Time,Remote,Female,5000,14,9,0
10896,40.0,21.0,44300.0,2.9,49.9,5,2024-05-23,Operations,Senior,Master,Full-Time,Hybrid,Female,3900,12,17,0
10897,34.0,16.2,41200.0,3.1,34.4,7,2024-06-16,Sales,Junior,High School,Full-Time,Office,Male,3200,9,9,0
10898,36.0,16.1,35100.0,3.2,32.2,11,2019-03-22,Finance,Mid,Diploma,Part-Time,Office,Female,1900,11,8,0
10899,45.0,24.3,54100.0,4.5,16.3,1,2019-06-29,IT,Mid,Master,Full-Time,Hybrid,Female,4400,13,18,1
10900,28.0,7.1,30500.0,4.1,46.8,5,2018-09-22,Operations,Senior,Master,Full-Time,Hybrid,Male,700,4,12,1
10901,38.0,14.3,80300.0,4.1,25.2,5,2021-01-18,Operations,Senior,High School,Contract,Hybrid,Male,2600,8,14,0
10902,32.0,9.6,56200.0,3.7,33.5,5,2020-02-22,Marketing,Mid,Diploma,Full-Time,Office,Male,3200,6,5,1
10903,35.0,18.0,65100.0,2.6,57.2,3,2016-07-17,IT,Lead,Bachelor,Contract,Office,Female,4100,12,12,1
10904,45.0,20.2,45600.0,3.4,42.6,4,2021-01-14,Marketing,Junior,Bachelor,Full-Time,Hybrid,Male,5100,12,19,1
10905,37.0,19.8,47500.0,4.1,10.6,6,2020-08-22,Operations,Mid,Bachelor,Full-Time,Office,Male,2000,10,3,0
10906,35.0,12.0,61700.0,2.5,8.5,7,2018-04-24,Operations,Mid,Diploma,Full-Time,Office,Male,7600,10,7,1
10907,24.0,6.0,34500.0,3.8,34.0,7,2017-01-03,Operations,Junior,Master,Full-Time,Remote,Male,4300,4,18,1
10908,41.0,14.8,47700.0,5.0,16.8,2,2017-01-22,Finance,Mid,Master,Full-Time,Hybrid,Female,4600,7,14,1
10909,40.0,19.8,39000.0,4.1,44.7,5,2021-06-14,Operations,Junior,High School,Full-Time,Hybrid,Female,3300,13,8,1
10910,52.0,27.8,38500.0,4.4,35.6,8,2015-05-28,IT,Mid,Master,Full-Time,Hybrid,Male,3100,15,12,1
10911,33.0,6.8,23700.0,3.6,37.5,6,2020-04-09,HR,Mid,Master,Full-Time,Hybrid,Female,1800,5,10,0
10912,37.0,15.7,94000.0,4.1,24.4,8,2017-10-17,Finance,Senior,Bachelor,Full-Time,Office,Female,3000,11,1,1
10913,37.0,18.0,41800.0,2.9,61.1,4,2017-12-14,IT,Lead,Bachelor,Full-Time,Remote,Male,4400,9,12,1
10914,48.0,23.5,87600.0,4.0,77.6,4,2023-02-22,Sales,Junior,Bachelor,Full-Time,Office,Male,8300,14,4,1
10915,34.0,7.5,84300.0,3.9,30.8,3,2022-03-03,IT,Lead,Master,Full-Time,Hybrid,Female,1900,7,13,1
10916,37.0,14.7,32900.0,3.6,40.3,2,2019-09-30,IT,Lead,High School,Full-Time,Hybrid,Male,1500,8,4,1
10917,40.0,17.7,35600.0,4.3,36.5,4,2022-06-08,HR,Junior,Master,Full-Time,Office,Female,2700,10,16,1
10918,36.0,15.6,153200.0,3.0,31.1,5,2019-11-21,Finance,Lead,High School,Full-Time,Remote,Male,21000,9,11,1
10919,31.0,11.8,110800.0,3.3,22.5,5,2016-11-22,Sales,Mid,Master,Full-Time,Office,Female,16500,7,6,1
10920,37.0,14.8,54300.0,3.5,18.7,3,2022-01-01,,Senior,Diploma,Full-Time,Office,Female,6400,7,6,1
10921,44.0,27.6,61000.0,2.7,18.0,4,2022-03-18,Finance,Lead,Master,Contract,Hybrid,Female,7200,15,9,1
10922,27.0,5.7,42700.0,3.6,41.1,3,2024-12-23,,Senior,Diploma,Full-Time,Remote,Female,3200,3,11,1
10923,36.0,13.0,65400.0,2.2,27.2,9,2023-03-04,Sales,Mid,High School,Contract,Office,Male,6200,6,10,0
10924,29.0,2.2,41300.0,4.1,5.0,2,2020-09-23,Sales,Mid,Master,Full-Time,Hybrid,Male,2100,3,13,0
10925,45.0,22.2,24400.0,3.4,41.7,7,2019-10-12,HR,Mid,Master,Full-Time,Office,Female,2800,16,13,1
10926,23.0,0.0,32400.0,3.0,34.4,5,2020-11-03,Marketing,Mid,High School,Full-Time,Hybrid,Male,900,1,17,0
10927,31.0,11.9,55500.0,2.8,55.2,6,2019-12-11,HR,Junior,Bachelor,Full-Time,Hybrid,Male,4100,7,23,0
10928,38.0,17.4,35000.0,3.2,40.6,5,2024-03-17,Operations,Mid,Bachelor,Full-Time,Office,Female,4500,11,11,1
10929,48.0,22.5,53500.0,3.9,12.8,11,2015-09-21,Sales,Senior,Diploma,Contract,Office,Female,7900,13,11,1
10930,34.0,12.5,35800.0,3.8,5.0,3,2024-02-22,IT,Senior,Master,Full-Time,Office,Female,4000,8,14,1
10931,31.0,11.0,40200.0,2.9,24.2,3,2023-05-14,IT,Lead,Bachelor,Full-Time,Remote,Female,1800,6,8,1
10932,50.0,32.6,77400.0,2.8,25.6,5,2018-06-02,Finance,Junior,High School,Full-Time,Remote,Female,7300,18,5,1
10933,23.0,3.7,60700.0,3.9,49.1,5,2015-08-04,Finance,Senior,High School,Full-Time,Hybrid,Female,5600,7,8,1
10934,21.0,1.3,54800.0,2.9,34.9,3,2015-08-19,Marketing,Senior,Master,Full-Time,Remote,Female,8000,1,12,1
10935,39.0,17.2,78200.0,,52.0,6,2019-09-22,Marketing,Junior,Diploma,Full-Time,Hybrid,Male,10100,10,13,1
10936,31.0,10.2,66700.0,3.5,15.1,5,2022-05-25,Marketing,Mid,High School,Full-Time,Hybrid,Male,1800,6,22,0
10937,27.0,8.7,98100.0,3.6,49.5,6,2018-04-15,Marketing,Mid,Master,Full-Time,Hybrid,Female,4800,6,4,1
10938,41.0,15.0,45800.0,4.0,45.8,2,2024-12-13,IT,Lead,Diploma,Full-Time,Hybrid,Male,5900,8,13,1
10939,37.0,14.0,46300.0,2.5,5.0,5,2022-07-12,Sales,Lead,Bachelor,Full-Time,Office,Female,6800,11,10,1
10940,30.0,5.7,32700.0,2.1,54.8,6,2019-03-21,Operations,Senior,Master,Full-Time,Office,Female,1900,4,18,1
10941,25.0,4.1,46300.0,3.0,36.4,2,2019-10-13,Operations,Mid,Diploma,Full-Time,Remote,Male,5100,3,6,0
10942,42.0,23.7,80900.0,4.7,40.9,8,2016-12-07,Marketing,Junior,High School,Full-Time,Remote,Female,4900,13,16,1
10943,40.0,16.2,92500.0,4.8,22.0,5,2016-05-27,HR,Lead,Bachelor,Full-Time,Office,Male,2300,9,9,0
10944,34.0,4.8,80800.0,4.7,54.1,5,2023-09-11,Operations,Junior,High School,Full-Time,Hybrid,Female,10300,6,17,1
10945,50.0,26.8,26800.0,3.3,17.2,12,2020-03-11,Marketing,Mid,High School,Full-Time,Office,Female,3100,14,12,1
10946,26.0,6.7,84800.0,2.2,47.5,4,2018-01-29,IT,Junior,Bachelor,Full-Time,Office,Male,2300,4,16,1
10947,23.0,2.6,26400.0,1.8,47.3,7,2021-06-10,Finance,Lead,Master,Full-Time,Office,Female,1000,3,14,0
10948,29.0,8.3,78800.0,3.0,20.4,5,2020-04-20,HR,Junior,Master,Part-Time,Hybrid,Female,11800,6,7,0
10949,35.0,12.2,47500.0,3.3,64.8,3,2020-06-15,Marketing,Junior,Master,Full-Time,Office,Female,5000,7,2,1
10950,37.0,11.2,72800.0,4.3,38.5,8,2015-12-17,IT,Senior,High School,Contract,Office,Female,9000,9,19,1
10951,33.0,12.5,32300.0,4.0,44.8,3,2017-03-13,Finance,Junior,High School,Contract,Office,Male,2300,9,10,0
10952,38.0,13.5,87900.0,3.6,12.1,3,2016-03-26,Marketing,Lead,Master,Full-Time,Office,Male,7700,8,18,0
10953,25.0,9.6,30600.0,2.8,66.8,6,2018-07-16,IT,Mid,Master,Full-Time,Office,Male,3100,7,12,1
10954,47.0,26.7,42100.0,2.7,16.6,4,2024-06-05,IT,Lead,Bachelor,Full-Time,Office,Male,5300,15,17,0
10955,34.0,10.3,36900.0,3.6,50.4,7,2023-02-28,Sales,Senior,High School,Full-Time,Remote,Male,2400,6,7,1
10956,44.0,20.2,27300.0,3.9,20.1,5,2023-07-07,IT,Mid,Diploma,Full-Time,Hybrid,Male,2900,11,13,1
10957,38.0,15.7,57100.0,3.7,25.7,4,2017-06-20,Marketing,Lead,Master,Part-Time,Hybrid,Female,6900,11,28,1
10958,39.0,16.3,113300.0,2.7,46.8,3,2022-09-10,IT,Mid,Master,Part-Time,Hybrid,Male,14100,11,7,1
10959,40.0,21.4,159800.0,3.9,50.4,3,2022-08-12,HR,Mid,High School,Contract,Office,Male,13600,12,15,1
10960,39.0,17.6,57200.0,3.7,15.9,6,2015-03-04,IT,Junior,Master,Contract,Office,Female,4700,10,12,1
10961,40.0,15.8,86000.0,2.7,51.4,4,2019-11-24,IT,Junior,Master,Full-Time,Remote,Male,2900,10,14,1
10962,46.0,29.7,60400.0,2.9,50.7,3,2016-05-19,Operations,Senior,High School,Full-Time,Office,Female,5100,16,12,1
10963,37.0,15.1,67100.0,3.9,20.9,7,2023-03-12,HR,Junior,Master,Full-Time,Remote,Female,7500,9,3,0
10964,41.0,21.3,48000.0,3.2,59.0,2,2021-05-01,Marketing,Mid,Bachelor,Contract,Hybrid,Male,6700,14,14,1
10965,34.0,10.2,59500.0,4.5,13.1,7,2019-08-27,Finance,Mid,Diploma,Full-Time,Remote,Female,2200,7,14,1
10966,47.0,26.1,68200.0,3.8,25.6,3,2022-01-26,Sales,Senior,High School,Full-Time,Remote,Female,10000,15,20,1
10967,30.0,8.9,43600.0,3.1,42.2,6,2023-08-17,Operations,Junior,Bachelor,Full-Time,Remote,Male,2200,6,6,1
10968,49.0,21.3,53300.0,3.4,22.2,5,2019-07-12,Finance,Senior,High School,Full-Time,Office,Female,2300,13,13,1
10969,35.0,19.0,53700.0,3.4,39.0,4,2018-04-23,Marketing,Junior,High School,Full-Time,Office,Male,1900,10,6,1
10970,24.0,5.9,76500.0,2.9,38.6,3,2023-03-13,Marketing,Senior,High School,Contract,Office,Female,11400,4,17,1
10971,36.0,12.8,35900.0,2.8,32.2,4,2021-12-17,Operations,Senior,Diploma,Full-Time,Hybrid,Female,3300,7,16,0
10972,30.0,4.7,53900.0,3.9,47.5,6,2019-05-14,HR,Junior,Bachelor,Full-Time,Hybrid,Female,3000,7,11,1
10973,42.0,21.0,118200.0,4.0,31.6,6,2024-06-03,Finance,Senior,Diploma,Full-Time,Office,Male,7200,14,5,1
10974,30.0,8.3,87600.0,3.8,38.5,3,2023-01-29,IT,Senior,High School,Full-Time,Hybrid,Female,12600,6,12,1
10975,31.0,10.1,94300.0,4.5,52.2,3,2020-01-13,HR,Senior,Master,Contract,Office,Male,12900,7,15,1
10976,21.0,0.0,55500.0,3.0,46.9,4,2017-02-02,HR,Mid,Diploma,Full-Time,Hybrid,Male,3600,1,17,1
10977,31.0,10.5,62500.0,4.6,46.8,7,2022-12-12,Sales,Junior,Master,Contract,Hybrid,Male,1800,8,5,1
10978,21.0,3.3,82100.0,2.8,17.8,5,2021-07-06,HR,Lead,High School,Full-Time,Remote,Female,10500,5,7,0
10979,22.0,1.7,102700.0,2.7,42.9,6,2024-08-12,Finance,Senior,Master,Contract,Hybrid,Female,14300,7,7,1
10980,41.0,15.9,25200.0,2.2,21.8,4,2024-01-23,Marketing,Junior,Diploma,Full-Time,Remote,Female,3200,9,11,1
10981,41.0,23.1,32500.0,3.1,15.8,2,2023-01-30,Operations,Lead,Bachelor,Full-Time,Remote,Male,4500,14,9,1
10982,38.0,20.9,92900.0,3.0,33.9,4,2021-05-28,Sales,Lead,Master,Full-Time,Hybrid,Male,8800,11,16,1
10983,27.0,14.5,49200.0,3.8,21.4,6,2016-03-01,Operations,Mid,Diploma,Full-Time,Office,Male,6400,10,15,1
10984,35.0,9.6,42000.0,3.6,46.9,6,2021-05-31,Operations,Junior,Bachelor,Full-Time,Office,Male,6000,8,16,0
10985,35.0,13.7,33300.0,2.6,47.2,7,2017-04-12,IT,Mid,High School,Full-Time,Remote,Female,4500,7,18,1
10986,26.0,0.0,44100.0,3.1,6.5,6,2016-05-14,Finance,Lead,Bachelor,Full-Time,Hybrid,Male,4200,3,5,1
10987,47.0,26.7,31400.0,3.1,22.6,2,2024-12-06,IT,Junior,High School,Contract,Office,Male,3700,16,11,1
10988,42.0,18.4,126900.0,2.2,13.1,6,2017-04-24,HR,Mid,Diploma,Part-Time,Office,Female,14400,12,13,0
10989,33.0,16.8,54500.0,2.7,28.1,5,2022-05-24,Finance,Senior,Diploma,Contract,Office,Female,6800,11,8,1
10990,35.0,10.7,53700.0,2.9,41.8,3,2017-11-26,Operations,Junior,Bachelor,Full-Time,Office,Male,2700,6,12,1
10991,37.0,9.9,69600.0,4.4,31.4,6,2019-03-30,Sales,Mid,Diploma,Full-Time,Office,Female,1400,8,14,1
10992,21.0,0.0,80800.0,3.5,26.2,6,2022-05-05,Operations,Junior,Diploma,Full-Time,Hybrid,Male,7000,1,9,0
10993,33.0,5.1,80300.0,3.9,54.5,11,2018-11-21,Sales,Mid,High School,Full-Time,Office,Female,9600,3,12,0
10994,30.0,10.3,84500.0,2.4,5.0,5,2017-01-19,IT,Mid,Diploma,Full-Time,Remote,Female,3100,9,10,0
10995,27.0,0.0,42700.0,4.2,53.6,7,2021-09-09,Marketing,Junior,Master,Contract,Hybrid,Female,3800,1,15,1
10996,33.0,11.1,48800.0,4.3,26.8,5,2019-05-10,Operations,Senior,High School,Full-Time,Remote,Male,3000,7,17,0
10997,49.0,20.8,74800.0,2.0,33.8,4,2020-05-01,Sales,Mid,Master,Full-Time,Office,Female,9600,14,15,0
10998,40.0,17.0,44500.0,2.9,27.1,1,2017-11-11,IT,Senior,Bachelor,Full-Time,Hybrid,Male,1500,10,19,0
10999,30.0,12.9,54900.0,3.7,58.1,7,2024-05-04,Marketing,Senior,Master,Full-Time,Office,Male,7100,9,0,1
11000,40.0,19.1,64500.0,3.9,16.5,5,2016-05-09,Finance,Junior,Diploma,Full-Time,Remote,Female,6400,13,10,1
11001,46.0,21.4,75300.0,2.9,35.2,4,2024-07-06,Sales,Junior,Bachelor,Full-Time,Office,Male,10500,13,6,1
11002,42.0,19.9,27000.0,3.2,42.9,6,2018-05-11,Sales,Junior,Diploma,Part-Time,Remote,Male,3800,11,20,1
11003,35.0,13.1,73200.0,3.0,10.8,1,2023-02-21,Operations,Mid,Bachelor,Part-Time,Remote,Female,9200,9,6,1
11004,30.0,9.4,50100.0,3.5,21.2,3,2017-08-07,Operations,Senior,Bachelor,Full-Time,Hybrid,Female,4500,6,19,1
11005,41.0,14.9,73000.0,4.2,32.8,5,2018-10-01,IT,Senior,High School,Contract,Office,Male,2800,12,10,0
11006,38.0,17.8,75000.0,2.9,21.7,8,2017-11-04,Sales,Senior,Master,Part-Time,Hybrid,Male,3700,13,8,1
11007,42.0,11.9,104600.0,4.1,22.8,5,2017-11-19,IT,Senior,Diploma,Full-Time,Hybrid,Male,7800,8,13,1
11008,40.0,16.1,94500.0,2.9,29.8,2,2023-06-28,Sales,Junior,Bachelor,Full-Time,Hybrid,Male,10800,11,22,0
11009,43.0,19.5,94300.0,2.8,44.7,11,2019-11-23,IT,Mid,High School,Full-Time,Office,Female,8600,11,8,1
11010,31.0,10.9,98000.0,4.0,29.9,8,2021-01-16,Sales,Junior,Bachelor,Full-Time,Hybrid,Male,7500,9,13,1
11011,46.0,24.1,61800.0,4.0,51.2,3,2019-07-11,Finance,Junior,Master,Full-Time,Office,Female,5100,16,14,1
11012,37.0,10.8,55700.0,4.0,20.0,7,2022-06-10,Operations,Mid,Bachelor,Full-Time,Hybrid,Male,6500,7,7,1
11013,52.0,27.0,78000.0,2.5,16.2,5,2016-09-11,Finance,Mid,Master,Full-Time,Office,Male,1900,16,9,1
11014,29.0,7.6,73700.0,3.1,63.9,3,2016-09-18,IT,Mid,Bachelor,Contract,Remote,Female,5700,8,9,1
11015,49.0,26.8,48600.0,4.0,25.1,10,2015-09-29,Finance,Junior,Master,Full-Time,Hybrid,Female,4600,15,13,1
11016,37.0,13.3,64700.0,3.4,15.3,6,2016-02-24,IT,Mid,Diploma,Full-Time,Hybrid,Female,6200,8,5,0
11017,30.0,6.6,54200.0,2.6,8.9,7,2020-08-09,Operations,Junior,Master,Full-Time,Office,Male,5400,4,12,1
11018,31.0,11.1,39100.0,3.7,51.1,2,2022-12-07,IT,Mid,Master,Full-Time,Remote,Female,1100,7,6,0
11019,32.0,8.4,92200.0,2.9,29.9,4,2016-05-03,Operations,Mid,Diploma,Full-Time,Office,Male,8500,5,11,1
11020,38.0,15.7,56200.0,4.7,31.2,8,2021-02-01,HR,Junior,Master,Full-Time,Hybrid,Male,5100,10,6,1
11021,39.0,23.5,124800.0,4.5,32.6,6,2024-01-16,Finance,Mid,Bachelor,Full-Time,Remote,Female,16400,14,19,1
11022,30.0,3.7,28700.0,3.8,50.2,4,2017-03-06,HR,Junior,Bachelor,Full-Time,Office,Male,3400,3,13,0
11023,35.0,7.4,44000.0,4.4,32.3,7,2018-09-03,Operations,Mid,Bachelor,Full-Time,Hybrid,Male,1100,6,8,1
11024,52.0,32.4,55700.0,3.4,70.2,5,2022-09-10,Operations,Junior,Diploma,Full-Time,Office,Male,5100,18,20,1
11025,49.0,25.0,86700.0,3.9,37.0,5,2016-04-11,HR,Lead,Master,Full-Time,Hybrid,Female,9500,14,4,1
11026,38.0,15.0,64500.0,4.4,50.9,4,2016-03-15,Operations,Junior,Master,Full-Time,Hybrid,Male,6200,10,12,1
11027,35.0,10.7,62300.0,3.6,47.1,7,2023-07-25,Sales,Lead,Bachelor,Full-Time,Remote,Male,6700,10,14,1
11028,36.0,13.2,35000.0,3.2,34.5,7,2018-09-16,IT,Mid,Master,Full-Time,Office,Male,1200,8,10,1
11029,40.0,22.8,34600.0,2.2,26.2,5,2015-09-30,Marketing,Mid,Bachelor,Full-Time,Office,Male,1500,14,11,1
11030,27.0,7.4,62600.0,3.3,40.0,2,2022-07-12,HR,Senior,Bachelor,Full-Time,Remote,Female,6000,7,9,0
11031,33.0,13.6,31900.0,4.0,42.7,5,2017-11-10,Sales,Senior,Bachelor,Full-Time,Remote,Female,4000,9,8,1
11032,22.0,0.0,44500.0,4.1,26.4,1,2021-01-21,Finance,Junior,Diploma,Part-Time,Office,Male,1000,2,16,0
11033,38.0,12.5,67200.0,3.8,37.5,3,2019-02-24,Marketing,Junior,High School,Full-Time,Office,Male,5200,8,12,0
11034,40.0,9.5,37100.0,3.0,53.5,11,2023-01-09,Operations,Senior,High School,Contract,Hybrid,Male,5500,6,14,0
11035,31.0,6.6,104500.0,2.0,66.0,4,2024-07-21,IT,Junior,Master,Full-Time,Hybrid,Male,12500,6,15,1
11036,48.0,28.9,89700.0,3.1,47.8,6,2023-04-28,Sales,Mid,Bachelor,Full-Time,Office,Female,7000,17,9,1
11037,25.0,4.6,29300.0,3.2,62.9,5,2017-08-13,Marketing,Lead,High School,Part-Time,Hybrid,Female,1000,3,8,1
11038,23.0,0.3,37900.0,3.2,25.6,11,2018-07-14,IT,Mid,High School,Contract,Hybrid,Female,2500,2,8,1
11039,37.0,14.9,22000.0,3.8,45.5,5,2024-05-02,IT,Junior,Master,Full-Time,Office,Female,900,11,12,1
11040,43.0,18.9,40200.0,4.8,55.1,7,2020-04-03,Marketing,Junior,Diploma,Full-Time,Hybrid,Female,5600,11,22,1
11041,48.0,26.6,74700.0,3.5,21.6,6,2023-01-11,Sales,Junior,Master,Full-Time,Hybrid,Female,8200,17,12,1
11042,31.0,11.3,46600.0,3.2,27.7,6,2015-07-07,Operations,Mid,Master,Full-Time,Hybrid,Male,6100,7,0,0
11043,44.0,17.2,66100.0,3.2,61.1,7,2019-02-07,Marketing,Mid,Bachelor,Contract,Hybrid,Male,9000,14,13,0
11044,35.0,13.9,29900.0,3.5,20.4,6,2015-07-27,HR,Mid,Diploma,Full-Time,Office,Male,3000,9,14,1
11045,34.0,14.8,75700.0,2.8,14.9,5,2015-03-15,IT,Junior,Master,Full-Time,Hybrid,Female,1600,11,17,0
11046,42.0,18.8,44000.0,3.5,57.9,2,2022-06-14,Finance,Junior,High School,Full-Time,Remote,Male,4100,11,18,0
11047,40.0,20.1,55300.0,3.7,53.0,3,2016-11-03,Operations,Lead,High School,Full-Time,Hybrid,Male,6900,11,26,1
11048,22.0,8.4,53000.0,3.5,41.5,2,2024-06-27,Marketing,Junior,Master,Full-Time,Hybrid,Male,3200,5,12,1
11049,47.0,24.7,33100.0,3.7,34.3,4,2021-12-12,Marketing,Mid,Bachelor,Full-Time,Hybrid,Female,4700,14,13,1
11050,46.0,25.2,34700.0,3.7,28.4,6,2022-03-04,IT,Junior,Bachelor,Full-Time,Office,Female,5200,14,14,1
11051,30.0,5.8,81000.0,2.2,39.2,2,2017-11-15,IT,Junior,Master,Contract,Office,Male,7400,5,10,0
11052,38.0,16.5,64500.0,3.8,58.7,6,2017-05-23,Marketing,Lead,Diploma,Full-Time,Remote,Male,5700,9,11,0
11053,39.0,18.4,83700.0,2.9,38.6,6,2024-11-17,Finance,Junior,Bachelor,Contract,Hybrid,Female,8800,12,8,1
11054,37.0,15.6,62600.0,2.6,67.5,7,2019-11-29,IT,Mid,High School,Full-Time,Remote,Female,5900,11,10,1
11055,31.0,5.9,58200.0,2.6,21.5,5,2020-02-25,IT,Mid,Diploma,Part-Time,Office,Male,2400,5,11,0
11056,30.0,8.6,27600.0,3.7,34.7,2,2016-05-29,HR,Mid,Master,Full-Time,Office,Female,1500,7,14,1
11057,35.0,17.4,49400.0,3.2,29.4,2,2019-12-29,Sales,Senior,Diploma,Contract,Remote,Female,2300,11,14,1
11058,44.0,23.3,54400.0,2.2,18.7,7,2024-02-11,HR,Junior,Bachelor,Full-Time,Office,Male,1600,17,6,0
11059,39.0,19.9,120100.0,3.7,32.7,3,2015-10-07,Finance,Junior,Bachelor,Full-Time,Remote,Male,4600,11,5,1
11060,32.0,9.3,72400.0,2.4,41.3,8,2022-11-05,Sales,Junior,High School,Full-Time,Office,Male,10600,8,10,0
11061,41.0,21.2,101700.0,3.5,42.9,3,2023-03-06,Marketing,Mid,Master,Contract,Remote,Female,9400,14,20,1
11062,21.0,0.0,69800.0,3.6,67.6,3,2017-01-29,Finance,Mid,Diploma,Full-Time,Remote,Male,2500,2,14,0
11063,44.0,19.1,41400.0,4.0,42.0,6,2016-07-09,Finance,Lead,Diploma,Full-Time,Hybrid,Male,4700,10,13,1
11064,21.0,0.0,57600.0,4.6,52.3,6,2017-11-22,HR,Junior,Diploma,Full-Time,Hybrid,Female,4700,1,16,1
11065,32.0,7.0,60500.0,,36.0,4,2024-03-19,Sales,Senior,Diploma,Full-Time,Hybrid,Female,3000,8,6,1
11066,26.0,2.1,37800.0,3.4,60.2,5,2024-04-02,Finance,Junior,High School,Part-Time,Remote,Male,5400,4,16,0
11067,25.0,3.6,47200.0,3.2,71.0,7,2015-10-18,Sales,Junior,High School,Full-Time,Hybrid,Male,2300,2,9,1
11068,44.0,22.9,50700.0,3.7,43.0,5,2017-02-23,Operations,Senior,High School,Full-Time,Remote,Male,1700,14,4,1
11069,31.0,5.4,104500.0,3.6,20.1,5,2022-11-13,Marketing,Lead,Bachelor,Full-Time,Office,Female,4900,6,11,1
11070,38.0,19.2,23900.0,3.2,26.8,5,2024-03-29,Sales,Junior,High School,Full-Time,Hybrid,Female,3300,13,17,1
11071,35.0,14.7,89100.0,3.1,39.2,4,2023-07-12,HR,Junior,High School,Contract,Office,Male,11700,8,13,1
11072,39.0,14.9,37800.0,2.6,41.8,6,2024-12-06,HR,Mid,Master,Full-Time,Office,Male,5200,10,11,1
11073,36.0,9.4,31800.0,4.1,45.5,2,2023-04-07,Finance,Senior,Master,Part-Time,Hybrid,Female,4400,6,8,0
11074,25.0,2.6,88200.0,3.7,41.9,4,2019-06-11,Sales,Senior,Master,Full-Time,Office,Female,2700,2,11,1
11075,43.0,19.7,73700.0,4.0,35.1,5,2017-01-11,HR,Junior,Master,Full-Time,Office,Male,8300,10,23,1
11076,31.0,9.3,90800.0,3.2,25.5,7,2024-09-21,IT,Senior,High School,Part-Time,Hybrid,Female,9700,8,16,1
11077,23.0,0.0,75800.0,2.9,41.0,3,2015-03-24,HR,Mid,High School,Full-Time,Remote,Female,11300,1,12,1
11078,32.0,4.0,125400.0,2.6,62.8,9,2023-12-20,Marketing,Mid,Bachelor,Full-Time,Hybrid,Male,14200,3,7,1
11079,47.0,23.8,68800.0,3.7,50.3,2,2020-07-04,IT,Junior,Diploma,Full-Time,Office,Female,8500,13,2,1
11080,42.0,19.1,51700.0,2.7,43.0,3,2022-05-13,Sales,Junior,Diploma,Full-Time,Remote,Female,5800,14,6,0
11081,32.0,11.9,63100.0,4.7,50.4,6,2018-03-07,Operations,Lead,Master,Full-Time,Hybrid,Female,6400,7,10,1
11082,32.0,7.9,90400.0,2.5,29.4,5,2015-03-24,Finance,Mid,Bachelor,Full-Time,Office,Female,8300,4,7,1
11083,32.0,15.0,40300.0,3.6,27.4,7,2019-09-07,IT,Junior,High School,Full-Time,Hybrid,Male,5900,12,4,1
11084,52.0,24.3,42400.0,4.5,23.8,2,2016-10-09,HR,Senior,Diploma,Full-Time,Office,Female,6000,14,11,1
11085,38.0,19.9,48600.0,3.8,33.1,8,2022-04-20,Finance,Senior,Master,Full-Time,Office,Female,3700,11,5,1
11086,38.0,15.3,23700.0,3.5,28.7,7,2015-05-31,Operations,Mid,Master,Full-Time,Office,Male,1300,11,14,1
11087,43.0,23.6,58100.0,2.7,53.1,2,2017-08-01,Operations,Mid,Diploma,Part-Time,Office,Female,5000,16,16,1
11088,37.0,15.2,25900.0,2.4,27.9,6,2019-10-24,Finance,Mid,Diploma,Contract,Hybrid,Male,3000,12,20,1
11089,33.0,14.4,56200.0,3.9,23.0,3,2017-05-09,Finance,Junior,Diploma,Full-Time,Hybrid,Female,4100,8,7,1
11090,33.0,9.8,,4.5,64.1,4,2021-06-24,Finance,Lead,High School,Full-Time,Hybrid,Female,7000,7,9,1
11091,34.0,8.7,45400.0,3.1,28.2,5,2020-02-12,Sales,Mid,Diploma,Full-Time,Hybrid,Female,2700,5,7,1
11092,35.0,17.3,107600.0,2.6,37.3,4,2024-02-01,Sales,Senior,Bachelor,Full-Time,Office,Male,8100,10,17,1
11093,41.0,18.7,30700.0,1.7,41.8,6,2023-07-06,Sales,Mid,Bachelor,Full-Time,Office,Female,4400,11,7,1
11094,35.0,13.7,88600.0,2.7,17.9,5,2024-02-22,HR,Senior,Diploma,Full-Time,Office,Male,4200,7,10,1
11095,41.0,22.7,72100.0,3.3,53.5,6,2015-04-25,Sales,Junior,High School,Full-Time,Hybrid,Male,10700,12,12,1
11096,34.0,8.9,27700.0,4.5,44.6,3,2023-08-19,Finance,Mid,Master,Full-Time,Remote,Female,1300,7,7,1
11097,36.0,15.8,162700.0,3.9,58.4,4,2022-07-15,IT,Senior,Diploma,Full-Time,Office,Female,10000,13,18,1
11098,21.0,0.0,53600.0,3.6,24.8,3,2016-12-26,IT,Junior,Diploma,Full-Time,Remote,Male,1700,1,6,1
11099,42.0,19.6,38700.0,3.1,36.5,4,2019-03-31,Operations,Senior,Diploma,Full-Time,Office,Male,4600,12,13,1
11100,38.0,16.2,31300.0,3.0,35.6,4,2024-04-30,IT,Junior,Bachelor,Full-Time,Remote,Male,700,11,7,1
11101,43.0,16.5,50400.0,4.4,39.0,5,2018-01-12,IT,Senior,Bachelor,Part-Time,Remote,Male,6200,9,9,1
11102,21.0,0.0,52300.0,3.5,13.2,4,2017-06-05,IT,Lead,Master,Full-Time,Office,Male,5000,1,12,1
11103,52.0,34.1,57300.0,1.9,36.7,6,2022-09-26,Operations,Mid,High School,Full-Time,Office,Male,6700,19,7,0
11104,34.0,14.7,48800.0,2.9,13.6,5,2017-03-20,Marketing,Junior,Diploma,Full-Time,Office,Male,5900,10,0,0
11105,44.0,21.8,70900.0,2.8,40.4,7,2021-01-10,IT,Mid,Diploma,Full-Time,Office,Male,2600,11,18,1
11106,27.0,5.7,47100.0,3.0,5.0,5,2020-01-15,IT,Senior,Diploma,Full-Time,Hybrid,Male,1100,3,2,1
11107,40.0,17.1,25400.0,3.8,7.2,5,2015-09-10,IT,Lead,Master,Full-Time,Hybrid,Female,1100,11,9,1
11108,27.0,9.1,51800.0,3.3,47.3,6,2021-12-24,Operations,Junior,Diploma,Full-Time,Hybrid,Male,3600,9,12,1
11109,30.0,7.4,21300.0,3.3,26.8,3,2021-10-31,HR,Senior,Bachelor,Contract,Hybrid,Male,600,6,12,0
11110,50.0,28.7,63400.0,4.3,20.2,7,2018-07-20,Marketing,Junior,High School,Contract,Office,Male,5000,14,13,1
11111,33.0,14.4,37200.0,2.9,54.1,6,2023-02-25,IT,Senior,Bachelor,Contract,Remote,Male,2100,11,11,1
11112,37.0,12.7,58700.0,4.7,39.9,7,2017-04-04,Operations,Senior,Diploma,Full-Time,Office,Female,4000,8,13,1
11113,42.0,24.7,93000.0,2.9,48.1,7,2022-12-11,Operations,Senior,Master,Full-Time,Remote,Male,13200,14,14,1
11114,39.0,12.4,37600.0,3.5,32.5,5,2016-05-21,Sales,Senior,Bachelor,Full-Time,Hybrid,Female,4300,10,19,1
11115,36.0,18.9,84100.0,3.2,75.2,5,2020-12-19,HR,Mid,High School,Full-Time,Office,Female,8900,10,9,1
11116,38.0,14.9,46200.0,3.5,25.9,5,2019-10-01,Operations,Senior,Master,Full-Time,Office,Female,4800,10,18,1
11117,54.0,31.3,110900.0,3.7,61.2,7,2024-04-19,Operations,Mid,Diploma,Full-Time,Office,Female,10200,16,11,1
11118,35.0,7.3,47500.0,3.7,34.1,3,2015-12-17,Marketing,Junior,Diploma,Full-Time,Office,Male,4100,6,15,1
11119,37.0,13.6,39300.0,2.9,10.2,6,2018-01-11,Sales,Lead,Master,Full-Time,Hybrid,Female,5300,10,13,1
11120,43.0,17.9,72400.0,2.6,42.2,6,2020-06-10,Sales,Mid,Bachelor,Full-Time,Office,Male,2200,10,7,0
11121,44.0,20.2,46200.0,5.0,39.7,3,2017-03-28,HR,Mid,Bachelor,Full-Time,Office,Male,2700,14,5,1
11122,44.0,21.6,39300.0,3.1,19.2,8,2020-12-13,Operations,Junior,Master,Full-Time,Office,Male,1300,13,14,1
11123,40.0,20.9,45400.0,,21.2,7,2023-12-30,Sales,Junior,Bachelor,Full-Time,Hybrid,Female,1000,10,6,0
11124,26.0,4.6,54000.0,2.3,34.6,3,2017-04-14,Finance,Mid,High School,Full-Time,Hybrid,Female,1200,4,7,0
11125,48.0,26.9,94100.0,3.2,40.2,4,2020-06-10,HR,Mid,Master,Part-Time,Remote,Male,2200,14,10,0
11126,26.0,0.7,25400.0,3.3,5.0,2,2017-06-14,HR,Mid,,Contract,Office,Female,2800,4,17,0
11127,37.0,12.4,55500.0,,50.8,4,2023-03-22,Finance,Mid,Master,Full-Time,Remote,Female,1900,8,19,1
11128,29.0,12.4,70600.0,1.5,27.6,3,2021-11-14,HR,Mid,High School,Full-Time,Office,Female,3300,10,5,0
11129,34.0,9.8,59400.0,3.5,15.0,5,2022-04-26,Sales,Senior,Diploma,Full-Time,Office,Male,4400,7,0,0
11130,38.0,21.0,92900.0,2.6,49.1,6,2020-11-22,Sales,Mid,Diploma,Contract,Hybrid,Female,5100,14,11,1
11131,38.0,15.3,53400.0,3.6,34.6,6,2024-06-04,Sales,Lead,Bachelor,Full-Time,Hybrid,Male,6700,8,9,1
11132,38.0,16.0,51100.0,2.7,53.2,4,2015-03-04,Finance,Junior,Master,Part-Time,Office,Female,5200,9,20,1
11133,48.0,29.2,69700.0,2.8,41.6,4,2023-03-30,Sales,Lead,Diploma,Full-Time,Office,Female,4400,19,16,1
11134,39.0,20.8,57200.0,3.2,35.0,5,2017-01-20,Finance,Senior,Master,Part-Time,Hybrid,Female,3500,10,8,1
11135,33.0,10.7,47000.0,2.7,32.7,8,2024-09-10,Finance,Mid,Master,Contract,Hybrid,Male,5100,6,5,0
11136,43.0,19.8,67600.0,3.1,42.2,5,2015-01-26,Finance,Junior,High School,Full-Time,Office,Female,2900,12,14,0
11137,45.0,22.8,42400.0,2.6,28.8,8,2015-01-01,HR,Senior,Diploma,Full-Time,Remote,Male,2400,16,9,1
11138,25.0,4.0,43100.0,2.1,22.2,2,2020-11-11,Marketing,Lead,Bachelor,Part-Time,Office,Male,2800,6,8,0
11139,40.0,20.7,44500.0,4.1,44.1,7,2023-01-09,Operations,Lead,Bachelor,Part-Time,Office,Female,3500,10,13,1
11140,41.0,19.0,94500.0,2.5,32.8,11,2021-11-04,Finance,Mid,Bachelor,Full-Time,Hybrid,Female,4200,10,7,0
11141,33.0,12.9,18000.0,3.3,35.5,4,2020-04-21,Sales,Junior,Master,Part-Time,Office,Male,700,7,13,1
11142,46.0,28.9,64400.0,3.9,51.3,6,2023-06-11,Finance,Mid,Bachelor,Full-Time,Office,Male,9600,17,14,1
11143,34.0,13.1,55800.0,3.0,33.3,3,2019-08-29,Operations,Mid,Master,Contract,Remote,Female,7700,9,5,0
11144,36.0,14.9,28100.0,2.8,35.2,3,2015-10-25,IT,Junior,Diploma,Full-Time,Office,Female,2500,9,14,0
11145,34.0,7.4,62300.0,3.6,26.0,1,2024-07-23,HR,Mid,Master,Full-Time,Hybrid,Female,7400,5,12,1
11146,35.0,5.1,66500.0,4.2,41.5,3,2020-06-07,Sales,Mid,Bachelor,Full-Time,Office,Male,7200,5,2,1
11147,26.0,5.2,69600.0,2.6,40.2,6,2023-11-13,HR,Senior,Diploma,Full-Time,Office,Female,2100,5,13,0
11148,23.0,0.7,19000.0,3.3,48.5,3,2021-04-20,HR,Junior,Bachelor,Full-Time,Office,Female,1700,4,9,0
11149,48.0,24.5,95000.0,2.2,26.3,2,2019-05-14,IT,Junior,Master,Part-Time,Hybrid,Male,4200,13,10,1
11150,28.0,6.7,40900.0,3.1,28.1,6,2024-03-19,Finance,Mid,Master,Full-Time,Hybrid,Male,3900,4,15,0
11151,27.0,4.8,72400.0,3.4,46.9,4,2023-10-21,Sales,Senior,Bachelor,Full-Time,Office,Female,2000,5,10,0
11152,21.0,2.4,74000.0,2.8,38.8,3,2015-07-28,Marketing,Lead,Diploma,Full-Time,Hybrid,Male,3000,2,20,0
11153,30.0,8.3,38700.0,3.1,21.4,6,2024-01-11,HR,Junior,Master,Full-Time,Hybrid,Male,4700,5,0,1
11154,24.0,0.0,71600.0,2.4,54.6,2,2019-01-21,Operations,Mid,High School,Full-Time,Hybrid,Female,9300,1,13,0
11155,48.0,29.0,47100.0,3.5,9.5,3,2017-06-25,Marketing,Mid,High School,Full-Time,Office,Female,6500,16,8,1
11156,43.0,20.3,24000.0,4.1,46.8,10,2015-10-11,Marketing,Mid,High School,Part-Time,Office,Male,3300,11,9,0
11157,29.0,8.6,87700.0,2.6,16.0,7,2024-09-27,Finance,Junior,High School,Full-Time,Remote,Male,12100,7,7,0
11158,53.0,29.6,40300.0,3.0,63.3,4,2023-09-18,Marketing,Mid,Bachelor,Full-Time,Hybrid,Female,1300,17,15,1
11159,43.0,19.1,39100.0,3.8,11.8,1,2015-12-16,Sales,Junior,Master,Full-Time,Office,Female,4100,12,5,0
11160,32.0,10.3,46800.0,4.2,52.3,3,2018-09-18,Finance,Senior,Diploma,Full-Time,Hybrid,Male,5200,5,20,1
11161,21.0,0.0,61300.0,2.4,33.8,7,2023-08-18,Operations,Mid,High School,Part-Time,Office,Male,3400,2,16,1
11162,53.0,32.4,53800.0,3.3,29.5,7,2024-06-19,Marketing,Mid,Bachelor,Full-Time,Office,Female,8000,19,9,1
11163,24.0,1.2,68500.0,3.6,37.8,3,2024-07-07,Finance,Mid,Diploma,Full-Time,Office,Female,3900,1,10,1
11164,22.0,0.0,32200.0,3.3,44.5,7,2020-07-05,Sales,Senior,Bachelor,Full-Time,Hybrid,Male,3100,1,16,1
11165,43.0,19.7,40900.0,1.7,21.4,2,2019-11-09,HR,Junior,Master,Part-Time,Hybrid,Male,5500,12,13,0
11166,55.0,35.0,52500.0,3.8,22.8,5,2018-09-13,IT,Mid,High School,Full-Time,Office,Female,3000,18,18,1
11167,46.0,23.1,117500.0,4.5,44.7,2,2018-08-10,Finance,Senior,Diploma,Part-Time,Remote,Female,11600,16,11,1
11168,40.0,17.3,52600.0,3.5,9.4,4,2019-02-26,Operations,Mid,Diploma,Full-Time,Hybrid,Female,6000,11,17,1
11169,40.0,21.0,84900.0,2.7,26.2,5,2015-07-03,IT,Mid,Bachelor,Full-Time,Hybrid,Female,8600,12,15,0
11170,42.0,17.9,55900.0,3.0,80.6,3,2020-07-23,HR,Junior,Bachelor,Full-Time,Office,Male,4100,10,15,0
11171,41.0,14.4,45300.0,4.6,20.5,4,2015-07-31,Operations,Senior,Master,Contract,Remote,Male,6500,11,11,1
11172,37.0,14.5,49800.0,4.0,52.2,5,2018-06-28,Sales,Junior,Diploma,Full-Time,Hybrid,Female,5000,9,14,1
11173,36.0,12.5,51400.0,3.8,26.2,2,2015-06-16,Operations,Mid,High School,Full-Time,Hybrid,Female,2500,8,10,0
11174,34.0,9.1,70000.0,3.6,42.6,5,2024-11-23,HR,Mid,High School,Full-Time,Remote,Male,8700,10,8,1
11175,29.0,6.5,95300.0,2.9,44.8,6,2020-02-15,IT,Mid,Diploma,Full-Time,Hybrid,Female,10000,4,13,1
11176,33.0,12.5,63500.0,3.3,51.9,2,2018-03-31,Sales,Mid,Diploma,Full-Time,Hybrid,Male,2200,8,15,1
11177,21.0,0.0,88400.0,3.3,32.0,5,2024-02-27,Operations,Mid,Master,Full-Time,Remote,Female,5000,1,12,0
11178,34.0,12.9,37400.0,3.8,64.8,5,2017-05-24,Marketing,Mid,High School,Full-Time,Office,Female,1500,7,5,1
11179,27.0,10.4,46600.0,4.5,26.2,7,2024-11-16,Marketing,Junior,High School,Full-Time,Office,Male,1400,9,11,1
11180,26.0,3.0,41200.0,4.2,38.5,8,2018-12-13,Finance,Mid,Bachelor,Full-Time,Remote,Male,2100,2,13,1
11181,36.0,14.8,62400.0,2.4,38.7,7,2019-07-12,Marketing,Junior,Bachelor,Part-Time,Hybrid,Male,3500,10,20,1
11182,46.0,22.5,47600.0,3.6,18.2,4,2016-02-11,Operations,Junior,High School,Contract,Office,Female,3800,13,16,1
11183,42.0,17.5,73600.0,3.9,30.7,7,2024-06-25,IT,Senior,Diploma,Full-Time,Office,Female,10700,13,18,1
11184,22.0,0.0,37900.0,3.8,37.4,6,2021-10-21,Marketing,Senior,Diploma,Full-Time,Office,Male,5400,2,0,1
11185,27.0,3.6,56000.0,3.0,28.5,7,2023-08-25,Finance,Junior,Bachelor,Full-Time,Office,Male,6600,3,21,1
11186,43.0,22.1,72400.0,5.0,71.6,5,2016-02-09,Sales,Junior,Diploma,Full-Time,Office,Female,7500,14,14,1
11187,27.0,12.0,24100.0,2.5,22.4,5,2015-10-02,Marketing,Junior,Master,Full-Time,Office,Male,3400,9,6,1
11188,33.0,8.9,128500.0,2.6,52.7,5,2018-12-09,Finance,Senior,Diploma,Full-Time,Hybrid,Female,4900,6,6,1
11189,39.0,15.8,49100.0,3.6,47.8,7,2022-02-22,Marketing,Senior,Diploma,Part-Time,Office,Male,3100,10,9,1
11190,27.0,4.8,24500.0,4.9,34.8,5,2024-04-21,Marketing,Mid,Diploma,Full-Time,Hybrid,Male,2300,2,8,1
11191,36.0,15.2,58600.0,2.8,22.0,2,2020-11-29,Operations,Senior,Bachelor,Full-Time,Hybrid,Female,7400,10,13,0
11192,24.0,2.8,55700.0,3.2,23.5,4,2017-03-02,IT,Lead,Diploma,Full-Time,Remote,Female,5600,5,9,1
11193,30.0,11.9,53200.0,4.2,27.2,7,2021-06-07,Finance,Lead,High School,Full-Time,Hybrid,Male,6700,8,13,0
11194,38.0,8.7,81800.0,3.4,8.2,7,2015-05-16,Finance,Lead,Bachelor,Full-Time,Office,Female,3300,4,11,0
11195,22.0,0.0,74200.0,3.2,19.9,6,2015-11-29,,Senior,Diploma,Full-Time,Office,Female,3300,4,17,1
11196,39.0,15.5,62000.0,3.8,12.8,3,2017-10-23,HR,Junior,Diploma,Full-Time,Hybrid,Female,7200,8,12,1
11197,35.0,16.3,65900.0,3.6,55.2,1,2023-11-08,Finance,Junior,Master,Contract,Office,Male,4300,10,4,0
11198,39.0,12.3,52800.0,4.1,44.3,4,2019-03-16,Operations,Senior,Diploma,Full-Time,Remote,Male,4000,9,7,1
11199,37.0,6.0,111900.0,4.3,46.8,9,2020-10-25,IT,Mid,Bachelor,Full-Time,Hybrid,Female,13800,5,15,1
11200,46.0,25.7,30400.0,3.6,43.8,5,2021-02-10,Marketing,Mid,Diploma,Part-Time,Hybrid,Female,900,15,19,1
11201,36.0,14.7,58200.0,3.6,37.5,4,2022-03-02,Sales,Junior,Bachelor,Full-Time,Hybrid,Male,2400,11,14,1
11202,32.0,6.7,56400.0,3.5,56.9,4,2024-09-21,Operations,Senior,High School,Full-Time,Office,Female,3300,4,22,1
11203,36.0,11.0,76100.0,3.7,25.8,7,2018-04-01,Marketing,Mid,Diploma,Full-Time,Office,Male,10300,8,2,1
11204,39.0,14.1,39200.0,3.4,36.6,4,2017-11-10,Sales,Junior,Bachelor,Full-Time,Office,Male,2800,7,13,1
11205,35.0,13.3,27400.0,3.4,46.2,6,2024-12-27,IT,Senior,High School,Full-Time,Remote,Male,1400,7,4,1
11206,35.0,11.1,58600.0,4.2,15.2,2,2019-05-21,HR,Lead,Bachelor,Full-Time,Hybrid,Male,6300,6,15,1
11207,29.0,8.5,61500.0,4.5,81.4,7,2017-08-10,Finance,Mid,Diploma,Full-Time,Hybrid,Male,1500,4,19,1
11208,30.0,0.0,99800.0,2.3,35.4,3,2024-03-23,IT,Mid,Bachelor,Full-Time,Remote,Female,12100,1,5,0
11209,24.0,0.0,33100.0,3.4,37.1,3,2021-06-04,Sales,Junior,Diploma,Contract,Hybrid,Female,3700,4,17,0
11210,49.0,23.6,87300.0,2.9,53.9,6,2024-03-07,Operations,Junior,Bachelor,Contract,Office,Female,2400,14,21,1
11211,25.0,2.2,141800.0,3.2,48.7,4,2020-06-09,Finance,Mid,High School,Full-Time,Hybrid,Male,12000,5,8,1
11212,29.0,5.4,47300.0,3.7,35.6,7,2016-04-16,Sales,Senior,Diploma,Full-Time,Office,Male,3400,5,21,1
11213,29.0,9.4,32800.0,3.9,37.0,6,2021-09-23,Marketing,Lead,High School,Full-Time,Hybrid,Female,1300,9,8,1
11214,42.0,14.4,46700.0,3.3,12.4,8,2024-06-25,Marketing,Mid,Diploma,Full-Time,Hybrid,Female,1900,11,13,1
11215,33.0,11.1,55300.0,2.1,26.7,3,2022-06-27,Operations,Mid,Bachelor,Full-Time,Office,Male,2300,6,25,0
11216,45.0,24.7,68900.0,,42.8,5,2015-06-14,Marketing,Senior,High School,Full-Time,Hybrid,Male,6700,13,10,1
11217,30.0,13.6,43400.0,4.0,41.7,6,2020-06-14,Finance,Junior,Diploma,Full-Time,Hybrid,Female,1800,10,11,1
11218,37.0,13.6,102500.0,1.5,53.3,3,2023-08-20,HR,Junior,High School,Full-Time,Office,Female,2800,7,12,1
11219,28.0,7.0,35200.0,4.2,33.2,4,2022-05-29,HR,Senior,Master,Full-Time,Remote,Male,5100,6,10,1
11220,52.0,24.6,27400.0,3.8,14.2,8,2019-10-06,Sales,Senior,High School,Full-Time,Remote,Male,700,12,21,1
11221,25.0,0.0,85600.0,4.3,50.9,4,2015-06-13,HR,Senior,Diploma,Full-Time,Hybrid,Male,9100,6,13,1
11222,37.0,17.5,22100.0,3.3,56.5,4,2015-04-14,HR,Mid,Bachelor,Full-Time,Remote,Male,3100,11,21,1
11223,40.0,18.0,50700.0,2.0,48.5,4,2023-10-07,Sales,Senior,Master,Full-Time,Remote,Male,1300,11,17,1
11224,38.0,19.5,191400.0,3.7,32.5,4,2016-08-18,Sales,Junior,Master,Contract,Remote,Female,27900,10,6,1
11225,34.0,7.9,54700.0,4.3,50.7,8,2015-04-30,Sales,Junior,Master,Full-Time,Office,Male,4700,6,17,1
11226,34.0,13.6,35100.0,4.0,86.4,7,2021-04-25,Finance,Senior,High School,Full-Time,Office,Female,4300,11,11,1
11227,35.0,18.6,53800.0,2.9,36.7,7,2018-02-01,Sales,Mid,Diploma,Full-Time,Hybrid,Male,5400,12,12,0
11228,34.0,13.3,53900.0,3.5,15.3,5,2015-12-30,Finance,Junior,High School,Full-Time,Remote,Male,5400,9,21,1
11229,43.0,21.8,58700.0,3.0,26.2,7,2019-04-19,Finance,Senior,Master,Full-Time,Remote,Male,7200,13,10,0
11230,53.0,31.0,71700.0,2.8,44.4,4,2016-01-04,Finance,Senior,Master,Contract,Hybrid,Male,2000,18,12,1
11231,31.0,4.3,36300.0,4.1,10.9,7,2017-08-15,Sales,Mid,Master,Full-Time,Hybrid,Male,2600,5,20,1
11232,24.0,6.1,108000.0,2.6,37.5,2,2024-04-20,HR,Mid,High School,Full-Time,Office,Male,15800,3,11,1
11233,34.0,10.2,60700.0,2.8,40.7,2,2019-11-03,Operations,Senior,Master,Full-Time,Office,Female,1600,6,14,1
11234,56.0,35.0,73600.0,2.6,58.0,5,2018-04-23,Operations,Senior,Bachelor,Full-Time,Hybrid,Male,4000,20,10,1
11235,29.0,2.3,42800.0,2.4,54.7,5,2021-09-07,HR,Senior,Diploma,Contract,Remote,Male,4600,2,11,1
11236,48.0,22.5,92000.0,3.5,48.0,8,2024-05-08,Sales,Mid,Master,Full-Time,Office,Male,3000,14,9,1
11237,48.0,30.3,49600.0,4.2,5.0,6,2022-01-21,HR,Junior,Diploma,Contract,Hybrid,Male,4500,16,5,1
11238,31.0,8.0,61500.0,3.3,48.8,5,2024-07-20,Sales,Mid,High School,Full-Time,Remote,Male,6900,5,9,1
11239,40.0,22.4,37900.0,2.3,45.6,8,2018-06-08,Finance,Mid,Master,Full-Time,Office,Male,4500,12,14,1
11240,48.0,25.8,36900.0,4.0,38.8,5,2015-05-15,Marketing,Junior,Bachelor,Full-Time,Remote,Male,3400,20,7,1
11241,32.0,4.5,72400.0,4.6,9.0,7,2020-09-23,IT,Junior,Master,Full-Time,Hybrid,Female,6200,5,11,1
11242,33.0,13.7,46100.0,2.9,23.3,4,2022-04-25,Operations,Junior,Bachelor,Full-Time,Hybrid,Female,5200,10,17,1
11243,30.0,6.2,39100.0,3.1,17.5,7,2019-02-24,Sales,Junior,Bachelor,Full-Time,Hybrid,Female,1500,5,12,1
11244,27.0,7.1,42500.0,3.8,5.0,6,2023-02-20,Finance,Mid,Diploma,Full-Time,Office,Female,4600,10,23,1
11245,30.0,8.1,72700.0,4.5,35.0,5,2016-08-17,Marketing,Mid,Diploma,Full-Time,Hybrid,Female,10100,10,15,1
11246,25.0,0.0,42800.0,3.0,23.0,3,2018-12-16,Finance,Mid,High School,Full-Time,Office,Female,4700,2,3,0
11247,35.0,13.5,52500.0,2.5,74.4,5,2024-12-01,IT,Mid,Bachelor,Full-Time,Office,Female,1400,7,7,0
11248,29.0,13.6,55300.0,3.8,32.5,5,2017-02-04,Operations,Mid,Bachelor,Part-Time,Hybrid,Female,4700,10,0,1
11249,37.0,16.5,25500.0,4.0,54.4,4,2020-04-28,HR,Junior,Diploma,Part-Time,Office,Male,2900,9,11,0
11250,23.0,0.8,30500.0,3.4,11.5,1,2023-10-22,HR,Mid,High School,Contract,Hybrid,Female,800,1,19,1
11251,38.0,19.2,62900.0,3.0,27.0,6,2018-09-02,Finance,Senior,Diploma,Full-Time,Hybrid,Female,7500,13,13,0
11252,42.0,20.6,41000.0,4.1,36.5,6,2019-05-06,IT,Senior,Diploma,Full-Time,Hybrid,Female,2300,12,8,1
11253,21.0,0.0,83900.0,3.8,21.4,7,2021-05-29,Finance,Mid,High School,Full-Time,Remote,Female,8100,1,20,0
11254,38.0,12.7,81000.0,2.9,28.7,8,2016-06-19,HR,Senior,Bachelor,Full-Time,Office,Male,11800,8,8,1
11255,45.0,23.7,73300.0,3.4,31.7,7,2016-09-25,Finance,Mid,Bachelor,Full-Time,Office,Female,10900,14,16,1
11256,25.0,6.1,113900.0,2.5,31.5,1,2021-11-18,Marketing,Mid,High School,Full-Time,Office,Male,11700,4,8,0
11257,48.0,23.5,53200.0,3.9,62.8,5,2020-09-27,IT,Lead,Bachelor,Full-Time,Hybrid,Female,4500,14,14,1
11258,38.0,20.3,71300.0,3.2,40.7,4,2016-10-22,HR,Mid,High School,Part-Time,Remote,Female,3100,10,10,1
11259,29.0,6.7,43500.0,3.1,42.2,8,2016-04-03,Operations,Mid,High School,Full-Time,Office,Male,2000,4,6,1
11260,35.0,10.3,146700.0,3.4,43.1,3,2022-07-07,Operations,Senior,Diploma,Full-Time,Hybrid,Male,11100,11,4,1
11261,39.0,20.0,121600.0,3.4,44.2,1,2022-09-10,Finance,Lead,Bachelor,Full-Time,Office,Male,13500,10,14,1
11262,36.0,13.1,55300.0,4.0,33.8,2,2021-10-08,IT,Lead,Bachelor,Contract,Hybrid,Female,6600,9,16,1
11263,39.0,19.3,64200.0,3.8,30.2,3,2019-08-08,Finance,Lead,High School,Full-Time,Office,Male,3100,11,15,1
11264,28.0,5.1,94700.0,3.3,37.5,7,2017-01-24,HR,Junior,Diploma,Contract,Office,Male,8500,5,12,1
11265,36.0,13.8,51900.0,3.9,52.4,4,2023-01-03,IT,Mid,Diploma,Contract,Office,Male,5000,11,4,1
11266,24.0,3.5,,3.7,51.9,7,2020-03-08,HR,Mid,Bachelor,Part-Time,Office,Male,5800,4,13,1
11267,34.0,12.9,78000.0,3.1,31.4,11,2022-06-01,Marketing,Mid,Master,Part-Time,Remote,Male,10400,9,13,1
11268,28.0,0.0,56800.0,3.3,46.5,3,2020-10-16,Marketing,Junior,High School,Contract,Office,Male,7200,4,22,1
11269,29.0,3.6,59200.0,3.3,32.1,7,2016-05-23,Operations,Senior,Bachelor,Full-Time,Office,Male,5200,3,10,1
11270,45.0,25.8,39400.0,3.8,35.5,5,2017-01-05,Sales,Senior,Bachelor,Full-Time,Remote,Female,1100,18,10,1
11271,44.0,21.6,27700.0,3.1,27.9,9,2021-03-07,IT,Mid,Master,Part-Time,Hybrid,Male,1800,12,13,1
11272,40.0,16.4,60400.0,3.1,32.3,5,2022-07-14,Marketing,Mid,Master,Full-Time,Office,Female,6100,11,12,1
11273,26.0,0.0,79000.0,4.8,55.1,7,2018-08-16,Sales,Mid,Diploma,Full-Time,Hybrid,Male,8100,4,12,1
11274,32.0,6.8,50200.0,4.1,36.4,4,2020-12-11,Operations,Senior,Diploma,Full-Time,Hybrid,Female,6500,3,6,1
11275,45.0,16.9,97700.0,2.9,37.0,3,2022-10-14,IT,Mid,Diploma,Full-Time,Remote,Male,6800,11,14,1
11276,36.0,13.7,41500.0,3.8,13.3,5,2015-10-19,HR,Mid,Diploma,Full-Time,Office,Male,5900,11,11,1
11277,54.0,30.2,36100.0,3.5,30.4,4,2016-02-25,Finance,Junior,High School,Full-Time,Remote,Female,1500,17,5,1
11278,38.0,13.1,53500.0,3.7,31.4,8,2020-04-02,Finance,Mid,Master,Full-Time,Office,Female,1400,8,9,1
11279,37.0,14.8,53200.0,3.5,22.6,4,2017-03-22,HR,Junior,Bachelor,Full-Time,Hybrid,Female,2300,12,6,1
11280,33.0,12.1,74800.0,4.2,35.3,3,2020-09-28,Marketing,Junior,Diploma,Contract,Hybrid,Male,6000,7,12,1
11281,36.0,20.3,40300.0,3.6,28.6,5,2020-07-02,Finance,Senior,Bachelor,Full-Time,Hybrid,Female,5100,11,19,1
11282,34.0,7.5,95100.0,3.4,36.2,2,2015-07-02,HR,Junior,High School,Full-Time,Office,Male,3800,8,8,1
11283,41.0,22.5,120800.0,4.1,36.8,6,2015-09-04,Sales,Lead,Diploma,Full-Time,Remote,Male,11000,13,12,1
11284,43.0,23.9,54100.0,3.6,20.7,6,2023-08-26,Sales,Mid,High School,Contract,Hybrid,Male,6500,12,12,1
11285,29.0,4.7,90700.0,3.5,29.0,3,2016-10-11,HR,Mid,Diploma,Full-Time,Office,Male,2200,2,19,1
11286,24.0,2.6,36000.0,3.6,36.2,4,2022-02-10,IT,Junior,Bachelor,Full-Time,Hybrid,Male,900,2,12,1
11287,21.0,0.0,84600.0,3.3,52.8,5,2016-07-14,Marketing,Junior,High School,Full-Time,Office,Male,7100,1,6,0
11288,39.0,17.6,83600.0,3.4,38.9,7,2020-10-20,,Mid,Diploma,Full-Time,Office,Male,3700,11,25,1
11289,26.0,8.5,77700.0,3.0,25.1,6,2017-02-08,HR,Lead,Bachelor,Full-Time,Office,Female,6100,11,17,1
11290,21.0,0.8,54700.0,2.9,41.0,3,2016-07-09,Finance,Junior,Bachelor,Part-Time,Hybrid,Male,1400,1,0,1
11291,38.0,17.5,18000.0,2.7,60.6,6,2024-03-16,Operations,Mid,Bachelor,Full-Time,Office,Male,2600,12,13,0
11292,55.0,31.7,42500.0,2.4,48.8,3,2016-05-18,Marketing,Junior,Diploma,Full-Time,Remote,Male,4500,17,17,0
11293,35.0,8.5,42800.0,2.8,43.2,6,2016-09-19,Marketing,Senior,Bachelor,Full-Time,Hybrid,Female,4700,5,12,1
11294,42.0,19.4,37200.0,3.3,45.9,2,2022-06-01,Sales,Senior,Bachelor,Full-Time,Remote,Female,3200,13,14,1
11295,36.0,17.6,57800.0,3.5,56.6,3,2024-04-07,Sales,Junior,Diploma,Full-Time,Remote,Female,7400,14,12,1
11296,34.0,7.4,46500.0,3.2,51.1,4,2024-03-13,Sales,Mid,High School,Full-Time,Office,Male,6000,5,10,1
11297,42.0,16.8,39500.0,1.8,43.5,11,2019-10-20,Operations,Lead,Bachelor,Full-Time,Office,Male,1600,11,6,1
11298,33.0,11.4,36000.0,4.5,51.0,5,2021-12-30,Marketing,Mid,Diploma,Full-Time,Office,Female,4300,9,10,0
11299,37.0,12.0,41300.0,4.2,18.8,4,2017-12-30,Marketing,Junior,High School,Full-Time,Remote,Male,3900,7,0,1
11300,38.0,13.6,86100.0,3.7,12.5,3,2015-06-10,Operations,Junior,Bachelor,Full-Time,Hybrid,Female,10300,12,21,1
11301,30.0,6.7,42200.0,4.7,37.4,2,2019-12-14,Marketing,Lead,Diploma,Full-Time,Office,Female,5900,5,12,1
11302,43.0,16.9,44800.0,2.7,36.0,7,2020-12-14,Finance,Mid,Master,Full-Time,Remote,Male,2800,9,6,1
11303,34.0,9.1,45800.0,4.7,26.8,4,2024-08-28,Finance,Mid,Diploma,Full-Time,Hybrid,Female,4300,7,12,1
11304,29.0,9.1,63000.0,2.7,47.4,1,2019-09-02,Finance,Junior,Bachelor,Contract,Hybrid,Male,7700,6,18,1
11305,39.0,13.1,66000.0,3.6,7.1,1,2019-04-02,IT,Lead,High School,Full-Time,Office,Female,9800,8,15,1
11306,28.0,1.2,18000.0,2.5,27.0,6,2018-08-20,Marketing,Mid,High School,Full-Time,Office,Male,1800,2,7,1
11307,35.0,11.1,82800.0,3.4,27.7,5,2021-12-12,Operations,Junior,High School,Contract,Hybrid,Female,9400,6,10,1
11308,35.0,15.2,97700.0,3.7,10.5,5,2021-04-05,Marketing,Junior,Bachelor,Full-Time,Hybrid,Female,12700,11,16,1
11309,44.0,21.4,36100.0,3.3,57.4,9,2021-02-01,Operations,Lead,Bachelor,Full-Time,Hybrid,Male,4200,12,8,1
11310,39.0,15.6,37300.0,3.9,14.6,1,2021-03-07,HR,Senior,High School,Full-Time,Remote,Female,5300,11,14,0
11311,35.0,13.1,45900.0,3.5,26.2,2,2020-07-12,HR,Junior,High School,Full-Time,Office,Female,2300,13,9,0
11312,42.0,14.8,40600.0,3.0,48.6,5,2024-12-19,IT,Mid,High School,Full-Time,Office,Female,5600,8,12,1
11313,46.0,25.5,60200.0,3.0,44.7,4,2021-08-03,HR,Mid,High School,Part-Time,Hybrid,Male,2800,14,18,1
11314,39.0,18.2,25200.0,,18.4,5,2018-04-27,Finance,Senior,Diploma,Full-Time,Hybrid,Female,2400,11,9,1
11315,35.0,11.8,35200.0,2.9,45.2,8,2024-10-20,IT,Junior,Bachelor,Full-Time,Hybrid,Male,3100,7,4,0
11316,25.0,6.0,101800.0,4.0,39.3,7,2024-12-06,IT,Mid,Master,Full-Time,Remote,Female,13000,9,23,0
11317,26.0,0.6,37900.0,4.3,70.0,5,2020-06-18,IT,Junior,High School,Full-Time,Hybrid,Female,2700,1,10,1
11318,33.0,14.4,90400.0,2.2,41.1,6,2016-09-25,Sales,Junior,Diploma,Contract,Hybrid,Female,3500,7,14,1
11319,30.0,8.5,63400.0,4.2,32.9,4,2020-06-29,HR,Junior,Master,Full-Time,Office,Male,7100,6,23,1
11320,34.0,11.0,26700.0,4.8,22.2,4,2017-11-22,Marketing,Junior,Master,Contract,Office,Female,2600,6,15,1
11321,35.0,12.9,70900.0,3.6,23.8,5,2016-05-15,Sales,Junior,High School,Full-Time,Remote,Male,9000,11,12,1
11322,39.0,16.7,52500.0,3.8,22.6,5,2021-06-17,Operations,Senior,High School,Full-Time,Hybrid,Female,6200,11,12,1
11323,34.0,15.7,45800.0,4.1,55.6,3,2019-04-13,Finance,Senior,Diploma,Full-Time,Remote,Male,6200,9,22,1
11324,39.0,13.8,60700.0,3.2,35.3,6,2018-03-20,Sales,Junior,High School,Contract,Hybrid,Female,7800,8,16,1
11325,36.0,11.7,66500.0,3.5,43.5,8,2019-05-18,Finance,Senior,Master,Full-Time,Office,Female,7300,8,10,1
11326,21.0,2.1,73000.0,2.5,57.7,3,2024-10-30,Marketing,Senior,High School,Contract,Office,Female,5900,2,17,0
11327,27.0,3.2,88100.0,3.5,5.0,6,2020-11-28,Marketing,Junior,Diploma,Full-Time,Office,Female,2000,5,9,1
11328,34.0,14.7,64800.0,3.7,54.2,3,2020-06-07,HR,Junior,Diploma,Full-Time,Hybrid,Male,3900,10,13,1
11329,25.0,8.1,31700.0,3.8,35.8,8,2023-10-09,Operations,Mid,Diploma,Full-Time,Office,Female,3600,5,16,1
11330,40.0,16.8,45500.0,4.1,41.5,3,2016-06-03,Sales,Mid,Diploma,Full-Time,Office,Male,1300,10,8,1
11331,47.0,27.0,178500.0,2.9,22.6,11,2020-04-01,Marketing,Senior,Diploma,Full-Time,Office,Male,21100,18,10,1
11332,45.0,19.5,73500.0,3.0,23.7,8,2018-08-21,Finance,Mid,High School,Full-Time,Hybrid,Male,6400,15,9,0
11333,33.0,13.3,141900.0,4.7,42.3,10,2023-06-28,Marketing,Junior,Bachelor,Full-Time,Remote,Female,18800,9,6,1
11334,47.0,25.6,96100.0,,70.8,7,2022-12-07,HR,Senior,Diploma,Full-Time,Office,Male,10200,16,12,1
11335,36.0,15.4,60600.0,3.5,50.0,9,2020-01-21,Finance,Junior,Bachelor,Full-Time,Office,Male,7500,12,12,1
11336,32.0,8.1,62000.0,3.4,54.0,7,2017-07-21,IT,Mid,High School,Full-Time,Hybrid,Male,2600,6,13,1
11337,30.0,3.0,54200.0,2.8,32.1,8,2024-05-15,Operations,Senior,Diploma,Full-Time,Hybrid,Male,2300,6,14,1
11338,33.0,12.5,27400.0,4.5,26.0,8,2019-03-22,HR,Senior,Bachelor,Full-Time,Hybrid,Male,1300,7,9,1
11339,32.0,3.8,55400.0,3.0,23.3,4,2024-10-03,HR,Mid,Bachelor,Full-Time,Office,Female,3500,6,16,0
11340,36.0,13.0,89300.0,2.6,27.7,5,2016-02-12,IT,Junior,Master,Full-Time,Remote,Female,12300,10,13,1
11341,36.0,16.8,43300.0,3.1,5.0,6,2019-03-12,Operations,Senior,Bachelor,Full-Time,Remote,Female,5200,8,5,0
11342,35.0,13.6,64900.0,2.0,24.1,5,2016-09-15,Marketing,Senior,Master,Full-Time,Hybrid,Female,4400,8,14,1
11343,38.0,21.8,77300.0,2.9,26.6,2,2023-09-12,HR,Lead,Master,Full-Time,Hybrid,Female,10800,13,9,1
11344,45.0,26.1,38200.0,2.7,32.4,5,2022-07-29,IT,Mid,Bachelor,Part-Time,Office,Male,4600,15,0,1
11345,43.0,19.0,45900.0,3.8,37.0,3,2016-07-05,Operations,Junior,Master,Contract,Office,Female,4800,12,21,0
11346,23.0,1.1,36600.0,2.9,40.4,7,2022-09-28,IT,Lead,Bachelor,Contract,Office,Female,2800,1,3,1
11347,21.0,0.0,39600.0,4.0,34.8,1,2015-11-16,Operations,Mid,,Full-Time,Office,Male,4100,2,7,0
11348,42.0,15.3,32900.0,4.4,26.3,1,2017-12-05,HR,Junior,Diploma,Full-Time,Remote,Female,3200,10,11,1
11349,24.0,0.0,38400.0,3.9,5.5,3,2024-01-26,Sales,Mid,Diploma,Full-Time,Remote,Female,4700,2,13,1
11350,33.0,9.3,97000.0,3.2,26.4,2,2024-02-24,HR,Junior,Diploma,Full-Time,Remote,Male,4800,6,13,1
11351,26.0,0.0,38100.0,3.5,20.4,5,2016-10-28,Operations,Mid,Bachelor,Full-Time,Hybrid,Female,5100,2,10,0
11352,21.0,0.0,57900.0,2.3,42.0,1,2016-09-19,Sales,Mid,Bachelor,Full-Time,Hybrid,Female,5600,1,4,1
11353,39.0,16.3,45000.0,3.3,48.6,4,2023-07-06,Marketing,Lead,High School,Full-Time,Hybrid,Female,5600,11,14,1
11354,41.0,14.0,88100.0,2.8,49.1,4,2023-12-21,IT,Mid,Bachelor,Contract,Remote,Female,5700,9,7,0
11355,30.0,9.2,92900.0,3.9,46.4,3,2019-11-20,Finance,Mid,High School,Contract,Hybrid,Male,6600,6,15,1
11356,21.0,1.1,77700.0,5.0,33.0,2,2019-02-18,HR,Mid,High School,Full-Time,Office,Female,11000,4,15,0
11357,31.0,9.7,62200.0,3.7,27.2,5,2018-02-07,Finance,Mid,Diploma,Full-Time,Hybrid,Female,6300,9,12,1
11358,38.0,15.0,50100.0,2.0,23.8,5,2019-02-18,Marketing,Senior,Bachelor,Full-Time,Office,Female,3100,8,7,1
11359,23.0,2.8,34100.0,3.1,12.4,3,2024-04-12,HR,Junior,Bachelor,Full-Time,Hybrid,Male,1000,5,10,1
11360,36.0,16.0,119700.0,3.5,49.9,2,2020-02-02,Finance,Mid,High School,Full-Time,Hybrid,Female,9200,12,21,1
11361,35.0,13.9,40600.0,3.5,32.4,6,2019-06-04,Marketing,Mid,High School,Contract,Hybrid,Female,5300,10,11,0
11362,40.0,15.5,71700.0,2.9,16.3,2,2020-10-24,Sales,Mid,Bachelor,Part-Time,Office,Female,3800,9,4,0
11363,36.0,14.8,84000.0,3.6,22.6,7,2016-09-01,Marketing,Mid,High School,Full-Time,Office,Female,11100,9,15,1
11364,27.0,8.6,44000.0,2.5,22.0,5,2019-03-02,HR,Junior,Bachelor,Part-Time,Office,Male,1800,6,8,0
11365,45.0,21.2,83300.0,2.7,35.6,10,2016-04-23,Operations,Mid,Bachelor,Full-Time,Office,Male,3100,11,18,1
11366,34.0,18.3,74700.0,3.9,51.0,2,2024-06-22,Operations,Senior,Master,Full-Time,Office,Male,7400,9,0,1
11367,35.0,11.4,109800.0,2.7,29.8,6,2016-08-10,Operations,Junior,High School,Full-Time,Remote,Male,13700,7,13,0
11368,28.0,6.1,45600.0,3.8,5.0,6,2016-08-15,HR,Junior,Diploma,Part-Time,Remote,Male,5500,4,22,1
11369,31.0,7.0,32900.0,2.4,32.2,6,2021-08-08,HR,Junior,Bachelor,Full-Time,Office,Male,3000,4,16,0
11370,28.0,6.7,44900.0,4.6,32.7,4,2015-11-05,Marketing,Mid,High School,Part-Time,Office,Female,4600,5,15,1
11371,34.0,6.8,59800.0,2.9,31.6,6,2023-08-01,HR,Mid,High School,Contract,Hybrid,Female,3200,4,8,1
11372,49.0,25.4,56300.0,3.2,25.6,6,2015-09-24,Marketing,Senior,High School,Full-Time,Remote,Female,5200,14,7,1
11373,24.0,0.0,47000.0,3.6,38.3,2,2020-09-11,Operations,Junior,Bachelor,Full-Time,Hybrid,Female,2200,1,10,0
11374,22.0,0.4,25600.0,3.0,36.0,3,2020-01-07,IT,Mid,Bachelor,Contract,Hybrid,Male,3600,4,15,0
11375,47.0,28.0,66400.0,3.5,34.6,3,2020-09-18,IT,Mid,Bachelor,Full-Time,Office,Female,7200,15,11,0
11376,33.0,12.9,121100.0,3.8,41.2,6,2016-11-16,IT,Mid,High School,Full-Time,Hybrid,Male,11300,6,4,1
11377,30.0,0.9,66200.0,4.1,28.6,2,2021-04-26,Finance,Mid,Diploma,Full-Time,Hybrid,Male,3500,1,15,1
11378,43.0,27.1,70200.0,4.0,27.7,5,2022-08-15,IT,Mid,Master,Full-Time,Office,Female,5100,19,12,1
11379,30.0,8.9,69200.0,,55.7,3,2021-05-03,IT,Junior,Diploma,Part-Time,Hybrid,Male,8400,6,14,1
11380,50.0,25.7,64500.0,3.3,43.4,8,2020-06-23,Marketing,Senior,Bachelor,Full-Time,Office,Female,3300,14,10,1
11381,40.0,18.5,79800.0,5.0,47.4,3,2016-10-28,Marketing,Junior,Bachelor,Full-Time,Remote,Male,2900,10,12,1
11382,31.0,9.5,64400.0,4.1,53.4,7,2019-08-12,Operations,Mid,Bachelor,Contract,Hybrid,Male,3900,7,15,1
11383,52.0,28.0,48500.0,2.8,42.9,2,2024-01-10,HR,Junior,Diploma,Full-Time,Hybrid,Male,6000,16,10,1
11384,30.0,8.6,40000.0,3.5,48.9,4,2018-11-07,HR,Senior,Diploma,Contract,Office,Female,5400,7,7,0
11385,41.0,17.2,49800.0,3.2,11.3,3,2019-03-02,HR,Mid,Bachelor,Contract,Office,Female,3700,10,5,1
11386,37.0,13.8,62400.0,3.3,38.1,6,2022-05-10,Operations,Junior,Master,Full-Time,Remote,Female,7600,8,12,1
11387,45.0,20.9,48500.0,2.5,32.3,5,2023-06-04,Marketing,Junior,Master,Full-Time,Office,Male,3100,12,13,1
11388,47.0,20.7,62400.0,3.1,60.2,2,2017-10-17,Marketing,Junior,High School,Full-Time,Hybrid,Male,5400,10,16,1
11389,35.0,13.4,65600.0,4.7,48.9,12,2016-03-21,IT,Senior,Diploma,Full-Time,Hybrid,Male,1500,9,16,1
11390,29.0,8.8,76800.0,3.8,25.5,1,2015-10-15,Sales,Senior,,Part-Time,Remote,Male,8600,6,12,1
11391,39.0,18.5,91900.0,1.7,40.6,4,2017-12-17,Marketing,Lead,Bachelor,Full-Time,Office,Female,10400,11,13,1
11392,30.0,10.5,56700.0,4.3,37.5,6,2023-08-10,Operations,Junior,Diploma,Full-Time,Hybrid,Female,1900,7,21,1
11393,51.0,30.0,32600.0,4.2,41.8,4,2019-08-18,Sales,Junior,High School,Full-Time,Hybrid,Female,2200,18,15,1
11394,36.0,12.4,47900.0,3.1,19.7,7,2017-03-04,Marketing,Junior,High School,Full-Time,Office,Male,4000,8,13,1
11395,32.0,12.5,56000.0,3.9,40.4,5,2019-04-14,Operations,Junior,Diploma,Full-Time,Remote,Female,6800,7,7,0
11396,36.0,9.9,26400.0,2.8,31.6,4,2023-08-20,Marketing,Senior,Bachelor,Full-Time,Remote,Male,3400,8,10,1
11397,24.0,0.0,95900.0,3.1,39.2,7,2017-02-13,Finance,Lead,Master,Full-Time,Office,Male,10900,1,4,0
11398,27.0,2.1,58200.0,4.4,24.1,7,2015-10-04,Sales,Junior,Diploma,Part-Time,Hybrid,Male,2800,2,13,1
11399,45.0,26.2,64100.0,3.2,26.2,2,2020-06-22,Finance,Mid,Bachelor,Full-Time,Office,Female,4300,16,8,1
11400,30.0,10.8,95000.0,2.1,52.6,5,2017-08-20,IT,Mid,Diploma,Full-Time,Hybrid,Male,5000,8,7,1
11401,27.0,6.5,42700.0,3.4,19.2,3,2019-03-26,Finance,Senior,High School,Full-Time,Hybrid,Male,4400,4,14,1
11402,39.0,20.2,69200.0,3.3,20.3,4,2024-12-24,Finance,Mid,Diploma,Full-Time,Hybrid,Female,7200,11,17,0
11403,44.0,19.4,52600.0,4.2,34.2,5,2017-01-05,Operations,Lead,Bachelor,Full-Time,Office,Male,1200,12,9,1
11404,41.0,20.0,51100.0,3.4,23.4,7,2023-10-13,IT,Mid,Bachelor,Full-Time,Hybrid,Male,5900,11,10,1
11405,43.0,20.6,40400.0,3.1,21.7,6,2022-08-15,Sales,Senior,High School,Part-Time,Office,Female,2000,13,10,1
11406,29.0,9.5,107100.0,4.1,36.6,3,2015-04-24,HR,Junior,Bachelor,Full-Time,Hybrid,Male,13300,8,19,1
11407,24.0,1.7,47300.0,3.5,12.4,6,2017-02-10,Marketing,Lead,Bachelor,Full-Time,Office,Male,6100,4,6,1
11408,47.0,23.8,72800.0,2.9,19.9,3,2021-01-13,Operations,Mid,High School,Full-Time,Hybrid,Female,9000,15,0,0
11409,32.0,11.6,26000.0,4.2,65.8,4,2018-11-20,Sales,Mid,Bachelor,Full-Time,Remote,Male,1900,8,14,1
11410,33.0,13.6,88200.0,3.5,41.9,5,2017-10-09,IT,Mid,Bachelor,Full-Time,Office,Male,5800,11,0,0
11411,46.0,22.0,83800.0,3.4,23.8,4,2024-01-14,Finance,Junior,Diploma,Full-Time,Hybrid,Female,6400,14,7,1
11412,39.0,16.8,57200.0,3.5,41.3,5,2021-04-21,HR,Junior,Diploma,Full-Time,Hybrid,Male,5100,9,22,1
11413,39.0,13.8,50200.0,2.7,43.5,4,2023-11-25,Finance,Junior,Diploma,Full-Time,Hybrid,Male,2600,9,12,0
11414,52.0,22.5,64500.0,3.0,49.9,9,2018-06-06,Marketing,Lead,Diploma,Full-Time,Hybrid,Male,9100,11,14,1
11415,30.0,8.6,137400.0,3.4,33.1,6,2024-05-31,IT,Senior,Master,Full-Time,Office,Male,11800,4,16,0
11416,42.0,21.8,27200.0,3.3,49.6,1,2023-06-30,HR,Senior,Diploma,Full-Time,Office,Female,800,11,5,1
11417,35.0,13.8,75200.0,4.3,5.0,5,2015-04-18,Sales,Senior,Diploma,Full-Time,Remote,Female,11300,11,13,1
11418,37.0,9.2,38200.0,3.6,19.2,7,2015-10-09,Sales,Mid,Diploma,Part-Time,Remote,Female,3200,6,3,0
11419,47.0,23.9,54600.0,4.0,37.5,2,2022-04-22,IT,Junior,High School,Full-Time,Hybrid,Female,7800,14,8,1
11420,39.0,10.3,49800.0,3.4,39.9,4,2021-09-03,IT,Junior,Diploma,Full-Time,Office,Female,3500,6,12,0
11421,39.0,21.1,46300.0,4.1,21.3,4,2024-11-21,Operations,Lead,Master,Contract,Hybrid,Male,2300,14,7,1
11422,44.0,18.7,54800.0,3.7,38.9,2,2022-01-20,Finance,Junior,Master,Full-Time,Hybrid,Male,6300,10,11,0
11423,32.0,13.8,34900.0,3.4,25.6,4,2018-11-28,HR,Senior,Master,Full-Time,Office,Male,2700,10,16,1
11424,28.0,8.8,83000.0,3.4,30.8,6,2023-11-16,Marketing,Mid,Bachelor,Full-Time,Remote,Male,11200,11,8,1
11425,27.0,2.3,26800.0,2.7,50.4,3,2017-05-27,IT,Mid,High School,Full-Time,Office,Female,2200,1,15,1
11426,21.0,0.0,68300.0,3.8,48.6,4,2018-04-13,HR,Lead,Diploma,Full-Time,Hybrid,Male,4400,6,7,0
11427,51.0,30.1,48300.0,3.4,20.0,2,2023-08-12,Operations,Junior,Diploma,Full-Time,Hybrid,Female,7000,16,18,0
11428,26.0,1.5,34400.0,3.0,19.1,6,2016-03-29,IT,Senior,Bachelor,Full-Time,Hybrid,Male,4400,1,16,0
11429,33.0,11.3,59600.0,4.2,28.8,3,2016-05-23,IT,Senior,High School,Full-Time,Office,Female,2800,9,15,1
11430,33.0,9.6,29500.0,2.5,34.6,4,2018-06-17,Sales,Lead,Bachelor,Full-Time,Office,Male,2500,5,16,1
11431,37.0,9.7,55900.0,3.1,25.1,4,2020-11-13,HR,Lead,Master,Contract,Hybrid,Female,1900,6,22,0
11432,42.0,13.3,31100.0,4.1,50.6,4,2024-10-25,Sales,Junior,Bachelor,Full-Time,Office,Female,1100,8,13,1
11433,42.0,20.7,66100.0,3.6,40.2,4,2021-02-27,Operations,Mid,High School,Part-Time,Remote,Female,8700,11,7,1
11434,30.0,6.3,38000.0,3.4,41.1,6,2023-07-06,Sales,Senior,Bachelor,Full-Time,Remote,Male,5400,5,15,1
11435,34.0,10.3,45900.0,3.6,16.0,4,2015-04-01,Operations,Junior,High School,Contract,Hybrid,Male,5300,6,13,0
11436,37.0,17.1,61900.0,3.5,52.5,7,2015-08-21,HR,Mid,Bachelor,Part-Time,Office,Female,9200,12,13,1
11437,33.0,14.5,40400.0,2.3,5.0,4,2016-10-20,Operations,Mid,High School,Full-Time,Hybrid,Female,1000,7,14,0
11438,48.0,25.2,53700.0,3.2,47.5,3,2023-05-17,Operations,Mid,Diploma,Full-Time,Hybrid,Male,3400,15,4,0
11439,39.0,16.0,30000.0,4.5,49.0,2,2022-10-27,Sales,Mid,Master,Full-Time,Remote,Female,1100,10,7,0
11440,41.0,20.5,70800.0,2.9,28.5,4,2017-06-30,Finance,Senior,High School,Full-Time,Office,Male,8600,14,5,1
11441,40.0,13.9,111400.0,3.2,54.1,3,2021-04-19,Marketing,Senior,Bachelor,Contract,Hybrid,Female,15100,7,23,1
11442,44.0,22.7,168000.0,3.0,34.1,1,2024-06-04,Marketing,Senior,Bachelor,Full-Time,Office,Male,13100,13,22,1
11443,36.0,15.7,57000.0,3.3,35.9,4,2022-08-03,Finance,Lead,Master,Full-Time,Hybrid,Female,7300,9,24,1
11444,25.0,5.0,75400.0,3.0,40.1,5,2019-01-07,IT,Mid,Diploma,Full-Time,Hybrid,Female,9800,4,21,0
11445,38.0,10.2,27000.0,3.7,82.8,5,2016-03-16,Sales,Junior,Diploma,Full-Time,Hybrid,Female,1000,6,12,1
11446,30.0,5.7,100300.0,3.5,55.2,4,2017-09-22,Marketing,Mid,Diploma,Full-Time,Office,Female,6900,3,6,1
11447,31.0,6.4,75000.0,3.9,45.5,3,2020-10-12,HR,Lead,High School,Full-Time,Office,Male,3300,8,12,1
11448,40.0,18.3,45300.0,2.7,21.3,3,2015-01-05,Operations,Junior,Master,Full-Time,Hybrid,Male,4900,13,21,1
11449,45.0,24.4,90200.0,3.2,37.2,6,2020-10-20,Operations,Mid,High School,Part-Time,Remote,Male,6300,13,14,1
11450,35.0,17.5,49700.0,3.2,22.8,1,2024-06-30,IT,Mid,High School,Full-Time,Hybrid,Male,5300,12,12,1
11451,37.0,13.5,45800.0,3.7,47.3,5,2016-09-08,Marketing,Lead,High School,Part-Time,Hybrid,Female,6100,11,13,1
11452,49.0,25.5,66500.0,,37.1,4,2021-07-05,Sales,Lead,High School,Full-Time,Hybrid,Male,4900,14,12,1
11453,37.0,18.4,35900.0,4.0,18.1,6,2024-11-28,Marketing,Senior,Bachelor,Full-Time,Hybrid,Male,5300,10,12,1
11454,56.0,34.9,82800.0,4.2,36.2,6,2018-03-16,Sales,Junior,Bachelor,Full-Time,Office,Male,6100,17,10,1
11455,40.0,21.8,36100.0,2.7,22.3,8,2024-07-18,IT,Junior,Bachelor,Contract,Office,Female,1700,16,19,1
11456,21.0,0.0,36100.0,3.1,37.3,4,2021-07-24,Operations,Junior,High School,Full-Time,Hybrid,Male,3200,3,7,1
11457,41.0,15.5,38200.0,3.0,22.1,1,2015-12-31,Finance,Mid,Diploma,Full-Time,Office,Male,2700,12,13,1
11458,38.0,12.0,74500.0,5.0,35.4,7,2022-10-09,Operations,Junior,Bachelor,Full-Time,Hybrid,Male,2700,6,10,1
11459,45.0,18.3,43000.0,,46.3,9,2021-09-29,Sales,Mid,Master,Full-Time,Hybrid,Male,1000,11,6,1
11460,40.0,20.0,32100.0,4.6,34.2,2,2016-09-16,Sales,Junior,Bachelor,Full-Time,Office,Female,3700,12,9,1
11461,34.0,15.6,43200.0,2.5,29.1,5,2016-05-21,IT,Senior,High School,Full-Time,Office,Male,6100,10,7,1
11462,25.0,8.5,54300.0,2.7,38.0,6,2016-06-06,IT,Senior,High School,Full-Time,Remote,Female,4200,6,6,1
11463,33.0,13.5,34300.0,2.9,45.5,2,2016-12-06,HR,Mid,High School,Full-Time,Remote,Male,1000,9,14,0
11464,28.0,9.5,34700.0,2.8,18.4,10,2019-10-26,Operations,Lead,Bachelor,Full-Time,Hybrid,Female,4000,9,19,1
11465,30.0,6.3,128000.0,3.2,38.9,5,2015-09-07,Operations,Junior,Diploma,Full-Time,Hybrid,Female,17000,6,7,1
11466,40.0,14.5,39000.0,2.9,54.8,2,2017-06-19,IT,Junior,High School,Full-Time,Office,Male,2400,9,9,1
11467,48.0,28.6,48300.0,2.8,43.6,5,2015-09-06,Marketing,Junior,Master,Full-Time,Office,Male,2400,20,11,1
11468,38.0,17.3,47500.0,4.2,35.9,7,2018-10-06,Sales,Lead,High School,Full-Time,Hybrid,Male,3000,12,13,1
11469,25.0,3.3,46500.0,4.3,44.6,5,2018-07-16,Finance,Mid,Diploma,Full-Time,Remote,Female,6400,5,13,1
11470,39.0,18.2,70500.0,4.1,41.8,5,2022-12-11,IT,Lead,Diploma,Full-Time,Hybrid,Female,5200,11,15,1
11471,45.0,24.0,80400.0,3.8,46.3,3,2021-10-31,Sales,Junior,Diploma,Full-Time,Office,Male,8400,13,6,1
11472,30.0,11.9,48700.0,3.5,5.0,7,2020-01-01,Finance,Senior,High School,Full-Time,Hybrid,Female,1400,7,4,1
11473,34.0,15.9,33500.0,3.1,11.7,2,2020-10-31,HR,Mid,,Part-Time,Hybrid,Male,1900,10,7,1
11474,35.0,14.6,91600.0,2.7,50.1,11,2024-11-21,Marketing,Senior,Master,Part-Time,Remote,Male,4500,12,9,1
11475,29.0,9.5,52900.0,3.7,12.4,6,2024-07-10,HR,Lead,High School,Full-Time,Hybrid,Male,1500,7,10,1
11476,40.0,19.5,109900.0,2.6,41.0,5,2021-07-14,IT,Lead,Bachelor,Full-Time,Office,Male,3900,10,7,0
11477,34.0,10.6,22400.0,2.7,29.7,6,2018-01-08,Marketing,Senior,Bachelor,Contract,Office,Male,1700,7,12,1
11478,38.0,18.3,59500.0,4.2,20.1,4,2020-11-12,HR,Junior,Master,Full-Time,Office,Female,5500,11,14,1
11479,28.0,1.8,118500.0,4.7,40.2,4,2023-02-07,Sales,Mid,Bachelor,Contract,Office,Female,7200,5,16,1
11480,32.0,13.2,47800.0,3.7,38.0,5,2015-09-16,IT,Senior,Bachelor,Full-Time,Office,Male,3600,7,8,0
11481,41.0,15.4,50300.0,4.2,66.7,5,2015-05-02,Operations,Mid,Master,Full-Time,Hybrid,Female,6000,10,12,1
11482,32.0,10.9,61900.0,3.2,25.6,1,2018-02-21,HR,Senior,Bachelor,Full-Time,Office,Female,3200,7,17,0
11483,49.0,24.5,44000.0,,56.6,7,2022-01-26,Marketing,Junior,Bachelor,Full-Time,Remote,Female,1100,13,3,1
11484,32.0,11.7,48500.0,3.8,40.3,9,2023-03-20,Marketing,Junior,High School,Contract,Hybrid,Male,2600,9,9,1
11485,37.0,14.9,48000.0,3.8,25.1,6,2017-06-23,Operations,Mid,Bachelor,Full-Time,Remote,Male,6700,9,5,1
11486,42.0,15.2,42800.0,3.5,47.0,6,2017-08-04,Finance,Mid,Master,Full-Time,Office,Male,1000,11,13,1
11487,24.0,3.3,89900.0,3.2,43.5,3,2024-03-14,Marketing,Junior,High School,Full-Time,Remote,Female,3300,2,21,1
11488,,0.0,66100.0,4.1,35.5,6,2024-09-03,Marketing,Junior,Master,Contract,Hybrid,Female,1900,2,9,1
11489,23.0,3.6,60800.0,2.7,39.0,8,2020-11-09,IT,Mid,High School,Full-Time,Office,Male,4200,2,19,0
11490,45.0,23.0,76000.0,2.9,26.0,8,2017-11-13,Marketing,Senior,Master,Full-Time,Hybrid,Female,7900,12,17,0
11491,31.0,10.2,49500.0,2.7,22.6,8,2023-09-14,Finance,Junior,Diploma,Full-Time,Office,Female,6800,5,12,1
11492,55.0,30.1,40400.0,3.5,46.4,6,2015-02-21,Marketing,Lead,High School,Part-Time,Office,Male,5000,18,10,1
11493,30.0,6.2,43200.0,,31.6,4,2022-07-21,Finance,Junior,High School,Full-Time,Hybrid,Female,2300,6,9,1
11494,36.0,12.6,55000.0,2.9,33.8,3,2015-10-21,Sales,Senior,High School,Full-Time,Hybrid,Female,5600,7,20,0
11495,47.0,27.6,36000.0,2.9,39.2,5,2021-06-05,Finance,Junior,Master,Full-Time,Remote,Female,3800,14,8,1
11496,51.0,34.0,45000.0,3.2,39.0,5,2021-07-20,IT,Mid,Diploma,Full-Time,Remote,Male,1400,18,14,1
11497,51.0,26.6,44700.0,2.4,13.6,3,2018-11-06,HR,Mid,High School,Full-Time,Hybrid,Male,3400,13,8,0
11498,45.0,26.2,128700.0,3.5,54.3,4,2019-05-11,Operations,Mid,Diploma,Contract,Remote,Female,7800,15,4,1
11499,43.0,14.5,18100.0,4.3,36.8,6,2021-02-19,HR,Senior,Bachelor,Part-Time,Office,Female,700,7,8,1
11500,40.0,14.4,51200.0,3.5,32.0,4,2024-12-07,Sales,Senior,High School,Contract,Office,Female,1400,13,20,1
11501,41.0,16.1,109700.0,4.5,41.5,6,2021-10-19,IT,Junior,Bachelor,Full-Time,Office,Female,2600,11,18,0
11502,31.0,4.9,57700.0,4.3,38.5,3,2021-08-29,Sales,Senior,High School,Full-Time,Office,Female,7600,6,10,0
11503,28.0,1.2,74300.0,3.9,46.5,3,2017-05-04,Sales,Mid,Diploma,Full-Time,Hybrid,Female,4700,4,26,0
11504,35.0,14.2,57200.0,3.5,43.1,4,2017-01-20,Marketing,Senior,Bachelor,Full-Time,Remote,Female,4800,9,19,0
11505,34.0,11.4,42100.0,3.4,45.8,5,2018-10-27,Marketing,Mid,Master,Contract,Office,Female,2400,8,9,1
11506,31.0,10.1,22400.0,3.9,55.3,3,2021-06-25,IT,Junior,High School,Contract,Hybrid,Male,900,5,11,1
11507,41.0,21.1,59700.0,3.1,48.3,9,2015-08-27,HR,Senior,High School,Part-Time,Office,Male,3200,11,11,1
11508,43.0,21.8,40300.0,2.1,32.6,3,2021-09-05,Finance,Lead,Diploma,Full-Time,Hybrid,Female,1700,13,9,1
11509,36.0,16.0,39900.0,3.7,18.2,4,2020-07-10,Marketing,Junior,Master,Full-Time,Office,Female,4700,10,15,1
11510,47.0,24.8,45000.0,2.6,60.0,5,2020-05-16,IT,Mid,High School,Full-Time,Office,Female,6200,16,14,0
11511,26.0,0.4,110500.0,2.7,31.4,1,2022-05-19,IT,Mid,Bachelor,Part-Time,Office,Male,8500,1,15,0
11512,33.0,14.2,143900.0,3.4,27.9,2,2024-03-10,HR,Junior,Master,Full-Time,Remote,Female,18300,7,15,1
11513,29.0,5.2,60000.0,3.3,8.9,5,2020-08-22,IT,Senior,Master,Full-Time,Office,Female,4500,7,14,1
11514,21.0,0.0,45700.0,2.4,40.1,6,2024-06-18,Operations,Junior,Diploma,Full-Time,Office,Female,3600,4,7,1
11515,34.0,11.5,34300.0,3.5,37.2,3,2016-06-24,IT,Lead,Bachelor,Part-Time,Remote,Male,2800,8,11,0
11516,34.0,9.3,66300.0,4.1,12.3,5,2022-06-30,HR,Senior,Bachelor,Full-Time,Hybrid,Male,8400,6,12,1
11517,47.0,23.7,112200.0,2.6,41.8,5,2018-08-09,Marketing,Lead,High School,Full-Time,Hybrid,Female,15900,12,11,1
11518,40.0,19.0,49800.0,4.3,27.5,6,2021-04-23,HR,Mid,High School,Contract,Remote,Female,5800,12,16,1
11519,27.0,6.0,21200.0,2.3,75.4,1,2015-04-18,Sales,Junior,Master,Full-Time,Office,Female,2900,5,12,0
11520,50.0,25.3,71900.0,4.9,26.5,6,2019-05-24,Marketing,Mid,Master,Full-Time,Office,Male,7400,13,19,1
11521,45.0,21.5,81600.0,3.1,28.5,5,2020-03-23,Sales,Mid,Diploma,Full-Time,Hybrid,Male,10500,15,11,1
11522,40.0,21.2,29200.0,3.5,21.9,7,2021-02-08,IT,Lead,Master,Full-Time,Hybrid,Female,2700,12,20,1
11523,33.0,12.5,59000.0,2.1,54.2,2,2016-01-02,Sales,Senior,Diploma,Full-Time,Office,Female,7100,8,11,0
11524,27.0,11.2,65900.0,3.4,29.4,2,2023-05-26,HR,Mid,Diploma,Full-Time,Hybrid,Male,7400,6,13,1
11525,32.0,13.5,53400.0,3.6,24.1,3,2017-04-10,HR,Senior,Bachelor,Full-Time,Remote,Male,6300,8,13,0
11526,44.0,25.4,40100.0,3.3,45.6,2,2024-11-14,Finance,Lead,Bachelor,Full-Time,Office,Male,2000,15,5,1
11527,50.0,23.8,82600.0,3.0,14.3,4,2022-12-19,Operations,Senior,Master,Full-Time,Office,Female,3300,15,5,1
11528,47.0,27.3,46800.0,2.7,44.4,3,2024-11-03,IT,Senior,Master,Full-Time,Hybrid,Male,4900,16,13,1
11529,31.0,8.8,30400.0,4.2,61.7,5,2024-03-10,HR,Mid,Bachelor,Contract,Office,Male,2500,6,6,1
11530,26.0,2.3,24200.0,3.4,43.5,5,2022-12-31,Marketing,Mid,Master,Contract,Hybrid,Male,2900,2,15,0
11531,36.0,14.5,91100.0,4.5,44.6,5,2024-02-13,HR,Senior,Bachelor,Full-Time,Hybrid,Female,3600,7,20,1
11532,21.0,1.8,70400.0,3.0,48.1,7,2015-06-22,Marketing,Senior,High School,Part-Time,Remote,Female,10100,4,8,0
11533,38.0,17.5,57000.0,3.1,60.6,4,2019-10-07,IT,Junior,Master,Full-Time,Hybrid,Female,6400,13,10,0
11534,34.0,9.4,46100.0,4.0,53.1,4,2022-09-08,Operations,Mid,Diploma,Part-Time,Hybrid,Male,1100,9,0,0
11535,31.0,11.2,44500.0,2.3,41.6,3,2022-09-19,Finance,Senior,High School,Full-Time,Office,Male,4200,6,2,1
11536,22.0,0.0,35800.0,2.6,48.6,6,2018-09-15,Finance,Senior,High School,Full-Time,Office,Female,2200,3,15,0
11537,39.0,17.7,46300.0,4.2,21.7,4,2016-03-27,Sales,Mid,Master,Contract,Office,Male,2600,10,12,1
11538,31.0,8.1,23600.0,2.6,46.6,5,2020-08-06,HR,Mid,Bachelor,Full-Time,Office,Female,3200,6,8,0
11539,26.0,3.3,41000.0,2.1,19.9,5,2016-04-15,IT,Mid,Diploma,Full-Time,Remote,Male,5300,4,0,0
11540,21.0,1.3,48600.0,4.7,29.5,7,2018-01-09,Sales,Mid,Bachelor,Full-Time,Office,Female,1000,2,10,1
11541,35.0,9.9,70200.0,2.4,5.0,3,2015-11-17,IT,Mid,Master,Contract,Remote,Female,3100,6,13,1
11542,49.0,32.8,54100.0,3.5,41.0,7,2016-03-16,IT,Lead,Bachelor,Full-Time,Remote,Female,6100,18,18,1
11543,48.0,20.5,75600.0,3.4,25.3,3,2021-09-12,Sales,Senior,Master,Full-Time,Hybrid,Male,9800,11,10,0
11544,31.0,7.2,94300.0,1.4,51.7,6,2021-02-13,IT,Senior,Master,Full-Time,Remote,Female,10700,7,25,0
11545,30.0,9.1,84000.0,3.2,40.9,6,2024-08-10,Sales,Junior,Diploma,Contract,Remote,Female,7400,8,10,1
11546,39.0,18.8,66400.0,3.7,51.9,3,2017-06-03,Operations,Senior,Master,Full-Time,Hybrid,Male,9800,10,6,1
11547,27.0,4.7,,3.6,18.7,5,2020-04-05,HR,Mid,Diploma,Full-Time,Hybrid,Male,6800,5,20,1
11548,37.0,14.8,37200.0,4.0,50.6,4,2022-12-07,Sales,Mid,High School,Full-Time,Remote,Male,3000,9,19,1
11549,41.0,20.2,73900.0,3.1,66.6,7,2024-08-20,HR,Junior,Bachelor,Full-Time,Remote,Male,7100,14,19,1
11550,45.0,22.3,107700.0,3.9,46.5,6,2017-01-12,Finance,Mid,Master,Full-Time,Office,Female,2800,12,21,1
11551,34.0,16.2,63100.0,2.9,46.9,4,2019-02-02,Sales,Mid,Bachelor,Full-Time,Hybrid,Female,9200,10,15,1
11552,33.0,13.5,118400.0,2.4,37.5,3,2024-11-20,Operations,Junior,Bachelor,Full-Time,Hybrid,Female,8000,10,9,0
11553,28.0,8.6,29900.0,2.5,27.1,4,2022-12-19,Finance,Senior,Diploma,Full-Time,Hybrid,Male,3200,5,2,1
11554,28.0,3.1,34700.0,2.4,46.4,3,2024-09-02,Sales,Mid,,Full-Time,Office,Female,3700,8,11,1
11555,33.0,10.8,77400.0,4.1,12.4,10,2020-08-01,IT,Senior,Bachelor,Part-Time,Hybrid,Male,2100,7,7,1
11556,38.0,15.1,61100.0,2.3,28.7,4,2022-01-06,Finance,Mid,Bachelor,Full-Time,Office,Female,3300,13,11,0
11557,42.0,17.0,93000.0,3.6,8.4,1,2018-06-14,Marketing,Mid,Master,Full-Time,Hybrid,Male,9800,10,1,1
11558,29.0,8.1,54700.0,3.2,24.4,3,2015-06-30,Marketing,Mid,Bachelor,Full-Time,Hybrid,Male,7600,7,4,1
11559,47.0,23.4,38900.0,3.3,44.6,4,2016-02-14,Marketing,Lead,High School,Full-Time,Hybrid,Male,4700,15,14,1
11560,33.0,13.0,50500.0,4.4,42.6,4,2022-01-07,Finance,Lead,Diploma,Part-Time,Hybrid,Male,4800,12,14,1
11561,35.0,9.8,29800.0,3.1,35.8,4,2017-06-30,HR,Mid,High School,Contract,Office,Male,1500,6,10,1
11562,29.0,12.2,35000.0,3.8,37.6,5,2022-12-17,Sales,Senior,Diploma,Full-Time,Office,Female,5000,8,4,1
11563,21.0,0.0,81200.0,3.4,6.7,5,2023-08-10,IT,Lead,Bachelor,Part-Time,Hybrid,Male,5900,1,13,0
11564,42.0,20.7,78000.0,3.3,29.4,7,2021-02-07,IT,Lead,Diploma,Full-Time,Office,Male,3100,13,10,1
11565,41.0,21.4,63600.0,5.0,24.8,5,2020-11-21,Finance,Junior,Master,Full-Time,Hybrid,Female,1500,12,9,1
11566,33.0,9.3,27600.0,2.4,25.1,11,2024-02-26,Marketing,Mid,Master,Contract,Remote,Male,4000,6,18,1
11567,36.0,16.6,47700.0,4.3,44.0,4,2021-05-23,Operations,Senior,High School,Full-Time,Office,Female,5800,8,19,1
11568,39.0,13.3,33700.0,3.9,22.1,3,2020-11-04,IT,Junior,Master,Full-Time,Office,Female,1600,7,14,1
11569,22.0,4.4,88100.0,3.1,25.9,4,2016-01-21,Operations,Senior,Bachelor,Contract,Hybrid,Male,3400,3,14,1
11570,31.0,9.0,43500.0,4.5,5.0,1,2023-08-11,Operations,Mid,High School,Full-Time,Hybrid,Female,6300,6,19,1
11571,41.0,17.2,35600.0,2.1,30.6,6,2016-08-25,IT,Mid,High School,Part-Time,Office,Male,1800,11,11,1
11572,25.0,2.1,55700.0,3.0,18.7,7,2024-04-04,HR,Junior,High School,Full-Time,Office,Male,4500,5,9,0
11573,37.0,17.4,42600.0,2.6,36.2,1,2022-07-09,IT,Mid,Master,Full-Time,Office,Male,4200,13,12,0
11574,24.0,0.2,99600.0,3.7,20.7,5,2016-03-18,IT,Junior,Diploma,Full-Time,Hybrid,Female,2800,2,16,0
11575,39.0,14.8,41000.0,2.6,36.6,6,2020-04-25,Sales,Lead,Master,Full-Time,Hybrid,Male,2700,14,13,0
11576,35.0,12.3,31400.0,3.7,32.8,4,2024-01-21,IT,Mid,High School,Full-Time,Remote,Female,4500,8,1,0
11577,22.0,0.0,23200.0,3.3,60.1,3,2022-03-17,Sales,Junior,Diploma,Full-Time,Hybrid,Male,2600,3,17,0
11578,44.0,27.5,54300.0,3.1,42.5,3,2019-10-27,Marketing,Junior,High School,Full-Time,Hybrid,Male,3700,15,14,1
11579,29.0,5.3,43900.0,3.7,7.4,3,2024-01-15,HR,Mid,High School,Full-Time,Office,Male,5400,4,14,1
11580,29.0,9.5,,3.2,16.0,4,2021-04-20,Operations,Mid,Diploma,Part-Time,Remote,Male,4000,7,16,1
11581,37.0,15.6,88500.0,2.6,35.8,6,2023-03-19,IT,Senior,Diploma,Contract,Hybrid,Female,3500,10,11,1
11582,44.0,19.0,71800.0,5.0,21.1,3,2015-12-21,HR,Lead,High School,Full-Time,Hybrid,Male,6900,16,13,1
11583,27.0,5.0,54400.0,3.1,5.0,4,2019-11-21,Operations,Mid,High School,Contract,Hybrid,Male,3700,4,16,0
11584,35.0,15.4,94900.0,1.8,55.2,6,2024-10-06,HR,Mid,Master,Full-Time,Office,Male,8200,9,15,0
11585,38.0,15.4,71700.0,2.8,45.8,5,2021-09-23,Operations,Mid,Master,Full-Time,Hybrid,Male,5800,10,7,1
11586,41.0,22.6,39600.0,,42.8,7,2023-12-15,Operations,Mid,Master,Full-Time,Remote,Male,3400,12,11,1
11587,36.0,17.1,36300.0,4.0,25.9,5,2021-10-12,HR,Mid,Bachelor,Full-Time,Office,Male,3200,10,9,0
11588,32.0,12.8,76300.0,3.6,41.4,1,2019-11-08,Finance,Mid,,Full-Time,Hybrid,Female,2200,8,11,0
11589,28.0,4.6,64400.0,3.7,24.4,8,2016-04-19,Sales,Mid,Master,Contract,Office,Female,2800,3,18,1
11590,36.0,10.8,58900.0,3.1,38.1,6,2022-03-20,Operations,Junior,High School,Part-Time,Remote,Female,5500,8,17,1
11591,26.0,2.2,39200.0,3.2,21.2,4,2023-04-13,Operations,Mid,Bachelor,Full-Time,Remote,Male,5600,2,16,0
11592,21.0,0.0,70100.0,3.1,57.7,10,2023-02-12,Operations,Junior,Master,Full-Time,Office,Male,8200,1,6,1
11593,38.0,17.6,40700.0,3.3,11.4,3,2021-07-17,Operations,Junior,Master,Full-Time,Hybrid,Male,2100,11,10,1
11594,42.0,13.5,52800.0,4.0,53.5,5,2021-11-26,HR,Mid,High School,Full-Time,Office,Female,3500,7,0,0
11595,21.0,0.0,98100.0,3.6,35.6,6,2020-01-05,Operations,Mid,High School,Full-Time,Office,Female,6200,1,12,0
11596,27.0,5.5,42200.0,3.8,27.7,5,2021-09-10,Marketing,Junior,Diploma,Full-Time,Hybrid,Male,5100,4,11,1
11597,40.0,17.2,29300.0,3.7,37.5,7,2018-12-20,IT,Junior,Diploma,Full-Time,Hybrid,Female,4300,12,10,0
11598,51.0,32.9,36100.0,4.0,46.0,6,2017-12-04,Operations,Mid,Master,Full-Time,Office,Female,2400,20,18,1
11599,35.0,14.3,81900.0,3.6,55.5,3,2024-05-07,HR,Junior,Diploma,Full-Time,Office,Male,1800,9,9,1
11600,29.0,10.9,60900.0,3.7,39.7,8,2022-07-01,Operations,Lead,Master,Part-Time,Hybrid,Male,8600,7,14,1
11601,34.0,11.4,52200.0,4.2,21.6,6,2017-01-03,HR,Senior,High School,Full-Time,Remote,Female,6200,9,19,1
11602,46.0,26.8,44900.0,2.9,35.8,7,2017-11-06,Operations,Senior,Diploma,Full-Time,Office,Female,5800,15,13,1
11603,30.0,12.9,66800.0,2.8,62.3,6,2021-03-16,IT,Mid,Master,Full-Time,Hybrid,Male,3100,8,17,0
11604,29.0,10.9,39200.0,2.6,55.2,4,2016-08-18,Operations,Lead,High School,Full-Time,Office,Female,4100,7,15,1
11605,31.0,5.7,62200.0,3.5,48.6,6,2015-07-10,Marketing,Senior,Master,Full-Time,Hybrid,Female,3100,3,9,0
11606,27.0,4.2,41100.0,2.1,46.9,6,2024-06-24,Operations,Mid,Bachelor,Full-Time,Office,Male,900,4,14,0
11607,36.0,13.0,38400.0,3.7,45.5,4,2024-08-11,Operations,Mid,Diploma,Part-Time,Office,Male,1600,8,21,1
11608,48.0,27.5,42600.0,3.3,52.4,3,2016-10-05,HR,Mid,Bachelor,Full-Time,Office,Female,6000,16,11,1
11609,38.0,18.1,47300.0,4.2,28.2,6,2024-10-08,HR,Mid,High School,Full-Time,Hybrid,Female,2300,11,11,1
11610,33.0,8.5,53900.0,2.9,14.7,2,2019-12-28,Operations,Senior,Master,Full-Time,Office,Male,5200,7,13,1
11611,33.0,11.2,60400.0,3.3,36.0,7,2015-04-04,Marketing,Mid,Master,Full-Time,Office,Male,8800,6,30,0
11612,22.0,0.0,18000.0,4.2,22.7,6,2018-01-23,HR,Senior,High School,Contract,Office,Male,500,5,9,1
11613,42.0,24.3,39800.0,4.4,19.2,2,2019-07-26,Marketing,Junior,Bachelor,Part-Time,Office,Female,5000,16,11,1
11614,34.0,10.5,47000.0,2.9,24.2,6,2018-01-10,HR,Lead,Master,Full-Time,Hybrid,Female,4600,5,11,1
11615,34.0,12.2,100400.0,3.5,72.3,3,2015-12-06,IT,Junior,Bachelor,Full-Time,Hybrid,Male,6200,7,10,1
11616,60.0,35.0,35700.0,3.6,37.0,5,2022-10-26,Marketing,Lead,Bachelor,Full-Time,Remote,Female,2400,20,12,1
11617,37.0,18.4,58700.0,3.7,40.4,6,2021-08-04,IT,Mid,Bachelor,Full-Time,Office,Female,1400,9,5,1
11618,29.0,0.0,100000.0,3.2,16.7,3,2020-07-29,IT,Mid,Diploma,Full-Time,Remote,Male,5300,1,8,0
11619,32.0,10.0,32500.0,4.3,7.3,6,2020-11-29,HR,Mid,Bachelor,Contract,Office,Female,2400,6,8,1
11620,44.0,21.7,64400.0,2.1,22.7,7,2015-10-30,Marketing,Mid,Diploma,Part-Time,Office,Female,7300,13,6,1
11621,36.0,12.6,39900.0,3.1,56.6,4,2020-01-16,Finance,Senior,Bachelor,Full-Time,Remote,Female,2200,11,16,1
11622,23.0,6.2,44900.0,3.7,40.0,3,2020-04-26,IT,Junior,Bachelor,Full-Time,Hybrid,Female,4300,5,17,0
11623,42.0,17.3,39900.0,3.7,44.0,9,2015-02-20,IT,Junior,Diploma,Full-Time,Office,Male,4600,10,15,1
11624,30.0,10.3,41000.0,4.3,46.1,7,2017-03-16,IT,Junior,Master,Full-Time,Remote,Female,4500,8,11,1
11625,50.0,29.1,163400.0,4.2,26.1,6,2020-04-12,HR,Mid,Master,Contract,Hybrid,Male,15800,16,8,1
11626,44.0,25.8,77100.0,3.2,55.8,11,2016-12-01,HR,Mid,High School,Full-Time,Remote,Female,7400,18,13,1
11627,31.0,7.0,85500.0,4.3,25.5,1,2016-10-22,IT,Mid,High School,Full-Time,Office,Female,9700,6,10,1
11628,45.0,20.8,67000.0,2.9,56.1,7,2019-12-06,Operations,Lead,Master,Full-Time,Remote,Male,4300,11,5,1
11629,36.0,17.3,28900.0,4.1,41.6,7,2020-03-22,HR,Senior,High School,Full-Time,Hybrid,Female,2300,10,20,1
11630,42.0,21.3,64400.0,4.7,8.2,4,2018-07-28,HR,Senior,Master,Full-Time,Hybrid,Female,9400,15,2,1
11631,39.0,12.4,84500.0,,23.8,4,2018-02-10,HR,Mid,High School,Full-Time,Office,Female,9000,8,19,0
11632,28.0,4.4,39100.0,3.5,8.2,2,2015-02-05,Sales,Junior,Master,Part-Time,Office,Female,3400,3,7,0
11633,30.0,9.2,80900.0,3.2,52.4,6,2016-09-14,Marketing,Mid,Diploma,Part-Time,Hybrid,Female,7700,8,10,1
11634,43.0,23.5,72900.0,2.3,34.6,5,2022-06-23,HR,Junior,High School,Contract,Hybrid,Female,2400,12,13,0
11635,32.0,8.0,115400.0,3.6,5.0,6,2023-08-16,Sales,Junior,Diploma,Full-Time,Hybrid,Female,11200,4,19,1
11636,32.0,1.3,46500.0,2.6,40.6,9,2022-12-06,Sales,Mid,Diploma,Contract,Hybrid,Male,6000,4,10,0
11637,27.0,6.6,35500.0,2.8,26.9,6,2019-04-13,HR,Senior,Diploma,Full-Time,Hybrid,Male,3100,8,9,0
11638,38.0,12.3,47600.0,2.6,12.7,6,2023-03-27,Operations,Senior,Diploma,Part-Time,Hybrid,Male,2000,9,23,1
11639,52.0,23.9,97700.0,3.1,60.2,7,2020-09-23,Sales,Lead,Diploma,Full-Time,Hybrid,Female,7600,14,16,1
11640,26.0,0.0,26500.0,3.4,36.6,6,2017-05-22,Finance,Junior,Bachelor,Contract,Office,Male,1500,2,18,1
11641,35.0,15.4,24000.0,3.6,30.6,8,2023-03-19,Sales,Mid,Diploma,Full-Time,Hybrid,Female,1600,10,22,1
11642,46.0,24.4,57000.0,3.0,29.0,2,2018-08-20,Marketing,Senior,High School,Part-Time,Hybrid,Female,2800,15,14,0
11643,34.0,11.3,46100.0,4.1,12.3,5,2018-11-16,Sales,Mid,Diploma,Full-Time,Remote,Male,2900,7,15,0
11644,39.0,21.2,55200.0,3.3,15.4,10,2022-05-25,HR,Mid,High School,Full-Time,Hybrid,Female,7000,13,13,0
11645,27.0,6.9,80300.0,2.8,54.3,3,2020-08-24,Operations,Senior,Diploma,Full-Time,Remote,Male,9500,4,19,1
11646,38.0,20.8,44100.0,3.6,27.9,6,2022-05-11,IT,Mid,High School,Full-Time,Office,Male,3700,12,10,1
11647,34.0,7.8,26000.0,4.8,35.3,6,2015-06-16,Finance,Lead,Diploma,Full-Time,Office,Male,3200,5,9,1
11648,43.0,20.9,124600.0,3.6,5.0,7,2019-08-16,Sales,Junior,Master,Full-Time,Hybrid,Male,18300,10,16,1
11649,44.0,17.1,36900.0,3.1,15.2,3,2015-03-04,Operations,Senior,Bachelor,Full-Time,Hybrid,Female,2700,13,12,0
11650,56.0,33.3,36000.0,2.3,44.1,10,2024-12-21,Finance,Junior,High School,Full-Time,Hybrid,Male,5300,18,12,1
11651,40.0,17.3,85500.0,3.2,40.7,4,2015-07-22,Marketing,Junior,High School,Contract,Hybrid,Male,4400,10,8,1
11652,38.0,17.9,47200.0,3.6,61.3,5,2018-03-26,Sales,Mid,Diploma,Part-Time,Hybrid,Female,6800,9,3,1
11653,37.0,15.1,53600.0,3.1,55.1,1,2019-03-19,Sales,Mid,High School,Full-Time,Office,Male,7100,9,4,0
11654,32.0,11.9,66700.0,2.2,31.5,4,2024-12-01,Finance,Mid,Diploma,Full-Time,Office,Female,3100,6,17,0
11655,38.0,18.1,84800.0,2.8,42.1,4,2021-05-14,Sales,Senior,Bachelor,Full-Time,Remote,Male,5600,10,6,1
11656,33.0,17.5,48100.0,4.4,30.3,6,2018-01-29,Sales,Senior,Master,Full-Time,Hybrid,Male,5400,15,17,1
11657,36.0,13.1,101000.0,4.4,65.8,2,2017-06-13,IT,Mid,Master,Full-Time,Remote,Female,4500,7,25,1
11658,46.0,21.2,23400.0,2.8,52.2,5,2018-04-07,Finance,Mid,,Contract,Office,Male,2300,11,18,1
11659,27.0,5.7,74500.0,3.9,37.5,5,2019-04-05,HR,Mid,Diploma,Full-Time,Hybrid,Male,6700,4,14,1
11660,44.0,19.6,39300.0,2.6,38.0,5,2021-09-16,HR,Junior,Diploma,Full-Time,Remote,Female,2300,11,14,1
11661,46.0,28.4,95200.0,4.4,56.7,7,2018-03-10,Marketing,Senior,Bachelor,Full-Time,Remote,Male,5600,16,6,1
11662,34.0,11.2,58200.0,3.6,43.7,7,2021-07-22,IT,Junior,High School,Full-Time,Remote,Male,5100,7,17,1
11663,21.0,0.0,42000.0,4.1,58.4,6,2017-02-25,Finance,Lead,High School,Contract,Hybrid,Female,2500,4,24,1
11664,30.0,6.6,71700.0,2.2,5.0,4,2017-09-02,Finance,Mid,High School,Full-Time,Office,Male,3100,3,5,0
11665,45.0,25.2,78600.0,3.9,41.9,5,2017-04-13,IT,Mid,Bachelor,Full-Time,Hybrid,Female,9500,15,14,1
11666,35.0,12.5,71100.0,3.4,27.3,2,2015-07-12,IT,Senior,Master,Full-Time,Hybrid,Female,6800,11,11,1
11667,27.0,3.1,36400.0,4.0,61.3,4,2023-01-25,Marketing,Junior,Master,Full-Time,Remote,Male,2800,2,15,0
11668,31.0,14.0,45300.0,4.0,58.2,9,2021-01-08,HR,Mid,Master,Full-Time,Office,Female,2000,9,11,1
11669,42.0,17.4,54900.0,3.4,35.5,6,2016-01-21,Operations,Junior,Diploma,Full-Time,Office,Male,5300,13,21,1
11670,39.0,17.1,54100.0,3.0,58.0,4,2020-05-29,Finance,Mid,Bachelor,Contract,Office,Female,5500,13,13,1
11671,33.0,13.0,74200.0,3.9,61.7,8,2023-12-24,Operations,Mid,High School,Full-Time,Office,Male,6100,6,17,1
11672,32.0,5.1,24600.0,3.4,36.1,5,2023-04-25,IT,Junior,Master,Full-Time,Hybrid,Male,1700,3,17,1
11673,32.0,11.4,62900.0,2.8,72.1,8,2024-11-29,Finance,Mid,Master,Full-Time,Remote,Female,8300,8,13,1
11674,28.0,2.8,49000.0,2.8,34.5,3,2018-11-12,HR,Mid,Master,Contract,Office,Female,5500,2,9,0
11675,48.0,28.5,39300.0,2.4,31.8,3,2018-01-06,Finance,Mid,Diploma,Part-Time,Office,Male,2600,14,11,1
11676,32.0,7.1,40900.0,3.0,48.0,3,2020-06-23,Operations,Lead,Diploma,Full-Time,Office,Male,4000,4,16,1
11677,45.0,25.1,50500.0,4.2,29.7,5,2015-06-21,Finance,Mid,High School,Full-Time,Hybrid,Male,2500,14,19,1
11678,47.0,28.3,18000.0,3.5,36.3,8,2024-12-07,IT,Mid,Master,Contract,Hybrid,Male,400,15,11,1
11679,43.0,23.6,41500.0,3.0,56.1,9,2015-12-03,IT,Mid,Master,Full-Time,Hybrid,Female,5500,14,17,0
11680,32.0,10.8,38700.0,4.0,35.3,7,2023-01-18,IT,Mid,Master,Full-Time,Office,Female,4900,9,8,1
11681,38.0,15.3,68100.0,2.8,9.6,4,2018-12-25,HR,Mid,Diploma,Full-Time,Remote,Male,7000,12,3,0
11682,35.0,11.3,39900.0,3.5,40.5,6,2016-08-27,Sales,Senior,High School,Contract,Hybrid,Male,5000,8,12,1
11683,28.0,10.4,50500.0,3.3,24.6,7,2021-12-11,HR,Junior,,Contract,Hybrid,Male,6100,6,5,0
11684,38.0,13.9,101900.0,3.9,48.0,2,2016-10-27,IT,Junior,Diploma,Full-Time,Remote,Female,13400,10,17,1
11685,26.0,0.9,81900.0,2.3,45.4,3,2020-11-23,Marketing,Mid,Master,Contract,Remote,Male,11100,3,16,0
11686,45.0,25.0,78900.0,2.8,57.1,2,2022-12-27,Finance,Junior,High School,Full-Time,Remote,Male,10000,14,21,0
11687,31.0,6.6,45000.0,2.3,48.6,4,2018-05-17,Finance,Junior,High School,Full-Time,Office,Female,5900,5,15,1
11688,37.0,12.1,68300.0,3.2,51.4,5,2024-05-12,Operations,Junior,Bachelor,Full-Time,Remote,Male,5800,7,20,1
11689,37.0,10.7,50100.0,4.2,25.0,6,2020-04-12,Finance,Lead,Master,Contract,Hybrid,Male,5600,6,24,1
11690,33.0,9.6,50900.0,3.0,47.1,4,2015-12-18,Operations,Junior,Diploma,Full-Time,Office,Female,3200,8,8,0
11691,40.0,17.8,64800.0,3.0,64.5,1,2019-10-28,Finance,Junior,Diploma,Full-Time,Remote,Male,8600,12,8,1
11692,31.0,9.7,43300.0,4.0,24.7,6,2022-12-05,Marketing,Senior,Diploma,Full-Time,Office,Male,5700,7,13,1
11693,42.0,22.9,99900.0,4.1,62.0,4,2020-09-26,Operations,Lead,Master,Full-Time,Remote,Female,2900,12,8,1
11694,24.0,3.6,51600.0,3.3,26.8,3,2024-01-31,IT,Senior,Master,Full-Time,Office,Male,3400,5,11,0
11695,36.0,13.4,70400.0,3.9,22.2,5,2020-09-09,Sales,Lead,Master,Full-Time,Hybrid,Female,3000,9,3,1
11696,51.0,28.4,98500.0,2.6,39.4,6,2016-04-19,Finance,Senior,Diploma,Full-Time,Office,Female,3700,17,12,1
11697,27.0,6.5,83100.0,4.4,45.7,4,2021-11-29,Operations,Mid,Master,Full-Time,Remote,Female,6100,7,9,1
11698,30.0,11.8,31300.0,4.9,48.7,5,2024-02-11,Sales,Mid,Master,Contract,Office,Male,3200,8,11,1
11699,39.0,17.4,65700.0,3.8,20.6,4,2018-02-23,Operations,Mid,Master,Full-Time,Hybrid,Female,4200,9,15,1
11700,36.0,12.6,77300.0,1.9,41.5,4,2021-03-16,HR,Mid,Bachelor,Part-Time,Hybrid,Female,4700,6,14,1
11701,38.0,13.0,78600.0,3.0,24.7,4,2021-04-11,HR,Junior,Bachelor,Full-Time,Hybrid,Male,2500,6,14,1
11702,39.0,12.7,35200.0,3.8,12.7,1,2024-09-21,Finance,Lead,Master,Full-Time,Hybrid,Male,2500,6,9,1
11703,40.0,20.0,42300.0,3.1,21.1,6,2016-03-18,IT,Mid,Master,Full-Time,Office,Male,3400,12,14,1
11704,44.0,23.7,81900.0,4.3,23.7,5,2019-08-02,Marketing,Senior,Diploma,Full-Time,Office,Female,5900,16,11,1
11705,38.0,17.7,40600.0,3.8,42.8,4,2021-12-23,Operations,Senior,High School,Contract,Office,Male,4400,13,11,1
11706,33.0,10.6,48800.0,2.9,52.3,6,2024-01-12,Finance,Mid,Master,Full-Time,Remote,Male,2800,7,15,1
11707,40.0,22.2,103300.0,3.4,12.9,5,2023-01-24,HR,Lead,Diploma,Full-Time,Hybrid,Female,11700,12,15,1
11708,50.0,26.5,,2.8,40.3,1,2022-09-17,HR,Senior,Diploma,Contract,Hybrid,Female,7300,15,14,1
11709,34.0,14.9,41100.0,3.3,17.3,3,2015-09-12,Operations,Mid,High School,Contract,Hybrid,Female,4000,11,10,0
11710,27.0,4.9,38700.0,3.0,44.4,6,2015-03-11,Operations,Senior,Diploma,Full-Time,Remote,Male,2700,4,9,1
11711,44.0,20.2,62800.0,4.2,25.7,5,2021-11-07,Operations,Junior,High School,Full-Time,Office,Female,2700,13,6,1
11712,34.0,13.8,32300.0,4.9,19.2,2,2016-07-31,Sales,Senior,Master,Full-Time,Office,Male,4600,9,16,1
11713,21.0,0.2,49800.0,2.4,47.0,6,2023-06-01,Marketing,Junior,Bachelor,Full-Time,Hybrid,Female,5900,3,15,0
11714,42.0,21.1,62800.0,2.1,26.2,6,2016-05-09,Operations,Senior,High School,Full-Time,Hybrid,Male,3300,13,16,1
11715,31.0,9.2,92500.0,3.2,30.3,4,2021-06-30,Operations,Senior,Master,Full-Time,Hybrid,Female,3700,9,3,1
11716,34.0,11.9,71800.0,2.3,5.0,5,2017-02-19,Finance,Junior,Master,Full-Time,Hybrid,Female,1900,7,12,0
11717,38.0,23.2,41300.0,3.4,49.2,2,2021-09-16,IT,Junior,Bachelor,Full-Time,Office,Male,1800,17,4,1
11718,37.0,18.6,88100.0,3.9,47.3,9,2017-04-30,Sales,Mid,Diploma,Full-Time,Office,Female,10100,11,6,1
11719,41.0,21.2,48800.0,4.4,35.1,4,2020-01-13,Marketing,Senior,High School,Full-Time,Office,Female,5000,13,19,1
11720,32.0,10.3,33600.0,3.5,12.1,2,2015-05-09,Sales,Junior,High School,Full-Time,Hybrid,Female,4900,9,7,1
11721,39.0,20.0,51300.0,3.3,53.1,1,2019-02-15,Operations,Lead,Diploma,Full-Time,Remote,Female,3200,14,9,1
11722,33.0,12.6,97800.0,2.0,25.0,5,2021-01-02,IT,Lead,Bachelor,Full-Time,Hybrid,Female,12000,11,10,0
11723,41.0,19.1,58800.0,3.4,28.2,2,2019-07-07,Operations,Mid,High School,Full-Time,Remote,Male,2100,10,8,0
11724,40.0,17.1,55300.0,3.4,69.7,8,2019-12-29,HR,Mid,High School,Full-Time,Office,Female,5200,10,7,1
11725,28.0,5.8,105900.0,3.8,24.4,6,2023-09-03,Operations,Senior,Diploma,Full-Time,Office,Female,8500,5,3,1
11726,44.0,12.5,31000.0,2.9,46.1,4,2021-12-23,Finance,Senior,Master,Full-Time,Office,Female,4000,10,6,1
11727,31.0,9.6,32900.0,3.1,43.4,3,2019-01-19,Finance,Junior,Bachelor,Full-Time,Hybrid,Female,3700,5,13,0
11728,41.0,17.5,28800.0,2.4,40.9,8,2019-12-08,IT,Mid,Master,Full-Time,Office,Male,1300,10,9,1
11729,38.0,20.8,63800.0,1.8,39.2,1,2018-11-28,Operations,Lead,Master,Full-Time,Hybrid,Male,9400,11,9,1
11730,50.0,28.1,58800.0,2.6,40.6,4,2015-01-08,Finance,Mid,Diploma,Full-Time,Office,Male,7500,16,0,1
11731,33.0,7.4,101900.0,2.3,39.1,2,2015-08-08,Finance,Lead,High School,Full-Time,Hybrid,Male,6700,5,9,0
11732,32.0,9.9,60600.0,3.6,34.2,7,2016-12-25,Operations,Lead,Diploma,Full-Time,Hybrid,Male,7700,7,23,1
11733,35.0,9.9,46800.0,3.0,57.7,2,2015-04-12,Sales,Mid,Master,Full-Time,Office,Male,6800,7,8,1
11734,33.0,12.4,55000.0,3.0,15.3,4,2019-08-29,IT,Lead,Diploma,Full-Time,Hybrid,Female,7500,8,16,0
11735,41.0,19.9,57700.0,2.7,50.3,5,2022-09-22,Sales,Junior,Bachelor,Full-Time,Office,Female,5300,12,8,0
11736,22.0,2.9,28200.0,1.1,47.3,7,2020-08-11,Finance,Junior,Master,Full-Time,Office,Female,2700,1,14,1
11737,27.0,2.6,162600.0,4.5,45.5,1,2024-10-01,Operations,Junior,Master,Full-Time,Remote,Female,5500,1,20,0
11738,26.0,4.1,67700.0,2.7,51.8,5,2022-07-05,Marketing,Mid,Bachelor,Full-Time,Hybrid,Male,2800,6,12,0
11739,43.0,16.9,59800.0,3.1,33.6,6,2017-02-09,Operations,Junior,Diploma,Contract,Office,Male,8800,10,10,0
11740,49.0,29.1,70300.0,2.4,7.0,2,2017-04-13,Marketing,Mid,Diploma,Contract,Hybrid,Male,8400,15,12,1
11741,34.0,13.6,73000.0,4.1,33.9,3,2017-01-09,Sales,Junior,Diploma,Full-Time,Office,Male,1700,9,7,1
11742,,13.5,52000.0,3.5,20.1,1,2015-07-19,HR,Mid,High School,Full-Time,Remote,Male,4700,9,13,1
11743,36.0,14.0,42700.0,2.8,24.0,7,2020-06-15,Operations,Senior,Master,Full-Time,Hybrid,Male,2800,10,12,1
11744,44.0,23.2,69900.0,3.1,16.4,3,2015-01-26,HR,Mid,Bachelor,Part-Time,Hybrid,Male,4200,12,13,0
11745,28.0,10.8,64200.0,4.6,27.8,6,2020-07-10,IT,Senior,Master,Full-Time,Office,Female,5900,6,1,0
11746,37.0,14.1,39800.0,3.3,26.1,4,2017-08-01,Marketing,Junior,High School,Full-Time,Remote,Male,2500,8,12,0
11747,43.0,21.4,97000.0,3.3,5.0,4,2024-05-14,Marketing,Mid,Master,Contract,Office,Male,5100,13,15,1
11748,39.0,13.7,61800.0,2.7,45.5,9,2015-04-12,Sales,Junior,Bachelor,Full-Time,Hybrid,Female,8800,7,12,0
11749,37.0,12.4,73600.0,,68.3,11,2023-03-30,Operations,Mid,Bachelor,Full-Time,Hybrid,Male,1900,9,16,1
11750,43.0,21.3,96000.0,3.3,44.1,8,2018-09-16,Finance,Mid,Master,Part-Time,Hybrid,Female,7400,14,7,1
11751,,2.3,55500.0,3.6,32.0,7,2022-12-14,IT,Mid,High School,Part-Time,Remote,Male,4800,3,8,0
11752,40.0,17.2,62400.0,4.2,34.2,5,2021-08-16,Sales,Junior,Master,Full-Time,Remote,Female,4800,10,15,0
11753,30.0,7.3,76000.0,1.8,28.7,5,2015-07-16,HR,Junior,High School,Full-Time,Office,Female,8000,7,16,1
11754,21.0,0.0,41200.0,2.6,36.4,8,2016-05-24,Operations,Mid,Diploma,Full-Time,Hybrid,Male,1000,4,19,1
11755,39.0,15.4,56200.0,3.0,34.4,6,2020-06-18,Finance,Senior,Bachelor,Full-Time,Office,Female,7600,12,13,1
11756,46.0,24.9,57800.0,3.4,22.4,5,2017-10-11,IT,Junior,Master,Full-Time,Hybrid,Female,4900,15,3,0
11757,34.0,7.5,37500.0,3.3,60.2,6,2023-06-29,Operations,Mid,Bachelor,Full-Time,Hybrid,Female,3400,6,18,1
11758,43.0,24.8,139000.0,3.3,12.7,4,2017-07-11,Finance,Junior,Bachelor,Contract,Office,Female,11100,13,14,1
11759,48.0,24.0,31300.0,3.7,45.8,5,2021-06-04,HR,Lead,Master,Contract,Hybrid,Male,2400,13,13,1
11760,46.0,26.2,32700.0,2.8,33.5,4,2023-10-10,Sales,Mid,Diploma,Part-Time,Hybrid,Female,1400,16,20,1
11761,48.0,22.2,93000.0,4.1,63.5,3,2019-11-27,Sales,Junior,Bachelor,Contract,Hybrid,Female,8000,11,16,1
11762,41.0,21.0,73200.0,3.7,40.1,5,2019-04-05,Marketing,Senior,Bachelor,Full-Time,Hybrid,Male,5500,12,16,1
11763,36.0,16.0,36500.0,3.2,29.6,7,2018-08-24,Operations,Mid,High School,Full-Time,Office,Male,3000,15,2,1
11764,22.0,1.2,70100.0,4.5,31.3,6,2015-01-21,Sales,Senior,High School,Full-Time,Hybrid,Female,1500,1,10,1
11765,33.0,8.0,98900.0,4.5,35.6,8,2020-04-06,Marketing,Senior,Diploma,Full-Time,Office,Female,3700,7,17,0
11766,28.0,6.7,54300.0,4.1,17.9,6,2017-11-30,Sales,Senior,Master,Contract,Hybrid,Male,6500,6,12,0
11767,52.0,26.5,155500.0,1.3,23.5,6,2020-03-30,IT,Senior,Bachelor,Full-Time,Hybrid,Male,11600,16,14,0
11768,34.0,11.2,27600.0,4.5,8.2,4,2019-03-02,Operations,Mid,Diploma,Full-Time,Office,Female,3200,10,13,1
11769,36.0,17.1,72600.0,4.0,21.2,3,2020-06-06,HR,Senior,Master,Full-Time,Office,Male,3100,14,17,1
11770,39.0,19.4,87700.0,4.8,36.4,5,2020-03-14,Operations,Junior,High School,Full-Time,Hybrid,Female,9700,12,6,1
11771,35.0,13.0,78600.0,4.3,39.5,8,2023-03-31,Operations,Senior,Bachelor,Full-Time,Hybrid,Female,4500,8,4,1
11772,,24.1,50700.0,4.5,5.3,6,2024-09-13,Finance,Mid,Bachelor,Contract,Hybrid,Male,5700,13,11,0
11773,30.0,9.9,49000.0,4.0,32.9,5,2017-08-24,HR,Mid,Master,Full-Time,Office,Female,1500,9,14,1
11774,37.0,15.1,65700.0,4.3,43.5,6,2019-08-15,HR,Mid,Diploma,Full-Time,Hybrid,Male,4200,10,9,1
11775,29.0,0.0,76200.0,4.8,32.6,9,2018-08-24,Marketing,Junior,Bachelor,Full-Time,Office,Male,2700,3,12,0
11776,24.0,4.3,70000.0,3.6,25.5,9,2021-11-11,Marketing,Mid,Bachelor,Full-Time,Office,Male,7100,3,5,1
11777,30.0,7.9,83400.0,2.3,28.8,6,2016-05-28,IT,Mid,High School,Contract,Hybrid,Male,5900,8,6,0
11778,35.0,16.6,36600.0,3.2,26.9,4,2024-10-14,Finance,Junior,Diploma,Contract,Hybrid,Female,1100,10,8,1
11779,32.0,6.7,50200.0,3.7,25.4,5,2023-07-13,Sales,Junior,High School,Full-Time,Office,Female,4400,4,16,0
11780,29.0,0.0,37800.0,3.5,37.6,4,2015-02-10,Sales,Mid,Master,Full-Time,Hybrid,Female,900,1,14,1
11781,24.0,2.8,47100.0,2.5,69.6,3,2022-11-25,HR,Junior,Master,Full-Time,Hybrid,Female,6000,2,16,0
11782,34.0,12.9,82600.0,2.3,23.8,10,2015-09-20,Operations,Lead,Diploma,Contract,Hybrid,Female,11700,6,17,1
11783,23.0,0.0,57400.0,2.9,30.2,3,2018-08-10,IT,Junior,High School,Full-Time,Hybrid,Male,7200,1,24,0
11784,41.0,16.1,156000.0,4.0,34.2,7,2022-06-25,,Junior,Master,Full-Time,Office,Female,22400,9,4,1
11785,36.0,22.3,59400.0,4.5,24.7,9,2017-10-29,Finance,Junior,Diploma,Full-Time,Hybrid,Female,8100,12,8,1
11786,23.0,0.1,56300.0,4.0,51.5,2,2023-07-22,Sales,Junior,Master,Full-Time,Hybrid,Male,7700,4,19,1
11787,33.0,13.2,57400.0,4.1,5.0,7,2019-12-25,HR,Senior,Bachelor,Full-Time,Office,Male,3000,9,11,1
11788,29.0,5.0,42600.0,3.3,27.0,3,2023-05-29,IT,Junior,Bachelor,Full-Time,Hybrid,Male,2100,6,14,0
11789,38.0,9.7,53700.0,2.2,47.3,8,2015-05-08,Finance,Junior,Diploma,Contract,Hybrid,Male,6700,6,6,1
11790,46.0,23.5,86400.0,3.1,30.6,8,2022-01-22,Operations,Lead,Master,Contract,Office,Female,7200,13,14,1
11791,21.0,0.0,57600.0,3.2,22.7,4,2020-06-10,HR,Junior,Diploma,Full-Time,Office,Male,8200,2,17,1
11792,36.0,12.8,40000.0,3.1,41.6,6,2022-05-15,HR,Junior,Diploma,Contract,Office,Female,5500,9,11,1
11793,34.0,11.7,38000.0,3.4,48.6,4,2016-06-08,Operations,Mid,Diploma,Full-Time,Hybrid,Male,5200,6,14,1
11794,40.0,18.8,45900.0,3.7,38.2,4,2019-10-22,IT,Mid,Bachelor,Full-Time,Office,Male,2900,10,13,1
11795,37.0,14.5,56600.0,4.0,23.0,5,2017-01-26,IT,Senior,Diploma,Full-Time,Hybrid,Male,2100,8,16,1
11796,29.0,3.2,88700.0,3.2,41.8,5,2023-04-02,IT,Lead,Bachelor,Part-Time,Hybrid,Female,9600,2,8,1
11797,32.0,11.5,32200.0,2.1,29.0,7,2023-10-17,IT,Senior,Bachelor,Contract,Hybrid,Female,2500,6,4,1
11798,29.0,1.2,48400.0,3.1,46.2,3,2017-06-12,Finance,Senior,Master,Full-Time,Remote,Female,6800,2,14,1
11799,44.0,15.8,58300.0,3.4,57.2,3,2022-09-07,,Lead,Diploma,Contract,Remote,Male,7600,8,16,1
11800,35.0,15.2,26400.0,4.3,5.0,2,2021-03-29,IT,Senior,Master,Full-Time,Hybrid,Female,3700,9,22,0
11801,50.0,29.5,39400.0,3.0,36.7,3,2023-02-28,IT,Junior,Bachelor,Part-Time,Office,Male,3700,15,13,1
11802,35.0,12.8,41900.0,3.8,9.0,3,2019-05-11,Finance,Mid,Diploma,Full-Time,Office,Female,3700,11,8,0
11803,29.0,2.8,40000.0,3.6,71.6,4,2015-03-29,Sales,Mid,Bachelor,Contract,Remote,Male,5200,2,11,1
11804,23.0,0.0,59400.0,3.4,28.0,3,2022-09-14,HR,Mid,Diploma,Full-Time,Office,Female,5100,4,12,1
11805,21.0,0.0,51600.0,4.1,46.2,6,2019-05-07,Marketing,Junior,Diploma,Full-Time,Remote,Female,7100,1,11,1
11806,22.0,0.0,44000.0,2.9,34.5,6,2019-11-23,Operations,Senior,High School,Contract,Hybrid,Male,1100,2,14,0
11807,37.0,12.8,65300.0,3.0,23.0,7,2016-09-28,HR,Junior,Master,Part-Time,Office,Male,4400,12,23,0
11808,39.0,19.0,109600.0,3.4,21.2,8,2021-02-26,Finance,Mid,High School,Part-Time,Remote,Female,14100,10,18,0
11809,22.0,4.3,106000.0,3.0,58.8,4,2023-04-22,Operations,Mid,Diploma,Part-Time,Remote,Female,5000,6,4,1
11810,42.0,18.7,25500.0,3.8,49.3,4,2024-06-21,IT,Mid,High School,Full-Time,Hybrid,Female,1800,10,12,1
11811,31.0,11.3,69300.0,2.9,64.2,5,2021-08-05,Finance,Mid,Bachelor,Contract,Office,Male,1500,7,4,1
11812,36.0,8.3,51200.0,3.6,35.8,6,2020-12-19,Sales,Mid,Diploma,Part-Time,Hybrid,Male,3000,8,8,1
11813,48.0,28.0,58500.0,3.3,39.3,7,2015-06-26,Marketing,Senior,Diploma,Full-Time,Hybrid,Female,3600,16,8,1
11814,42.0,17.6,46900.0,3.6,31.0,10,2023-07-21,Sales,Senior,Diploma,Full-Time,Hybrid,Female,5400,14,11,1
11815,33.0,11.9,57600.0,3.1,30.7,3,2019-04-19,IT,Mid,High School,Contract,Hybrid,Female,6200,8,11,0
11816,28.0,5.3,58400.0,3.2,19.4,3,2015-01-22,Finance,Mid,Master,Contract,Office,Male,4500,3,11,1
11817,21.0,3.0,43600.0,3.5,36.3,4,2016-10-14,Finance,Senior,Master,Full-Time,Office,Male,5000,4,21,1
11818,29.0,4.4,38400.0,3.5,23.2,2,2024-04-13,IT,Junior,Master,Full-Time,Office,Male,2900,6,17,0
11819,33.0,12.9,46000.0,3.4,41.6,1,2017-02-21,IT,Junior,High School,Contract,Office,Male,3500,9,11,0
11820,27.0,4.2,60400.0,4.6,37.6,4,2015-06-17,Marketing,Mid,Bachelor,Full-Time,Hybrid,Male,6300,6,14,1
11821,34.0,11.5,69900.0,2.7,39.3,6,2017-11-27,Sales,Mid,High School,Contract,Office,Male,8000,9,20,1
11822,36.0,13.4,77400.0,3.4,60.1,4,2017-05-22,IT,Lead,Master,Full-Time,Hybrid,Male,10100,9,5,1
11823,33.0,8.5,,2.3,34.4,6,2019-11-17,IT,Mid,High School,Full-Time,Office,Male,5300,5,12,0
11824,30.0,8.0,61600.0,3.7,46.4,5,2019-11-06,Sales,Mid,Bachelor,Full-Time,Office,Female,6600,8,14,0
11825,36.0,13.8,80800.0,2.6,65.8,3,2019-05-10,IT,Mid,Diploma,Full-Time,Remote,Female,7500,10,8,1
11826,39.0,17.7,87700.0,3.2,54.6,5,2023-03-07,Operations,Senior,Diploma,Full-Time,Remote,Male,5300,10,4,1
11827,26.0,4.3,53700.0,3.1,52.3,10,2018-10-28,Marketing,Junior,Master,Full-Time,Remote,Male,2900,7,9,1
11828,46.0,26.4,50300.0,3.6,30.4,2,2016-09-23,Marketing,Mid,Master,Full-Time,Hybrid,Male,6500,16,11,0
11829,34.0,14.8,59400.0,3.0,38.4,8,2019-05-21,Sales,Junior,Bachelor,Full-Time,Hybrid,Male,6700,7,17,1
11830,35.0,9.8,34700.0,3.0,15.2,4,2022-11-21,HR,Senior,High School,Full-Time,Remote,Female,3700,7,3,1
11831,41.0,21.6,50900.0,4.4,42.5,6,2018-12-21,Marketing,Senior,Bachelor,Contract,Office,Female,2700,14,14,1
11832,37.0,11.4,74100.0,3.6,39.1,2,2020-02-07,Finance,Lead,Bachelor,Contract,Remote,Female,10800,6,10,0
11833,43.0,22.8,71100.0,3.0,35.4,4,2023-11-12,Finance,Mid,Diploma,Full-Time,Hybrid,Female,2200,11,14,1
11834,37.0,16.9,49400.0,3.2,50.4,7,2016-12-22,HR,Junior,High School,Part-Time,Hybrid,Female,6400,12,20,1
11835,30.0,2.3,60000.0,4.6,16.9,6,2024-10-13,Marketing,Senior,Diploma,Contract,Hybrid,Male,2800,7,8,1
11836,38.0,16.3,39500.0,3.2,59.5,3,2023-08-13,IT,Senior,Diploma,Full-Time,Hybrid,Male,2800,9,18,1
11837,26.0,2.6,,2.9,48.5,4,2016-03-15,Operations,Junior,Bachelor,Full-Time,Remote,Male,5500,4,14,1
11838,36.0,11.7,53300.0,2.9,33.9,4,2024-02-19,HR,Junior,Diploma,Full-Time,Office,Male,5700,7,10,1
11839,35.0,17.1,49300.0,3.0,32.8,7,2024-07-09,IT,Mid,Master,Contract,Hybrid,Female,4500,10,15,1
11840,33.0,9.0,47600.0,3.0,42.2,5,2015-08-31,Operations,Mid,Master,Full-Time,Hybrid,Female,2100,6,16,1
11841,34.0,9.6,53600.0,2.5,57.8,7,2022-04-02,Finance,Senior,Diploma,Full-Time,Hybrid,Female,1300,6,8,0
11842,21.0,0.0,46000.0,2.6,36.5,4,2022-09-10,Operations,Junior,Diploma,Full-Time,Office,Male,5200,3,6,0
11843,31.0,11.1,71600.0,2.8,37.2,3,2016-06-26,HR,Senior,High School,Full-Time,Remote,Female,6100,9,6,0
11844,36.0,13.6,47000.0,3.8,35.3,3,2015-10-04,Marketing,Mid,Master,Full-Time,Hybrid,Male,3200,9,10,0
11845,36.0,17.5,104000.0,3.1,61.7,3,2016-07-03,Finance,Junior,High School,Full-Time,Hybrid,Female,5900,10,9,1
11846,27.0,6.6,98800.0,3.3,29.5,3,2018-08-24,Marketing,Mid,Diploma,Full-Time,Hybrid,Female,12500,5,15,1
11847,45.0,16.5,38500.0,4.3,34.6,4,2016-02-07,IT,Mid,Master,Full-Time,Hybrid,Female,4800,10,15,1
11848,28.0,4.4,56600.0,4.3,57.0,6,2022-05-21,Marketing,Lead,Bachelor,Full-Time,Hybrid,Male,7200,3,13,1
11849,43.0,19.3,42400.0,3.2,37.2,4,2018-12-24,Operations,Mid,Bachelor,Full-Time,Remote,Female,2100,11,17,1
11850,38.0,17.4,48300.0,3.0,52.1,11,2017-09-23,HR,Mid,Diploma,Full-Time,Office,Male,6300,11,12,1
11851,30.0,0.1,122500.0,2.8,21.3,3,2015-03-17,IT,Junior,High School,Full-Time,Office,Male,18100,1,14,1
11852,49.0,34.6,48600.0,3.9,31.9,6,2021-07-14,HR,Junior,Bachelor,Full-Time,Hybrid,Male,4800,18,14,1
11853,25.0,4.6,63500.0,3.3,57.3,1,2022-09-13,Operations,Junior,,Part-Time,Hybrid,Female,1700,3,10,1
11854,42.0,20.4,68300.0,3.1,24.9,10,2019-01-13,IT,Junior,Master,Contract,Hybrid,Female,7600,11,6,1
11855,43.0,24.5,36900.0,2.8,32.7,4,2023-08-17,HR,Mid,High School,Full-Time,Remote,Female,3300,15,6,1
11856,30.0,15.0,39100.0,2.9,38.9,5,2020-09-16,Finance,Mid,High School,Full-Time,Office,Female,4400,10,18,1
11857,46.0,26.6,34000.0,3.6,20.2,3,2015-11-14,HR,Junior,Bachelor,Full-Time,Hybrid,Male,1500,16,7,1
11858,33.0,13.8,38600.0,2.5,28.8,6,2024-04-22,Finance,Mid,Diploma,Full-Time,Remote,Female,3800,7,17,1
11859,37.0,15.4,18000.0,4.1,36.7,11,2024-08-02,Operations,Junior,Bachelor,Contract,Remote,Male,1600,8,19,1
11860,37.0,14.6,68400.0,3.0,35.7,6,2018-04-01,Sales,Lead,High School,Full-Time,Hybrid,Male,6700,12,9,1
11861,34.0,10.6,,3.3,54.2,3,2018-10-13,Marketing,Mid,Master,Full-Time,Office,Female,14300,6,13,1
11862,41.0,16.5,58400.0,2.5,58.1,2,2020-05-16,IT,Mid,High School,Full-Time,Remote,Male,5300,10,10,1
11863,41.0,16.9,31200.0,3.4,22.2,5,2022-05-11,Marketing,Mid,Master,Contract,Hybrid,Male,1900,8,10,0
11864,21.0,0.0,42500.0,3.2,36.7,7,2022-06-10,Operations,Mid,Master,Part-Time,Hybrid,Female,2600,1,21,1
11865,45.0,22.8,45800.0,3.4,45.1,3,2015-11-25,Finance,Senior,Master,Full-Time,Hybrid,Male,5100,13,16,1
11866,22.0,0.0,36600.0,4.4,57.7,1,2020-01-29,Finance,Lead,High School,Full-Time,Office,Female,3900,2,11,1
11867,43.0,21.6,77600.0,3.5,45.8,9,2024-07-17,Finance,Mid,High School,Full-Time,Hybrid,Female,5800,13,16,1
11868,44.0,21.9,76100.0,2.8,39.4,6,2020-03-19,HR,Mid,Diploma,Contract,Hybrid,Male,5000,12,19,1
11869,26.0,4.4,34600.0,2.9,45.0,6,2020-05-02,Marketing,Mid,Bachelor,Full-Time,Office,Female,3500,7,10,1
11870,,8.4,73500.0,3.8,45.1,3,2016-04-20,Finance,Mid,High School,Full-Time,Remote,Male,4500,4,16,0
11871,26.0,13.2,101300.0,4.3,21.1,4,2024-08-28,Sales,Senior,Master,Contract,Hybrid,Female,14700,8,7,1
11872,33.0,15.1,117700.0,3.6,37.9,6,2019-10-19,Operations,Mid,High School,Contract,Hybrid,Female,11500,10,9,1
11873,33.0,7.3,173000.0,3.9,56.9,2,2019-10-04,Finance,Junior,High School,Full-Time,Office,Female,16800,6,14,1
11874,41.0,19.7,38300.0,3.8,31.9,7,2019-12-19,Marketing,Mid,Bachelor,Full-Time,Office,Female,1400,11,12,1
11875,45.0,21.2,170200.0,4.4,36.9,8,2020-05-08,Finance,Lead,High School,Contract,Office,Female,16900,17,12,1
11876,46.0,21.0,47700.0,2.0,31.4,5,2018-03-21,Finance,Senior,Master,Contract,Hybrid,Male,2800,10,16,0
11877,31.0,5.0,43400.0,3.9,5.0,6,2016-06-21,IT,Senior,Bachelor,Contract,Office,Female,3400,8,11,1
11878,33.0,12.3,62700.0,4.1,35.3,3,2024-07-18,Finance,Junior,Diploma,Full-Time,Office,Male,5600,8,17,1
11879,22.0,0.0,43600.0,2.5,39.5,6,2021-07-18,Marketing,Senior,Master,Part-Time,Remote,Female,3600,1,15,0
11880,29.0,9.9,64500.0,2.8,27.3,6,2019-11-25,Operations,Junior,Master,Full-Time,Office,Male,8100,9,12,1
11881,43.0,24.0,32400.0,2.8,17.7,5,2024-06-19,IT,Mid,High School,Full-Time,Remote,Male,1100,12,11,1
11882,48.0,30.1,50000.0,2.9,21.8,8,2018-04-05,IT,Mid,Diploma,Full-Time,Office,Male,2100,19,12,0
11883,25.0,0.4,92000.0,3.1,46.5,7,2019-02-04,Finance,Lead,Bachelor,Full-Time,Hybrid,Male,3700,5,6,1
11884,30.0,9.4,53800.0,3.6,64.6,5,2020-12-27,Finance,Junior,Diploma,Full-Time,Hybrid,Male,6800,9,11,1
11885,35.0,14.9,58200.0,4.0,55.7,2,2024-01-14,Sales,Senior,High School,Full-Time,Office,Female,2100,10,7,1
11886,37.0,13.6,66500.0,4.2,14.8,2,2020-10-21,Marketing,Junior,Diploma,Full-Time,Hybrid,Male,9700,14,14,0
11887,29.0,4.7,87800.0,2.8,47.8,9,2016-03-03,Operations,Senior,Master,Full-Time,Office,Male,12800,4,5,1
11888,38.0,20.8,28400.0,2.8,25.1,4,2024-03-24,Marketing,Junior,Master,Contract,Office,Male,4200,12,4,1
11889,31.0,9.7,69500.0,4.3,26.3,5,2018-06-13,HR,Lead,Diploma,Full-Time,Hybrid,Female,10200,10,12,1
11890,35.0,14.9,49400.0,3.9,28.1,11,2019-09-27,Operations,Senior,Diploma,Full-Time,Office,Female,1900,8,15,1
11891,39.0,14.5,58800.0,3.5,45.6,3,2023-04-19,HR,Mid,Master,Full-Time,Office,Female,6200,10,12,1
11892,35.0,9.3,84000.0,3.7,49.4,3,2016-08-22,Marketing,Junior,Diploma,Part-Time,Office,Female,6000,5,18,1
11893,,8.3,34100.0,3.4,33.5,4,2015-04-07,Finance,Mid,Master,Full-Time,Remote,Male,3900,6,13,1
11894,34.0,11.6,36700.0,3.8,33.8,3,2016-04-22,IT,Junior,Diploma,Contract,Hybrid,Female,2700,8,23,0
11895,34.0,8.8,25400.0,3.2,42.0,6,2019-08-29,Sales,Junior,Bachelor,Full-Time,Office,Female,1800,5,13,1
11896,32.0,10.0,44200.0,3.6,43.5,7,2017-10-18,Finance,Mid,Bachelor,Full-Time,Office,Female,6100,6,24,1
11897,33.0,5.9,93600.0,2.3,52.6,2,2016-05-05,Operations,Senior,High School,Part-Time,Office,Male,7900,8,12,1
11898,48.0,22.6,52400.0,2.9,15.7,4,2018-08-12,Operations,Junior,Master,Full-Time,Office,Female,6100,11,16,1
11899,39.0,19.0,32200.0,2.9,35.3,3,2016-02-10,IT,Mid,Bachelor,Full-Time,Hybrid,Male,3400,12,13,1
11900,33.0,12.8,45300.0,3.1,19.0,5,2016-12-15,Operations,Senior,Master,Full-Time,Remote,Female,4800,11,14,0
11901,41.0,17.8,30300.0,2.8,34.2,7,2021-10-30,Marketing,Lead,Bachelor,Contract,Office,Male,2000,11,9,1
11902,32.0,6.9,35100.0,3.0,31.6,5,2022-07-09,Operations,Senior,High School,Contract,Hybrid,Female,1900,3,15,0
11903,44.0,18.9,64300.0,2.3,34.3,4,2018-07-22,Finance,Mid,Master,Full-Time,Hybrid,Male,8700,11,6,1
11904,38.0,14.9,34400.0,3.8,23.0,5,2017-11-09,Operations,Senior,Bachelor,Full-Time,Office,Male,800,7,12,1
11905,34.0,13.9,85800.0,3.3,12.7,7,2016-08-07,Sales,Mid,Master,Part-Time,Office,Male,3600,9,9,0
11906,39.0,19.8,53500.0,2.2,5.0,6,2021-10-10,Operations,Junior,High School,Full-Time,Office,Female,2000,10,10,1
11907,22.0,0.0,56900.0,2.8,33.0,3,2017-08-11,HR,Mid,High School,Full-Time,Remote,Male,8200,1,17,1
11908,26.0,0.5,49200.0,3.6,28.5,6,2022-12-07,IT,Senior,Bachelor,Full-Time,Hybrid,Female,1000,1,14,1
11909,25.0,3.8,74900.0,3.0,24.9,5,2024-05-25,Finance,Lead,Diploma,Full-Time,Office,Female,1600,4,3,0
11910,36.0,11.5,75200.0,2.9,54.8,4,2020-07-23,Sales,Lead,High School,Contract,Remote,Male,3700,8,16,1
11911,49.0,25.4,62900.0,3.3,22.1,2,2024-04-04,Finance,Mid,Diploma,Part-Time,Remote,Male,3500,13,12,1
11912,53.0,35.0,68900.0,3.6,56.3,5,2016-08-16,Marketing,Mid,High School,Full-Time,Office,Female,6400,18,16,0
11913,40.0,20.5,50500.0,2.4,59.4,5,2020-01-06,IT,Junior,Bachelor,Full-Time,Hybrid,Female,7300,14,13,1
11914,39.0,17.5,68300.0,3.8,5.7,5,2015-12-22,Marketing,Junior,Diploma,Part-Time,Office,Male,5500,10,6,0
11915,21.0,0.0,48000.0,2.8,36.4,3,2020-09-05,Operations,Mid,Master,Full-Time,Office,Female,2800,1,19,0
11916,31.0,9.6,55000.0,3.4,29.0,6,2019-08-04,Marketing,Senior,High School,Full-Time,Hybrid,Male,6900,8,16,1
11917,29.0,10.2,49300.0,3.4,5.0,5,2023-07-16,Operations,Mid,Bachelor,Full-Time,Hybrid,Male,3500,5,13,1
11918,30.0,6.9,45800.0,3.0,13.3,5,2021-11-08,HR,Senior,Master,Full-Time,Office,Female,1800,6,6,1
11919,34.0,16.1,41700.0,2.7,46.6,6,2015-04-22,Marketing,Mid,Diploma,Full-Time,Office,Female,5100,12,14,0
11920,31.0,12.9,66300.0,3.2,65.3,5,2022-08-26,Sales,Lead,Bachelor,Part-Time,Hybrid,Female,1300,9,13,1
11921,21.0,4.0,92900.0,4.5,48.5,6,2016-01-10,IT,Junior,Master,Part-Time,Hybrid,Male,4300,3,7,1
11922,41.0,19.9,87900.0,2.4,39.9,2,2018-08-31,HR,Mid,Bachelor,Full-Time,Office,Female,9000,13,12,1
11923,26.0,5.8,33300.0,4.6,34.7,12,2017-04-24,Finance,Mid,Diploma,Full-Time,Office,Male,1100,5,3,0
11924,37.0,19.2,92100.0,3.2,60.2,7,2020-12-13,Marketing,Junior,Master,Full-Time,Hybrid,Male,4900,13,3,1
11925,52.0,31.3,48400.0,3.4,67.2,4,2023-06-06,Finance,Mid,High School,Full-Time,Hybrid,Male,3400,20,6,1
11926,28.0,4.5,69900.0,,26.2,5,2022-02-22,HR,Junior,High School,Part-Time,Office,Female,5000,5,12,1
11927,21.0,0.0,38300.0,2.9,5.0,7,2018-10-15,Finance,Mid,Bachelor,Full-Time,Office,Female,5600,1,8,1
11928,33.0,11.7,58200.0,3.0,5.0,1,2022-03-10,Sales,Mid,High School,Full-Time,Remote,Female,6300,8,17,0
11929,44.0,18.1,62400.0,2.7,54.8,5,2015-12-28,HR,Senior,Diploma,Full-Time,Office,Male,1500,9,8,0
11930,51.0,28.6,30400.0,3.3,34.3,6,2016-11-09,IT,Senior,Diploma,Full-Time,Office,Female,1500,16,10,1
11931,25.0,6.3,70200.0,3.1,37.7,5,2017-09-09,IT,Mid,Master,Contract,Hybrid,Male,7000,3,17,0
11932,39.0,10.4,94200.0,4.7,8.1,2,2022-09-12,IT,Lead,Master,Full-Time,Office,Female,10600,8,10,1
11933,31.0,13.6,51300.0,2.6,23.7,5,2022-09-23,IT,Senior,Master,Full-Time,Hybrid,Female,3600,8,12,1
11934,34.0,15.4,94800.0,3.5,30.6,2,2019-09-28,HR,Mid,Bachelor,Full-Time,Hybrid,Male,12500,12,17,0
11935,56.0,32.6,51000.0,3.6,38.1,4,2020-07-29,HR,Junior,Bachelor,Full-Time,Office,Male,7300,18,22,0
11936,23.0,2.6,77300.0,2.7,29.0,5,2019-09-15,Operations,Junior,Diploma,Contract,Office,Male,7700,4,16,0
11937,37.0,15.0,22600.0,3.9,19.4,6,2018-07-11,HR,Senior,Diploma,Contract,Office,Female,2100,10,14,1
11938,39.0,20.7,144700.0,3.1,23.2,3,2017-03-10,Marketing,Mid,Bachelor,Full-Time,Hybrid,Male,17000,11,23,0
11939,44.0,24.9,100000.0,1.7,53.1,6,2015-10-02,Operations,Junior,Master,Full-Time,Hybrid,Female,12200,13,6,1
11940,36.0,9.8,49100.0,3.9,38.7,6,2019-07-12,HR,Mid,Bachelor,Full-Time,Hybrid,Female,2400,11,22,1
11941,37.0,16.8,25000.0,2.6,44.2,3,2021-09-09,HR,Junior,Master,Full-Time,Hybrid,Female,2100,9,13,0
11942,32.0,9.4,61700.0,2.7,21.5,4,2018-08-29,HR,Senior,Diploma,Full-Time,Office,Female,4800,6,14,0
11943,37.0,15.2,30900.0,3.9,5.0,4,2017-06-24,IT,Senior,Master,Contract,Remote,Male,4400,8,6,0
11944,32.0,7.8,65700.0,3.2,27.2,7,2020-02-26,Sales,Mid,Bachelor,Full-Time,Hybrid,Female,2300,8,6,1
11945,40.0,23.2,64800.0,4.0,22.0,4,2016-05-06,IT,Junior,High School,Full-Time,Hybrid,Male,9200,18,10,1
11946,32.0,13.1,37700.0,4.2,40.2,7,2018-11-28,Operations,Mid,Diploma,Full-Time,Office,Female,3600,9,12,1
11947,38.0,13.8,86100.0,2.9,84.3,5,2021-08-21,Sales,Junior,Diploma,Full-Time,Office,Male,4900,7,12,1
11948,35.0,9.0,75900.0,4.0,45.4,2,2016-10-20,Sales,Mid,Bachelor,Full-Time,Remote,Female,10100,6,13,1
11949,44.0,20.8,81300.0,2.9,76.0,6,2016-06-24,Sales,Senior,Bachelor,Part-Time,Hybrid,Female,2200,12,9,1
11950,35.0,14.3,55200.0,5.0,43.5,5,2022-11-26,Operations,Junior,Diploma,Contract,Hybrid,Female,3400,8,14,1
11951,21.0,0.0,31200.0,2.9,25.6,3,2015-11-16,Operations,Mid,Bachelor,Full-Time,Office,Male,3700,5,4,0
11952,45.0,26.8,81300.0,4.1,40.2,2,2020-07-29,IT,Junior,Master,Full-Time,Office,Female,10400,14,19,0
11953,28.0,8.4,49400.0,4.0,61.7,8,2021-03-22,Marketing,Mid,Master,Full-Time,Remote,Male,2100,8,9,1
11954,30.0,10.9,31500.0,3.6,62.4,1,2016-03-31,Finance,Junior,Master,Full-Time,Remote,Male,4500,8,13,0
11955,30.0,9.0,94500.0,2.9,26.4,5,2016-10-12,Marketing,Mid,High School,Full-Time,Hybrid,Male,2500,6,10,1
11956,46.0,19.8,127400.0,3.3,38.8,4,2018-08-05,IT,Mid,Bachelor,Contract,Hybrid,Male,9700,12,12,1
11957,21.0,0.0,54100.0,1.9,13.6,6,2018-07-28,Sales,Senior,Master,Full-Time,Remote,Male,1800,2,13,0
11958,60.0,35.0,130400.0,3.6,47.4,3,2016-02-21,Finance,Mid,Diploma,Full-Time,Remote,Female,4300,20,30,1
11959,43.0,20.8,57000.0,3.6,58.3,5,2019-02-16,Marketing,Mid,Master,Full-Time,Remote,Female,7900,10,3,1
11960,37.0,16.5,47200.0,3.5,35.6,3,2024-11-18,Operations,Lead,Master,Full-Time,Remote,Male,6500,10,7,0
11961,35.0,12.0,42700.0,1.3,25.0,7,2017-03-14,Operations,Mid,Bachelor,Full-Time,Hybrid,Female,4300,11,6,1
11962,37.0,11.9,105900.0,2.5,40.4,5,2022-09-27,HR,Mid,Diploma,Part-Time,Hybrid,Female,15400,9,14,0
11963,39.0,16.6,40300.0,2.9,41.3,7,2017-03-08,Operations,Junior,High School,Full-Time,Hybrid,Male,3400,10,14,1
11964,40.0,18.9,73800.0,3.6,36.2,6,2024-04-07,Marketing,Senior,Diploma,Full-Time,Hybrid,Male,9000,13,19,1
11965,39.0,15.0,44000.0,3.6,37.7,8,2016-08-31,IT,Mid,Master,Part-Time,Hybrid,Male,1400,10,12,1
11966,36.0,13.3,45800.0,3.3,32.4,6,2020-07-05,Finance,Junior,High School,Full-Time,Office,Male,3300,7,18,1
11967,33.0,8.2,83000.0,3.8,49.9,4,2022-10-11,HR,Junior,High School,Contract,Office,Female,7200,5,18,1
11968,34.0,15.4,47200.0,2.7,46.0,4,2019-06-20,Operations,Mid,High School,Full-Time,Office,Female,5700,9,11,0
11969,33.0,10.1,46800.0,3.8,20.3,2,2023-05-21,Operations,Junior,High School,Full-Time,Hybrid,Male,3000,10,9,0
11970,44.0,26.4,86500.0,3.7,19.8,2,2017-12-16,Finance,Senior,High School,Full-Time,Office,Female,12800,13,11,1
11971,40.0,22.6,104200.0,3.7,31.2,5,2023-09-30,Finance,Junior,Bachelor,Contract,Hybrid,Male,12000,12,9,1
11972,21.0,0.0,71200.0,3.3,46.1,2,2018-08-06,Marketing,Mid,Master,Contract,Remote,Male,6400,4,12,0
11973,40.0,15.0,42300.0,4.7,37.2,1,2022-03-30,Operations,Junior,High School,Full-Time,Remote,Female,2700,12,8,0
11974,37.0,8.7,44800.0,,25.4,4,2023-04-09,Sales,Mid,Master,Full-Time,Hybrid,Male,4600,7,14,0
11975,35.0,8.6,56800.0,2.7,38.9,6,2018-08-26,Operations,Junior,Bachelor,Full-Time,Hybrid,Female,6100,6,4,0
11976,32.0,5.9,62500.0,3.6,30.0,6,2024-12-13,Marketing,Mid,Bachelor,Full-Time,Remote,Female,6800,5,14,0
11977,44.0,26.1,37000.0,3.9,48.2,9,2024-01-13,HR,Lead,Bachelor,Full-Time,Remote,Female,3600,16,15,1
11978,43.0,21.3,73400.0,3.0,40.0,3,2020-08-15,IT,Senior,Diploma,Full-Time,Office,Female,5300,13,15,0
11979,29.0,8.2,56900.0,4.2,30.3,9,2024-08-15,Operations,Junior,Diploma,Full-Time,Office,Female,7200,4,0,1
11980,38.0,9.3,27700.0,3.7,38.5,6,2015-11-06,Marketing,Mid,High School,Part-Time,Hybrid,Female,1500,6,13,0
11981,27.0,1.4,37900.0,1.8,54.7,11,2017-02-23,Sales,Mid,Bachelor,Full-Time,Office,Male,3800,2,14,0
11982,24.0,4.7,45000.0,3.6,26.5,5,2020-04-29,Sales,Lead,Diploma,Part-Time,Remote,Female,3700,9,26,1
11983,30.0,8.9,53400.0,3.1,41.0,2,2022-12-13,Marketing,Senior,Bachelor,Full-Time,Office,Female,7300,8,13,1
11984,42.0,19.6,117100.0,3.8,33.9,7,2017-06-23,HR,Junior,Diploma,Full-Time,Hybrid,Female,11300,14,5,1
11985,43.0,22.7,60500.0,4.1,41.4,2,2017-10-22,Sales,Junior,Bachelor,Full-Time,Office,Male,7900,14,4,1
11986,,21.9,39300.0,3.5,25.2,2,2019-06-15,Sales,Senior,Diploma,Full-Time,Office,Female,5700,11,11,1
11987,41.0,18.3,60100.0,4.6,36.7,5,2022-09-22,Operations,Junior,Master,Full-Time,Hybrid,Male,2200,9,8,1
11988,39.0,17.2,47800.0,3.3,51.6,7,2022-09-02,Operations,Lead,High School,Full-Time,Hybrid,Female,4400,9,16,1
11989,30.0,8.6,62600.0,3.8,20.9,4,2018-10-30,HR,Lead,High School,Full-Time,Office,Female,8400,7,20,1
11990,38.0,23.2,69400.0,4.0,15.1,6,2024-01-31,HR,Senior,Master,Contract,Office,Male,9300,13,0,1
11991,41.0,12.7,89200.0,3.3,15.6,6,2024-09-13,HR,Junior,High School,Full-Time,Remote,Male,4100,9,10,0
11992,41.0,21.0,54500.0,3.9,17.4,2,2019-06-03,HR,Mid,Bachelor,Full-Time,Office,Female,4500,10,18,1
11993,45.0,22.7,105900.0,3.0,43.9,10,2017-04-02,Marketing,Mid,High School,Full-Time,Hybrid,Female,5200,14,16,1
11994,41.0,20.7,79100.0,3.1,13.9,4,2018-08-20,Marketing,Senior,High School,Contract,Office,Female,10800,11,8,1
11995,38.0,14.0,41400.0,2.5,30.5,4,2015-02-27,Finance,Junior,Diploma,Contract,Office,Male,800,9,14,0
11996,44.0,21.9,133100.0,3.6,44.3,4,2018-06-02,Finance,Mid,Diploma,Part-Time,Hybrid,Female,6400,12,18,1
11997,35.0,15.1,62700.0,3.6,41.2,3,2018-12-20,Finance,Junior,Master,Full-Time,Hybrid,Female,4600,11,12,0
11998,28.0,15.3,39400.0,4.2,29.2,3,2018-05-10,Sales,Mid,Diploma,Full-Time,Remote,Female,1900,11,15,1
11999,34.0,14.4,106500.0,4.0,37.9,7,2020-04-24,HR,Lead,Master,Full-Time,Office,Female,15600,8,18,1
12000,29.0,4.5,126300.0,3.2,36.6,7,2016-06-01,Marketing,Lead,High School,Full-Time,Remote,Female,6500,6,12,0
12001,30.0,6.7,54300.0,2.6,31.6,7,2020-09-08,Marketing,Senior,Diploma,Full-Time,Hybrid,Male,3600,5,12,1
12002,34.0,10.6,45000.0,3.7,31.8,3,2015-05-31,HR,Lead,Diploma,Full-Time,Hybrid,Male,1900,8,17,1
12003,29.0,1.6,51300.0,4.2,68.5,5,2016-07-01,Finance,Junior,High School,Contract,Office,Female,7200,2,16,0
12004,33.0,10.0,73200.0,3.9,47.1,7,2020-11-27,Operations,Mid,Diploma,Full-Time,Remote,Female,5400,6,19,0
12005,21.0,1.2,91700.0,4.2,72.2,7,2018-02-18,Sales,Mid,Bachelor,Full-Time,Office,Male,5000,1,17,1
12006,37.0,11.2,69100.0,3.3,27.5,4,2021-04-07,Marketing,Mid,Diploma,Full-Time,Remote,Male,3600,9,21,1
12007,35.0,16.1,57300.0,3.1,33.7,8,2017-11-19,IT,Mid,Bachelor,Full-Time,Office,Female,5500,10,9,1
12008,28.0,7.5,100100.0,2.9,15.0,8,2021-11-18,Sales,Senior,Master,Full-Time,Remote,Male,14700,5,14,0
12009,40.0,15.8,48500.0,3.4,22.9,5,2021-11-17,Sales,Mid,Diploma,Full-Time,Hybrid,Female,7100,12,11,1
12010,43.0,20.6,83100.0,3.3,63.5,10,2021-04-03,Finance,Senior,Diploma,Part-Time,Remote,Female,12300,11,4,1
12011,22.0,4.8,49000.0,3.5,27.2,6,2018-10-26,HR,Senior,Bachelor,Contract,Hybrid,Female,3400,4,7,0
12012,29.0,9.2,65300.0,3.3,63.8,9,2019-09-02,IT,Junior,High School,Full-Time,Office,Male,9100,7,18,1
12013,29.0,7.0,52600.0,3.3,16.3,8,2018-03-18,Finance,Junior,Master,Contract,Office,Female,4100,4,15,0
12014,27.0,4.3,53800.0,2.9,19.2,6,2021-08-18,HR,Senior,Master,Contract,Office,Male,4600,6,17,1
12015,42.0,20.2,47300.0,4.1,29.9,4,2016-08-22,IT,Mid,Bachelor,Full-Time,Hybrid,Male,4100,14,11,1
12016,33.0,9.5,94200.0,3.5,34.0,2,2022-01-07,Operations,Senior,High School,Full-Time,Hybrid,Male,2700,6,13,1
12017,33.0,4.7,41000.0,3.3,48.8,3,2024-08-05,Operations,Junior,Diploma,Part-Time,Office,Male,1800,3,14,0
12018,21.0,5.1,40900.0,2.9,41.8,1,2021-04-18,Marketing,Senior,High School,Full-Time,Office,Male,5500,5,11,1
12019,40.0,18.5,128500.0,2.5,28.8,8,2019-02-05,IT,Senior,High School,Part-Time,Hybrid,Male,17500,10,14,0
12020,25.0,4.2,81300.0,4.3,33.0,7,2022-02-23,Finance,Mid,Bachelor,Full-Time,Office,Male,3800,5,2,1
12021,35.0,12.8,21200.0,3.8,30.2,5,2022-01-27,IT,Mid,High School,Full-Time,Office,Male,1300,8,12,1
12022,37.0,12.8,43900.0,2.3,21.3,2,2023-07-15,IT,Mid,High School,Full-Time,Office,Male,5600,8,10,1
12023,46.0,23.4,26600.0,3.9,21.7,7,2022-04-29,IT,Junior,Bachelor,Part-Time,Remote,Male,1200,14,15,0
12024,25.0,0.0,37600.0,4.0,50.4,12,2024-11-19,Marketing,Senior,High School,Full-Time,Office,Male,5100,3,21,1
12025,21.0,5.8,18000.0,3.5,7.6,5,2016-08-29,Operations,Junior,High School,Full-Time,Remote,Male,2300,8,15,0
12026,36.0,10.3,52100.0,4.5,59.3,3,2016-03-10,Operations,Senior,Master,Full-Time,Office,Female,6500,7,15,1
12027,49.0,23.9,34800.0,3.6,29.9,4,2022-04-12,HR,Senior,Bachelor,Contract,Office,Male,4700,14,23,1
12028,45.0,21.7,56300.0,2.4,23.4,5,2021-05-12,IT,Senior,Bachelor,Full-Time,Remote,Female,7600,14,10,1
12029,37.0,18.9,28700.0,3.7,46.1,6,2022-12-05,Sales,Junior,Bachelor,Part-Time,Office,Male,4000,11,8,1
12030,31.0,9.0,56900.0,3.6,57.3,3,2019-03-12,Finance,Junior,High School,Full-Time,Remote,Female,7600,6,5,1
12031,41.0,15.3,46600.0,3.0,51.8,3,2023-09-02,Sales,Senior,Master,Full-Time,Hybrid,Male,4600,11,20,1
12032,27.0,8.8,100300.0,3.8,42.5,1,2019-10-01,HR,Senior,Master,Full-Time,Hybrid,Male,4100,4,18,1
12033,39.0,19.2,96700.0,2.2,51.3,5,2023-10-23,Finance,Mid,Diploma,Full-Time,Remote,Female,9600,14,5,0
12034,39.0,18.6,75300.0,4.1,9.3,2,2023-01-30,HR,Mid,Bachelor,Full-Time,Office,Male,10700,11,18,1
12035,43.0,23.1,48300.0,2.8,27.2,4,2016-10-28,Finance,Mid,Master,Full-Time,Remote,Female,7000,14,15,1
12036,57.0,35.0,121700.0,2.7,21.3,2,2017-02-20,Operations,Senior,Master,Part-Time,Hybrid,Male,14000,20,5,1
12037,38.0,22.6,29600.0,3.3,53.4,7,2018-11-26,Operations,Senior,Master,Full-Time,Hybrid,Male,3300,12,14,1
12038,31.0,6.9,31400.0,3.7,29.2,3,2017-04-12,Sales,Junior,Bachelor,Full-Time,Hybrid,Male,4500,5,13,0
12039,35.0,17.9,53200.0,3.5,47.7,9,2021-12-26,Sales,Mid,High School,Full-Time,Hybrid,Female,3100,9,12,1
12040,21.0,0.1,135500.0,2.9,43.0,6,2024-07-18,Marketing,Junior,Diploma,Full-Time,Office,Female,5400,3,5,1
12041,29.0,8.5,50700.0,3.0,22.1,5,2021-05-12,HR,Senior,Diploma,Full-Time,Office,Female,2900,6,26,1
12042,32.0,4.9,51100.0,2.6,26.2,2,2015-11-22,Sales,Senior,High School,Full-Time,Office,Male,7300,4,6,1
12043,31.0,8.5,30900.0,3.2,54.4,5,2024-02-10,Finance,Senior,Bachelor,Part-Time,Office,Female,1500,5,7,0
12044,36.0,11.6,80300.0,4.2,23.4,5,2016-07-10,IT,Mid,Master,Full-Time,Hybrid,Male,4000,9,6,1
12045,28.0,8.5,80500.0,3.4,36.9,8,2016-05-27,IT,Junior,High School,Full-Time,Hybrid,Male,3600,6,19,1
12046,44.0,25.2,75400.0,4.0,23.3,2,2023-10-24,IT,Senior,Diploma,Full-Time,Hybrid,Female,6300,16,6,1
12047,35.0,6.8,42800.0,4.4,30.3,5,2021-05-31,Marketing,Senior,Bachelor,Full-Time,Hybrid,Female,5300,6,10,1
12048,35.0,12.9,41500.0,3.0,34.3,5,2021-08-19,Sales,Mid,Master,Full-Time,Hybrid,Male,2900,10,14,0
12049,32.0,13.4,32800.0,3.3,23.3,6,2019-08-18,HR,Junior,Diploma,Contract,Hybrid,Male,1100,9,1,1
12050,36.0,13.4,56900.0,4.9,20.6,1,2015-02-25,HR,Junior,Diploma,Full-Time,Remote,Male,6600,11,7,0
12051,42.0,22.2,35700.0,4.4,39.3,3,2017-06-30,Marketing,Junior,Diploma,Full-Time,Remote,Female,3500,13,8,1
12052,28.0,7.1,34300.0,2.2,22.3,9,2020-06-20,Finance,Junior,Master,Full-Time,Office,Female,2800,7,17,1
12053,30.0,9.0,46400.0,3.7,22.8,6,2024-01-11,Operations,Junior,Diploma,Full-Time,Office,Female,6700,6,11,0
12054,33.0,10.2,45200.0,3.4,20.9,5,2019-03-23,Sales,Junior,Bachelor,Full-Time,Hybrid,Female,3700,6,10,0
12055,24.0,0.0,44400.0,4.0,33.8,4,2015-01-20,Sales,Lead,Bachelor,Full-Time,Remote,Female,5100,2,17,1
12056,28.0,2.6,66300.0,2.9,49.2,3,2023-11-05,Finance,Mid,Master,Full-Time,Hybrid,Female,2700,3,10,1
12057,31.0,11.1,56800.0,2.8,57.6,11,2024-09-11,Finance,Mid,Bachelor,Full-Time,Hybrid,Male,4200,6,19,1
12058,42.0,20.1,49000.0,2.9,24.1,6,2022-12-09,Sales,Junior,High School,Part-Time,Hybrid,Female,2300,10,25,1
12059,37.0,14.6,59200.0,3.0,67.3,3,2022-03-23,Sales,Lead,Bachelor,Full-Time,Office,Female,3900,8,18,0
12060,37.0,13.7,37000.0,4.0,19.9,7,2017-07-09,IT,Mid,Diploma,Full-Time,Hybrid,Male,3000,10,22,1
12061,42.0,19.1,57400.0,2.6,51.3,6,2021-08-10,HR,Lead,Diploma,Full-Time,Hybrid,Male,2500,10,15,1
12062,34.0,15.1,,3.0,24.2,2,2015-01-01,IT,Senior,Bachelor,Full-Time,Hybrid,Male,7300,9,13,1
12063,38.0,15.0,30100.0,2.1,21.9,4,2023-02-08,IT,Junior,Bachelor,Full-Time,Hybrid,Female,2100,10,12,0
12064,34.0,8.0,81900.0,4.1,23.8,5,2017-04-27,HR,Senior,Master,Full-Time,Remote,Male,11200,7,17,1
12065,37.0,17.2,38700.0,4.3,34.2,2,2018-06-06,Marketing,Mid,Master,Part-Time,Office,Female,4200,13,6,1
12066,30.0,7.4,57000.0,3.2,43.7,2,2016-12-25,Operations,Mid,High School,Full-Time,Hybrid,Female,2400,5,17,1
12067,21.0,0.0,87600.0,3.2,45.0,4,2018-07-30,Marketing,Senior,Bachelor,Full-Time,Hybrid,Male,9100,1,10,1
12068,34.0,16.8,79600.0,3.7,20.8,6,2017-01-29,Marketing,Senior,High School,Full-Time,Office,Female,1800,9,15,1
12069,46.0,23.9,55800.0,4.4,20.2,4,2018-02-16,Marketing,Senior,Bachelor,Full-Time,Hybrid,Male,7000,14,13,1
12070,42.0,20.9,47600.0,3.7,21.3,6,2020-03-29,Finance,Senior,High School,Part-Time,Hybrid,Female,7000,11,16,1
12071,43.0,17.5,80300.0,2.9,33.3,8,2015-08-15,IT,Mid,Bachelor,Part-Time,Office,Male,8700,14,16,1
12072,45.0,22.3,72000.0,2.3,31.8,7,2023-06-23,Finance,Senior,Bachelor,Full-Time,Hybrid,Female,10100,11,14,1
12073,36.0,15.8,42900.0,2.6,20.7,8,2016-12-02,Finance,Senior,Bachelor,Full-Time,Remote,Female,2500,11,13,1
12074,37.0,10.3,40000.0,3.5,39.0,5,2015-11-04,HR,Senior,High School,Contract,Office,Male,3000,8,10,1
12075,30.0,8.6,24000.0,2.9,68.9,1,2024-04-01,Marketing,Junior,Diploma,Full-Time,Remote,Male,1800,6,12,1
12076,32.0,10.3,58500.0,3.5,27.4,5,2023-03-29,Sales,Mid,Master,Part-Time,Office,Female,2000,9,8,0
12077,40.0,18.1,53200.0,,28.5,5,2022-03-01,Marketing,Junior,Master,Full-Time,Office,Female,6600,15,6,1
12078,45.0,26.1,,2.7,43.4,7,2019-02-26,IT,Junior,High School,Full-Time,Office,Female,7300,15,4,1
12079,34.0,13.0,63500.0,2.6,26.6,2,2019-03-12,Finance,Junior,Bachelor,Full-Time,Office,Male,5300,8,16,1
12080,31.0,13.4,93800.0,4.5,45.0,6,2024-04-05,IT,Junior,Diploma,Full-Time,Office,Male,10000,9,7,1
12081,35.0,10.0,41600.0,4.0,24.2,6,2020-01-19,Finance,Junior,High School,Full-Time,Hybrid,Male,1800,8,15,1
12082,40.0,18.4,86700.0,4.6,62.5,3,2018-01-17,Finance,Junior,High School,Contract,Office,Male,10900,12,12,1
12083,23.0,1.3,44500.0,3.8,40.2,5,2024-02-29,Finance,Mid,Master,Full-Time,Hybrid,Female,3000,3,6,1
12084,21.0,0.0,75100.0,3.1,25.7,7,2022-04-22,Sales,Junior,Master,Full-Time,Hybrid,Female,2300,2,4,0
12085,31.0,11.9,30700.0,4.3,26.2,4,2016-10-14,Marketing,Junior,Diploma,Full-Time,Office,Female,1400,6,14,0
12086,25.0,10.0,60400.0,3.4,27.3,3,2017-03-07,Finance,Senior,Bachelor,Full-Time,Office,Female,3200,6,6,0
12087,31.0,8.9,24900.0,3.6,55.6,2,2016-04-24,HR,Senior,Diploma,Full-Time,Office,Male,1100,6,13,1
12088,34.0,13.5,49400.0,3.4,16.0,4,2023-01-28,Operations,Mid,Master,Contract,Office,Male,2500,11,15,1
12089,31.0,9.3,65600.0,1.3,25.0,8,2024-08-29,Operations,Senior,Bachelor,Full-Time,Hybrid,Male,9800,7,7,0
12090,47.0,22.9,44700.0,4.5,26.6,9,2019-11-15,Finance,Mid,Diploma,Part-Time,Office,Male,4000,12,5,1
12091,38.0,10.5,36100.0,3.7,34.8,11,2017-06-15,Marketing,Junior,High School,Full-Time,Office,Female,3600,7,11,1
12092,37.0,12.9,77200.0,3.6,30.9,4,2023-02-15,Marketing,Senior,High School,Full-Time,Office,Female,3200,8,10,1
12093,40.0,13.8,52800.0,3.4,12.6,8,2016-08-08,Sales,Lead,High School,Full-Time,Hybrid,Male,1400,8,8,1
12094,26.0,9.1,45200.0,3.5,29.0,2,2018-10-10,Finance,Senior,Bachelor,Part-Time,Hybrid,Female,2700,7,2,1
12095,43.0,20.7,55900.0,3.0,33.5,2,2015-09-19,HR,Junior,Bachelor,Full-Time,Office,Female,6700,11,17,1
12096,34.0,11.0,157900.0,3.8,25.6,8,2018-04-14,Sales,Junior,Master,Contract,Hybrid,Female,14600,6,12,0
12097,40.0,20.7,87200.0,2.5,45.3,3,2021-09-17,Sales,Junior,Diploma,Full-Time,Hybrid,Male,1900,11,15,0
12098,26.0,0.6,87600.0,3.5,48.8,6,2024-01-15,Finance,Mid,Bachelor,Contract,Office,Female,10700,1,12,0
12099,23.0,0.0,65500.0,3.8,33.8,6,2019-05-31,Finance,Mid,Bachelor,Full-Time,Hybrid,Male,2200,2,16,1
12100,42.0,20.2,58800.0,3.3,38.5,6,2018-09-08,Sales,Mid,Diploma,Full-Time,Office,Male,4500,12,11,1
12101,38.0,19.1,21100.0,3.7,5.0,4,2016-11-25,Sales,Mid,Master,Full-Time,Office,Female,3200,13,10,1
12102,28.0,7.5,41900.0,2.7,28.7,2,2022-10-04,Sales,Mid,Bachelor,Full-Time,Hybrid,Male,1500,7,8,0
12103,28.0,6.7,45400.0,2.7,50.1,4,2021-05-13,IT,Mid,Diploma,Full-Time,Hybrid,Male,5700,7,13,1
12104,44.0,22.2,26000.0,3.6,28.6,7,2022-06-17,Sales,Junior,Bachelor,Full-Time,Remote,Male,3200,13,10,1
12105,25.0,4.2,34600.0,3.9,23.9,5,2024-02-29,Marketing,Mid,Bachelor,Full-Time,Hybrid,Male,2700,4,9,1
12106,48.0,26.6,24900.0,2.1,69.2,5,2021-03-14,Operations,Lead,Master,Full-Time,Office,Male,3700,15,3,1
12107,28.0,2.9,54200.0,3.8,62.3,5,2020-01-22,HR,Senior,High School,Full-Time,Remote,Male,3300,3,10,1
12108,40.0,18.1,76300.0,3.0,42.0,4,2021-02-15,HR,Mid,Bachelor,Contract,Office,Male,4700,11,14,0
12109,32.0,6.8,85600.0,3.3,52.1,4,2017-11-07,Operations,Junior,Master,Full-Time,Remote,Male,3400,3,11,0
12110,40.0,18.2,64900.0,2.5,5.0,2,2017-01-13,Finance,Junior,Diploma,Contract,Office,Male,4400,14,15,0
12111,31.0,7.6,37400.0,2.8,23.2,4,2024-07-17,Sales,Mid,Diploma,Contract,Office,Male,2200,5,7,0
12112,34.0,19.6,25400.0,4.1,28.0,3,2023-11-30,HR,Mid,High School,Full-Time,Office,Female,2500,15,9,1
12113,35.0,12.9,27200.0,3.4,31.5,5,2015-08-31,HR,Junior,Diploma,Full-Time,Hybrid,Female,700,10,14,0
12114,27.0,0.8,33100.0,3.1,27.7,3,2018-12-20,Marketing,Junior,High School,Full-Time,Office,Male,2000,4,12,0
12115,41.0,18.6,38500.0,3.3,5.0,6,2020-10-01,Marketing,Mid,Bachelor,Full-Time,Hybrid,Male,800,9,0,1
12116,31.0,10.6,51600.0,3.7,40.8,8,2018-06-03,,Junior,High School,Full-Time,Office,Female,1100,7,9,1
12117,33.0,16.0,36700.0,3.7,43.2,5,2019-10-04,Operations,Lead,Bachelor,Full-Time,Office,Male,4600,10,7,1
12118,27.0,3.2,63000.0,3.3,59.0,6,2022-02-22,IT,Junior,Diploma,Part-Time,Office,Male,7400,5,11,1
12119,21.0,0.0,50100.0,4.2,23.2,2,2020-04-02,HR,Lead,High School,Contract,Office,Female,5800,5,0,1
12120,33.0,13.5,55200.0,4.1,21.9,7,2022-09-20,Finance,Senior,Master,Full-Time,Hybrid,Female,3600,8,13,1
12121,54.0,27.9,86800.0,3.7,5.0,4,2015-11-15,HR,Mid,Diploma,Contract,Hybrid,Female,9600,15,15,0
12122,41.0,17.7,34300.0,3.4,30.6,7,2022-07-17,Finance,Mid,Diploma,Full-Time,Hybrid,Male,1800,11,9,1
12123,,12.2,65000.0,3.9,48.5,3,2018-10-24,HR,Mid,Diploma,Part-Time,Hybrid,Female,3900,7,11,1
12124,33.0,10.8,54700.0,3.6,25.8,7,2015-09-05,Marketing,Mid,Diploma,Full-Time,Office,Female,5100,10,8,1
12125,35.0,15.1,48100.0,4.1,67.2,5,2024-12-18,Sales,Junior,,Full-Time,Office,Female,5300,8,20,1
12126,39.0,14.9,78400.0,4.0,31.2,4,2015-06-26,HR,Junior,Master,Full-Time,Remote,Male,4300,10,19,0
12127,26.0,3.2,78200.0,2.7,37.2,7,2024-09-17,IT,Mid,Master,Full-Time,Office,Female,8500,3,18,1
12128,44.0,22.0,37700.0,2.6,14.6,5,2019-08-13,Finance,Junior,Master,Full-Time,Hybrid,Female,5500,16,21,1
12129,41.0,19.4,51100.0,2.9,39.3,6,2020-04-15,Finance,Junior,High School,Contract,Hybrid,Male,4300,13,19,1
12130,41.0,19.3,61500.0,4.1,5.3,7,2015-01-13,HR,Lead,Diploma,Full-Time,Hybrid,Male,4500,12,9,1
12131,39.0,18.3,49300.0,2.3,45.4,6,2024-05-25,Finance,Senior,High School,Full-Time,Remote,Male,2500,10,13,1
12132,35.0,15.5,69500.0,3.7,45.9,8,2015-10-16,IT,Senior,High School,Full-Time,Remote,Male,4600,11,15,1
12133,40.0,19.2,61500.0,3.7,55.4,4,2016-03-06,Marketing,Mid,High School,Full-Time,Remote,Male,5500,13,14,1
12134,40.0,19.4,114500.0,4.2,19.7,7,2022-03-08,Sales,Junior,Diploma,Full-Time,Hybrid,Male,16300,15,5,1
12135,32.0,5.3,29800.0,3.5,37.4,5,2018-09-24,Sales,Junior,Diploma,Contract,Remote,Male,1600,8,15,1
12136,30.0,8.2,52400.0,2.5,43.5,5,2020-09-12,Finance,Lead,High School,Full-Time,Hybrid,Female,2600,6,15,1
12137,36.0,15.4,38200.0,2.7,41.6,5,2018-09-09,HR,Senior,Diploma,Full-Time,Office,Female,5500,9,15,1
12138,47.0,27.2,70000.0,2.6,22.0,4,2019-04-24,Finance,Mid,High School,Full-Time,Office,Male,6900,16,14,1
12139,25.0,0.9,28800.0,3.0,5.0,2,2019-01-19,IT,Senior,Diploma,Part-Time,Office,Female,3300,1,12,1
12140,23.0,0.0,63200.0,3.3,40.2,5,2018-06-02,Operations,Senior,Diploma,Full-Time,Hybrid,Female,8100,2,15,1
12141,36.0,12.3,42700.0,2.6,32.7,7,2016-10-02,HR,Mid,High School,Full-Time,Office,Male,1300,6,2,0
12142,35.0,14.6,41000.0,4.4,26.5,4,2015-05-13,Marketing,Senior,Master,Full-Time,Office,Female,3400,8,15,1
12143,36.0,17.1,30800.0,2.5,46.5,6,2024-09-21,IT,Junior,Diploma,Full-Time,Remote,Female,1200,10,17,1
12144,37.0,13.8,45700.0,4.3,34.3,4,2024-12-02,Marketing,Mid,High School,Full-Time,Hybrid,Female,4600,7,21,1
12145,33.0,13.7,84900.0,4.2,15.2,3,2020-01-29,HR,Mid,High School,Full-Time,Hybrid,Female,12200,9,15,1
12146,47.0,25.4,54400.0,4.0,6.0,2,2023-01-23,Marketing,Mid,Diploma,Contract,Office,Female,1500,14,7,1
12147,22.0,0.0,70700.0,2.9,18.1,3,2020-05-08,IT,Lead,Diploma,Full-Time,Office,Female,3900,1,9,0
12148,28.0,5.4,107000.0,3.6,70.9,5,2017-09-08,IT,Senior,High School,Full-Time,Office,Female,16000,7,14,1
12149,34.0,14.2,61100.0,2.5,45.8,11,2018-05-29,Finance,Junior,High School,Full-Time,Office,Male,1300,10,14,1
12150,22.0,1.0,44000.0,4.0,37.8,4,2016-02-05,Operations,Junior,High School,Part-Time,Hybrid,Male,1700,2,7,1
12151,34.0,18.8,66300.0,3.3,32.3,6,2016-08-28,HR,Senior,Bachelor,Full-Time,Office,Female,2000,11,13,1
12152,48.0,23.4,44200.0,3.1,31.3,8,2016-09-02,Sales,Junior,Diploma,Full-Time,Office,Female,5300,14,11,1
12153,35.0,14.6,45000.0,2.5,52.5,8,2017-12-19,Operations,Junior,Bachelor,Full-Time,Office,Male,5300,8,11,1
12154,37.0,13.4,29900.0,1.7,27.6,4,2022-05-12,Sales,Senior,High School,Full-Time,Hybrid,Female,3600,9,12,0
12155,25.0,0.4,79700.0,2.7,43.7,12,2015-05-12,Marketing,Mid,Bachelor,Full-Time,Hybrid,Male,9600,1,12,1
12156,30.0,8.0,47100.0,4.2,29.8,7,2016-01-28,Sales,Senior,Master,Full-Time,Remote,Female,6100,7,20,1
12157,32.0,10.4,59200.0,3.1,64.1,1,2017-03-23,Sales,Mid,High School,Contract,Office,Female,7100,7,2,0
12158,32.0,18.8,36300.0,3.3,46.1,1,2023-02-23,IT,Mid,Master,Full-Time,Hybrid,Male,3000,13,12,0
12159,45.0,22.4,65500.0,3.9,53.7,7,2016-08-03,,Junior,Bachelor,Full-Time,Office,Male,7700,12,12,1
12160,39.0,13.6,40600.0,4.7,26.2,3,2020-08-23,IT,Senior,Master,Part-Time,Remote,Female,4000,8,3,1
12161,26.0,4.8,52000.0,4.3,50.9,4,2021-10-18,Sales,Senior,Bachelor,Full-Time,Hybrid,Female,3500,3,16,1
12162,37.0,8.8,78100.0,2.7,30.3,2,2021-11-26,Marketing,Junior,Diploma,Full-Time,Office,Male,10100,7,16,0
12163,39.0,16.7,75500.0,2.0,36.7,3,2021-01-07,HR,Junior,Diploma,Full-Time,Hybrid,Female,9200,11,4,0
12164,44.0,22.0,54500.0,5.0,59.5,8,2021-11-22,Finance,Junior,Bachelor,Full-Time,Office,Female,2300,15,16,1
12165,48.0,28.4,27100.0,5.0,19.4,4,2016-02-15,Marketing,Senior,High School,Full-Time,Hybrid,Female,600,17,8,1
12166,27.0,7.9,182100.0,3.5,38.0,10,2015-12-11,IT,Junior,Diploma,Full-Time,Remote,Male,11100,6,14,1
12167,29.0,5.5,110600.0,2.5,41.6,4,2017-03-14,Marketing,Junior,Bachelor,Full-Time,Hybrid,Female,8000,4,13,0
12168,25.0,2.5,73400.0,4.1,42.8,3,2023-12-12,HR,Junior,High School,Full-Time,Remote,Male,3100,5,13,1
12169,33.0,8.7,40700.0,3.3,28.2,3,2022-02-04,Operations,Senior,Diploma,Full-Time,Office,Female,5300,5,1,1
12170,39.0,13.6,52600.0,3.3,66.3,3,2018-01-01,IT,Junior,Bachelor,Full-Time,Office,Female,1300,8,4,1
12171,43.0,21.9,44300.0,4.0,15.6,5,2015-07-13,HR,Junior,High School,Full-Time,Hybrid,Female,3700,15,13,1
12172,34.0,8.2,91200.0,3.6,56.9,5,2017-07-26,Operations,Junior,High School,Full-Time,Office,Female,2500,6,15,0
12173,32.0,8.8,61100.0,2.6,53.2,8,2024-12-12,Finance,Mid,Bachelor,Full-Time,Office,Male,5500,8,7,1
12174,36.0,11.0,40200.0,3.2,63.5,7,2019-05-12,Marketing,Mid,Master,Full-Time,Hybrid,Male,3200,10,19,0
12175,28.0,7.6,45600.0,3.9,11.2,5,2022-04-30,Finance,Mid,Master,Full-Time,Hybrid,Female,5500,4,9,0
12176,52.0,35.0,86100.0,3.8,22.0,1,2018-04-30,Sales,Mid,Master,Full-Time,Hybrid,Female,9400,20,10,1
12177,22.0,0.0,104300.0,3.6,57.4,4,2021-10-13,Marketing,Lead,Master,Full-Time,Remote,Female,13500,3,11,0
12178,36.0,8.4,101400.0,4.1,6.8,6,2024-10-12,Operations,Senior,High School,Full-Time,Hybrid,Male,9200,6,13,1
12179,51.0,28.6,74500.0,,10.9,4,2021-03-14,Sales,Mid,Master,Contract,Hybrid,Female,9500,16,11,1
12180,35.0,13.0,49700.0,3.5,27.7,4,2023-05-27,HR,Junior,Bachelor,Full-Time,Remote,Male,5600,8,10,0
12181,33.0,11.7,18000.0,1.0,37.9,3,2017-08-27,Sales,Senior,High School,Full-Time,Hybrid,Male,2200,8,12,0
12182,32.0,8.7,61900.0,3.1,58.9,3,2021-12-07,Operations,Mid,Master,Part-Time,Hybrid,Female,6100,6,13,1
12183,34.0,11.4,55000.0,3.9,32.2,3,2016-08-23,Operations,Lead,Bachelor,Full-Time,Office,Male,6200,9,13,1
12184,46.0,25.1,58200.0,3.1,25.9,7,2015-12-26,HR,Lead,Diploma,Full-Time,Hybrid,Female,4200,15,13,0
12185,21.0,2.1,56200.0,3.1,39.7,8,2020-01-20,Finance,Mid,High School,Full-Time,Remote,Male,1700,3,12,0
12186,47.0,19.1,32400.0,2.7,42.0,6,2018-08-25,IT,Junior,Bachelor,Contract,Remote,Female,2400,13,15,1
12187,24.0,0.9,68700.0,4.1,41.6,6,2022-06-09,Finance,Junior,Master,Full-Time,Office,Male,2900,2,13,0
12188,33.0,11.6,70800.0,3.8,32.3,2,2016-02-25,Sales,Senior,Bachelor,Full-Time,Office,Female,7200,11,13,1
12189,32.0,7.2,72300.0,4.0,5.7,9,2022-03-13,HR,Senior,High School,Full-Time,Remote,Male,3900,6,14,1
12190,40.0,23.2,80300.0,2.2,21.2,7,2017-02-20,,Mid,Diploma,Full-Time,Office,Male,11600,14,15,0
12191,22.0,0.0,70000.0,3.3,56.3,5,2018-12-05,Operations,Senior,Master,Full-Time,Remote,Female,3900,1,16,0
12192,39.0,16.9,46700.0,3.2,37.8,6,2022-01-08,IT,Mid,Bachelor,Contract,Hybrid,Female,1500,10,12,1
12193,51.0,30.7,53500.0,3.2,30.2,4,2015-08-31,Marketing,Mid,Diploma,Full-Time,Office,Male,7200,16,15,1
12194,24.0,0.2,57000.0,3.0,51.8,6,2022-05-01,Marketing,Junior,High School,Part-Time,Hybrid,Male,4200,3,18,1
12195,37.0,9.5,57400.0,3.2,18.0,5,2017-10-13,Marketing,Mid,Master,Contract,Remote,Male,3800,6,7,1
12196,30.0,6.7,82000.0,4.0,31.6,5,2021-01-28,Sales,Junior,Diploma,Part-Time,Office,Male,11100,3,12,0
12197,38.0,19.1,71200.0,2.1,37.1,4,2022-05-26,Marketing,Senior,High School,Full-Time,Hybrid,Male,7500,10,10,1
12198,35.0,12.0,126300.0,4.6,28.4,2,2022-09-17,HR,Mid,Master,Full-Time,Remote,Female,11300,7,18,0
12199,30.0,5.5,132900.0,3.7,36.5,5,2016-04-04,IT,Senior,Bachelor,Full-Time,Office,Male,8300,5,6,1
12200,39.0,19.8,56800.0,3.4,32.2,6,2024-05-29,Operations,Lead,Diploma,Full-Time,Hybrid,Male,3300,11,9,0
12201,49.0,26.0,18000.0,4.0,14.0,4,2023-08-16,Finance,Mid,High School,Full-Time,Hybrid,Male,1700,17,18,1
12202,33.0,9.5,90200.0,2.4,37.7,6,2024-12-19,Operations,Mid,Bachelor,Full-Time,Office,Male,7700,7,13,1
12203,41.0,19.4,44300.0,2.9,15.1,3,2019-02-22,HR,Junior,Master,Full-Time,Office,Female,2500,13,14,1
12204,25.0,5.3,39900.0,3.3,37.5,8,2016-06-15,IT,Junior,Diploma,Full-Time,Hybrid,Female,1800,7,11,1
12205,27.0,12.1,46900.0,4.4,55.6,3,2020-05-31,Finance,Lead,High School,Full-Time,Office,Male,5900,8,14,0
12206,39.0,19.5,46000.0,3.4,30.8,5,2019-03-30,Marketing,Mid,Diploma,Contract,Office,Male,5000,13,12,1
12207,47.0,28.5,70300.0,3.7,17.4,1,2023-12-22,Finance,Mid,Bachelor,Part-Time,Office,Male,10500,16,7,1
12208,38.0,14.5,29500.0,3.0,33.1,9,2019-11-08,Sales,Junior,Bachelor,Full-Time,Remote,Male,2600,7,19,1
12209,32.0,6.9,35700.0,3.7,22.5,3,2015-10-18,Sales,Senior,High School,Full-Time,Remote,Female,5300,5,12,1
12210,35.0,13.2,63100.0,4.6,43.9,2,2020-06-04,Marketing,Mid,Diploma,Full-Time,Office,Female,5000,11,13,1
12211,25.0,3.3,70600.0,4.1,32.8,10,2024-10-15,Marketing,Mid,Diploma,Full-Time,Office,Female,6300,3,11,1
12212,40.0,14.8,71100.0,3.3,60.6,4,2016-10-20,HR,Junior,Bachelor,Full-Time,Office,Male,3400,11,20,0
12213,42.0,19.5,40100.0,3.9,52.4,6,2022-12-09,HR,Junior,Diploma,Full-Time,Office,Male,1600,11,15,1
12214,31.0,10.2,37200.0,3.8,32.7,11,2016-07-07,Operations,Junior,Diploma,Part-Time,Hybrid,Male,5300,7,11,1
12215,31.0,10.1,44900.0,3.8,45.7,6,2021-10-11,Sales,Mid,Diploma,Full-Time,Hybrid,Male,6600,5,13,0
12216,37.0,16.5,60500.0,4.2,29.1,3,2021-11-23,IT,Junior,High School,Contract,Office,Female,5500,10,7,1
12217,32.0,10.9,99600.0,4.2,35.5,4,2022-12-23,HR,Junior,,Full-Time,Office,Male,5500,6,12,1
12218,34.0,10.5,24200.0,3.3,29.6,7,2016-05-27,IT,Mid,Master,Full-Time,Hybrid,Male,3500,8,10,0
12219,52.0,28.5,50400.0,3.8,46.5,4,2021-06-29,Operations,Mid,High School,Full-Time,Hybrid,Female,6200,14,5,1
12220,33.0,7.4,32300.0,,56.5,7,2019-06-28,Sales,Junior,Bachelor,Full-Time,Office,Male,1400,5,13,1
12221,32.0,15.4,28400.0,2.8,47.0,5,2015-09-12,HR,Mid,High School,Full-Time,Hybrid,Male,1700,11,10,1
12222,30.0,8.0,81000.0,3.2,48.8,7,2016-12-21,IT,Junior,Master,Part-Time,Hybrid,Male,1700,5,19,1
12223,41.0,18.3,68400.0,3.3,48.8,7,2019-10-20,Operations,Senior,High School,Full-Time,Hybrid,Male,6500,9,5,1
12224,34.0,9.2,65800.0,2.2,43.3,1,2022-03-22,IT,Senior,High School,Full-Time,Office,Female,5800,7,10,0
12225,30.0,16.8,79500.0,4.0,17.9,4,2020-05-19,HR,Lead,Master,Full-Time,Office,Female,3300,9,13,1
12226,46.0,20.8,45400.0,1.5,60.5,10,2015-02-20,Marketing,Senior,Diploma,Full-Time,Office,Male,2900,11,17,1
12227,46.0,22.7,46300.0,5.0,62.1,6,2017-03-10,Operations,Mid,Bachelor,Full-Time,Remote,Female,6600,13,10,1
12228,30.0,9.2,131800.0,4.5,31.5,10,2015-04-10,Operations,Senior,Master,Full-Time,Office,Male,13800,6,23,1
12229,21.0,0.8,49800.0,3.2,29.4,6,2019-10-14,Finance,Senior,High School,Full-Time,Office,Female,6600,4,10,1
12230,43.0,23.9,73800.0,3.4,44.2,4,2021-11-16,Marketing,Senior,Diploma,Full-Time,Office,Female,9500,12,7,0
12231,30.0,13.4,55100.0,3.6,43.3,6,2021-12-21,Operations,Mid,High School,Full-Time,Office,Female,7700,11,11,1
12232,41.0,20.5,26300.0,3.0,32.0,2,2023-02-10,Finance,Senior,Diploma,Full-Time,Remote,Male,700,11,21,1
12233,21.0,0.0,24300.0,3.5,16.2,5,2015-08-25,IT,Junior,High School,Part-Time,Office,Male,1300,1,17,0
12234,42.0,19.2,43600.0,3.3,39.6,5,2016-04-16,HR,Senior,Bachelor,Full-Time,Hybrid,Male,3200,13,21,1
12235,25.0,3.9,83900.0,3.3,43.3,3,2018-11-22,Operations,Senior,Bachelor,Contract,Hybrid,Male,8700,4,19,1
12236,41.0,25.2,75400.0,3.5,45.9,6,2021-01-13,Sales,Senior,High School,Full-Time,Office,Female,7500,16,21,1
12237,35.0,8.8,79300.0,2.5,40.2,1,2021-06-03,HR,Senior,Master,Full-Time,Remote,Female,4100,6,12,0
12238,27.0,8.6,37100.0,3.4,30.9,3,2023-06-13,Marketing,Mid,High School,Full-Time,Office,Male,1700,5,21,0
12239,32.0,10.5,105000.0,3.5,49.9,4,2020-12-03,Finance,Lead,High School,Full-Time,Office,Female,8100,8,14,1
12240,40.0,20.5,37400.0,3.5,36.0,5,2015-05-19,HR,Lead,Master,Contract,Office,Female,2000,13,15,1
12241,36.0,13.7,59900.0,3.2,28.0,3,2020-10-23,Finance,Lead,Master,Full-Time,Office,Female,8700,10,19,1
12242,40.0,15.5,54800.0,4.2,32.3,1,2022-11-02,Marketing,Mid,High School,Full-Time,Hybrid,Male,8000,14,24,0
12243,51.0,31.3,51300.0,3.2,8.8,4,2018-10-15,Marketing,Mid,Diploma,Full-Time,Hybrid,Male,1800,17,21,1
12244,22.0,2.0,94000.0,3.6,32.3,4,2023-06-23,HR,Mid,Bachelor,Part-Time,Hybrid,Female,10500,3,6,0
12245,48.0,28.9,41500.0,4.3,45.3,8,2016-02-10,Operations,Junior,Diploma,Full-Time,Office,Male,2100,17,12,1
12246,36.0,14.0,32100.0,3.3,40.1,6,2019-09-09,Sales,Mid,Master,Full-Time,Hybrid,Male,3600,7,12,1
12247,28.0,4.2,55400.0,3.6,57.8,1,2017-08-08,Operations,Junior,Bachelor,Full-Time,Office,Female,6600,3,7,0
12248,,0.0,46900.0,3.3,31.1,6,2022-02-27,Sales,Lead,High School,Full-Time,Remote,Male,1200,2,6,1
12249,33.0,13.5,212400.0,4.3,42.3,4,2021-07-01,Finance,Mid,Bachelor,Full-Time,Remote,Female,23400,10,9,1
12250,42.0,21.3,72100.0,3.2,46.9,3,2018-09-19,HR,Lead,High School,Full-Time,Office,Male,9800,11,16,0
12251,34.0,9.1,46700.0,4.3,70.1,2,2015-11-25,IT,Mid,High School,Full-Time,Hybrid,Male,2200,6,16,1
12252,47.0,23.4,36000.0,3.3,37.2,5,2019-08-26,Marketing,Junior,Master,Full-Time,Remote,Female,1300,13,10,1
12253,23.0,0.0,25900.0,2.8,19.3,5,2018-08-16,Operations,Junior,Diploma,Contract,Office,Male,2400,2,2,1
12254,35.0,8.6,36500.0,3.9,47.7,6,2019-08-27,Finance,Mid,Master,Contract,Office,Male,3200,5,13,1
12255,25.0,0.5,57600.0,3.2,63.0,2,2020-11-06,Marketing,Senior,Master,Full-Time,Office,Female,7800,2,20,1
12256,38.0,12.6,97300.0,3.8,30.2,3,2015-01-15,Finance,Mid,Bachelor,Full-Time,Office,Male,7700,7,9,0
12257,42.0,18.8,86100.0,1.5,47.6,1,2024-03-26,HR,Mid,Diploma,Full-Time,Remote,Male,6400,11,20,1
12258,32.0,7.8,60300.0,3.4,53.4,6,2016-09-25,Finance,Mid,Diploma,Full-Time,Remote,Female,6800,4,12,1
12259,21.0,0.0,48300.0,3.1,50.3,7,2024-04-12,Finance,Senior,Diploma,Full-Time,Remote,Female,1500,2,17,1
12260,37.0,21.1,61200.0,2.7,36.9,3,2020-02-27,IT,Junior,Diploma,Full-Time,Office,Female,1700,14,18,0
12261,38.0,19.8,44700.0,3.0,24.5,7,2021-02-03,Finance,Lead,Bachelor,Full-Time,Office,Female,3800,10,9,1
12262,38.0,13.7,109400.0,3.0,33.8,7,2019-01-25,Sales,Senior,Bachelor,Full-Time,Hybrid,Female,3500,8,12,1
12263,45.0,23.8,51000.0,3.4,41.9,5,2021-05-05,Finance,Senior,Master,Full-Time,Remote,Female,7200,16,15,1
12264,26.0,5.3,53100.0,2.4,48.6,5,2018-02-02,Finance,Mid,Master,Part-Time,Hybrid,Female,5600,7,12,1
12265,40.0,21.6,22700.0,3.6,40.0,4,2019-08-22,HR,Junior,Diploma,Full-Time,Remote,Female,2700,13,6,0
12266,45.0,20.5,50900.0,4.4,29.3,5,2024-10-28,Finance,Mid,Master,Full-Time,Remote,Male,2500,11,13,1
12267,21.0,2.3,76900.0,3.6,43.3,2,2021-07-14,IT,Junior,Bachelor,Full-Time,Office,Male,6500,3,15,0
12268,38.0,14.4,35900.0,4.0,47.9,4,2016-01-27,HR,Senior,Master,Full-Time,Office,Female,1300,9,10,1
12269,31.0,5.0,40700.0,4.2,40.7,6,2020-12-28,Marketing,Mid,High School,Part-Time,Office,Male,1900,4,6,1
12270,34.0,14.2,75500.0,4.3,22.5,5,2015-06-18,Sales,Junior,Master,Full-Time,Hybrid,Female,7100,11,21,0
12271,38.0,19.9,30500.0,4.7,32.3,4,2023-06-16,Sales,Junior,Bachelor,Full-Time,Remote,Female,1700,15,15,1
12272,31.0,16.8,84000.0,3.1,49.2,6,2024-11-24,Marketing,Lead,Diploma,Part-Time,Hybrid,Male,11700,8,18,1
12273,30.0,4.4,44500.0,2.9,14.3,4,2020-08-14,Finance,Senior,High School,Part-Time,Remote,Female,6600,3,13,1
12274,35.0,15.1,47100.0,3.9,5.0,4,2023-10-14,IT,Senior,High School,Full-Time,Hybrid,Male,1000,10,12,1
12275,26.0,2.8,35100.0,3.9,57.6,6,2016-09-10,IT,Mid,High School,Full-Time,Office,Female,4200,3,18,1
12276,26.0,6.4,64000.0,3.9,42.7,4,2018-03-31,IT,Senior,Master,Full-Time,Hybrid,Female,2200,3,11,0
12277,40.0,13.6,147100.0,4.7,44.1,7,2017-02-07,IT,Junior,Master,Full-Time,Hybrid,Male,13900,10,11,1
12278,26.0,0.2,75200.0,3.4,18.8,7,2022-06-20,Finance,Junior,High School,Full-Time,Office,Female,3700,1,17,0
12279,40.0,15.7,,3.7,46.1,6,2021-11-15,Marketing,Mid,High School,Full-Time,Remote,Female,5700,10,19,1
12280,39.0,17.2,86600.0,2.7,39.1,4,2024-08-10,Marketing,Lead,Diploma,Full-Time,Hybrid,Male,11600,10,10,1
12281,21.0,0.0,48500.0,4.9,11.2,5,2024-06-15,Sales,Mid,Diploma,Full-Time,Hybrid,Female,4700,4,16,1
12282,30.0,10.0,95300.0,3.2,56.4,5,2016-01-17,Marketing,Junior,High School,Full-Time,Office,Female,4100,9,5,1
12283,45.0,26.1,75900.0,3.2,37.4,5,2016-04-26,IT,Senior,Diploma,Part-Time,Office,Male,9200,16,11,0
12284,27.0,6.8,18000.0,3.2,29.1,6,2024-05-19,Finance,Senior,Bachelor,Full-Time,Hybrid,Female,1600,5,15,0
12285,31.0,13.9,36800.0,2.9,29.3,6,2018-06-22,HR,Mid,Master,Full-Time,Office,Female,3700,9,9,0
12286,39.0,18.2,80200.0,2.9,5.0,8,2016-09-16,HR,Senior,Diploma,Full-Time,Office,Male,9100,9,15,1
12287,41.0,15.3,58400.0,3.0,43.9,4,2019-09-10,,Mid,Bachelor,Contract,Office,Female,4300,11,14,1
12288,33.0,15.1,36500.0,2.4,38.9,9,2021-11-28,Operations,Junior,Master,Full-Time,Office,Female,800,10,15,1
12289,30.0,6.2,42700.0,2.9,32.1,11,2021-11-17,Sales,Senior,Diploma,Full-Time,Remote,Female,2900,4,17,0
12290,46.0,26.7,25700.0,4.8,54.2,5,2023-12-06,HR,Junior,Master,Contract,Hybrid,Female,1900,20,11,1
12291,49.0,31.7,53100.0,3.9,14.2,5,2016-05-08,Operations,Senior,Bachelor,Full-Time,Office,Female,3600,17,7,1
12292,43.0,22.4,133200.0,4.0,26.0,5,2019-03-27,IT,Mid,Bachelor,Part-Time,Office,Male,17100,15,9,1
12293,36.0,9.5,75900.0,4.2,22.2,2,2022-01-26,Finance,Senior,Master,Full-Time,Office,Male,4800,9,10,1
12294,29.0,4.2,132100.0,4.7,30.8,4,2022-05-02,HR,Lead,High School,Full-Time,Hybrid,Female,9800,3,23,1
12295,28.0,10.0,78300.0,2.2,36.0,6,2015-10-09,IT,Mid,Diploma,Full-Time,Remote,Female,2200,5,5,1
12296,39.0,16.5,83000.0,2.5,41.5,3,2017-04-10,HR,Mid,High School,Contract,Office,Female,9400,9,8,1
12297,38.0,16.2,121100.0,2.8,29.8,6,2016-03-05,Finance,Senior,Bachelor,Full-Time,Hybrid,Female,5800,9,8,1
12298,46.0,26.3,64000.0,3.1,21.8,6,2022-03-13,Marketing,Junior,Master,Full-Time,Office,Male,3200,18,20,0
12299,40.0,20.1,51000.0,3.2,60.3,2,2017-05-07,Marketing,Junior,Diploma,Contract,Office,Female,4900,13,13,1
12300,23.0,1.8,83100.0,3.1,71.2,2,2015-09-10,Finance,Mid,Diploma,Full-Time,Office,Male,12300,3,7,1
12301,43.0,20.4,98400.0,3.6,37.1,7,2016-07-16,Finance,Junior,High School,Full-Time,Hybrid,Female,7200,12,12,1
12302,27.0,4.1,45400.0,3.4,23.6,7,2017-12-02,Marketing,Junior,Diploma,Full-Time,Office,Female,2800,4,10,0
12303,32.0,12.6,41200.0,2.9,57.1,5,2024-09-23,Finance,Lead,Diploma,Full-Time,Office,Female,1000,7,10,1
12304,37.0,16.7,58100.0,1.9,13.3,4,2023-10-18,Finance,Senior,Diploma,Part-Time,Hybrid,Female,7100,12,15,1
12305,51.0,28.2,76700.0,2.7,30.0,3,2019-03-15,Finance,Senior,Bachelor,Part-Time,Hybrid,Female,4100,17,10,1
12306,60.0,35.0,75700.0,3.0,24.6,5,2016-06-20,Marketing,Senior,High School,Full-Time,Office,Female,9100,20,15,1
12307,40.0,17.6,31100.0,3.2,17.6,2,2023-01-24,Marketing,Junior,Bachelor,Full-Time,Office,Male,1800,11,15,0
12308,34.0,9.4,118200.0,2.6,30.8,5,2021-05-06,Operations,Lead,Master,Contract,Hybrid,Male,2800,7,8,0
12309,39.0,14.7,42600.0,3.1,22.0,6,2024-05-25,HR,Senior,Master,Full-Time,Office,Male,3600,7,9,1
12310,42.0,17.1,49500.0,2.6,35.2,7,2022-04-17,Marketing,Junior,High School,Full-Time,Hybrid,Female,6800,10,12,0
12311,32.0,9.2,38300.0,3.3,35.4,6,2017-07-24,HR,Lead,Master,Full-Time,Office,Female,1800,8,23,1
12312,49.0,30.7,161800.0,2.6,25.7,4,2021-05-31,Marketing,Mid,Bachelor,Part-Time,Office,Male,6500,19,12,1
12313,37.0,12.6,60600.0,2.8,29.4,3,2019-08-16,Sales,Lead,Bachelor,Full-Time,Office,Male,2700,9,14,1
12314,39.0,17.6,39100.0,2.5,31.5,4,2019-02-07,HR,Senior,Bachelor,Part-Time,Hybrid,Male,4300,12,11,0
12315,40.0,16.0,77700.0,3.3,47.1,4,2020-01-14,Finance,Mid,Bachelor,Full-Time,Hybrid,Female,5300,12,9,0
12316,38.0,15.2,74800.0,2.8,32.8,12,2017-06-01,Sales,Mid,High School,Full-Time,Hybrid,Female,4000,9,8,1
12317,42.0,15.5,51000.0,4.0,47.4,6,2021-11-24,Operations,Junior,Diploma,Full-Time,Office,Female,3300,10,13,1
12318,30.0,7.3,77000.0,3.7,43.8,4,2017-03-27,Marketing,Mid,Master,Full-Time,Hybrid,Male,4600,4,15,0
12319,31.0,8.4,39500.0,3.4,43.6,4,2023-11-07,Marketing,Junior,High School,Full-Time,Hybrid,Female,3600,7,2,0
12320,26.0,5.6,45200.0,2.8,55.8,13,2020-09-23,Operations,Lead,Diploma,Full-Time,Hybrid,Female,1700,4,14,0
12321,39.0,17.7,24600.0,3.7,18.2,6,2022-10-17,Sales,Senior,High School,Full-Time,Office,Male,2100,15,14,1
12322,41.0,15.4,32400.0,3.9,27.9,4,2017-05-29,IT,Senior,Master,Full-Time,Remote,Male,2000,9,19,1
12323,39.0,20.3,113300.0,3.5,61.4,5,2016-11-08,Finance,Mid,High School,Contract,Office,Male,16000,10,17,1
12324,48.0,26.6,106000.0,4.5,31.1,3,2021-03-04,HR,Junior,Master,Part-Time,Remote,Female,7900,16,10,1
12325,35.0,13.6,56500.0,3.7,5.0,4,2018-02-05,Sales,Mid,High School,Full-Time,Office,Male,1900,7,7,0
12326,40.0,18.0,107000.0,4.0,32.0,6,2019-03-08,HR,Mid,High School,Full-Time,Hybrid,Female,15100,12,9,1
12327,26.0,2.4,51600.0,3.5,37.0,5,2023-03-03,Marketing,Junior,Bachelor,Full-Time,Office,Female,7300,1,14,0
12328,32.0,10.7,49900.0,3.9,5.0,6,2021-10-25,IT,Mid,High School,Full-Time,Hybrid,Female,2100,6,10,1
12329,41.0,20.4,56300.0,2.8,55.0,5,2023-08-03,Operations,Senior,High School,Full-Time,Remote,Female,7100,12,15,1
12330,42.0,14.8,52300.0,3.1,24.3,7,2021-05-03,IT,Senior,Diploma,Full-Time,Office,Female,6900,7,21,1
12331,33.0,9.4,50500.0,3.6,39.9,5,2021-09-12,HR,Junior,Bachelor,Full-Time,Hybrid,Male,3300,6,17,0
12332,34.0,11.2,86900.0,3.6,31.6,7,2020-03-03,Operations,Senior,Master,Full-Time,Hybrid,Male,3500,6,14,1
12333,23.0,1.8,58400.0,3.8,15.7,5,2019-09-17,Marketing,Mid,Bachelor,Full-Time,Office,Male,7200,2,12,0
12334,32.0,13.6,73100.0,4.2,18.9,4,2020-03-18,Operations,Junior,High School,Full-Time,Hybrid,Male,1700,9,11,1
12335,42.0,17.7,83100.0,2.4,21.0,7,2015-08-12,Operations,Lead,Master,Full-Time,Remote,Female,8400,11,16,1
12336,40.0,16.5,64200.0,2.7,51.3,4,2016-10-26,IT,Junior,High School,Full-Time,Office,Male,4100,8,12,0
12337,39.0,15.5,37300.0,3.6,32.8,4,2017-07-23,Finance,Junior,Bachelor,Full-Time,Hybrid,Female,3600,10,15,0
12338,35.0,10.6,32000.0,2.9,27.2,5,2018-08-05,Marketing,Mid,Bachelor,Full-Time,Office,Male,3900,6,8,0
12339,35.0,12.0,58400.0,5.0,21.0,1,2018-08-01,Sales,Junior,High School,Full-Time,Remote,Female,7500,7,12,0
12340,30.0,10.3,51400.0,3.8,52.9,7,2018-04-24,Sales,Junior,High School,Full-Time,Hybrid,Female,7700,5,12,1
12341,41.0,15.8,57000.0,3.3,57.0,1,2015-08-14,Sales,Mid,High School,Full-Time,Remote,Female,5900,11,14,0
12342,38.0,17.3,54600.0,3.0,52.8,5,2015-07-19,Finance,Senior,Diploma,Full-Time,Office,Male,2700,10,5,1
12343,39.0,11.9,154600.0,3.1,42.4,5,2016-05-18,Marketing,Senior,Bachelor,Full-Time,Hybrid,Female,8600,8,15,1
12344,31.0,7.3,32300.0,3.4,39.3,4,2015-01-11,Operations,Junior,Diploma,Part-Time,Hybrid,Male,2500,5,12,1
12345,21.0,0.0,24800.0,3.5,16.8,4,2023-02-04,HR,Senior,Bachelor,Full-Time,Office,Female,3200,1,4,0
12346,,27.0,62800.0,3.1,31.3,5,2022-11-24,HR,Lead,Bachelor,Full-Time,Hybrid,Female,4300,16,18,1
12347,31.0,8.2,47300.0,3.2,24.7,7,2024-10-09,Marketing,Junior,Master,Full-Time,Hybrid,Female,5200,7,7,0
12348,28.0,0.0,62400.0,4.3,7.6,1,2017-09-05,Finance,Mid,Master,Full-Time,Remote,Male,1600,2,10,0
12349,41.0,13.0,69500.0,4.4,50.9,8,2021-05-13,Marketing,Mid,Bachelor,Full-Time,Office,Female,5300,8,2,1
12350,32.0,10.1,91900.0,3.6,24.6,3,2023-06-02,HR,Senior,Master,Part-Time,Remote,Male,3800,7,16,1
12351,43.0,22.8,30100.0,2.5,52.9,4,2023-02-24,Marketing,Lead,Bachelor,Full-Time,Hybrid,Male,4300,14,13,1
12352,40.0,19.1,44000.0,3.8,48.2,4,2022-10-08,Sales,Lead,Bachelor,Full-Time,Hybrid,Male,5400,11,19,1
12353,40.0,18.5,65300.0,4.5,43.4,6,2019-05-17,Operations,Mid,High School,Full-Time,Office,Female,2500,11,11,1
12354,24.0,5.5,74900.0,4.4,44.2,6,2015-01-05,Marketing,Junior,Master,Full-Time,Hybrid,Female,5400,4,15,0
12355,45.0,21.4,132300.0,3.9,25.8,3,2022-01-12,Operations,Mid,Diploma,Contract,Remote,Male,4000,12,16,0
12356,37.0,17.7,,4.4,62.9,3,2024-12-20,IT,Mid,Diploma,Part-Time,Remote,Male,9400,10,13,1
12357,32.0,5.1,53800.0,3.4,35.6,2,2015-10-07,Marketing,Mid,Master,Part-Time,Hybrid,Female,2400,5,10,1
12358,36.0,11.3,38500.0,3.8,39.5,3,2024-07-26,HR,Lead,Bachelor,Full-Time,Remote,Female,4800,7,7,1
12359,21.0,0.0,43900.0,2.9,25.3,5,2023-04-08,HR,Junior,Diploma,Full-Time,Remote,Female,1300,5,8,0
12360,38.0,15.2,43400.0,3.6,21.0,6,2018-06-15,Operations,Mid,Master,Full-Time,Remote,Female,4100,12,15,0
12361,27.0,4.9,71500.0,4.3,42.2,6,2021-06-22,HR,Junior,Diploma,Contract,Hybrid,Female,7100,4,8,0
12362,24.0,2.3,61000.0,3.0,38.3,6,2015-05-07,Sales,Lead,High School,Full-Time,Remote,Male,3900,1,9,1
12363,23.0,1.2,32400.0,2.8,23.2,5,2015-10-31,HR,Lead,Bachelor,Contract,Office,Female,1300,3,8,1
12364,44.0,19.2,46200.0,3.5,13.4,5,2022-08-28,IT,Senior,High School,Full-Time,Hybrid,Male,2900,12,12,1
12365,30.0,7.4,78100.0,3.2,16.0,6,2016-12-31,Marketing,Mid,Diploma,Full-Time,Office,Female,6600,6,14,1
12366,,20.5,63300.0,3.9,52.9,6,2023-11-24,Finance,Junior,Bachelor,Full-Time,Office,Female,9200,12,15,1
12367,31.0,13.1,69000.0,3.1,25.8,5,2016-05-04,HR,Mid,Bachelor,Part-Time,Hybrid,Female,5400,9,8,1
12368,21.0,0.0,64100.0,4.6,29.9,6,2016-03-12,Marketing,Senior,Bachelor,Part-Time,Hybrid,Male,2900,1,12,1
12369,26.0,2.5,105400.0,2.5,56.8,6,2019-08-12,Sales,Junior,Master,Full-Time,Office,Male,2500,1,0,1
12370,45.0,27.8,60400.0,4.3,18.2,6,2017-11-27,Marketing,Lead,Master,Full-Time,Office,Male,1300,14,13,1
12371,34.0,8.3,47100.0,2.9,24.1,4,2016-04-27,HR,Senior,Bachelor,Full-Time,Office,Male,3500,5,9,0
12372,31.0,5.6,38100.0,2.1,23.5,7,2023-04-28,HR,Junior,Bachelor,Full-Time,Hybrid,Female,2200,4,2,0
12373,36.0,10.7,60800.0,3.6,59.3,6,2015-11-11,Operations,Mid,Bachelor,Full-Time,Office,Female,2100,8,6,1
12374,39.0,16.8,20700.0,3.2,64.9,3,2019-02-16,HR,Senior,High School,Contract,Office,Female,900,10,12,1
12375,44.0,23.3,51100.0,2.6,46.3,7,2023-09-04,IT,Junior,High School,Full-Time,Office,Female,3300,12,9,1
12376,47.0,27.2,50700.0,2.2,46.8,4,2017-07-27,Marketing,Junior,Diploma,Full-Time,Office,Female,5500,17,12,1
12377,32.0,17.7,31900.0,3.4,26.3,9,2015-01-17,Operations,Mid,Bachelor,Full-Time,Hybrid,Male,3200,13,13,0
12378,24.0,0.0,37900.0,4.1,64.2,5,2023-03-07,Finance,Lead,Bachelor,Full-Time,Office,Female,1200,5,13,1
12379,32.0,11.8,76000.0,3.8,39.0,5,2017-09-06,IT,Lead,High School,Full-Time,Hybrid,Male,2900,8,12,1
12380,37.0,13.3,60300.0,3.4,47.8,9,2016-03-22,Finance,Junior,Diploma,Part-Time,Hybrid,Male,8300,10,6,0
12381,27.0,3.2,57300.0,3.7,33.4,5,2015-10-06,HR,Senior,Diploma,Full-Time,Office,Male,1700,2,15,0
12382,27.0,3.1,62200.0,3.4,31.0,3,2016-03-27,Finance,Mid,Bachelor,Full-Time,Hybrid,Male,2900,6,12,1
12383,38.0,13.3,57100.0,2.4,59.9,5,2022-06-06,Finance,Junior,Master,Contract,Office,Male,3500,8,5,1
12384,35.0,18.1,90400.0,2.4,43.1,3,2016-08-28,IT,Mid,Diploma,Contract,Remote,Male,4500,13,8,0
12385,35.0,15.5,57800.0,3.3,56.8,5,2019-09-07,IT,Lead,Diploma,Full-Time,Remote,Female,3300,10,16,1
12386,29.0,7.1,30700.0,3.3,38.8,5,2020-09-07,Marketing,Junior,Bachelor,Full-Time,Hybrid,Female,3500,5,5,1
12387,33.0,15.1,105600.0,4.0,22.3,3,2024-11-26,Finance,Junior,Bachelor,Contract,Hybrid,Female,3400,11,18,0
12388,28.0,1.5,63800.0,3.9,26.2,7,2017-10-30,IT,Senior,Bachelor,Part-Time,Office,Female,4200,1,23,1
12389,42.0,16.0,43500.0,3.8,36.5,3,2019-12-17,Marketing,Junior,High School,Contract,Hybrid,Male,4300,13,9,0
12390,43.0,14.5,33300.0,3.2,25.6,6,2020-06-30,Finance,Senior,Bachelor,Full-Time,Office,Female,900,8,8,1
12391,21.0,0.0,64400.0,2.4,18.4,8,2022-10-20,Finance,Senior,Master,Full-Time,Hybrid,Male,1700,1,16,1
12392,28.0,6.5,52500.0,3.7,53.0,3,2015-04-11,Operations,Senior,Master,Full-Time,Hybrid,Male,4500,8,10,1
12393,23.0,1.3,103200.0,3.8,26.8,4,2022-05-24,HR,Junior,Diploma,Full-Time,Office,Female,14100,3,9,0
12394,30.0,8.4,47900.0,1.7,37.1,6,2020-11-04,IT,Senior,High School,Contract,Hybrid,Male,3700,5,15,1
12395,34.0,7.8,39300.0,2.8,39.4,5,2016-04-14,Sales,Mid,Diploma,Full-Time,Hybrid,Female,2900,9,9,1
12396,23.0,3.4,78700.0,2.9,26.2,7,2018-08-17,Operations,Junior,High School,Full-Time,Office,Female,1700,2,11,1
12397,,6.7,79600.0,3.5,56.8,10,2022-05-11,IT,Lead,Bachelor,Full-Time,Hybrid,Female,9200,7,10,1
12398,27.0,7.2,58800.0,2.8,18.2,6,2023-12-22,Operations,Senior,Diploma,Full-Time,Hybrid,Female,2400,5,12,1
12399,37.0,9.3,72100.0,3.4,38.9,8,2019-06-13,HR,Junior,Master,Full-Time,Office,Female,8000,6,5,1
12400,36.0,14.9,54200.0,3.3,38.7,3,2023-08-20,Operations,Junior,High School,Full-Time,Office,Female,3500,8,10,1
12401,29.0,3.4,60400.0,3.3,34.2,5,2018-05-20,Operations,Junior,Diploma,Full-Time,Hybrid,Female,1600,3,7,1
12402,36.0,12.8,87600.0,2.9,15.5,2,2015-04-29,Marketing,Lead,Master,Full-Time,Office,Female,5500,10,7,1
12403,31.0,10.6,70600.0,3.0,48.1,6,2020-02-27,IT,Senior,Master,Part-Time,Hybrid,Male,7500,8,20,1
12404,33.0,11.3,51400.0,2.6,46.2,6,2023-10-13,Finance,Mid,Bachelor,Full-Time,Hybrid,Female,6200,10,23,1
12405,48.0,23.4,94500.0,3.7,24.9,1,2020-06-27,Sales,Mid,High School,Full-Time,Office,Male,9700,12,7,1
12406,46.0,24.0,21400.0,3.8,45.6,5,2017-02-26,Marketing,Junior,Diploma,Full-Time,Office,Male,2400,12,14,1
12407,25.0,0.0,125000.0,2.9,40.6,2,2021-08-21,IT,Senior,Master,Part-Time,Office,Female,6300,1,9,1
12408,42.0,23.5,27800.0,4.5,15.8,4,2021-10-11,Marketing,Junior,High School,Full-Time,Remote,Female,4000,13,15,1
12409,41.0,18.4,42800.0,3.2,22.2,3,2022-07-30,Finance,Mid,Bachelor,Full-Time,Hybrid,Female,2100,10,3,1
12410,26.0,7.4,54100.0,4.5,52.1,7,2021-06-19,Operations,Mid,High School,Full-Time,Office,Female,2300,4,9,1
12411,42.0,18.4,51900.0,3.0,39.6,4,2018-11-28,Sales,Senior,High School,Full-Time,Remote,Female,2700,11,11,1
12412,47.0,23.4,82300.0,2.0,26.5,6,2015-08-31,Finance,Mid,Diploma,Full-Time,Office,Male,12000,13,2,1
12413,26.0,1.7,36000.0,3.7,22.1,9,2017-09-11,Sales,Lead,High School,Full-Time,Remote,Female,1000,3,13,1
12414,28.0,8.6,61000.0,3.6,27.3,4,2018-09-30,Marketing,Lead,Bachelor,Part-Time,Remote,Female,7400,7,4,1
12415,43.0,18.9,43600.0,3.4,28.3,4,2016-09-18,Operations,Senior,Master,Full-Time,Remote,Male,1500,12,16,1
12416,37.0,16.9,61900.0,3.0,22.3,4,2018-12-18,Operations,Junior,Diploma,Full-Time,Hybrid,Male,7500,10,8,0
12417,39.0,15.9,53600.0,3.4,8.9,4,2015-01-16,IT,Senior,Master,Part-Time,Hybrid,Male,3000,8,9,1
12418,38.0,10.1,57100.0,3.0,52.1,5,2016-05-30,Sales,Junior,High School,Full-Time,Office,Male,6500,8,12,0
12419,38.0,14.3,44100.0,3.2,49.6,9,2021-05-02,Finance,Mid,Bachelor,Full-Time,Hybrid,Male,1200,8,10,1
12420,24.0,0.0,44800.0,4.0,15.9,3,2022-02-20,Sales,Senior,Master,Full-Time,Hybrid,Female,2800,3,13,1
12421,43.0,21.1,61700.0,3.5,37.0,6,2022-08-14,Marketing,Senior,Bachelor,Full-Time,Office,Female,5000,13,21,1
12422,44.0,18.4,80200.0,3.8,21.5,4,2022-07-26,Operations,Mid,High School,Full-Time,Office,Male,1800,12,18,1
12423,33.0,13.8,43300.0,3.2,31.1,6,2020-08-29,Marketing,Mid,High School,Full-Time,Remote,Male,1900,11,5,1
12424,35.0,12.7,38900.0,3.2,29.8,3,2019-12-29,Marketing,Mid,Master,Full-Time,Hybrid,Female,1600,9,8,0
12425,23.0,0.5,70300.0,2.6,28.6,8,2017-04-07,IT,Mid,Diploma,Full-Time,Office,Male,5800,2,11,1
12426,39.0,19.0,54300.0,3.1,65.0,5,2015-01-11,Marketing,Mid,Bachelor,Full-Time,Office,Male,2000,12,5,1
12427,40.0,20.9,76700.0,1.1,28.4,7,2017-11-09,IT,Senior,Bachelor,Full-Time,Office,Male,11300,11,13,1
12428,35.0,12.9,38300.0,3.0,22.9,4,2015-10-06,HR,Senior,Bachelor,Full-Time,Hybrid,Male,5200,8,19,1
12429,44.0,19.7,27000.0,3.3,23.6,4,2023-01-21,Sales,Lead,High School,Full-Time,Office,Female,1300,13,10,1
12430,32.0,4.7,44400.0,3.8,50.7,2,2015-11-29,Operations,Mid,High School,Full-Time,Hybrid,Male,2200,3,13,1
12431,40.0,15.9,40500.0,3.2,10.2,7,2019-04-20,Operations,Junior,Master,Full-Time,Hybrid,Male,5800,9,7,1
12432,27.0,3.1,53300.0,3.6,23.6,5,2018-11-25,Finance,Senior,Master,Full-Time,Hybrid,Male,3100,3,12,1
12433,35.0,13.3,42600.0,1.9,56.7,6,2022-09-26,Operations,Mid,High School,Part-Time,Remote,Male,3200,11,11,1
12434,34.0,11.0,74000.0,3.4,38.7,8,2022-08-23,IT,Senior,Diploma,Full-Time,Hybrid,Male,8200,8,11,1
12435,37.0,17.1,49000.0,2.2,37.9,7,2020-09-16,Operations,Junior,Bachelor,Full-Time,Office,Female,3200,11,9,0
12436,32.0,8.2,58400.0,2.6,67.0,4,2017-08-31,IT,Mid,Bachelor,Full-Time,Remote,Female,8000,8,17,1
12437,34.0,11.8,58600.0,3.3,38.7,4,2018-01-11,Operations,Mid,High School,Part-Time,Office,Female,5700,11,15,1
12438,42.0,23.6,59500.0,4.3,24.4,3,2015-02-01,Finance,Mid,Diploma,Full-Time,Remote,Female,5600,17,15,1
12439,32.0,11.0,54500.0,3.7,30.8,6,2020-08-01,Sales,Mid,Diploma,Contract,Remote,Female,5000,6,11,1
12440,22.0,0.0,67500.0,3.4,18.0,9,2023-07-23,Marketing,Senior,Diploma,Full-Time,Remote,Male,2300,3,12,0
12441,49.0,25.2,40000.0,3.4,53.8,4,2017-01-06,Sales,Senior,Diploma,Full-Time,Remote,Male,4900,15,8,1
12442,46.0,22.1,96300.0,2.9,43.6,8,2020-01-23,IT,Junior,Diploma,Full-Time,Office,Female,9100,12,9,1
12443,25.0,0.4,50000.0,3.0,51.9,4,2022-04-20,Marketing,Junior,Master,Contract,Office,Female,1300,1,10,0
12444,41.0,17.4,32500.0,3.7,53.2,5,2023-04-21,,Mid,High School,Contract,Office,Male,4200,12,9,1
12445,31.0,11.3,59300.0,2.4,28.8,1,2024-11-17,Finance,Mid,High School,Full-Time,Hybrid,Female,6800,7,10,0
12446,37.0,14.3,39100.0,3.8,20.8,3,2017-06-28,Sales,Mid,High School,Full-Time,Office,Female,2300,10,20,1
12447,37.0,11.0,71800.0,3.1,34.2,5,2015-02-14,Marketing,Junior,Bachelor,Full-Time,Hybrid,Female,4100,6,15,1
12448,33.0,16.3,133100.0,4.0,21.9,1,2022-05-01,Finance,Mid,Diploma,Full-Time,Office,Female,11400,11,13,1
12449,29.0,8.0,40200.0,4.1,37.5,6,2015-10-21,Sales,Mid,Diploma,Full-Time,Hybrid,Male,800,6,7,1
12450,29.0,2.8,62800.0,2.2,52.0,5,2023-10-02,IT,Lead,Bachelor,Full-Time,Office,Female,7900,5,7,1
12451,28.0,4.7,27300.0,3.0,32.5,6,2019-04-21,IT,Senior,Diploma,Part-Time,Hybrid,Female,3900,4,5,1
12452,28.0,6.3,65900.0,2.8,37.2,5,2021-07-19,IT,Senior,Diploma,Full-Time,Remote,Female,5100,4,19,1
12453,34.0,17.1,38600.0,2.1,33.6,4,2023-05-07,HR,Mid,Diploma,Full-Time,Hybrid,Female,3500,10,13,0
12454,29.0,3.7,42800.0,2.7,47.0,4,2023-01-18,Operations,Mid,Diploma,Full-Time,Office,Male,5400,5,10,0
12455,40.0,20.9,35400.0,5.0,25.0,3,2021-10-06,IT,Junior,Diploma,Contract,Remote,Male,2000,12,12,1
12456,47.0,29.2,73700.0,3.8,5.0,5,2015-06-16,IT,Junior,Master,Full-Time,Office,Male,6200,16,15,1
12457,30.0,6.1,82300.0,4.7,42.1,5,2015-09-26,Operations,Senior,High School,Full-Time,Hybrid,Male,2800,4,6,1
12458,37.0,14.2,55500.0,4.0,49.8,3,2023-12-10,IT,Mid,Master,Full-Time,Hybrid,Female,6200,11,14,0
12459,39.0,13.9,38900.0,2.9,41.7,5,2023-02-25,Marketing,Lead,Diploma,Part-Time,Hybrid,Male,4800,8,11,0
12460,39.0,16.4,103900.0,3.1,25.4,6,2018-02-21,Finance,Mid,High School,Full-Time,Hybrid,Female,3000,10,10,0
12461,36.0,13.9,40700.0,3.8,18.0,8,2024-02-25,HR,Mid,High School,Full-Time,Hybrid,Male,5500,10,13,1
12462,41.0,21.0,23200.0,3.7,42.4,7,2017-12-17,Sales,Junior,High School,Full-Time,Office,Male,1600,14,17,1
12463,39.0,20.3,66100.0,3.0,37.1,4,2017-05-29,Operations,Lead,High School,Full-Time,Hybrid,Female,9200,13,23,1
12464,25.0,0.8,35400.0,2.3,33.1,4,2015-02-28,Operations,Mid,Bachelor,Full-Time,Office,Female,4900,1,16,0
12465,42.0,14.1,81700.0,5.0,62.3,1,2021-11-02,Operations,Junior,High School,Contract,Hybrid,Male,10000,7,3,1
12466,42.0,19.9,47200.0,3.3,20.8,4,2015-08-05,HR,Junior,Bachelor,Full-Time,Office,Male,6000,11,14,1
12467,29.0,7.9,70000.0,3.2,61.6,4,2019-05-24,Finance,Mid,Bachelor,Full-Time,Remote,Female,4000,9,12,0
12468,35.0,13.7,96300.0,3.5,35.5,7,2024-09-23,IT,Junior,High School,Full-Time,Office,Female,6500,11,17,1
12469,40.0,17.0,33900.0,3.2,7.5,4,2015-09-01,Operations,Junior,Diploma,Part-Time,Remote,Female,1700,12,14,1
12470,33.0,11.4,43900.0,3.5,32.3,6,2020-11-20,IT,Mid,Diploma,Full-Time,Hybrid,Female,2900,10,13,1
12471,44.0,26.5,53400.0,4.3,49.4,4,2016-05-31,Sales,Junior,High School,Full-Time,Hybrid,Female,5000,14,12,1
12472,54.0,33.1,101700.0,3.3,29.5,5,2021-04-30,Operations,Mid,High School,Full-Time,Office,Female,13500,18,11,1
12473,29.0,5.9,42300.0,2.6,12.9,3,2021-04-07,HR,Mid,Bachelor,Full-Time,Hybrid,Female,3900,6,12,0
12474,24.0,0.5,43400.0,3.3,32.5,3,2020-02-13,HR,Mid,Master,Contract,Hybrid,Female,4800,4,25,1
12475,37.0,14.5,66600.0,3.1,22.1,4,2017-05-10,Sales,Mid,Bachelor,Part-Time,Hybrid,Male,2500,11,10,1
12476,41.0,23.9,43700.0,4.4,42.4,8,2017-01-03,HR,Junior,Diploma,Full-Time,Hybrid,Female,6200,15,8,1
12477,33.0,10.5,58500.0,4.2,46.6,6,2020-01-29,HR,Mid,Master,Full-Time,Office,Female,5600,9,12,1
12478,47.0,24.9,29600.0,3.5,19.2,5,2018-06-06,HR,Mid,Master,Full-Time,Office,Male,3600,14,3,0
12479,24.0,0.6,133400.0,2.5,24.4,7,2019-01-15,Operations,Senior,Master,Full-Time,Office,Female,20000,1,4,0
12480,41.0,22.3,32100.0,2.5,46.3,8,2023-02-26,Sales,Senior,Bachelor,Full-Time,Office,Female,4200,12,6,1
12481,30.0,13.9,48400.0,3.4,22.1,4,2021-11-07,Operations,Senior,Bachelor,Full-Time,Remote,Female,4100,10,7,1
12482,49.0,28.4,54300.0,3.6,18.8,7,2017-09-12,Sales,Senior,High School,Full-Time,Office,Male,7200,15,28,0
12483,51.0,29.2,118200.0,3.1,17.3,4,2016-06-27,Finance,Junior,Bachelor,Full-Time,Office,Female,12500,16,7,1
12484,29.0,7.1,32400.0,3.1,40.3,6,2022-12-22,HR,Mid,Bachelor,Full-Time,Hybrid,Male,3700,7,12,1
12485,31.0,1.8,121600.0,3.0,39.6,4,2021-08-18,Finance,Senior,Master,Contract,Office,Female,12500,4,9,0
12486,42.0,22.2,74500.0,3.4,24.7,6,2023-06-23,Marketing,Senior,,Full-Time,Remote,Male,4300,13,12,1
12487,32.0,10.4,65000.0,1.7,35.1,3,2024-03-31,Marketing,Junior,Bachelor,Full-Time,Remote,Male,4100,7,20,1
12488,35.0,14.3,37100.0,2.6,57.9,2,2016-01-09,HR,Junior,Diploma,Full-Time,Office,Female,3400,9,19,0
12489,35.0,10.9,69100.0,3.0,20.4,4,2023-12-03,IT,Senior,Master,Full-Time,Remote,Male,9200,6,9,1
12490,21.0,0.0,41200.0,4.2,5.7,7,2023-03-28,Marketing,Mid,High School,Contract,Office,Male,3200,4,10,0
12491,35.0,11.8,91300.0,2.8,41.8,6,2022-05-11,IT,Mid,Diploma,Part-Time,Office,Male,8200,9,15,1
12492,29.0,10.1,37300.0,3.5,33.3,10,2015-04-22,Finance,Mid,Master,Full-Time,Remote,Male,2500,6,15,1
12493,31.0,7.9,52600.0,3.6,24.3,5,2021-12-15,HR,Junior,High School,Full-Time,Office,Male,1200,7,12,0
12494,47.0,31.2,44000.0,4.3,44.8,5,2015-10-21,Finance,Mid,Master,Contract,Hybrid,Female,4600,16,15,1
12495,25.0,4.3,37100.0,4.3,47.6,6,2021-10-05,Operations,Senior,High School,Full-Time,Hybrid,Female,3500,3,6,1
12496,42.0,16.2,74000.0,3.4,5.0,6,2021-01-05,Finance,Senior,Master,Full-Time,Office,Female,10900,9,7,1
12497,33.0,10.6,68100.0,3.1,25.2,2,2021-01-07,Sales,Junior,Master,Contract,Office,Male,5900,6,9,0
12498,33.0,9.0,89200.0,2.9,69.8,3,2018-04-12,HR,Senior,Bachelor,Full-Time,Hybrid,Female,8000,8,7,0
12499,41.0,12.4,27000.0,3.2,43.8,5,2023-12-13,Sales,Junior,Diploma,Full-Time,Hybrid,Male,1500,10,15,1
12500,38.0,20.8,84200.0,3.1,45.1,4,2024-02-09,Finance,Lead,Diploma,Full-Time,Remote,Male,2800,13,2,1
12501,40.0,20.1,149800.0,3.8,52.6,10,2024-07-17,IT,Mid,Bachelor,Full-Time,Hybrid,Male,16800,11,11,1
12502,43.0,22.6,45900.0,3.7,35.3,4,2015-06-17,HR,Senior,Master,Full-Time,Office,Male,5700,13,10,1
12503,32.0,10.5,117400.0,3.8,47.0,6,2023-08-20,HR,Mid,Diploma,Part-Time,Office,Male,15600,7,14,1
12504,30.0,3.9,49500.0,4.3,45.8,5,2015-03-11,Marketing,Lead,High School,Full-Time,Remote,Male,3600,3,11,0
12505,26.0,2.5,31800.0,4.7,43.1,9,2020-02-04,IT,Lead,High School,Full-Time,Hybrid,Female,3500,3,15,1
12506,28.0,8.5,48700.0,3.5,30.2,5,2021-10-09,Operations,Junior,Master,Full-Time,Office,Male,2600,5,9,0
12507,,33.8,83600.0,4.2,37.6,10,2018-11-26,IT,Mid,Master,Contract,Hybrid,Female,4400,20,7,1
12508,45.0,15.4,39300.0,3.2,26.2,8,2020-06-01,Finance,Mid,High School,Full-Time,Office,Female,5900,11,9,1
12509,24.0,1.3,43300.0,4.2,35.2,6,2022-01-16,Finance,Junior,Master,Full-Time,Office,Male,5600,2,11,1
12510,24.0,1.6,69700.0,4.1,17.5,6,2019-07-13,Finance,Lead,Bachelor,Full-Time,Hybrid,Male,3700,1,9,1
12511,39.0,17.4,55100.0,4.1,23.1,4,2021-03-09,Marketing,Mid,Diploma,Full-Time,Remote,Male,4200,14,8,1
12512,39.0,19.2,69500.0,3.5,30.8,5,2015-04-12,IT,Junior,High School,Contract,Hybrid,Female,6500,11,2,1
12513,39.0,18.9,60500.0,2.9,20.8,2,2019-12-18,Sales,Junior,Bachelor,Full-Time,Remote,Male,1300,11,18,0
12514,33.0,11.8,66600.0,2.4,27.4,3,2019-09-28,IT,Mid,High School,Full-Time,Office,Male,9600,9,13,1
12515,34.0,15.6,46300.0,3.4,32.5,7,2019-06-01,Sales,Senior,High School,Full-Time,Office,Female,1600,9,9,0
12516,38.0,11.4,,4.5,41.0,4,2018-09-23,HR,Mid,Master,Full-Time,Office,Female,7600,9,19,1
12517,36.0,15.5,38000.0,3.2,49.2,6,2015-11-29,Sales,Junior,Diploma,Full-Time,Office,Male,5600,9,5,1
12518,21.0,0.9,92100.0,3.9,28.0,4,2021-03-02,HR,Junior,Bachelor,Full-Time,Office,Male,10300,2,9,0
12519,33.0,7.3,42700.0,4.0,55.0,4,2019-02-19,Operations,Lead,High School,Full-Time,Hybrid,Female,6200,8,14,1
12520,28.0,1.5,86400.0,3.2,49.1,4,2015-08-17,Operations,Junior,High School,Full-Time,Office,Male,1900,2,10,0
12521,36.0,11.8,50100.0,4.3,42.6,7,2023-12-05,Finance,Lead,Master,Full-Time,Office,Female,3300,7,12,1
12522,59.0,35.0,59600.0,1.4,37.3,5,2018-01-27,IT,Lead,Bachelor,Full-Time,Hybrid,Male,4900,20,8,1
12523,38.0,18.3,45100.0,2.5,39.8,5,2020-05-11,Finance,Senior,Master,Full-Time,Office,Female,5500,11,5,0
12524,32.0,8.2,36600.0,2.8,52.8,7,2020-05-13,IT,Lead,Master,Full-Time,Hybrid,Male,3800,7,8,1
12525,42.0,17.4,27400.0,2.8,53.4,2,2018-12-05,Sales,Junior,Bachelor,Full-Time,Remote,Female,3200,12,14,0
12526,39.0,15.2,36100.0,3.6,55.0,6,2017-08-11,IT,Lead,Diploma,Contract,Remote,Male,1400,9,14,1
12527,38.0,19.4,48300.0,3.6,35.6,6,2019-10-20,Sales,Junior,Master,Full-Time,Office,Female,6300,14,7,1
12528,40.0,18.0,59900.0,3.7,43.3,5,2016-04-04,IT,Mid,High School,Full-Time,Remote,Female,7600,10,2,1
12529,51.0,28.5,82400.0,3.8,55.2,5,2018-05-02,HR,Mid,Diploma,Full-Time,Hybrid,Male,9900,15,12,0
12530,26.0,3.7,46000.0,2.7,25.6,4,2022-02-15,Sales,Mid,High School,Full-Time,Office,Female,5800,3,9,1
12531,39.0,20.9,38700.0,2.5,30.2,4,2017-06-08,Finance,Junior,Diploma,Full-Time,Hybrid,Male,1800,13,11,1
12532,28.0,3.8,30900.0,3.7,35.2,6,2022-05-07,Finance,Senior,High School,Contract,Remote,Female,1200,4,15,1
12533,39.0,20.9,66600.0,3.0,48.5,5,2017-11-09,Finance,Senior,Master,Contract,Office,Female,9100,10,21,1
12534,28.0,6.6,95600.0,2.3,48.7,2,2017-07-19,Finance,Lead,Master,Full-Time,Office,Male,13800,3,9,1
12535,32.0,9.5,91300.0,4.1,31.5,2,2015-11-07,HR,Mid,Master,Full-Time,Office,Female,6900,6,10,0
12536,33.0,18.5,73100.0,4.4,12.4,3,2022-11-29,HR,Mid,Bachelor,Full-Time,Office,Male,5700,11,10,1
12537,43.0,17.8,71000.0,4.5,38.7,4,2020-02-07,Marketing,Lead,Master,Full-Time,Office,Male,8300,10,16,1
12538,42.0,18.9,108500.0,3.5,21.2,5,2022-06-20,Marketing,Lead,Diploma,Full-Time,Hybrid,Male,9200,10,13,1
12539,25.0,0.0,62800.0,3.8,12.7,6,2019-05-01,Marketing,Mid,Master,Full-Time,Hybrid,Male,3800,1,12,1
12540,35.0,15.9,71200.0,4.4,16.0,9,2023-05-02,Operations,Senior,Bachelor,Full-Time,Hybrid,Female,3200,10,14,1
12541,29.0,12.1,48400.0,3.0,39.9,3,2019-10-25,Marketing,Mid,High School,Contract,Hybrid,Male,1100,7,4,1
12542,25.0,8.0,31900.0,4.2,55.4,5,2020-10-27,IT,Mid,Bachelor,Part-Time,Hybrid,Female,3100,6,13,1
12543,33.0,14.7,41800.0,3.6,35.6,3,2023-11-16,Operations,Senior,Diploma,Full-Time,Remote,Female,1600,10,18,1
12544,33.0,10.4,54800.0,4.0,38.2,4,2015-09-03,Sales,Senior,Diploma,Full-Time,Hybrid,Female,7200,7,12,1
12545,54.0,30.9,56400.0,3.5,52.7,3,2022-10-01,Finance,Junior,,Full-Time,Hybrid,Female,8300,18,13,1
12546,38.0,11.0,118800.0,4.3,11.8,9,2016-04-16,IT,Junior,High School,Full-Time,Office,Male,9400,8,12,1
12547,24.0,8.1,56800.0,3.6,42.8,6,2023-09-06,Operations,Mid,Master,Full-Time,Remote,Male,2000,4,20,1
12548,30.0,9.4,88100.0,2.4,34.8,1,2015-11-18,HR,Senior,Diploma,Full-Time,Hybrid,Male,8400,8,22,0
12549,43.0,19.5,46200.0,4.4,43.5,5,2015-05-21,Finance,Junior,Master,Full-Time,Remote,Male,4400,12,10,1
12550,52.0,34.0,48600.0,2.7,27.7,6,2023-09-16,Sales,Senior,High School,Full-Time,Hybrid,Female,1800,19,11,1
12551,22.0,0.0,32300.0,4.3,22.7,6,2021-06-18,Sales,Mid,Diploma,Full-Time,Hybrid,Female,3400,2,8,1
12552,21.0,0.2,40900.0,3.3,37.1,4,2018-02-18,HR,Mid,High School,Full-Time,Office,Male,2500,1,17,1
12553,50.0,27.5,67900.0,4.2,59.7,4,2015-04-09,Finance,Junior,High School,Full-Time,Hybrid,Female,8800,15,14,1
12554,38.0,17.9,55200.0,4.2,47.9,3,2024-12-28,Marketing,Lead,Bachelor,Full-Time,Office,Male,5300,10,1,1
12555,28.0,5.8,80200.0,3.7,27.4,2,2016-05-08,Finance,Junior,High School,Part-Time,Hybrid,Female,6100,4,13,1
12556,39.0,12.6,59100.0,3.8,14.9,3,2018-03-13,Finance,Junior,Diploma,Full-Time,Hybrid,Male,8600,8,10,1
12557,21.0,0.0,47800.0,3.7,9.8,4,2020-11-27,Sales,Mid,Bachelor,Full-Time,Remote,Female,4000,1,12,0
12558,35.0,16.1,129900.0,2.0,54.7,5,2016-04-28,HR,Junior,Diploma,Full-Time,Hybrid,Male,17600,14,5,0
12559,38.0,15.9,53000.0,3.5,20.7,5,2020-12-17,Finance,Junior,Bachelor,Full-Time,Office,Male,2900,11,9,1
12560,42.0,22.3,87600.0,2.6,30.1,2,2018-11-24,IT,Mid,Bachelor,Full-Time,Remote,Female,6800,14,8,0
12561,27.0,1.9,46800.0,3.5,54.8,2,2017-04-19,IT,Mid,High School,Part-Time,Hybrid,Female,1400,4,11,0
12562,36.0,13.9,73100.0,2.6,10.8,4,2016-05-20,HR,Mid,High School,Part-Time,Office,Female,5500,15,10,0
12563,28.0,4.1,79700.0,2.6,57.4,5,2022-09-17,Marketing,Junior,Master,Full-Time,Remote,Female,10900,4,13,0
12564,37.0,17.2,59800.0,4.5,31.2,6,2015-07-29,Operations,Senior,Diploma,Contract,Remote,Female,7600,12,7,1
12565,28.0,6.1,21400.0,4.1,17.8,6,2019-11-17,Finance,Mid,Diploma,Contract,Hybrid,Male,3100,4,7,0
12566,32.0,12.1,55400.0,3.4,31.3,6,2015-12-27,Operations,Lead,Master,Contract,Office,Female,6500,10,12,1
12567,27.0,8.3,90000.0,3.5,24.2,4,2015-06-03,,Mid,High School,Full-Time,Remote,Male,5000,5,7,0
12568,40.0,20.1,67900.0,3.2,41.6,9,2016-06-16,Sales,Senior,Diploma,Part-Time,Office,Female,2800,12,8,1
12569,42.0,20.8,65700.0,3.8,25.3,2,2019-04-20,Finance,Mid,Diploma,Full-Time,Hybrid,Male,2800,11,13,1
12570,33.0,8.0,27600.0,2.9,6.3,5,2024-05-24,Operations,Mid,High School,Full-Time,Hybrid,Female,2900,5,20,1
12571,35.0,13.0,41200.0,4.1,31.7,8,2020-07-04,Marketing,Mid,Bachelor,Part-Time,Remote,Female,2900,8,7,1
12572,23.0,0.0,64800.0,3.2,14.7,6,2021-06-15,Finance,Mid,High School,Full-Time,Remote,Male,4800,1,3,0
12573,33.0,10.0,64800.0,3.1,38.1,3,2021-11-26,Finance,Mid,Master,Full-Time,Hybrid,Female,8500,6,10,1
12574,35.0,11.9,89400.0,3.4,17.2,5,2022-08-15,Sales,Senior,Diploma,Contract,Office,Female,10200,6,11,1
12575,56.0,31.1,51900.0,3.0,27.7,5,2022-05-07,IT,Senior,Bachelor,Contract,Hybrid,Male,2400,18,20,1
12576,26.0,0.0,64700.0,3.6,37.7,6,2019-11-11,IT,Mid,Master,Contract,Hybrid,Male,2700,3,14,1
12577,47.0,23.0,55400.0,3.0,31.8,9,2020-05-23,Marketing,Junior,High School,Contract,Office,Male,7000,12,12,1
12578,43.0,21.6,37100.0,3.7,38.8,8,2017-05-25,HR,Lead,Bachelor,Full-Time,Hybrid,Male,5300,11,14,1
12579,37.0,11.0,22300.0,4.3,45.2,1,2021-06-05,HR,Senior,Diploma,Full-Time,Office,Male,1000,6,10,1
12580,49.0,27.0,65300.0,2.9,17.6,7,2015-12-07,Sales,Mid,Bachelor,Contract,Hybrid,Male,9400,14,6,1
12581,38.0,21.7,59000.0,3.3,34.0,4,2023-06-03,Operations,Lead,Diploma,Full-Time,Hybrid,Male,4500,14,18,1
12582,38.0,19.1,43000.0,3.7,5.0,3,2016-09-26,Operations,Lead,High School,Part-Time,Remote,Male,5900,16,10,1
12583,35.0,17.9,28800.0,3.1,38.7,5,2022-02-14,Finance,Junior,Bachelor,Full-Time,Hybrid,Female,3400,11,17,0
12584,45.0,24.2,70800.0,3.7,30.5,5,2018-04-07,Sales,Junior,Bachelor,Contract,Hybrid,Male,9700,16,11,1
12585,44.0,25.5,49500.0,3.8,20.2,4,2016-02-24,Operations,Junior,Bachelor,Full-Time,Hybrid,Female,5100,13,16,1
12586,30.0,5.8,68700.0,4.2,39.7,6,2024-03-05,IT,Senior,Diploma,Full-Time,Hybrid,Female,2800,3,17,1
12587,24.0,0.1,115900.0,3.0,52.6,9,2017-01-06,Marketing,Senior,High School,Part-Time,Office,Male,3200,2,9,1
12588,33.0,2.8,23400.0,2.7,27.9,8,2021-09-02,HR,Senior,High School,Full-Time,Office,Female,2400,3,11,1
12589,29.0,10.6,41600.0,3.2,20.8,3,2018-04-23,Finance,Mid,Diploma,Full-Time,Hybrid,Female,1100,9,14,0
12590,34.0,16.6,50600.0,2.7,37.5,3,2018-09-08,HR,Junior,Bachelor,Full-Time,Office,Female,2600,12,16,0
12591,45.0,21.3,98400.0,3.8,15.0,5,2020-08-20,IT,Junior,Diploma,Full-Time,Office,Female,4600,14,6,1
12592,31.0,8.2,28600.0,2.6,25.1,8,2019-09-05,Finance,Lead,Diploma,Full-Time,Remote,Female,2200,5,21,1
12593,35.0,10.7,119300.0,5.0,53.3,6,2016-08-30,IT,Lead,Master,Contract,Office,Female,11700,7,9,1
12594,35.0,14.1,58100.0,4.3,35.9,6,2021-05-14,HR,Junior,High School,Full-Time,Office,Male,8000,11,8,1
12595,42.0,23.4,52900.0,3.4,6.8,7,2018-03-08,HR,Junior,Diploma,Full-Time,Hybrid,Female,7500,17,19,1
12596,21.0,0.0,50800.0,4.0,8.0,4,2023-05-24,IT,Mid,Bachelor,Full-Time,Hybrid,Female,7500,7,9,0
12597,30.0,9.2,46200.0,2.3,37.4,7,2023-08-24,Finance,Junior,Diploma,Full-Time,Hybrid,Female,5500,7,15,1
12598,37.0,14.2,83600.0,5.0,47.9,10,2020-04-07,IT,Junior,Diploma,Full-Time,Office,Male,11700,8,7,1
12599,45.0,23.3,35900.0,3.0,10.7,3,2015-08-19,Finance,Mid,Diploma,Full-Time,Hybrid,Female,4400,13,15,0
12600,31.0,10.4,63100.0,3.3,41.7,7,2019-01-14,Sales,Junior,Bachelor,Full-Time,Office,Male,8700,7,9,0
12601,21.0,0.0,47200.0,2.1,55.0,3,2020-07-30,Sales,Senior,Master,Full-Time,Hybrid,Male,1600,3,11,0
12602,40.0,17.7,40500.0,3.7,63.3,5,2020-12-25,Finance,Lead,Diploma,Contract,Hybrid,Female,5900,10,17,1
12603,30.0,7.4,154700.0,2.6,40.0,1,2017-09-23,IT,Lead,High School,Full-Time,Remote,Female,7800,5,5,1
12604,25.0,5.9,65000.0,3.5,42.6,6,2022-01-22,Finance,Mid,Diploma,Full-Time,Office,Male,6100,5,16,0
12605,30.0,9.3,70300.0,3.0,5.0,2,2024-05-02,HR,Senior,Master,Full-Time,Office,Male,6100,6,11,0
12606,34.0,12.7,86700.0,2.6,66.5,3,2018-03-25,IT,Mid,Diploma,Full-Time,Remote,Female,8100,6,16,1
12607,30.0,4.2,31100.0,2.8,26.4,2,2016-08-29,Operations,Junior,High School,Full-Time,Hybrid,Male,3500,4,3,0
12608,21.0,0.0,110900.0,3.6,21.0,5,2023-06-16,Finance,Mid,Master,Full-Time,Remote,Male,10000,2,12,0
12609,42.0,22.7,20200.0,2.5,31.2,3,2022-10-10,HR,Mid,High School,Full-Time,Office,Male,2200,15,9,1
12610,45.0,23.1,40400.0,2.9,57.7,5,2020-04-04,Marketing,Junior,High School,Full-Time,Hybrid,Female,3600,16,9,1
12611,40.0,20.0,45800.0,3.9,68.1,2,2018-07-08,HR,Mid,High School,Part-Time,Office,Female,1000,12,6,1
12612,26.0,9.3,69400.0,5.0,36.9,4,2023-11-06,Operations,Junior,Master,Full-Time,Remote,Female,7000,6,12,1
12613,33.0,14.1,60000.0,3.7,50.0,6,2018-08-25,Finance,Senior,Master,Contract,Office,Female,5500,9,4,1
12614,35.0,13.3,51400.0,2.8,35.6,6,2020-10-29,IT,Lead,High School,Contract,Remote,Female,4900,9,5,1
12615,40.0,16.5,54700.0,3.1,19.4,5,2022-07-07,IT,Junior,High School,Contract,Hybrid,Male,1100,10,2,1
12616,40.0,10.3,37200.0,3.4,57.2,1,2021-03-10,Sales,Junior,Bachelor,Full-Time,Remote,Female,3000,8,4,0
12617,29.0,6.5,30200.0,3.2,25.7,5,2020-07-17,Operations,Junior,Master,Full-Time,Office,Male,4000,4,8,1
12618,36.0,13.0,73500.0,4.0,58.0,7,2024-07-30,Finance,Lead,Diploma,Full-Time,Office,Female,4600,12,5,1
12619,39.0,18.2,72600.0,3.6,54.5,7,2024-05-06,HR,Junior,Master,Contract,Office,Male,5700,11,7,1
12620,47.0,24.5,103700.0,4.0,44.2,4,2018-10-14,HR,Mid,Bachelor,Full-Time,Hybrid,Male,3700,12,7,1
12621,41.0,18.0,40100.0,3.2,62.4,2,2019-08-30,Operations,Junior,Bachelor,Full-Time,Remote,Female,3100,11,8,0
12622,41.0,13.7,72600.0,4.3,68.5,4,2015-07-25,Finance,Mid,High School,Full-Time,Hybrid,Female,5200,9,11,1
12623,36.0,11.2,49100.0,3.3,32.4,4,2024-04-30,HR,Senior,Master,Full-Time,Hybrid,Male,6600,7,9,1
12624,46.0,25.4,88500.0,2.7,22.9,6,2018-07-08,Marketing,Mid,Diploma,Full-Time,Office,Female,2200,20,14,1
12625,38.0,21.1,82800.0,4.9,7.0,4,2019-12-15,Operations,Senior,Master,Full-Time,Hybrid,Male,11900,12,7,1
12626,28.0,5.7,59800.0,2.1,68.7,3,2017-06-18,Sales,Senior,Bachelor,Part-Time,Hybrid,Male,5700,4,16,0
12627,46.0,25.0,48000.0,2.9,28.4,2,2017-01-17,IT,Mid,Diploma,Full-Time,Hybrid,Male,4300,14,2,0
12628,41.0,21.9,80800.0,3.0,52.0,4,2024-01-28,HR,Senior,Diploma,Full-Time,Office,Female,10900,11,13,1
12629,31.0,6.6,71200.0,5.0,23.9,8,2017-05-26,Marketing,Senior,High School,Full-Time,Hybrid,Male,3200,6,5,1
12630,31.0,10.1,41800.0,4.7,58.1,7,2022-03-14,Finance,Senior,Master,Full-Time,Office,Male,2000,8,4,1
12631,37.0,12.8,32300.0,4.4,24.5,5,2021-09-08,HR,Senior,Master,Full-Time,Remote,Female,4300,8,13,1
12632,39.0,19.6,49000.0,3.2,17.1,10,2019-10-15,Operations,Senior,Master,Full-Time,Hybrid,Male,6900,12,11,1
12633,37.0,15.5,100800.0,5.0,31.9,8,2015-12-03,Finance,Junior,Diploma,Contract,Hybrid,Male,13000,10,19,1
12634,37.0,15.9,87000.0,3.7,27.0,6,2022-10-17,Marketing,Lead,Bachelor,Full-Time,Remote,Male,2200,10,8,1
12635,49.0,24.7,35200.0,4.1,43.9,4,2019-10-28,Marketing,Junior,Bachelor,Full-Time,Office,Female,3700,12,8,1
12636,44.0,24.1,34500.0,3.5,34.2,8,2017-02-19,IT,Mid,High School,Part-Time,Office,Female,2700,13,5,1
12637,37.0,21.3,91600.0,3.4,44.4,2,2015-10-06,Finance,Mid,Bachelor,Full-Time,Remote,Female,11500,13,11,1
12638,43.0,18.0,34900.0,3.2,30.6,6,2021-04-15,Sales,Junior,Master,Full-Time,Hybrid,Male,1400,10,17,1
12639,27.0,4.0,67400.0,3.3,25.0,2,2017-04-12,IT,Mid,High School,Full-Time,Office,Female,9400,4,5,0
12640,38.0,16.7,43000.0,3.8,26.2,10,2019-09-28,Finance,Junior,Bachelor,Full-Time,Office,Female,2700,8,7,1
12641,49.0,29.4,105000.0,3.7,65.7,6,2017-11-19,Finance,Lead,Bachelor,Full-Time,Hybrid,Female,6500,17,11,1
12642,33.0,9.3,40400.0,3.4,38.4,9,2020-01-13,Marketing,Senior,High School,Contract,Hybrid,Female,1700,7,17,1
12643,28.0,0.0,86900.0,4.5,5.2,3,2023-02-07,Operations,Mid,Diploma,Full-Time,Hybrid,Male,1800,4,10,0
12644,30.0,12.1,59200.0,1.3,27.2,8,2017-07-27,Marketing,Mid,High School,Full-Time,Office,Female,3600,7,16,0
12645,26.0,6.3,60800.0,3.8,36.5,5,2018-02-28,Finance,Junior,Diploma,Full-Time,Hybrid,Male,2400,4,12,1
12646,29.0,1.8,25000.0,3.9,62.7,9,2016-06-07,Operations,Senior,,Full-Time,Office,Male,2900,3,14,1
12647,32.0,8.2,22800.0,4.2,50.4,9,2016-04-04,Operations,Mid,Diploma,Full-Time,Hybrid,Female,2700,5,11,1
12648,24.0,6.7,50400.0,3.4,21.2,5,2021-09-08,Marketing,Junior,High School,Full-Time,Hybrid,Female,6400,6,6,1
12649,35.0,17.3,60700.0,3.5,71.3,5,2024-11-08,Finance,Lead,Master,Full-Time,Office,Female,1300,9,16,1
12650,42.0,22.8,35100.0,4.1,34.5,4,2021-09-26,Finance,Senior,High School,Part-Time,Remote,Male,2300,11,14,1
12651,28.0,5.5,35600.0,4.4,53.7,15,2020-12-04,Operations,Junior,High School,Full-Time,Hybrid,Male,700,4,13,1
12652,,25.2,68800.0,3.2,17.7,5,2018-03-18,IT,Senior,Diploma,Full-Time,Office,Male,5900,18,7,0
12653,39.0,16.6,68900.0,3.6,5.0,4,2020-11-26,IT,Senior,Diploma,Part-Time,Hybrid,Female,9500,10,2,1
12654,43.0,24.4,52100.0,4.6,13.9,5,2021-04-02,Sales,Mid,Diploma,Full-Time,Remote,Female,3800,14,14,1
12655,30.0,5.4,75100.0,1.9,5.0,6,2020-07-18,IT,Junior,Master,Full-Time,Remote,Male,10000,4,4,1
12656,42.0,17.6,34400.0,2.9,66.7,6,2022-11-13,HR,Mid,Diploma,Full-Time,Hybrid,Male,4900,9,8,1
12657,26.0,7.0,47700.0,4.4,38.2,5,2018-12-21,HR,Senior,Master,Full-Time,Hybrid,Female,2400,4,14,1
12658,42.0,19.9,106300.0,4.2,21.1,5,2017-10-06,Marketing,Junior,High School,Part-Time,Hybrid,Female,2300,14,3,1
12659,36.0,18.1,56500.0,3.8,41.8,5,2019-03-21,Operations,Junior,High School,Full-Time,Office,Male,6600,10,12,1
12660,39.0,15.0,57900.0,3.1,37.8,6,2018-04-18,HR,Mid,Diploma,Full-Time,Hybrid,Male,5500,8,8,1
12661,26.0,3.8,138300.0,2.8,44.3,3,2023-02-04,IT,Mid,Bachelor,Full-Time,Remote,Male,9000,4,10,0
12662,28.0,3.2,31400.0,3.0,53.1,6,2020-02-16,Operations,Lead,High School,Full-Time,Office,Female,2100,4,2,1
12663,40.0,18.0,75600.0,4.5,30.7,3,2016-01-31,Sales,Senior,Bachelor,Full-Time,Hybrid,Female,2300,11,10,1
12664,27.0,0.6,107000.0,3.0,21.8,5,2023-04-13,,Lead,Bachelor,Full-Time,Remote,Male,14300,1,17,1
12665,39.0,15.5,48300.0,3.5,47.4,2,2020-08-10,Sales,Mid,Bachelor,Full-Time,Office,Female,2500,16,10,1
12666,24.0,0.0,77600.0,2.9,47.0,6,2020-08-17,IT,Senior,Diploma,Full-Time,Office,Male,2500,2,21,0
12667,42.0,22.1,37100.0,4.0,36.5,7,2020-12-31,IT,Junior,Master,Part-Time,Office,Male,4500,11,5,1
12668,25.0,5.1,41800.0,3.0,67.7,3,2019-08-06,IT,Junior,High School,Part-Time,Hybrid,Male,3500,6,22,0
12669,39.0,11.8,64200.0,3.3,28.4,4,2021-05-11,Marketing,Mid,Bachelor,Full-Time,Remote,Male,7700,8,16,1
12670,40.0,22.0,75700.0,2.2,21.5,7,2015-10-14,HR,Senior,Master,Full-Time,Hybrid,Male,10400,13,20,1
12671,29.0,14.5,86100.0,2.3,41.3,5,2021-12-12,IT,Mid,Diploma,Full-Time,Office,Male,6000,9,20,0
12672,40.0,18.1,103000.0,3.4,24.9,3,2019-07-24,Finance,Mid,High School,Full-Time,Office,Male,2800,10,14,1
12673,37.0,13.1,53500.0,2.5,42.4,5,2016-09-24,HR,Junior,Master,Full-Time,Remote,Female,2800,10,5,0
12674,31.0,17.5,88700.0,4.9,22.5,5,2019-05-14,HR,Junior,Diploma,Contract,Hybrid,Male,2400,11,13,1
12675,27.0,1.0,48000.0,2.0,29.0,4,2016-12-29,Marketing,Senior,High School,Part-Time,Remote,Female,1900,4,2,1
12676,21.0,0.0,78900.0,2.8,63.4,2,2015-01-31,Sales,Junior,High School,Full-Time,Remote,Male,10300,5,17,0
12677,38.0,16.5,59800.0,3.4,28.9,7,2023-03-31,Operations,Mid,Diploma,Full-Time,Hybrid,Male,8500,8,22,1
12678,22.0,4.0,65700.0,3.1,23.0,6,2024-08-24,HR,Senior,Bachelor,Full-Time,Hybrid,Male,7100,3,14,0
12679,36.0,15.1,65200.0,2.6,52.6,3,2015-09-01,HR,Junior,High School,Full-Time,Hybrid,Male,7500,9,9,0
12680,33.0,9.5,28900.0,2.7,19.2,1,2015-05-20,IT,Junior,High School,Full-Time,Hybrid,Male,3300,7,17,1
12681,40.0,15.1,35100.0,2.7,24.6,4,2021-09-14,Finance,Senior,Bachelor,Full-Time,Office,Male,1300,9,16,1
12682,33.0,10.0,57300.0,3.2,43.6,8,2016-12-25,IT,Mid,Master,Full-Time,Office,Female,1500,7,13,1
12683,32.0,7.0,28000.0,4.8,49.1,11,2019-04-14,Finance,Mid,High School,Contract,Hybrid,Male,3100,4,14,1
12684,41.0,19.1,76700.0,3.5,53.3,3,2023-04-18,HR,Mid,Master,Full-Time,Remote,Male,1900,10,8,1
12685,38.0,14.3,77900.0,4.2,23.8,3,2015-06-13,Finance,Mid,Bachelor,Part-Time,Hybrid,Female,9800,9,13,1
12686,38.0,11.5,62700.0,3.8,43.9,7,2015-04-14,IT,Senior,High School,Full-Time,Office,Female,6100,10,15,1
12687,39.0,20.8,35100.0,4.2,28.0,7,2015-03-04,IT,Lead,Bachelor,Part-Time,Remote,Female,1200,14,11,1
12688,23.0,0.0,95500.0,1.4,25.9,3,2020-08-24,Sales,Lead,High School,Full-Time,Hybrid,Male,10100,1,10,0
12689,41.0,15.2,124200.0,3.2,53.0,7,2024-10-05,Marketing,Mid,High School,Part-Time,Office,Male,12300,12,12,1
12690,,17.5,58300.0,4.3,26.8,2,2021-02-04,Sales,Mid,High School,Part-Time,Hybrid,Female,4000,11,13,1
12691,27.0,5.2,67500.0,3.0,39.2,6,2019-03-27,HR,Mid,Bachelor,Full-Time,Remote,Female,8500,6,12,0
12692,33.0,5.8,59600.0,4.6,37.3,6,2021-10-24,Finance,Mid,High School,Full-Time,Hybrid,Male,3600,5,13,1
12693,35.0,14.0,68000.0,4.4,18.9,11,2022-01-16,IT,Mid,Master,Contract,Office,Female,4700,8,12,1
12694,34.0,8.9,52400.0,3.1,49.5,2,2016-12-27,IT,Junior,Diploma,Full-Time,Office,Male,5800,10,14,0
12695,38.0,21.1,54200.0,3.0,43.4,3,2024-09-29,IT,Junior,Diploma,Full-Time,Office,Female,6400,13,15,1
12696,46.0,25.6,79000.0,2.7,5.2,6,2021-06-16,Operations,Senior,Diploma,Full-Time,Remote,Male,4400,16,11,1
12697,44.0,20.8,140600.0,3.0,39.2,5,2017-01-07,IT,Mid,Master,Full-Time,Hybrid,Male,3100,12,11,1
12698,25.0,0.8,31400.0,2.5,23.4,2,2024-12-25,Operations,Senior,High School,Full-Time,Remote,Female,1300,3,10,0
12699,40.0,17.7,52800.0,3.7,51.5,4,2019-11-26,HR,Mid,Bachelor,Full-Time,Office,Male,2900,10,8,1
12700,46.0,25.8,34300.0,2.4,13.3,5,2020-06-26,Marketing,Senior,Bachelor,Full-Time,Office,Female,4700,14,11,1
12701,38.0,15.9,104000.0,3.8,29.7,7,2015-05-10,Sales,Senior,High School,Full-Time,Hybrid,Male,14200,11,0,1
12702,44.0,21.3,43500.0,3.8,40.4,1,2023-04-04,Operations,Junior,Master,Part-Time,Office,Female,4600,13,14,0
12703,51.0,29.2,30900.0,2.2,35.8,3,2024-09-07,Sales,Mid,Diploma,Full-Time,Hybrid,Female,3500,16,21,0
12704,43.0,19.2,71000.0,4.5,46.4,6,2020-05-29,Operations,Senior,Master,Contract,Hybrid,Female,7200,11,9,1
12705,37.0,14.0,110500.0,3.8,12.2,1,2024-10-13,IT,Mid,Master,Full-Time,Office,Female,13400,10,18,0
12706,43.0,14.7,71700.0,3.9,59.8,4,2018-07-10,IT,Junior,Bachelor,Full-Time,Remote,Female,4700,7,12,0
12707,36.0,16.9,59700.0,2.9,42.9,6,2018-04-09,Finance,Mid,High School,Full-Time,Hybrid,Male,5400,10,6,0
12708,35.0,13.9,64800.0,3.8,55.4,7,2017-07-15,IT,Junior,Bachelor,Full-Time,Office,Female,6900,10,6,1
12709,32.0,7.7,96900.0,4.2,48.1,2,2020-06-03,Sales,Mid,Diploma,Full-Time,Hybrid,Male,7800,5,14,1
12710,48.0,31.7,38800.0,3.3,34.8,5,2018-11-30,Finance,Junior,Diploma,Full-Time,Hybrid,Male,4700,19,9,1
12711,28.0,6.3,52600.0,4.8,15.7,1,2019-09-22,Finance,Lead,Bachelor,Full-Time,Office,Female,7400,5,21,1
12712,47.0,21.9,45900.0,3.4,26.5,5,2019-12-25,IT,Mid,High School,Contract,Office,Male,4900,11,11,1
12713,39.0,19.6,34500.0,4.2,58.8,5,2023-06-24,Finance,Lead,High School,Contract,Hybrid,Male,1000,12,5,1
12714,24.0,3.2,48200.0,3.6,55.8,4,2017-10-08,Marketing,Junior,Master,Full-Time,Office,Male,4800,3,10,0
12715,38.0,17.2,85700.0,3.8,25.7,3,2016-03-24,IT,Mid,Master,Full-Time,Remote,Female,9500,9,3,1
12716,21.0,0.0,69000.0,2.2,5.0,2,2021-01-16,Marketing,Junior,Bachelor,Full-Time,Office,Male,3900,1,1,1
12717,40.0,19.4,71200.0,3.7,31.8,4,2024-01-02,IT,Senior,Diploma,Contract,Office,Male,4400,11,11,1
12718,42.0,19.2,58300.0,2.9,30.7,3,2016-11-18,Operations,Junior,High School,Full-Time,Office,Male,5700,12,11,1
12719,30.0,9.7,67800.0,2.8,31.3,6,2022-12-05,Marketing,Senior,Bachelor,Full-Time,Hybrid,Female,7600,7,14,1
12720,36.0,8.3,39900.0,4.6,42.9,6,2019-10-23,IT,Mid,Bachelor,Full-Time,Office,Female,5300,8,11,1
12721,51.0,27.7,48600.0,3.3,48.1,3,2021-12-12,Sales,Junior,Diploma,Full-Time,Remote,Female,5800,15,22,0
12722,31.0,14.2,59400.0,2.7,49.9,8,2021-05-16,Operations,Mid,Master,Full-Time,Office,Female,2200,9,13,1
12723,27.0,2.7,,3.1,41.7,6,2020-10-29,Operations,Senior,Diploma,Full-Time,Remote,Female,4000,4,18,1
12724,47.0,23.2,62500.0,2.5,8.0,6,2023-10-02,Operations,Junior,Master,Contract,Office,Female,2500,13,13,1
12725,51.0,27.7,52000.0,4.4,29.9,6,2021-01-26,IT,Mid,Master,Part-Time,Hybrid,Female,6200,16,15,1
12726,35.0,9.4,47300.0,2.9,69.6,4,2023-08-28,Sales,Mid,High School,Contract,Hybrid,Female,2600,7,16,1
12727,43.0,14.4,194500.0,3.8,40.6,5,2021-08-24,HR,Mid,High School,Full-Time,Hybrid,Female,7000,8,16,1
12728,46.0,23.3,79000.0,4.3,40.5,4,2017-05-09,Operations,Senior,Master,Contract,Hybrid,Female,2600,15,10,1
12729,29.0,7.4,64900.0,3.0,40.4,9,2020-11-28,HR,Junior,Master,Full-Time,Hybrid,Male,2300,5,18,0
12730,31.0,8.8,50100.0,3.8,41.2,2,2015-06-13,IT,Mid,High School,Full-Time,Hybrid,Female,2600,5,5,0
12731,45.0,22.6,45900.0,2.7,5.0,6,2016-02-19,Operations,Mid,Master,Contract,Office,Male,5600,13,21,1
12732,48.0,26.1,52200.0,5.0,31.4,10,2022-05-11,Sales,Junior,Master,Full-Time,Hybrid,Male,2700,14,7,0
12733,40.0,21.1,61800.0,4.1,34.4,6,2015-06-04,Sales,Junior,Master,Full-Time,Remote,Male,3500,13,9,1
12734,28.0,5.4,25900.0,3.3,54.2,4,2021-02-19,Operations,Mid,Diploma,Full-Time,Hybrid,Male,3500,4,5,1
12735,51.0,27.3,29400.0,2.9,35.7,7,2019-02-08,Finance,Mid,Bachelor,Part-Time,Office,Male,2300,16,11,0
12736,31.0,8.2,42600.0,3.3,10.3,5,2022-06-25,Finance,Junior,Master,Contract,Hybrid,Male,3700,5,14,1
12737,32.0,11.7,59800.0,3.2,41.5,5,2020-01-10,Operations,Junior,High School,Full-Time,Hybrid,Female,1200,10,16,0
12738,38.0,20.2,50000.0,4.8,22.9,4,2022-11-12,Marketing,Junior,Master,Contract,Office,Male,1500,12,13,1
12739,47.0,23.1,99300.0,2.5,16.7,4,2020-08-30,Finance,Mid,Master,Contract,Office,Male,11500,16,22,1
12740,42.0,20.3,30400.0,3.5,22.5,6,2022-11-10,IT,Junior,High School,Full-Time,Office,Female,1900,12,11,0
12741,38.0,17.0,40700.0,3.4,43.1,4,2017-10-19,Finance,Senior,High School,Full-Time,Office,Male,1600,8,13,1
12742,,14.0,101000.0,3.3,53.9,5,2020-11-26,Finance,Junior,Master,Full-Time,Remote,Male,7700,10,20,1
12743,35.0,13.1,58000.0,3.3,42.2,2,2016-02-03,IT,Senior,Bachelor,Part-Time,Office,Female,1500,10,18,1
12744,39.0,12.6,78400.0,3.3,44.5,10,2023-02-25,IT,Junior,High School,Full-Time,Office,Male,8800,9,10,1
12745,21.0,0.0,124900.0,4.0,42.1,7,2022-12-29,Marketing,Mid,High School,Full-Time,Office,Female,3800,1,7,1
12746,33.0,12.1,41700.0,3.8,36.5,4,2015-05-09,Sales,Mid,Diploma,Full-Time,Office,Female,1100,8,13,1
12747,37.0,13.8,52900.0,3.7,45.5,3,2019-03-13,Finance,Mid,Master,Contract,Remote,Male,3900,10,10,1
12748,26.0,4.6,49300.0,1.3,5.0,3,2021-05-16,Operations,Junior,Diploma,Part-Time,Office,Male,4700,4,16,0
12749,38.0,15.9,25200.0,3.6,36.7,7,2021-10-10,Operations,Lead,Diploma,Full-Time,Office,Male,3000,10,5,1
12750,33.0,8.1,48600.0,2.2,19.3,6,2017-11-16,HR,Junior,Bachelor,Full-Time,Remote,Male,1400,6,12,1
12751,49.0,26.9,78200.0,3.9,52.4,3,2023-01-31,Sales,Junior,Master,Contract,Hybrid,Female,5000,17,7,1
12752,48.0,22.3,68300.0,4.4,32.8,9,2015-12-10,IT,Junior,Master,Full-Time,Hybrid,Female,3800,15,12,1
12753,31.0,13.2,70500.0,2.8,35.5,2,2018-11-25,Operations,Lead,Diploma,Full-Time,Office,Female,8200,8,17,1
12754,34.0,7.9,47300.0,3.2,12.4,6,2016-08-26,Finance,Junior,High School,Full-Time,Hybrid,Male,3200,8,25,1
12755,34.0,11.4,42300.0,3.0,50.3,8,2018-08-11,Marketing,Mid,High School,Full-Time,Remote,Male,4300,8,13,1
12756,31.0,5.9,91400.0,4.3,44.4,4,2019-05-10,HR,Junior,Master,Full-Time,Hybrid,Male,7600,5,18,0
12757,37.0,16.7,45100.0,3.5,43.4,6,2021-02-21,Sales,Senior,Bachelor,Contract,Office,Male,4200,11,8,0
12758,29.0,6.0,61900.0,4.6,22.8,4,2023-01-19,Finance,Mid,Bachelor,Full-Time,Office,Male,4200,4,0,1
12759,26.0,2.4,58700.0,3.7,23.4,4,2017-01-02,IT,Mid,Master,Full-Time,Remote,Female,3000,3,18,1
12760,,20.6,98700.0,3.6,38.4,4,2020-01-11,Sales,Senior,High School,Full-Time,Remote,Female,2700,12,14,1
12761,40.0,18.1,81100.0,3.4,24.6,1,2015-06-05,HR,Mid,Bachelor,Full-Time,Hybrid,Female,3500,11,11,1
12762,29.0,8.5,32800.0,4.0,41.5,3,2021-10-23,IT,Lead,Master,Full-Time,Hybrid,Female,1400,6,9,1
12763,42.0,17.1,34200.0,2.2,5.0,2,2020-11-18,HR,Mid,Master,Full-Time,Hybrid,Female,4800,13,14,0
12764,30.0,3.8,69300.0,3.5,27.7,6,2020-05-02,Finance,Mid,High School,Full-Time,Remote,Male,9800,2,2,1
12765,37.0,15.3,53600.0,3.4,62.0,3,2017-01-17,Sales,Junior,Diploma,Full-Time,Hybrid,Female,2900,10,6,1
12766,42.0,19.0,45800.0,3.9,41.6,8,2016-05-14,Marketing,Senior,High School,Part-Time,Office,Female,1500,10,9,1
12767,35.0,14.9,82600.0,3.3,37.5,3,2024-03-10,Finance,Mid,Bachelor,Part-Time,Office,Female,4700,10,14,1
12768,39.0,16.8,59300.0,2.7,64.8,7,2017-12-28,Operations,Mid,Diploma,Part-Time,Remote,Male,7300,11,14,1
12769,31.0,9.6,56200.0,3.4,5.0,5,2019-12-08,Finance,Senior,High School,Full-Time,Remote,Male,7500,7,15,1
12770,33.0,6.1,75100.0,2.6,22.8,7,2016-01-21,Marketing,Junior,Bachelor,Full-Time,Hybrid,Female,6400,5,11,1
12771,33.0,16.7,47300.0,2.1,29.0,4,2024-08-24,Marketing,Senior,Bachelor,Part-Time,Office,Male,4300,11,16,1
12772,29.0,6.5,103000.0,3.9,47.9,1,2015-05-18,Operations,Mid,Diploma,Full-Time,Hybrid,Male,8200,4,6,1
12773,34.0,14.1,40100.0,3.8,48.1,7,2015-09-05,Operations,Junior,High School,Full-Time,Hybrid,Female,1800,11,10,1
12774,23.0,0.0,71500.0,3.7,22.0,6,2020-11-20,IT,Mid,High School,Full-Time,Office,Male,1900,2,7,1
12775,31.0,9.9,97600.0,4.3,50.0,5,2019-07-02,HR,Mid,Bachelor,Contract,Remote,Male,9800,8,14,1
12776,33.0,7.1,31700.0,2.9,29.0,3,2019-10-02,Finance,Senior,Master,Contract,Hybrid,Male,3900,7,9,0
12777,33.0,12.4,47900.0,2.4,53.2,5,2022-01-01,IT,Mid,Master,Full-Time,Hybrid,Female,5600,9,15,1
12778,33.0,9.9,86900.0,3.4,19.5,4,2018-10-30,Operations,Senior,Diploma,Contract,Hybrid,Female,11900,8,14,0
12779,35.0,13.1,87400.0,3.2,33.2,6,2016-12-27,IT,Mid,High School,Full-Time,Hybrid,Female,11000,7,11,1
12780,39.0,19.1,51400.0,2.8,27.6,4,2018-03-24,Finance,Mid,Master,Full-Time,Office,Male,2900,10,8,1
12781,42.0,16.3,41000.0,3.3,50.8,3,2020-11-04,HR,Mid,Diploma,Full-Time,Hybrid,Female,1400,9,13,1
12782,30.0,5.9,80600.0,3.0,27.2,6,2017-05-29,Marketing,Junior,Bachelor,Full-Time,Office,Male,6100,3,11,1
12783,25.0,4.4,88300.0,2.1,34.4,5,2019-02-14,Finance,Mid,Master,Part-Time,Remote,Male,5800,3,16,0
12784,27.0,11.3,34500.0,,42.6,5,2023-02-26,HR,Mid,High School,Full-Time,Remote,Female,4000,9,3,0
12785,31.0,8.6,34000.0,2.6,43.2,8,2018-05-17,Marketing,Lead,Bachelor,Full-Time,Office,Female,1000,8,12,1
12786,32.0,11.8,60200.0,3.6,48.3,4,2017-10-03,Sales,Mid,High School,Contract,Office,Male,8600,10,10,1
12787,29.0,6.7,70700.0,2.9,38.2,5,2018-04-16,Finance,Mid,Bachelor,Full-Time,Hybrid,Male,10200,6,9,0
12788,25.0,8.8,48800.0,4.2,28.7,4,2017-10-10,Operations,Junior,High School,Full-Time,Hybrid,Female,1500,5,19,1
12789,31.0,3.8,72200.0,4.5,29.8,3,2021-04-24,Finance,Mid,Diploma,Part-Time,Remote,Female,5500,9,9,1
12790,36.0,14.3,41400.0,3.9,35.4,4,2015-09-30,Operations,Senior,High School,Full-Time,Office,Male,5700,8,1,1
12791,40.0,13.1,23600.0,2.3,38.7,4,2022-12-20,HR,Junior,High School,Full-Time,Remote,Male,1000,8,15,0
12792,31.0,1.5,46400.0,4.5,32.8,4,2022-12-05,IT,Junior,Bachelor,Full-Time,Office,Female,5100,3,17,0
12793,32.0,10.9,56400.0,4.5,35.3,7,2023-06-23,IT,Senior,High School,Full-Time,Hybrid,Male,6300,5,14,1
12794,28.0,6.4,,3.4,12.2,3,2022-11-12,HR,Junior,High School,Full-Time,Hybrid,Male,2500,5,2,0
12795,35.0,12.1,34600.0,4.3,45.0,4,2019-05-26,Finance,Mid,High School,Full-Time,Hybrid,Male,700,7,12,1
12796,28.0,5.7,26600.0,3.0,37.7,9,2016-08-17,Finance,Mid,Bachelor,Full-Time,Remote,Male,2800,3,7,1
12797,40.0,27.3,44800.0,2.1,50.0,4,2021-09-13,Operations,Mid,Master,Full-Time,Remote,Female,4500,15,20,1
12798,21.0,0.0,78800.0,2.9,35.0,2,2021-07-28,Finance,Junior,Master,Full-Time,Remote,Female,8200,2,10,1
12799,32.0,11.5,90900.0,4.6,8.9,5,2022-10-22,Sales,Senior,Master,Full-Time,Hybrid,Female,3700,8,14,1
12800,37.0,13.1,88400.0,2.4,29.6,5,2018-08-17,Operations,Mid,High School,Full-Time,Hybrid,Male,8700,8,13,0
12801,36.0,14.9,39700.0,3.4,32.0,3,2020-08-19,IT,Junior,Diploma,Full-Time,Office,Male,3600,8,16,0
12802,57.0,34.3,34700.0,3.4,46.1,11,2023-07-12,Sales,Mid,Diploma,Full-Time,Office,Female,2700,20,19,1
12803,38.0,14.8,67100.0,3.0,5.0,3,2023-07-20,Finance,Junior,Bachelor,Contract,Hybrid,Male,8100,8,11,1
12804,27.0,10.5,70900.0,3.1,35.6,5,2022-07-29,IT,Senior,Master,Full-Time,Office,Male,5000,5,6,1
12805,34.0,15.5,64500.0,3.5,42.7,7,2020-11-24,Operations,Senior,High School,Full-Time,Office,Male,4300,9,20,1
12806,21.0,0.0,24600.0,3.0,25.1,7,2017-02-09,Finance,Junior,Bachelor,Full-Time,Office,Female,2200,1,10,0
12807,34.0,5.1,38900.0,2.4,36.1,5,2019-09-26,Operations,Senior,High School,Part-Time,Office,Male,5600,7,15,1
12808,28.0,4.9,54400.0,3.6,25.6,5,2018-06-12,Finance,Junior,Bachelor,Contract,Hybrid,Male,3500,4,10,1
12809,42.0,28.1,66800.0,4.2,24.1,5,2016-05-04,HR,Senior,Master,Full-Time,Hybrid,Female,5200,15,12,1
12810,31.0,8.3,74800.0,4.0,28.9,1,2022-06-15,IT,Senior,High School,Full-Time,Hybrid,Female,4100,6,4,1
12811,34.0,15.3,58300.0,2.8,24.3,2,2016-04-19,Finance,Junior,Master,Full-Time,Hybrid,Female,6300,8,11,0
12812,30.0,12.3,62800.0,2.5,45.3,7,2016-08-03,Marketing,Junior,Master,Full-Time,Hybrid,Male,4200,8,14,1
12813,49.0,27.7,56900.0,3.2,24.0,3,2022-12-04,Marketing,Senior,High School,Full-Time,Hybrid,Female,6300,14,8,1
12814,32.0,7.5,72400.0,4.5,21.5,2,2024-03-17,Operations,Senior,Master,Full-Time,Office,Male,2800,4,18,1
12815,50.0,20.7,62300.0,3.9,61.5,4,2020-01-15,Finance,Senior,Bachelor,Full-Time,Hybrid,Female,3400,11,20,1
12816,42.0,22.1,56500.0,3.9,49.4,4,2024-09-22,HR,Mid,Bachelor,Part-Time,Hybrid,Female,2600,15,12,1
12817,39.0,14.6,49400.0,4.0,7.1,7,2021-11-12,Operations,Mid,Bachelor,Part-Time,Office,Female,6000,8,14,1
12818,38.0,16.5,56800.0,3.7,23.5,5,2020-05-15,Finance,Mid,Master,Full-Time,Hybrid,Female,1800,9,14,1
12819,38.0,12.3,66800.0,3.5,38.6,3,2021-10-08,Marketing,Mid,High School,Contract,Remote,Male,3500,8,10,1
12820,21.0,0.0,61200.0,3.9,39.9,5,2015-11-25,IT,Mid,Master,Full-Time,Hybrid,Male,5300,2,8,0
12821,33.0,11.1,64000.0,3.0,12.6,5,2023-12-01,HR,Senior,Master,Full-Time,Office,Male,2000,7,8,0
12822,42.0,20.8,94100.0,2.4,52.4,3,2017-02-05,Finance,Junior,Bachelor,Part-Time,Office,Female,2000,13,6,1
12823,35.0,9.7,61200.0,3.9,47.4,6,2016-05-20,Marketing,Mid,High School,Full-Time,Office,Male,6700,7,9,1
12824,24.0,5.6,42400.0,4.3,42.2,3,2022-04-29,IT,Mid,Diploma,Full-Time,Office,Female,4200,4,17,0
12825,35.0,11.2,78300.0,2.6,55.4,5,2020-04-23,Marketing,Mid,Diploma,Contract,Office,Female,1700,9,10,1
12826,49.0,22.0,31800.0,4.0,41.8,11,2016-04-22,Operations,Mid,High School,Contract,Hybrid,Male,800,15,15,1
12827,45.0,22.7,35700.0,4.6,41.7,2,2015-01-14,HR,Senior,High School,Contract,Hybrid,Female,1700,13,14,1
12828,35.0,13.1,62900.0,3.4,58.4,4,2023-01-16,Operations,Senior,Bachelor,Full-Time,Hybrid,Female,8700,9,13,1
12829,43.0,21.5,67600.0,2.8,51.5,8,2016-12-27,Sales,Junior,High School,Full-Time,Office,Female,7100,12,13,1
12830,32.0,14.1,33400.0,3.5,22.4,7,2023-08-31,Finance,Senior,High School,Full-Time,Office,Female,4200,8,6,1
12831,21.0,0.0,47200.0,3.0,44.5,3,2023-05-17,Operations,Mid,Master,Full-Time,Office,Female,5600,3,12,0
12832,28.0,5.6,43200.0,3.0,25.0,8,2017-01-15,IT,Mid,Master,Full-Time,Hybrid,Male,6400,5,9,0
12833,48.0,22.7,45300.0,3.7,42.6,6,2021-02-05,HR,Junior,Diploma,Full-Time,Hybrid,Male,6500,14,18,1
12834,33.0,13.5,80200.0,2.3,42.1,4,2020-07-03,HR,Junior,Bachelor,Full-Time,Office,Female,2300,8,14,0
12835,33.0,11.6,73000.0,2.4,14.2,3,2022-02-26,Sales,Lead,Bachelor,Contract,Office,Female,1700,8,16,0
12836,33.0,9.7,54600.0,3.4,33.2,9,2021-06-10,Sales,Mid,High School,Full-Time,Office,Male,4600,9,11,0
12837,50.0,22.3,44200.0,3.4,39.0,7,2016-04-19,Finance,Mid,Bachelor,Full-Time,Hybrid,Female,2400,11,8,1
12838,48.0,30.3,32100.0,3.6,28.5,4,2024-11-22,Operations,Senior,Diploma,Full-Time,Hybrid,Male,2700,15,11,1
12839,53.0,27.3,97100.0,4.7,39.7,5,2023-01-25,Finance,Junior,Master,Contract,Hybrid,Male,3100,15,4,1
12840,34.0,10.2,69700.0,3.5,47.1,5,2016-06-07,Operations,Mid,Diploma,Full-Time,Remote,Female,9600,7,7,0
12841,37.0,16.1,41500.0,3.8,34.5,1,2023-09-18,Operations,Senior,Diploma,Full-Time,Remote,Female,5000,13,5,1
12842,23.0,0.0,73300.0,2.7,38.4,2,2024-07-18,HR,Mid,High School,Full-Time,Office,Female,6700,2,11,0
12843,47.0,20.5,53500.0,3.9,55.8,5,2021-10-04,Operations,Junior,Master,Full-Time,Hybrid,Male,4300,11,16,1
12844,26.0,0.0,49000.0,3.0,42.1,2,2016-02-15,Finance,Lead,High School,Full-Time,Office,Male,4000,3,11,0
12845,37.0,17.2,65500.0,3.4,38.0,7,2020-03-22,Finance,Mid,Diploma,Full-Time,Office,Female,6600,12,6,1
12846,26.0,2.4,40900.0,3.3,20.6,5,2019-07-06,Sales,Junior,Diploma,Full-Time,Hybrid,Female,3700,3,15,0
12847,30.0,16.8,47900.0,4.1,45.1,7,2016-11-11,HR,Mid,Bachelor,Full-Time,Hybrid,Male,4000,9,3,1
12848,28.0,3.0,57700.0,2.5,40.0,7,2022-04-17,Marketing,Mid,Bachelor,Full-Time,Office,Male,6200,4,6,0
12849,30.0,5.2,45000.0,1.8,54.3,5,2022-01-14,Marketing,Senior,Bachelor,Full-Time,Hybrid,Male,5400,6,13,1
12850,31.0,7.3,71900.0,3.3,35.7,5,2020-02-26,IT,Senior,Bachelor,Full-Time,Hybrid,Male,7400,4,18,1
12851,31.0,9.7,116200.0,3.7,7.8,4,2015-11-25,Sales,Mid,Diploma,Full-Time,Office,Female,8200,5,11,1
12852,42.0,18.6,40700.0,3.5,9.5,5,2015-09-29,IT,Junior,Bachelor,Contract,Hybrid,Male,3000,10,3,0
12853,26.0,5.8,28300.0,4.3,46.0,6,2020-08-23,HR,Senior,Master,Full-Time,Remote,Female,900,5,13,0
12854,37.0,12.1,24700.0,3.7,26.4,7,2015-06-24,Marketing,Junior,Diploma,Full-Time,Office,Male,1800,9,21,1
12855,45.0,18.9,51800.0,3.0,41.6,4,2021-01-14,Marketing,Junior,Diploma,Full-Time,Office,Male,6300,11,17,0
12856,31.0,3.6,,1.8,36.7,6,2016-09-13,Marketing,Mid,Master,Full-Time,Hybrid,Male,1200,7,9,0
12857,29.0,0.3,59800.0,3.2,32.5,13,2019-08-15,IT,Mid,High School,Part-Time,Office,Male,2600,1,10,0
12858,33.0,9.4,58000.0,4.1,33.6,4,2015-08-22,Finance,Junior,Bachelor,Full-Time,Remote,Female,7500,7,15,1
12859,44.0,21.1,29000.0,3.1,22.0,3,2015-05-21,IT,Mid,Diploma,Full-Time,Hybrid,Female,2700,14,15,1
12860,37.0,13.1,26600.0,3.4,34.8,7,2019-02-13,Marketing,Mid,Master,Contract,Hybrid,Female,2900,7,4,1
12861,31.0,12.7,61900.0,3.7,26.2,3,2020-12-06,Sales,Mid,High School,Full-Time,Office,Male,3800,7,12,0
12862,39.0,20.7,58100.0,2.7,29.4,6,2016-01-17,Sales,Junior,High School,Full-Time,Office,Female,4900,13,19,0
12863,26.0,3.0,46400.0,3.8,30.1,5,2024-11-01,Operations,Junior,Master,Full-Time,Hybrid,Female,5500,4,11,1
12864,40.0,12.6,28300.0,4.5,31.6,7,2022-06-29,IT,Senior,Diploma,Full-Time,Hybrid,Female,3800,9,10,0
12865,38.0,14.3,66400.0,3.3,48.8,4,2018-12-04,Operations,Lead,Diploma,Full-Time,Office,Female,9700,10,21,1
12866,33.0,9.2,91500.0,2.6,33.1,8,2015-02-18,Operations,Junior,Bachelor,Full-Time,Remote,Male,12000,7,12,0
12867,28.0,4.0,61500.0,3.4,50.4,9,2024-06-03,IT,Senior,Bachelor,Part-Time,Hybrid,Male,1800,4,16,0
12868,28.0,3.9,39200.0,1.8,58.1,8,2024-04-27,Operations,Lead,Master,Full-Time,Office,Male,2500,4,16,1
12869,39.0,15.0,56000.0,3.6,47.8,6,2015-05-29,,Junior,Master,Full-Time,Remote,Male,6600,10,13,1
12870,45.0,21.8,31800.0,3.7,43.0,5,2021-01-13,IT,Senior,Diploma,Full-Time,Hybrid,Female,2400,11,8,0
12871,30.0,6.1,84000.0,4.6,39.9,3,2022-04-05,Operations,Lead,Diploma,Part-Time,Remote,Male,6400,4,3,1
12872,39.0,17.6,56800.0,3.3,48.0,4,2021-01-08,Operations,Junior,Master,Full-Time,Office,Male,7000,10,8,0
12873,,0.1,27100.0,3.7,36.3,4,2024-09-02,IT,Junior,Master,Full-Time,Office,Male,3500,3,10,0
12874,30.0,5.3,48800.0,2.8,49.8,6,2016-01-11,Marketing,Lead,High School,Full-Time,Hybrid,Female,6000,6,17,1
12875,35.0,16.8,66200.0,3.2,44.2,5,2022-06-22,Operations,Mid,High School,Full-Time,Hybrid,Male,4400,10,15,0
12876,28.0,3.1,48100.0,2.3,29.6,3,2016-08-18,Finance,Junior,High School,Full-Time,Remote,Male,2400,6,7,0
12877,28.0,1.1,49300.0,3.3,48.4,6,2024-07-28,Marketing,Mid,High School,Full-Time,Office,Male,3300,2,10,1
12878,30.0,9.1,33700.0,3.2,36.4,5,2023-07-17,Finance,Junior,High School,Full-Time,Office,Male,3700,6,8,1
12879,37.0,12.5,69000.0,3.6,33.4,8,2024-04-29,Marketing,Lead,Master,Part-Time,Hybrid,Female,4700,7,6,1
12880,34.0,13.0,42400.0,3.0,27.9,3,2022-03-21,Marketing,Junior,Bachelor,Full-Time,Office,Female,1200,8,11,1
12881,21.0,0.0,23200.0,3.5,37.5,5,2023-05-29,HR,Mid,Master,Full-Time,Office,Female,2900,1,17,1
12882,21.0,3.2,47400.0,3.2,49.9,2,2024-12-05,Operations,Senior,High School,Full-Time,Office,Male,1300,5,5,1
12883,30.0,10.0,81400.0,3.2,48.3,4,2022-09-24,Finance,Senior,Master,Full-Time,Office,Male,12200,12,18,0
12884,39.0,12.5,47100.0,3.5,40.3,6,2019-02-01,Marketing,Lead,Diploma,Full-Time,Office,Female,6200,8,13,1
12885,21.0,0.0,110200.0,3.4,44.0,4,2019-05-18,Marketing,Mid,Master,Full-Time,Remote,Male,15900,1,13,1
12886,31.0,14.0,65300.0,3.9,54.1,6,2024-01-30,Finance,Lead,Master,Full-Time,Hybrid,Female,8400,7,11,1
12887,31.0,6.8,63000.0,3.3,32.8,1,2022-05-03,HR,Mid,Bachelor,Contract,Hybrid,Female,2100,4,12,0
12888,46.0,21.5,52200.0,3.2,18.3,8,2021-04-28,Finance,Senior,High School,Contract,Hybrid,Male,3900,13,12,1
12889,32.0,3.2,53500.0,3.3,54.5,4,2017-04-21,HR,Mid,High School,Full-Time,Hybrid,Female,7400,5,12,1
12890,38.0,14.9,49500.0,2.9,27.1,4,2024-02-04,HR,Lead,Master,Full-Time,Remote,Female,1600,8,9,1
12891,36.0,13.3,48700.0,3.1,24.6,7,2024-10-08,Sales,Senior,Master,Full-Time,Hybrid,Male,2900,10,15,1
12892,21.0,1.1,68000.0,4.8,8.1,4,2017-12-11,HR,Junior,High School,Full-Time,Office,Male,5500,3,1,0
12893,41.0,14.8,37800.0,2.8,43.6,4,2016-05-03,Sales,Junior,Diploma,Full-Time,Remote,Male,3000,8,16,1
12894,37.0,10.4,35800.0,3.2,10.7,5,2023-10-19,Operations,Senior,High School,Full-Time,Hybrid,Female,5100,10,15,0
12895,39.0,18.4,35100.0,3.1,23.7,4,2018-10-27,IT,Senior,Diploma,Full-Time,Office,Male,2500,9,15,1
12896,60.0,35.0,124700.0,3.2,43.8,6,2021-04-17,HR,Mid,Master,Contract,Hybrid,Male,6400,18,14,1
12897,21.0,0.0,68000.0,3.2,45.8,6,2021-06-19,Finance,Mid,Master,Part-Time,Hybrid,Male,5300,3,13,1
12898,49.0,30.2,62100.0,3.6,25.2,5,2024-01-10,Sales,Senior,Diploma,Contract,Office,Male,4400,18,16,1
12899,33.0,11.1,36000.0,2.2,33.0,2,2019-08-16,IT,Junior,High School,Full-Time,Office,Male,3600,7,14,1
12900,37.0,18.3,70600.0,4.1,21.9,6,2023-07-25,Operations,Junior,Master,Full-Time,Hybrid,Male,10500,12,10,0
12901,35.0,12.8,52500.0,3.8,26.8,6,2024-05-03,IT,Senior,High School,Contract,Remote,Male,4800,8,9,1
12902,32.0,2.4,59900.0,2.5,39.0,5,2024-11-01,HR,Junior,Master,Part-Time,Remote,Male,4800,3,12,0
12903,30.0,7.5,37200.0,1.8,27.5,2,2022-09-01,Finance,Mid,Bachelor,Full-Time,Office,Male,3600,5,19,1
12904,38.0,19.2,58600.0,2.7,31.3,5,2023-05-13,HR,Junior,Bachelor,Contract,Hybrid,Male,8600,11,16,1
12905,23.0,0.0,46400.0,3.2,13.0,8,2019-03-04,Marketing,Senior,Bachelor,Full-Time,Remote,Female,4700,3,14,0
12906,41.0,17.8,40500.0,5.0,52.0,5,2024-09-25,IT,Junior,Diploma,Full-Time,Hybrid,Female,1500,11,0,0
12907,32.0,9.5,73800.0,3.8,42.7,4,2015-06-13,Marketing,Junior,High School,Full-Time,Hybrid,Female,10200,11,4,1
12908,26.0,0.0,29700.0,2.1,46.9,6,2019-01-04,Marketing,Junior,Bachelor,Full-Time,Office,Female,2900,1,14,0
12909,31.0,14.0,68900.0,2.9,54.4,5,2017-09-01,Sales,Mid,Diploma,Full-Time,Remote,Male,2800,11,18,0
12910,45.0,20.3,72300.0,3.4,22.6,4,2020-12-20,Marketing,Junior,Bachelor,Full-Time,Hybrid,Male,3600,10,10,0
12911,31.0,10.5,38700.0,3.6,29.6,4,2020-10-29,IT,Junior,Master,Full-Time,Office,Female,1400,6,12,1
12912,38.0,15.7,39600.0,2.5,6.6,5,2021-07-25,IT,Mid,Bachelor,Contract,Remote,Male,5700,11,10,0
12913,29.0,10.8,50300.0,3.3,82.1,4,2019-07-29,Finance,Junior,High School,Contract,Remote,Male,1500,9,6,0
12914,41.0,20.2,61600.0,2.9,32.8,2,2015-05-14,HR,Junior,High School,Full-Time,Hybrid,Male,7400,11,10,0
12915,40.0,17.3,51700.0,2.6,50.6,4,2023-04-11,Finance,Mid,Diploma,Full-Time,Hybrid,Male,3300,12,13,1
12916,50.0,25.3,65400.0,3.6,16.4,5,2017-12-11,Finance,Lead,High School,Full-Time,Hybrid,Male,2000,13,21,1
12917,34.0,14.4,111300.0,3.9,49.9,3,2021-12-16,,Mid,Bachelor,Part-Time,Hybrid,Female,8500,10,11,1
12918,40.0,12.4,44900.0,4.0,62.9,1,2021-02-27,IT,Senior,Master,Contract,Hybrid,Female,900,8,12,1
12919,36.0,15.9,27700.0,3.8,34.1,7,2016-12-10,Sales,Lead,Master,Part-Time,Remote,Female,3500,10,19,1
12920,45.0,19.7,76500.0,3.1,19.8,5,2022-04-19,Marketing,Junior,Diploma,Full-Time,Office,Female,6900,12,15,1
12921,29.0,10.8,107800.0,3.9,32.9,4,2022-09-04,Sales,Mid,Master,Full-Time,Hybrid,Female,8500,8,15,1
12922,41.0,19.5,64400.0,3.6,5.0,2,2019-03-12,Marketing,Mid,Diploma,Part-Time,Office,Female,8200,11,15,0
12923,33.0,12.9,35600.0,3.5,34.4,8,2023-04-09,HR,Mid,Diploma,Part-Time,Office,Female,3100,7,10,1
12924,34.0,12.2,52300.0,3.0,47.3,5,2017-11-03,HR,Mid,Diploma,Full-Time,Office,Female,5100,8,12,1
12925,36.0,8.7,35200.0,3.1,34.5,5,2018-11-09,Finance,Mid,High School,Full-Time,Remote,Female,4400,7,14,1
12926,37.0,12.4,71100.0,3.5,30.7,5,2019-10-27,Operations,Senior,Bachelor,Full-Time,Office,Male,8100,8,10,0
12927,34.0,14.0,32000.0,5.0,42.9,7,2023-12-17,Operations,Senior,High School,Full-Time,Hybrid,Male,3400,10,11,1
12928,37.0,15.5,48800.0,3.6,44.1,5,2021-01-21,HR,Junior,Master,Full-Time,Hybrid,Male,5400,11,11,1
12929,48.0,29.5,36800.0,3.0,10.1,3,2016-07-14,Marketing,Junior,High School,Contract,Hybrid,Female,2000,16,6,1
12930,43.0,22.2,57900.0,2.8,36.3,8,2023-10-10,Operations,Junior,Diploma,Part-Time,Remote,Female,2000,13,19,1
12931,42.0,17.1,47500.0,3.1,71.5,5,2016-08-04,Sales,Junior,High School,Full-Time,Remote,Female,4800,10,10,0
12932,31.0,6.6,59000.0,4.9,15.0,4,2020-12-06,Sales,Mid,High School,Full-Time,Office,Female,2900,5,9,1
12933,28.0,6.3,55500.0,3.1,33.7,11,2022-07-03,Sales,Mid,Master,Full-Time,Remote,Female,1500,5,14,0
12934,43.0,14.1,37100.0,4.0,64.1,2,2024-09-27,Operations,Lead,Bachelor,Full-Time,Hybrid,Female,2000,8,20,1
12935,42.0,25.0,70700.0,3.1,51.6,2,2023-11-29,Sales,Junior,Diploma,Full-Time,Remote,Female,8000,14,9,1
12936,47.0,26.3,53900.0,3.6,27.3,7,2024-08-30,Finance,Junior,High School,Contract,Remote,Male,6000,14,12,1
12937,30.0,11.7,37000.0,4.0,38.1,2,2021-07-10,Operations,Senior,Master,Contract,Office,Male,5100,8,0,0
12938,33.0,6.3,134800.0,3.0,35.0,5,2019-05-05,Sales,Mid,Master,Full-Time,Hybrid,Female,14500,6,21,0
12939,22.0,3.7,66500.0,3.0,23.8,4,2019-09-13,Marketing,Mid,Diploma,Full-Time,Remote,Female,5100,2,9,1
12940,32.0,16.7,51700.0,4.6,33.9,4,2022-05-08,Finance,Mid,Master,Part-Time,Office,Male,2800,9,0,1
12941,43.0,17.0,96900.0,4.1,30.8,5,2015-08-19,Finance,Junior,Bachelor,Full-Time,Office,Female,11500,10,17,1
12942,31.0,11.3,114900.0,4.0,36.7,4,2021-06-16,Operations,Senior,Master,Full-Time,Office,Male,8500,7,5,1
12943,40.0,18.0,51900.0,4.0,23.8,5,2020-02-27,Finance,Mid,High School,Part-Time,Office,Female,6500,13,5,0
12944,33.0,6.4,63200.0,3.7,15.9,2,2015-01-03,HR,Junior,Bachelor,Full-Time,Remote,Male,8300,5,6,0
12945,38.0,17.5,37000.0,4.8,34.4,3,2020-03-26,Finance,Junior,Bachelor,Contract,Office,Male,2400,13,9,1
12946,26.0,6.5,51900.0,3.4,60.7,4,2020-04-19,Marketing,Senior,Master,Full-Time,Remote,Female,3400,3,20,1
12947,36.0,12.2,50800.0,3.8,36.2,3,2016-11-15,Operations,Mid,Diploma,Full-Time,Hybrid,Female,7000,7,5,1
12948,21.0,2.5,59200.0,2.4,30.0,5,2015-03-22,Operations,Senior,,Full-Time,Hybrid,Female,4200,3,16,1
12949,34.0,7.0,62800.0,2.8,46.3,7,2020-05-09,Sales,Senior,Diploma,Contract,Remote,Female,7000,4,8,0
12950,22.0,0.0,68800.0,,32.6,3,2018-07-22,HR,Mid,High School,Full-Time,Office,Male,4800,2,9,1
12951,45.0,23.4,60500.0,4.3,63.0,7,2016-01-23,,Junior,Master,Contract,Office,Male,7000,13,10,1
12952,41.0,19.1,33900.0,1.6,34.9,5,2017-04-06,IT,Senior,Diploma,Contract,Office,Male,1400,12,11,1
12953,39.0,14.9,37800.0,3.1,45.5,3,2018-09-30,HR,Mid,High School,Contract,Office,Female,4900,8,14,0
12954,47.0,27.4,44200.0,1.3,23.7,5,2021-03-16,Marketing,Mid,Bachelor,Full-Time,Hybrid,Male,6500,17,3,1
12955,27.0,6.6,49100.0,2.8,42.5,4,2016-10-13,HR,Mid,Diploma,Full-Time,Office,Male,5900,5,23,0
12956,49.0,29.6,83700.0,3.1,39.1,3,2020-10-11,Finance,Mid,Bachelor,Contract,Remote,Female,5600,18,12,1
12957,42.0,19.6,34500.0,4.4,34.2,4,2021-10-23,HR,Junior,Diploma,Contract,Remote,Female,3200,11,6,1
12958,33.0,12.8,47700.0,3.7,27.5,3,2023-06-26,Finance,Senior,Master,Part-Time,Office,Male,5100,6,19,1
12959,44.0,20.7,80500.0,2.8,25.4,8,2022-07-18,Sales,Senior,Bachelor,Full-Time,Office,Male,3600,15,11,1
12960,26.0,10.2,48800.0,4.1,39.2,4,2024-06-14,HR,Junior,Master,Full-Time,Hybrid,Male,2800,11,11,1
12961,28.0,3.6,66100.0,3.4,44.4,2,2019-11-23,HR,Senior,High School,Contract,Remote,Female,8200,4,16,1
12962,30.0,14.3,52000.0,3.4,33.1,4,2018-06-25,Marketing,Senior,Bachelor,Full-Time,Hybrid,Male,7400,8,2,1
12963,31.0,9.1,60900.0,2.6,39.3,6,2018-03-23,IT,Junior,High School,Full-Time,Office,Female,3400,5,15,0
12964,27.0,0.9,50200.0,2.7,34.4,1,2021-03-07,HR,Junior,Diploma,Full-Time,Office,Female,2000,3,13,0
12965,45.0,27.1,71800.0,2.8,36.5,5,2023-06-21,Sales,Senior,Diploma,Full-Time,Office,Female,10600,17,9,1
12966,33.0,11.4,29600.0,3.4,32.0,7,2017-11-08,Finance,Junior,Diploma,Contract,Office,Male,1800,8,10,1
12967,38.0,18.6,47600.0,3.5,35.3,3,2021-12-31,Sales,Senior,,Full-Time,Hybrid,Female,5800,11,8,1
12968,30.0,11.7,61900.0,4.5,75.5,2,2022-06-14,Operations,Mid,Diploma,Full-Time,Remote,Male,4300,6,12,0
12969,21.0,0.0,68100.0,3.7,39.7,5,2022-05-22,Operations,Lead,Master,Part-Time,Office,Female,9800,1,13,0
12970,37.0,13.2,99900.0,1.5,44.7,5,2023-01-14,Marketing,Mid,High School,Contract,Office,Male,9800,9,6,0
12971,21.0,1.9,47000.0,3.6,41.6,9,2019-06-12,Operations,Junior,High School,Full-Time,Remote,Male,3500,6,8,1
12972,34.0,12.0,99400.0,2.4,31.1,2,2024-08-01,HR,Mid,Bachelor,Full-Time,Remote,Male,4300,7,2,1
12973,24.0,4.1,42300.0,2.7,54.4,6,2020-09-15,IT,Mid,Diploma,Full-Time,Hybrid,Male,2300,3,6,1
12974,51.0,22.5,93600.0,2.8,30.6,5,2021-09-20,IT,Senior,Bachelor,Full-Time,Hybrid,Female,12300,13,8,1
12975,42.0,21.3,76300.0,2.9,50.8,3,2021-10-07,HR,Senior,High School,Contract,Office,Male,2100,11,0,1
12976,36.0,12.1,,2.4,30.0,4,2016-11-13,IT,Senior,Bachelor,Full-Time,Remote,Female,1500,10,14,1
12977,45.0,28.0,62200.0,3.5,20.6,5,2019-12-01,Sales,Junior,Master,Full-Time,Remote,Female,2800,15,15,1
12978,28.0,7.9,53900.0,2.4,40.5,5,2021-07-13,Finance,Mid,Diploma,Full-Time,Remote,Female,1600,6,23,0
12979,39.0,17.7,70600.0,3.6,18.4,7,2018-07-18,HR,Junior,High School,Full-Time,Office,Female,7700,14,14,0
12980,37.0,16.5,50300.0,5.0,43.0,2,2017-07-07,Operations,Junior,Bachelor,Contract,Hybrid,Female,7400,9,8,1
12981,37.0,12.0,48600.0,2.5,17.1,6,2022-09-15,Finance,Mid,Diploma,Full-Time,Office,Male,1900,6,12,1
12982,45.0,27.9,95100.0,3.2,30.2,7,2016-10-13,IT,Junior,Master,Full-Time,Hybrid,Female,11800,16,14,1
12983,41.0,25.0,52900.0,1.6,13.5,8,2019-05-23,Marketing,Senior,Diploma,Contract,Office,Male,2300,14,14,1
12984,37.0,16.2,76500.0,3.2,77.4,2,2019-05-23,Finance,Junior,Bachelor,Full-Time,Hybrid,Male,11200,9,7,1
12985,22.0,4.8,50300.0,3.8,10.2,9,2023-03-15,Marketing,Senior,Master,Full-Time,Office,Male,4300,5,19,0
12986,27.0,3.3,107100.0,3.9,35.1,1,2019-06-29,Sales,Mid,High School,Full-Time,Hybrid,Male,13900,4,15,1
12987,34.0,9.6,41900.0,3.5,52.1,9,2019-01-25,Marketing,Senior,Master,Full-Time,Hybrid,Female,1800,8,17,1
12988,36.0,14.1,43000.0,4.0,50.5,3,2024-04-09,Finance,Senior,Diploma,Full-Time,Office,Female,5800,9,18,1
12989,26.0,5.3,101200.0,5.0,47.8,3,2017-12-17,Finance,Senior,High School,Full-Time,Hybrid,Female,3100,4,16,1
12990,54.0,30.8,46000.0,4.6,30.2,5,2016-01-11,HR,Mid,Diploma,Full-Time,Office,Male,1100,16,15,1
12991,47.0,26.6,104400.0,3.0,55.3,6,2024-08-28,Operations,Senior,High School,Full-Time,Office,Male,11700,14,14,1
12992,40.0,18.9,78600.0,2.4,48.7,8,2021-09-20,Marketing,Junior,Master,Full-Time,Hybrid,Female,2700,13,13,1
12993,36.0,11.0,51700.0,3.1,38.2,6,2018-11-09,Sales,Mid,High School,Full-Time,Hybrid,Female,6900,8,11,1
12994,33.0,12.6,26600.0,2.7,38.6,5,2020-10-04,,Lead,Diploma,Contract,Office,Male,2700,6,13,1
12995,27.0,7.6,54600.0,3.7,30.4,6,2024-08-31,HR,Lead,Bachelor,Full-Time,Office,Female,3400,5,8,1
12996,36.0,14.5,57300.0,2.6,21.4,4,2021-11-27,Sales,Junior,Bachelor,Full-Time,Hybrid,Male,3200,8,16,0
12997,37.0,18.5,87700.0,3.3,53.6,3,2019-03-20,HR,Mid,Bachelor,Full-Time,Remote,Male,2700,10,9,1
12998,25.0,0.0,103800.0,4.0,54.7,5,2019-12-26,Sales,Mid,High School,Full-Time,Office,Female,11300,3,9,1
12999,38.0,17.4,41800.0,3.3,21.7,6,2015-01-17,IT,Senior,Bachelor,Full-Time,Office,Female,5800,9,12,0
13000,34.0,8.5,75800.0,2.7,32.7,6,2016-03-08,HR,Senior,Bachelor,Full-Time,Hybrid,Male,9000,6,13,0
