Application_ID,Customer_ID,Age,Annual_Income,Credit_Score,Employment_Years,Loan_Amount,Loan_Tenure_Months,Existing_Loans,Previous_Loans,Previous_Defaults,Previous_Loan_Amount,Application_Date,Decision_Date,Loan_Type,Employment_Type,Location,Loan_Approved,Approved_Amount,Final_Interest_Rate
100001,51013,43,254000.0,618.0,24.0,1336000.0,84,1,3,1,830000,2024-11-06,2024-11-10,Auto,Business Owner,Coimbatore,0,0,
100002,50090,37,407000.0,649.0,19.0,249000.0,48,3,5,0,1572000,2025-11-11,2025-11-21,Auto,Salaried,Hyderabad,0,0,
100003,50594,44,498000.0,629.0,24.0,585000.0,24,0,0,0,0,2024-01-04,2024-01-11,Home,Self-Employed,Bengaluru,1,477000,12.92
100004,51045,53,1403000.0,654.0,23.0,684000.0,12,0,3,1,976000,2025-09-20,2025-09-27,Personal,Business Owner,Kochi,1,557000,11.68
100005,51087,36,771000.0,676.0,13.0,706000.0,36,2,3,0,757000,2023-03-23,2023-04-02,Personal,Salaried,Kochi,0,0,
100006,50303,36,329000.0,744.0,9.0,773000.0,24,0,2,0,395000,2024-01-12,2024-01-21,Auto,Self-Employed,Coimbatore,0,0,
100007,50325,54,747000.0,669.0,31.0,979000.0,24,0,2,0,442000,2023-01-03,2023-01-06,Home,Salaried,Kochi,1,933000,14.52
100008,50783,46,299000.0,587.0,28.0,687000.0,24,0,1,0,238000,2024-11-14,2024-11-24,Auto,Business Owner,Delhi,0,0,
100009,50260,33,977000.0,764.0,12.0,572000.0,72,2,3,0,364000,2025-02-02,2025-02-10,Home,Self-Employed,Pune,0,0,
100010,50895,43,485000.0,636.0,26.0,559000.0,24,1,1,1,182000,2023-09-23,2023-09-30,Auto,Business Owner,Coimbatore,0,0,
100011,51196,33,575000.0,686.0,12.0,500000.0,72,0,0,0,0,2024-03-10,2024-03-19,Business,Business Owner,Kochi,1,477000,13.58
100012,50626,33,1090000.0,719.0,6.0,1079000.0,60,2,4,0,509000,2024-11-12,2024-11-14,Personal,Business Owner,Mumbai,0,0,
100013,50445,40,336000.0,703.0,8.0,491000.0,36,0,1,0,183000,2024-12-25,2024-12-31,Education,Business Owner,Kochi,0,0,
100014,51215,21,320000.0,761.0,0.0,1115000.0,84,0,1,1,824000,2025-03-03,2025-03-08,Business,Business Owner,Delhi,1,777000,11.71
100015,50083,21,461000.0,721.0,0.0,707000.0,12,0,0,0,0,2024-01-11,2024-01-14,Auto,Salaried,Mumbai,0,0,
100016,50154,32,957000.0,634.0,6.0,526000.0,36,0,0,0,0,2024-01-01,2024-01-08,Home,Contract,Delhi,0,0,
100017,50434,28,303000.0,832.0,0.0,984000.0,24,0,2,0,330000,2025-02-05,2025-02-10,Education,Contract,Coimbatore,1,357000,9.22
100018,50417,41,180000.0,703.0,16.0,469000.0,84,1,2,0,472000,2024-03-03,2024-03-09,Home,Business Owner,Bengaluru,0,0,
100019,51263,29,490000.0,680.0,6.0,994000.0,60,0,0,0,0,2025-10-28,2025-11-01,Home,Business Owner,Bengaluru,0,0,
100020,50102,24,769000.0,753.0,5.0,787000.0,12,3,6,0,1328000,2025-11-30,2025-12-07,Personal,Business Owner,Bengaluru,1,629000,11.13
100021,50162,53,1030000.0,706.0,32.0,504000.0,72,1,2,1,349000,2024-10-04,2024-10-11,Auto,Self-Employed,Kochi,1,395000,13.51
100022,50642,36,487000.0,716.0,20.0,936000.0,24,1,2,0,847000,2024-07-17,2024-07-22,Personal,Business Owner,Kochi,1,641000,11.82
100023,50299,39,499000.0,850.0,13.0,945000.0,84,0,0,0,0,2023-09-01,2023-09-08,Home,Self-Employed,Bengaluru,1,789000,11.81
100024,50328,24,1008000.0,672.0,6.0,1323000.0,72,3,5,0,757000,2025-04-24,2025-05-01,Personal,Salaried,Kochi,0,0,
100025,51457,33,259000.0,669.0,11.0,1191000.0,84,1,2,0,761000,2025-07-27,2025-08-06,Business,Contract,Coimbatore,0,0,
100026,50533,39,504000.0,698.0,20.0,917000.0,84,3,4,0,619000,2023-10-30,2023-11-07,Home,Business Owner,Pune,0,0,
100027,50548,26,654000.0,760.0,2.0,376000.0,24,1,2,0,229000,2024-01-05,2024-01-06,Home,Contract,Chennai,0,0,
100028,50891,42,734000.0,592.0,24.0,2691000.0,48,0,2,0,499000,2025-04-30,2025-05-04,Business,Salaried,Kochi,0,0,
100029,50426,32,477000.0,562.0,11.0,323000.0,36,1,4,0,2595000,2023-10-02,2023-10-03,Home,Contract,Kochi,0,0,
100030,51383,35,609000.0,652.0,10.0,1180000.0,84,0,1,0,100000,2023-03-11,2023-03-14,Education,Salaried,Delhi,0,0,
100031,51168,32,196000.0,584.0,10.0,887000.0,36,0,2,0,257000,2023-02-16,2023-02-24,Education,Business Owner,Chennai,0,0,
100032,50124,57,446000.0,662.0,34.0,367000.0,36,1,1,1,364000,2023-04-27,2023-05-04,Auto,Salaried,Pune,1,342000,12.77
100033,50737,38,736000.0,723.0,18.0,654000.0,48,1,3,0,544000,2024-05-31,2024-06-03,Auto,Business Owner,Pune,0,0,
100034,50781,27,386000.0,632.0,0.0,670000.0,60,0,2,0,679000,2025-04-11,2025-04-15,Personal,Contract,Delhi,0,0,
100035,50173,46,616000.0,597.0,24.0,1435000.0,60,4,4,0,658000,2024-09-10,2024-09-12,Personal,Salaried,Kochi,0,0,
100036,50521,26,734000.0,695.0,6.0,473000.0,60,0,2,0,537000,2025-01-25,2025-01-27,Business,Self-Employed,Bengaluru,0,0,
100037,50739,40,514000.0,746.0,18.0,606000.0,84,0,0,0,0,2025-08-17,2025-08-22,Business,Self-Employed,Mumbai,1,501000,10.18
100038,51442,21,648000.0,580.0,4.0,194000.0,72,4,5,1,688000,2023-02-05,2023-02-07,Home,Self-Employed,Coimbatore,0,0,
100039,50160,25,389000.0,743.0,6.0,1817000.0,12,0,2,0,834000,2025-06-23,2025-06-30,Auto,Business Owner,Chennai,0,0,
100040,51143,40,547000.0,743.0,18.0,389000.0,84,0,3,0,1054000,2024-02-11,2024-02-12,Auto,Salaried,Pune,1,333000,10.0
100041,50961,45,790000.0,752.0,24.0,838000.0,48,0,1,0,119000,2024-02-16,2024-02-25,Auto,Self-Employed,Coimbatore,0,0,
100042,50871,40,644000.0,769.0,19.0,662000.0,48,0,0,0,0,2024-05-02,2024-05-12,Auto,Business Owner,Mumbai,1,568000,11.82
100043,50089,37,461000.0,833.0,17.0,663000.0,60,1,2,0,519000,2025-02-17,2025-02-18,Personal,Self-Employed,Pune,0,0,
100044,50692,35,664000.0,,6.0,1093000.0,60,0,1,0,262000,2025-04-11,2025-04-12,Education,Contract,Coimbatore,0,0,
100045,51354,23,828000.0,697.0,0.0,1755000.0,60,1,3,1,887000,2024-10-05,2024-10-14,Business,Contract,Mumbai,0,0,
100046,50450,31,239000.0,663.0,3.0,804000.0,48,1,3,0,629000,2024-02-17,2024-02-24,Business,Contract,Pune,0,0,
100047,50132,33,1011000.0,690.0,16.0,1004000.0,60,2,4,0,1036000,2023-05-04,2023-05-14,Auto,Self-Employed,Mumbai,1,782000,11.9
100048,50063,49,516000.0,,27.0,839000.0,36,0,2,1,564000,2025-10-02,2025-10-06,Auto,Business Owner,Delhi,0,0,
100049,50108,41,727000.0,603.0,18.0,1225000.0,60,3,6,0,2178000,2024-10-14,2024-10-17,Personal,Self-Employed,Hyderabad,0,0,
100050,51411,21,1028000.0,634.0,3.0,543000.0,36,3,5,1,582000,2023-08-20,2023-08-25,Personal,Business Owner,Kochi,0,0,
100051,51408,41,324000.0,780.0,21.0,1265000.0,24,3,4,0,1907000,2024-03-08,2024-03-10,Business,Self-Employed,Kochi,0,0,
100052,50321,34,436000.0,756.0,7.0,1289000.0,24,1,5,0,702000,2024-05-05,2024-05-11,Auto,Business Owner,Pune,0,0,
100053,51006,31,527000.0,666.0,9.0,1270000.0,48,0,2,1,732000,2023-03-27,2023-04-02,Auto,Self-Employed,Mumbai,0,0,
100054,50307,44,422000.0,746.0,21.0,487000.0,12,1,2,0,520000,2025-11-19,2025-11-20,Business,Salaried,Hyderabad,1,402000,11.52
100055,50760,48,1310000.0,712.0,19.0,638000.0,72,2,4,0,527000,2025-05-24,2025-06-03,Personal,Salaried,Pune,1,554000,10.98
100056,50281,47,408000.0,788.0,22.0,799000.0,24,2,4,1,1302000,2023-06-05,2023-06-14,Business,Business Owner,Pune,1,349000,12.39
100057,50208,30,467000.0,695.0,7.0,329000.0,48,1,3,0,467000,2025-01-26,2025-01-27,Personal,Contract,Mumbai,0,0,
100058,50809,35,658000.0,757.0,13.0,1683000.0,48,1,3,0,1280000,2025-06-16,2025-06-22,Personal,Contract,Delhi,0,0,
100059,50517,41,349000.0,850.0,13.0,695000.0,36,1,4,0,701000,2024-06-15,2024-06-22,Personal,Contract,Mumbai,1,347000,10.01
100060,50740,48,502000.0,729.0,31.0,818000.0,36,3,4,0,474000,2023-06-01,2023-06-09,Auto,Business Owner,Coimbatore,0,0,
100061,51216,33,692000.0,693.0,11.0,510000.0,60,1,4,0,2153000,2023-06-21,2023-06-23,Business,Salaried,Delhi,0,0,
100062,50919,36,517000.0,737.0,14.0,337000.0,72,1,4,1,1095000,2025-01-31,2025-02-08,Personal,Business Owner,Delhi,0,0,
100063,50622,27,575000.0,666.0,7.0,502000.0,24,0,3,0,1157000,2024-11-23,2024-12-03,Education,Self-Employed,Hyderabad,0,0,
100064,50166,26,473000.0,845.0,1.0,790000.0,36,0,2,0,327000,2023-07-14,2023-07-16,Personal,Self-Employed,Pune,1,705000,10.14
100065,50901,46,304000.0,702.0,26.0,1014000.0,12,2,4,0,388000,2023-04-10,2023-04-12,Personal,Self-Employed,Chennai,0,0,
100066,51085,52,693000.0,672.0,29.0,765000.0,72,0,1,0,578000,2025-09-28,2025-10-07,Personal,Self-Employed,Chennai,0,0,
100067,50642,37,1322000.0,636.0,11.0,847000.0,48,0,1,0,249000,2025-06-27,2025-07-04,Home,Self-Employed,Kochi,1,688000,14.15
100068,50003,48,605000.0,761.0,28.0,582000.0,72,4,7,0,2237000,2024-03-03,2024-03-11,Education,Self-Employed,Coimbatore,0,0,
100069,50647,42,664000.0,746.0,26.0,920000.0,60,1,2,0,694000,2024-08-09,2024-08-10,Auto,Contract,Chennai,0,0,
100070,50346,32,819000.0,658.0,13.0,1582000.0,36,0,1,0,211000,2025-07-08,2025-07-18,Business,Contract,Chennai,0,0,
100071,51484,42,339000.0,727.0,24.0,1031000.0,36,1,1,1,280000,2023-09-13,2023-09-19,Business,Self-Employed,Mumbai,1,672000,13.17
100072,50434,53,1291000.0,592.0,29.0,1093000.0,36,1,4,0,2219000,2024-12-21,2024-12-22,Business,Business Owner,Bengaluru,0,0,
100073,50956,38,657000.0,702.0,10.0,823000.0,72,1,5,0,1230000,2024-02-08,2024-02-13,Auto,Salaried,Bengaluru,0,0,
100074,50961,54,1250000.0,719.0,38.0,306000.0,24,0,2,1,801000,2025-08-17,2025-08-19,Personal,Self-Employed,Kochi,0,0,
100075,50705,21,431000.0,801.0,7.0,394000.0,84,5,8,0,739000,2024-08-02,2024-08-11,Education,Self-Employed,Kochi,0,0,
100076,50353,46,1360000.0,640.0,30.0,899000.0,84,0,0,0,0,2025-12-13,2025-12-16,Business,Business Owner,Chennai,0,0,
100077,50062,39,850000.0,607.0,16.0,696000.0,72,0,2,1,234000,2024-02-11,2024-02-21,Home,Contract,Coimbatore,0,0,
100078,51334,35,770000.0,632.0,8.0,892000.0,36,0,1,0,414000,2023-08-30,2023-09-06,Home,Business Owner,Coimbatore,0,0,
100079,51269,39,667000.0,603.0,13.0,1760000.0,72,1,3,1,912000,2023-02-16,2023-02-18,Education,Salaried,Hyderabad,0,0,
100080,50999,21,537000.0,777.0,0.0,1044000.0,48,3,5,0,1191000,2023-04-25,2023-05-05,Business,Salaried,Coimbatore,1,561000,12.97
100081,50508,36,1030000.0,791.0,14.0,1399000.0,36,0,3,1,714000,2025-10-13,2025-10-17,Personal,Business Owner,Coimbatore,0,0,
100082,50053,42,639000.0,711.0,26.0,737000.0,84,1,1,0,220000,2025-03-16,2025-03-26,Business,Self-Employed,Mumbai,0,0,
100083,50399,53,248000.0,769.0,30.0,449000.0,72,0,1,0,166000,2023-05-10,2023-05-13,Personal,Contract,Mumbai,0,0,
100084,51132,33,363000.0,699.0,12.0,678000.0,12,0,1,0,226000,2025-09-20,2025-09-21,Business,Self-Employed,Pune,0,0,
100085,50804,30,552000.0,684.0,14.0,450000.0,36,0,1,1,754000,2024-05-09,2024-05-19,Home,Self-Employed,Chennai,0,0,
100086,50394,33,690000.0,668.0,9.0,1649000.0,60,0,3,0,1438000,2023-03-23,2023-03-29,Auto,Self-Employed,Pune,1,1502000,13.49
100087,51399,47,585000.0,670.0,33.0,1081000.0,60,1,2,0,323000,2025-08-22,2025-08-27,Education,Self-Employed,Coimbatore,1,521000,12.01
100088,51439,41,1038000.0,589.0,27.0,932000.0,84,1,1,0,286000,2024-10-30,2024-11-05,Personal,Contract,Bengaluru,1,798000,13.92
100089,50499,33,249000.0,707.0,10.0,1381000.0,84,2,6,0,1574000,2025-11-14,2025-11-15,Auto,Business Owner,Coimbatore,0,0,
100090,50724,43,640000.0,687.0,19.0,230000.0,12,1,4,0,931000,2025-03-19,2025-03-27,Personal,Salaried,Delhi,0,0,
100091,50069,39,265000.0,738.0,20.0,967000.0,60,3,4,1,606000,2025-11-30,2025-12-04,Education,Salaried,Kochi,1,422000,12.57
100092,50476,48,845000.0,696.0,25.0,340000.0,84,1,2,0,625000,2024-03-20,2024-03-27,Auto,Contract,Coimbatore,0,0,
100093,50098,31,575000.0,679.0,4.0,697000.0,24,1,2,0,763000,2025-05-18,2025-05-26,Auto,Business Owner,Kochi,0,0,
100094,50016,35,725000.0,633.0,18.0,590000.0,84,0,2,0,330000,2024-07-14,2024-07-17,Education,Contract,Chennai,0,0,
100095,51103,34,407000.0,695.0,17.0,1007000.0,48,3,4,0,2659000,2023-02-26,2023-03-02,Education,Self-Employed,Bengaluru,1,685000,12.62
100096,51322,23,1067000.0,738.0,2.0,794000.0,48,5,7,0,3746000,2023-01-06,2023-01-15,Personal,Contract,Kochi,0,0,
100097,50410,41,959000.0,616.0,14.0,1467000.0,24,0,1,0,329000,2025-08-02,2025-08-11,Auto,Business Owner,Chennai,0,0,
100098,51282,41,780000.0,696.0,14.0,503000.0,60,3,4,0,540000,2024-08-01,2024-08-08,Education,Salaried,Coimbatore,1,378000,11.43
100099,51235,38,566000.0,705.0,16.0,1034000.0,12,0,1,0,306000,2025-07-03,2025-07-06,Personal,Contract,Bengaluru,0,0,
100100,50184,36,779000.0,643.0,12.0,765000.0,12,2,8,0,2303000,2023-06-11,2023-06-15,Business,Salaried,Coimbatore,0,0,
100101,50195,24,437000.0,652.0,1.0,285000.0,48,1,3,0,969000,2025-02-13,2025-02-20,Education,Salaried,Kochi,0,0,
100102,50040,34,882000.0,705.0,16.0,422000.0,84,0,0,0,0,2023-02-26,2023-03-04,Auto,Salaried,Pune,0,0,
100103,50703,35,1260000.0,616.0,16.0,645000.0,72,0,1,0,229000,2024-06-11,2024-06-17,Business,Business Owner,Chennai,0,0,
100104,50453,30,971000.0,713.0,14.0,1291000.0,84,1,2,0,1392000,2025-12-18,2025-12-22,Education,Self-Employed,Kochi,0,0,
100105,51339,36,432000.0,632.0,10.0,903000.0,12,0,5,0,1532000,2024-06-29,2024-07-09,Home,Self-Employed,Delhi,1,456000,12.43
100106,50992,42,706000.0,759.0,19.0,368000.0,84,4,5,0,1081000,2023-02-15,2023-02-23,Auto,Business Owner,Chennai,1,308000,11.28
100107,50061,57,335000.0,842.0,38.0,648000.0,24,1,2,0,1660000,2025-07-21,2025-07-30,Auto,Self-Employed,Mumbai,0,0,
100108,50479,40,776000.0,634.0,20.0,2124000.0,48,2,5,1,1893000,2025-03-21,2025-03-31,Personal,Self-Employed,Bengaluru,0,0,
100109,50036,41,735000.0,725.0,25.0,744000.0,36,1,3,0,597000,2023-02-16,2023-02-23,Home,Self-Employed,Mumbai,0,0,
100110,51252,37,259000.0,643.0,17.0,585000.0,84,2,7,0,1825000,2023-09-09,2023-09-17,Education,Contract,Kochi,0,0,
100111,50543,21,356000.0,758.0,,917000.0,24,0,1,0,343000,2023-06-15,2023-06-25,Home,Self-Employed,Pune,0,0,
100112,51147,38,528000.0,608.0,18.0,1065000.0,24,0,0,0,0,2024-01-03,2024-01-05,Education,Contract,Delhi,0,0,
100113,50263,39,524000.0,721.0,21.0,545000.0,12,3,6,1,1604000,2024-08-04,2024-08-08,Personal,Salaried,Bengaluru,0,0,
100114,50123,63,348000.0,633.0,40.0,923000.0,72,0,2,1,332000,2024-07-25,2024-07-28,Business,Contract,Kochi,0,0,
100115,50218,36,715000.0,677.0,14.0,584000.0,12,1,3,0,323000,2023-12-14,2023-12-20,Home,Self-Employed,Hyderabad,0,0,
100116,51370,41,672000.0,623.0,23.0,1040000.0,84,0,1,0,264000,2025-04-24,2025-04-26,Auto,Business Owner,Delhi,0,0,
100117,50276,38,550000.0,743.0,22.0,768000.0,12,1,4,0,1073000,2024-09-09,2024-09-16,Education,Salaried,Bengaluru,1,746000,13.05
100118,51122,26,427000.0,636.0,7.0,912000.0,36,0,1,0,325000,2024-05-11,2024-05-19,Home,Salaried,Delhi,1,505000,14.15
100119,50929,49,962000.0,726.0,27.0,461000.0,24,1,1,0,187000,2024-11-26,2024-11-30,Education,Contract,Delhi,1,382000,12.75
100120,51491,46,1264000.0,668.0,30.0,446000.0,60,2,3,2,384000,2024-05-25,2024-06-02,Home,Business Owner,Kochi,1,443000,13.0
100121,50913,46,483000.0,683.0,15.0,1177000.0,48,0,2,0,309000,2024-03-27,2024-04-04,Auto,Self-Employed,Coimbatore,0,0,
100122,50006,29,456000.0,700.0,1.0,670000.0,12,3,4,0,1695000,2024-06-26,2024-06-29,Education,Contract,Bengaluru,1,451000,13.17
100123,50123,52,748000.0,640.0,33.0,819000.0,12,4,4,0,717000,2023-08-04,2023-08-05,Education,Contract,Mumbai,0,0,
100124,51110,24,511000.0,704.0,2.0,591000.0,24,0,2,1,401000,2024-04-14,2024-04-17,Business,Salaried,Chennai,1,553000,12.37
100125,51105,44,564000.0,789.0,24.0,1148000.0,36,3,5,0,1069000,2025-05-02,2025-05-12,Personal,Contract,Chennai,1,1025000,11.37
100126,50916,60,837000.0,639.0,38.0,501000.0,12,1,4,0,734000,2023-10-31,2023-11-01,Home,Business Owner,Kochi,1,487000,11.93
100127,50362,28,254000.0,766.0,8.0,650000.0,36,0,2,0,354000,2023-10-25,2023-10-27,Auto,Contract,Bengaluru,1,503000,9.44
100128,51450,32,1086000.0,787.0,7.0,1079000.0,36,2,2,0,323000,2023-10-13,2023-10-21,Business,Contract,Hyderabad,1,916000,10.9
100129,50703,39,620000.0,637.0,19.0,1334000.0,84,0,0,0,0,2025-10-08,2025-10-12,Business,Business Owner,Chennai,1,1160000,14.54
100130,50041,33,499000.0,595.0,15.0,525000.0,60,0,0,0,0,2023-05-06,2023-05-15,Personal,Contract,Pune,0,0,
100131,51372,22,576000.0,710.0,5.0,2057000.0,36,2,3,0,1400000,2023-02-20,2023-02-27,Auto,Self-Employed,Chennai,0,0,
100132,50114,39,590000.0,654.0,25.0,832000.0,60,0,2,0,1032000,2025-12-10,2025-12-13,Home,Contract,Delhi,0,0,
100133,50200,27,275000.0,811.0,6.0,394000.0,48,2,4,0,309000,2024-04-15,2024-04-16,Education,Self-Employed,Pune,0,0,
100134,51159,43,1176000.0,692.0,22.0,858000.0,36,3,5,0,1484000,2024-10-31,2024-11-01,Personal,Business Owner,Pune,1,735000,12.51
100135,50199,29,611000.0,638.0,1.0,567000.0,48,1,1,1,186000,2024-03-13,2024-03-14,Education,Self-Employed,Pune,1,523000,12.52
100136,50157,53,732000.0,615.0,29.0,889000.0,36,0,1,1,437000,2025-04-30,2025-05-10,Business,Business Owner,Chennai,1,710000,13.37
100137,51347,30,921000.0,761.0,7.0,684000.0,60,1,2,1,345000,2023-12-08,2023-12-11,Education,Self-Employed,Hyderabad,0,0,
100138,51330,35,379000.0,653.0,17.0,729000.0,60,2,3,0,443000,2025-01-18,2025-01-23,Home,Self-Employed,Mumbai,0,0,
100139,50850,46,742000.0,693.0,22.0,424000.0,48,1,3,1,366000,2024-06-07,2024-06-15,Home,Business Owner,Bengaluru,0,0,
100140,50044,26,532000.0,752.0,7.0,1207000.0,24,3,4,1,860000,2024-10-16,2024-10-24,Education,Business Owner,Pune,0,0,
100141,50323,40,878000.0,659.0,18.0,371000.0,24,2,3,1,1185000,2024-05-20,2024-05-22,Education,Self-Employed,Kochi,0,0,
100142,50222,51,230000.0,687.0,28.0,380000.0,24,6,8,0,2273000,2024-02-03,2024-02-12,Personal,Business Owner,Hyderabad,0,0,
100143,50259,22,574000.0,689.0,1.0,857000.0,36,0,1,0,137000,2025-06-24,2025-07-03,Home,Salaried,Delhi,0,0,
100144,50602,40,457000.0,734.0,16.0,1690000.0,24,1,1,0,733000,2023-03-02,2023-03-09,Education,Contract,Delhi,0,0,
100145,51474,41,729000.0,728.0,17.0,577000.0,48,1,3,1,1038000,2023-11-09,2023-11-19,Auto,Self-Employed,Bengaluru,0,0,
100146,50615,46,741000.0,676.0,17.0,1029000.0,24,3,5,1,1844000,2023-09-22,2023-09-27,Personal,Salaried,Coimbatore,0,0,
100147,50994,26,436000.0,694.0,3.0,1263000.0,48,2,6,1,2852000,2025-11-18,2025-11-23,Personal,Salaried,Pune,0,0,
100148,51382,25,435000.0,666.0,1.0,1096000.0,48,0,4,0,440000,2024-12-12,2024-12-20,Personal,Salaried,Bengaluru,1,900000,13.83
100149,50717,43,571000.0,594.0,19.0,590000.0,72,3,5,0,792000,2025-07-01,2025-07-09,Personal,Business Owner,Pune,0,0,
100150,50843,41,401000.0,707.0,21.0,384000.0,36,0,1,1,377000,2023-12-05,2023-12-10,Education,Contract,Chennai,1,370000,12.67
100151,50869,41,876000.0,813.0,22.0,208000.0,72,1,4,0,667000,2023-03-30,2023-04-05,Business,Self-Employed,Hyderabad,1,186000,12.17
100152,51287,41,508000.0,633.0,20.0,606000.0,60,1,1,0,218000,2023-11-28,2023-12-04,Auto,Contract,Pune,0,0,
100153,50027,31,180000.0,640.0,13.0,1338000.0,36,5,7,0,1683000,2023-06-01,2023-06-07,Business,Self-Employed,Hyderabad,0,0,
100154,51031,40,,633.0,20.0,377000.0,36,0,0,0,0,2024-12-08,2024-12-13,Business,Contract,Mumbai,0,0,
100155,51288,41,376000.0,737.0,18.0,1029000.0,12,0,2,0,417000,2023-05-06,2023-05-15,Education,Contract,Coimbatore,1,632000,11.17
100156,50356,31,288000.0,719.0,7.0,415000.0,24,1,3,1,1185000,2025-12-02,2025-12-03,Personal,Salaried,Delhi,0,0,
100157,50554,57,344000.0,680.0,36.0,742000.0,24,1,4,1,1440000,2024-02-25,2024-03-06,Personal,Business Owner,Delhi,0,0,
100158,51245,43,630000.0,630.0,23.0,1033000.0,48,0,2,1,872000,2023-09-10,2023-09-13,Education,Self-Employed,Mumbai,1,895000,12.32
100159,51178,26,1091000.0,696.0,10.0,487000.0,60,0,2,0,828000,2025-09-25,2025-10-02,Education,Self-Employed,Mumbai,1,383000,13.03
100160,50573,45,691000.0,588.0,28.0,769000.0,72,5,6,0,1837000,2023-10-20,2023-10-29,Home,Self-Employed,Coimbatore,0,0,
100161,50276,28,457000.0,699.0,4.0,557000.0,24,2,2,0,589000,2023-06-18,2023-06-20,Personal,Salaried,Chennai,1,549000,12.5
100162,50221,46,737000.0,747.0,24.0,1032000.0,24,4,4,0,1135000,2025-01-03,2025-01-07,Auto,Salaried,Hyderabad,1,811000,9.9
100163,51111,50,488000.0,609.0,31.0,797000.0,84,1,2,0,365000,2023-01-16,2023-01-24,Home,Salaried,Bengaluru,0,0,
100164,50051,30,439000.0,590.0,12.0,722000.0,60,3,7,0,1046000,2023-02-06,2023-02-11,Business,Salaried,Coimbatore,0,0,
100165,50842,48,357000.0,793.0,30.0,1649000.0,24,0,0,0,0,2023-10-23,2023-10-31,Personal,Salaried,Mumbai,0,0,
100166,50240,42,273000.0,650.0,20.0,1008000.0,12,0,0,0,0,2024-03-10,2024-03-12,Education,Contract,Kochi,0,0,
100167,51396,46,503000.0,764.0,19.0,479000.0,84,2,2,0,360000,2023-11-16,2023-11-24,Education,Self-Employed,Delhi,1,385000,11.33
100168,50128,57,644000.0,680.0,31.0,668000.0,24,2,3,0,922000,2024-06-17,2024-06-23,Education,Contract,Bengaluru,1,550000,12.92
100169,50798,36,574000.0,679.0,15.0,671000.0,12,0,1,0,277000,2024-07-27,2024-08-01,Personal,Salaried,Pune,0,0,
100170,50229,30,498000.0,718.0,9.0,732000.0,36,0,1,0,292000,2025-07-11,2025-07-13,Auto,Business Owner,Coimbatore,1,452000,14.01
100171,51371,29,392000.0,633.0,3.0,2806000.0,36,3,4,2,1192000,2025-11-05,2025-11-12,Education,Salaried,Pune,0,0,
100172,50195,30,789000.0,699.0,8.0,858000.0,12,2,2,0,909000,2025-09-07,2025-09-08,Personal,Salaried,Coimbatore,0,0,
100173,50101,37,332000.0,665.0,18.0,228000.0,72,1,2,0,498000,2024-01-30,2024-02-05,Business,Salaried,Chennai,1,197000,12.13
100174,51329,41,851000.0,604.0,14.0,519000.0,72,0,2,0,828000,2023-10-04,2023-10-07,Home,Self-Employed,Pune,0,0,
100175,51028,41,382000.0,712.0,23.0,242000.0,48,1,3,0,971000,2024-10-10,2024-10-16,Personal,Self-Employed,Chennai,0,0,
100176,50797,46,428000.0,673.0,22.0,584000.0,12,2,2,1,880000,2023-10-10,2023-10-11,Personal,Business Owner,Hyderabad,1,554000,12.25
100177,50712,38,310000.0,680.0,21.0,235000.0,84,2,4,1,2242000,2025-09-25,2025-09-26,Education,Self-Employed,Hyderabad,0,0,
100178,50162,53,479000.0,611.0,29.0,433000.0,48,2,3,0,1001000,2023-03-27,2023-03-29,Home,Salaried,Bengaluru,0,0,
100179,51264,35,931000.0,793.0,9.0,303000.0,60,4,5,1,1317000,2023-07-26,2023-08-05,Home,Business Owner,Hyderabad,1,235000,13.38
100180,50393,65,757000.0,747.0,40.0,865000.0,60,1,3,0,787000,2024-07-16,2024-07-23,Education,Business Owner,Kochi,1,629000,11.81
100181,51210,44,932000.0,753.0,22.0,700000.0,84,3,3,0,593000,2024-04-21,2024-04-25,Auto,Business Owner,Pune,0,0,
100182,51105,29,759000.0,670.0,5.0,827000.0,12,3,4,0,777000,2024-08-14,2024-08-18,Personal,Salaried,Pune,1,637000,11.72
100183,50749,27,365000.0,578.0,4.0,661000.0,84,1,2,0,785000,2023-05-11,2023-05-15,Education,Self-Employed,Coimbatore,0,0,
100184,50081,43,517000.0,817.0,22.0,325000.0,48,1,3,0,463000,2024-02-04,2024-02-09,Auto,Contract,Kochi,0,0,
100185,50876,36,422000.0,686.0,13.0,928000.0,36,1,1,0,561000,2023-05-16,2023-05-18,Education,Self-Employed,Coimbatore,0,0,
100186,50201,45,1092000.0,641.0,23.0,2015000.0,12,2,2,1,463000,2023-06-19,2023-06-26,Business,Contract,Coimbatore,0,0,
100187,50703,43,350000.0,717.0,14.0,877000.0,12,0,0,0,0,2025-08-26,2025-08-29,Auto,Salaried,Pune,1,496000,11.12
100188,50682,37,897000.0,766.0,17.0,554000.0,48,0,1,0,177000,2023-07-18,2023-07-21,Auto,Self-Employed,Coimbatore,1,521000,11.81
100189,50883,30,897000.0,689.0,8.0,319000.0,60,1,4,0,1133000,2025-01-08,2025-01-10,Home,Salaried,Chennai,0,0,
100190,50222,23,1367000.0,773.0,7.0,425000.0,72,1,3,0,629000,2025-12-07,2025-12-13,Personal,Salaried,Coimbatore,0,0,
100191,50017,34,499000.0,760.0,8.0,898000.0,84,1,3,0,504000,2025-02-03,2025-02-07,Education,Business Owner,Kochi,1,751000,11.33
100192,50238,47,827000.0,620.0,18.0,1263000.0,36,1,2,0,851000,2023-04-13,2023-04-17,Education,Self-Employed,Coimbatore,0,0,
100193,50749,40,1675000.0,646.0,20.0,808000.0,48,0,0,0,0,2024-07-01,2024-07-09,Personal,Business Owner,Coimbatore,1,765000,13.89
100194,50346,26,454000.0,752.0,5.0,1087000.0,84,1,1,1,178000,2023-01-06,2023-01-08,Personal,Self-Employed,Mumbai,0,0,
100195,51269,40,301000.0,514.0,14.0,1033000.0,48,3,3,0,1005000,2024-12-11,2024-12-18,Home,Salaried,Pune,0,0,
100196,50450,42,257000.0,680.0,14.0,925000.0,84,0,2,0,726000,2023-01-12,2023-01-14,Personal,Business Owner,Pune,0,0,
100197,51328,29,827000.0,597.0,13.0,487000.0,36,1,2,0,249000,2023-04-13,2023-04-19,Business,Salaried,Bengaluru,0,0,
100198,51137,40,257000.0,659.0,24.0,770000.0,72,0,3,0,1003000,2024-11-29,2024-12-04,Home,Contract,Pune,1,351000,13.69
100199,51478,39,507000.0,671.0,7.0,439000.0,84,1,2,0,533000,2024-03-02,2024-03-10,Auto,Salaried,Kochi,0,0,
100200,50417,27,730000.0,667.0,3.0,707000.0,72,2,3,1,474000,2023-06-20,2023-06-26,Personal,Contract,Delhi,0,0,
100201,50257,42,652000.0,654.0,27.0,840000.0,12,1,2,1,337000,2023-03-30,2023-04-06,Auto,Contract,Bengaluru,1,638000,14.34
100202,50055,44,727000.0,619.0,20.0,1762000.0,12,2,5,0,452000,2024-12-16,2024-12-22,Home,Business Owner,Kochi,0,0,
100203,50439,49,663000.0,839.0,25.0,341000.0,24,0,2,0,1180000,2025-05-04,2025-05-12,Business,Business Owner,Kochi,0,0,
100204,51162,49,1067000.0,811.0,26.0,912000.0,84,3,7,0,2908000,2024-08-22,2024-08-24,Business,Self-Employed,Coimbatore,0,0,
100205,51396,24,391000.0,614.0,0.0,1581000.0,84,0,1,0,131000,2024-03-01,2024-03-08,Personal,Self-Employed,Pune,0,0,
100206,51149,29,442000.0,793.0,0.0,1063000.0,84,0,2,0,746000,2025-10-07,2025-10-12,Business,Business Owner,Coimbatore,1,485000,11.58
100207,50024,43,424000.0,664.0,25.0,1107000.0,36,0,3,0,563000,2025-09-22,2025-10-01,Education,Self-Employed,Bengaluru,0,0,
100208,51480,43,872000.0,698.0,14.0,967000.0,84,2,5,1,1975000,2023-06-27,2023-07-06,Home,Salaried,Hyderabad,1,819000,13.85
100209,50796,43,900000.0,686.0,22.0,1430000.0,48,0,0,0,0,2024-07-16,2024-07-24,Business,Salaried,Mumbai,1,1352000,12.93
100210,50092,70,735000.0,647.0,40.0,385000.0,24,0,2,0,417000,2024-02-22,2024-03-01,Home,Salaried,Mumbai,1,370000,12.91
100211,50496,44,1022000.0,,16.0,327000.0,24,1,2,2,433000,2024-07-07,2024-07-11,Home,Salaried,Pune,0,0,
100212,51388,49,353000.0,698.0,23.0,698000.0,24,1,3,1,540000,2023-08-30,2023-09-07,Education,Salaried,Hyderabad,0,0,
100213,50563,48,1271000.0,659.0,31.0,213000.0,12,1,3,0,1510000,2024-02-12,2024-02-14,Personal,Contract,Coimbatore,1,169000,15.75
100214,50894,45,1191000.0,605.0,25.0,1377000.0,60,0,0,0,0,2025-11-07,2025-11-12,Home,Salaried,Bengaluru,1,1326000,13.73
100215,50712,35,835000.0,632.0,11.0,1370000.0,24,0,3,0,792000,2025-12-06,2025-12-10,Education,Self-Employed,Delhi,0,0,
100216,51181,46,1338000.0,583.0,29.0,552000.0,48,0,6,1,2504000,2025-04-01,2025-04-06,Business,Business Owner,Mumbai,0,0,
100217,50093,30,285000.0,691.0,13.0,571000.0,72,0,1,0,111000,2024-06-13,2024-06-18,Auto,Business Owner,Hyderabad,1,517000,10.36
100218,50379,36,474000.0,612.0,15.0,673000.0,12,1,3,1,406000,2024-05-14,2024-05-19,Personal,Self-Employed,Kochi,0,0,
100219,50719,33,431000.0,673.0,7.0,720000.0,72,3,3,0,951000,2023-07-11,2023-07-18,Auto,Self-Employed,Delhi,0,0,
100220,50479,39,830000.0,779.0,15.0,751000.0,60,2,3,0,1083000,2023-02-18,2023-02-19,Education,Self-Employed,Hyderabad,0,0,
100221,51029,61,374000.0,768.0,40.0,952000.0,60,1,4,0,1150000,2023-04-04,2023-04-06,Home,Business Owner,Chennai,1,596000,11.09
100222,50433,21,844000.0,688.0,0.0,637000.0,24,1,2,0,195000,2025-07-19,2025-07-26,Education,Self-Employed,Pune,1,552000,11.07
100223,51116,45,1112000.0,684.0,27.0,1176000.0,24,1,4,0,588000,2023-06-16,2023-06-17,Personal,Self-Employed,Hyderabad,0,0,
100224,50311,22,820000.0,812.0,0.0,895000.0,12,0,2,0,616000,2023-09-11,2023-09-20,Personal,Contract,Kochi,0,0,
100225,50046,33,682000.0,724.0,5.0,501000.0,24,0,2,0,1682000,2023-02-26,2023-03-01,Business,Contract,Chennai,0,0,
100226,51167,49,385000.0,669.0,28.0,1459000.0,84,0,2,1,919000,2023-01-06,2023-01-12,Education,Contract,Chennai,1,936000,11.31
100227,50762,39,410000.0,597.0,15.0,332000.0,12,0,1,0,550000,2023-08-26,2023-08-30,Personal,Business Owner,Pune,0,0,
100228,51480,27,1053000.0,716.0,2.0,665000.0,60,1,2,0,593000,2025-01-02,2025-01-05,Education,Self-Employed,Mumbai,0,0,
100229,50224,31,852000.0,744.0,2.0,1191000.0,84,0,0,0,0,2024-08-12,2024-08-20,Business,Salaried,Delhi,1,963000,11.62
100230,50167,45,590000.0,649.0,23.0,470000.0,48,2,3,0,447000,2023-01-20,2023-01-22,Business,Business Owner,Delhi,1,437000,11.37
100231,50999,31,497000.0,709.0,9.0,830000.0,48,0,0,0,0,2025-02-15,2025-02-18,Education,Contract,Coimbatore,1,416000,11.49
100232,50406,40,241000.0,666.0,21.0,944000.0,84,1,2,0,482000,2023-05-22,2023-05-30,Personal,Contract,Coimbatore,0,0,
100233,50318,38,371000.0,678.0,16.0,436000.0,36,1,2,0,707000,2024-01-11,2024-01-14,Home,Business Owner,Hyderabad,0,0,
100234,51221,31,1418000.0,528.0,8.0,673000.0,72,3,6,0,1523000,2024-02-11,2024-02-19,Home,Business Owner,Bengaluru,0,0,
100235,50671,59,337000.0,676.0,40.0,642000.0,36,1,3,0,862000,2025-03-26,2025-04-02,Business,Self-Employed,Delhi,0,0,
100236,50933,44,653000.0,753.0,17.0,517000.0,36,3,4,3,957000,2023-03-21,2023-03-23,Personal,Business Owner,Delhi,0,0,
100237,50663,21,944000.0,649.0,1.0,2482000.0,48,0,2,0,559000,2023-07-29,2023-07-30,Business,Salaried,Bengaluru,0,0,
100238,51013,40,341000.0,693.0,11.0,460000.0,24,1,2,0,824000,2025-02-06,2025-02-07,Business,Salaried,Chennai,1,350000,12.44
100239,51323,31,652000.0,641.0,6.0,1217000.0,84,1,3,0,398000,2024-01-12,2024-01-14,Business,Business Owner,Delhi,0,0,
100240,51062,47,915000.0,713.0,20.0,564000.0,12,0,3,0,356000,2023-02-09,2023-02-16,Business,Salaried,Pune,1,557000,13.69
100241,51035,30,603000.0,676.0,11.0,385000.0,48,4,4,0,1237000,2024-03-28,2024-04-06,Education,Self-Employed,Hyderabad,0,0,
100242,51305,37,2181000.0,629.0,15.0,741000.0,36,0,2,0,1028000,2024-12-14,2024-12-21,Education,Business Owner,Hyderabad,1,701000,12.5
100243,51434,43,283000.0,777.0,21.0,1000000.0,36,3,4,1,2331000,2023-03-27,2023-03-30,Personal,Salaried,Coimbatore,0,0,
100244,50551,47,966000.0,750.0,21.0,1161000.0,72,1,2,0,271000,2023-08-24,2023-09-01,Personal,Contract,Bengaluru,1,1157000,11.3
100245,50056,26,555000.0,651.0,3.0,1653000.0,24,0,0,0,0,2024-10-05,2024-10-13,Auto,Self-Employed,Mumbai,0,0,
100246,50869,35,849000.0,722.0,10.0,3537000.0,36,3,5,0,597000,2024-10-28,2024-11-06,Home,Business Owner,Delhi,0,0,
100247,51380,33,732000.0,725.0,13.0,803000.0,36,1,2,1,380000,2023-12-27,2024-01-05,Education,Business Owner,Delhi,1,640000,12.83
100248,50112,31,431000.0,732.0,5.0,486000.0,12,2,4,0,1753000,2025-05-17,2025-05-26,Personal,Business Owner,Pune,1,464000,10.71
100249,51388,56,665000.0,580.0,39.0,898000.0,24,3,6,1,1490000,2025-01-19,2025-01-23,Business,Contract,Hyderabad,0,0,
100250,50148,42,260000.0,755.0,13.0,605000.0,60,1,3,0,622000,2023-06-24,2023-07-04,Education,Salaried,Kochi,1,254000,11.45
100251,50498,25,787000.0,653.0,0.0,1165000.0,60,0,1,0,328000,2025-04-07,2025-04-11,Home,Business Owner,Hyderabad,0,0,
100252,51332,47,686000.0,667.0,32.0,343000.0,36,1,3,0,504000,2025-03-14,2025-03-16,Education,Salaried,Coimbatore,0,0,
100253,50546,59,800000.0,850.0,35.0,2575000.0,36,1,2,0,1109000,2023-03-02,2023-03-10,Home,Self-Employed,Mumbai,1,707000,9.72
100254,51325,48,966000.0,710.0,21.0,1121000.0,84,0,0,0,0,2025-02-13,2025-02-15,Auto,Contract,Mumbai,0,0,
100255,51356,23,708000.0,665.0,2.0,277000.0,12,2,3,0,613000,2024-02-18,2024-02-21,Personal,Contract,Kochi,0,0,
100256,50612,33,641000.0,547.0,9.0,474000.0,60,0,1,1,335000,2023-04-26,2023-05-05,Home,Self-Employed,Kochi,0,0,
100257,50772,51,404000.0,780.0,26.0,1097000.0,24,1,1,1,400000,2025-10-25,2025-10-27,Auto,Self-Employed,Mumbai,0,0,
100258,50781,31,435000.0,603.0,5.0,1337000.0,24,1,4,0,2221000,2024-11-28,2024-11-29,Education,Business Owner,Pune,0,0,
100259,50059,42,1023000.0,625.0,31.0,348000.0,48,3,5,0,1125000,2025-03-10,2025-03-15,Personal,Self-Employed,Mumbai,0,0,
100260,50323,46,1145000.0,668.0,23.0,1036000.0,72,3,5,0,2152000,2024-09-18,2024-09-25,Home,Contract,Delhi,0,0,
100261,51461,29,539000.0,782.0,0.0,240000.0,48,1,2,0,526000,2024-02-28,2024-03-03,Home,Salaried,Bengaluru,1,238000,12.91
100262,50505,37,613000.0,740.0,21.0,666000.0,24,1,1,1,184000,2024-06-06,2024-06-10,Personal,Salaried,Pune,0,0,
100263,51425,21,399000.0,680.0,1.0,1290000.0,48,1,3,1,509000,2023-06-24,2023-06-27,Education,Salaried,Kochi,0,0,
100264,50455,28,,710.0,3.0,517000.0,72,0,2,0,289000,2025-06-16,2025-06-22,Education,Salaried,Delhi,0,0,
100265,50378,35,809000.0,651.0,9.0,306000.0,72,0,2,0,345000,2025-09-13,2025-09-21,Business,Salaried,Chennai,1,291000,12.78
100266,50557,26,1437000.0,699.0,7.0,759000.0,12,1,1,1,437000,2024-01-09,2024-01-11,Education,Salaried,Delhi,0,0,
100267,50303,54,404000.0,695.0,31.0,502000.0,36,1,1,0,356000,2024-09-23,2024-09-29,Personal,Contract,Mumbai,0,0,
100268,51230,24,506000.0,753.0,0.0,990000.0,24,0,1,1,134000,2023-08-25,2023-09-02,Auto,Self-Employed,Chennai,1,780000,12.79
100269,50624,34,666000.0,753.0,19.0,430000.0,60,1,2,0,209000,2025-10-06,2025-10-07,Personal,Contract,Chennai,1,405000,11.68
100270,50753,39,803000.0,722.0,15.0,458000.0,60,3,5,0,717000,2025-08-25,2025-08-29,Home,Business Owner,Delhi,1,428000,12.69
100271,51434,52,545000.0,666.0,36.0,230000.0,84,0,2,1,339000,2024-03-18,2024-03-19,Business,Salaried,Coimbatore,0,0,
100272,50927,24,405000.0,738.0,7.0,769000.0,24,1,3,0,644000,2025-11-27,2025-12-01,Business,Self-Employed,Mumbai,0,0,
100273,50880,50,892000.0,,24.0,641000.0,48,1,2,0,899000,2025-02-22,2025-03-03,Auto,Self-Employed,Bengaluru,1,509000,10.69
100274,51148,38,830000.0,620.0,20.0,364000.0,48,2,2,0,380000,2025-10-16,2025-10-22,Home,Salaried,Kochi,1,356000,14.33
100275,51488,28,397000.0,664.0,3.0,779000.0,84,1,1,1,579000,2025-06-05,2025-06-11,Education,Self-Employed,Coimbatore,0,0,
100276,50316,43,1104000.0,695.0,14.0,1231000.0,84,4,8,0,863000,2025-04-25,2025-04-30,Education,Salaried,Delhi,0,0,
100277,51198,40,1016000.0,749.0,16.0,622000.0,84,1,1,0,210000,2025-04-21,2025-04-24,Education,Business Owner,Coimbatore,0,0,
100278,51242,32,637000.0,678.0,12.0,811000.0,24,0,2,0,741000,2024-09-26,2024-09-28,Personal,Salaried,Delhi,1,655000,12.09
100279,50694,39,622000.0,611.0,15.0,814000.0,24,0,0,0,0,2023-06-05,2023-06-14,Education,Business Owner,Chennai,0,0,
100280,50606,34,,694.0,11.0,361000.0,24,1,2,0,423000,2024-12-29,2025-01-07,Home,Self-Employed,Hyderabad,1,271000,10.98
100281,50041,39,407000.0,697.0,22.0,2169000.0,12,3,3,0,1238000,2025-03-23,2025-03-30,Business,Contract,Bengaluru,1,441000,11.1
100282,51075,45,608000.0,702.0,23.0,540000.0,60,0,1,0,375000,2024-10-01,2024-10-03,Personal,Self-Employed,Pune,0,0,
100283,50344,54,228000.0,750.0,29.0,1004000.0,12,0,4,2,711000,2025-11-30,2025-12-04,Education,Contract,Kochi,0,0,
100284,50906,26,890000.0,756.0,7.0,1069000.0,72,3,3,0,878000,2023-07-05,2023-07-13,Home,Salaried,Kochi,0,0,
100285,50678,59,297000.0,651.0,38.0,648000.0,84,2,3,1,1066000,2024-04-05,2024-04-15,Auto,Self-Employed,Kochi,1,385000,13.03
100286,50931,21,1180000.0,650.0,0.0,977000.0,84,1,3,0,553000,2024-06-29,2024-07-05,Home,Self-Employed,Mumbai,1,803000,13.88
100287,50989,36,517000.0,622.0,16.0,801000.0,12,0,1,0,583000,2024-11-29,2024-12-04,Business,Business Owner,Mumbai,0,0,
100288,50659,44,545000.0,735.0,24.0,321000.0,36,0,2,1,329000,2023-11-03,2023-11-13,Home,Salaried,Bengaluru,1,245000,11.46
100289,50678,41,452000.0,784.0,19.0,583000.0,12,1,4,0,1075000,2025-08-02,2025-08-04,Home,Contract,Mumbai,0,0,
100290,51461,32,527000.0,670.0,14.0,500000.0,84,0,1,0,134000,2023-05-17,2023-05-18,Personal,Salaried,Hyderabad,1,419000,11.38
100291,50376,36,1136000.0,674.0,11.0,543000.0,72,1,2,0,527000,2025-06-11,2025-06-12,Business,Business Owner,Pune,0,0,
100292,50234,33,196000.0,785.0,12.0,342000.0,60,3,4,0,587000,2024-10-16,2024-10-17,Education,Business Owner,Hyderabad,0,0,
100293,50562,32,1066000.0,723.0,4.0,1301000.0,48,0,0,0,0,2024-09-12,2024-09-18,Business,Business Owner,Kochi,0,0,
100294,51358,46,699000.0,718.0,26.0,1689000.0,60,1,4,1,452000,2023-06-06,2023-06-10,Auto,Salaried,Mumbai,0,0,
100295,50860,42,349000.0,613.0,28.0,1199000.0,84,0,1,0,373000,2023-06-30,2023-07-09,Business,Business Owner,Coimbatore,0,0,
100296,50674,31,370000.0,734.0,5.0,1408000.0,24,0,3,0,896000,2024-02-13,2024-02-22,Personal,Salaried,Kochi,0,0,
100297,50900,47,1276000.0,630.0,22.0,579000.0,72,3,4,0,1722000,2025-05-02,2025-05-05,Education,Business Owner,Pune,1,555000,13.37
100298,51085,41,392000.0,616.0,16.0,493000.0,24,0,1,1,210000,2025-09-03,2025-09-09,Business,Self-Employed,Pune,0,0,
100299,50247,46,357000.0,667.0,25.0,456000.0,24,2,2,0,881000,2025-11-17,2025-11-23,Education,Contract,Kochi,0,0,
100300,50966,44,1001000.0,652.0,18.0,998000.0,12,1,2,0,510000,2025-05-20,2025-05-30,Personal,Salaried,Mumbai,1,857000,13.53
100301,50732,30,699000.0,676.0,10.0,793000.0,72,0,4,0,1058000,2024-09-03,2024-09-13,Home,Contract,Mumbai,0,0,
100302,50358,32,393000.0,596.0,13.0,671000.0,36,1,3,1,2158000,2023-03-10,2023-03-11,Auto,Salaried,Bengaluru,1,543000,13.34
100303,50393,45,661000.0,752.0,25.0,1427000.0,48,0,3,0,589000,2024-08-24,2024-09-02,Business,Salaried,Kochi,1,1180000,10.77
100304,50692,44,378000.0,763.0,15.0,875000.0,12,2,3,0,1385000,2023-01-17,2023-01-21,Education,Self-Employed,Hyderabad,0,0,
100305,50338,38,985000.0,563.0,20.0,441000.0,84,2,2,0,636000,2025-04-28,2025-05-04,Business,Self-Employed,Pune,0,0,
100306,50927,39,967000.0,754.0,21.0,481000.0,24,2,4,0,751000,2025-05-28,2025-06-07,Personal,Salaried,Coimbatore,0,0,
100307,50854,51,762000.0,637.0,32.0,1019000.0,60,0,1,0,129000,2025-04-14,2025-04-22,Home,Business Owner,Bengaluru,1,804000,11.65
100308,51092,32,706000.0,746.0,11.0,1241000.0,84,2,4,0,597000,2024-06-29,2024-06-30,Personal,Salaried,Bengaluru,0,0,
100309,51185,43,,686.0,22.0,948000.0,24,2,3,1,1320000,2023-03-01,2023-03-09,Education,Salaried,Coimbatore,0,0,
100310,50612,36,600000.0,692.0,18.0,1987000.0,60,4,6,0,3570000,2023-07-03,2023-07-09,Business,Self-Employed,Coimbatore,1,870000,11.31
100311,51014,36,353000.0,678.0,22.0,1720000.0,48,0,2,0,523000,2025-04-17,2025-04-18,Education,Self-Employed,Bengaluru,0,0,
100312,50827,49,735000.0,769.0,23.0,892000.0,24,1,1,0,269000,2025-10-18,2025-10-27,Personal,Contract,Mumbai,1,704000,11.12
100313,51443,46,1534000.0,609.0,28.0,441000.0,72,1,1,0,369000,2025-01-22,2025-01-31,Business,Contract,Delhi,0,0,
100314,51293,46,380000.0,730.0,24.0,341000.0,72,0,2,0,519000,2024-12-23,2025-01-02,Education,Business Owner,Coimbatore,1,302000,12.65
100315,50591,51,510000.0,762.0,28.0,566000.0,48,0,2,0,866000,2023-11-26,2023-12-04,Business,Contract,Kochi,1,526000,11.81
100316,50189,38,724000.0,737.0,10.0,1059000.0,24,4,6,0,1735000,2025-02-19,2025-02-26,Auto,Contract,Pune,0,0,
100317,51121,45,586000.0,841.0,22.0,1912000.0,84,0,3,0,803000,2025-10-25,2025-10-26,Personal,Contract,Chennai,0,0,
100318,50988,35,386000.0,656.0,9.0,881000.0,24,1,3,0,529000,2024-02-06,2024-02-07,Personal,Business Owner,Coimbatore,0,0,
100319,51328,41,994000.0,752.0,17.0,1331000.0,60,1,2,0,312000,2024-09-19,2024-09-27,Auto,Salaried,Pune,1,883000,12.06
100320,50866,37,1704000.0,683.0,11.0,612000.0,36,2,4,1,206000,2023-07-22,2023-08-01,Home,Salaried,Bengaluru,1,545000,13.19
100321,50166,39,655000.0,770.0,15.0,986000.0,72,2,4,0,1853000,2025-11-26,2025-12-04,Education,Business Owner,Chennai,1,779000,10.94
100322,50159,44,399000.0,690.0,20.0,1101000.0,60,1,2,1,465000,2023-02-23,2023-02-24,Home,Salaried,Bengaluru,0,0,
100323,51073,30,299000.0,665.0,8.0,236000.0,12,2,5,0,1023000,2023-10-15,2023-10-23,Business,Contract,Hyderabad,0,0,
100324,51489,59,674000.0,775.0,31.0,558000.0,84,0,0,0,0,2025-12-04,2025-12-12,Education,Contract,Hyderabad,1,547000,10.05
100325,50662,28,986000.0,658.0,0.0,1180000.0,84,0,3,0,545000,2023-10-11,2023-10-21,Education,Contract,Mumbai,0,0,
100326,50224,26,743000.0,598.0,5.0,814000.0,84,0,1,0,170000,2025-04-12,2025-04-22,Education,Contract,Kochi,0,0,
100327,50193,50,599000.0,656.0,25.0,362000.0,48,1,2,0,336000,2024-08-04,2024-08-07,Auto,Salaried,Kochi,0,0,
100328,51072,46,460000.0,730.0,28.0,184000.0,48,0,1,0,295000,2023-02-11,2023-02-12,Personal,Business Owner,Coimbatore,1,156000,14.03
100329,50604,44,367000.0,780.0,23.0,572000.0,36,2,3,1,797000,2023-09-29,2023-10-02,Auto,Business Owner,Delhi,1,557000,10.24
100330,50105,44,874000.0,697.0,24.0,673000.0,24,2,2,0,253000,2025-07-05,2025-07-13,Auto,Business Owner,Delhi,0,0,
100331,50962,38,905000.0,776.0,22.0,430000.0,48,1,2,1,261000,2024-07-24,2024-08-01,Auto,Self-Employed,Bengaluru,1,344000,12.2
100332,50281,29,299000.0,602.0,6.0,757000.0,84,2,3,1,392000,2025-01-21,2025-01-28,Home,Business Owner,Chennai,0,0,
100333,50021,39,1227000.0,661.0,15.0,925000.0,36,1,5,0,3091000,2023-02-16,2023-02-18,Auto,Self-Employed,Pune,1,796000,12.59
100334,50641,31,777000.0,671.0,12.0,1012000.0,12,1,1,1,527000,2023-05-06,2023-05-11,Personal,Business Owner,Coimbatore,0,0,
100335,51440,48,1126000.0,683.0,28.0,192000.0,48,0,2,0,327000,2024-04-16,2024-04-26,Education,Contract,Mumbai,1,161000,12.16
100336,50174,37,328000.0,695.0,14.0,340000.0,84,1,1,0,93000,2025-03-21,2025-03-29,Home,Business Owner,Bengaluru,0,0,
100337,50753,30,325000.0,735.0,14.0,592000.0,12,1,4,0,1066000,2024-09-12,2024-09-15,Auto,Self-Employed,Pune,0,0,
100338,50261,35,561000.0,661.0,12.0,959000.0,72,0,1,0,256000,2024-11-07,2024-11-13,Auto,Contract,Pune,0,0,
100339,50168,42,752000.0,699.0,20.0,916000.0,60,2,5,0,1465000,2024-01-05,2024-01-07,Education,Self-Employed,Bengaluru,0,0,
100340,51169,32,1347000.0,687.0,10.0,907000.0,48,1,1,0,362000,2025-02-09,2025-02-17,Education,Salaried,Hyderabad,1,708000,12.44
100341,50565,30,824000.0,630.0,4.0,567000.0,48,1,3,0,940000,2024-08-10,2024-08-19,Home,Salaried,Mumbai,1,470000,12.81
100342,50221,40,538000.0,683.0,18.0,585000.0,24,0,2,0,286000,2023-01-07,2023-01-08,Personal,Salaried,Pune,0,0,
100343,50620,40,378000.0,681.0,24.0,469000.0,12,1,3,0,869000,2024-11-28,2024-12-02,Home,Contract,Bengaluru,0,0,
100344,51363,33,1044000.0,679.0,13.0,1068000.0,60,0,4,0,1533000,2023-03-06,2023-03-12,Education,Contract,Hyderabad,0,0,
100345,50872,33,389000.0,692.0,11.0,422000.0,36,2,4,0,696000,2023-07-21,2023-07-23,Personal,Self-Employed,Delhi,1,350000,12.63
100346,50797,40,1249000.0,695.0,17.0,1117000.0,60,1,1,0,290000,2023-05-22,2023-05-28,Auto,Contract,Delhi,1,1098000,11.53
100347,50883,24,528000.0,662.0,3.0,785000.0,48,1,3,0,569000,2025-03-27,2025-04-03,Auto,Business Owner,Hyderabad,0,0,
100348,50648,24,1227000.0,773.0,5.0,683000.0,72,1,2,0,1357000,2023-08-05,2023-08-11,Business,Self-Employed,Chennai,1,627000,9.33
100349,51131,31,814000.0,614.0,11.0,488000.0,12,2,3,0,386000,2025-09-17,2025-09-27,Education,Business Owner,Pune,0,0,
100350,50555,36,564000.0,643.0,13.0,332000.0,48,1,4,0,1782000,2023-09-19,2023-09-29,Business,Contract,Mumbai,0,0,
100351,50143,41,475000.0,850.0,20.0,490000.0,36,1,4,0,434000,2023-10-11,2023-10-19,Home,Business Owner,Mumbai,1,369000,9.61
100352,51186,53,515000.0,623.0,33.0,584000.0,36,5,6,0,3677000,2023-04-12,2023-04-17,Home,Contract,Delhi,0,0,
100353,50989,47,728000.0,602.0,21.0,190000.0,48,1,3,0,424000,2024-01-12,2024-01-15,Personal,Contract,Bengaluru,0,0,
100354,50353,36,621000.0,738.0,15.0,628000.0,72,0,1,0,275000,2023-07-25,2023-07-27,Education,Business Owner,Delhi,0,0,
100355,50228,38,459000.0,555.0,7.0,1164000.0,84,2,5,0,554000,2025-11-02,2025-11-04,Personal,Salaried,Chennai,0,0,
100356,51301,28,557000.0,675.0,8.0,956000.0,48,0,1,1,127000,2025-01-30,2025-02-01,Personal,Contract,Coimbatore,0,0,
100357,50659,38,622000.0,829.0,19.0,533000.0,48,2,3,0,1175000,2023-01-10,2023-01-20,Home,Self-Employed,Bengaluru,0,0,
100358,51120,35,230000.0,590.0,16.0,718000.0,12,3,5,1,2090000,2023-05-31,2023-06-05,Home,Self-Employed,Hyderabad,0,0,
100359,50498,41,737000.0,561.0,17.0,516000.0,24,1,3,0,845000,2025-11-26,2025-12-06,Education,Salaried,Coimbatore,0,0,
100360,51025,30,386000.0,593.0,9.0,760000.0,36,1,2,0,724000,2025-02-14,2025-02-18,Home,Business Owner,Coimbatore,0,0,
100361,50179,43,357000.0,748.0,27.0,1633000.0,12,1,3,0,1265000,2025-10-25,2025-10-27,Education,Salaried,Pune,0,0,
100362,50161,53,281000.0,763.0,37.0,1192000.0,36,2,2,1,355000,2025-06-08,2025-06-13,Business,Business Owner,Kochi,1,288000,11.28
100363,50310,37,268000.0,657.0,15.0,932000.0,48,3,4,1,497000,2024-02-07,2024-02-14,Auto,Salaried,Kochi,0,0,
100364,50045,42,326000.0,734.0,21.0,534000.0,36,1,4,1,993000,2025-07-27,2025-08-01,Business,Contract,Bengaluru,0,0,
100365,50819,45,436000.0,780.0,27.0,,72,1,4,1,749000,2025-03-21,2025-03-29,Home,Self-Employed,Pune,1,358000,11.74
100366,51052,34,1445000.0,806.0,6.0,277000.0,72,1,2,0,607000,2025-11-24,2025-11-30,Auto,Salaried,Chennai,1,249000,10.18
100367,50212,40,474000.0,674.0,17.0,609000.0,72,0,1,0,329000,2024-05-13,2024-05-22,Auto,Self-Employed,Mumbai,0,0,
100368,50927,38,650000.0,540.0,21.0,965000.0,60,2,3,0,533000,2024-05-26,2024-06-05,Personal,Business Owner,Chennai,1,795000,13.46
100369,51029,39,718000.0,637.0,21.0,1052000.0,36,0,2,0,711000,2023-11-13,2023-11-18,Auto,Salaried,Bengaluru,0,0,
100370,50341,30,636000.0,662.0,9.0,1012000.0,72,2,4,0,1387000,2023-10-30,2023-11-07,Education,Salaried,Mumbai,0,0,
100371,50200,38,579000.0,673.0,10.0,823000.0,60,1,4,0,1436000,2023-03-23,2023-03-29,Home,Salaried,Coimbatore,0,0,
100372,50666,43,350000.0,678.0,21.0,629000.0,12,0,1,0,204000,2024-10-19,2024-10-26,Home,Salaried,Delhi,1,613000,12.27
100373,51212,53,1153000.0,763.0,29.0,941000.0,12,3,4,0,1477000,2023-07-12,2023-07-20,Personal,Self-Employed,Delhi,0,0,
100374,50302,48,1353000.0,773.0,27.0,414000.0,84,1,3,0,973000,2023-08-12,2023-08-16,Personal,Contract,Hyderabad,1,352000,13.11
100375,50140,60,281000.0,679.0,35.0,440000.0,72,1,1,0,344000,2023-02-22,2023-02-26,Home,Self-Employed,Pune,0,0,
100376,50747,30,378000.0,761.0,4.0,724000.0,84,1,2,0,1157000,2025-10-11,2025-10-17,Personal,Contract,Chennai,1,484000,11.66
100377,50013,47,529000.0,713.0,17.0,770000.0,60,0,5,0,1473000,2023-12-11,2023-12-13,Auto,Salaried,Pune,0,0,
100378,50372,40,389000.0,694.0,23.0,256000.0,36,2,3,0,554000,2025-09-13,2025-09-22,Auto,Contract,Pune,0,0,
100379,51373,60,753000.0,749.0,36.0,899000.0,72,1,5,1,717000,2024-10-02,2024-10-10,Education,Self-Employed,Delhi,0,0,
100380,51288,30,432000.0,695.0,,1071000.0,12,0,1,0,439000,2023-07-30,2023-08-01,Personal,Salaried,Mumbai,0,0,
100381,51450,30,1590000.0,824.0,8.0,671000.0,36,2,4,0,1196000,2025-05-13,2025-05-14,Home,Self-Employed,Chennai,1,568000,10.61
100382,51013,32,1025000.0,597.0,6.0,2584000.0,24,1,3,0,1729000,2025-02-14,2025-02-24,Business,Self-Employed,Mumbai,0,0,
100383,50102,21,660000.0,657.0,0.0,481000.0,72,2,4,0,362000,2025-07-03,2025-07-07,Home,Self-Employed,Hyderabad,0,0,
100384,51417,33,952000.0,682.0,7.0,574000.0,24,2,5,0,1971000,2023-07-02,2023-07-06,Business,Contract,Pune,1,547000,12.07
100385,51377,30,987000.0,719.0,5.0,563000.0,72,2,3,0,658000,2024-05-20,2024-05-22,Business,Salaried,Bengaluru,0,0,
100386,51335,40,466000.0,772.0,19.0,671000.0,60,1,3,0,628000,2023-01-12,2023-01-17,Education,Salaried,Delhi,1,556000,12.13
100387,50874,41,416000.0,688.0,16.0,584000.0,60,2,5,0,853000,2023-04-03,2023-04-06,Business,Self-Employed,Bengaluru,0,0,
100388,51237,57,621000.0,598.0,40.0,323000.0,36,1,1,0,392000,2023-11-26,2023-11-29,Auto,Business Owner,Mumbai,1,284000,14.27
100389,51403,48,,745.0,30.0,518000.0,24,2,2,0,680000,2023-07-09,2023-07-19,Auto,Self-Employed,Mumbai,0,0,
100390,50839,32,639000.0,739.0,13.0,663000.0,24,0,0,0,0,2025-05-15,2025-05-18,Education,Contract,Bengaluru,0,0,
100391,51079,29,295000.0,564.0,7.0,1376000.0,60,1,4,0,1086000,2025-08-11,2025-08-15,Home,Contract,Coimbatore,0,0,
100392,50096,43,418000.0,690.0,27.0,2350000.0,48,0,1,0,356000,2025-10-18,2025-10-23,Home,Salaried,Delhi,1,849000,11.27
100393,51337,25,580000.0,587.0,2.0,1459000.0,36,5,7,0,1913000,2023-10-20,2023-10-24,Home,Business Owner,Coimbatore,0,0,
100394,51209,56,580000.0,647.0,34.0,457000.0,36,0,1,0,435000,2023-09-18,2023-09-27,Home,Contract,Delhi,1,434000,12.64
100395,50423,50,1458000.0,631.0,29.0,477000.0,12,0,4,1,865000,2024-12-10,2024-12-14,Auto,Salaried,Coimbatore,1,431000,13.35
100396,50668,33,322000.0,743.0,14.0,641000.0,60,0,2,0,162000,2023-11-19,2023-11-26,Auto,Business Owner,Delhi,1,566000,11.5
100397,50666,21,753000.0,698.0,2.0,1868000.0,12,0,0,0,0,2023-01-10,2023-01-20,Education,Business Owner,Hyderabad,0,0,
100398,50505,52,1173000.0,606.0,28.0,639000.0,48,1,2,0,547000,2025-08-22,2025-08-27,Education,Salaried,Kochi,0,0,
100399,50354,37,1668000.0,747.0,13.0,337000.0,12,0,0,0,0,2023-03-29,2023-04-08,Education,Contract,Mumbai,1,299000,10.76
100400,51097,50,500000.0,597.0,31.0,531000.0,48,0,0,0,0,2023-12-06,2023-12-15,Home,Self-Employed,Chennai,0,0,
100401,50022,22,749000.0,711.0,3.0,1062000.0,12,1,1,1,94000,2024-11-17,2024-11-26,Home,Contract,Chennai,0,0,
100402,51225,32,775000.0,637.0,8.0,1023000.0,60,1,1,0,222000,2023-07-28,2023-08-05,Auto,Contract,Mumbai,1,910000,14.04
100403,50173,38,655000.0,666.0,10.0,627000.0,48,5,5,0,788000,2025-12-08,2025-12-14,Auto,Contract,Bengaluru,1,598000,14.57
100404,50655,38,574000.0,723.0,15.0,1019000.0,36,3,4,0,547000,2025-07-10,2025-07-16,Personal,Salaried,Kochi,0,0,
100405,50449,33,730000.0,724.0,13.0,201000.0,60,2,2,0,482000,2023-09-20,2023-09-22,Personal,Salaried,Mumbai,0,0,
100406,51376,44,192000.0,777.0,29.0,741000.0,60,1,2,0,710000,2024-10-31,2024-11-07,Home,Self-Employed,Coimbatore,1,324000,10.02
100407,51170,27,816000.0,685.0,0.0,1124000.0,84,1,1,0,291000,2023-01-20,2023-01-29,Auto,Contract,Coimbatore,0,0,
100408,51291,37,635000.0,710.0,13.0,443000.0,84,0,1,0,177000,2024-07-21,2024-07-30,Home,Contract,Chennai,1,384000,11.17
100409,50995,39,543000.0,662.0,15.0,442000.0,72,0,1,0,232000,2025-08-27,2025-08-29,Business,Self-Employed,Mumbai,1,380000,13.55
100410,50388,43,1507000.0,702.0,26.0,251000.0,24,0,3,0,1194000,2023-05-20,2023-05-29,Personal,Business Owner,Chennai,1,190000,10.97
100411,50034,45,443000.0,719.0,23.0,1678000.0,36,1,2,1,704000,2023-09-28,2023-10-05,Education,Business Owner,Bengaluru,0,0,
100412,50304,27,500000.0,684.0,1.0,471000.0,12,0,1,0,190000,2023-10-11,2023-10-16,Home,Self-Employed,Pune,0,0,
100413,50083,23,1470000.0,573.0,3.0,799000.0,84,3,4,1,734000,2024-01-01,2024-01-06,Business,Contract,Pune,1,705000,15.58
100414,51320,51,413000.0,712.0,27.0,976000.0,60,3,6,0,636000,2024-04-28,2024-05-04,Education,Salaried,Pune,1,474000,11.78
100415,50484,41,468000.0,714.0,14.0,1608000.0,12,2,3,0,605000,2023-01-03,2023-01-11,Business,Contract,Hyderabad,0,0,
100416,51321,31,562000.0,646.0,5.0,643000.0,60,0,2,1,210000,2025-09-30,2025-10-02,Auto,Self-Employed,Delhi,0,0,
100417,51430,54,876000.0,607.0,39.0,520000.0,36,1,4,0,2811000,2025-02-22,2025-02-25,Auto,Self-Employed,Hyderabad,0,0,
100418,50367,39,659000.0,786.0,19.0,770000.0,60,0,3,0,489000,2023-06-13,2023-06-23,Auto,Self-Employed,Bengaluru,0,0,
100419,50320,50,335000.0,722.0,28.0,,84,1,4,0,1741000,2024-01-23,2024-01-30,Education,Salaried,Coimbatore,0,0,
100420,51228,39,472000.0,675.0,16.0,637000.0,12,2,3,1,1861000,2025-09-21,2025-09-24,Education,Contract,Coimbatore,0,0,
100421,50049,59,457000.0,,38.0,414000.0,12,0,2,1,557000,2025-10-29,2025-10-30,Auto,Salaried,Kochi,1,337000,14.39
100422,50630,56,580000.0,637.0,35.0,300000.0,36,0,3,0,713000,2025-10-12,2025-10-18,Education,Business Owner,Coimbatore,1,296000,11.55
100423,50271,36,727000.0,775.0,15.0,358000.0,84,0,0,0,0,2023-01-12,2023-01-19,Auto,Contract,Chennai,0,0,
100424,50479,48,724000.0,699.0,26.0,1126000.0,12,0,2,0,389000,2023-03-15,2023-03-24,Home,Self-Employed,Delhi,0,0,
100425,50346,44,270000.0,654.0,25.0,587000.0,48,0,1,0,557000,2023-08-26,2023-08-27,Auto,Contract,Pune,1,300000,12.04
100426,50743,52,968000.0,723.0,30.0,501000.0,60,1,3,0,894000,2025-07-03,2025-07-12,Personal,Self-Employed,Chennai,1,390000,11.49
100427,50847,28,672000.0,637.0,2.0,472000.0,48,3,5,0,1268000,2023-08-22,2023-09-01,Home,Salaried,Hyderabad,0,0,
100428,50212,45,1119000.0,788.0,21.0,734000.0,24,0,3,0,1445000,2025-05-21,2025-05-28,Auto,Contract,Coimbatore,1,566000,11.91
100429,50913,49,733000.0,778.0,19.0,614000.0,84,1,1,0,354000,2023-06-02,2023-06-10,Personal,Self-Employed,Coimbatore,0,0,
100430,50892,21,985000.0,660.0,7.0,602000.0,24,0,0,0,0,2024-06-11,2024-06-14,Auto,Salaried,Delhi,1,460000,13.3
100431,51248,26,740000.0,649.0,7.0,1470000.0,72,1,2,0,557000,2025-03-21,2025-03-26,Home,Contract,Pune,1,1266000,13.55
100432,50080,21,1100000.0,520.0,0.0,1631000.0,72,0,1,0,170000,2023-02-25,2023-02-28,Auto,Contract,Delhi,0,0,
100433,50112,35,,594.0,12.0,289000.0,84,2,5,0,944000,2024-09-06,2024-09-13,Education,Business Owner,Kochi,0,0,
100434,50278,45,574000.0,603.0,20.0,838000.0,60,1,4,0,902000,2025-07-22,2025-07-24,Auto,Contract,Bengaluru,0,0,
100435,50399,53,1668000.0,699.0,37.0,457000.0,12,1,3,0,991000,2024-10-24,2024-10-30,Home,Business Owner,Hyderabad,1,406000,12.89
100436,50512,39,895000.0,669.0,11.0,611000.0,36,2,3,0,402000,2023-10-27,2023-11-06,Business,Contract,Pune,0,0,
100437,50764,54,777000.0,603.0,32.0,830000.0,24,2,3,0,779000,2025-09-02,2025-09-04,Auto,Business Owner,Chennai,1,821000,12.59
100438,50332,24,338000.0,672.0,2.0,623000.0,84,1,2,0,411000,2024-09-21,2024-09-30,Education,Salaried,Hyderabad,0,0,
100439,50167,21,336000.0,723.0,2.0,795000.0,12,2,2,0,319000,2023-05-24,2023-05-30,Home,Contract,Pune,0,0,
100440,50899,37,684000.0,724.0,15.0,1014000.0,84,2,3,1,619000,2023-08-17,2023-08-22,Personal,Salaried,Kochi,0,0,
100441,50444,42,641000.0,567.0,13.0,823000.0,72,0,1,0,78000,2024-04-10,2024-04-16,Business,Contract,Coimbatore,0,0,
100442,51432,38,455000.0,682.0,15.0,490000.0,36,0,1,0,171000,2023-05-17,2023-05-23,Auto,Contract,Coimbatore,0,0,
100443,51463,21,639000.0,600.0,0.0,495000.0,60,3,4,1,577000,2023-08-28,2023-09-03,Home,Contract,Chennai,0,0,
100444,50514,37,1226000.0,749.0,15.0,317000.0,12,1,1,0,217000,2024-03-24,2024-04-03,Education,Contract,Delhi,0,0,
100445,50407,25,820000.0,741.0,9.0,438000.0,48,0,1,0,80000,2023-05-31,2023-06-06,Education,Contract,Chennai,1,428000,13.01
100446,51406,45,359000.0,632.0,16.0,2059000.0,60,1,7,0,1925000,2025-03-13,2025-03-22,Home,Contract,Hyderabad,0,0,
100447,51083,42,571000.0,640.0,17.0,453000.0,24,2,3,0,1182000,2023-12-19,2023-12-26,Education,Self-Employed,Mumbai,0,0,
100448,50569,29,418000.0,660.0,5.0,363000.0,60,1,3,1,707000,2024-04-10,2024-04-11,Business,Contract,Coimbatore,0,0,
100449,50983,33,504000.0,544.0,9.0,835000.0,60,3,4,0,1283000,2025-11-29,2025-12-09,Personal,Business Owner,Coimbatore,0,0,
100450,50712,27,498000.0,712.0,8.0,659000.0,36,1,2,1,387000,2024-10-15,2024-10-24,Education,Contract,Mumbai,0,0,
100451,51450,37,484000.0,672.0,14.0,629000.0,84,0,1,0,115000,2023-02-22,2023-02-28,Education,Salaried,Hyderabad,1,566000,12.69
100452,51164,48,341000.0,753.0,28.0,1519000.0,24,2,3,2,751000,2023-12-17,2023-12-27,Personal,Business Owner,Bengaluru,0,0,
100453,50201,28,567000.0,619.0,3.0,947000.0,72,0,1,0,351000,2025-01-08,2025-01-16,Business,Business Owner,Bengaluru,0,0,
100454,50237,43,466000.0,650.0,22.0,523000.0,36,1,2,0,258000,2023-12-06,2023-12-09,Business,Business Owner,Coimbatore,0,0,
100455,50479,33,180000.0,592.0,14.0,554000.0,60,2,3,0,594000,2023-03-06,2023-03-09,Business,Self-Employed,Bengaluru,0,0,
100456,50760,30,1511000.0,625.0,5.0,531000.0,84,3,3,0,663000,2023-10-23,2023-11-01,Education,Contract,Delhi,0,0,
100457,50811,37,979000.0,613.0,18.0,1133000.0,84,1,1,0,1040000,2025-07-30,2025-08-08,Education,Salaried,Hyderabad,0,0,
100458,50958,28,507000.0,755.0,6.0,591000.0,12,0,1,0,280000,2023-07-24,2023-07-29,Business,Salaried,Bengaluru,0,0,
100459,50519,32,605000.0,645.0,14.0,261000.0,48,0,3,0,289000,2024-10-08,2024-10-13,Education,Salaried,Chennai,1,247000,13.91
100460,50412,26,354000.0,698.0,3.0,682000.0,48,2,4,1,341000,2023-05-15,2023-05-18,Auto,Self-Employed,Hyderabad,1,333000,12.35
100461,50752,58,1287000.0,665.0,38.0,301000.0,36,1,4,0,1441000,2024-01-13,2024-01-20,Education,Self-Employed,Mumbai,0,0,
100462,50788,38,1409000.0,607.0,16.0,2327000.0,84,2,2,1,1732000,2025-12-11,2025-12-18,Business,Self-Employed,Coimbatore,0,0,
100463,50938,31,644000.0,679.0,9.0,412000.0,12,1,2,2,434000,2025-05-17,2025-05-20,Home,Contract,Hyderabad,0,0,
100464,50702,40,951000.0,729.0,19.0,640000.0,48,3,4,0,843000,2024-08-02,2024-08-10,Business,Self-Employed,Bengaluru,1,607000,12.65
100465,50844,37,649000.0,611.0,17.0,807000.0,12,3,6,0,1861000,2025-10-13,2025-10-19,Home,Salaried,Hyderabad,0,0,
100466,51180,36,329000.0,743.0,9.0,597000.0,72,1,2,0,335000,2024-12-10,2024-12-13,Education,Self-Employed,Pune,0,0,
100467,50012,44,,635.0,28.0,597000.0,72,0,2,0,140000,2023-03-08,2023-03-14,Education,Salaried,Mumbai,0,0,
100468,50848,46,637000.0,659.0,17.0,883000.0,36,1,3,0,1260000,2023-01-03,2023-01-04,Home,Business Owner,Pune,0,0,
100469,50172,33,489000.0,724.0,8.0,1621000.0,24,1,2,0,368000,2024-05-24,2024-05-30,Business,Salaried,Hyderabad,0,0,
100470,51398,32,544000.0,647.0,10.0,1068000.0,12,3,5,0,2113000,2025-02-15,2025-02-22,Personal,Business Owner,Mumbai,0,0,
100471,50311,35,576000.0,692.0,15.0,1579000.0,12,1,1,1,171000,2023-04-12,2023-04-16,Personal,Contract,Mumbai,0,0,
100472,51119,21,579000.0,670.0,5.0,394000.0,24,1,4,0,1063000,2025-03-09,2025-03-13,Business,Self-Employed,Hyderabad,0,0,
100473,50245,23,614000.0,698.0,0.0,833000.0,60,0,2,1,767000,2025-01-03,2025-01-06,Education,Contract,Coimbatore,0,0,
100474,50338,52,372000.0,535.0,28.0,762000.0,60,1,1,0,427000,2025-11-10,2025-11-15,Home,Contract,Delhi,0,0,
100475,50064,54,435000.0,571.0,23.0,849000.0,84,4,6,0,1685000,2024-01-22,2024-01-23,Home,Contract,Coimbatore,0,0,
100476,50721,36,337000.0,730.0,14.0,1492000.0,60,1,4,1,1096000,2024-06-16,2024-06-22,Business,Business Owner,Bengaluru,1,621000,12.61
100477,50727,44,932000.0,757.0,23.0,620000.0,36,1,2,2,682000,2023-04-02,2023-04-04,Business,Self-Employed,Pune,1,556000,11.09
100478,50466,41,233000.0,631.0,25.0,560000.0,60,1,2,0,631000,2025-04-18,2025-04-22,Auto,Contract,Hyderabad,0,0,
100479,50011,69,1008000.0,674.0,40.0,939000.0,36,0,0,0,0,2024-05-19,2024-05-25,Home,Contract,Pune,0,0,
100480,50791,49,1120000.0,709.0,31.0,263000.0,24,0,2,0,265000,2025-04-20,2025-04-26,Auto,Salaried,Pune,1,242000,13.75
100481,51337,37,524000.0,,17.0,615000.0,84,0,2,0,174000,2024-11-17,2024-11-27,Education,Salaried,Hyderabad,1,477000,11.43
100482,51105,28,186000.0,558.0,4.0,650000.0,12,0,2,1,734000,2024-12-25,2025-01-01,Home,Self-Employed,Kochi,0,0,
100483,50984,22,510000.0,632.0,0.0,422000.0,48,1,2,0,410000,2023-05-28,2023-05-29,Business,Salaried,Chennai,0,0,
100484,50370,40,583000.0,668.0,19.0,1252000.0,48,1,1,0,377000,2025-07-22,2025-07-28,Business,Business Owner,Coimbatore,0,0,
100485,51189,30,381000.0,736.0,2.0,390000.0,36,0,0,0,0,2025-06-02,2025-06-11,Education,Business Owner,Kochi,0,0,
100486,51087,24,476000.0,850.0,7.0,650000.0,36,2,4,0,606000,2023-11-10,2023-11-18,Personal,Business Owner,Kochi,0,0,
100487,50080,32,1195000.0,675.0,9.0,822000.0,84,1,2,0,471000,2024-10-18,2024-10-26,Auto,Contract,Mumbai,0,0,
100488,51053,27,809000.0,599.0,10.0,1474000.0,72,0,1,0,199000,2023-10-25,2023-10-31,Business,Self-Employed,Kochi,0,0,
100489,51020,55,396000.0,716.0,31.0,696000.0,12,2,3,0,553000,2023-08-11,2023-08-15,Home,Business Owner,Chennai,1,618000,10.64
100490,51475,47,292000.0,776.0,26.0,1171000.0,84,0,1,1,395000,2023-12-19,2023-12-20,Home,Business Owner,Hyderabad,0,0,
100491,50984,38,518000.0,697.0,17.0,1029000.0,24,1,6,0,5264000,2024-02-20,2024-02-25,Home,Business Owner,Chennai,0,0,
100492,50274,53,545000.0,631.0,31.0,749000.0,84,0,3,0,1311000,2023-03-03,2023-03-08,Education,Business Owner,Coimbatore,0,0,
100493,50944,39,750000.0,752.0,15.0,384000.0,84,2,5,0,1233000,2024-08-30,2024-09-06,Personal,Business Owner,Hyderabad,0,0,
100494,51425,29,472000.0,733.0,9.0,318000.0,12,2,3,0,1408000,2024-09-15,2024-09-16,Auto,Business Owner,Kochi,1,269000,11.77
100495,50241,53,755000.0,623.0,27.0,742000.0,72,2,3,0,1766000,2024-01-11,2024-01-17,Home,Self-Employed,Pune,1,736000,12.73
100496,51354,43,1433000.0,715.0,16.0,519000.0,36,0,1,0,125000,2024-08-21,2024-08-28,Home,Business Owner,Pune,0,0,
100497,51253,28,866000.0,755.0,11.0,1161000.0,12,2,3,1,1384000,2024-02-09,2024-02-10,Business,Self-Employed,Coimbatore,0,0,
100498,50665,36,587000.0,767.0,17.0,1055000.0,36,4,5,0,1837000,2025-07-17,2025-07-20,Personal,Self-Employed,Chennai,0,0,
100499,50356,29,553000.0,686.0,7.0,632000.0,48,0,1,0,453000,2024-01-25,2024-02-04,Business,Self-Employed,Kochi,1,511000,12.63
100500,50304,24,511000.0,667.0,9.0,370000.0,12,1,1,0,375000,2025-02-04,2025-02-13,Education,Business Owner,Kochi,0,0,
100501,50343,47,1021000.0,770.0,24.0,927000.0,24,1,4,0,892000,2023-12-14,2023-12-22,Education,Business Owner,Bengaluru,0,0,
100502,50178,57,452000.0,611.0,40.0,400000.0,48,0,1,1,691000,2025-12-23,2026-01-02,Auto,Self-Employed,Delhi,1,337000,13.9
100503,51043,24,612000.0,719.0,3.0,461000.0,24,2,3,1,889000,2025-08-15,2025-08-21,Education,Self-Employed,Kochi,0,0,
100504,51355,44,614000.0,601.0,18.0,408000.0,24,1,2,0,402000,2024-05-31,2024-06-08,Auto,Business Owner,Mumbai,0,0,
100505,51065,31,479000.0,759.0,16.0,649000.0,36,2,2,1,644000,2023-11-26,2023-11-28,Business,Salaried,Mumbai,0,0,
100506,50261,33,324000.0,673.0,15.0,1332000.0,24,2,3,0,1220000,2025-08-31,2025-09-07,Home,Salaried,Delhi,1,499000,14.42
100507,51286,32,694000.0,772.0,10.0,698000.0,72,1,1,0,262000,2023-04-02,2023-04-04,Home,Salaried,Delhi,0,0,
100508,50387,29,584000.0,722.0,10.0,549000.0,60,1,1,0,304000,2023-07-09,2023-07-12,Personal,Business Owner,Bengaluru,0,0,
100509,50301,38,751000.0,610.0,14.0,302000.0,24,0,0,0,0,2024-07-25,2024-07-27,Education,Self-Employed,Bengaluru,0,0,
100510,51254,30,472000.0,783.0,11.0,948000.0,12,1,3,1,539000,2023-07-24,2023-07-29,Personal,Salaried,Bengaluru,0,0,
100511,50587,41,1039000.0,791.0,9.0,456000.0,72,3,4,0,663000,2023-07-31,2023-08-10,Personal,Contract,Coimbatore,0,0,
100512,51136,37,404000.0,747.0,11.0,747000.0,36,2,4,1,496000,2025-02-08,2025-02-13,Home,Contract,Kochi,0,0,
100513,50363,36,1296000.0,640.0,18.0,576000.0,36,2,4,0,2136000,2023-03-30,2023-04-05,Education,Self-Employed,Hyderabad,0,0,
100514,50746,29,273000.0,670.0,6.0,1110000.0,72,1,1,1,224000,2025-08-12,2025-08-18,Home,Contract,Bengaluru,0,0,
100515,50176,32,730000.0,699.0,11.0,642000.0,60,1,2,0,90000,2023-12-29,2024-01-05,Personal,Business Owner,Kochi,0,0,
100516,50408,46,743000.0,644.0,19.0,678000.0,36,1,1,1,305000,2023-11-28,2023-12-06,Education,Contract,Kochi,0,0,
100517,51390,43,419000.0,800.0,28.0,914000.0,36,3,5,0,1508000,2025-07-09,2025-07-13,Home,Self-Employed,Coimbatore,0,0,
100518,50560,28,726000.0,699.0,11.0,2230000.0,48,3,5,0,492000,2024-12-08,2024-12-17,Auto,Salaried,Pune,1,1421000,11.98
100519,50410,39,,514.0,16.0,1141000.0,48,2,5,0,824000,2025-04-23,2025-04-26,Auto,Business Owner,Chennai,0,0,
100520,50177,46,221000.0,712.0,22.0,667000.0,84,1,4,0,645000,2024-11-25,2024-11-30,Business,Self-Employed,Chennai,0,0,
100521,51498,21,752000.0,667.0,3.0,701000.0,48,1,1,0,172000,2024-02-26,2024-02-29,Business,Business Owner,Bengaluru,0,0,
100522,50744,43,195000.0,685.0,29.0,524000.0,60,4,5,0,2292000,2025-02-01,2025-02-03,Education,Salaried,Chennai,0,0,
100523,51463,31,389000.0,666.0,13.0,415000.0,72,1,2,0,464000,2025-01-05,2025-01-10,Business,Salaried,Bengaluru,1,367000,11.21
100524,50900,44,1249000.0,742.0,31.0,516000.0,84,0,2,0,404000,2024-12-10,2024-12-19,Education,Salaried,Chennai,0,0,
100525,50049,30,462000.0,763.0,4.0,458000.0,36,1,4,0,1753000,2023-09-06,2023-09-12,Personal,Business Owner,Kochi,0,0,
100526,50812,21,354000.0,708.0,0.0,1003000.0,84,0,3,0,961000,2023-06-30,2023-07-04,Auto,Contract,Kochi,0,0,
100527,50282,22,549000.0,668.0,0.0,388000.0,84,1,3,0,314000,2024-04-27,2024-05-04,Education,Business Owner,Chennai,0,0,
100528,51491,38,1522000.0,687.0,18.0,1457000.0,36,0,0,0,0,2025-02-27,2025-03-09,Personal,Salaried,Hyderabad,1,1263000,12.79
100529,50469,41,263000.0,691.0,20.0,1059000.0,36,0,1,0,294000,2023-09-05,2023-09-10,Auto,Business Owner,Kochi,1,643000,13.85
100530,51235,29,374000.0,638.0,6.0,708000.0,24,0,2,0,313000,2023-11-15,2023-11-22,Home,Business Owner,Delhi,0,0,
100531,51151,44,1177000.0,728.0,25.0,700000.0,84,0,0,0,0,2025-08-21,2025-08-23,Personal,Contract,Hyderabad,1,549000,10.95
100532,51022,21,1384000.0,720.0,4.0,515000.0,36,1,5,0,1323000,2024-11-30,2024-12-02,Home,Salaried,Chennai,0,0,
100533,51341,37,573000.0,790.0,9.0,812000.0,36,1,2,0,343000,2024-06-14,2024-06-23,Business,Contract,Hyderabad,1,476000,10.08
100534,50296,26,344000.0,772.0,2.0,1274000.0,72,2,4,0,570000,2024-07-16,2024-07-20,Education,Salaried,Bengaluru,1,533000,9.95
100535,50614,31,1541000.0,645.0,12.0,475000.0,12,2,4,0,1590000,2023-05-03,2023-05-04,Auto,Self-Employed,Mumbai,0,0,
100536,51043,38,1230000.0,743.0,14.0,301000.0,12,2,5,1,904000,2025-01-19,2025-01-28,Business,Salaried,Bengaluru,0,0,
100537,50722,29,814000.0,628.0,4.0,1031000.0,36,0,1,0,302000,2023-11-15,2023-11-16,Personal,Business Owner,Kochi,0,0,
100538,50654,34,416000.0,735.0,16.0,837000.0,24,0,2,0,281000,2024-08-08,2024-08-10,Business,Self-Employed,Kochi,0,0,
100539,51315,48,587000.0,656.0,21.0,378000.0,24,1,4,0,1036000,2023-09-02,2023-09-11,Home,Business Owner,Hyderabad,0,0,
100540,50850,32,558000.0,623.0,9.0,468000.0,60,0,2,0,364000,2024-06-27,2024-06-30,Home,Self-Employed,Coimbatore,1,451000,12.53
100541,51171,46,696000.0,708.0,25.0,436000.0,60,1,2,1,427000,2023-06-02,2023-06-03,Education,Business Owner,Delhi,0,0,
100542,51113,27,1153000.0,516.0,3.0,470000.0,72,0,0,0,0,2024-10-17,2024-10-20,Business,Self-Employed,Chennai,0,0,
100543,50847,43,891000.0,576.0,24.0,586000.0,36,0,2,0,835000,2023-01-15,2023-01-24,Auto,Self-Employed,Hyderabad,1,494000,13.74
100544,50240,52,369000.0,678.0,28.0,605000.0,48,4,4,0,782000,2023-09-02,2023-09-04,Home,Business Owner,Pune,0,0,
100545,50899,21,1115000.0,695.0,5.0,489000.0,24,0,3,0,698000,2025-03-01,2025-03-06,Personal,Self-Employed,Pune,0,0,
100546,50855,30,691000.0,666.0,7.0,461000.0,48,2,2,0,477000,2024-07-20,2024-07-21,Business,Business Owner,Delhi,0,0,
100547,51458,44,817000.0,587.0,25.0,617000.0,60,2,5,0,2799000,2024-07-07,2024-07-17,Auto,Contract,Kochi,1,606000,13.12
100548,50652,36,1161000.0,637.0,17.0,768000.0,24,0,0,0,0,2025-06-17,2025-06-18,Auto,Business Owner,Delhi,1,745000,15.16
100549,51120,42,364000.0,715.0,17.0,588000.0,48,0,1,0,371000,2023-02-21,2023-02-28,Auto,Contract,Hyderabad,1,514000,13.12
100550,51011,32,590000.0,728.0,2.0,1324000.0,36,1,2,0,227000,2023-01-11,2023-01-21,Auto,Self-Employed,Hyderabad,1,827000,11.71
100551,50182,39,472000.0,689.0,18.0,926000.0,48,1,1,0,180000,2025-04-02,2025-04-12,Home,Salaried,Kochi,0,0,
100552,50860,36,296000.0,765.0,14.0,292000.0,84,1,2,0,906000,2023-08-15,2023-08-18,Education,Contract,Pune,0,0,
100553,50738,50,701000.0,716.0,,934000.0,60,4,5,0,696000,2023-04-24,2023-04-25,Business,Salaried,Delhi,1,913000,10.78
100554,50193,41,1858000.0,641.0,18.0,977000.0,24,0,2,0,521000,2024-08-26,2024-08-27,Home,Salaried,Bengaluru,0,0,
100555,51162,41,262000.0,672.0,17.0,551000.0,24,0,1,0,147000,2024-08-15,2024-08-20,Education,Business Owner,Delhi,0,0,
100556,50370,34,591000.0,599.0,20.0,308000.0,84,0,2,0,309000,2025-07-25,2025-07-28,Auto,Business Owner,Chennai,0,0,
100557,50493,33,800000.0,683.0,5.0,703000.0,24,1,3,0,1738000,2023-07-29,2023-08-02,Personal,Salaried,Mumbai,0,0,
100558,50868,34,634000.0,762.0,15.0,697000.0,36,0,2,0,716000,2025-08-08,2025-08-14,Auto,Business Owner,Pune,1,629000,10.82
100559,51269,42,570000.0,735.0,18.0,378000.0,84,2,4,0,1635000,2025-10-01,2025-10-03,Education,Salaried,Pune,0,0,
100560,50865,34,334000.0,781.0,11.0,315000.0,24,1,4,0,1480000,2024-09-02,2024-09-09,Education,Business Owner,Pune,1,271000,11.15
100561,51429,41,666000.0,670.0,18.0,667000.0,48,1,2,0,466000,2025-12-16,2025-12-21,Personal,Business Owner,Delhi,1,644000,12.16
100562,51172,59,427000.0,777.0,34.0,616000.0,12,2,2,0,354000,2025-12-22,2025-12-30,Home,Business Owner,Delhi,1,537000,9.48
100563,50370,47,224000.0,677.0,27.0,556000.0,72,1,2,1,409000,2023-12-04,2023-12-08,Personal,Salaried,Hyderabad,0,0,
100564,50657,35,1027000.0,786.0,19.0,669000.0,72,0,0,0,0,2024-12-25,2025-01-02,Auto,Self-Employed,Delhi,0,0,
100565,50116,50,924000.0,689.0,30.0,382000.0,12,1,3,1,1823000,2025-03-25,2025-03-29,Business,Business Owner,Coimbatore,0,0,
100566,51326,34,614000.0,736.0,12.0,551000.0,72,3,6,0,769000,2024-06-15,2024-06-20,Home,Business Owner,Pune,0,0,
100567,50930,21,665000.0,786.0,0.0,939000.0,36,0,2,0,379000,2025-01-28,2025-01-31,Business,Salaried,Kochi,0,0,
100568,50846,28,973000.0,677.0,8.0,577000.0,48,0,2,0,317000,2023-01-06,2023-01-10,Business,Contract,Chennai,0,0,
100569,50121,21,664000.0,704.0,8.0,279000.0,72,0,1,0,424000,2024-08-07,2024-08-16,Home,Salaried,Delhi,0,0,
100570,50958,34,901000.0,774.0,10.0,540000.0,36,1,4,0,2527000,2024-09-10,2024-09-15,Auto,Business Owner,Delhi,1,470000,11.72
100571,51251,38,525000.0,681.0,14.0,389000.0,12,1,7,0,2042000,2025-03-07,2025-03-11,Education,Business Owner,Mumbai,1,312000,12.18
100572,50731,55,1083000.0,604.0,31.0,811000.0,72,3,8,0,2432000,2023-12-22,2023-12-26,Auto,Self-Employed,Pune,0,0,
100573,50079,41,693000.0,829.0,17.0,834000.0,24,3,4,0,1047000,2023-08-07,2023-08-14,Education,Business Owner,Coimbatore,0,0,
100574,50979,36,655000.0,659.0,3.0,281000.0,12,1,3,0,933000,2024-01-02,2024-01-04,Education,Contract,Pune,0,0,
100575,51370,46,339000.0,700.0,26.0,1063000.0,12,0,2,0,736000,2025-06-07,2025-06-11,Home,Business Owner,Delhi,0,0,
100576,50140,21,683000.0,765.0,0.0,380000.0,84,3,8,0,2474000,2024-07-14,2024-07-17,Home,Business Owner,Mumbai,0,0,
100577,50821,40,413000.0,650.0,12.0,1650000.0,12,2,2,0,642000,2023-12-30,2024-01-06,Personal,Self-Employed,Mumbai,0,0,
100578,50740,46,450000.0,624.0,27.0,681000.0,36,0,3,0,1105000,2024-05-19,2024-05-23,Business,Contract,Pune,0,0,
100579,50289,23,416000.0,706.0,0.0,353000.0,60,0,1,0,103000,2023-06-26,2023-07-04,Business,Contract,Delhi,0,0,
100580,50329,49,371000.0,573.0,26.0,374000.0,36,2,2,0,501000,2025-03-23,2025-03-28,Business,Business Owner,Chennai,0,0,
100581,50872,41,1561000.0,671.0,25.0,848000.0,60,0,1,0,291000,2024-07-30,2024-08-08,Business,Contract,Bengaluru,1,804000,11.56
100582,51454,34,1092000.0,706.0,6.0,564000.0,36,4,7,0,2155000,2025-03-28,2025-04-06,Personal,Self-Employed,Kochi,0,0,
100583,50100,44,1424000.0,672.0,16.0,664000.0,84,1,4,0,918000,2025-12-13,2025-12-16,Education,Salaried,Coimbatore,1,500000,12.99
100584,51031,61,346000.0,590.0,40.0,1700000.0,72,2,2,0,542000,2025-03-29,2025-04-07,Personal,Business Owner,Pune,1,407000,12.15
100585,51195,40,620000.0,794.0,23.0,477000.0,84,2,4,0,698000,2024-04-23,2024-04-27,Home,Business Owner,Hyderabad,1,470000,10.69
100586,51287,40,335000.0,697.0,12.0,723000.0,72,1,4,0,412000,2024-12-22,2024-12-31,Auto,Contract,Mumbai,0,0,
100587,50372,33,439000.0,783.0,13.0,1528000.0,72,0,2,0,817000,2024-08-03,2024-08-05,Education,Business Owner,Coimbatore,0,0,
100588,50544,30,397000.0,673.0,10.0,812000.0,12,2,3,0,425000,2025-01-15,2025-01-20,Education,Business Owner,Chennai,0,0,
100589,50725,46,1048000.0,633.0,16.0,289000.0,24,4,7,0,1615000,2025-11-04,2025-11-10,Personal,Self-Employed,Coimbatore,0,0,
100590,50497,29,502000.0,707.0,10.0,924000.0,84,0,2,1,344000,2025-05-27,2025-05-30,Home,Salaried,Hyderabad,0,0,
100591,51083,39,970000.0,676.0,21.0,369000.0,48,1,1,0,553000,2023-05-14,2023-05-16,Home,Salaried,Hyderabad,1,313000,14.57
100592,50335,33,787000.0,613.0,10.0,1518000.0,60,1,5,0,1201000,2024-12-18,2024-12-19,Education,Contract,Chennai,0,0,
100593,50030,43,1692000.0,786.0,26.0,445000.0,36,2,2,1,428000,2025-11-13,2025-11-20,Personal,Self-Employed,Coimbatore,1,336000,11.93
100594,51284,41,308000.0,650.0,24.0,3584000.0,72,2,5,0,1817000,2024-01-12,2024-01-16,Business,Self-Employed,Pune,0,0,
100595,51161,48,1057000.0,570.0,26.0,1569000.0,24,0,1,0,735000,2024-10-13,2024-10-21,Education,Self-Employed,Bengaluru,1,947000,14.63
100596,50316,33,1005000.0,776.0,9.0,452000.0,48,1,2,0,612000,2023-06-15,2023-06-23,Business,Self-Employed,Bengaluru,1,428000,11.54
100597,50460,35,387000.0,657.0,9.0,708000.0,24,0,3,0,621000,2025-11-30,2025-12-08,Auto,Business Owner,Pune,0,0,
100598,50734,28,944000.0,650.0,6.0,1060000.0,72,0,2,1,708000,2023-09-29,2023-10-01,Home,Contract,Mumbai,0,0,
100599,51432,34,698000.0,575.0,14.0,1077000.0,84,2,4,1,456000,2025-09-16,2025-09-21,Education,Contract,Kochi,0,0,
100600,51207,42,542000.0,803.0,19.0,893000.0,84,0,0,0,0,2023-06-15,2023-06-23,Auto,Business Owner,Pune,1,854000,11.76
100601,50247,46,414000.0,606.0,15.0,1394000.0,60,2,4,0,2710000,2025-01-31,2025-02-10,Business,Contract,Delhi,0,0,
100602,51053,29,434000.0,694.0,12.0,654000.0,60,2,2,0,541000,2024-10-10,2024-10-12,Education,Self-Employed,Kochi,0,0,
100603,51334,47,1509000.0,749.0,26.0,572000.0,84,3,5,0,1319000,2025-04-24,2025-04-26,Auto,Business Owner,Mumbai,1,519000,13.59
100604,50179,52,600000.0,717.0,28.0,578000.0,84,0,2,0,505000,2024-07-04,2024-07-05,Education,Business Owner,Coimbatore,1,513000,11.62
100605,51401,42,853000.0,686.0,23.0,1122000.0,48,3,5,0,1026000,2024-08-21,2024-08-27,Auto,Salaried,Pune,0,0,
100606,50278,57,420000.0,579.0,40.0,856000.0,48,1,1,0,293000,2023-06-04,2023-06-09,Auto,Business Owner,Kochi,0,0,
100607,51300,30,422000.0,637.0,0.0,822000.0,72,1,3,0,1105000,2024-02-21,2024-02-22,Business,Salaried,Kochi,0,0,
100608,51317,26,976000.0,702.0,6.0,1084000.0,72,2,4,0,847000,2023-03-08,2023-03-16,Home,Business Owner,Delhi,1,1005000,12.57
100609,51152,21,327000.0,639.0,0.0,227000.0,60,0,2,1,144000,2024-05-31,2024-06-08,Personal,Contract,Mumbai,0,0,
100610,50307,53,498000.0,703.0,33.0,830000.0,60,2,4,0,1262000,2025-12-18,2025-12-23,Auto,Salaried,Hyderabad,1,715000,12.43
100611,51097,45,609000.0,734.0,24.0,789000.0,12,0,0,0,0,2025-10-03,2025-10-06,Home,Salaried,Chennai,0,0,
100612,50373,37,631000.0,,18.0,1753000.0,48,0,0,0,0,2024-08-10,2024-08-18,Personal,Salaried,Mumbai,0,0,
100613,50726,41,554000.0,610.0,17.0,302000.0,48,2,3,0,359000,2025-02-10,2025-02-13,Business,Salaried,Pune,0,0,
100614,50434,27,717000.0,833.0,0.0,1648000.0,84,2,4,0,1403000,2025-01-29,2025-02-02,Education,Self-Employed,Kochi,0,0,
100615,51086,62,820000.0,740.0,38.0,730000.0,60,2,3,0,1794000,2025-11-05,2025-11-12,Home,Business Owner,Kochi,1,667000,10.82
100616,51068,39,835000.0,690.0,19.0,916000.0,84,2,2,0,652000,2023-06-25,2023-07-02,Education,Self-Employed,Bengaluru,0,0,
100617,51394,39,385000.0,761.0,21.0,1760000.0,36,0,1,0,592000,2023-11-18,2023-11-22,Education,Contract,Pune,1,437000,11.9
100618,50861,45,528000.0,844.0,18.0,953000.0,12,0,2,0,744000,2023-05-16,2023-05-25,Personal,Business Owner,Hyderabad,1,772000,11.7
100619,50523,43,1027000.0,596.0,25.0,872000.0,36,2,3,0,1068000,2024-03-03,2024-03-09,Home,Self-Employed,Kochi,1,660000,13.35
100620,50694,40,897000.0,675.0,15.0,800000.0,84,0,1,1,193000,2025-07-19,2025-07-27,Auto,Business Owner,Delhi,0,0,
100621,50695,30,323000.0,535.0,9.0,537000.0,60,2,3,0,865000,2025-06-29,2025-07-06,Personal,Self-Employed,Bengaluru,0,0,
100622,50061,43,703000.0,703.0,19.0,689000.0,12,1,3,0,739000,2024-11-10,2024-11-14,Home,Contract,Mumbai,0,0,
100623,50483,57,246000.0,714.0,36.0,472000.0,12,1,3,0,726000,2023-11-18,2023-11-20,Auto,Self-Employed,Pune,0,0,
100624,51204,51,613000.0,687.0,33.0,683000.0,60,3,4,0,881000,2025-02-19,2025-02-21,Education,Contract,Mumbai,0,0,
100625,50022,54,1409000.0,647.0,27.0,194000.0,72,1,2,0,560000,2023-06-20,2023-06-28,Business,Salaried,Delhi,1,156000,13.84
100626,50515,33,392000.0,557.0,8.0,886000.0,24,2,3,0,392000,2025-07-12,2025-07-20,Business,Self-Employed,Kochi,0,0,
100627,50751,28,412000.0,714.0,7.0,655000.0,24,0,0,0,0,2023-05-09,2023-05-10,Personal,Salaried,Hyderabad,0,0,
100628,50716,37,846000.0,785.0,25.0,582000.0,48,2,3,0,484000,2024-11-10,2024-11-11,Auto,Contract,Bengaluru,1,538000,12.18
100629,51022,39,300000.0,652.0,14.0,790000.0,60,1,2,0,441000,2024-02-01,2024-02-05,Auto,Salaried,Chennai,0,0,
100630,50833,49,451000.0,719.0,35.0,318000.0,72,3,5,0,1475000,2023-03-02,2023-03-03,Business,Self-Employed,Chennai,0,0,
100631,50758,21,785000.0,588.0,7.0,2023000.0,60,2,2,0,314000,2024-04-17,2024-04-27,Auto,Business Owner,Delhi,1,1436000,12.77
100632,50683,53,451000.0,720.0,31.0,662000.0,72,1,3,1,281000,2025-01-07,2025-01-08,Home,Self-Employed,Hyderabad,0,0,
100633,50858,36,540000.0,664.0,13.0,646000.0,36,2,2,0,413000,2024-02-01,2024-02-11,Home,Salaried,Pune,0,0,
100634,50994,34,839000.0,640.0,9.0,412000.0,60,3,3,1,367000,2025-03-14,2025-03-19,Business,Salaried,Mumbai,0,0,
100635,50573,28,725000.0,641.0,6.0,709000.0,24,1,3,0,1071000,2025-08-14,2025-08-15,Education,Self-Employed,Pune,0,0,
100636,51373,21,677000.0,664.0,0.0,1501000.0,72,2,3,0,421000,2024-10-16,2024-10-26,Education,Self-Employed,Hyderabad,0,0,
100637,50673,46,515000.0,715.0,24.0,,60,1,2,1,1051000,2024-08-24,2024-08-30,Education,Self-Employed,Bengaluru,1,775000,13.68
100638,50224,39,709000.0,605.0,23.0,1120000.0,36,2,3,0,748000,2023-09-25,2023-09-29,Business,Self-Employed,Chennai,1,921000,14.63
100639,50537,25,568000.0,664.0,1.0,945000.0,48,2,5,0,1288000,2023-03-17,2023-03-27,Personal,Contract,Mumbai,1,606000,11.2
100640,50306,25,737000.0,687.0,2.0,575000.0,72,0,0,0,0,2025-12-28,2026-01-02,Auto,Business Owner,Kochi,0,0,
100641,50303,35,480000.0,619.0,6.0,315000.0,12,1,2,0,538000,2025-06-16,2025-06-25,Home,Salaried,Bengaluru,0,0,
100642,50634,55,553000.0,807.0,34.0,627000.0,72,0,2,1,480000,2025-10-28,2025-10-30,Home,Contract,Chennai,1,566000,11.18
100643,51380,35,384000.0,635.0,14.0,615000.0,48,3,7,1,914000,2025-04-01,2025-04-04,Personal,Self-Employed,Kochi,0,0,
100644,50578,23,591000.0,646.0,1.0,1246000.0,36,1,5,0,1306000,2023-03-29,2023-04-01,Auto,Self-Employed,Chennai,0,0,
100645,51293,36,417000.0,626.0,13.0,830000.0,60,0,0,0,0,2024-06-08,2024-06-17,Education,Contract,Coimbatore,0,0,
100646,50015,35,363000.0,807.0,12.0,1699000.0,24,1,7,0,1570000,2025-04-05,2025-04-08,Home,Self-Employed,Mumbai,1,859000,12.69
100647,50518,21,674000.0,726.0,1.0,1352000.0,72,1,4,0,1013000,2024-07-28,2024-08-07,Education,Salaried,Hyderabad,1,1218000,11.85
100648,50253,37,660000.0,629.0,15.0,545000.0,60,2,2,1,395000,2024-11-17,2024-11-22,Education,Salaried,Coimbatore,1,447000,13.38
100649,51109,36,853000.0,762.0,15.0,261000.0,84,1,1,0,283000,2025-09-01,2025-09-07,Business,Salaried,Chennai,1,221000,10.48
100650,50730,45,494000.0,703.0,24.0,1500000.0,72,2,2,1,479000,2024-05-20,2024-05-26,Business,Contract,Mumbai,0,0,
100651,50163,56,721000.0,707.0,38.0,1478000.0,84,2,2,0,633000,2023-03-15,2023-03-21,Auto,Self-Employed,Delhi,1,1043000,11.77
100652,51261,49,769000.0,668.0,30.0,330000.0,12,1,3,1,576000,2025-03-16,2025-03-17,Home,Contract,Delhi,0,0,
100653,51106,35,733000.0,641.0,14.0,1605000.0,24,0,2,1,294000,2024-08-03,2024-08-09,Business,Salaried,Mumbai,1,997000,12.89
100654,50774,27,414000.0,712.0,,864000.0,48,2,4,1,702000,2025-12-28,2025-12-29,Auto,Contract,Coimbatore,0,0,
100655,50590,64,642000.0,655.0,40.0,765000.0,72,1,2,0,1029000,2023-08-11,2023-08-17,Personal,Self-Employed,Bengaluru,1,666000,12.96
100656,50402,39,707000.0,808.0,22.0,1701000.0,36,3,4,0,1613000,2025-06-15,2025-06-25,Education,Self-Employed,Bengaluru,1,1288000,11.01
100657,50811,38,602000.0,607.0,18.0,1467000.0,48,2,3,0,1376000,2024-01-21,2024-01-27,Home,Business Owner,Delhi,1,889000,13.95
100658,50148,38,235000.0,790.0,9.0,1002000.0,84,2,5,0,2374000,2023-05-02,2023-05-05,Home,Business Owner,Hyderabad,0,0,
100659,50975,40,645000.0,683.0,23.0,908000.0,84,1,1,1,198000,2025-01-02,2025-01-05,Auto,Business Owner,Mumbai,1,875000,13.45
100660,51461,37,1624000.0,709.0,16.0,982000.0,12,0,1,1,290000,2025-04-02,2025-04-08,Business,Salaried,Pune,1,782000,12.75
100661,51179,32,510000.0,744.0,10.0,562000.0,84,0,2,0,519000,2024-04-01,2024-04-03,Education,Business Owner,Coimbatore,0,0,
100662,50129,33,432000.0,649.0,12.0,679000.0,72,2,2,0,695000,2023-06-13,2023-06-18,Education,Salaried,Chennai,0,0,
100663,50119,38,710000.0,746.0,15.0,426000.0,12,3,6,1,1298000,2023-04-02,2023-04-12,Home,Contract,Bengaluru,1,412000,13.11
100664,51294,33,691000.0,514.0,,583000.0,60,1,2,0,524000,2023-12-02,2023-12-05,Home,Self-Employed,Coimbatore,0,0,
100665,50416,31,1026000.0,643.0,7.0,572000.0,60,0,1,0,259000,2024-08-08,2024-08-13,Education,Contract,Hyderabad,0,0,
100666,50835,39,341000.0,630.0,22.0,494000.0,72,0,1,0,326000,2025-07-23,2025-07-26,Personal,Business Owner,Hyderabad,1,423000,12.6
100667,51034,35,834000.0,609.0,13.0,755000.0,84,0,2,1,694000,2023-11-10,2023-11-12,Auto,Business Owner,Pune,1,699000,14.23
100668,51434,53,783000.0,676.0,29.0,586000.0,60,0,2,1,524000,2024-08-24,2024-08-28,Personal,Salaried,Kochi,0,0,
100669,51247,21,563000.0,715.0,0.0,923000.0,12,1,1,1,266000,2025-09-20,2025-09-25,Business,Salaried,Mumbai,0,0,
100670,50842,49,699000.0,736.0,28.0,287000.0,24,1,3,0,840000,2025-06-28,2025-07-04,Personal,Contract,Hyderabad,0,0,
100671,50178,50,954000.0,706.0,29.0,658000.0,72,0,0,0,0,2024-07-14,2024-07-16,Personal,Contract,Hyderabad,0,0,
100672,51201,21,888000.0,647.0,1.0,753000.0,48,4,4,0,421000,2024-04-29,2024-05-02,Business,Business Owner,Pune,1,733000,14.62
100673,50544,35,359000.0,714.0,9.0,590000.0,48,2,6,0,924000,2024-10-17,2024-10-20,Auto,Salaried,Kochi,0,0,
100674,50577,34,868000.0,698.0,6.0,637000.0,36,0,1,0,350000,2024-09-18,2024-09-24,Education,Salaried,Pune,0,0,
100675,51050,24,583000.0,751.0,5.0,293000.0,36,1,2,0,572000,2023-03-07,2023-03-08,Personal,Contract,Bengaluru,0,0,
100676,51221,30,620000.0,741.0,14.0,852000.0,84,1,2,0,570000,2023-07-20,2023-07-27,Auto,Salaried,Bengaluru,0,0,
100677,51434,27,620000.0,692.0,1.0,1000000.0,24,0,0,0,0,2024-04-12,2024-04-20,Business,Contract,Hyderabad,0,0,
100678,50742,56,561000.0,632.0,40.0,918000.0,60,1,1,0,278000,2024-03-09,2024-03-16,Auto,Self-Employed,Delhi,0,0,
100679,51089,47,1026000.0,648.0,26.0,1239000.0,60,1,3,0,567000,2023-05-18,2023-05-22,Personal,Business Owner,Pune,1,1032000,12.42
100680,50396,51,578000.0,654.0,29.0,782000.0,24,0,3,1,1027000,2025-10-12,2025-10-19,Education,Salaried,Delhi,0,0,
100681,50938,45,363000.0,670.0,21.0,911000.0,84,2,3,0,758000,2025-12-11,2025-12-12,Business,Salaried,Mumbai,0,0,
100682,50183,27,503000.0,707.0,0.0,763000.0,48,1,3,0,600000,2025-03-12,2025-03-20,Business,Self-Employed,Bengaluru,0,0,
100683,50264,33,650000.0,736.0,15.0,1022000.0,60,0,1,0,353000,2025-05-11,2025-05-21,Personal,Self-Employed,Bengaluru,0,0,
100684,50027,43,1043000.0,687.0,18.0,294000.0,48,0,3,0,1039000,2023-05-16,2023-05-26,Auto,Self-Employed,Pune,0,0,
100685,51275,26,787000.0,691.0,1.0,428000.0,12,2,3,0,835000,2024-03-24,2024-03-27,Education,Contract,Delhi,0,0,
100686,50508,45,409000.0,699.0,27.0,1676000.0,72,1,3,0,1770000,2023-03-10,2023-03-19,Business,Contract,Hyderabad,0,0,
100687,50703,36,1836000.0,656.0,6.0,181000.0,36,1,4,0,1941000,2025-08-10,2025-08-11,Personal,Self-Employed,Mumbai,1,153000,10.57
100688,50128,34,676000.0,630.0,6.0,648000.0,60,0,3,1,1238000,2025-03-23,2025-03-29,Personal,Business Owner,Delhi,0,0,
100689,51440,45,1065000.0,576.0,23.0,1334000.0,36,3,3,2,2706000,2025-10-11,2025-10-12,Home,Business Owner,Delhi,0,0,
100690,50828,42,560000.0,645.0,21.0,665000.0,24,1,2,0,465000,2023-04-07,2023-04-15,Home,Salaried,Hyderabad,0,0,
100691,50419,34,763000.0,721.0,14.0,560000.0,72,1,1,0,198000,2024-01-12,2024-01-15,Auto,Contract,Chennai,1,449000,11.86
100692,51444,50,875000.0,644.0,27.0,752000.0,84,1,4,0,1538000,2025-12-12,2025-12-16,Personal,Business Owner,Chennai,0,0,
100693,50824,27,1038000.0,675.0,15.0,576000.0,12,0,2,0,441000,2023-01-09,2023-01-15,Auto,Salaried,Delhi,0,0,
100694,51253,44,966000.0,720.0,21.0,712000.0,60,3,4,0,1006000,2025-10-01,2025-10-05,Auto,Business Owner,Pune,1,637000,12.52
100695,50893,44,,724.0,21.0,481000.0,60,0,1,0,153000,2023-11-27,2023-12-05,Education,Contract,Mumbai,0,0,
100696,50544,35,521000.0,620.0,10.0,1288000.0,48,1,3,0,1016000,2023-09-08,2023-09-17,Home,Business Owner,Chennai,0,0,
100697,51103,41,464000.0,755.0,19.0,1531000.0,36,1,4,2,479000,2023-12-26,2023-12-31,Auto,Business Owner,Pune,0,0,
100698,50789,25,697000.0,763.0,5.0,650000.0,84,0,1,0,238000,2023-12-15,2023-12-16,Education,Contract,Mumbai,0,0,
100699,51080,47,913000.0,617.0,30.0,327000.0,12,1,1,0,248000,2023-05-04,2023-05-12,Education,Salaried,Chennai,0,0,
100700,50861,36,543000.0,636.0,8.0,525000.0,72,2,3,2,603000,2024-09-25,2024-09-27,Home,Salaried,Coimbatore,0,0,
100701,51078,33,969000.0,767.0,10.0,633000.0,48,0,2,0,208000,2023-07-18,2023-07-24,Home,Self-Employed,Bengaluru,1,501000,12.5
100702,51438,48,1154000.0,680.0,28.0,924000.0,72,0,3,0,310000,2025-04-08,2025-04-14,Personal,Salaried,Pune,1,699000,12.93
100703,51497,31,397000.0,546.0,11.0,402000.0,12,0,3,0,516000,2025-07-06,2025-07-13,Auto,Self-Employed,Kochi,0,0,
100704,50202,24,412000.0,599.0,2.0,459000.0,84,3,5,0,1637000,2023-01-30,2023-02-08,Education,Contract,Kochi,0,0,
100705,50223,22,563000.0,674.0,2.0,927000.0,12,1,1,0,289000,2024-08-18,2024-08-19,Personal,Salaried,Delhi,0,0,
100706,51153,44,689000.0,614.0,19.0,1173000.0,24,3,3,1,744000,2025-11-04,2025-11-14,Auto,Contract,Kochi,0,0,
100707,50330,25,474000.0,663.0,9.0,497000.0,24,1,3,1,482000,2024-10-16,2024-10-24,Auto,Salaried,Hyderabad,0,0,
100708,50881,56,1103000.0,692.0,38.0,336000.0,48,2,2,0,593000,2025-03-31,2025-04-05,Personal,Business Owner,Mumbai,1,268000,13.59
100709,51465,21,726000.0,785.0,0.0,4261000.0,48,4,6,0,610000,2024-04-04,2024-04-10,Education,Salaried,Chennai,0,0,
100710,50896,55,611000.0,671.0,29.0,1077000.0,72,1,3,1,226000,2023-01-23,2023-01-31,Personal,Business Owner,Delhi,0,0,
100711,50128,40,314000.0,760.0,14.0,604000.0,48,0,0,0,0,2023-11-22,2023-11-30,Auto,Salaried,Kochi,1,319000,9.41
100712,51165,37,332000.0,783.0,18.0,1129000.0,12,1,2,0,381000,2025-05-26,2025-06-02,Personal,Contract,Kochi,0,0,
100713,50470,33,681000.0,783.0,6.0,654000.0,60,0,1,0,415000,2024-11-15,2024-11-22,Personal,Self-Employed,Coimbatore,0,0,
100714,50582,42,230000.0,709.0,19.0,1128000.0,24,1,1,0,271000,2023-09-20,2023-09-21,Auto,Salaried,Chennai,1,465000,11.54
100715,50161,38,946000.0,562.0,18.0,764000.0,72,2,4,1,2283000,2025-03-17,2025-03-25,Home,Contract,Coimbatore,0,0,
100716,51473,49,559000.0,720.0,27.0,736000.0,72,1,3,0,570000,2024-03-08,2024-03-11,Education,Business Owner,Hyderabad,1,703000,13.81
100717,50515,39,2582000.0,758.0,18.0,658000.0,72,3,4,0,1276000,2024-07-13,2024-07-18,Auto,Business Owner,Bengaluru,1,600000,11.8
100718,51413,40,1695000.0,685.0,14.0,316000.0,84,3,5,1,1102000,2024-05-22,2024-05-26,Home,Business Owner,Kochi,0,0,
100719,50882,34,553000.0,803.0,14.0,2033000.0,60,0,2,1,998000,2023-02-18,2023-02-28,Personal,Business Owner,Delhi,0,0,
100720,50524,37,572000.0,746.0,13.0,417000.0,36,1,1,0,226000,2023-06-17,2023-06-20,Home,Contract,Bengaluru,1,314000,12.36
100721,51313,41,939000.0,727.0,18.0,331000.0,24,2,3,0,1150000,2024-03-16,2024-03-26,Auto,Salaried,Coimbatore,1,309000,12.03
100722,51051,21,,761.0,0.0,623000.0,72,0,3,0,438000,2024-08-16,2024-08-21,Auto,Business Owner,Kochi,1,508000,13.06
100723,50369,25,287000.0,712.0,3.0,413000.0,36,0,2,0,406000,2023-08-16,2023-08-19,Personal,Business Owner,Pune,0,0,
100724,51037,45,269000.0,528.0,23.0,680000.0,36,0,1,0,240000,2023-08-02,2023-08-11,Auto,Salaried,Kochi,0,0,
100725,51390,40,454000.0,658.0,15.0,1022000.0,84,0,1,1,470000,2025-05-29,2025-06-07,Business,Contract,Delhi,0,0,
100726,50123,36,780000.0,768.0,13.0,1210000.0,48,2,4,1,333000,2024-08-30,2024-09-05,Home,Business Owner,Chennai,0,0,
100727,50715,38,750000.0,638.0,16.0,1096000.0,72,2,5,1,1058000,2025-01-19,2025-01-22,Business,Self-Employed,Kochi,0,0,
100728,51278,41,971000.0,675.0,13.0,592000.0,12,1,3,1,624000,2025-11-07,2025-11-12,Business,Contract,Bengaluru,0,0,
100729,50715,33,350000.0,622.0,9.0,719000.0,60,1,2,1,177000,2024-04-11,2024-04-19,Home,Self-Employed,Chennai,0,0,
100730,50676,30,212000.0,806.0,10.0,876000.0,84,0,0,0,0,2023-12-10,2023-12-19,Auto,Contract,Kochi,0,0,
100731,51385,40,883000.0,799.0,13.0,266000.0,84,3,5,0,579000,2023-11-20,2023-11-23,Home,Business Owner,Mumbai,1,261000,11.5
100732,51210,28,413000.0,633.0,11.0,958000.0,84,2,3,0,234000,2025-12-19,2025-12-24,Personal,Contract,Kochi,0,0,
100733,50320,42,242000.0,700.0,25.0,314000.0,72,1,2,0,439000,2025-05-11,2025-05-13,Business,Contract,Kochi,1,261000,11.72
100734,51458,21,640000.0,646.0,0.0,2150000.0,36,1,2,0,431000,2025-12-08,2025-12-10,Business,Self-Employed,Chennai,0,0,
100735,50634,48,857000.0,730.0,31.0,560000.0,72,2,3,1,664000,2024-11-08,2024-11-10,Auto,Contract,Pune,0,0,
100736,50644,43,568000.0,723.0,20.0,632000.0,48,2,3,1,851000,2024-11-10,2024-11-16,Home,Contract,Mumbai,0,0,
100737,51324,41,488000.0,743.0,21.0,458000.0,12,2,3,0,483000,2025-04-27,2025-04-30,Education,Business Owner,Mumbai,0,0,
100738,50530,48,558000.0,712.0,24.0,495000.0,24,1,2,0,1224000,2024-07-29,2024-08-08,Auto,Salaried,Bengaluru,1,454000,10.78
100739,51042,55,508000.0,850.0,37.0,2445000.0,36,0,3,0,738000,2024-06-28,2024-07-03,Auto,Self-Employed,Mumbai,1,1023000,9.91
100740,51500,48,327000.0,623.0,28.0,1174000.0,72,1,2,0,951000,2023-02-27,2023-03-07,Auto,Self-Employed,Kochi,0,0,
100741,51030,21,435000.0,579.0,0.0,299000.0,48,3,5,0,540000,2023-03-05,2023-03-10,Home,Salaried,Kochi,1,286000,14.22
100742,51211,25,759000.0,664.0,0.0,1601000.0,72,2,3,0,494000,2025-06-17,2025-06-19,Auto,Self-Employed,Chennai,0,0,
100743,50043,32,693000.0,588.0,4.0,1349000.0,72,1,3,0,1057000,2023-05-05,2023-05-11,Personal,Business Owner,Delhi,0,0,
100744,51274,38,647000.0,593.0,17.0,600000.0,72,0,3,0,670000,2023-03-02,2023-03-04,Personal,Contract,Hyderabad,1,512000,13.28
100745,51221,43,383000.0,625.0,23.0,829000.0,72,2,3,0,439000,2024-01-15,2024-01-23,Business,Contract,Pune,1,684000,11.77
100746,51008,31,553000.0,630.0,12.0,694000.0,48,2,3,0,299000,2025-09-04,2025-09-06,Business,Business Owner,Chennai,1,672000,13.93
100747,51227,40,225000.0,628.0,18.0,2071000.0,48,1,3,0,1082000,2023-03-07,2023-03-14,Home,Self-Employed,Coimbatore,0,0,
100748,50777,30,650000.0,724.0,3.0,452000.0,24,0,1,1,346000,2025-03-08,2025-03-12,Education,Contract,Delhi,1,404000,11.91
100749,50189,32,1141000.0,657.0,7.0,759000.0,12,2,3,2,847000,2025-01-24,2025-01-28,Business,Salaried,Coimbatore,0,0,
100750,50847,24,309000.0,678.0,7.0,553000.0,60,2,3,0,585000,2024-09-23,2024-10-01,Business,Contract,Chennai,0,0,
100751,50473,29,461000.0,748.0,5.0,318000.0,60,1,3,0,430000,2025-08-15,2025-08-19,Business,Business Owner,Coimbatore,0,0,
100752,50273,24,696000.0,,3.0,2337000.0,36,0,1,0,243000,2023-08-15,2023-08-23,Business,Contract,Hyderabad,0,0,
100753,50690,28,1054000.0,673.0,2.0,365000.0,12,7,8,0,1036000,2023-07-11,2023-07-20,Auto,Business Owner,Coimbatore,0,0,
100754,50949,49,490000.0,714.0,28.0,790000.0,36,0,2,1,343000,2025-01-21,2025-01-29,Business,Self-Employed,Bengaluru,0,0,
100755,51114,29,439000.0,564.0,5.0,269000.0,60,2,4,3,1879000,2025-08-13,2025-08-17,Home,Salaried,Delhi,0,0,
100756,50270,64,247000.0,535.0,40.0,562000.0,24,1,3,0,297000,2023-04-09,2023-04-14,Auto,Business Owner,Delhi,0,0,
100757,50551,43,629000.0,712.0,24.0,883000.0,72,1,1,1,351000,2023-12-10,2023-12-16,Auto,Salaried,Kochi,1,759000,11.12
100758,51144,40,1504000.0,722.0,16.0,445000.0,12,0,2,0,1055000,2023-08-31,2023-09-09,Home,Self-Employed,Delhi,0,0,
100759,50567,29,680000.0,824.0,6.0,967000.0,12,0,2,0,752000,2023-01-20,2023-01-25,Education,Self-Employed,Hyderabad,0,0,
100760,51264,45,594000.0,700.0,21.0,604000.0,36,0,0,0,0,2023-12-25,2023-12-27,Business,Business Owner,Delhi,1,541000,14.74
100761,51289,32,694000.0,743.0,4.0,1325000.0,84,1,3,0,595000,2024-03-08,2024-03-15,Personal,Contract,Bengaluru,0,0,
100762,51215,39,597000.0,677.0,14.0,1480000.0,36,0,2,0,362000,2025-09-26,2025-10-02,Education,Salaried,Bengaluru,0,0,
100763,51307,64,416000.0,709.0,40.0,507000.0,24,0,5,1,406000,2024-09-02,2024-09-05,Business,Contract,Kochi,1,409000,13.0
100764,50675,37,869000.0,798.0,16.0,730000.0,12,2,3,1,764000,2024-05-01,2024-05-09,Personal,Salaried,Delhi,1,729000,12.23
100765,50859,49,664000.0,552.0,28.0,774000.0,84,1,3,0,613000,2023-11-26,2023-11-29,Auto,Self-Employed,Hyderabad,0,0,
100766,50464,31,605000.0,717.0,8.0,984000.0,60,2,5,1,882000,2023-07-04,2023-07-14,Auto,Self-Employed,Kochi,0,0,
100767,50828,38,387000.0,829.0,20.0,706000.0,60,1,1,0,248000,2023-12-01,2023-12-05,Auto,Self-Employed,Kochi,0,0,
100768,50798,56,,708.0,34.0,777000.0,48,0,1,0,258000,2024-05-20,2024-05-29,Business,Contract,Pune,1,695000,12.63
100769,51114,32,809000.0,797.0,13.0,612000.0,60,2,3,1,546000,2024-04-07,2024-04-11,Home,Self-Employed,Bengaluru,0,0,
100770,50359,56,468000.0,649.0,27.0,746000.0,72,1,3,0,1680000,2025-09-21,2025-09-23,Auto,Contract,Kochi,1,429000,11.55
100771,50380,45,942000.0,688.0,7.0,1429000.0,72,3,6,0,2161000,2023-01-03,2023-01-12,Auto,Self-Employed,Coimbatore,0,0,
100772,50167,32,480000.0,692.0,11.0,999000.0,48,1,3,0,1174000,2024-10-30,2024-11-09,Auto,Contract,Chennai,0,0,
100773,50692,44,422000.0,546.0,16.0,1029000.0,48,1,1,0,237000,2023-06-24,2023-07-02,Business,Business Owner,Hyderabad,1,881000,13.54
100774,50616,48,426000.0,614.0,,1042000.0,36,0,1,1,323000,2025-09-26,2025-09-30,Personal,Business Owner,Kochi,1,807000,12.91
100775,50570,44,270000.0,619.0,21.0,643000.0,60,1,2,0,319000,2023-10-25,2023-10-31,Education,Salaried,Delhi,0,0,
100776,51228,22,742000.0,743.0,6.0,834000.0,48,1,2,1,698000,2023-04-28,2023-05-04,Auto,Contract,Kochi,0,0,
100777,50126,31,263000.0,747.0,11.0,385000.0,84,1,2,0,451000,2025-02-27,2025-03-01,Education,Contract,Chennai,1,336000,12.11
100778,51489,36,345000.0,711.0,15.0,1407000.0,60,0,1,0,150000,2024-10-03,2024-10-12,Home,Business Owner,Hyderabad,0,0,
100779,50345,37,236000.0,744.0,18.0,151000.0,60,1,2,0,494000,2023-07-25,2023-07-31,Home,Business Owner,Hyderabad,1,119000,11.6
100780,50669,44,577000.0,679.0,23.0,667000.0,60,1,2,0,432000,2025-11-24,2025-11-29,Home,Business Owner,Bengaluru,1,651000,11.1
100781,50767,40,561000.0,768.0,16.0,1311000.0,24,1,1,0,799000,2023-01-30,2023-02-01,Auto,Salaried,Kochi,0,0,
100782,51450,25,518000.0,691.0,7.0,331000.0,48,1,3,0,932000,2025-07-30,2025-08-09,Education,Business Owner,Chennai,0,0,
100783,50540,42,375000.0,694.0,16.0,872000.0,72,1,2,0,1102000,2025-04-02,2025-04-03,Personal,Salaried,Pune,0,0,
100784,50211,44,354000.0,673.0,23.0,481000.0,60,4,5,1,2201000,2023-09-14,2023-09-21,Business,Salaried,Delhi,0,0,
100785,51001,44,739000.0,734.0,16.0,571000.0,84,0,2,1,510000,2023-07-01,2023-07-05,Education,Business Owner,Coimbatore,0,0,
100786,50266,49,468000.0,663.0,28.0,1178000.0,36,4,6,1,1202000,2023-07-27,2023-08-03,Business,Business Owner,Chennai,0,0,
100787,51291,46,692000.0,753.0,25.0,781000.0,24,2,3,1,314000,2025-05-28,2025-06-02,Education,Business Owner,Hyderabad,0,0,
100788,50970,43,403000.0,616.0,28.0,229000.0,48,3,3,0,485000,2023-12-08,2023-12-09,Auto,Contract,Coimbatore,0,0,
100789,50254,37,651000.0,619.0,9.0,409000.0,12,2,4,0,1393000,2024-01-13,2024-01-18,Personal,Self-Employed,Bengaluru,0,0,
100790,51212,21,1079000.0,735.0,0.0,1197000.0,48,1,1,1,215000,2024-02-15,2024-02-19,Auto,Contract,Coimbatore,1,1105000,13.02
100791,50030,42,781000.0,684.0,23.0,896000.0,24,0,2,0,603000,2024-01-18,2024-01-19,Home,Salaried,Kochi,1,732000,13.09
100792,51329,40,498000.0,660.0,19.0,1831000.0,36,1,1,1,91000,2025-04-16,2025-04-26,Personal,Salaried,Coimbatore,1,933000,11.96
100793,50967,41,674000.0,748.0,20.0,1766000.0,84,2,3,0,941000,2024-07-24,2024-07-26,Education,Self-Employed,Chennai,1,784000,11.57
100794,51477,25,538000.0,651.0,0.0,580000.0,24,1,3,1,1298000,2024-01-04,2024-01-13,Auto,Self-Employed,Hyderabad,0,0,
100795,50788,27,602000.0,677.0,3.0,2773000.0,60,1,3,1,309000,2023-10-07,2023-10-08,Business,Business Owner,Hyderabad,0,0,
100796,50699,49,518000.0,781.0,32.0,709000.0,72,0,1,0,301000,2023-03-13,2023-03-23,Auto,Contract,Hyderabad,0,0,
100797,50030,38,557000.0,790.0,16.0,412000.0,72,2,2,0,979000,2024-09-14,2024-09-18,Auto,Contract,Mumbai,1,310000,12.54
100798,50161,45,660000.0,792.0,25.0,494000.0,24,3,4,0,2316000,2024-05-19,2024-05-27,Education,Contract,Bengaluru,0,0,
100799,51447,38,384000.0,672.0,16.0,202000.0,12,1,1,1,194000,2025-08-07,2025-08-12,Education,Self-Employed,Chennai,0,0,
100800,50347,38,380000.0,770.0,11.0,1694000.0,12,1,6,0,2215000,2023-04-16,2023-04-26,Home,Contract,Kochi,1,941000,11.37
100801,51246,47,321000.0,628.0,29.0,1683000.0,84,1,1,1,511000,2023-06-08,2023-06-15,Personal,Self-Employed,Hyderabad,0,0,
100802,51212,33,292000.0,631.0,13.0,400000.0,60,0,1,0,306000,2023-01-14,2023-01-16,Auto,Contract,Coimbatore,0,0,
100803,51449,39,347000.0,537.0,26.0,618000.0,60,0,1,0,475000,2023-01-05,2023-01-09,Business,Self-Employed,Mumbai,0,0,
100804,50965,33,645000.0,799.0,7.0,738000.0,12,4,4,0,982000,2025-10-15,2025-10-19,Education,Contract,Bengaluru,0,0,
100805,51230,34,401000.0,634.0,15.0,413000.0,72,2,4,0,1218000,2023-07-30,2023-07-31,Education,Salaried,Hyderabad,1,371000,13.53
100806,51395,35,756000.0,682.0,8.0,267000.0,36,1,1,0,183000,2023-11-23,2023-12-01,Home,Self-Employed,Mumbai,1,259000,12.97
100807,50474,40,609000.0,631.0,19.0,624000.0,84,2,3,1,691000,2025-05-07,2025-05-10,Personal,Business Owner,Kochi,0,0,
100808,51416,33,247000.0,735.0,15.0,587000.0,72,2,3,0,932000,2024-04-10,2024-04-14,Home,Salaried,Delhi,0,0,
100809,50509,51,806000.0,666.0,21.0,565000.0,84,3,6,0,1059000,2025-01-15,2025-01-17,Education,Salaried,Bengaluru,1,525000,13.25
100810,50057,29,864000.0,605.0,6.0,791000.0,72,1,2,0,447000,2023-06-26,2023-07-06,Business,Self-Employed,Pune,0,0,
100811,51091,36,384000.0,719.0,12.0,1537000.0,24,2,4,0,1463000,2023-05-12,2023-05-17,Home,Contract,Pune,0,0,
100812,50028,34,,597.0,9.0,593000.0,12,0,4,0,2791000,2025-02-15,2025-02-20,Auto,Contract,Coimbatore,0,0,
100813,50654,52,408000.0,636.0,32.0,769000.0,60,3,5,1,449000,2024-02-20,2024-02-23,Education,Self-Employed,Delhi,1,669000,12.64
100814,50232,40,627000.0,553.0,22.0,1044000.0,60,0,2,0,1343000,2023-12-10,2023-12-18,Education,Contract,Mumbai,1,1041000,16.25
100815,51131,48,340000.0,597.0,25.0,949000.0,36,0,2,0,439000,2024-04-29,2024-04-30,Home,Contract,Chennai,0,0,
100816,51161,23,268000.0,702.0,2.0,499000.0,48,1,2,0,810000,2024-07-31,2024-08-02,Business,Contract,Delhi,1,489000,12.57
100817,51402,41,505000.0,562.0,19.0,738000.0,60,3,3,0,1340000,2023-12-11,2023-12-12,Home,Self-Employed,Bengaluru,1,439000,12.97
100818,50659,47,568000.0,594.0,25.0,946000.0,36,3,4,0,2186000,2024-04-19,2024-04-25,Business,Self-Employed,Mumbai,0,0,
100819,51415,39,502000.0,690.0,13.0,376000.0,12,0,0,0,0,2024-06-08,2024-06-12,Education,Business Owner,Kochi,0,0,
100820,50895,49,352000.0,655.0,31.0,1403000.0,48,2,2,0,447000,2023-02-15,2023-02-25,Home,Contract,Mumbai,1,539000,12.28
100821,50691,33,501000.0,819.0,12.0,1538000.0,12,2,4,0,974000,2025-09-07,2025-09-08,Personal,Contract,Bengaluru,0,0,
100822,50076,52,677000.0,809.0,32.0,470000.0,36,1,3,0,627000,2023-01-23,2023-01-30,Home,Self-Employed,Mumbai,1,450000,11.89
100823,50455,61,588000.0,634.0,36.0,779000.0,84,2,3,0,1450000,2023-03-08,2023-03-17,Home,Business Owner,Mumbai,0,0,
100824,50345,34,651000.0,726.0,10.0,997000.0,12,3,3,0,722000,2024-09-17,2024-09-22,Personal,Self-Employed,Bengaluru,0,0,
100825,50590,34,444000.0,739.0,11.0,519000.0,24,2,3,1,334000,2023-07-25,2023-08-01,Personal,Self-Employed,Kochi,0,0,
100826,50715,53,1017000.0,651.0,25.0,912000.0,36,1,2,1,364000,2023-09-15,2023-09-19,Auto,Business Owner,Delhi,1,752000,13.53
100827,50459,54,353000.0,593.0,25.0,766000.0,48,0,0,0,0,2024-06-29,2024-07-03,Personal,Self-Employed,Coimbatore,0,0,
100828,50903,33,747000.0,689.0,9.0,312000.0,84,1,3,0,669000,2025-03-18,2025-03-22,Business,Salaried,Pune,0,0,
100829,51387,34,1021000.0,679.0,14.0,901000.0,60,2,4,1,1400000,2023-09-10,2023-09-15,Auto,Business Owner,Chennai,1,740000,10.84
100830,50574,35,745000.0,662.0,10.0,382000.0,12,2,6,0,1081000,2023-06-02,2023-06-10,Business,Contract,Bengaluru,0,0,
100831,50143,25,548000.0,719.0,0.0,1173000.0,36,0,0,0,0,2023-03-18,2023-03-22,Auto,Contract,Hyderabad,1,1017000,10.76
100832,50579,29,473000.0,641.0,4.0,484000.0,12,1,1,0,218000,2024-12-03,2024-12-10,Auto,Business Owner,Mumbai,0,0,
100833,50821,28,956000.0,615.0,4.0,641000.0,72,2,5,0,1341000,2024-06-23,2024-07-02,Business,Contract,Delhi,0,0,
100834,50937,30,316000.0,697.0,7.0,1489000.0,36,1,1,0,324000,2024-12-25,2024-12-31,Education,Salaried,Chennai,0,0,
100835,51169,38,388000.0,715.0,25.0,920000.0,72,1,3,0,1123000,2024-01-04,2024-01-08,Education,Contract,Chennai,0,0,
100836,50369,40,502000.0,614.0,22.0,387000.0,36,2,2,2,1544000,2024-07-21,2024-07-26,Home,Business Owner,Bengaluru,0,0,
100837,51452,54,1047000.0,750.0,36.0,401000.0,72,1,2,0,532000,2024-09-15,2024-09-23,Education,Self-Employed,Hyderabad,1,337000,9.85
100838,50967,28,712000.0,575.0,11.0,503000.0,48,0,3,0,1084000,2023-06-04,2023-06-08,Home,Business Owner,Hyderabad,0,0,
100839,50715,48,388000.0,652.0,22.0,870000.0,12,3,4,0,452000,2025-03-04,2025-03-08,Education,Business Owner,Coimbatore,1,341000,12.14
100840,50253,36,522000.0,673.0,9.0,852000.0,12,2,4,0,827000,2023-09-28,2023-10-05,Home,Salaried,Hyderabad,0,0,
100841,50960,38,455000.0,649.0,12.0,440000.0,84,1,2,0,437000,2024-07-15,2024-07-21,Home,Contract,Pune,1,353000,12.0
100842,50622,45,436000.0,,28.0,368000.0,36,1,1,0,150000,2025-12-27,2025-12-28,Personal,Business Owner,Bengaluru,1,291000,13.28
100843,51172,27,932000.0,812.0,3.0,817000.0,24,1,3,0,574000,2023-05-12,2023-05-21,Home,Contract,Chennai,0,0,
100844,51151,42,324000.0,635.0,15.0,633000.0,60,1,3,0,711000,2025-04-24,2025-04-29,Business,Self-Employed,Chennai,0,0,
100845,50897,40,1238000.0,849.0,16.0,2293000.0,60,4,4,0,777000,2023-09-22,2023-10-02,Business,Business Owner,Hyderabad,1,1143000,11.13
100846,50352,43,871000.0,718.0,20.0,714000.0,24,1,3,0,2754000,2023-08-08,2023-08-10,Home,Business Owner,Mumbai,1,556000,12.04
100847,50121,41,980000.0,696.0,20.0,1899000.0,48,0,3,0,969000,2025-06-17,2025-06-22,Business,Contract,Delhi,0,0,
100848,50374,63,487000.0,721.0,40.0,368000.0,84,1,3,0,2040000,2025-07-25,2025-08-02,Education,Salaried,Kochi,0,0,
100849,50341,32,561000.0,850.0,7.0,295000.0,72,3,5,0,2637000,2025-09-15,2025-09-21,Business,Salaried,Kochi,1,242000,10.13
100850,50031,33,315000.0,625.0,14.0,378000.0,24,2,4,0,726000,2023-10-16,2023-10-24,Personal,Contract,Pune,0,0,
100851,50785,32,474000.0,617.0,7.0,1346000.0,72,0,0,0,0,2025-01-20,2025-01-25,Business,Business Owner,Delhi,0,0,
100852,51369,32,749000.0,641.0,9.0,1839000.0,24,1,6,0,1207000,2023-11-16,2023-11-20,Education,Self-Employed,Coimbatore,0,0,
100853,50204,32,1075000.0,692.0,13.0,455000.0,48,1,1,0,231000,2023-11-14,2023-11-24,Education,Salaried,Hyderabad,1,393000,11.48
100854,51396,50,365000.0,578.0,25.0,543000.0,36,0,1,0,153000,2024-05-01,2024-05-04,Home,Salaried,Pune,1,541000,14.41
100855,50412,52,509000.0,691.0,28.0,368000.0,72,4,5,0,1002000,2024-08-10,2024-08-12,Auto,Self-Employed,Bengaluru,1,279000,11.39
100856,50561,32,561000.0,800.0,12.0,258000.0,12,1,2,0,598000,2023-02-08,2023-02-17,Education,Salaried,Coimbatore,1,238000,12.35
100857,50602,30,320000.0,700.0,5.0,1039000.0,84,1,1,0,295000,2025-07-31,2025-08-01,Home,Contract,Kochi,0,0,
100858,51252,43,783000.0,671.0,19.0,791000.0,72,2,3,0,851000,2023-04-15,2023-04-25,Home,Business Owner,Pune,0,0,
100859,50823,32,433000.0,650.0,12.0,704000.0,72,1,5,1,1213000,2024-05-21,2024-05-23,Business,Salaried,Kochi,0,0,
100860,50904,44,549000.0,748.0,30.0,324000.0,60,1,2,1,769000,2024-07-23,2024-07-29,Business,Self-Employed,Hyderabad,0,0,
100861,51056,40,490000.0,636.0,20.0,1725000.0,72,3,3,0,660000,2023-11-25,2023-12-01,Home,Contract,Coimbatore,0,0,
100862,50691,23,421000.0,810.0,3.0,,60,1,4,0,2005000,2025-09-10,2025-09-11,Personal,Contract,Mumbai,0,0,
100863,50346,53,598000.0,816.0,33.0,939000.0,60,2,2,1,199000,2023-11-04,2023-11-12,Home,Contract,Bengaluru,0,0,
100864,51221,56,545000.0,707.0,30.0,315000.0,24,1,5,0,1736000,2023-08-10,2023-08-14,Business,Contract,Hyderabad,0,0,
100865,50747,32,508000.0,689.0,10.0,630000.0,36,1,1,0,319000,2024-10-17,2024-10-24,Education,Business Owner,Chennai,0,0,
100866,50294,34,432000.0,757.0,12.0,822000.0,36,0,0,0,0,2025-11-16,2025-11-26,Personal,Contract,Bengaluru,1,625000,11.53
100867,50774,41,693000.0,,20.0,838000.0,72,1,1,1,209000,2024-11-03,2024-11-12,Auto,Contract,Mumbai,0,0,
100868,50122,41,1263000.0,638.0,19.0,762000.0,24,0,1,0,315000,2023-05-31,2023-06-02,Education,Contract,Pune,0,0,
100869,50375,45,639000.0,656.0,25.0,919000.0,48,2,5,0,1976000,2023-06-22,2023-06-29,Business,Self-Employed,Kochi,0,0,
100870,50966,58,939000.0,604.0,35.0,376000.0,48,4,6,0,625000,2024-12-23,2024-12-24,Education,Self-Employed,Mumbai,1,334000,14.16
100871,50016,36,321000.0,717.0,14.0,780000.0,36,1,4,1,1369000,2025-09-05,2025-09-08,Education,Self-Employed,Chennai,0,0,
100872,50438,30,644000.0,733.0,3.0,745000.0,24,0,0,0,0,2025-11-11,2025-11-15,Business,Self-Employed,Delhi,0,0,
100873,50349,24,366000.0,602.0,1.0,795000.0,72,3,4,0,1755000,2025-03-20,2025-03-23,Education,Salaried,Bengaluru,0,0,
100874,50210,31,309000.0,660.0,15.0,728000.0,60,2,2,0,199000,2025-05-26,2025-06-03,Home,Contract,Hyderabad,0,0,
100875,50160,38,430000.0,602.0,17.0,348000.0,84,2,5,0,4245000,2024-09-12,2024-09-19,Personal,Salaried,Chennai,0,0,
100876,51309,56,,632.0,34.0,339000.0,12,2,8,0,1284000,2023-02-16,2023-02-19,Business,Salaried,Kochi,0,0,
100877,51076,33,920000.0,726.0,19.0,207000.0,36,1,1,0,511000,2025-06-08,2025-06-15,Personal,Salaried,Delhi,0,0,
100878,51105,40,669000.0,642.0,13.0,1097000.0,60,2,2,0,483000,2025-04-19,2025-04-21,Home,Business Owner,Hyderabad,1,1032000,11.53
100879,50880,38,301000.0,670.0,12.0,1104000.0,36,0,3,2,498000,2024-07-23,2024-07-26,Business,Contract,Coimbatore,0,0,
100880,50381,50,549000.0,584.0,35.0,1113000.0,84,0,0,0,0,2024-06-21,2024-06-28,Home,Contract,Hyderabad,1,944000,14.79
100881,51376,63,687000.0,702.0,40.0,829000.0,12,2,3,0,1255000,2023-02-13,2023-02-23,Auto,Salaried,Coimbatore,0,0,
100882,51309,33,649000.0,687.0,10.0,217000.0,72,1,3,0,345000,2024-08-19,2024-08-24,Auto,Self-Employed,Hyderabad,0,0,
100883,50861,33,262000.0,643.0,6.0,398000.0,48,0,1,1,355000,2023-01-22,2023-01-31,Auto,Business Owner,Kochi,0,0,
100884,50387,48,402000.0,678.0,28.0,769000.0,36,1,5,0,1242000,2023-08-14,2023-08-22,Personal,Salaried,Coimbatore,1,327000,12.22
100885,51459,45,583000.0,702.0,25.0,754000.0,72,0,0,0,0,2024-07-02,2024-07-08,Auto,Salaried,Bengaluru,0,0,
100886,51068,56,764000.0,637.0,30.0,619000.0,24,4,5,0,1257000,2024-01-09,2024-01-13,Auto,Business Owner,Kochi,0,0,
100887,50793,44,223000.0,594.0,21.0,857000.0,48,1,4,1,751000,2024-09-04,2024-09-07,Home,Salaried,Delhi,0,0,
100888,50662,34,558000.0,807.0,11.0,705000.0,48,1,2,1,287000,2024-10-15,2024-10-21,Education,Contract,Mumbai,0,0,
100889,51194,44,640000.0,649.0,23.0,748000.0,60,0,1,0,350000,2025-10-24,2025-11-02,Education,Self-Employed,Bengaluru,0,0,
100890,50075,49,879000.0,684.0,23.0,493000.0,24,0,3,0,1047000,2023-01-24,2023-01-29,Auto,Self-Employed,Chennai,0,0,
100891,51032,46,820000.0,756.0,29.0,1201000.0,72,4,5,0,1741000,2025-04-12,2025-04-19,Education,Self-Employed,Bengaluru,1,1044000,11.94
100892,51499,43,780000.0,850.0,25.0,552000.0,36,3,3,0,929000,2024-06-22,2024-06-29,Auto,Self-Employed,Bengaluru,0,0,
100893,51196,49,419000.0,609.0,26.0,337000.0,84,1,2,0,802000,2024-01-07,2024-01-14,Auto,Salaried,Mumbai,0,0,
100894,51006,50,254000.0,719.0,27.0,458000.0,36,0,3,0,1515000,2025-07-01,2025-07-10,Personal,Self-Employed,Pune,0,0,
100895,51461,52,503000.0,644.0,29.0,578000.0,24,3,3,0,293000,2025-12-28,2025-12-30,Business,Salaried,Bengaluru,0,0,
100896,50637,44,942000.0,655.0,19.0,1209000.0,48,2,3,0,233000,2025-01-27,2025-02-04,Education,Contract,Chennai,1,927000,11.77
100897,50726,36,1123000.0,643.0,12.0,684000.0,36,3,3,0,1771000,2025-02-24,2025-02-26,Auto,Salaried,Bengaluru,1,532000,12.24
100898,51475,39,826000.0,617.0,16.0,632000.0,36,1,1,0,128000,2025-10-10,2025-10-11,Education,Salaried,Bengaluru,0,0,
100899,50795,50,728000.0,687.0,34.0,352000.0,36,1,2,0,290000,2023-02-09,2023-02-19,Personal,Salaried,Bengaluru,1,336000,12.24
100900,50647,30,712000.0,594.0,12.0,1078000.0,12,1,4,0,866000,2025-11-28,2025-12-04,Personal,Business Owner,Delhi,0,0,
100901,50892,42,467000.0,752.0,24.0,489000.0,24,0,3,0,328000,2025-12-15,2025-12-17,Auto,Business Owner,Kochi,0,0,
100902,50859,34,566000.0,694.0,13.0,663000.0,12,2,4,0,826000,2025-06-03,2025-06-08,Education,Business Owner,Bengaluru,1,493000,10.25
100903,50495,38,1272000.0,717.0,12.0,1580000.0,12,2,2,0,311000,2025-01-14,2025-01-15,Education,Contract,Mumbai,0,0,
100904,51483,51,393000.0,660.0,29.0,926000.0,60,3,7,0,1557000,2024-07-19,2024-07-26,Education,Self-Employed,Delhi,0,0,
100905,50185,40,1241000.0,666.0,22.0,286000.0,36,1,2,1,575000,2023-10-29,2023-10-30,Personal,Salaried,Mumbai,0,0,
100906,50729,38,519000.0,709.0,11.0,265000.0,12,1,3,0,632000,2025-08-19,2025-08-27,Home,Salaried,Chennai,1,239000,11.24
100907,51191,24,1089000.0,614.0,5.0,676000.0,24,1,1,0,205000,2025-07-22,2025-07-27,Home,Self-Employed,Pune,0,0,
100908,51331,45,319000.0,667.0,32.0,359000.0,60,1,3,1,853000,2024-07-08,2024-07-13,Education,Business Owner,Chennai,0,0,
100909,50277,44,781000.0,634.0,26.0,1000000.0,60,1,3,0,1264000,2023-01-04,2023-01-07,Education,Contract,Chennai,0,0,
100910,51114,60,431000.0,632.0,40.0,716000.0,72,2,3,1,1672000,2025-05-30,2025-06-01,Business,Salaried,Pune,0,0,
100911,51243,35,317000.0,553.0,14.0,767000.0,84,0,0,0,0,2024-02-14,2024-02-20,Auto,Self-Employed,Bengaluru,0,0,
100912,51465,40,662000.0,777.0,22.0,475000.0,48,0,2,0,1245000,2023-09-22,2023-09-26,Personal,Business Owner,Kochi,1,357000,11.11
100913,50691,40,945000.0,645.0,15.0,1824000.0,48,2,2,0,775000,2023-01-15,2023-01-25,Business,Contract,Pune,1,868000,11.19
100914,50621,54,410000.0,766.0,35.0,3343000.0,60,0,2,0,270000,2023-03-29,2023-04-02,Education,Self-Employed,Hyderabad,1,547000,10.73
100915,50398,37,306000.0,759.0,18.0,601000.0,24,0,1,0,133000,2023-04-09,2023-04-15,Home,Self-Employed,Delhi,0,0,
100916,51495,41,576000.0,606.0,20.0,850000.0,12,1,2,0,375000,2025-10-04,2025-10-06,Home,Salaried,Bengaluru,0,0,
100917,51434,44,577000.0,619.0,27.0,739000.0,48,1,2,0,1030000,2023-08-05,2023-08-07,Business,Contract,Kochi,0,0,
100918,50918,40,768000.0,850.0,16.0,607000.0,12,0,2,0,389000,2024-02-14,2024-02-24,Home,Contract,Hyderabad,1,482000,11.71
100919,50284,34,920000.0,804.0,11.0,443000.0,84,0,1,0,97000,2023-07-10,2023-07-20,Home,Business Owner,Chennai,0,0,
100920,50231,40,584000.0,688.0,18.0,385000.0,24,2,2,0,446000,2024-09-08,2024-09-12,Auto,Business Owner,Bengaluru,1,354000,12.18
100921,50824,49,1383000.0,707.0,23.0,375000.0,12,2,4,0,371000,2025-11-16,2025-11-22,Education,Salaried,Pune,0,0,
100922,51045,28,664000.0,649.0,7.0,875000.0,60,1,1,0,148000,2024-08-17,2024-08-19,Business,Contract,Pune,1,586000,13.76
100923,50938,39,513000.0,718.0,10.0,526000.0,48,2,3,0,559000,2023-08-18,2023-08-25,Personal,Business Owner,Delhi,0,0,
100924,50276,31,291000.0,643.0,13.0,170000.0,24,1,3,0,808000,2025-03-10,2025-03-18,Personal,Contract,Kochi,0,0,
100925,50479,50,533000.0,558.0,28.0,894000.0,60,1,6,0,2503000,2024-06-13,2024-06-22,Education,Self-Employed,Kochi,0,0,
100926,50347,23,516000.0,604.0,0.0,685000.0,84,1,4,1,1415000,2023-03-12,2023-03-18,Personal,Self-Employed,Pune,0,0,
100927,50975,32,924000.0,691.0,7.0,1468000.0,24,0,3,0,416000,2023-04-27,2023-04-29,Home,Self-Employed,Kochi,0,0,
100928,50895,42,739000.0,616.0,19.0,859000.0,84,0,1,0,208000,2023-04-10,2023-04-16,Auto,Contract,Pune,0,0,
100929,50172,54,353000.0,686.0,35.0,310000.0,72,0,3,1,779000,2024-08-22,2024-08-30,Business,Salaried,Chennai,0,0,
100930,50543,37,648000.0,620.0,17.0,205000.0,48,1,3,0,658000,2025-05-09,2025-05-19,Business,Business Owner,Mumbai,0,0,
100931,51033,32,812000.0,639.0,7.0,471000.0,12,1,1,0,219000,2023-10-22,2023-10-23,Home,Salaried,Chennai,0,0,
100932,50818,57,1193000.0,745.0,32.0,496000.0,24,5,7,0,740000,2025-10-01,2025-10-07,Education,Salaried,Bengaluru,1,489000,12.54
100933,50979,24,895000.0,706.0,5.0,1176000.0,48,1,3,0,421000,2024-09-25,2024-09-26,Auto,Salaried,Kochi,0,0,
100934,50544,21,845000.0,689.0,0.0,697000.0,72,1,1,0,204000,2023-02-26,2023-03-04,Personal,Salaried,Mumbai,1,602000,13.85
100935,50202,42,616000.0,747.0,20.0,1306000.0,72,1,2,0,106000,2025-11-02,2025-11-12,Business,Business Owner,Pune,0,0,
100936,51204,33,715000.0,721.0,11.0,338000.0,60,1,3,0,1033000,2023-07-12,2023-07-16,Business,Self-Employed,Mumbai,1,270000,10.47
100937,50717,28,1053000.0,784.0,7.0,1190000.0,48,3,4,0,503000,2025-09-20,2025-09-23,Education,Self-Employed,Hyderabad,1,1117000,10.79
100938,50539,45,329000.0,660.0,26.0,1041000.0,12,1,3,0,1057000,2025-11-12,2025-11-15,Auto,Self-Employed,Coimbatore,1,747000,12.38
100939,50383,40,513000.0,662.0,13.0,231000.0,84,1,3,0,1012000,2023-01-30,2023-02-03,Personal,Contract,Mumbai,0,0,
100940,51418,32,424000.0,605.0,2.0,1449000.0,48,0,3,1,571000,2023-11-06,2023-11-09,Business,Contract,Kochi,0,0,
100941,50988,25,712000.0,662.0,1.0,737000.0,84,1,4,0,1649000,2024-07-25,2024-08-03,Business,Business Owner,Coimbatore,0,0,
100942,50882,47,1044000.0,753.0,32.0,868000.0,60,2,4,0,1450000,2023-03-07,2023-03-11,Personal,Business Owner,Chennai,0,0,
100943,51022,45,459000.0,774.0,31.0,435000.0,60,1,3,0,643000,2023-06-15,2023-06-16,Auto,Business Owner,Chennai,1,420000,9.7
100944,50246,37,205000.0,752.0,22.0,1412000.0,24,0,1,0,202000,2024-07-17,2024-07-21,Auto,Self-Employed,Kochi,0,0,
100945,51449,56,498000.0,573.0,33.0,365000.0,60,0,4,1,1731000,2023-06-29,2023-06-30,Auto,Business Owner,Mumbai,0,0,
100946,51328,27,905000.0,760.0,0.0,1106000.0,36,0,2,1,562000,2024-06-27,2024-07-07,Business,Self-Employed,Hyderabad,0,0,
100947,50116,23,764000.0,570.0,0.0,1099000.0,60,0,3,0,1264000,2024-12-26,2025-01-05,Home,Self-Employed,Chennai,0,0,
100948,51141,31,727000.0,748.0,7.0,410000.0,84,0,2,1,151000,2025-02-15,2025-02-18,Business,Salaried,Coimbatore,0,0,
100949,50849,38,529000.0,666.0,15.0,2084000.0,12,0,1,0,263000,2025-11-06,2025-11-10,Education,Contract,Mumbai,0,0,
100950,51456,40,337000.0,736.0,23.0,795000.0,60,0,1,0,114000,2023-05-06,2023-05-10,Education,Contract,Delhi,0,0,
100951,50125,36,757000.0,603.0,17.0,1003000.0,24,1,1,0,247000,2023-03-23,2023-04-01,Business,Business Owner,Mumbai,0,0,
100952,50033,42,412000.0,766.0,21.0,302000.0,84,3,4,1,1429000,2025-11-29,2025-12-05,Business,Salaried,Hyderabad,0,0,
100953,50473,25,1603000.0,595.0,0.0,2244000.0,60,2,3,0,1789000,2025-08-28,2025-08-31,Personal,Business Owner,Mumbai,0,0,
100954,50604,52,776000.0,647.0,26.0,357000.0,48,3,5,1,782000,2024-03-13,2024-03-20,Auto,Business Owner,Bengaluru,0,0,
100955,50763,37,462000.0,625.0,16.0,1230000.0,72,1,3,0,577000,2025-08-25,2025-08-29,Personal,Contract,Coimbatore,0,0,
100956,51459,49,456000.0,,30.0,405000.0,72,0,2,0,477000,2024-06-13,2024-06-20,Education,Salaried,Delhi,0,0,
100957,50850,41,575000.0,696.0,21.0,498000.0,48,2,3,0,461000,2025-07-22,2025-07-24,Education,Business Owner,Pune,0,0,
100958,50023,43,539000.0,807.0,17.0,1080000.0,48,1,2,0,816000,2025-01-03,2025-01-10,Home,Business Owner,Delhi,0,0,
100959,50948,44,992000.0,850.0,25.0,1232000.0,36,2,2,0,483000,2024-07-10,2024-07-18,Auto,Business Owner,Bengaluru,1,1026000,10.52
100960,50995,42,653000.0,696.0,22.0,348000.0,24,0,3,0,797000,2023-08-29,2023-09-05,Auto,Self-Employed,Bengaluru,1,269000,12.81
100961,51106,44,432000.0,763.0,18.0,1275000.0,48,1,5,0,1704000,2023-11-30,2023-12-06,Education,Contract,Coimbatore,0,0,
100962,50203,51,1405000.0,705.0,26.0,1244000.0,84,0,0,0,0,2023-02-17,2023-02-21,Personal,Self-Employed,Mumbai,1,986000,12.5
100963,50555,40,613000.0,722.0,21.0,418000.0,48,0,1,0,166000,2024-04-07,2024-04-16,Business,Business Owner,Kochi,1,367000,12.4
100964,51131,45,848000.0,668.0,22.0,1686000.0,84,2,4,0,969000,2023-11-13,2023-11-14,Auto,Salaried,Mumbai,0,0,
100965,51098,37,456000.0,703.0,21.0,314000.0,84,2,3,0,489000,2023-01-02,2023-01-07,Business,Self-Employed,Bengaluru,0,0,
100966,51380,52,707000.0,725.0,32.0,496000.0,72,1,1,0,264000,2024-01-07,2024-01-08,Education,Self-Employed,Pune,0,0,
100967,50201,31,690000.0,652.0,7.0,911000.0,48,0,1,0,412000,2025-10-30,2025-11-09,Home,Business Owner,Coimbatore,0,0,
100968,51386,56,256000.0,685.0,34.0,438000.0,72,0,3,0,417000,2024-08-10,2024-08-11,Education,Self-Employed,Chennai,0,0,
100969,51495,38,1486000.0,686.0,16.0,809000.0,84,2,2,0,232000,2024-02-27,2024-03-04,Business,Salaried,Coimbatore,1,699000,10.7
100970,50385,24,1072000.0,744.0,0.0,799000.0,72,1,2,0,512000,2025-04-12,2025-04-18,Education,Salaried,Pune,0,0,
100971,50912,39,502000.0,621.0,13.0,632000.0,24,0,0,0,0,2025-08-19,2025-08-26,Auto,Contract,Bengaluru,0,0,
100972,51043,31,365000.0,687.0,12.0,1106000.0,84,3,4,0,1016000,2024-12-27,2025-01-06,Business,Contract,Coimbatore,0,0,
100973,50844,46,702000.0,814.0,27.0,617000.0,84,1,1,0,293000,2024-04-20,2024-04-29,Business,Salaried,Coimbatore,0,0,
100974,50645,31,624000.0,766.0,11.0,795000.0,72,0,1,0,86000,2023-09-02,2023-09-08,Home,Salaried,Delhi,0,0,
100975,50695,34,704000.0,778.0,18.0,1315000.0,48,2,2,0,706000,2024-11-22,2024-11-24,Auto,Self-Employed,Chennai,1,1037000,12.37
100976,50645,21,654000.0,692.0,0.0,1081000.0,84,1,2,1,279000,2024-05-02,2024-05-06,Personal,Contract,Hyderabad,0,0,
100977,50121,33,754000.0,711.0,18.0,1079000.0,36,1,2,1,494000,2025-05-02,2025-05-11,Home,Self-Employed,Hyderabad,0,0,
100978,51159,21,1151000.0,755.0,0.0,372000.0,48,2,4,1,719000,2025-01-22,2025-01-24,Auto,Salaried,Kochi,1,339000,9.16
100979,50255,22,775000.0,791.0,0.0,934000.0,12,0,1,0,190000,2025-07-16,2025-07-23,Personal,Contract,Chennai,0,0,
100980,51388,46,374000.0,563.0,17.0,432000.0,36,1,3,0,1749000,2025-10-25,2025-10-29,Business,Self-Employed,Coimbatore,0,0,
100981,51358,46,1108000.0,604.0,22.0,346000.0,12,0,2,0,587000,2023-08-05,2023-08-15,Home,Contract,Bengaluru,0,0,
100982,50545,42,1255000.0,775.0,18.0,673000.0,48,2,4,0,1572000,2025-08-16,2025-08-22,Business,Business Owner,Chennai,1,579000,11.5
100983,50006,28,2478000.0,672.0,8.0,426000.0,48,2,5,0,1348000,2023-11-06,2023-11-07,Business,Business Owner,Hyderabad,1,377000,12.54
100984,51158,38,362000.0,646.0,17.0,1081000.0,24,0,1,1,341000,2023-02-07,2023-02-15,Business,Business Owner,Pune,0,0,
100985,50222,38,669000.0,608.0,11.0,1096000.0,72,4,5,1,1540000,2025-06-23,2025-06-29,Auto,Business Owner,Kochi,0,0,
100986,51292,26,235000.0,654.0,2.0,246000.0,12,1,2,0,568000,2025-12-20,2025-12-27,Personal,Business Owner,Hyderabad,0,0,
100987,50882,53,770000.0,599.0,30.0,444000.0,12,2,3,0,1305000,2023-08-21,2023-08-27,Auto,Contract,Kochi,1,365000,14.53
100988,50715,47,469000.0,826.0,18.0,314000.0,60,0,1,0,270000,2024-05-27,2024-06-03,Business,Salaried,Chennai,0,0,
100989,50634,36,1426000.0,689.0,10.0,543000.0,60,0,2,0,1567000,2023-05-30,2023-06-04,Home,Self-Employed,Coimbatore,1,463000,12.76
100990,51156,38,423000.0,686.0,13.0,899000.0,60,1,2,0,808000,2023-08-03,2023-08-06,Business,Salaried,Kochi,0,0,
100991,50052,40,281000.0,728.0,24.0,613000.0,60,1,1,0,141000,2024-02-03,2024-02-09,Personal,Salaried,Mumbai,1,484000,11.26
100992,51279,21,485000.0,753.0,0.0,506000.0,12,1,1,0,229000,2025-10-26,2025-11-05,Auto,Salaried,Bengaluru,0,0,
100993,50742,36,247000.0,751.0,17.0,1431000.0,24,3,3,0,915000,2023-07-08,2023-07-17,Personal,Self-Employed,Delhi,0,0,
100994,51333,31,841000.0,760.0,3.0,197000.0,60,0,1,0,256000,2024-10-21,2024-10-27,Auto,Business Owner,Mumbai,0,0,
100995,50349,28,237000.0,649.0,11.0,1382000.0,12,0,0,0,0,2023-01-28,2023-02-06,Personal,Contract,Bengaluru,1,565000,12.28
100996,50270,35,608000.0,671.0,18.0,519000.0,24,2,3,0,1117000,2024-11-07,2024-11-09,Personal,Contract,Kochi,1,480000,14.03
100997,50405,56,236000.0,740.0,26.0,671000.0,24,1,3,0,380000,2023-05-15,2023-05-16,Auto,Salaried,Mumbai,1,505000,11.29
100998,50617,44,519000.0,656.0,19.0,524000.0,60,1,3,0,1423000,2023-11-01,2023-11-05,Auto,Contract,Mumbai,0,0,
100999,51183,32,1257000.0,690.0,12.0,1635000.0,12,1,2,0,390000,2024-05-09,2024-05-14,Auto,Self-Employed,Bengaluru,1,1261000,13.06
101000,51193,44,706000.0,716.0,25.0,356000.0,36,0,1,0,186000,2024-12-24,2025-01-03,Education,Salaried,Pune,0,0,
101001,51295,52,407000.0,741.0,27.0,705000.0,12,1,1,0,185000,2025-05-09,2025-05-16,Personal,Self-Employed,Bengaluru,1,653000,13.65
101002,50618,47,592000.0,574.0,24.0,936000.0,84,1,2,1,749000,2024-01-26,2024-02-03,Education,Salaried,Hyderabad,0,0,
101003,50824,39,605000.0,736.0,15.0,289000.0,84,0,0,0,0,2025-11-04,2025-11-05,Education,Business Owner,Coimbatore,1,237000,10.85
101004,50984,32,742000.0,675.0,10.0,422000.0,24,1,3,0,538000,2024-08-21,2024-08-27,Business,Contract,Coimbatore,0,0,
101005,50399,45,324000.0,736.0,28.0,645000.0,48,1,3,0,607000,2025-07-07,2025-07-08,Education,Contract,Hyderabad,0,0,
101006,50341,42,783000.0,741.0,17.0,430000.0,84,2,5,0,510000,2025-06-10,2025-06-18,Education,Self-Employed,Pune,0,0,
101007,50617,47,180000.0,795.0,29.0,447000.0,60,3,4,1,656000,2023-08-11,2023-08-12,Auto,Contract,Mumbai,0,0,
101008,50007,44,452000.0,778.0,19.0,577000.0,84,0,2,0,269000,2025-04-07,2025-04-11,Auto,Salaried,Pune,0,0,
101009,50024,48,482000.0,778.0,23.0,1001000.0,24,2,4,0,874000,2023-09-23,2023-09-26,Home,Business Owner,Pune,0,0,
101010,50569,33,798000.0,784.0,14.0,580000.0,84,0,0,0,0,2023-09-10,2023-09-12,Personal,Contract,Bengaluru,0,0,
101011,50727,51,606000.0,709.0,33.0,1267000.0,36,0,0,0,0,2023-07-18,2023-07-26,Education,Business Owner,Chennai,1,719000,11.82
101012,50320,40,319000.0,692.0,21.0,404000.0,36,2,5,0,2343000,2025-12-15,2025-12-21,Education,Self-Employed,Kochi,0,0,
101013,50537,59,385000.0,747.0,32.0,352000.0,36,0,0,0,0,2025-07-16,2025-07-20,Personal,Business Owner,Mumbai,0,0,
101014,51480,31,656000.0,738.0,7.0,2019000.0,84,1,3,0,576000,2024-02-11,2024-02-14,Auto,Contract,Coimbatore,0,0,
101015,51442,55,579000.0,670.0,36.0,487000.0,84,3,5,0,1262000,2024-04-30,2024-05-06,Auto,Contract,Bengaluru,0,0,
101016,50483,40,462000.0,716.0,18.0,340000.0,36,4,6,0,1476000,2025-05-02,2025-05-08,Personal,Self-Employed,Kochi,0,0,
101017,50566,31,483000.0,688.0,5.0,269000.0,72,3,4,0,341000,2023-12-29,2024-01-03,Personal,Self-Employed,Hyderabad,1,266000,13.57
101018,51110,33,821000.0,634.0,13.0,1264000.0,12,2,4,0,544000,2023-07-31,2023-08-03,Auto,Business Owner,Pune,0,0,
101019,50503,35,475000.0,774.0,,580000.0,24,0,2,0,460000,2024-12-01,2024-12-11,Personal,Business Owner,Mumbai,0,0,
101020,50802,42,577000.0,694.0,27.0,609000.0,36,1,1,0,229000,2025-05-26,2025-06-04,Auto,Self-Employed,Delhi,0,0,
101021,50763,43,1593000.0,823.0,27.0,641000.0,84,0,1,0,323000,2024-09-05,2024-09-11,Personal,Contract,Chennai,1,516000,9.86
101022,51388,32,316000.0,584.0,12.0,1222000.0,24,3,4,0,1261000,2025-07-04,2025-07-09,Auto,Business Owner,Mumbai,1,772000,12.43
101023,51061,38,261000.0,654.0,21.0,634000.0,84,1,1,0,103000,2023-05-23,2023-05-30,Home,Self-Employed,Hyderabad,0,0,
101024,50286,59,854000.0,692.0,37.0,2541000.0,24,1,1,1,324000,2025-12-29,2025-12-30,Auto,Business Owner,Chennai,0,0,
101025,50507,55,442000.0,764.0,36.0,753000.0,84,2,4,0,1093000,2025-08-15,2025-08-22,Auto,Self-Employed,Mumbai,0,0,
101026,50626,42,520000.0,716.0,26.0,,48,1,1,0,341000,2025-05-14,2025-05-15,Education,Contract,Hyderabad,1,453000,12.21
101027,50755,38,422000.0,710.0,17.0,1090000.0,84,2,3,0,1279000,2023-03-01,2023-03-10,Auto,Business Owner,Kochi,0,0,
101028,51212,39,534000.0,617.0,16.0,686000.0,12,0,1,0,233000,2024-06-05,2024-06-11,Personal,Business Owner,Mumbai,0,0,
101029,50130,44,1232000.0,615.0,15.0,507000.0,84,0,1,0,466000,2023-11-05,2023-11-12,Business,Salaried,Kochi,0,0,
101030,50304,28,861000.0,711.0,6.0,840000.0,48,1,3,1,481000,2023-12-07,2023-12-14,Personal,Salaried,Delhi,0,0,
101031,50924,35,884000.0,601.0,16.0,927000.0,60,0,1,1,156000,2025-06-18,2025-06-19,Education,Contract,Bengaluru,0,0,
101032,50727,21,317000.0,655.0,3.0,511000.0,60,1,2,0,620000,2025-01-31,2025-02-02,Personal,Self-Employed,Mumbai,0,0,
101033,50536,42,357000.0,723.0,22.0,767000.0,72,0,2,0,416000,2023-08-28,2023-09-07,Home,Salaried,Pune,0,0,
101034,51273,44,180000.0,626.0,20.0,1382000.0,60,1,2,0,570000,2023-08-13,2023-08-16,Business,Salaried,Hyderabad,1,286000,12.4
101035,50227,33,417000.0,794.0,3.0,2185000.0,48,2,4,2,2709000,2023-10-06,2023-10-14,Business,Contract,Coimbatore,0,0,
101036,50658,54,923000.0,770.0,30.0,1120000.0,24,3,4,0,1217000,2024-03-04,2024-03-13,Education,Self-Employed,Kochi,1,959000,11.57
101037,50324,26,757000.0,588.0,3.0,1950000.0,72,1,2,0,556000,2024-02-06,2024-02-14,Business,Contract,Hyderabad,0,0,
101038,50008,23,543000.0,629.0,0.0,495000.0,60,3,6,0,971000,2023-02-15,2023-02-21,Auto,Business Owner,Mumbai,0,0,
101039,50858,40,594000.0,541.0,20.0,1030000.0,72,0,1,0,107000,2024-05-28,2024-05-30,Education,Business Owner,Bengaluru,1,591000,14.19
101040,50056,48,440000.0,639.0,34.0,1462000.0,60,2,4,0,964000,2025-10-20,2025-10-22,Home,Self-Employed,Coimbatore,0,0,
101041,50551,55,658000.0,740.0,33.0,428000.0,48,0,2,0,852000,2023-10-31,2023-11-10,Business,Salaried,Delhi,0,0,
101042,50980,33,847000.0,663.0,10.0,536000.0,84,2,2,0,425000,2023-06-01,2023-06-08,Business,Contract,Delhi,0,0,
101043,50274,49,290000.0,720.0,26.0,1821000.0,24,0,2,0,611000,2023-12-17,2023-12-26,Education,Contract,Pune,1,346000,13.21
101044,51121,38,687000.0,591.0,16.0,409000.0,60,0,0,0,0,2024-12-05,2024-12-11,Business,Business Owner,Hyderabad,1,388000,13.46
101045,50658,36,913000.0,742.0,11.0,335000.0,12,3,4,0,2015000,2023-04-02,2023-04-03,Business,Contract,Coimbatore,0,0,
101046,51122,47,498000.0,654.0,25.0,1622000.0,60,2,3,0,929000,2023-04-16,2023-04-25,Home,Salaried,Bengaluru,0,0,
101047,50767,45,822000.0,691.0,25.0,1352000.0,48,0,0,0,0,2025-01-10,2025-01-17,Home,Self-Employed,Pune,0,0,
101048,51235,22,2129000.0,684.0,1.0,888000.0,48,0,1,0,117000,2023-05-12,2023-05-15,Education,Contract,Chennai,1,698000,12.31
101049,50565,53,572000.0,607.0,33.0,683000.0,12,1,2,0,365000,2025-02-07,2025-02-09,Business,Salaried,Kochi,1,673000,13.81
101050,51057,52,716000.0,615.0,32.0,550000.0,84,1,3,1,652000,2024-04-02,2024-04-05,Personal,Self-Employed,Kochi,1,414000,14.81
101051,50277,32,430000.0,753.0,3.0,817000.0,24,1,2,0,327000,2025-06-17,2025-06-19,Education,Contract,Coimbatore,1,493000,11.55
101052,50967,42,651000.0,716.0,23.0,1669000.0,12,1,3,0,849000,2025-11-10,2025-11-20,Home,Contract,Hyderabad,0,0,
101053,51468,43,738000.0,758.0,18.0,798000.0,72,1,2,0,1300000,2023-09-06,2023-09-08,Personal,Self-Employed,Kochi,0,0,
101054,50801,41,655000.0,711.0,15.0,2305000.0,60,3,4,0,2136000,2023-07-11,2023-07-15,Business,Contract,Bengaluru,0,0,
101055,50900,32,379000.0,699.0,6.0,427000.0,48,0,2,0,565000,2024-08-07,2024-08-13,Education,Contract,Delhi,0,0,
101056,50427,31,658000.0,578.0,11.0,692000.0,24,1,3,0,1107000,2023-06-17,2023-06-20,Education,Contract,Kochi,0,0,
101057,51154,38,1159000.0,672.0,15.0,570000.0,60,0,1,1,174000,2023-06-20,2023-06-29,Home,Business Owner,Hyderabad,1,450000,15.7
101058,50296,50,734000.0,688.0,21.0,385000.0,12,5,5,0,2599000,2024-06-19,2024-06-24,Auto,Self-Employed,Bengaluru,1,348000,10.9
101059,50562,43,925000.0,817.0,23.0,643000.0,84,2,4,0,458000,2024-02-12,2024-02-17,Auto,Business Owner,Hyderabad,0,0,
101060,50479,34,539000.0,735.0,6.0,881000.0,72,0,2,0,789000,2024-05-15,2024-05-22,Auto,Self-Employed,Kochi,0,0,
101061,50575,46,841000.0,790.0,25.0,934000.0,60,1,2,0,641000,2023-04-09,2023-04-18,Education,Business Owner,Delhi,1,881000,11.42
101062,50110,21,680000.0,729.0,0.0,2310000.0,12,0,2,0,343000,2025-04-15,2025-04-16,Home,Contract,Bengaluru,1,1256000,12.38
101063,50862,49,391000.0,644.0,31.0,904000.0,84,1,2,0,450000,2025-12-16,2025-12-25,Home,Salaried,Delhi,0,0,
101064,51344,21,692000.0,698.0,6.0,1318000.0,36,5,5,0,709000,2023-09-04,2023-09-06,Auto,Self-Employed,Mumbai,1,581000,11.3
101065,51202,34,384000.0,705.0,7.0,726000.0,36,2,4,0,579000,2024-11-14,2024-11-17,Personal,Salaried,Delhi,0,0,
101066,51418,27,451000.0,629.0,5.0,1762000.0,48,0,1,1,113000,2024-12-13,2024-12-18,Auto,Self-Employed,Hyderabad,0,0,
101067,51268,25,653000.0,665.0,2.0,2618000.0,84,2,5,0,1835000,2023-04-17,2023-04-27,Education,Self-Employed,Bengaluru,0,0,
101068,50597,50,686000.0,677.0,30.0,937000.0,84,1,3,1,1370000,2025-12-07,2025-12-11,Personal,Contract,Chennai,0,0,
101069,50114,33,351000.0,794.0,12.0,405000.0,24,0,2,0,170000,2025-04-24,2025-04-29,Home,Self-Employed,Delhi,1,387000,10.66
101070,51140,41,964000.0,555.0,18.0,518000.0,48,1,3,0,1880000,2023-02-15,2023-02-25,Business,Contract,Bengaluru,0,0,
101071,50549,38,776000.0,768.0,14.0,817000.0,60,2,3,0,746000,2024-01-31,2024-02-05,Personal,Contract,Chennai,1,653000,10.2
101072,50138,43,437000.0,629.0,17.0,900000.0,72,1,4,0,1156000,2025-12-19,2025-12-24,Home,Contract,Pune,0,0,
101073,51433,39,300000.0,601.0,21.0,1028000.0,36,4,4,0,479000,2024-09-07,2024-09-17,Personal,Business Owner,Coimbatore,0,0,
101074,51313,25,562000.0,767.0,5.0,902000.0,48,2,5,0,2419000,2025-08-07,2025-08-17,Auto,Business Owner,Bengaluru,1,783000,12.74
101075,50529,48,491000.0,738.0,30.0,703000.0,12,0,1,1,276000,2024-11-04,2024-11-14,Personal,Contract,Coimbatore,0,0,
101076,50883,33,631000.0,772.0,10.0,493000.0,24,0,3,2,1325000,2023-08-25,2023-08-30,Personal,Salaried,Coimbatore,0,0,
101077,50280,22,510000.0,742.0,0.0,873000.0,36,1,1,0,460000,2024-09-20,2024-09-22,Personal,Salaried,Kochi,1,829000,12.27
101078,50177,34,243000.0,824.0,8.0,1942000.0,24,0,2,0,975000,2023-06-19,2023-06-20,Education,Self-Employed,Kochi,0,0,
101079,50746,53,504000.0,726.0,32.0,1227000.0,24,2,3,1,542000,2025-03-31,2025-04-10,Education,Salaried,Kochi,1,502000,11.61
101080,50242,47,523000.0,680.0,21.0,939000.0,36,1,1,0,225000,2024-01-27,2024-02-04,Auto,Self-Employed,Mumbai,0,0,
101081,50542,35,798000.0,712.0,20.0,1233000.0,12,1,4,0,736000,2024-05-15,2024-05-18,Business,Self-Employed,Pune,1,1102000,10.87
101082,51406,35,438000.0,771.0,8.0,571000.0,84,2,3,0,1173000,2023-06-23,2023-06-30,Education,Self-Employed,Bengaluru,1,512000,11.0
101083,50081,35,1277000.0,639.0,14.0,529000.0,84,0,1,0,295000,2024-08-15,2024-08-23,Business,Business Owner,Mumbai,1,508000,11.95
101084,50013,59,254000.0,648.0,40.0,464000.0,72,2,4,0,1707000,2023-06-21,2023-06-27,Education,Contract,Pune,1,409000,11.73
101085,50444,42,1082000.0,670.0,22.0,653000.0,12,0,1,0,436000,2025-08-15,2025-08-21,Home,Salaried,Delhi,1,526000,12.19
101086,50138,42,542000.0,553.0,21.0,555000.0,84,2,3,1,316000,2024-11-06,2024-11-09,Home,Contract,Mumbai,0,0,
101087,51217,48,883000.0,699.0,22.0,1361000.0,12,3,4,0,1965000,2025-03-19,2025-03-28,Personal,Contract,Kochi,0,0,
101088,51364,40,622000.0,567.0,12.0,539000.0,24,1,1,1,402000,2024-09-14,2024-09-17,Business,Business Owner,Delhi,0,0,
101089,50391,35,1002000.0,693.0,16.0,450000.0,84,2,6,0,1247000,2024-12-19,2024-12-24,Personal,Self-Employed,Kochi,0,0,
101090,50831,36,504000.0,746.0,20.0,2038000.0,12,1,1,0,298000,2023-12-04,2023-12-10,Personal,Contract,Coimbatore,1,1058000,10.28
101091,51261,37,366000.0,,13.0,546000.0,60,1,3,1,705000,2025-12-29,2025-12-30,Education,Self-Employed,Delhi,0,0,
101092,50455,38,1137000.0,799.0,11.0,762000.0,72,1,1,1,340000,2025-07-25,2025-08-03,Education,Business Owner,Hyderabad,0,0,
101093,50550,45,570000.0,595.0,13.0,897000.0,60,3,4,0,831000,2024-01-13,2024-01-20,Personal,Contract,Kochi,1,620000,15.39
101094,50310,39,663000.0,767.0,13.0,375000.0,12,1,2,1,635000,2025-11-01,2025-11-02,Education,Salaried,Coimbatore,0,0,
101095,50488,45,1046000.0,734.0,23.0,1381000.0,12,3,4,0,1034000,2024-02-22,2024-02-28,Home,Contract,Pune,0,0,
101096,50368,37,377000.0,578.0,21.0,994000.0,36,0,3,0,604000,2023-11-27,2023-12-04,Home,Business Owner,Pune,0,0,
101097,51193,39,784000.0,850.0,20.0,1649000.0,36,1,4,0,1100000,2025-09-09,2025-09-14,Business,Business Owner,Coimbatore,0,0,
101098,50173,21,460000.0,686.0,0.0,482000.0,48,4,6,0,5805000,2023-10-07,2023-10-12,Home,Contract,Pune,0,0,
101099,51243,47,565000.0,633.0,23.0,739000.0,24,1,2,0,355000,2025-05-30,2025-06-06,Personal,Salaried,Chennai,1,561000,13.4
101100,51442,41,620000.0,599.0,17.0,715000.0,24,2,3,0,662000,2024-03-22,2024-03-25,Auto,Self-Employed,Hyderabad,0,0,
101101,50588,48,305000.0,,32.0,809000.0,36,1,2,0,358000,2025-04-10,2025-04-13,Education,Contract,Coimbatore,0,0,
101102,51338,21,423000.0,682.0,0.0,315000.0,60,1,3,0,566000,2025-01-04,2025-01-05,Personal,Contract,Hyderabad,0,0,
101103,51236,59,1102000.0,697.0,29.0,744000.0,48,2,2,0,752000,2025-11-17,2025-11-25,Education,Salaried,Chennai,0,0,
101104,51162,37,894000.0,671.0,12.0,319000.0,36,1,3,0,1073000,2023-07-12,2023-07-14,Business,Salaried,Delhi,1,302000,12.42
101105,50761,49,583000.0,731.0,24.0,852000.0,72,0,0,0,0,2025-03-23,2025-03-26,Personal,Business Owner,Kochi,1,825000,12.01
101106,50238,28,669000.0,665.0,4.0,217000.0,72,1,3,0,1253000,2025-08-19,2025-08-26,Personal,Self-Employed,Hyderabad,1,197000,13.3
101107,50913,44,526000.0,564.0,24.0,253000.0,84,0,1,0,372000,2024-02-28,2024-03-09,Personal,Self-Employed,Kochi,0,0,
101108,51341,27,1105000.0,680.0,5.0,1098000.0,48,1,3,0,692000,2024-12-06,2024-12-16,Business,Contract,Bengaluru,1,896000,11.6
101109,50632,32,548000.0,536.0,10.0,518000.0,24,3,4,0,464000,2023-04-01,2023-04-09,Personal,Self-Employed,Chennai,0,0,
101110,50011,57,666000.0,713.0,40.0,407000.0,72,1,2,0,757000,2024-10-09,2024-10-18,Education,Business Owner,Hyderabad,1,367000,10.34
101111,50401,36,1005000.0,626.0,11.0,1408000.0,24,2,4,0,1089000,2025-03-05,2025-03-13,Auto,Business Owner,Mumbai,0,0,
101112,50203,40,423000.0,701.0,25.0,838000.0,72,0,1,0,253000,2025-01-10,2025-01-17,Personal,Salaried,Hyderabad,0,0,
101113,50527,47,1210000.0,775.0,22.0,1131000.0,24,1,1,0,198000,2023-05-25,2023-06-04,Business,Salaried,Kochi,1,993000,10.28
101114,50516,43,301000.0,628.0,21.0,639000.0,60,2,3,0,1088000,2024-03-27,2024-03-28,Business,Business Owner,Kochi,0,0,
101115,50857,40,1249000.0,759.0,17.0,3056000.0,36,0,2,0,595000,2023-08-30,2023-08-31,Personal,Salaried,Delhi,0,0,
101116,50181,42,507000.0,662.0,20.0,502000.0,72,1,4,2,888000,2025-11-20,2025-11-28,Business,Business Owner,Chennai,0,0,
101117,50431,62,538000.0,804.0,40.0,1827000.0,72,2,4,1,542000,2025-02-11,2025-02-18,Home,Salaried,Mumbai,0,0,
101118,50735,37,256000.0,666.0,17.0,677000.0,72,1,1,0,426000,2025-12-19,2025-12-21,Business,Contract,Pune,1,457000,12.68
101119,50413,40,489000.0,635.0,15.0,282000.0,84,2,3,0,1015000,2024-04-20,2024-04-29,Auto,Self-Employed,Hyderabad,1,213000,13.27
101120,50543,49,376000.0,735.0,23.0,913000.0,48,0,3,0,852000,2023-04-11,2023-04-21,Home,Business Owner,Delhi,1,600000,12.54
101121,50329,49,456000.0,662.0,37.0,832000.0,84,3,4,0,265000,2025-03-20,2025-03-27,Education,Salaried,Hyderabad,0,0,
101122,50560,50,564000.0,635.0,26.0,393000.0,36,2,6,0,1472000,2025-03-01,2025-03-10,Home,Business Owner,Chennai,0,0,
101123,51208,44,923000.0,659.0,25.0,422000.0,24,0,4,1,886000,2024-09-24,2024-09-25,Auto,Contract,Mumbai,0,0,
101124,50961,27,659000.0,687.0,0.0,691000.0,24,1,3,1,550000,2025-05-26,2025-05-29,Home,Business Owner,Kochi,0,0,
101125,50131,54,689000.0,777.0,31.0,848000.0,36,1,2,1,729000,2024-08-11,2024-08-21,Personal,Salaried,Mumbai,1,755000,12.02
101126,51299,27,366000.0,564.0,4.0,180000.0,12,1,3,0,1072000,2023-09-30,2023-10-02,Business,Salaried,Hyderabad,0,0,
101127,50662,41,404000.0,692.0,21.0,1249000.0,12,0,0,0,0,2025-05-31,2025-06-06,Personal,Business Owner,Kochi,0,0,
101128,50371,30,1348000.0,731.0,0.0,533000.0,36,3,4,0,1680000,2023-02-27,2023-03-09,Personal,Business Owner,Pune,1,406000,11.06
101129,50456,37,431000.0,703.0,16.0,337000.0,24,1,2,0,300000,2025-01-28,2025-02-01,Personal,Salaried,Delhi,0,0,
101130,50025,41,1264000.0,775.0,14.0,1175000.0,72,0,0,0,0,2025-09-09,2025-09-11,Home,Contract,Bengaluru,0,0,
101131,51018,41,538000.0,685.0,20.0,691000.0,48,0,0,0,0,2025-08-02,2025-08-04,Education,Contract,Chennai,0,0,
101132,51412,42,601000.0,678.0,16.0,1366000.0,12,1,2,1,366000,2024-01-22,2024-01-28,Business,Contract,Chennai,0,0,
101133,51005,54,971000.0,729.0,29.0,891000.0,72,0,3,0,1079000,2023-02-14,2023-02-23,Home,Self-Employed,Coimbatore,1,830000,11.79
101134,50309,43,1063000.0,696.0,20.0,699000.0,84,4,7,1,1348000,2023-10-18,2023-10-24,Personal,Self-Employed,Mumbai,0,0,
101135,50179,36,571000.0,665.0,10.0,644000.0,72,1,2,0,957000,2025-03-25,2025-03-29,Auto,Self-Employed,Mumbai,0,0,
101136,50206,48,504000.0,724.0,24.0,913000.0,72,4,6,1,942000,2023-08-28,2023-09-06,Auto,Business Owner,Kochi,0,0,
101137,50005,50,585000.0,648.0,23.0,558000.0,36,1,1,0,726000,2023-10-03,2023-10-05,Personal,Self-Employed,Coimbatore,1,501000,13.3
101138,51330,26,699000.0,650.0,0.0,438000.0,60,1,1,0,690000,2024-02-22,2024-02-28,Education,Business Owner,Hyderabad,0,0,
101139,50178,44,896000.0,656.0,26.0,979000.0,36,1,2,0,477000,2023-07-26,2023-08-02,Business,Contract,Hyderabad,1,975000,13.61
101140,50315,45,601000.0,778.0,18.0,647000.0,24,0,2,0,887000,2023-12-31,2024-01-03,Home,Salaried,Chennai,0,0,
101141,50917,35,793000.0,481.0,12.0,713000.0,84,1,1,1,205000,2025-04-12,2025-04-16,Education,Self-Employed,Hyderabad,0,0,
101142,50847,52,1254000.0,716.0,33.0,1274000.0,36,1,3,0,1245000,2024-07-21,2024-07-28,Auto,Salaried,Bengaluru,0,0,
101143,50131,36,712000.0,692.0,12.0,658000.0,12,3,5,0,1145000,2023-06-09,2023-06-18,Personal,Self-Employed,Bengaluru,0,0,
101144,51249,39,690000.0,581.0,14.0,706000.0,12,0,0,0,0,2023-04-06,2023-04-11,Home,Self-Employed,Bengaluru,0,0,
101145,50306,36,303000.0,710.0,15.0,503000.0,72,1,3,1,128000,2024-02-29,2024-03-02,Education,Salaried,Coimbatore,0,0,
101146,50310,38,184000.0,721.0,20.0,887000.0,36,1,2,0,437000,2024-08-21,2024-08-29,Education,Contract,Pune,0,0,
101147,51115,27,715000.0,728.0,0.0,849000.0,72,1,1,0,287000,2023-09-25,2023-10-04,Education,Contract,Delhi,1,770000,11.68
101148,50262,24,575000.0,518.0,1.0,1149000.0,48,0,2,1,972000,2023-02-13,2023-02-15,Home,Contract,Bengaluru,0,0,
101149,50809,54,476000.0,779.0,25.0,509000.0,36,0,1,0,255000,2024-08-17,2024-08-27,Business,Salaried,Kochi,0,0,
101150,50438,30,669000.0,642.0,6.0,544000.0,48,1,1,1,413000,2025-10-08,2025-10-18,Home,Business Owner,Coimbatore,0,0,
101151,50522,28,584000.0,735.0,6.0,1082000.0,84,1,1,0,199000,2023-01-09,2023-01-10,Personal,Salaried,Chennai,0,0,
101152,51142,21,997000.0,738.0,0.0,804000.0,12,0,0,0,0,2024-10-30,2024-11-03,Home,Business Owner,Chennai,0,0,
101153,51467,32,624000.0,633.0,8.0,425000.0,84,1,1,0,423000,2024-01-16,2024-01-17,Education,Contract,Pune,0,0,
101154,51383,25,429000.0,733.0,0.0,1436000.0,60,2,4,0,292000,2024-12-27,2024-12-28,Business,Business Owner,Kochi,0,0,
101155,51198,54,937000.0,665.0,32.0,,48,2,4,0,1007000,2023-04-25,2023-04-30,Business,Contract,Bengaluru,0,0,
101156,51486,48,544000.0,555.0,30.0,1078000.0,36,0,1,0,205000,2024-01-23,2024-01-30,Personal,Contract,Kochi,1,565000,14.64
101157,51420,31,760000.0,766.0,5.0,349000.0,24,1,2,2,987000,2024-03-14,2024-03-17,Personal,Contract,Kochi,1,300000,14.4
101158,50230,61,484000.0,640.0,37.0,1975000.0,24,2,5,0,960000,2025-06-28,2025-07-05,Auto,Contract,Coimbatore,1,1198000,13.42
101159,50157,48,448000.0,634.0,28.0,299000.0,36,2,2,0,647000,2025-04-24,2025-04-29,Auto,Salaried,Bengaluru,0,0,
101160,50334,35,623000.0,664.0,18.0,1319000.0,12,2,2,0,793000,2025-07-23,2025-08-02,Auto,Self-Employed,Pune,0,0,
101161,50712,21,603000.0,708.0,0.0,669000.0,12,4,5,0,593000,2025-05-25,2025-06-02,Home,Self-Employed,Pune,0,0,
101162,51329,61,745000.0,686.0,38.0,572000.0,12,2,2,0,466000,2023-01-28,2023-02-04,Business,Self-Employed,Hyderabad,1,449000,12.48
101163,50744,24,532000.0,726.0,3.0,775000.0,36,1,2,1,403000,2024-09-27,2024-09-28,Personal,Salaried,Coimbatore,0,0,
101164,50977,22,263000.0,603.0,0.0,991000.0,24,1,4,0,1605000,2023-03-18,2023-03-19,Auto,Contract,Coimbatore,0,0,
101165,50299,48,494000.0,642.0,16.0,426000.0,60,0,0,0,0,2024-08-09,2024-08-16,Personal,Contract,Coimbatore,1,361000,13.22
101166,51367,62,858000.0,,40.0,447000.0,24,1,3,0,667000,2023-08-22,2023-08-28,Auto,Contract,Coimbatore,1,381000,11.2
101167,50720,52,525000.0,813.0,36.0,1001000.0,12,1,3,0,444000,2023-11-25,2023-12-04,Home,Self-Employed,Hyderabad,0,0,
101168,50013,44,537000.0,683.0,22.0,274000.0,36,0,2,0,840000,2025-10-25,2025-11-02,Home,Contract,Delhi,1,218000,13.14
101169,50701,44,935000.0,761.0,18.0,,36,1,1,0,242000,2023-12-14,2023-12-20,Education,Business Owner,Bengaluru,0,0,
101170,50383,47,436000.0,693.0,23.0,3727000.0,60,0,0,0,0,2025-01-26,2025-02-01,Personal,Salaried,Kochi,0,0,
101171,50175,46,300000.0,659.0,31.0,411000.0,24,2,7,1,813000,2024-02-23,2024-03-03,Education,Contract,Chennai,0,0,
101172,50403,41,558000.0,674.0,23.0,1316000.0,12,2,2,1,622000,2024-01-26,2024-01-30,Home,Contract,Pune,0,0,
101173,50643,39,483000.0,679.0,20.0,507000.0,60,0,0,0,0,2024-08-12,2024-08-21,Home,Contract,Kochi,0,0,
101174,50875,37,388000.0,729.0,16.0,926000.0,12,1,2,0,1267000,2023-04-25,2023-05-03,Personal,Business Owner,Mumbai,0,0,
101175,50456,30,554000.0,779.0,5.0,1003000.0,24,2,4,1,626000,2023-01-04,2023-01-07,Education,Contract,Mumbai,0,0,
101176,50680,35,749000.0,713.0,12.0,1302000.0,60,1,1,0,250000,2024-10-04,2024-10-08,Education,Self-Employed,Coimbatore,0,0,
101177,50268,21,597000.0,767.0,0.0,627000.0,12,0,0,0,0,2023-01-09,2023-01-16,Education,Contract,Kochi,0,0,
101178,50671,37,689000.0,627.0,17.0,2090000.0,48,2,3,0,521000,2023-04-28,2023-05-01,Personal,Self-Employed,Coimbatore,0,0,
101179,50675,28,1357000.0,663.0,12.0,506000.0,36,1,5,1,408000,2025-05-05,2025-05-08,Personal,Self-Employed,Chennai,1,446000,12.34
101180,50340,27,514000.0,643.0,9.0,796000.0,24,0,1,0,275000,2024-11-30,2024-12-08,Personal,Contract,Mumbai,1,670000,14.39
101181,51051,40,680000.0,710.0,12.0,801000.0,36,2,4,0,686000,2025-07-20,2025-07-25,Business,Business Owner,Coimbatore,1,613000,13.5
101182,51283,52,477000.0,667.0,31.0,378000.0,84,0,1,0,265000,2023-05-05,2023-05-10,Home,Self-Employed,Pune,0,0,
101183,50564,47,410000.0,737.0,28.0,598000.0,12,1,2,0,470000,2023-08-11,2023-08-19,Business,Contract,Pune,1,376000,10.56
101184,50135,22,461000.0,629.0,2.0,765000.0,60,2,4,0,1141000,2023-11-24,2023-11-30,Business,Contract,Delhi,0,0,
101185,51331,28,484000.0,693.0,3.0,552000.0,12,8,8,0,4367000,2025-10-13,2025-10-18,Home,Business Owner,Kochi,0,0,
101186,50813,47,,735.0,37.0,2680000.0,84,0,1,0,190000,2025-03-28,2025-03-29,Auto,Contract,Kochi,1,565000,12.89
101187,50801,28,1727000.0,556.0,1.0,441000.0,72,3,5,0,989000,2023-09-16,2023-09-21,Auto,Salaried,Hyderabad,1,353000,13.54
101188,51041,36,435000.0,828.0,10.0,1339000.0,48,1,3,0,326000,2023-03-08,2023-03-16,Auto,Salaried,Mumbai,0,0,
101189,51414,44,497000.0,672.0,23.0,1121000.0,48,1,3,0,680000,2025-06-01,2025-06-10,Personal,Salaried,Kochi,0,0,
101190,50628,28,583000.0,558.0,14.0,695000.0,24,2,4,0,1227000,2025-12-21,2025-12-27,Personal,Contract,Hyderabad,1,602000,12.25
101191,50806,39,717000.0,700.0,14.0,435000.0,84,1,1,0,196000,2025-08-29,2025-09-08,Education,Self-Employed,Chennai,1,342000,13.19
101192,50418,25,676000.0,692.0,2.0,459000.0,36,0,0,0,0,2023-10-06,2023-10-09,Education,Business Owner,Chennai,0,0,
101193,51073,32,1069000.0,685.0,14.0,526000.0,72,1,5,3,1144000,2024-08-11,2024-08-19,Business,Contract,Delhi,0,0,
101194,51085,41,201000.0,754.0,19.0,262000.0,12,0,0,0,0,2023-09-29,2023-10-04,Education,Self-Employed,Mumbai,0,0,
101195,51338,22,205000.0,739.0,,403000.0,72,3,6,0,1753000,2024-05-16,2024-05-18,Personal,Contract,Pune,0,0,
101196,51008,42,480000.0,709.0,22.0,310000.0,84,4,6,0,1353000,2024-10-19,2024-10-20,Business,Salaried,Bengaluru,1,309000,11.45
101197,50146,38,983000.0,719.0,17.0,1467000.0,48,2,4,0,1063000,2025-06-11,2025-06-19,Education,Salaried,Mumbai,1,1144000,12.59
101198,50702,44,297000.0,683.0,26.0,984000.0,60,0,1,0,188000,2024-07-21,2024-07-23,Education,Self-Employed,Hyderabad,0,0,
101199,51030,40,180000.0,805.0,23.0,1079000.0,12,0,0,0,0,2023-08-06,2023-08-09,Auto,Self-Employed,Bengaluru,1,246000,10.65
101200,51229,52,776000.0,594.0,31.0,968000.0,24,0,0,0,0,2024-11-15,2024-11-24,Personal,Self-Employed,Delhi,0,0,
101201,50863,39,670000.0,699.0,18.0,767000.0,60,0,3,0,668000,2023-06-08,2023-06-09,Business,Business Owner,Hyderabad,0,0,
101202,51274,34,367000.0,694.0,13.0,1563000.0,36,1,3,1,1776000,2023-12-26,2024-01-03,Home,Self-Employed,Hyderabad,0,0,
101203,51369,39,385000.0,743.0,19.0,500000.0,24,2,3,0,1118000,2024-06-27,2024-06-29,Education,Salaried,Hyderabad,0,0,
101204,50432,43,388000.0,635.0,21.0,742000.0,36,1,4,0,1313000,2023-10-18,2023-10-26,Personal,Salaried,Coimbatore,1,565000,15.25
101205,50344,38,631000.0,577.0,16.0,1056000.0,36,2,4,0,915000,2023-02-05,2023-02-07,Business,Business Owner,Bengaluru,0,0,
101206,50618,38,453000.0,700.0,21.0,338000.0,48,2,2,0,182000,2025-09-05,2025-09-12,Personal,Contract,Coimbatore,0,0,
101207,50779,31,749000.0,708.0,15.0,3844000.0,84,2,2,1,334000,2025-05-09,2025-05-12,Personal,Self-Employed,Coimbatore,0,0,
101208,51441,31,180000.0,787.0,3.0,711000.0,72,1,4,0,724000,2023-03-07,2023-03-11,Business,Business Owner,Hyderabad,1,167000,12.95
101209,50533,24,408000.0,607.0,2.0,,84,1,1,0,218000,2025-03-07,2025-03-08,Auto,Contract,Chennai,1,584000,12.61
101210,50487,55,361000.0,765.0,30.0,1397000.0,36,2,5,1,1229000,2023-06-06,2023-06-16,Auto,Contract,Pune,1,592000,11.39
101211,50055,26,535000.0,844.0,3.0,1158000.0,60,1,4,0,1388000,2023-05-01,2023-05-02,Education,Self-Employed,Mumbai,0,0,
101212,50177,31,471000.0,665.0,11.0,715000.0,60,1,2,0,573000,2023-07-11,2023-07-21,Auto,Salaried,Chennai,0,0,
101213,50884,31,859000.0,606.0,12.0,752000.0,84,3,5,0,2232000,2023-12-23,2023-12-31,Education,Self-Employed,Hyderabad,0,0,
101214,50468,47,260000.0,664.0,25.0,306000.0,60,1,4,1,856000,2024-06-14,2024-06-22,Education,Self-Employed,Mumbai,0,0,
101215,50495,35,612000.0,691.0,5.0,515000.0,72,2,3,0,853000,2024-04-24,2024-04-26,Business,Salaried,Pune,0,0,
101216,50988,50,771000.0,727.0,24.0,930000.0,12,2,4,0,1188000,2025-03-07,2025-03-11,Personal,Salaried,Mumbai,0,0,
101217,51142,31,1384000.0,652.0,13.0,894000.0,72,2,5,0,1413000,2025-08-11,2025-08-13,Home,Salaried,Pune,0,0,
101218,51413,41,483000.0,791.0,8.0,1370000.0,48,3,5,0,2373000,2023-07-07,2023-07-15,Home,Contract,Hyderabad,0,0,
101219,51442,30,694000.0,618.0,13.0,655000.0,72,0,1,0,374000,2024-04-20,2024-04-27,Auto,Contract,Coimbatore,0,0,
101220,50202,59,266000.0,577.0,39.0,326000.0,48,1,1,0,129000,2025-07-05,2025-07-12,Business,Self-Employed,Mumbai,1,240000,14.19
101221,50864,26,204000.0,762.0,9.0,1252000.0,60,2,5,0,1181000,2024-10-10,2024-10-20,Home,Business Owner,Pune,0,0,
101222,50959,41,878000.0,542.0,18.0,1542000.0,12,2,3,2,745000,2023-06-11,2023-06-14,Personal,Self-Employed,Mumbai,0,0,
101223,51169,44,599000.0,677.0,14.0,1147000.0,72,1,2,1,1466000,2025-03-12,2025-03-17,Education,Business Owner,Mumbai,0,0,
101224,50181,42,1020000.0,850.0,22.0,640000.0,36,3,4,0,848000,2023-02-16,2023-02-17,Education,Self-Employed,Kochi,0,0,
101225,50036,36,323000.0,689.0,19.0,1243000.0,36,1,3,0,459000,2023-01-24,2023-02-03,Business,Self-Employed,Mumbai,0,0,
101226,51060,37,758000.0,617.0,19.0,4615000.0,36,3,3,0,934000,2023-06-23,2023-06-27,Auto,Self-Employed,Bengaluru,0,0,
101227,51421,38,1391000.0,686.0,13.0,746000.0,48,2,4,2,1282000,2025-05-28,2025-06-01,Personal,Contract,Coimbatore,0,0,
101228,50532,37,725000.0,687.0,15.0,340000.0,36,3,3,1,723000,2025-02-12,2025-02-13,Auto,Self-Employed,Bengaluru,0,0,
101229,51254,48,680000.0,700.0,24.0,507000.0,12,1,2,0,448000,2023-08-18,2023-08-25,Auto,Business Owner,Bengaluru,0,0,
101230,51235,60,602000.0,733.0,35.0,987000.0,12,1,1,1,402000,2024-12-03,2024-12-08,Business,Contract,Pune,1,631000,12.21
101231,50470,32,296000.0,622.0,14.0,290000.0,72,0,1,1,163000,2023-04-28,2023-04-29,Education,Self-Employed,Hyderabad,0,0,
101232,51030,24,1104000.0,800.0,0.0,768000.0,72,1,1,0,211000,2023-02-22,2023-02-27,Auto,Salaried,Coimbatore,1,642000,11.05
101233,50459,37,456000.0,706.0,11.0,863000.0,36,1,5,0,963000,2025-08-05,2025-08-13,Auto,Contract,Kochi,0,0,
101234,51418,64,753000.0,737.0,38.0,1628000.0,48,1,1,0,432000,2024-07-25,2024-08-04,Personal,Salaried,Chennai,1,1226000,10.99
101235,50159,30,297000.0,649.0,2.0,1439000.0,24,2,3,0,865000,2024-06-06,2024-06-14,Education,Self-Employed,Delhi,0,0,
101236,51170,54,353000.0,774.0,33.0,1126000.0,60,3,3,0,440000,2025-02-10,2025-02-12,Auto,Business Owner,Coimbatore,0,0,
101237,50352,55,1144000.0,673.0,38.0,213000.0,36,4,5,1,772000,2025-02-20,2025-02-21,Home,Salaried,Chennai,1,206000,12.54
101238,50874,32,513000.0,708.0,9.0,,84,1,5,1,3189000,2024-10-16,2024-10-18,Home,Salaried,Pune,0,0,
101239,51071,44,1154000.0,629.0,16.0,1032000.0,36,1,3,0,1289000,2023-04-23,2023-04-29,Education,Contract,Pune,0,0,
101240,50110,54,579000.0,625.0,35.0,806000.0,72,0,0,0,0,2023-04-09,2023-04-14,Education,Salaried,Mumbai,0,0,
101241,50976,34,262000.0,735.0,19.0,270000.0,84,0,2,0,503000,2024-04-17,2024-04-21,Business,Self-Employed,Pune,0,0,
101242,50487,36,896000.0,661.0,11.0,457000.0,60,0,0,0,0,2025-11-12,2025-11-20,Auto,Contract,Chennai,1,416000,13.32
101243,50217,32,460000.0,635.0,8.0,368000.0,84,1,1,0,144000,2023-08-27,2023-09-01,Home,Salaried,Delhi,0,0,
101244,50104,28,822000.0,648.0,8.0,231000.0,24,0,1,0,364000,2024-09-12,2024-09-16,Home,Business Owner,Chennai,1,201000,12.08
101245,50680,32,607000.0,735.0,16.0,699000.0,72,1,3,0,601000,2024-11-02,2024-11-10,Education,Contract,Pune,0,0,
101246,51363,26,300000.0,649.0,2.0,451000.0,36,1,3,0,662000,2024-01-22,2024-01-23,Education,Business Owner,Delhi,1,373000,12.56
101247,51307,38,646000.0,682.0,11.0,2966000.0,36,0,2,0,719000,2024-08-28,2024-09-06,Personal,Business Owner,Delhi,0,0,
101248,51052,30,1612000.0,691.0,11.0,638000.0,24,0,0,0,0,2023-05-02,2023-05-04,Personal,Contract,Chennai,1,566000,11.62
101249,50766,40,749000.0,565.0,21.0,1426000.0,60,2,2,1,402000,2024-07-16,2024-07-24,Education,Salaried,Kochi,0,0,
101250,50944,22,585000.0,594.0,0.0,295000.0,12,1,2,0,390000,2023-11-13,2023-11-22,Personal,Salaried,Mumbai,0,0,
101251,51446,41,973000.0,,17.0,523000.0,84,2,4,0,370000,2023-01-20,2023-01-30,Education,Business Owner,Kochi,0,0,
101252,50812,46,660000.0,642.0,28.0,738000.0,36,2,3,0,1098000,2024-06-25,2024-07-03,Education,Salaried,Mumbai,1,635000,12.94
101253,50505,21,659000.0,759.0,1.0,425000.0,36,1,4,1,605000,2024-02-09,2024-02-18,Business,Contract,Bengaluru,0,0,
101254,51278,42,367000.0,753.0,17.0,555000.0,72,4,4,0,2532000,2025-09-04,2025-09-08,Personal,Business Owner,Chennai,0,0,
101255,50901,50,667000.0,737.0,28.0,621000.0,48,1,3,0,650000,2024-11-23,2024-11-25,Auto,Self-Employed,Kochi,0,0,
101256,51264,26,956000.0,808.0,0.0,615000.0,24,3,3,0,1443000,2023-04-22,2023-04-25,Auto,Self-Employed,Coimbatore,0,0,
101257,50241,55,412000.0,685.0,36.0,1942000.0,36,2,3,0,304000,2025-10-30,2025-11-07,Business,Self-Employed,Hyderabad,1,631000,12.76
101258,50202,42,1139000.0,732.0,19.0,862000.0,48,0,2,0,721000,2024-01-14,2024-01-19,Auto,Salaried,Bengaluru,0,0,
101259,51159,31,576000.0,652.0,7.0,911000.0,72,0,1,0,410000,2025-07-28,2025-08-01,Auto,Self-Employed,Chennai,0,0,
101260,51497,37,402000.0,849.0,15.0,942000.0,72,4,6,0,2878000,2023-08-26,2023-08-29,Business,Self-Employed,Bengaluru,1,638000,11.55
101261,50426,44,940000.0,819.0,22.0,980000.0,12,2,3,0,349000,2024-10-05,2024-10-08,Home,Business Owner,Pune,0,0,
101262,50354,39,527000.0,691.0,21.0,669000.0,24,1,4,0,704000,2023-11-26,2023-12-06,Business,Contract,Pune,0,0,
101263,50367,43,844000.0,715.0,23.0,587000.0,84,1,2,0,667000,2023-07-04,2023-07-14,Business,Business Owner,Pune,0,0,
101264,50085,29,526000.0,778.0,6.0,767000.0,12,0,1,0,269000,2024-04-26,2024-05-03,Personal,Business Owner,Chennai,1,654000,11.61
101265,51181,40,584000.0,680.0,21.0,1323000.0,48,3,4,0,1158000,2024-08-23,2024-08-31,Auto,Self-Employed,Kochi,0,0,
101266,50337,24,749000.0,647.0,,1301000.0,72,2,3,0,626000,2023-12-28,2024-01-02,Auto,Business Owner,Chennai,1,1002000,11.9
101267,51215,37,684000.0,747.0,13.0,613000.0,60,1,2,0,1086000,2025-11-25,2025-12-03,Home,Self-Employed,Bengaluru,1,510000,11.83
101268,50932,29,244000.0,695.0,7.0,1068000.0,72,2,3,0,2764000,2024-05-30,2024-06-08,Business,Salaried,Chennai,0,0,
101269,50936,31,362000.0,702.0,8.0,629000.0,24,0,5,0,1317000,2023-11-26,2023-11-30,Education,Self-Employed,Delhi,0,0,
101270,50021,50,912000.0,636.0,30.0,713000.0,60,0,1,0,314000,2023-09-26,2023-09-28,Home,Contract,Chennai,0,0,
101271,50656,49,565000.0,578.0,26.0,539000.0,48,1,5,1,1286000,2025-12-29,2026-01-03,Home,Business Owner,Hyderabad,0,0,
101272,50492,44,474000.0,705.0,20.0,633000.0,24,0,3,0,1425000,2025-08-12,2025-08-14,Auto,Contract,Coimbatore,0,0,
101273,51161,27,326000.0,749.0,13.0,1464000.0,36,0,0,0,0,2024-01-13,2024-01-23,Auto,Contract,Mumbai,0,0,
101274,51260,35,369000.0,675.0,17.0,737000.0,48,0,0,0,0,2023-10-20,2023-10-22,Auto,Business Owner,Hyderabad,1,629000,12.54
101275,51027,50,242000.0,783.0,25.0,754000.0,72,1,2,1,368000,2023-12-26,2024-01-01,Auto,Business Owner,Mumbai,0,0,
101276,50023,39,573000.0,644.0,19.0,316000.0,48,2,3,0,453000,2024-06-07,2024-06-17,Home,Business Owner,Mumbai,0,0,
101277,50141,61,458000.0,621.0,39.0,591000.0,12,3,5,0,4809000,2024-09-15,2024-09-25,Business,Contract,Coimbatore,0,0,
101278,51062,42,388000.0,686.0,22.0,613000.0,60,1,3,0,1030000,2025-11-25,2025-11-26,Auto,Salaried,Delhi,0,0,
101279,51186,40,582000.0,685.0,19.0,444000.0,72,0,4,1,742000,2023-12-10,2023-12-12,Personal,Contract,Hyderabad,0,0,
101280,50222,35,707000.0,740.0,18.0,708000.0,84,0,0,0,0,2024-09-09,2024-09-14,Home,Salaried,Chennai,1,665000,12.63
101281,50743,39,1539000.0,640.0,18.0,553000.0,72,1,4,0,1496000,2024-07-28,2024-08-07,Education,Self-Employed,Coimbatore,0,0,
101282,51434,36,304000.0,779.0,14.0,731000.0,24,2,3,0,1179000,2024-02-01,2024-02-06,Education,Business Owner,Chennai,1,444000,11.85
101283,50020,45,1011000.0,818.0,27.0,748000.0,72,1,2,0,745000,2024-02-25,2024-03-06,Business,Contract,Chennai,1,744000,12.79
101284,51126,48,930000.0,687.0,27.0,414000.0,24,2,3,0,606000,2024-10-22,2024-10-25,Home,Salaried,Pune,0,0,
101285,50905,30,423000.0,771.0,8.0,562000.0,36,2,3,0,874000,2024-02-06,2024-02-11,Home,Salaried,Chennai,0,0,
101286,51331,25,657000.0,621.0,4.0,730000.0,24,1,4,0,1057000,2023-02-15,2023-02-24,Home,Salaried,Chennai,0,0,
101287,51081,21,488000.0,760.0,0.0,1343000.0,36,2,2,1,313000,2024-11-17,2024-11-19,Personal,Business Owner,Kochi,0,0,
101288,50678,43,652000.0,758.0,21.0,806000.0,24,0,2,0,315000,2023-06-03,2023-06-09,Personal,Salaried,Kochi,0,0,
101289,51164,27,1183000.0,746.0,3.0,486000.0,84,2,4,0,1229000,2023-09-18,2023-09-26,Auto,Business Owner,Hyderabad,0,0,
101290,51498,21,788000.0,689.0,0.0,872000.0,72,1,3,0,827000,2024-10-06,2024-10-09,Education,Contract,Mumbai,0,0,
101291,50117,42,754000.0,498.0,16.0,1790000.0,12,1,1,0,330000,2023-10-14,2023-10-16,Personal,Salaried,Mumbai,0,0,
101292,51162,63,494000.0,648.0,35.0,1159000.0,72,0,1,0,371000,2025-04-24,2025-04-25,Education,Salaried,Hyderabad,0,0,
101293,50321,38,308000.0,649.0,12.0,946000.0,48,1,1,0,529000,2024-09-30,2024-10-01,Home,Business Owner,Mumbai,0,0,
101294,50268,46,546000.0,626.0,23.0,1043000.0,24,2,6,0,1018000,2024-12-05,2024-12-09,Personal,Business Owner,Pune,0,0,
101295,50436,39,1033000.0,698.0,17.0,,48,2,3,0,1028000,2023-06-06,2023-06-12,Education,Contract,Coimbatore,0,0,
101296,50766,37,302000.0,663.0,14.0,1265000.0,60,2,3,0,1091000,2024-09-05,2024-09-12,Personal,Business Owner,Chennai,1,304000,13.74
101297,51075,47,373000.0,636.0,16.0,956000.0,48,3,4,0,856000,2024-03-04,2024-03-12,Home,Contract,Chennai,0,0,
101298,50982,35,635000.0,621.0,19.0,1260000.0,60,0,1,1,266000,2025-09-08,2025-09-16,Home,Contract,Delhi,0,0,
101299,50320,41,385000.0,643.0,23.0,386000.0,24,1,3,0,650000,2025-05-01,2025-05-11,Home,Salaried,Pune,0,0,
101300,50732,41,420000.0,763.0,21.0,306000.0,84,2,3,0,2152000,2023-09-24,2023-09-25,Auto,Self-Employed,Chennai,0,0,
101301,51362,31,496000.0,647.0,17.0,763000.0,12,0,0,0,0,2023-02-28,2023-03-08,Education,Self-Employed,Bengaluru,0,0,
101302,50745,48,325000.0,657.0,22.0,727000.0,12,1,2,0,627000,2024-09-08,2024-09-18,Auto,Business Owner,Coimbatore,0,0,
101303,50024,36,387000.0,660.0,22.0,519000.0,48,3,5,1,1095000,2023-06-20,2023-06-21,Business,Business Owner,Bengaluru,1,457000,12.73
101304,51306,30,823000.0,712.0,4.0,1102000.0,12,2,8,0,1574000,2024-10-18,2024-10-21,Business,Self-Employed,Hyderabad,0,0,
101305,51060,43,333000.0,720.0,22.0,251000.0,60,1,3,1,391000,2025-04-16,2025-04-21,Personal,Contract,Bengaluru,1,194000,13.53
101306,50875,29,292000.0,492.0,2.0,522000.0,12,1,3,0,1300000,2025-10-20,2025-10-30,Personal,Self-Employed,Kochi,1,346000,15.38
101307,50824,38,,756.0,16.0,536000.0,12,2,5,0,1836000,2025-04-01,2025-04-11,Personal,Contract,Mumbai,1,423000,11.23
101308,50720,38,834000.0,783.0,18.0,285000.0,72,1,2,0,430000,2025-01-03,2025-01-11,Auto,Contract,Mumbai,1,224000,10.81
101309,50826,49,549000.0,622.0,26.0,1593000.0,72,4,6,0,956000,2024-02-02,2024-02-10,Home,Business Owner,Coimbatore,1,1185000,11.38
101310,50544,43,487000.0,627.0,24.0,331000.0,12,0,0,0,0,2025-11-04,2025-11-10,Personal,Business Owner,Bengaluru,0,0,
101311,50258,38,612000.0,661.0,16.0,506000.0,36,0,2,0,390000,2025-08-26,2025-08-30,Personal,Business Owner,Bengaluru,0,0,
101312,51362,46,274000.0,641.0,22.0,1153000.0,36,0,2,1,447000,2024-04-06,2024-04-10,Business,Self-Employed,Chennai,1,307000,11.96
101313,50177,52,750000.0,705.0,28.0,999000.0,48,1,2,0,266000,2023-05-18,2023-05-26,Home,Self-Employed,Coimbatore,0,0,
101314,51454,44,713000.0,563.0,25.0,381000.0,84,2,2,0,557000,2025-01-31,2025-02-03,Auto,Self-Employed,Chennai,0,0,
101315,50595,38,499000.0,617.0,13.0,1019000.0,72,1,2,0,563000,2023-05-30,2023-06-07,Home,Contract,Coimbatore,0,0,
101316,50890,25,943000.0,790.0,7.0,821000.0,24,0,1,0,432000,2025-05-12,2025-05-16,Business,Business Owner,Delhi,0,0,
101317,50268,27,361000.0,630.0,10.0,2526000.0,72,1,2,0,464000,2025-02-19,2025-03-01,Auto,Salaried,Kochi,1,846000,14.55
101318,50717,35,997000.0,771.0,6.0,874000.0,24,1,5,1,1058000,2024-08-15,2024-08-24,Education,Self-Employed,Coimbatore,1,669000,10.81
101319,50447,32,643000.0,713.0,15.0,648000.0,60,1,2,0,230000,2023-10-27,2023-10-29,Personal,Salaried,Bengaluru,0,0,
101320,50675,36,516000.0,572.0,22.0,437000.0,60,2,4,0,1734000,2025-01-28,2025-02-07,Auto,Salaried,Pune,0,0,
101321,50240,39,595000.0,731.0,18.0,465000.0,48,3,4,0,1563000,2025-06-03,2025-06-04,Business,Self-Employed,Kochi,1,451000,11.9
101322,50117,43,572000.0,682.0,23.0,444000.0,84,2,3,1,761000,2024-05-18,2024-05-22,Home,Self-Employed,Kochi,0,0,
101323,51430,37,1039000.0,660.0,19.0,1488000.0,36,1,3,0,386000,2025-03-12,2025-03-21,Auto,Self-Employed,Chennai,0,0,
101324,50266,43,370000.0,706.0,20.0,707000.0,12,0,4,0,545000,2025-03-28,2025-04-04,Business,Business Owner,Kochi,0,0,
101325,51330,39,426000.0,721.0,18.0,955000.0,36,2,4,1,761000,2023-11-06,2023-11-15,Auto,Salaried,Hyderabad,0,0,
101326,51443,21,956000.0,736.0,0.0,1610000.0,72,2,2,1,810000,2024-07-27,2024-08-05,Personal,Contract,Chennai,0,0,
101327,50656,29,459000.0,767.0,8.0,191000.0,36,2,4,0,1156000,2024-08-18,2024-08-28,Home,Salaried,Hyderabad,0,0,
101328,50804,37,900000.0,717.0,17.0,1414000.0,72,1,3,0,355000,2023-01-27,2023-02-05,Home,Contract,Mumbai,0,0,
101329,50587,26,1289000.0,601.0,6.0,722000.0,48,2,3,0,918000,2024-01-16,2024-01-25,Auto,Salaried,Coimbatore,0,0,
101330,51041,44,501000.0,659.0,26.0,889000.0,36,2,2,0,329000,2023-05-11,2023-05-18,Business,Salaried,Delhi,0,0,
101331,50012,53,815000.0,850.0,28.0,444000.0,24,1,1,0,193000,2024-09-30,2024-10-08,Personal,Business Owner,Chennai,1,405000,9.89
101332,50515,50,357000.0,737.0,26.0,462000.0,36,3,4,0,1626000,2025-10-16,2025-10-18,Personal,Contract,Coimbatore,1,294000,11.15
101333,50883,36,843000.0,844.0,22.0,916000.0,24,2,4,0,1466000,2023-10-12,2023-10-21,Auto,Self-Employed,Kochi,0,0,
101334,50585,53,656000.0,781.0,30.0,2598000.0,60,2,3,0,1295000,2025-01-06,2025-01-08,Education,Self-Employed,Pune,0,0,
101335,50083,39,742000.0,706.0,18.0,1215000.0,60,4,4,0,988000,2025-12-27,2026-01-04,Auto,Business Owner,Chennai,1,715000,12.4
101336,50383,35,449000.0,710.0,13.0,1404000.0,72,1,4,0,1555000,2023-08-21,2023-08-23,Personal,Self-Employed,Mumbai,0,0,
101337,50626,32,284000.0,688.0,7.0,630000.0,48,3,5,0,932000,2024-09-02,2024-09-10,Home,Salaried,Chennai,0,0,
101338,50084,35,752000.0,577.0,19.0,503000.0,12,3,5,0,1099000,2023-08-10,2023-08-13,Auto,Business Owner,Mumbai,0,0,
101339,50984,34,237000.0,691.0,10.0,456000.0,36,5,5,0,1062000,2024-03-28,2024-03-30,Auto,Contract,Coimbatore,0,0,
101340,50513,40,520000.0,769.0,13.0,535000.0,12,0,4,0,1012000,2023-10-31,2023-11-06,Home,Business Owner,Delhi,0,0,
101341,50172,40,916000.0,651.0,16.0,226000.0,24,1,4,1,526000,2025-07-24,2025-07-30,Auto,Salaried,Bengaluru,0,0,
101342,50491,38,654000.0,717.0,8.0,470000.0,12,0,1,0,223000,2023-09-21,2023-09-22,Business,Business Owner,Pune,0,0,
101343,50266,42,1442000.0,745.0,17.0,514000.0,36,1,4,0,2066000,2023-12-31,2024-01-07,Home,Salaried,Delhi,0,0,
101344,51483,50,952000.0,631.0,24.0,636000.0,72,1,1,1,145000,2025-01-11,2025-01-12,Home,Business Owner,Hyderabad,0,0,
101345,51032,47,447000.0,661.0,27.0,753000.0,12,3,3,1,386000,2024-03-31,2024-04-04,Home,Contract,Coimbatore,0,0,
101346,50145,23,607000.0,624.0,0.0,854000.0,12,2,5,0,670000,2024-05-19,2024-05-25,Personal,Contract,Pune,0,0,
101347,51159,21,587000.0,637.0,3.0,694000.0,12,1,1,0,946000,2023-11-24,2023-12-02,Auto,Self-Employed,Pune,0,0,
101348,50637,47,294000.0,606.0,31.0,508000.0,48,0,0,0,0,2025-03-29,2025-04-06,Education,Salaried,Bengaluru,0,0,
101349,50831,24,393000.0,631.0,5.0,238000.0,84,2,2,0,437000,2025-01-05,2025-01-15,Auto,Self-Employed,Coimbatore,0,0,
101350,50863,36,466000.0,782.0,13.0,510000.0,12,1,5,0,1293000,2024-05-06,2024-05-13,Auto,Business Owner,Coimbatore,1,509000,10.97
101351,51445,26,240000.0,630.0,5.0,410000.0,36,1,2,1,560000,2024-04-05,2024-04-10,Personal,Business Owner,Chennai,0,0,
101352,50068,21,613000.0,698.0,0.0,905000.0,72,2,3,0,544000,2024-07-19,2024-07-25,Business,Business Owner,Mumbai,1,529000,13.01
101353,51278,43,536000.0,657.0,20.0,1154000.0,36,2,2,0,386000,2025-03-30,2025-04-07,Business,Business Owner,Delhi,0,0,
101354,50775,46,283000.0,767.0,21.0,1173000.0,12,4,6,0,1386000,2024-05-30,2024-06-02,Personal,Contract,Mumbai,0,0,
101355,50400,32,720000.0,775.0,13.0,1061000.0,48,0,1,0,174000,2024-02-22,2024-02-28,Personal,Business Owner,Kochi,1,877000,12.46
101356,51380,21,828000.0,746.0,9.0,650000.0,24,1,2,0,410000,2024-02-12,2024-02-16,Personal,Contract,Chennai,0,0,
101357,50782,33,665000.0,710.0,13.0,525000.0,12,3,3,0,895000,2025-04-23,2025-04-26,Auto,Self-Employed,Chennai,1,423000,12.9
101358,50250,42,519000.0,675.0,12.0,464000.0,48,2,3,0,456000,2023-02-04,2023-02-07,Personal,Contract,Coimbatore,0,0,
101359,51188,23,783000.0,613.0,0.0,306000.0,60,1,3,0,2766000,2023-06-03,2023-06-07,Education,Contract,Kochi,0,0,
101360,50885,40,815000.0,816.0,18.0,1208000.0,36,0,2,1,729000,2025-12-23,2025-12-29,Home,Salaried,Kochi,0,0,
101361,51291,38,689000.0,641.0,16.0,636000.0,60,1,3,0,397000,2025-06-08,2025-06-09,Business,Business Owner,Mumbai,0,0,
101362,50384,44,414000.0,733.0,19.0,353000.0,36,2,4,0,290000,2024-07-21,2024-07-23,Education,Business Owner,Delhi,0,0,
101363,51409,39,680000.0,759.0,18.0,444000.0,24,4,6,0,1064000,2023-08-17,2023-08-21,Business,Business Owner,Coimbatore,0,0,
101364,51289,28,1028000.0,654.0,1.0,435000.0,72,1,1,0,352000,2025-09-02,2025-09-12,Auto,Self-Employed,Delhi,0,0,
101365,50537,50,459000.0,,24.0,717000.0,48,1,3,2,958000,2025-09-27,2025-10-06,Auto,Business Owner,Delhi,0,0,
101366,50783,36,1542000.0,740.0,17.0,1259000.0,24,3,5,0,1183000,2025-03-15,2025-03-23,Personal,Business Owner,Bengaluru,0,0,
101367,50570,38,474000.0,802.0,12.0,578000.0,60,1,3,1,555000,2024-07-17,2024-07-27,Business,Business Owner,Kochi,0,0,
101368,50024,29,609000.0,659.0,9.0,203000.0,48,0,2,0,318000,2025-07-03,2025-07-11,Auto,Salaried,Bengaluru,0,0,
101369,51396,34,443000.0,606.0,7.0,631000.0,84,0,2,0,409000,2023-01-15,2023-01-22,Auto,Contract,Delhi,0,0,
101370,50967,29,663000.0,657.0,14.0,642000.0,60,1,3,0,452000,2025-06-13,2025-06-19,Business,Salaried,Kochi,0,0,
101371,51151,36,274000.0,704.0,11.0,619000.0,12,1,2,1,410000,2025-05-03,2025-05-10,Auto,Business Owner,Chennai,0,0,
101372,51198,55,469000.0,694.0,32.0,496000.0,84,2,4,0,1945000,2023-12-06,2023-12-12,Personal,Contract,Kochi,0,0,
101373,50018,24,367000.0,664.0,3.0,789000.0,60,0,1,1,170000,2023-12-29,2024-01-01,Auto,Salaried,Kochi,0,0,
101374,51475,22,638000.0,566.0,0.0,726000.0,24,0,0,0,0,2023-06-29,2023-07-05,Education,Business Owner,Mumbai,1,612000,16.04
101375,51087,53,939000.0,721.0,32.0,691000.0,84,2,3,0,1099000,2024-08-11,2024-08-18,Education,Business Owner,Bengaluru,1,534000,11.41
101376,51176,36,802000.0,818.0,16.0,878000.0,24,1,2,0,291000,2023-08-03,2023-08-09,Personal,Salaried,Delhi,1,729000,9.47
101377,50474,31,206000.0,720.0,13.0,553000.0,12,0,0,0,0,2025-12-04,2025-12-06,Education,Contract,Mumbai,0,0,
101378,50750,48,1504000.0,730.0,29.0,536000.0,48,2,3,0,1280000,2023-12-18,2023-12-24,Auto,Contract,Delhi,1,467000,11.68
101379,51032,32,685000.0,727.0,9.0,1495000.0,60,3,5,0,787000,2023-01-21,2023-01-23,Education,Salaried,Mumbai,0,0,
101380,50224,56,423000.0,716.0,33.0,952000.0,72,1,2,2,486000,2025-09-15,2025-09-16,Education,Business Owner,Hyderabad,0,0,
101381,50200,45,644000.0,751.0,32.0,1103000.0,60,0,2,2,1387000,2024-07-18,2024-07-28,Auto,Contract,Bengaluru,0,0,
101382,50133,33,650000.0,716.0,15.0,1374000.0,60,0,0,0,0,2024-10-30,2024-11-09,Business,Salaried,Bengaluru,1,601000,11.24
101383,50848,60,444000.0,670.0,34.0,935000.0,48,1,2,1,522000,2025-08-01,2025-08-11,Personal,Salaried,Coimbatore,1,734000,13.47
101384,50539,32,656000.0,638.0,10.0,1166000.0,84,1,2,0,761000,2024-01-04,2024-01-09,Business,Salaried,Delhi,0,0,
101385,50382,45,456000.0,674.0,22.0,294000.0,84,1,3,0,729000,2024-10-20,2024-10-24,Business,Contract,Coimbatore,0,0,
101386,51215,41,500000.0,710.0,18.0,783000.0,24,2,5,0,2080000,2024-11-24,2024-12-03,Education,Self-Employed,Delhi,1,768000,12.03
101387,50231,51,441000.0,669.0,24.0,633000.0,12,1,1,1,90000,2025-10-19,2025-10-28,Home,Self-Employed,Pune,1,475000,12.65
101388,50705,54,315000.0,710.0,30.0,1761000.0,72,1,2,1,466000,2023-12-25,2024-01-03,Business,Self-Employed,Mumbai,1,748000,10.74
101389,50575,38,641000.0,719.0,23.0,1166000.0,48,2,2,0,176000,2024-05-17,2024-05-20,Auto,Self-Employed,Delhi,0,0,
101390,50901,30,781000.0,744.0,10.0,495000.0,12,2,5,0,1355000,2023-02-01,2023-02-11,Auto,Self-Employed,Chennai,1,449000,12.88
101391,51347,43,756000.0,773.0,11.0,859000.0,36,0,2,0,444000,2023-12-24,2023-12-27,Auto,Business Owner,Coimbatore,1,850000,11.46
101392,50052,31,868000.0,695.0,14.0,768000.0,84,3,3,0,1481000,2023-03-03,2023-03-06,Home,Salaried,Coimbatore,0,0,
101393,50337,58,694000.0,605.0,40.0,899000.0,12,1,3,1,1071000,2024-03-27,2024-04-06,Home,Self-Employed,Pune,1,768000,12.44
101394,50993,39,472000.0,668.0,16.0,400000.0,84,0,1,1,192000,2024-02-10,2024-02-15,Personal,Contract,Pune,0,0,
101395,50595,34,875000.0,693.0,15.0,853000.0,36,1,5,0,1020000,2025-10-02,2025-10-08,Home,Salaried,Kochi,0,0,
101396,50333,40,326000.0,571.0,15.0,617000.0,12,1,1,0,302000,2023-12-23,2023-12-29,Personal,Contract,Mumbai,0,0,
101397,51459,25,400000.0,780.0,1.0,818000.0,36,1,3,0,563000,2023-05-11,2023-05-14,Auto,Contract,Pune,1,420000,12.16
101398,50683,28,389000.0,699.0,12.0,470000.0,60,2,6,0,1476000,2025-11-11,2025-11-13,Home,Contract,Bengaluru,1,373000,13.54
101399,50695,50,976000.0,715.0,27.0,507000.0,72,2,5,0,2415000,2024-08-18,2024-08-24,Education,Business Owner,Coimbatore,0,0,
101400,50474,31,917000.0,779.0,2.0,1335000.0,48,4,5,0,826000,2023-08-14,2023-08-18,Education,Contract,Chennai,0,0,
101401,50809,28,747000.0,649.0,6.0,393000.0,60,3,4,0,799000,2025-08-10,2025-08-19,Education,Salaried,Kochi,0,0,
101402,50803,43,972000.0,727.0,21.0,409000.0,24,3,3,0,643000,2024-01-29,2024-01-31,Home,Salaried,Mumbai,0,0,
101403,50720,50,404000.0,683.0,33.0,680000.0,48,0,0,0,0,2025-05-20,2025-05-24,Home,Business Owner,Bengaluru,1,532000,12.71
101404,50825,45,702000.0,678.0,23.0,458000.0,60,2,3,0,1017000,2023-03-28,2023-03-30,Home,Business Owner,Hyderabad,0,0,
101405,51432,48,567000.0,640.0,24.0,430000.0,12,1,2,0,881000,2024-06-06,2024-06-11,Education,Salaried,Chennai,0,0,
101406,50798,30,878000.0,798.0,12.0,742000.0,48,1,1,1,367000,2023-04-03,2023-04-06,Auto,Salaried,Pune,0,0,
101407,50379,24,570000.0,666.0,2.0,306000.0,12,1,3,0,1139000,2025-03-14,2025-03-18,Business,Contract,Delhi,0,0,
101408,50764,53,505000.0,735.0,28.0,402000.0,60,0,1,0,317000,2023-06-02,2023-06-11,Auto,Contract,Bengaluru,1,357000,13.05
101409,50721,35,765000.0,568.0,18.0,2166000.0,48,0,2,0,600000,2023-12-20,2023-12-30,Home,Business Owner,Kochi,0,0,
101410,50205,35,890000.0,767.0,14.0,901000.0,60,2,2,0,242000,2025-05-28,2025-06-02,Business,Self-Employed,Mumbai,0,0,
101411,50358,51,444000.0,758.0,29.0,464000.0,24,0,0,0,0,2024-08-30,2024-09-08,Business,Contract,Delhi,0,0,
101412,50249,44,584000.0,696.0,23.0,881000.0,84,0,0,0,0,2025-09-09,2025-09-14,Auto,Contract,Hyderabad,1,796000,10.51
101413,50903,43,373000.0,675.0,17.0,956000.0,60,2,9,0,2955000,2025-07-05,2025-07-15,Education,Self-Employed,Pune,0,0,
101414,50905,60,195000.0,716.0,36.0,1210000.0,72,0,2,0,483000,2025-07-03,2025-07-12,Personal,Contract,Pune,0,0,
101415,51173,32,657000.0,839.0,10.0,653000.0,24,2,5,0,1831000,2024-02-13,2024-02-21,Education,Self-Employed,Kochi,1,540000,10.19
101416,50670,47,789000.0,575.0,24.0,1198000.0,60,3,4,1,1600000,2023-07-30,2023-07-31,Education,Self-Employed,Chennai,0,0,
101417,50613,39,675000.0,741.0,22.0,228000.0,48,2,6,1,350000,2024-01-18,2024-01-21,Business,Salaried,Coimbatore,0,0,
101418,50790,41,250000.0,631.0,20.0,392000.0,12,1,2,0,402000,2025-05-20,2025-05-25,Home,Self-Employed,Coimbatore,0,0,
101419,50943,53,512000.0,689.0,34.0,766000.0,48,1,1,0,99000,2025-10-25,2025-10-28,Home,Self-Employed,Kochi,1,586000,12.19
101420,51342,43,221000.0,674.0,21.0,839000.0,60,0,1,0,282000,2024-02-15,2024-02-25,Business,Business Owner,Chennai,0,0,
101421,50511,43,1111000.0,662.0,25.0,,72,1,2,0,430000,2023-01-04,2023-01-05,Education,Business Owner,Coimbatore,0,0,
101422,50287,49,368000.0,689.0,29.0,807000.0,60,0,4,2,1970000,2025-07-29,2025-07-31,Auto,Business Owner,Mumbai,0,0,
101423,50388,34,1056000.0,616.0,12.0,497000.0,60,1,2,0,555000,2024-03-06,2024-03-08,Personal,Contract,Kochi,0,0,
101424,50778,30,918000.0,757.0,8.0,601000.0,36,1,1,0,196000,2024-02-16,2024-02-20,Education,Business Owner,Chennai,0,0,
101425,50734,28,400000.0,573.0,2.0,1230000.0,24,1,3,0,1199000,2023-02-04,2023-02-10,Education,Salaried,Chennai,0,0,
101426,51001,21,360000.0,725.0,1.0,1154000.0,12,1,2,1,426000,2025-06-26,2025-06-28,Personal,Salaried,Delhi,0,0,
101427,50903,59,702000.0,669.0,37.0,405000.0,24,0,2,0,390000,2023-03-21,2023-03-27,Auto,Salaried,Pune,1,365000,13.58
101428,50143,27,410000.0,614.0,3.0,391000.0,60,2,3,0,913000,2023-03-16,2023-03-17,Personal,Contract,Coimbatore,0,0,
101429,51427,36,628000.0,703.0,18.0,558000.0,60,0,0,0,0,2025-03-21,2025-03-29,Business,Self-Employed,Pune,1,506000,10.87
101430,50586,35,483000.0,589.0,8.0,690000.0,24,1,2,0,766000,2023-10-11,2023-10-14,Personal,Self-Employed,Chennai,1,522000,13.58
101431,51191,41,269000.0,693.0,17.0,487000.0,24,2,2,1,664000,2024-12-27,2025-01-04,Personal,Salaried,Hyderabad,0,0,
101432,50564,46,220000.0,598.0,28.0,1241000.0,72,2,4,0,3957000,2023-12-03,2023-12-06,Education,Self-Employed,Chennai,0,0,
101433,51404,47,664000.0,720.0,26.0,847000.0,24,1,1,0,173000,2024-08-08,2024-08-09,Education,Self-Employed,Coimbatore,0,0,
101434,51234,32,466000.0,630.0,10.0,875000.0,36,2,2,0,343000,2024-07-20,2024-07-24,Home,Self-Employed,Coimbatore,0,0,
101435,50781,36,,661.0,15.0,349000.0,24,0,2,0,538000,2023-03-24,2023-03-27,Personal,Contract,Coimbatore,0,0,
101436,51068,41,821000.0,709.0,20.0,1330000.0,60,0,0,0,0,2023-11-14,2023-11-22,Business,Self-Employed,Coimbatore,0,0,
101437,50465,36,1017000.0,640.0,8.0,148000.0,12,0,2,0,312000,2025-05-24,2025-05-25,Home,Self-Employed,Kochi,0,0,
101438,50762,54,531000.0,686.0,31.0,1107000.0,48,0,2,1,1202000,2024-11-09,2024-11-18,Personal,Contract,Delhi,0,0,
101439,51355,43,515000.0,592.0,27.0,1170000.0,72,1,2,0,243000,2024-11-30,2024-12-09,Education,Business Owner,Mumbai,0,0,
101440,50657,45,751000.0,731.0,20.0,552000.0,24,1,2,2,471000,2025-04-13,2025-04-19,Business,Salaried,Kochi,0,0,
101441,51332,45,326000.0,805.0,22.0,1410000.0,24,0,2,1,545000,2025-08-12,2025-08-17,Auto,Contract,Delhi,1,641000,11.25
101442,50851,50,663000.0,850.0,26.0,676000.0,24,0,1,0,161000,2025-09-13,2025-09-18,Home,Contract,Coimbatore,0,0,
101443,50071,40,769000.0,696.0,18.0,724000.0,72,0,1,0,183000,2023-01-19,2023-01-25,Education,Salaried,Kochi,0,0,
101444,50915,25,815000.0,741.0,1.0,844000.0,12,0,1,0,372000,2025-03-24,2025-03-31,Auto,Self-Employed,Kochi,1,751000,9.95
101445,51314,42,251000.0,574.0,22.0,4039000.0,84,2,2,0,1028000,2023-01-04,2023-01-12,Personal,Self-Employed,Hyderabad,0,0,
101446,50221,31,,788.0,10.0,1466000.0,24,1,5,0,434000,2024-04-11,2024-04-14,Business,Contract,Chennai,1,501000,12.15
101447,50618,33,404000.0,740.0,14.0,1029000.0,24,2,2,0,547000,2023-07-09,2023-07-19,Education,Business Owner,Bengaluru,1,740000,12.6
101448,50541,44,628000.0,659.0,18.0,424000.0,72,1,2,0,472000,2023-03-04,2023-03-05,Education,Salaried,Bengaluru,0,0,
101449,50486,50,745000.0,770.0,27.0,758000.0,24,3,3,0,791000,2025-10-10,2025-10-15,Business,Business Owner,Mumbai,0,0,
101450,51200,38,1177000.0,673.0,15.0,448000.0,84,3,4,1,854000,2025-10-22,2025-10-23,Education,Contract,Bengaluru,0,0,
101451,50392,41,480000.0,660.0,21.0,1100000.0,84,1,2,0,262000,2023-03-08,2023-03-10,Education,Business Owner,Coimbatore,0,0,
101452,50580,55,480000.0,721.0,30.0,,12,1,1,1,541000,2025-05-27,2025-06-04,Personal,Contract,Kochi,1,692000,12.7
101453,50092,40,1007000.0,621.0,22.0,377000.0,48,2,3,0,1339000,2023-05-12,2023-05-15,Home,Salaried,Bengaluru,1,315000,15.31
101454,51332,64,686000.0,756.0,40.0,732000.0,72,1,3,0,712000,2025-12-07,2025-12-17,Auto,Business Owner,Delhi,1,567000,11.58
101455,50587,44,1061000.0,621.0,18.0,439000.0,72,1,2,0,392000,2024-08-27,2024-08-31,Business,Business Owner,Hyderabad,0,0,
101456,50338,21,683000.0,622.0,0.0,761000.0,60,0,3,0,553000,2025-07-29,2025-08-04,Auto,Salaried,Pune,0,0,
101457,50058,46,356000.0,631.0,22.0,436000.0,12,1,1,1,69000,2025-09-19,2025-09-27,Business,Salaried,Coimbatore,0,0,
101458,50061,42,329000.0,739.0,31.0,711000.0,24,4,5,0,1492000,2025-12-06,2025-12-07,Business,Contract,Bengaluru,1,570000,11.5
101459,50424,51,298000.0,650.0,27.0,1058000.0,36,1,2,0,739000,2023-10-11,2023-10-13,Education,Contract,Coimbatore,0,0,
101460,50273,45,808000.0,602.0,30.0,680000.0,12,3,4,0,1071000,2024-07-02,2024-07-08,Personal,Contract,Mumbai,0,0,
101461,50226,37,1024000.0,651.0,10.0,565000.0,24,3,5,0,1197000,2025-11-17,2025-11-25,Business,Contract,Kochi,1,545000,14.12
101462,51361,26,1379000.0,688.0,0.0,783000.0,72,1,3,1,802000,2025-06-20,2025-06-28,Auto,Contract,Hyderabad,1,648000,11.35
101463,50724,36,877000.0,613.0,11.0,1027000.0,24,2,2,0,326000,2025-10-29,2025-11-01,Home,Salaried,Chennai,0,0,
101464,51383,29,1013000.0,615.0,4.0,381000.0,60,0,2,0,389000,2025-06-20,2025-06-24,Auto,Business Owner,Pune,1,349000,13.87
101465,50907,32,462000.0,827.0,9.0,808000.0,12,2,2,0,460000,2025-12-29,2026-01-08,Personal,Self-Employed,Coimbatore,1,733000,11.03
101466,51363,44,357000.0,634.0,19.0,1445000.0,12,3,3,2,1063000,2023-12-08,2023-12-12,Home,Self-Employed,Hyderabad,0,0,
101467,50864,55,880000.0,669.0,30.0,960000.0,72,0,2,0,996000,2023-03-07,2023-03-11,Education,Contract,Mumbai,0,0,
101468,50838,42,724000.0,666.0,25.0,723000.0,60,2,3,0,669000,2024-08-29,2024-08-31,Auto,Self-Employed,Mumbai,0,0,
101469,50338,26,630000.0,663.0,9.0,995000.0,72,2,4,0,593000,2025-12-29,2026-01-04,Auto,Business Owner,Hyderabad,1,788000,11.78
101470,50377,42,714000.0,730.0,24.0,898000.0,36,3,4,1,1018000,2025-01-15,2025-01-23,Business,Business Owner,Bengaluru,0,0,
101471,51293,50,694000.0,752.0,30.0,1060000.0,84,2,2,0,1367000,2024-06-15,2024-06-24,Business,Contract,Hyderabad,1,577000,11.56
101472,50154,32,1069000.0,670.0,10.0,230000.0,36,2,2,0,310000,2023-12-24,2023-12-25,Home,Self-Employed,Delhi,0,0,
101473,51032,37,1075000.0,610.0,13.0,298000.0,48,1,3,0,1168000,2024-01-11,2024-01-12,Education,Salaried,Bengaluru,0,0,
101474,50282,38,766000.0,773.0,12.0,1217000.0,48,3,5,0,2438000,2023-03-05,2023-03-14,Business,Salaried,Bengaluru,0,0,
101475,51422,30,878000.0,684.0,9.0,306000.0,60,3,3,0,626000,2023-06-27,2023-07-01,Auto,Contract,Hyderabad,0,0,
101476,51270,44,756000.0,802.0,17.0,873000.0,72,0,1,0,176000,2023-08-23,2023-08-30,Home,Business Owner,Mumbai,1,668000,11.48
101477,51158,37,488000.0,544.0,11.0,,12,2,3,0,1000000,2025-05-14,2025-05-16,Business,Self-Employed,Chennai,0,0,
101478,51251,42,843000.0,703.0,25.0,405000.0,84,0,3,0,895000,2025-01-31,2025-02-10,Business,Business Owner,Chennai,0,0,
101479,51058,29,320000.0,815.0,15.0,848000.0,24,0,2,0,708000,2023-02-09,2023-02-10,Personal,Contract,Kochi,0,0,
101480,51320,34,964000.0,667.0,14.0,782000.0,36,2,2,0,1410000,2023-12-17,2023-12-24,Home,Business Owner,Hyderabad,1,739000,13.33
101481,50475,45,351000.0,675.0,27.0,2234000.0,72,1,3,0,815000,2024-06-24,2024-06-30,Home,Self-Employed,Coimbatore,0,0,
101482,51164,34,682000.0,709.0,11.0,496000.0,12,2,4,0,551000,2025-08-23,2025-08-26,Education,Business Owner,Hyderabad,1,418000,10.81
101483,50385,55,410000.0,654.0,28.0,1546000.0,72,1,4,0,1034000,2025-08-19,2025-08-29,Business,Contract,Chennai,0,0,
101484,51309,34,770000.0,,14.0,850000.0,48,1,3,0,846000,2025-04-10,2025-04-14,Home,Salaried,Pune,0,0,
101485,51233,40,591000.0,668.0,20.0,487000.0,36,2,3,0,1413000,2023-01-30,2023-01-31,Education,Salaried,Kochi,1,375000,14.22
101486,51106,47,293000.0,649.0,25.0,1086000.0,24,1,2,1,453000,2023-11-05,2023-11-12,Business,Self-Employed,Hyderabad,0,0,
101487,51457,24,725000.0,770.0,1.0,956000.0,72,2,3,0,611000,2023-02-15,2023-02-24,Auto,Contract,Kochi,0,0,
101488,51424,21,463000.0,720.0,3.0,714000.0,48,2,3,0,378000,2023-05-17,2023-05-18,Personal,Contract,Pune,0,0,
101489,51379,23,892000.0,706.0,0.0,810000.0,84,0,1,1,329000,2025-02-13,2025-02-15,Education,Business Owner,Pune,0,0,
101490,50649,51,600000.0,743.0,26.0,504000.0,84,2,3,0,4001000,2024-07-09,2024-07-11,Personal,Salaried,Delhi,1,392000,10.19
101491,50955,32,717000.0,673.0,6.0,444000.0,84,2,4,0,895000,2024-03-08,2024-03-14,Auto,Self-Employed,Pune,1,429000,10.16
101492,50364,64,390000.0,640.0,40.0,1063000.0,84,2,4,2,1254000,2025-04-26,2025-05-01,Home,Self-Employed,Mumbai,0,0,
101493,51319,32,460000.0,651.0,6.0,619000.0,24,2,3,0,570000,2023-07-26,2023-08-01,Business,Self-Employed,Chennai,0,0,
101494,51446,40,488000.0,690.0,15.0,670000.0,48,3,3,0,395000,2024-03-21,2024-03-22,Home,Business Owner,Kochi,0,0,
101495,51030,53,882000.0,621.0,28.0,816000.0,24,1,4,0,1242000,2025-12-18,2025-12-24,Personal,Contract,Chennai,0,0,
101496,50593,58,1276000.0,657.0,35.0,810000.0,84,3,5,0,1268000,2023-11-27,2023-12-03,Home,Self-Employed,Chennai,1,743000,12.73
101497,50856,59,418000.0,656.0,31.0,319000.0,72,2,3,1,228000,2024-08-18,2024-08-25,Home,Business Owner,Mumbai,0,0,
101498,50586,50,974000.0,828.0,28.0,1420000.0,36,0,3,0,1678000,2024-06-08,2024-06-10,Education,Self-Employed,Chennai,1,1096000,11.86
101499,51251,48,226000.0,510.0,31.0,748000.0,72,0,1,1,308000,2025-01-18,2025-01-24,Education,Business Owner,Coimbatore,0,0,
101500,50667,44,351000.0,678.0,23.0,626000.0,60,1,3,0,778000,2023-12-25,2024-01-03,Auto,Salaried,Chennai,0,0,
101501,51305,46,390000.0,802.0,30.0,887000.0,24,1,4,0,810000,2025-05-01,2025-05-10,Education,Business Owner,Hyderabad,0,0,
101502,50706,32,326000.0,698.0,15.0,797000.0,36,4,5,0,1531000,2024-07-08,2024-07-10,Education,Contract,Coimbatore,0,0,
101503,51364,30,294000.0,739.0,11.0,1067000.0,12,1,1,0,313000,2023-12-24,2023-12-29,Education,Salaried,Bengaluru,0,0,
101504,51431,38,723000.0,696.0,16.0,941000.0,12,2,2,0,611000,2025-01-24,2025-01-31,Education,Salaried,Chennai,1,793000,12.01
101505,50892,36,545000.0,647.0,14.0,1039000.0,48,4,4,0,1706000,2024-07-02,2024-07-07,Auto,Self-Employed,Delhi,0,0,
101506,50442,33,712000.0,544.0,14.0,1472000.0,84,1,1,0,478000,2025-03-17,2025-03-20,Education,Salaried,Bengaluru,0,0,
101507,50737,45,819000.0,703.0,21.0,1138000.0,84,2,5,0,3407000,2025-12-21,2025-12-22,Education,Business Owner,Kochi,0,0,
101508,50392,48,676000.0,640.0,18.0,641000.0,72,4,5,0,823000,2023-02-21,2023-02-28,Personal,Contract,Bengaluru,0,0,
101509,50435,39,807000.0,638.0,19.0,377000.0,72,0,3,0,563000,2023-11-09,2023-11-17,Education,Salaried,Mumbai,0,0,
101510,50101,53,582000.0,658.0,26.0,1752000.0,60,0,0,0,0,2024-01-23,2024-01-29,Auto,Contract,Kochi,0,0,
101511,51272,27,352000.0,803.0,,614000.0,48,3,5,0,847000,2023-05-19,2023-05-26,Auto,Business Owner,Hyderabad,0,0,
101512,51322,36,966000.0,846.0,14.0,540000.0,72,0,1,0,184000,2023-01-19,2023-01-28,Home,Business Owner,Pune,1,462000,10.41
101513,50990,31,460000.0,704.0,9.0,269000.0,72,1,2,0,634000,2023-11-17,2023-11-19,Education,Contract,Hyderabad,1,250000,12.01
101514,51439,21,394000.0,660.0,0.0,843000.0,24,0,0,0,0,2023-04-05,2023-04-10,Business,Business Owner,Bengaluru,0,0,
101515,50105,37,554000.0,613.0,16.0,760000.0,60,1,1,0,473000,2023-05-10,2023-05-13,Home,Contract,Mumbai,0,0,
101516,50059,37,398000.0,720.0,19.0,304000.0,24,1,2,0,454000,2025-08-02,2025-08-04,Auto,Self-Employed,Coimbatore,1,271000,12.19
101517,50210,53,497000.0,806.0,26.0,898000.0,72,0,2,2,630000,2023-09-17,2023-09-20,Home,Business Owner,Delhi,1,416000,9.28
101518,50095,44,700000.0,674.0,27.0,532000.0,36,1,2,0,565000,2025-09-13,2025-09-17,Business,Self-Employed,Kochi,0,0,
101519,50602,28,702000.0,535.0,0.0,3074000.0,60,0,1,0,252000,2025-11-28,2025-11-30,Personal,Salaried,Chennai,0,0,
101520,51368,57,401000.0,734.0,40.0,512000.0,84,1,2,0,332000,2025-03-27,2025-03-29,Business,Salaried,Kochi,1,459000,12.92
101521,50051,50,482000.0,754.0,26.0,551000.0,12,1,1,0,156000,2023-06-03,2023-06-11,Home,Self-Employed,Pune,1,425000,10.96
101522,50901,44,973000.0,587.0,23.0,433000.0,84,2,7,0,2442000,2024-07-06,2024-07-09,Education,Salaried,Coimbatore,1,353000,12.13
101523,50501,36,750000.0,701.0,6.0,1414000.0,36,0,1,1,165000,2023-05-02,2023-05-05,Personal,Salaried,Chennai,0,0,
101524,50715,28,,719.0,6.0,570000.0,84,1,4,0,411000,2025-01-26,2025-01-30,Business,Salaried,Bengaluru,0,0,
101525,50564,34,1020000.0,685.0,13.0,470000.0,36,0,1,0,246000,2024-06-30,2024-07-05,Education,Salaried,Mumbai,0,0,
101526,51164,49,1004000.0,639.0,27.0,1033000.0,24,0,1,0,518000,2024-02-04,2024-02-07,Business,Business Owner,Delhi,1,809000,13.42
101527,51126,57,321000.0,756.0,33.0,328000.0,48,2,3,1,185000,2025-11-22,2025-11-28,Auto,Salaried,Mumbai,1,309000,13.32
101528,50919,53,846000.0,664.0,27.0,987000.0,72,2,2,0,433000,2024-02-10,2024-02-20,Education,Business Owner,Pune,0,0,
101529,51144,33,586000.0,593.0,16.0,1865000.0,24,3,4,0,1402000,2023-12-30,2024-01-02,Auto,Contract,Pune,0,0,
101530,50308,27,468000.0,557.0,5.0,956000.0,36,3,3,0,301000,2025-09-06,2025-09-14,Personal,Salaried,Hyderabad,0,0,
101531,50876,39,647000.0,772.0,23.0,994000.0,60,0,4,0,899000,2023-06-12,2023-06-16,Personal,Contract,Pune,1,748000,13.06
101532,50473,21,918000.0,730.0,0.0,1130000.0,12,2,4,0,566000,2025-02-02,2025-02-07,Personal,Self-Employed,Hyderabad,0,0,
101533,51471,41,752000.0,696.0,17.0,1793000.0,36,0,1,0,151000,2024-07-04,2024-07-07,Personal,Self-Employed,Coimbatore,1,698000,11.53
101534,50076,37,404000.0,661.0,18.0,1362000.0,84,0,1,0,204000,2023-05-11,2023-05-16,Auto,Business Owner,Pune,1,717000,12.98
101535,50643,33,838000.0,656.0,5.0,891000.0,48,2,5,0,713000,2024-10-14,2024-10-21,Auto,Self-Employed,Hyderabad,1,749000,14.83
101536,50152,22,450000.0,620.0,0.0,1151000.0,72,1,2,0,274000,2025-10-04,2025-10-07,Home,Business Owner,Chennai,0,0,
101537,50591,43,661000.0,662.0,25.0,430000.0,84,1,2,0,485000,2023-09-27,2023-09-30,Home,Contract,Mumbai,0,0,
101538,50863,33,523000.0,552.0,6.0,1073000.0,48,0,1,0,761000,2025-06-22,2025-06-23,Auto,Contract,Mumbai,0,0,
101539,50491,26,544000.0,642.0,0.0,403000.0,72,0,3,1,1095000,2025-02-25,2025-02-27,Personal,Salaried,Bengaluru,0,0,
101540,50405,21,847000.0,670.0,6.0,572000.0,72,3,4,0,1657000,2023-12-31,2024-01-04,Home,Contract,Bengaluru,1,553000,13.65
101541,50252,38,376000.0,730.0,10.0,128000.0,84,2,2,2,745000,2024-09-02,2024-09-11,Education,Self-Employed,Pune,1,106000,12.22
101542,50375,56,1440000.0,687.0,35.0,873000.0,60,0,0,0,0,2025-12-20,2025-12-23,Auto,Business Owner,Pune,0,0,
101543,51365,55,264000.0,742.0,33.0,491000.0,48,2,3,0,876000,2025-07-20,2025-07-30,Education,Business Owner,Coimbatore,0,0,
101544,51143,33,459000.0,778.0,0.0,1290000.0,60,0,1,0,433000,2024-08-11,2024-08-16,Personal,Salaried,Kochi,0,0,
101545,51008,32,709000.0,759.0,9.0,868000.0,48,3,5,1,1891000,2023-07-27,2023-08-05,Auto,Salaried,Delhi,1,829000,11.95
101546,50153,43,780000.0,721.0,23.0,1299000.0,84,1,2,0,551000,2023-12-14,2023-12-18,Home,Self-Employed,Bengaluru,1,805000,10.88
101547,51098,28,573000.0,691.0,7.0,386000.0,24,3,4,0,1297000,2023-02-14,2023-02-18,Home,Business Owner,Chennai,0,0,
101548,50710,41,585000.0,626.0,23.0,1239000.0,72,4,6,0,5139000,2023-12-13,2023-12-19,Education,Salaried,Delhi,0,0,
101549,51181,46,722000.0,738.0,22.0,2229000.0,12,1,4,0,1522000,2024-12-14,2024-12-21,Auto,Contract,Kochi,0,0,
101550,51245,50,541000.0,799.0,,1066000.0,72,1,1,1,214000,2024-10-08,2024-10-14,Personal,Self-Employed,Kochi,1,1016000,10.53
101551,50174,37,1123000.0,712.0,12.0,1081000.0,12,2,4,0,964000,2024-01-04,2024-01-08,Business,Contract,Hyderabad,0,0,
101552,50238,36,875000.0,815.0,8.0,768000.0,36,2,3,1,443000,2024-06-17,2024-06-24,Business,Business Owner,Hyderabad,0,0,
101553,50764,29,889000.0,591.0,2.0,525000.0,36,3,4,0,3233000,2023-12-24,2024-01-03,Personal,Salaried,Coimbatore,0,0,
101554,50544,30,388000.0,615.0,2.0,1064000.0,24,0,2,0,1115000,2024-05-09,2024-05-12,Home,Self-Employed,Hyderabad,0,0,
101555,50496,36,579000.0,746.0,18.0,306000.0,84,1,2,0,521000,2025-06-23,2025-06-26,Business,Self-Employed,Mumbai,1,291000,10.98
101556,51165,42,524000.0,707.0,14.0,556000.0,84,0,1,0,744000,2023-03-01,2023-03-08,Personal,Salaried,Hyderabad,0,0,
101557,50181,47,382000.0,775.0,26.0,264000.0,72,1,1,0,343000,2023-10-25,2023-10-31,Education,Salaried,Bengaluru,1,206000,11.98
101558,50843,30,706000.0,689.0,7.0,475000.0,24,1,2,2,403000,2023-02-28,2023-03-02,Home,Business Owner,Kochi,0,0,
101559,50098,53,471000.0,634.0,31.0,996000.0,12,3,5,0,1967000,2023-08-19,2023-08-20,Personal,Contract,Mumbai,0,0,
101560,50310,35,806000.0,676.0,18.0,924000.0,36,3,3,0,915000,2025-03-07,2025-03-13,Education,Contract,Bengaluru,0,0,
101561,50380,38,371000.0,590.0,14.0,720000.0,36,2,3,0,1140000,2024-03-23,2024-04-01,Auto,Contract,Delhi,0,0,
101562,51396,31,1300000.0,617.0,11.0,769000.0,72,4,5,0,630000,2024-09-04,2024-09-07,Business,Business Owner,Bengaluru,0,0,
101563,51437,21,401000.0,753.0,0.0,248000.0,84,1,4,0,667000,2024-01-03,2024-01-12,Business,Salaried,Coimbatore,0,0,
101564,50691,47,662000.0,747.0,24.0,570000.0,12,0,1,0,526000,2024-07-07,2024-07-13,Business,Self-Employed,Delhi,1,515000,11.1
101565,50460,45,857000.0,714.0,32.0,481000.0,60,2,2,0,1166000,2025-11-18,2025-11-22,Personal,Contract,Coimbatore,1,408000,12.68
101566,51201,35,464000.0,578.0,7.0,487000.0,24,2,4,0,2029000,2025-09-14,2025-09-24,Auto,Salaried,Kochi,1,440000,14.69
101567,50863,39,881000.0,667.0,22.0,973000.0,36,1,1,1,758000,2023-10-04,2023-10-14,Personal,Contract,Mumbai,0,0,
101568,50937,43,345000.0,610.0,24.0,436000.0,12,2,5,0,1668000,2024-08-31,2024-09-10,Personal,Business Owner,Delhi,0,0,
101569,50470,22,1153000.0,766.0,0.0,502000.0,84,2,5,0,1611000,2024-12-03,2024-12-05,Auto,Business Owner,Hyderabad,1,498000,13.5
101570,50730,33,604000.0,652.0,18.0,222000.0,24,1,1,1,158000,2025-04-10,2025-04-19,Education,Salaried,Pune,0,0,
101571,51003,46,459000.0,619.0,17.0,595000.0,72,2,3,0,561000,2023-02-07,2023-02-12,Home,Business Owner,Pune,0,0,
101572,50369,25,524000.0,692.0,1.0,385000.0,84,0,1,0,93000,2023-10-16,2023-10-21,Business,Self-Employed,Chennai,0,0,
101573,50486,41,863000.0,648.0,14.0,731000.0,12,2,2,0,426000,2025-09-01,2025-09-03,Auto,Business Owner,Hyderabad,1,577000,11.29
101574,50557,24,461000.0,786.0,4.0,415000.0,72,3,4,0,357000,2024-03-27,2024-04-01,Education,Self-Employed,Mumbai,0,0,
101575,50970,43,428000.0,642.0,17.0,741000.0,84,0,2,0,858000,2023-01-28,2023-02-03,Auto,Contract,Chennai,0,0,
101576,51268,38,543000.0,599.0,18.0,646000.0,84,3,4,0,1214000,2024-12-02,2024-12-04,Home,Business Owner,Bengaluru,0,0,
101577,50127,22,353000.0,,0.0,1756000.0,60,1,5,0,454000,2025-01-26,2025-01-27,Auto,Self-Employed,Bengaluru,0,0,
101578,50814,50,1361000.0,688.0,26.0,920000.0,72,2,6,0,1364000,2023-11-30,2023-12-06,Auto,Contract,Chennai,0,0,
101579,51136,31,465000.0,653.0,11.0,254000.0,48,1,3,0,2006000,2024-07-14,2024-07-23,Education,Contract,Bengaluru,1,213000,13.22
101580,50979,30,872000.0,597.0,7.0,349000.0,36,3,7,0,1643000,2023-07-23,2023-08-01,Business,Contract,Hyderabad,0,0,
101581,51466,40,659000.0,767.0,14.0,722000.0,72,2,6,0,911000,2024-01-14,2024-01-23,Business,Contract,Coimbatore,1,549000,10.97
101582,50271,49,385000.0,733.0,38.0,420000.0,72,1,3,0,307000,2025-06-20,2025-06-25,Education,Salaried,Pune,1,325000,11.65
101583,51338,28,598000.0,688.0,4.0,137000.0,24,2,4,0,416000,2025-11-09,2025-11-19,Education,Self-Employed,Delhi,0,0,
101584,50663,39,854000.0,779.0,8.0,1470000.0,84,2,4,0,1307000,2025-10-04,2025-10-05,Personal,Salaried,Hyderabad,0,0,
101585,51431,42,551000.0,733.0,17.0,1040000.0,84,1,2,0,402000,2025-06-30,2025-07-03,Personal,Contract,Bengaluru,0,0,
101586,51261,45,1026000.0,637.0,18.0,932000.0,12,2,4,0,839000,2024-01-31,2024-02-08,Home,Business Owner,Kochi,0,0,
101587,50162,40,950000.0,622.0,21.0,501000.0,12,3,4,0,807000,2025-12-11,2025-12-20,Personal,Self-Employed,Coimbatore,1,497000,14.74
101588,51405,34,907000.0,743.0,13.0,886000.0,24,0,0,0,0,2023-12-19,2023-12-23,Personal,Self-Employed,Hyderabad,0,0,
101589,50809,30,488000.0,716.0,10.0,475000.0,36,0,1,0,135000,2024-05-28,2024-05-31,Auto,Contract,Pune,0,0,
101590,51485,39,369000.0,701.0,16.0,783000.0,72,0,1,1,293000,2024-06-29,2024-07-01,Auto,Business Owner,Bengaluru,0,0,
101591,51337,27,455000.0,635.0,4.0,422000.0,36,1,2,1,245000,2023-10-09,2023-10-14,Education,Business Owner,Hyderabad,0,0,
101592,51305,21,655000.0,730.0,0.0,1612000.0,84,3,7,0,1199000,2024-11-03,2024-11-05,Business,Self-Employed,Bengaluru,0,0,
101593,50950,42,767000.0,641.0,20.0,295000.0,72,1,2,0,829000,2024-08-28,2024-09-06,Home,Salaried,Mumbai,0,0,
101594,50556,47,226000.0,683.0,28.0,1379000.0,12,2,3,0,905000,2025-01-29,2025-02-08,Personal,Business Owner,Chennai,0,0,
101595,50732,21,598000.0,784.0,0.0,715000.0,36,2,5,0,1761000,2024-01-01,2024-01-10,Auto,Self-Employed,Bengaluru,0,0,
101596,51165,28,644000.0,647.0,8.0,535000.0,72,2,3,0,2198000,2024-06-03,2024-06-06,Business,Business Owner,Pune,0,0,
101597,51078,44,530000.0,588.0,24.0,767000.0,48,1,1,1,243000,2023-04-20,2023-04-24,Personal,Contract,Hyderabad,0,0,
101598,50520,59,1073000.0,622.0,40.0,1048000.0,60,0,0,0,0,2025-06-24,2025-07-03,Business,Business Owner,Delhi,0,0,
101599,50484,38,725000.0,755.0,17.0,1484000.0,60,3,5,0,1095000,2025-08-10,2025-08-11,Auto,Salaried,Pune,0,0,
101600,50171,31,1082000.0,707.0,10.0,832000.0,48,0,2,0,401000,2024-11-10,2024-11-17,Education,Salaried,Kochi,0,0,
101601,50376,36,544000.0,682.0,19.0,429000.0,36,1,3,1,452000,2025-08-16,2025-08-18,Personal,Salaried,Bengaluru,0,0,
101602,50710,52,915000.0,657.0,27.0,722000.0,72,4,6,0,1564000,2023-11-20,2023-11-29,Personal,Self-Employed,Bengaluru,1,667000,12.83
101603,51101,32,1252000.0,722.0,7.0,1901000.0,12,1,2,0,597000,2023-01-12,2023-01-15,Home,Business Owner,Pune,1,1145000,13.04
101604,50852,30,1083000.0,635.0,3.0,1469000.0,36,5,5,1,1535000,2025-11-12,2025-11-18,Personal,Salaried,Hyderabad,0,0,
101605,51207,33,367000.0,710.0,12.0,1154000.0,24,0,2,1,516000,2023-09-21,2023-09-26,Auto,Contract,Hyderabad,0,0,
101606,50005,28,535000.0,642.0,0.0,1084000.0,84,2,4,1,1589000,2024-01-15,2024-01-17,Business,Contract,Coimbatore,0,0,
101607,50571,39,514000.0,632.0,19.0,1028000.0,24,0,4,0,1015000,2023-03-21,2023-03-30,Business,Contract,Delhi,0,0,
101608,51261,54,748000.0,649.0,32.0,1324000.0,84,1,1,0,204000,2024-02-29,2024-03-03,Education,Self-Employed,Pune,0,0,
101609,51043,41,817000.0,666.0,24.0,545000.0,36,1,1,0,157000,2024-09-07,2024-09-13,Education,Salaried,Pune,1,508000,13.46
101610,50065,35,411000.0,687.0,10.0,332000.0,48,1,2,0,230000,2024-03-11,2024-03-20,Auto,Salaried,Bengaluru,0,0,
101611,51346,35,619000.0,705.0,12.0,727000.0,24,2,3,0,1557000,2025-07-10,2025-07-18,Business,Business Owner,Kochi,1,607000,11.55
101612,50236,22,242000.0,450.0,4.0,446000.0,84,0,1,0,176000,2025-03-05,2025-03-15,Education,Self-Employed,Mumbai,1,240000,15.65
101613,50666,47,1148000.0,638.0,31.0,392000.0,72,0,3,0,472000,2025-09-17,2025-09-22,Education,Contract,Chennai,0,0,
101614,50289,37,476000.0,665.0,12.0,471000.0,60,2,5,0,1014000,2024-03-27,2024-04-02,Home,Business Owner,Pune,0,0,
101615,50236,36,615000.0,788.0,15.0,2746000.0,12,1,3,0,653000,2023-09-17,2023-09-20,Home,Contract,Kochi,1,1499000,7.98
101616,50749,70,522000.0,620.0,40.0,754000.0,48,4,5,0,2836000,2025-04-01,2025-04-06,Auto,Contract,Bengaluru,0,0,
101617,50422,41,1005000.0,701.0,20.0,854000.0,84,1,2,0,424000,2024-12-08,2024-12-14,Auto,Salaried,Hyderabad,0,0,
101618,50391,30,180000.0,787.0,7.0,357000.0,24,0,1,0,933000,2025-05-01,2025-05-04,Auto,Business Owner,Coimbatore,0,0,
101619,50733,34,596000.0,605.0,17.0,254000.0,12,1,2,0,516000,2024-10-19,2024-10-29,Auto,Self-Employed,Kochi,1,226000,13.8
101620,50756,49,572000.0,716.0,19.0,446000.0,72,1,3,0,2098000,2023-06-24,2023-06-26,Business,Contract,Kochi,1,440000,11.69
101621,51029,39,489000.0,638.0,15.0,1544000.0,60,0,2,0,782000,2024-12-12,2024-12-22,Personal,Salaried,Bengaluru,0,0,
101622,51161,24,1305000.0,657.0,4.0,841000.0,24,0,5,1,1497000,2024-08-07,2024-08-16,Auto,Salaried,Mumbai,0,0,
101623,51421,47,402000.0,638.0,27.0,973000.0,24,1,3,0,1651000,2023-07-05,2023-07-12,Home,Contract,Kochi,0,0,
101624,50750,31,849000.0,642.0,14.0,1051000.0,12,1,2,0,876000,2024-10-13,2024-10-17,Personal,Salaried,Hyderabad,0,0,
101625,50936,57,704000.0,850.0,40.0,506000.0,12,1,1,0,343000,2023-06-16,2023-06-19,Personal,Salaried,Mumbai,1,409000,10.8
101626,51072,49,1059000.0,745.0,26.0,1502000.0,36,0,3,1,2390000,2023-05-23,2023-05-27,Business,Contract,Kochi,0,0,
101627,50558,34,444000.0,762.0,17.0,494000.0,24,1,2,0,390000,2024-05-07,2024-05-16,Education,Self-Employed,Kochi,0,0,
101628,51088,51,431000.0,722.0,,1517000.0,84,2,3,1,456000,2023-03-13,2023-03-22,Personal,Contract,Kochi,0,0,
101629,50704,39,983000.0,586.0,21.0,893000.0,60,0,3,0,535000,2024-05-13,2024-05-19,Business,Business Owner,Mumbai,0,0,
101630,50541,47,727000.0,716.0,32.0,262000.0,12,1,1,1,600000,2023-05-27,2023-06-05,Business,Contract,Pune,0,0,
101631,51043,43,299000.0,760.0,26.0,464000.0,48,2,3,0,1549000,2025-06-09,2025-06-18,Business,Contract,Chennai,0,0,
101632,51200,30,471000.0,635.0,8.0,262000.0,24,3,6,0,1154000,2025-03-17,2025-03-23,Auto,Self-Employed,Chennai,0,0,
101633,50745,32,714000.0,753.0,9.0,1327000.0,48,2,2,0,154000,2025-04-25,2025-04-30,Education,Contract,Pune,1,759000,10.82
101634,50760,48,875000.0,736.0,20.0,691000.0,24,2,5,1,1128000,2025-06-09,2025-06-12,Auto,Contract,Bengaluru,1,634000,11.58
101635,50218,35,442000.0,810.0,14.0,206000.0,12,0,1,0,151000,2025-03-23,2025-03-24,Home,Salaried,Chennai,0,0,
101636,50308,34,180000.0,663.0,8.0,861000.0,36,1,6,0,1172000,2025-08-28,2025-09-01,Education,Contract,Kochi,0,0,
101637,51479,28,759000.0,,3.0,521000.0,24,1,2,0,295000,2023-03-08,2023-03-09,Auto,Self-Employed,Bengaluru,0,0,
101638,51048,42,346000.0,666.0,15.0,310000.0,72,0,1,1,112000,2025-04-17,2025-04-18,Education,Salaried,Bengaluru,0,0,
101639,50283,59,242000.0,783.0,35.0,1762000.0,84,3,6,0,3846000,2025-07-15,2025-07-21,Home,Contract,Pune,1,345000,12.49
101640,51395,27,180000.0,571.0,5.0,743000.0,12,1,2,0,355000,2023-12-07,2023-12-12,Auto,Salaried,Delhi,0,0,
101641,51143,38,865000.0,556.0,17.0,596000.0,12,2,4,0,2027000,2023-04-12,2023-04-19,Education,Business Owner,Hyderabad,1,556000,15.79
101642,50249,52,636000.0,696.0,28.0,562000.0,12,0,5,1,1119000,2025-08-09,2025-08-10,Home,Contract,Delhi,1,505000,13.97
101643,50062,37,542000.0,661.0,19.0,305000.0,48,0,2,0,284000,2025-06-25,2025-06-26,Business,Contract,Hyderabad,0,0,
101644,51021,43,1121000.0,691.0,20.0,342000.0,12,3,5,0,1612000,2023-12-08,2023-12-16,Education,Salaried,Coimbatore,1,308000,10.23
101645,51424,27,799000.0,751.0,2.0,1419000.0,84,3,6,1,1234000,2025-04-07,2025-04-13,Home,Contract,Delhi,0,0,
101646,51164,42,1242000.0,654.0,21.0,539000.0,48,3,5,0,1127000,2024-11-09,2024-11-17,Business,Contract,Chennai,1,451000,14.17
101647,50552,36,321000.0,568.0,22.0,709000.0,60,4,8,0,2150000,2023-05-14,2023-05-20,Home,Self-Employed,Pune,0,0,
101648,51242,48,591000.0,823.0,27.0,227000.0,72,1,2,0,333000,2025-11-19,2025-11-25,Personal,Contract,Coimbatore,1,211000,10.85
101649,51034,50,290000.0,625.0,27.0,339000.0,72,0,4,1,445000,2025-05-24,2025-06-03,Home,Self-Employed,Kochi,0,0,
101650,50960,64,541000.0,621.0,36.0,979000.0,72,0,0,0,0,2025-09-22,2025-09-29,Auto,Business Owner,Pune,0,0,
101651,50567,44,536000.0,762.0,21.0,862000.0,36,0,2,0,810000,2024-01-20,2024-01-22,Auto,Business Owner,Mumbai,0,0,
101652,50847,41,795000.0,665.0,20.0,1836000.0,84,3,3,1,478000,2024-08-20,2024-08-23,Auto,Salaried,Bengaluru,0,0,
101653,51008,40,612000.0,686.0,16.0,,72,0,1,0,270000,2023-01-09,2023-01-13,Auto,Salaried,Delhi,0,0,
101654,51113,34,794000.0,721.0,5.0,617000.0,12,0,3,0,1592000,2023-05-16,2023-05-17,Personal,Salaried,Bengaluru,0,0,
101655,50474,41,823000.0,760.0,16.0,908000.0,60,0,0,0,0,2025-09-02,2025-09-11,Personal,Salaried,Hyderabad,1,717000,11.95
101656,51277,35,1582000.0,668.0,19.0,588000.0,12,0,2,0,522000,2025-09-05,2025-09-14,Personal,Contract,Mumbai,1,445000,12.39
101657,51407,40,521000.0,789.0,24.0,2167000.0,60,1,2,0,514000,2023-02-12,2023-02-16,Business,Self-Employed,Kochi,1,1011000,10.84
101658,51047,51,393000.0,551.0,25.0,1317000.0,72,2,4,0,711000,2025-11-20,2025-11-21,Education,Salaried,Bengaluru,1,684000,14.29
101659,50561,28,670000.0,739.0,9.0,768000.0,12,2,4,0,609000,2025-02-25,2025-02-26,Auto,Business Owner,Bengaluru,0,0,
101660,50362,49,418000.0,635.0,22.0,782000.0,36,0,4,0,610000,2023-04-23,2023-04-29,Education,Contract,Mumbai,0,0,
101661,50772,51,1169000.0,779.0,35.0,1550000.0,12,0,2,1,601000,2025-01-01,2025-01-03,Auto,Self-Employed,Kochi,1,1071000,12.58
101662,51409,37,528000.0,699.0,16.0,963000.0,48,0,1,0,365000,2023-01-12,2023-01-13,Auto,Self-Employed,Mumbai,0,0,
101663,50961,21,465000.0,646.0,3.0,1650000.0,12,1,2,1,748000,2025-05-21,2025-05-31,Auto,Salaried,Bengaluru,0,0,
101664,50679,32,485000.0,733.0,3.0,209000.0,24,1,4,0,828000,2023-09-03,2023-09-05,Personal,Salaried,Mumbai,0,0,
101665,51411,51,829000.0,748.0,32.0,902000.0,48,1,3,0,1296000,2024-05-23,2024-05-30,Business,Self-Employed,Chennai,0,0,
101666,51264,38,559000.0,732.0,16.0,527000.0,60,1,1,1,292000,2023-02-13,2023-02-17,Auto,Business Owner,Kochi,1,466000,12.83
101667,51339,28,450000.0,623.0,9.0,1839000.0,72,0,3,0,777000,2024-08-29,2024-09-05,Auto,Salaried,Kochi,0,0,
101668,50624,33,1269000.0,659.0,15.0,1639000.0,72,2,6,0,282000,2024-05-23,2024-05-30,Auto,Self-Employed,Mumbai,0,0,
101669,50207,46,408000.0,690.0,24.0,713000.0,12,2,2,1,332000,2023-11-04,2023-11-08,Home,Contract,Coimbatore,0,0,
101670,50759,43,610000.0,687.0,19.0,1629000.0,72,2,2,0,234000,2025-05-16,2025-05-18,Auto,Self-Employed,Coimbatore,0,0,
101671,51259,36,805000.0,739.0,17.0,1866000.0,84,1,1,0,342000,2025-06-30,2025-07-09,Personal,Salaried,Kochi,1,1136000,11.66
101672,50274,34,288000.0,559.0,12.0,729000.0,72,6,7,0,1835000,2023-02-05,2023-02-15,Personal,Contract,Bengaluru,0,0,
101673,51173,34,745000.0,,9.0,2726000.0,72,1,3,0,439000,2024-12-11,2024-12-21,Education,Business Owner,Bengaluru,0,0,
101674,50568,29,373000.0,671.0,3.0,688000.0,12,6,8,0,2329000,2025-07-29,2025-08-01,Personal,Self-Employed,Kochi,0,0,
101675,50692,54,869000.0,635.0,26.0,622000.0,12,0,2,0,245000,2025-08-18,2025-08-19,Education,Self-Employed,Hyderabad,1,600000,13.13
101676,51305,35,389000.0,642.0,11.0,1127000.0,24,0,1,0,148000,2023-08-24,2023-09-01,Business,Self-Employed,Mumbai,0,0,
101677,50160,50,819000.0,676.0,32.0,576000.0,36,1,2,0,351000,2023-12-27,2023-12-31,Home,Contract,Delhi,1,439000,15.11
101678,51094,53,987000.0,456.0,32.0,734000.0,36,1,5,0,1638000,2025-05-17,2025-05-26,Personal,Salaried,Coimbatore,0,0,
101679,51364,48,884000.0,644.0,24.0,1520000.0,48,2,7,0,3523000,2023-01-25,2023-02-02,Auto,Self-Employed,Hyderabad,1,1222000,13.18
101680,51265,34,672000.0,633.0,15.0,707000.0,48,2,5,0,933000,2025-03-25,2025-04-01,Business,Contract,Kochi,0,0,
101681,50925,42,541000.0,725.0,17.0,276000.0,24,2,2,1,969000,2025-08-09,2025-08-18,Auto,Self-Employed,Bengaluru,0,0,
101682,50709,38,463000.0,638.0,16.0,857000.0,72,0,1,0,256000,2025-09-10,2025-09-12,Education,Salaried,Delhi,1,661000,11.09
101683,50163,29,1163000.0,676.0,6.0,477000.0,24,0,2,0,563000,2025-10-21,2025-10-25,Education,Contract,Pune,0,0,
101684,51107,41,438000.0,790.0,22.0,1127000.0,24,0,1,0,242000,2023-12-24,2023-12-29,Home,Business Owner,Kochi,0,0,
101685,51484,26,376000.0,755.0,0.0,1027000.0,60,0,1,0,227000,2023-04-28,2023-05-03,Business,Self-Employed,Pune,0,0,
101686,51185,50,809000.0,749.0,25.0,1572000.0,72,0,3,0,934000,2024-04-23,2024-04-24,Education,Salaried,Chennai,0,0,
101687,50240,33,419000.0,658.0,4.0,1153000.0,72,5,5,0,1810000,2024-11-07,2024-11-16,Auto,Business Owner,Mumbai,0,0,
101688,50486,40,391000.0,725.0,17.0,1275000.0,84,1,2,0,321000,2024-04-03,2024-04-12,Personal,Salaried,Hyderabad,0,0,
101689,50671,41,313000.0,675.0,24.0,484000.0,24,3,4,0,910000,2023-04-23,2023-04-28,Personal,Business Owner,Chennai,0,0,
101690,51227,35,483000.0,677.0,,1089000.0,24,1,2,0,1152000,2025-11-09,2025-11-19,Business,Salaried,Delhi,0,0,
101691,50424,44,578000.0,717.0,20.0,2067000.0,24,0,1,1,273000,2024-04-02,2024-04-05,Business,Business Owner,Delhi,0,0,
101692,51018,33,669000.0,651.0,14.0,479000.0,24,2,3,0,866000,2024-10-01,2024-10-09,Education,Contract,Delhi,0,0,
101693,51221,47,921000.0,787.0,29.0,1884000.0,72,2,3,0,1344000,2024-07-29,2024-08-05,Personal,Business Owner,Pune,1,1466000,10.54
101694,51066,25,761000.0,680.0,3.0,517000.0,36,0,1,1,195000,2025-03-10,2025-03-15,Home,Salaried,Bengaluru,0,0,
101695,50214,39,551000.0,730.0,20.0,438000.0,12,1,3,0,737000,2024-02-07,2024-02-08,Home,Self-Employed,Coimbatore,1,349000,12.06
101696,50684,57,549000.0,785.0,31.0,824000.0,12,1,2,0,752000,2023-09-10,2023-09-17,Home,Business Owner,Hyderabad,0,0,
101697,50253,28,755000.0,757.0,12.0,1038000.0,36,0,0,0,0,2025-08-15,2025-08-16,Home,Salaried,Hyderabad,1,975000,12.27
101698,50017,31,1064000.0,598.0,18.0,1156000.0,24,1,3,1,230000,2024-10-23,2024-10-24,Education,Self-Employed,Bengaluru,0,0,
101699,50116,43,635000.0,719.0,23.0,412000.0,84,2,4,1,692000,2024-10-30,2024-11-08,Auto,Contract,Bengaluru,0,0,
101700,51228,40,486000.0,745.0,10.0,889000.0,72,2,3,0,455000,2024-12-28,2025-01-03,Home,Contract,Kochi,0,0,
101701,50693,42,384000.0,748.0,18.0,480000.0,60,3,4,0,940000,2024-09-03,2024-09-10,Education,Self-Employed,Coimbatore,0,0,
101702,50812,43,313000.0,618.0,23.0,309000.0,60,3,3,1,473000,2025-09-05,2025-09-07,Home,Salaried,Coimbatore,0,0,
101703,50795,44,810000.0,,20.0,420000.0,48,2,2,0,697000,2024-11-09,2024-11-17,Home,Salaried,Coimbatore,0,0,
101704,50151,49,778000.0,755.0,32.0,463000.0,12,1,2,0,545000,2024-07-22,2024-07-29,Auto,Business Owner,Chennai,1,388000,12.88
101705,50246,42,778000.0,640.0,22.0,933000.0,48,0,1,0,390000,2024-06-26,2024-07-01,Home,Contract,Chennai,0,0,
101706,51082,36,566000.0,671.0,11.0,1319000.0,24,1,2,0,805000,2024-06-02,2024-06-10,Education,Contract,Bengaluru,0,0,
101707,50709,45,1130000.0,792.0,23.0,311000.0,48,0,0,0,0,2023-01-12,2023-01-14,Education,Contract,Delhi,1,282000,11.29
101708,50507,57,483000.0,687.0,31.0,850000.0,24,1,2,0,423000,2023-01-10,2023-01-16,Personal,Contract,Kochi,1,519000,13.79
101709,50241,37,922000.0,643.0,14.0,366000.0,48,5,7,0,1844000,2023-06-06,2023-06-10,Business,Salaried,Delhi,1,323000,12.54
101710,51116,28,590000.0,633.0,4.0,989000.0,36,1,1,0,199000,2025-10-08,2025-10-15,Home,Contract,Hyderabad,0,0,
101711,51422,49,456000.0,712.0,32.0,497000.0,72,1,2,0,253000,2024-12-25,2024-12-31,Home,Self-Employed,Chennai,0,0,
101712,50392,37,783000.0,603.0,23.0,393000.0,24,1,3,0,1208000,2023-05-21,2023-05-27,Education,Salaried,Bengaluru,1,329000,13.23
101713,50046,21,721000.0,674.0,0.0,1087000.0,60,0,1,0,240000,2024-09-30,2024-10-05,Home,Self-Employed,Pune,0,0,
101714,50155,46,705000.0,712.0,16.0,507000.0,24,1,1,1,118000,2023-05-17,2023-05-22,Education,Self-Employed,Kochi,1,505000,11.21
101715,51094,33,622000.0,774.0,10.0,588000.0,84,2,3,0,981000,2024-11-21,2024-11-23,Personal,Salaried,Pune,0,0,
101716,50511,37,590000.0,733.0,9.0,206000.0,84,0,2,1,447000,2024-03-18,2024-03-25,Home,Self-Employed,Chennai,0,0,
101717,50282,41,1758000.0,644.0,19.0,1178000.0,60,1,4,0,357000,2024-11-06,2024-11-13,Personal,Self-Employed,Coimbatore,1,1106000,15.85
101718,51450,40,1022000.0,767.0,21.0,1099000.0,72,0,0,0,0,2023-10-04,2023-10-12,Personal,Business Owner,Pune,1,993000,12.02
101719,50030,45,831000.0,671.0,29.0,702000.0,60,1,5,0,881000,2025-07-21,2025-07-25,Business,Contract,Bengaluru,1,609000,13.48
101720,50721,34,631000.0,610.0,13.0,302000.0,48,0,1,1,278000,2024-10-02,2024-10-11,Education,Self-Employed,Pune,0,0,
101721,50262,43,944000.0,679.0,20.0,1361000.0,12,2,4,0,1483000,2023-04-21,2023-05-01,Personal,Business Owner,Coimbatore,1,1160000,13.01
101722,51347,35,758000.0,783.0,5.0,485000.0,84,1,4,1,1458000,2025-12-03,2025-12-06,Education,Business Owner,Mumbai,0,0,
101723,50083,45,607000.0,701.0,23.0,546000.0,12,1,1,0,338000,2025-06-09,2025-06-12,Business,Contract,Pune,1,470000,13.32
101724,51491,44,523000.0,691.0,22.0,2497000.0,12,3,4,0,983000,2023-07-30,2023-08-01,Education,Business Owner,Hyderabad,0,0,
101725,50950,29,579000.0,796.0,10.0,475000.0,84,0,1,0,591000,2023-12-09,2023-12-19,Business,Business Owner,Coimbatore,0,0,
101726,51240,49,180000.0,597.0,24.0,1053000.0,60,4,8,0,2838000,2023-12-27,2024-01-03,Home,Self-Employed,Hyderabad,0,0,
101727,50035,33,660000.0,606.0,9.0,954000.0,12,4,6,0,1676000,2024-02-15,2024-02-25,Business,Contract,Bengaluru,0,0,
101728,50005,46,482000.0,585.0,18.0,868000.0,24,0,1,0,332000,2025-01-28,2025-01-30,Business,Contract,Kochi,0,0,
101729,50870,42,1229000.0,714.0,11.0,817000.0,24,3,4,0,819000,2024-05-22,2024-05-29,Business,Self-Employed,Kochi,1,681000,11.72
101730,51030,56,605000.0,701.0,30.0,861000.0,72,1,1,0,243000,2023-08-20,2023-08-23,Auto,Salaried,Delhi,0,0,
101731,51271,36,351000.0,790.0,8.0,813000.0,24,1,4,1,353000,2025-03-14,2025-03-15,Personal,Business Owner,Delhi,0,0,
101732,51117,35,587000.0,706.0,14.0,680000.0,84,1,2,0,412000,2023-08-22,2023-08-30,Education,Self-Employed,Mumbai,0,0,
101733,50315,38,375000.0,664.0,14.0,1607000.0,84,0,1,0,603000,2024-06-03,2024-06-11,Education,Business Owner,Hyderabad,0,0,
101734,50435,35,742000.0,690.0,11.0,340000.0,72,1,2,0,539000,2023-10-29,2023-11-08,Auto,Contract,Delhi,0,0,
101735,51214,46,684000.0,698.0,20.0,1228000.0,60,3,6,0,1582000,2023-04-10,2023-04-11,Home,Contract,Pune,0,0,
101736,50544,22,923000.0,581.0,0.0,1100000.0,60,1,3,1,1236000,2023-09-10,2023-09-16,Personal,Business Owner,Chennai,0,0,
101737,50769,27,420000.0,850.0,11.0,1028000.0,12,2,6,0,1794000,2023-11-04,2023-11-08,Personal,Contract,Pune,1,508000,10.51
101738,50433,27,609000.0,724.0,1.0,1294000.0,72,1,1,0,169000,2025-03-04,2025-03-09,Personal,Contract,Pune,0,0,
101739,51250,48,325000.0,704.0,24.0,665000.0,48,2,5,0,1265000,2025-03-13,2025-03-21,Personal,Salaried,Bengaluru,1,491000,11.83
101740,51260,55,823000.0,730.0,27.0,250000.0,60,3,5,0,709000,2024-01-22,2024-01-30,Auto,Contract,Mumbai,0,0,
101741,51223,37,758000.0,736.0,19.0,673000.0,36,3,6,0,1644000,2023-05-12,2023-05-19,Education,Contract,Chennai,0,0,
101742,51445,36,750000.0,681.0,15.0,406000.0,24,1,1,0,164000,2023-08-09,2023-08-14,Home,Business Owner,Delhi,1,374000,12.42
101743,51171,39,600000.0,649.0,14.0,,24,1,1,0,398000,2023-03-03,2023-03-09,Home,Self-Employed,Kochi,0,0,
101744,50112,50,723000.0,729.0,26.0,353000.0,12,2,4,0,775000,2025-04-11,2025-04-19,Home,Contract,Chennai,0,0,
101745,51132,29,1235000.0,715.0,14.0,538000.0,48,1,2,0,331000,2025-01-01,2025-01-06,Auto,Contract,Pune,1,509000,11.28
101746,50435,40,528000.0,637.0,18.0,504000.0,24,4,7,2,1654000,2024-02-07,2024-02-10,Auto,Self-Employed,Kochi,0,0,
101747,51492,48,639000.0,782.0,25.0,189000.0,60,1,2,0,600000,2023-06-20,2023-06-29,Business,Self-Employed,Mumbai,1,147000,10.35
101748,50373,43,368000.0,709.0,17.0,1029000.0,48,1,2,0,273000,2023-01-14,2023-01-23,Auto,Self-Employed,Coimbatore,0,0,
101749,50271,40,406000.0,737.0,10.0,2374000.0,24,1,1,1,193000,2023-09-27,2023-10-07,Personal,Business Owner,Mumbai,0,0,
101750,50920,48,627000.0,780.0,25.0,977000.0,12,1,1,0,263000,2025-12-13,2025-12-14,Education,Contract,Mumbai,0,0,
101751,50189,21,986000.0,691.0,0.0,,12,2,4,0,1953000,2024-12-13,2024-12-20,Home,Contract,Delhi,1,560000,11.96
101752,50712,45,535000.0,711.0,27.0,679000.0,12,1,3,0,212000,2025-05-21,2025-05-25,Auto,Self-Employed,Delhi,0,0,
101753,51139,31,540000.0,743.0,0.0,555000.0,60,1,1,0,340000,2024-09-20,2024-09-26,Education,Salaried,Kochi,0,0,
101754,50007,21,500000.0,643.0,0.0,736000.0,12,1,3,0,619000,2023-10-28,2023-11-04,Personal,Business Owner,Mumbai,0,0,
101755,51491,43,472000.0,694.0,19.0,686000.0,36,0,2,0,390000,2024-12-04,2024-12-12,Auto,Self-Employed,Hyderabad,1,618000,10.75
101756,51372,52,685000.0,698.0,30.0,441000.0,84,1,1,0,178000,2024-03-02,2024-03-07,Auto,Self-Employed,Coimbatore,1,402000,13.58
101757,51100,37,306000.0,628.0,14.0,1766000.0,60,0,1,0,208000,2023-04-26,2023-05-01,Education,Contract,Delhi,0,0,
101758,50858,48,1068000.0,841.0,26.0,309000.0,36,0,1,0,341000,2023-08-24,2023-08-30,Personal,Salaried,Delhi,0,0,
101759,50580,54,445000.0,599.0,34.0,1039000.0,12,1,4,1,765000,2023-01-13,2023-01-20,Auto,Business Owner,Kochi,0,0,
101760,51058,51,830000.0,606.0,25.0,662000.0,48,3,5,2,2865000,2023-03-09,2023-03-14,Education,Salaried,Kochi,1,641000,12.24
101761,51462,54,339000.0,775.0,36.0,1991000.0,60,0,1,0,342000,2025-01-12,2025-01-17,Personal,Salaried,Bengaluru,0,0,
101762,50731,45,811000.0,736.0,25.0,844000.0,84,2,4,0,1104000,2025-04-16,2025-04-20,Auto,Contract,Kochi,1,796000,11.58
101763,50451,39,812000.0,623.0,16.0,574000.0,36,1,1,0,230000,2024-01-26,2024-01-27,Auto,Self-Employed,Chennai,0,0,
101764,51377,22,713000.0,729.0,6.0,611000.0,60,1,3,0,1360000,2023-04-14,2023-04-21,Home,Self-Employed,Pune,1,578000,12.75
101765,50140,36,384000.0,785.0,20.0,716000.0,36,4,4,1,1950000,2024-09-05,2024-09-12,Business,Salaried,Hyderabad,0,0,
101766,50314,30,671000.0,688.0,12.0,373000.0,72,4,5,0,699000,2025-02-11,2025-02-17,Personal,Business Owner,Coimbatore,0,0,
101767,50467,60,352000.0,850.0,26.0,459000.0,84,0,3,1,528000,2023-10-31,2023-11-10,Education,Business Owner,Mumbai,1,358000,10.75
101768,50634,36,535000.0,578.0,20.0,262000.0,60,0,3,0,1030000,2024-01-14,2024-01-16,Home,Contract,Pune,0,0,
101769,51233,39,954000.0,735.0,20.0,421000.0,24,1,2,0,799000,2023-03-29,2023-03-31,Auto,Business Owner,Delhi,1,363000,12.25
101770,50824,44,859000.0,766.0,30.0,737000.0,84,0,4,0,861000,2024-09-21,2024-09-27,Education,Contract,Pune,1,706000,10.88
101771,50082,38,604000.0,,,826000.0,84,2,3,0,517000,2024-09-16,2024-09-25,Home,Salaried,Hyderabad,1,808000,11.35
101772,50771,55,387000.0,677.0,39.0,236000.0,36,1,1,0,260000,2024-01-01,2024-01-06,Home,Business Owner,Hyderabad,1,189000,12.98
101773,51421,32,802000.0,671.0,14.0,,36,0,1,0,523000,2025-05-26,2025-06-02,Business,Self-Employed,Delhi,0,0,
101774,50096,40,605000.0,719.0,23.0,954000.0,84,1,3,1,766000,2025-01-01,2025-01-03,Home,Salaried,Delhi,0,0,
101775,50319,31,211000.0,743.0,17.0,640000.0,60,3,6,0,797000,2025-09-25,2025-10-01,Personal,Contract,Chennai,0,0,
101776,50389,25,853000.0,729.0,4.0,494000.0,84,1,3,0,792000,2024-03-31,2024-04-06,Business,Salaried,Bengaluru,1,491000,10.28
101777,51110,32,593000.0,758.0,4.0,558000.0,48,0,1,0,370000,2024-02-19,2024-02-29,Business,Salaried,Coimbatore,1,491000,10.34
101778,50371,38,1031000.0,624.0,15.0,520000.0,24,2,5,0,1188000,2024-03-30,2024-04-05,Auto,Contract,Pune,0,0,
101779,51096,34,367000.0,675.0,14.0,493000.0,84,0,1,0,469000,2024-05-25,2024-05-31,Auto,Business Owner,Pune,1,452000,12.15
101780,51076,31,180000.0,629.0,9.0,770000.0,36,4,4,0,1542000,2025-07-23,2025-07-27,Personal,Business Owner,Coimbatore,1,226000,12.87
101781,50464,24,680000.0,665.0,0.0,2491000.0,12,0,0,0,0,2023-07-28,2023-08-02,Education,Self-Employed,Coimbatore,0,0,
101782,51120,37,684000.0,756.0,8.0,465000.0,12,1,2,1,511000,2024-01-06,2024-01-10,Personal,Business Owner,Delhi,0,0,
101783,51285,23,280000.0,697.0,0.0,588000.0,72,0,1,0,100000,2025-03-13,2025-03-19,Business,Contract,Mumbai,0,0,
101784,50827,46,386000.0,850.0,27.0,680000.0,60,2,3,0,1374000,2023-03-27,2023-04-05,Auto,Contract,Mumbai,0,0,
101785,50336,39,2073000.0,703.0,23.0,480000.0,48,2,2,1,424000,2024-10-08,2024-10-13,Personal,Contract,Hyderabad,1,389000,12.89
101786,50014,23,523000.0,694.0,5.0,1281000.0,24,0,3,1,614000,2025-03-31,2025-04-05,Auto,Business Owner,Pune,0,0,
101787,50717,35,834000.0,697.0,17.0,190000.0,36,0,3,0,570000,2023-10-22,2023-10-25,Personal,Contract,Bengaluru,0,0,
101788,51495,30,448000.0,649.0,8.0,,12,1,3,0,942000,2024-05-20,2024-05-27,Personal,Business Owner,Kochi,0,0,
101789,50564,41,234000.0,686.0,12.0,1098000.0,36,2,5,1,711000,2025-04-06,2025-04-11,Home,Contract,Chennai,0,0,
101790,50281,51,556000.0,763.0,27.0,595000.0,84,0,1,0,153000,2023-04-27,2023-04-29,Personal,Contract,Pune,0,0,
101791,51243,21,532000.0,697.0,0.0,446000.0,12,0,1,0,244000,2024-10-10,2024-10-19,Auto,Business Owner,Delhi,0,0,
101792,51096,39,501000.0,638.0,15.0,892000.0,60,0,0,0,0,2023-12-22,2023-12-27,Personal,Self-Employed,Chennai,1,689000,13.81
101793,50056,36,570000.0,630.0,14.0,1152000.0,60,0,1,0,296000,2025-02-14,2025-02-21,Education,Self-Employed,Bengaluru,0,0,
101794,51018,45,676000.0,661.0,25.0,786000.0,36,1,2,0,372000,2025-10-19,2025-10-26,Home,Self-Employed,Coimbatore,0,0,
101795,51234,40,561000.0,695.0,21.0,451000.0,60,3,3,0,1665000,2023-08-24,2023-09-03,Personal,Business Owner,Bengaluru,1,361000,13.43
101796,51317,30,340000.0,768.0,7.0,900000.0,24,2,4,1,1414000,2025-07-30,2025-08-07,Education,Contract,Chennai,0,0,
101797,50710,35,747000.0,603.0,5.0,561000.0,72,3,4,0,1406000,2023-03-10,2023-03-14,Auto,Business Owner,Mumbai,0,0,
101798,50390,30,250000.0,669.0,6.0,1055000.0,60,1,2,0,369000,2023-09-24,2023-10-01,Education,Salaried,Kochi,1,242000,12.21
101799,51433,49,238000.0,699.0,27.0,1583000.0,24,2,5,1,4162000,2025-03-25,2025-03-28,Home,Salaried,Bengaluru,0,0,
101800,51428,38,837000.0,571.0,21.0,167000.0,60,0,1,0,201000,2024-01-17,2024-01-26,Auto,Business Owner,Hyderabad,0,0,
101801,50791,57,754000.0,636.0,33.0,744000.0,36,2,2,0,350000,2024-01-09,2024-01-17,Personal,Salaried,Mumbai,0,0,
101802,51205,37,585000.0,646.0,17.0,269000.0,24,2,5,0,1780000,2024-11-15,2024-11-25,Personal,Self-Employed,Hyderabad,1,244000,13.48
101803,50955,31,320000.0,638.0,10.0,2681000.0,72,0,2,0,551000,2024-05-20,2024-05-29,Education,Self-Employed,Hyderabad,0,0,
101804,50118,23,436000.0,702.0,1.0,541000.0,72,0,4,0,664000,2023-08-25,2023-08-27,Personal,Self-Employed,Delhi,0,0,
101805,50337,21,533000.0,680.0,,1055000.0,72,1,3,0,2248000,2023-11-21,2023-11-25,Auto,Salaried,Bengaluru,1,811000,11.62
101806,50224,22,293000.0,654.0,0.0,687000.0,48,1,1,1,407000,2024-08-12,2024-08-13,Auto,Self-Employed,Hyderabad,0,0,
101807,50317,41,430000.0,718.0,17.0,450000.0,72,0,0,0,0,2025-02-28,2025-03-08,Personal,Self-Employed,Pune,1,417000,13.24
101808,50823,43,805000.0,802.0,21.0,,36,0,0,0,0,2025-01-23,2025-01-27,Education,Self-Employed,Coimbatore,1,389000,10.97
101809,50336,22,1140000.0,797.0,0.0,1674000.0,24,1,2,1,750000,2025-01-01,2025-01-05,Personal,Business Owner,Bengaluru,0,0,
101810,50485,47,497000.0,565.0,27.0,1184000.0,12,1,1,0,249000,2023-01-21,2023-01-28,Business,Contract,Chennai,0,0,
101811,51300,33,843000.0,728.0,8.0,2039000.0,72,1,2,0,1565000,2023-11-01,2023-11-07,Personal,Contract,Coimbatore,0,0,
101812,50259,39,254000.0,678.0,18.0,722000.0,12,2,2,1,695000,2024-08-26,2024-08-29,Home,Business Owner,Mumbai,0,0,
101813,50293,54,807000.0,700.0,32.0,820000.0,48,2,2,1,680000,2025-03-17,2025-03-25,Personal,Self-Employed,Bengaluru,0,0,
101814,51187,47,418000.0,664.0,26.0,604000.0,12,2,2,0,412000,2025-10-06,2025-10-08,Business,Self-Employed,Chennai,0,0,
101815,50504,35,689000.0,698.0,11.0,598000.0,36,2,3,0,769000,2024-03-20,2024-03-21,Home,Business Owner,Kochi,0,0,
101816,51392,29,537000.0,700.0,6.0,395000.0,72,1,2,0,407000,2023-09-23,2023-09-25,Education,Business Owner,Chennai,1,311000,10.12
101817,51021,21,1087000.0,652.0,0.0,733000.0,84,1,1,0,514000,2025-09-23,2025-10-02,Home,Salaried,Bengaluru,0,0,
101818,50004,31,405000.0,632.0,10.0,453000.0,24,3,4,1,447000,2025-12-17,2025-12-22,Auto,Business Owner,Coimbatore,0,0,
101819,50771,36,796000.0,661.0,14.0,893000.0,72,2,2,0,990000,2024-08-23,2024-08-28,Business,Self-Employed,Kochi,0,0,
101820,50620,28,529000.0,705.0,13.0,769000.0,84,0,1,0,161000,2024-09-24,2024-09-30,Auto,Business Owner,Pune,0,0,
101821,51297,37,559000.0,729.0,11.0,820000.0,36,2,3,0,729000,2025-01-26,2025-01-29,Auto,Self-Employed,Chennai,1,670000,9.35
101822,50191,39,,745.0,,1759000.0,60,2,5,0,1078000,2023-11-20,2023-11-21,Home,Salaried,Bengaluru,1,1156000,11.61
101823,51002,36,410000.0,658.0,8.0,686000.0,60,1,2,1,385000,2025-12-21,2025-12-29,Home,Business Owner,Bengaluru,1,524000,12.66
101824,51122,31,596000.0,,10.0,1061000.0,12,1,1,0,353000,2023-03-30,2023-04-06,Auto,Salaried,Pune,1,825000,12.83
101825,50610,40,583000.0,753.0,14.0,2163000.0,48,3,3,1,748000,2024-02-20,2024-02-28,Education,Self-Employed,Hyderabad,1,554000,10.61
101826,50536,42,669000.0,766.0,19.0,1436000.0,84,0,3,1,537000,2024-11-12,2024-11-21,Personal,Self-Employed,Bengaluru,0,0,
101827,50677,27,623000.0,686.0,4.0,1320000.0,48,0,6,0,1620000,2024-02-09,2024-02-11,Personal,Self-Employed,Delhi,0,0,
101828,51282,52,859000.0,676.0,31.0,591000.0,72,3,5,0,883000,2023-12-31,2024-01-05,Business,Self-Employed,Chennai,0,0,
101829,50782,37,909000.0,702.0,13.0,794000.0,60,2,3,1,573000,2024-01-20,2024-01-22,Home,Salaried,Kochi,0,0,
101830,51418,38,374000.0,615.0,14.0,339000.0,48,2,3,0,355000,2023-01-09,2023-01-17,Personal,Business Owner,Hyderabad,0,0,
101831,50783,45,887000.0,677.0,29.0,921000.0,84,0,1,0,200000,2024-05-29,2024-06-02,Education,Business Owner,Chennai,0,0,
101832,50549,40,352000.0,738.0,19.0,814000.0,48,0,1,0,320000,2023-11-05,2023-11-09,Business,Self-Employed,Coimbatore,0,0,
101833,50314,48,782000.0,732.0,24.0,709000.0,12,0,3,0,764000,2023-06-19,2023-06-29,Home,Self-Employed,Coimbatore,0,0,
101834,50430,41,793000.0,672.0,18.0,1232000.0,72,1,2,2,1239000,2023-05-27,2023-06-04,Personal,Salaried,Chennai,0,0,
101835,50594,32,254000.0,704.0,17.0,360000.0,36,1,1,0,923000,2023-03-21,2023-03-28,Auto,Salaried,Delhi,0,0,
101836,50254,42,626000.0,636.0,19.0,1720000.0,36,2,4,0,793000,2025-03-14,2025-03-15,Education,Self-Employed,Delhi,1,1076000,10.0
101837,50824,27,486000.0,736.0,2.0,1149000.0,24,0,5,0,824000,2024-03-27,2024-04-03,Education,Self-Employed,Mumbai,0,0,
101838,50749,39,426000.0,685.0,14.0,673000.0,84,0,3,1,1319000,2025-09-04,2025-09-14,Home,Business Owner,Mumbai,0,0,
101839,50525,38,1102000.0,672.0,14.0,645000.0,36,2,3,1,887000,2025-03-17,2025-03-20,Education,Business Owner,Mumbai,0,0,
101840,50164,36,447000.0,666.0,12.0,912000.0,36,2,2,1,882000,2025-01-26,2025-01-31,Home,Business Owner,Chennai,1,595000,12.67
101841,51354,37,417000.0,686.0,10.0,1616000.0,12,0,2,0,610000,2023-10-22,2023-10-30,Education,Self-Employed,Bengaluru,1,843000,11.82
101842,50505,21,621000.0,661.0,0.0,740000.0,72,1,1,0,227000,2024-09-04,2024-09-10,Personal,Contract,Hyderabad,1,677000,13.6
101843,50349,33,817000.0,733.0,8.0,758000.0,12,3,4,0,910000,2025-06-01,2025-06-09,Home,Salaried,Bengaluru,0,0,
101844,50930,39,563000.0,664.0,19.0,707000.0,72,2,2,0,621000,2024-03-25,2024-03-30,Education,Salaried,Pune,0,0,
101845,50536,40,1014000.0,794.0,16.0,1865000.0,36,2,4,1,900000,2023-03-10,2023-03-20,Personal,Salaried,Chennai,1,1648000,11.43
101846,50181,28,762000.0,785.0,,571000.0,24,2,4,0,1840000,2024-07-09,2024-07-18,Personal,Self-Employed,Pune,0,0,
101847,50539,51,225000.0,632.0,34.0,689000.0,84,1,2,0,261000,2025-06-27,2025-07-03,Personal,Self-Employed,Delhi,0,0,
101848,51481,29,473000.0,695.0,12.0,1566000.0,36,1,5,0,2294000,2024-05-14,2024-05-23,Home,Salaried,Pune,0,0,
101849,51098,48,466000.0,648.0,25.0,759000.0,72,1,5,0,490000,2025-04-09,2025-04-13,Home,Salaried,Bengaluru,1,710000,13.82
101850,51164,42,744000.0,669.0,17.0,1308000.0,36,4,7,0,1882000,2024-05-16,2024-05-18,Education,Salaried,Delhi,0,0,
101851,51027,32,184000.0,820.0,7.0,424000.0,60,1,3,0,636000,2025-08-31,2025-09-08,Auto,Self-Employed,Pune,1,237000,11.46
101852,50796,56,1889000.0,670.0,37.0,625000.0,72,2,4,0,469000,2024-12-30,2025-01-04,Auto,Contract,Coimbatore,1,481000,14.58
101853,50265,26,762000.0,713.0,3.0,1584000.0,24,3,5,0,446000,2025-06-19,2025-06-21,Business,Contract,Hyderabad,1,1421000,12.32
101854,51447,47,642000.0,725.0,23.0,483000.0,72,1,1,0,144000,2024-10-21,2024-10-27,Auto,Contract,Chennai,0,0,
101855,50542,48,1021000.0,625.0,23.0,644000.0,36,2,2,0,512000,2025-01-30,2025-02-02,Auto,Business Owner,Kochi,0,0,
101856,50791,31,1723000.0,634.0,6.0,806000.0,12,1,1,0,185000,2023-02-23,2023-02-24,Education,Business Owner,Hyderabad,0,0,
101857,51438,52,888000.0,612.0,31.0,406000.0,72,0,1,1,149000,2023-11-28,2023-12-04,Home,Self-Employed,Delhi,0,0,
101858,51344,35,920000.0,632.0,8.0,558000.0,36,0,3,0,1475000,2025-08-16,2025-08-24,Auto,Contract,Mumbai,0,0,
101859,50400,41,636000.0,505.0,23.0,745000.0,48,2,3,0,405000,2024-10-17,2024-10-18,Business,Contract,Mumbai,1,685000,13.44
101860,51144,41,563000.0,725.0,17.0,718000.0,60,0,3,1,1053000,2023-11-09,2023-11-12,Education,Business Owner,Delhi,0,0,
101861,50420,37,484000.0,824.0,14.0,1416000.0,84,2,5,0,801000,2023-12-21,2023-12-27,Personal,Contract,Coimbatore,0,0,
101862,51310,46,414000.0,700.0,19.0,1634000.0,84,0,1,0,143000,2023-08-13,2023-08-23,Personal,Salaried,Chennai,0,0,
101863,50046,46,440000.0,598.0,24.0,437000.0,60,0,1,0,185000,2024-09-05,2024-09-08,Business,Business Owner,Mumbai,1,397000,12.62
101864,51381,21,327000.0,648.0,0.0,744000.0,84,1,1,0,341000,2023-04-09,2023-04-16,Home,Salaried,Hyderabad,0,0,
101865,51104,51,580000.0,660.0,29.0,1014000.0,60,1,1,1,126000,2023-11-03,2023-11-09,Personal,Contract,Delhi,0,0,
101866,50768,21,281000.0,624.0,5.0,1612000.0,24,1,7,1,2020000,2025-03-05,2025-03-14,Home,Self-Employed,Hyderabad,0,0,
101867,50860,48,654000.0,746.0,27.0,1039000.0,72,2,3,0,464000,2024-01-26,2024-02-01,Auto,Contract,Coimbatore,0,0,
101868,50886,49,590000.0,743.0,24.0,821000.0,60,0,2,1,338000,2024-01-09,2024-01-16,Auto,Self-Employed,Kochi,0,0,
101869,50404,27,641000.0,615.0,2.0,1010000.0,36,2,5,0,1527000,2023-07-23,2023-07-25,Auto,Salaried,Pune,0,0,
101870,51486,34,474000.0,737.0,14.0,1014000.0,24,2,4,2,2965000,2024-08-31,2024-09-10,Personal,Salaried,Mumbai,0,0,
101871,51133,27,2396000.0,789.0,10.0,420000.0,48,0,1,1,159000,2024-09-24,2024-09-28,Personal,Contract,Bengaluru,1,346000,10.66
101872,50568,36,1107000.0,814.0,15.0,778000.0,12,0,2,0,717000,2023-03-07,2023-03-12,Home,Business Owner,Kochi,1,678000,10.77
101873,51245,35,343000.0,850.0,16.0,1562000.0,60,1,2,0,428000,2023-05-11,2023-05-13,Home,Salaried,Kochi,0,0,
101874,50238,46,666000.0,631.0,26.0,625000.0,36,1,2,1,394000,2025-02-17,2025-02-27,Business,Self-Employed,Mumbai,0,0,
101875,50467,51,456000.0,850.0,35.0,752000.0,84,2,4,0,1709000,2025-06-19,2025-06-29,Auto,Self-Employed,Coimbatore,0,0,
101876,51233,52,380000.0,667.0,22.0,613000.0,24,1,2,0,328000,2025-04-07,2025-04-17,Education,Business Owner,Mumbai,0,0,
101877,50190,32,328000.0,651.0,13.0,196000.0,72,1,4,0,562000,2023-04-02,2023-04-09,Education,Contract,Delhi,0,0,
101878,50961,36,729000.0,711.0,18.0,708000.0,72,0,1,0,315000,2025-01-08,2025-01-12,Auto,Salaried,Kochi,1,655000,13.62
101879,50669,21,442000.0,652.0,0.0,826000.0,36,0,0,0,0,2024-10-14,2024-10-23,Business,Contract,Chennai,0,0,
101880,50126,30,927000.0,716.0,4.0,528000.0,72,2,2,0,727000,2023-02-23,2023-03-03,Home,Salaried,Coimbatore,1,491000,12.05
101881,50638,48,938000.0,604.0,23.0,,60,0,1,0,124000,2024-10-19,2024-10-29,Personal,Contract,Kochi,1,343000,13.35
101882,50640,54,1113000.0,674.0,29.0,431000.0,12,0,2,0,368000,2024-11-09,2024-11-18,Business,Business Owner,Delhi,1,429000,12.39
101883,51496,26,409000.0,774.0,2.0,1066000.0,24,1,3,0,1224000,2023-02-14,2023-02-22,Business,Self-Employed,Kochi,0,0,
101884,50083,32,743000.0,686.0,11.0,2071000.0,36,1,3,0,1653000,2023-04-27,2023-05-02,Auto,Contract,Delhi,0,0,
101885,50043,38,798000.0,699.0,19.0,1497000.0,24,1,1,0,280000,2023-05-27,2023-06-05,Home,Contract,Delhi,0,0,
101886,50714,41,485000.0,721.0,23.0,334000.0,60,2,7,0,1310000,2024-10-20,2024-10-25,Education,Salaried,Bengaluru,1,256000,10.86
101887,51316,30,424000.0,766.0,5.0,1120000.0,72,2,4,0,2277000,2025-11-10,2025-11-18,Education,Contract,Hyderabad,0,0,
101888,50887,42,1238000.0,582.0,17.0,486000.0,60,3,3,0,723000,2024-06-19,2024-06-23,Education,Contract,Delhi,1,452000,13.33
101889,50145,33,665000.0,728.0,16.0,508000.0,48,0,2,0,369000,2025-12-07,2025-12-12,Business,Business Owner,Kochi,1,505000,12.25
101890,50182,38,799000.0,673.0,19.0,543000.0,84,2,4,1,679000,2024-02-23,2024-02-27,Personal,Contract,Mumbai,0,0,
101891,51169,43,414000.0,701.0,21.0,1032000.0,48,1,2,1,275000,2025-10-09,2025-10-11,Home,Business Owner,Delhi,0,0,
101892,51184,38,347000.0,759.0,18.0,1186000.0,60,2,3,0,3093000,2024-07-24,2024-07-28,Personal,Business Owner,Pune,1,663000,11.06
101893,50912,34,464000.0,612.0,12.0,663000.0,24,1,2,0,1017000,2025-09-24,2025-09-29,Education,Business Owner,Hyderabad,1,460000,13.56
101894,51331,37,567000.0,624.0,17.0,669000.0,36,0,1,0,180000,2024-04-26,2024-05-02,Personal,Salaried,Delhi,0,0,
101895,51396,37,372000.0,564.0,14.0,904000.0,36,0,1,0,594000,2023-09-27,2023-10-01,Business,Business Owner,Coimbatore,0,0,
101896,50443,34,597000.0,654.0,13.0,957000.0,84,2,6,0,1958000,2025-07-10,2025-07-20,Auto,Salaried,Hyderabad,0,0,
101897,50767,35,281000.0,776.0,7.0,1337000.0,24,1,3,0,951000,2024-11-22,2024-11-26,Personal,Self-Employed,Pune,1,391000,11.02
101898,50791,54,362000.0,682.0,29.0,345000.0,12,1,2,0,349000,2025-03-22,2025-03-28,Personal,Business Owner,Pune,0,0,
101899,50544,44,811000.0,603.0,19.0,708000.0,24,0,1,0,193000,2023-08-30,2023-09-06,Personal,Contract,Pune,0,0,
101900,50872,35,787000.0,658.0,12.0,389000.0,60,0,1,1,245000,2025-07-19,2025-07-26,Education,Business Owner,Pune,0,0,
101901,50714,45,503000.0,593.0,19.0,681000.0,84,2,4,0,374000,2025-12-23,2025-12-27,Personal,Self-Employed,Chennai,0,0,
101902,50994,35,380000.0,617.0,11.0,618000.0,60,0,0,0,0,2024-02-02,2024-02-07,Home,Business Owner,Pune,0,0,
101903,50414,50,378000.0,715.0,22.0,682000.0,48,2,4,0,1002000,2025-06-06,2025-06-09,Business,Salaried,Coimbatore,1,536000,12.48
101904,50627,42,507000.0,614.0,22.0,451000.0,36,0,3,0,1444000,2023-02-18,2023-02-23,Home,Self-Employed,Coimbatore,1,431000,14.45
101905,50420,37,802000.0,762.0,15.0,309000.0,84,0,1,0,184000,2023-05-25,2023-06-04,Home,Self-Employed,Mumbai,1,240000,13.31
101906,50262,42,911000.0,685.0,13.0,221000.0,48,2,3,0,1126000,2025-07-05,2025-07-10,Education,Salaried,Kochi,0,0,
101907,50801,22,480000.0,696.0,0.0,651000.0,84,0,2,0,178000,2024-02-02,2024-02-06,Personal,Salaried,Delhi,0,0,
101908,51029,27,357000.0,672.0,6.0,552000.0,36,2,5,0,2240000,2025-02-09,2025-02-15,Business,Contract,Coimbatore,0,0,
101909,50312,26,677000.0,740.0,2.0,483000.0,24,2,4,1,638000,2024-11-01,2024-11-06,Business,Self-Employed,Chennai,0,0,
101910,50540,39,414000.0,741.0,14.0,1449000.0,12,2,3,0,800000,2024-03-03,2024-03-11,Business,Business Owner,Mumbai,1,409000,12.2
101911,50903,55,475000.0,712.0,33.0,436000.0,72,1,2,1,613000,2025-11-06,2025-11-08,Personal,Salaried,Chennai,0,0,
101912,50750,60,1089000.0,727.0,39.0,1526000.0,36,3,3,1,833000,2023-03-22,2023-03-28,Business,Contract,Bengaluru,0,0,
101913,51083,44,871000.0,676.0,16.0,1710000.0,12,1,1,0,237000,2023-07-03,2023-07-05,Business,Salaried,Mumbai,0,0,
101914,50915,43,644000.0,725.0,23.0,239000.0,12,0,1,0,134000,2024-04-11,2024-04-17,Auto,Salaried,Coimbatore,1,207000,11.55
101915,50830,21,339000.0,668.0,0.0,736000.0,12,0,0,0,0,2023-10-10,2023-10-14,Auto,Contract,Coimbatore,0,0,
101916,51323,33,660000.0,690.0,11.0,562000.0,24,0,4,1,1646000,2025-12-30,2025-12-31,Business,Self-Employed,Coimbatore,0,0,
101917,50050,30,968000.0,672.0,8.0,141000.0,12,0,2,0,371000,2023-03-31,2023-04-06,Home,Business Owner,Bengaluru,1,112000,12.25
101918,50632,32,507000.0,660.0,8.0,316000.0,12,2,3,0,712000,2024-12-09,2024-12-12,Personal,Salaried,Chennai,0,0,
101919,50870,36,1102000.0,645.0,10.0,1072000.0,60,2,4,0,474000,2024-10-03,2024-10-10,Home,Self-Employed,Coimbatore,0,0,
101920,51425,33,1073000.0,720.0,10.0,2125000.0,60,2,2,0,768000,2023-07-22,2023-07-25,Home,Contract,Pune,1,2067000,12.39
101921,50723,21,1269000.0,775.0,6.0,1150000.0,36,1,1,0,129000,2024-08-21,2024-08-31,Personal,Contract,Kochi,1,888000,11.67
101922,51307,45,688000.0,766.0,18.0,836000.0,60,0,3,1,1186000,2023-01-06,2023-01-10,Personal,Contract,Kochi,0,0,
101923,50165,27,782000.0,608.0,12.0,692000.0,36,0,0,0,0,2023-12-23,2024-01-01,Education,Self-Employed,Hyderabad,0,0,
101924,50263,40,1134000.0,774.0,17.0,1766000.0,12,3,4,0,1661000,2023-02-24,2023-03-03,Education,Business Owner,Pune,0,0,
101925,50294,59,734000.0,669.0,37.0,2282000.0,60,0,4,1,1005000,2025-12-26,2025-12-30,Education,Self-Employed,Delhi,1,961000,13.18
101926,50209,29,,729.0,3.0,507000.0,48,1,5,0,945000,2023-05-27,2023-05-29,Business,Self-Employed,Coimbatore,0,0,
101927,50889,21,490000.0,631.0,0.0,233000.0,72,0,3,0,1669000,2024-08-08,2024-08-13,Business,Contract,Mumbai,0,0,
101928,50669,35,668000.0,699.0,11.0,221000.0,72,1,1,0,242000,2025-09-06,2025-09-14,Business,Salaried,Kochi,1,189000,11.68
101929,50307,49,336000.0,710.0,23.0,1448000.0,24,0,1,0,209000,2025-01-05,2025-01-07,Education,Salaried,Mumbai,0,0,
101930,50364,58,563000.0,594.0,35.0,682000.0,60,3,3,0,1182000,2024-11-25,2024-12-04,Personal,Contract,Hyderabad,1,663000,14.1
101931,50103,26,983000.0,730.0,2.0,774000.0,84,1,2,0,239000,2025-05-03,2025-05-08,Business,Salaried,Delhi,1,632000,11.94
101932,50399,43,224000.0,777.0,28.0,261000.0,24,4,5,0,353000,2023-09-05,2023-09-11,Personal,Contract,Delhi,0,0,
101933,50609,33,1197000.0,679.0,6.0,463000.0,72,2,2,1,892000,2023-05-12,2023-05-19,Education,Self-Employed,Bengaluru,1,419000,11.19
101934,50779,37,994000.0,778.0,15.0,595000.0,60,0,2,1,329000,2025-12-29,2026-01-07,Personal,Contract,Mumbai,0,0,
101935,50352,64,488000.0,678.0,40.0,785000.0,72,4,4,1,1541000,2023-12-15,2023-12-22,Business,Business Owner,Bengaluru,1,638000,14.36
101936,51261,23,766000.0,745.0,0.0,562000.0,60,1,6,0,1535000,2024-03-17,2024-03-21,Personal,Business Owner,Bengaluru,0,0,
101937,50092,41,601000.0,546.0,22.0,396000.0,84,1,1,1,140000,2023-09-13,2023-09-18,Education,Business Owner,Hyderabad,0,0,
101938,51172,43,1044000.0,847.0,19.0,455000.0,48,1,6,0,2032000,2024-05-19,2024-05-22,Business,Self-Employed,Mumbai,1,421000,10.73
101939,51009,49,934000.0,787.0,17.0,1361000.0,12,1,1,0,204000,2024-02-20,2024-02-21,Business,Salaried,Pune,1,1334000,11.36
101940,51053,39,320000.0,671.0,20.0,801000.0,84,0,0,0,0,2023-11-15,2023-11-18,Education,Self-Employed,Delhi,0,0,
101941,51040,41,781000.0,562.0,15.0,980000.0,36,1,2,0,296000,2023-11-12,2023-11-13,Home,Salaried,Coimbatore,0,0,
101942,51425,34,547000.0,709.0,8.0,427000.0,60,0,0,0,0,2025-09-12,2025-09-17,Auto,Self-Employed,Pune,0,0,
101943,50206,41,623000.0,596.0,22.0,138000.0,60,3,5,0,1529000,2025-09-24,2025-10-01,Education,Self-Employed,Pune,0,0,
101944,50805,35,432000.0,719.0,12.0,525000.0,84,0,1,1,157000,2023-11-26,2023-12-05,Personal,Business Owner,Pune,1,418000,13.57
101945,50018,44,1318000.0,717.0,26.0,435000.0,24,3,4,1,983000,2025-12-22,2025-12-26,Home,Self-Employed,Delhi,0,0,
101946,50177,34,958000.0,629.0,17.0,848000.0,12,0,1,0,228000,2025-03-11,2025-03-21,Education,Business Owner,Bengaluru,1,738000,11.92
101947,50441,42,430000.0,763.0,17.0,4265000.0,60,0,1,0,156000,2023-05-03,2023-05-13,Auto,Self-Employed,Bengaluru,0,0,
101948,50721,38,329000.0,742.0,19.0,1026000.0,60,1,4,0,467000,2023-09-27,2023-09-28,Business,Contract,Mumbai,0,0,
101949,50531,49,504000.0,753.0,24.0,3152000.0,36,1,4,0,3550000,2023-01-08,2023-01-15,Auto,Business Owner,Mumbai,0,0,
101950,51094,37,730000.0,691.0,24.0,957000.0,72,1,3,0,732000,2024-12-30,2025-01-02,Auto,Contract,Pune,0,0,
101951,50628,21,668000.0,598.0,0.0,495000.0,12,1,2,0,1244000,2023-12-08,2023-12-09,Education,Self-Employed,Hyderabad,0,0,
101952,50978,51,,754.0,33.0,848000.0,12,2,5,0,2238000,2024-11-16,2024-11-20,Business,Self-Employed,Chennai,0,0,
101953,50821,29,856000.0,672.0,10.0,1864000.0,72,5,5,0,1065000,2025-04-07,2025-04-16,Business,Contract,Pune,0,0,
101954,50522,31,928000.0,600.0,10.0,1915000.0,84,0,3,0,821000,2023-12-02,2023-12-08,Auto,Salaried,Pune,0,0,
101955,51281,32,695000.0,778.0,7.0,510000.0,60,2,2,0,539000,2025-01-17,2025-01-23,Education,Salaried,Delhi,1,463000,11.43
101956,51281,52,321000.0,826.0,29.0,805000.0,12,1,3,0,1886000,2025-05-10,2025-05-17,Business,Salaried,Delhi,1,733000,10.86
101957,50559,21,549000.0,687.0,0.0,319000.0,84,3,4,0,1514000,2023-09-13,2023-09-14,Business,Self-Employed,Chennai,0,0,
101958,51254,69,967000.0,830.0,40.0,1102000.0,12,1,1,1,167000,2023-04-26,2023-05-01,Personal,Salaried,Delhi,1,883000,9.34
101959,50667,49,586000.0,696.0,28.0,1645000.0,36,1,4,1,1192000,2025-03-01,2025-03-05,Auto,Salaried,Chennai,0,0,
101960,50665,40,752000.0,665.0,19.0,715000.0,48,1,1,0,374000,2023-02-19,2023-02-23,Home,Self-Employed,Bengaluru,0,0,
101961,51242,37,520000.0,649.0,3.0,485000.0,72,2,4,0,556000,2024-07-08,2024-07-15,Auto,Self-Employed,Hyderabad,1,379000,14.34
101962,50615,41,377000.0,796.0,14.0,853000.0,72,0,3,0,960000,2024-05-20,2024-05-22,Education,Salaried,Delhi,0,0,
101963,50906,43,568000.0,639.0,18.0,881000.0,36,2,4,0,1960000,2023-08-22,2023-08-27,Business,Salaried,Chennai,0,0,
101964,51188,44,690000.0,738.0,23.0,732000.0,48,1,1,0,163000,2025-02-13,2025-02-20,Business,Contract,Pune,0,0,
101965,50392,44,447000.0,654.0,23.0,772000.0,36,2,2,1,349000,2023-07-08,2023-07-11,Personal,Self-Employed,Mumbai,0,0,
101966,50993,39,540000.0,660.0,16.0,636000.0,84,4,6,0,2680000,2024-07-03,2024-07-05,Business,Self-Employed,Delhi,0,0,
101967,50958,36,393000.0,757.0,17.0,1211000.0,72,1,3,0,628000,2024-06-07,2024-06-08,Business,Contract,Pune,0,0,
101968,50925,36,993000.0,665.0,10.0,1049000.0,72,0,1,1,153000,2025-03-31,2025-04-05,Home,Business Owner,Delhi,1,1004000,12.51
101969,50053,36,526000.0,664.0,16.0,408000.0,60,2,5,0,1943000,2023-01-14,2023-01-19,Auto,Business Owner,Bengaluru,1,330000,12.12
101970,50994,49,1154000.0,764.0,29.0,402000.0,36,1,3,2,1001000,2025-08-24,2025-08-28,Business,Self-Employed,Bengaluru,0,0,
101971,51499,44,1194000.0,794.0,24.0,609000.0,84,1,1,1,262000,2025-05-09,2025-05-17,Education,Self-Employed,Pune,1,522000,11.3
101972,50874,21,579000.0,732.0,0.0,1050000.0,12,0,1,1,439000,2024-03-08,2024-03-10,Home,Salaried,Delhi,1,1001000,11.0
101973,50004,45,381000.0,647.0,30.0,759000.0,12,3,4,1,1818000,2024-09-03,2024-09-07,Home,Business Owner,Kochi,1,572000,11.85
101974,51221,40,235000.0,,20.0,491000.0,24,1,2,0,480000,2024-04-06,2024-04-11,Personal,Salaried,Mumbai,0,0,
101975,50682,38,309000.0,695.0,12.0,808000.0,60,0,0,0,0,2025-05-27,2025-06-05,Education,Business Owner,Hyderabad,0,0,
101976,50630,34,323000.0,711.0,13.0,584000.0,12,1,2,0,1104000,2023-10-11,2023-10-14,Home,Contract,Hyderabad,0,0,
101977,51099,49,1116000.0,626.0,30.0,1136000.0,84,6,8,0,742000,2024-09-14,2024-09-15,Auto,Salaried,Chennai,0,0,
101978,50205,47,632000.0,737.0,23.0,841000.0,60,1,1,0,149000,2025-03-10,2025-03-14,Education,Contract,Mumbai,0,0,
101979,50546,30,715000.0,696.0,12.0,589000.0,84,1,1,1,81000,2024-12-17,2024-12-27,Auto,Contract,Coimbatore,1,458000,11.33
101980,51377,42,221000.0,578.0,22.0,795000.0,84,0,2,0,425000,2024-06-17,2024-06-23,Personal,Business Owner,Hyderabad,0,0,
101981,50526,28,350000.0,630.0,0.0,1443000.0,36,1,2,0,273000,2024-11-12,2024-11-19,Personal,Self-Employed,Kochi,0,0,
101982,50949,24,894000.0,657.0,3.0,512000.0,12,2,3,0,499000,2025-10-17,2025-10-21,Business,Self-Employed,Chennai,0,0,
101983,51356,32,683000.0,685.0,8.0,874000.0,60,2,3,0,1294000,2025-01-03,2025-01-07,Auto,Contract,Bengaluru,0,0,
101984,51227,47,562000.0,813.0,27.0,673000.0,36,2,4,0,416000,2023-06-10,2023-06-16,Auto,Self-Employed,Hyderabad,1,592000,10.31
101985,50769,48,774000.0,705.0,30.0,885000.0,72,0,2,1,534000,2023-06-23,2023-06-24,Personal,Salaried,Coimbatore,1,857000,13.2
101986,51262,43,1253000.0,635.0,22.0,488000.0,48,0,0,0,0,2025-06-23,2025-06-28,Auto,Business Owner,Bengaluru,1,396000,13.06
101987,50776,45,543000.0,704.0,30.0,744000.0,24,0,2,0,480000,2023-01-26,2023-01-29,Education,Salaried,Kochi,1,641000,12.24
101988,50402,43,619000.0,667.0,20.0,1287000.0,36,0,3,0,801000,2024-03-12,2024-03-20,Business,Self-Employed,Bengaluru,0,0,
101989,51413,32,654000.0,711.0,12.0,418000.0,72,1,3,0,246000,2025-01-28,2025-02-02,Business,Contract,Kochi,0,0,
101990,50640,42,1761000.0,728.0,23.0,337000.0,48,1,2,0,334000,2023-01-11,2023-01-18,Education,Business Owner,Delhi,0,0,
101991,50735,46,233000.0,769.0,24.0,344000.0,60,1,5,0,2704000,2024-09-10,2024-09-18,Home,Contract,Kochi,0,0,
101992,50067,46,816000.0,688.0,27.0,368000.0,84,2,2,0,275000,2025-10-21,2025-10-29,Auto,Business Owner,Mumbai,1,325000,12.3
101993,51174,50,,797.0,26.0,971000.0,48,1,4,0,2301000,2024-06-06,2024-06-08,Home,Salaried,Mumbai,1,665000,12.66
101994,51158,45,774000.0,749.0,21.0,323000.0,12,0,1,0,124000,2023-03-29,2023-03-31,Home,Self-Employed,Pune,1,314000,12.71
101995,50856,42,446000.0,644.0,15.0,594000.0,72,2,2,0,233000,2023-08-30,2023-09-09,Auto,Salaried,Hyderabad,0,0,
101996,51435,49,587000.0,834.0,28.0,984000.0,72,3,5,0,777000,2025-10-05,2025-10-10,Personal,Contract,Coimbatore,0,0,
101997,51237,38,826000.0,711.0,17.0,880000.0,60,0,2,0,879000,2024-08-20,2024-08-23,Auto,Salaried,Mumbai,1,677000,11.79
101998,50633,29,2435000.0,636.0,12.0,566000.0,24,1,5,0,951000,2023-04-21,2023-05-01,Personal,Self-Employed,Kochi,1,543000,12.73
101999,50226,36,863000.0,797.0,17.0,778000.0,24,3,3,1,891000,2023-10-16,2023-10-17,Education,Self-Employed,Chennai,1,750000,11.49
102000,50803,31,410000.0,825.0,8.0,742000.0,60,3,5,0,1297000,2023-03-15,2023-03-23,Personal,Salaried,Bengaluru,0,0,
102001,51407,31,496000.0,688.0,4.0,619000.0,12,3,3,0,730000,2023-04-18,2023-04-24,Home,Business Owner,Chennai,0,0,
102002,50189,37,489000.0,657.0,17.0,623000.0,60,4,8,1,3782000,2025-03-11,2025-03-14,Home,Self-Employed,Bengaluru,0,0,
102003,51242,30,267000.0,679.0,12.0,2394000.0,60,0,4,0,1471000,2025-01-06,2025-01-14,Home,Self-Employed,Chennai,0,0,
102004,51404,35,517000.0,736.0,16.0,1092000.0,72,3,5,0,706000,2023-03-18,2023-03-19,Personal,Self-Employed,Bengaluru,0,0,
102005,51200,21,834000.0,773.0,3.0,2739000.0,60,0,1,0,218000,2023-07-22,2023-07-25,Home,Self-Employed,Mumbai,0,0,
102006,50211,40,338000.0,727.0,17.0,533000.0,36,1,4,0,2391000,2025-04-30,2025-05-09,Business,Business Owner,Chennai,1,506000,12.61
102007,50343,38,962000.0,697.0,14.0,668000.0,24,0,2,1,587000,2025-03-10,2025-03-16,Auto,Business Owner,Hyderabad,0,0,
102008,50488,30,747000.0,787.0,5.0,336000.0,24,0,3,0,353000,2024-12-07,2024-12-08,Home,Contract,Kochi,1,335000,10.84
102009,50994,45,431000.0,670.0,23.0,448000.0,12,1,1,0,122000,2024-02-16,2024-02-25,Personal,Contract,Hyderabad,0,0,
102010,50347,47,563000.0,757.0,25.0,1992000.0,24,0,3,0,1170000,2024-03-16,2024-03-23,Home,Contract,Coimbatore,0,0,
102011,50323,22,1232000.0,671.0,1.0,525000.0,12,2,2,2,710000,2023-02-22,2023-02-23,Personal,Salaried,Coimbatore,0,0,
102012,50494,30,835000.0,718.0,7.0,2012000.0,72,2,4,0,631000,2024-11-02,2024-11-03,Auto,Salaried,Delhi,1,1727000,10.55
102013,50077,30,602000.0,683.0,7.0,353000.0,12,0,4,1,1453000,2023-01-09,2023-01-14,Personal,Contract,Pune,1,323000,10.49
102014,50976,29,539000.0,686.0,4.0,392000.0,24,1,1,0,556000,2024-11-21,2024-11-25,Auto,Self-Employed,Coimbatore,0,0,
102015,50003,46,621000.0,665.0,28.0,580000.0,84,1,1,1,518000,2023-03-24,2023-04-01,Home,Contract,Chennai,0,0,
102016,50538,36,477000.0,777.0,14.0,676000.0,60,1,2,0,1115000,2025-11-14,2025-11-16,Business,Salaried,Bengaluru,0,0,
102017,51477,35,233000.0,642.0,12.0,1163000.0,60,1,2,0,660000,2023-08-13,2023-08-19,Home,Business Owner,Pune,0,0,
102018,50951,21,1504000.0,642.0,0.0,897000.0,36,1,3,1,686000,2024-03-05,2024-03-13,Auto,Self-Employed,Kochi,0,0,
102019,50003,44,643000.0,828.0,17.0,557000.0,12,0,2,0,409000,2025-04-14,2025-04-15,Education,Self-Employed,Kochi,1,436000,11.13
102020,50796,26,718000.0,754.0,9.0,651000.0,48,0,2,1,496000,2025-06-13,2025-06-16,Education,Self-Employed,Coimbatore,0,0,
102021,50239,39,585000.0,535.0,19.0,587000.0,48,1,5,0,807000,2025-01-29,2025-01-30,Education,Salaried,Mumbai,0,0,
102022,51268,41,431000.0,653.0,13.0,423000.0,72,3,3,0,627000,2025-09-21,2025-09-28,Home,Self-Employed,Hyderabad,0,0,
102023,50427,52,552000.0,572.0,33.0,430000.0,24,3,5,0,2365000,2023-03-19,2023-03-20,Personal,Self-Employed,Hyderabad,0,0,
102024,50542,25,292000.0,628.0,7.0,1232000.0,24,4,7,0,783000,2025-12-15,2025-12-24,Business,Business Owner,Mumbai,0,0,
102025,50343,21,1672000.0,486.0,0.0,256000.0,48,1,2,0,231000,2023-12-23,2023-12-31,Business,Self-Employed,Hyderabad,1,254000,15.23
102026,51426,40,344000.0,681.0,24.0,1704000.0,36,0,0,0,0,2024-06-18,2024-06-21,Home,Salaried,Chennai,0,0,
102027,50621,56,,616.0,35.0,580000.0,84,2,2,0,420000,2024-11-04,2024-11-08,Auto,Self-Employed,Delhi,0,0,
102028,50829,50,492000.0,694.0,22.0,458000.0,72,1,1,0,95000,2024-07-24,2024-08-02,Home,Salaried,Mumbai,0,0,
102029,50257,40,1071000.0,584.0,19.0,1051000.0,84,3,5,0,1212000,2024-07-31,2024-08-10,Education,Business Owner,Delhi,0,0,
102030,50064,33,604000.0,695.0,12.0,1584000.0,12,1,2,0,451000,2024-02-10,2024-02-16,Auto,Business Owner,Chennai,0,0,
102031,50731,46,344000.0,663.0,22.0,1294000.0,84,2,3,1,605000,2023-04-25,2023-04-30,Business,Self-Employed,Pune,0,0,
102032,50142,28,1055000.0,788.0,8.0,923000.0,12,0,1,0,352000,2024-04-18,2024-04-23,Home,Contract,Kochi,0,0,
102033,51321,43,834000.0,782.0,14.0,1273000.0,72,0,1,0,128000,2025-01-23,2025-01-24,Personal,Business Owner,Delhi,0,0,
102034,50766,43,765000.0,741.0,25.0,272000.0,24,2,6,0,1510000,2023-11-27,2023-11-28,Personal,Self-Employed,Hyderabad,1,257000,13.76
102035,51097,49,828000.0,669.0,23.0,525000.0,72,2,2,0,450000,2024-12-25,2024-12-28,Business,Business Owner,Mumbai,0,0,
102036,50964,66,1762000.0,819.0,40.0,424000.0,84,1,2,0,510000,2025-09-09,2025-09-11,Auto,Business Owner,Mumbai,1,414000,10.56
102037,50693,42,1604000.0,589.0,20.0,1373000.0,24,1,2,0,210000,2023-03-29,2023-04-08,Education,Salaried,Kochi,1,1339000,13.85
102038,50415,33,440000.0,599.0,13.0,567000.0,84,3,3,0,578000,2025-06-26,2025-06-27,Personal,Contract,Pune,1,443000,12.94
102039,51146,38,1246000.0,685.0,17.0,1114000.0,72,0,1,0,252000,2024-07-27,2024-08-01,Personal,Salaried,Pune,1,1087000,12.92
102040,51339,21,713000.0,837.0,0.0,940000.0,60,3,6,0,1966000,2023-01-03,2023-01-06,Home,Self-Employed,Kochi,1,828000,9.64
102041,50736,31,751000.0,677.0,7.0,436000.0,36,2,4,0,2517000,2024-06-07,2024-06-14,Business,Self-Employed,Pune,0,0,
102042,50450,34,280000.0,678.0,7.0,507000.0,12,0,2,0,748000,2024-05-20,2024-05-28,Personal,Salaried,Mumbai,0,0,
102043,50752,33,556000.0,596.0,10.0,1426000.0,60,2,5,0,1574000,2024-10-07,2024-10-17,Home,Contract,Kochi,0,0,
102044,50805,40,416000.0,751.0,22.0,457000.0,48,0,2,1,944000,2023-03-25,2023-03-31,Auto,Contract,Hyderabad,1,397000,11.1
102045,50756,30,871000.0,752.0,8.0,750000.0,60,0,0,0,0,2023-07-03,2023-07-08,Personal,Contract,Hyderabad,0,0,
102046,51218,49,972000.0,741.0,30.0,455000.0,72,1,3,0,1631000,2023-06-18,2023-06-28,Business,Business Owner,Hyderabad,1,345000,13.35
102047,50526,38,236000.0,649.0,22.0,589000.0,48,0,1,0,438000,2023-04-18,2023-04-23,Home,Self-Employed,Coimbatore,0,0,
102048,51423,38,594000.0,644.0,14.0,682000.0,48,0,0,0,0,2023-07-12,2023-07-13,Auto,Business Owner,Coimbatore,1,675000,12.92
102049,50281,35,994000.0,606.0,12.0,455000.0,12,1,5,0,3271000,2025-05-01,2025-05-07,Home,Salaried,Delhi,0,0,
102050,51482,40,552000.0,695.0,27.0,413000.0,60,2,4,0,1250000,2023-09-29,2023-10-05,Education,Contract,Bengaluru,0,0,
102051,51372,46,833000.0,620.0,30.0,819000.0,12,2,4,0,2994000,2024-07-09,2024-07-12,Business,Business Owner,Delhi,1,803000,13.01
102052,50520,29,703000.0,613.0,0.0,440000.0,84,2,3,0,873000,2025-06-24,2025-06-28,Business,Contract,Mumbai,1,430000,13.17
102053,50378,31,700000.0,662.0,11.0,448000.0,36,2,3,0,566000,2025-01-07,2025-01-11,Personal,Business Owner,Delhi,0,0,
102054,51464,35,531000.0,658.0,13.0,418000.0,84,1,3,0,511000,2025-02-03,2025-02-09,Home,Self-Employed,Hyderabad,0,0,
102055,50501,25,347000.0,655.0,6.0,671000.0,36,3,6,1,1256000,2025-01-14,2025-01-22,Auto,Contract,Mumbai,0,0,
102056,50910,30,362000.0,720.0,5.0,1176000.0,36,0,0,0,0,2025-02-09,2025-02-18,Personal,Business Owner,Pune,1,397000,12.84
102057,50084,33,826000.0,695.0,8.0,1603000.0,36,1,4,0,1888000,2025-03-09,2025-03-18,Business,Salaried,Chennai,0,0,
102058,51066,47,605000.0,671.0,22.0,470000.0,48,3,4,0,986000,2023-04-26,2023-05-01,Home,Business Owner,Chennai,1,390000,12.88
102059,51293,41,564000.0,702.0,17.0,2284000.0,84,1,1,0,112000,2025-08-18,2025-08-26,Auto,Salaried,Hyderabad,0,0,
102060,50034,40,496000.0,626.0,21.0,403000.0,72,1,2,0,556000,2025-10-25,2025-11-02,Business,Salaried,Coimbatore,0,0,
102061,50474,47,523000.0,697.0,20.0,1270000.0,36,3,3,0,799000,2025-02-11,2025-02-21,Auto,Contract,Delhi,0,0,
102062,51198,37,961000.0,700.0,13.0,471000.0,12,0,3,0,593000,2023-03-07,2023-03-11,Home,Self-Employed,Bengaluru,0,0,
102063,51397,42,516000.0,592.0,13.0,434000.0,72,0,2,0,572000,2024-06-10,2024-06-14,Auto,Salaried,Delhi,0,0,
102064,50823,37,328000.0,755.0,19.0,465000.0,84,0,1,0,245000,2024-03-24,2024-03-27,Personal,Salaried,Coimbatore,0,0,
102065,50960,41,838000.0,633.0,24.0,680000.0,84,1,3,0,1030000,2023-04-11,2023-04-16,Personal,Self-Employed,Mumbai,1,546000,12.56
102066,50506,32,547000.0,696.0,9.0,963000.0,60,2,4,1,1333000,2024-12-30,2025-01-07,Home,Self-Employed,Kochi,1,460000,12.64
102067,50185,21,609000.0,766.0,0.0,1012000.0,60,1,1,0,300000,2024-07-07,2024-07-15,Business,Self-Employed,Coimbatore,0,0,
102068,50200,37,1237000.0,750.0,17.0,417000.0,12,1,2,0,261000,2023-03-07,2023-03-16,Education,Salaried,Hyderabad,0,0,
102069,51157,52,594000.0,692.0,36.0,406000.0,24,1,1,0,721000,2023-04-30,2023-05-01,Education,Self-Employed,Pune,1,364000,12.47
102070,50985,47,683000.0,666.0,27.0,423000.0,24,1,2,0,230000,2023-09-02,2023-09-06,Education,Salaried,Pune,0,0,
102071,51067,48,353000.0,752.0,23.0,658000.0,24,2,5,0,1172000,2024-01-24,2024-01-30,Business,Salaried,Coimbatore,0,0,
102072,50104,50,544000.0,734.0,22.0,624000.0,24,1,3,0,434000,2023-10-14,2023-10-19,Personal,Salaried,Chennai,1,516000,11.23
102073,51041,39,789000.0,650.0,13.0,415000.0,48,1,2,0,610000,2025-12-07,2025-12-11,Personal,Self-Employed,Hyderabad,0,0,
102074,51113,40,298000.0,638.0,18.0,812000.0,48,0,1,0,268000,2025-03-10,2025-03-13,Personal,Salaried,Delhi,0,0,
102075,50161,32,657000.0,555.0,,2430000.0,60,4,7,0,1608000,2025-04-04,2025-04-06,Home,Contract,Hyderabad,0,0,
102076,50837,35,628000.0,700.0,14.0,530000.0,60,0,1,0,534000,2024-02-22,2024-03-02,Personal,Salaried,Delhi,0,0,
102077,50911,44,611000.0,685.0,20.0,552000.0,48,0,0,0,0,2025-08-27,2025-09-06,Personal,Self-Employed,Hyderabad,0,0,
102078,50703,50,957000.0,764.0,24.0,952000.0,48,2,4,0,849000,2023-12-17,2023-12-20,Personal,Self-Employed,Coimbatore,1,823000,13.09
102079,51080,37,697000.0,713.0,10.0,515000.0,60,3,5,0,1869000,2023-06-04,2023-06-08,Education,Salaried,Chennai,1,462000,14.63
102080,50683,33,1167000.0,777.0,17.0,1011000.0,12,0,2,0,1093000,2023-07-22,2023-07-23,Auto,Salaried,Coimbatore,1,829000,12.77
102081,50802,38,384000.0,645.0,20.0,471000.0,48,2,2,0,867000,2025-08-22,2025-08-23,Personal,Salaried,Mumbai,0,0,
102082,51218,44,638000.0,764.0,29.0,1917000.0,12,3,4,1,934000,2024-03-15,2024-03-25,Auto,Contract,Pune,0,0,
102083,51489,24,623000.0,656.0,4.0,846000.0,36,0,0,0,0,2024-01-14,2024-01-23,Personal,Self-Employed,Bengaluru,1,641000,12.62
102084,50069,21,371000.0,741.0,0.0,498000.0,12,0,1,0,294000,2023-02-17,2023-02-21,Education,Contract,Bengaluru,0,0,
102085,51044,32,923000.0,595.0,15.0,506000.0,12,0,0,0,0,2023-08-17,2023-08-27,Education,Self-Employed,Pune,0,0,
102086,51228,26,1708000.0,705.0,4.0,528000.0,48,1,4,0,681000,2025-09-16,2025-09-20,Auto,Business Owner,Kochi,1,526000,11.56
102087,50297,33,595000.0,561.0,12.0,1489000.0,36,1,3,0,759000,2024-11-11,2024-11-17,Education,Self-Employed,Bengaluru,0,0,
102088,51211,37,753000.0,673.0,15.0,348000.0,24,0,2,0,480000,2025-11-11,2025-11-13,Home,Salaried,Pune,0,0,
102089,50050,33,623000.0,719.0,0.0,485000.0,12,3,6,0,3002000,2025-06-16,2025-06-22,Business,Self-Employed,Mumbai,1,397000,11.41
102090,50202,53,435000.0,656.0,37.0,514000.0,36,3,3,0,1895000,2025-08-26,2025-09-02,Business,Self-Employed,Mumbai,0,0,
102091,50423,41,264000.0,622.0,21.0,694000.0,36,1,1,1,450000,2025-08-12,2025-08-13,Personal,Business Owner,Mumbai,0,0,
102092,51182,41,437000.0,745.0,20.0,603000.0,84,1,3,0,719000,2024-10-07,2024-10-15,Education,Business Owner,Chennai,0,0,
102093,50165,44,321000.0,683.0,22.0,308000.0,48,2,3,0,1331000,2023-01-11,2023-01-17,Business,Contract,Kochi,0,0,
102094,51327,27,1292000.0,658.0,6.0,562000.0,36,1,5,1,1729000,2025-11-16,2025-11-25,Auto,Contract,Kochi,0,0,
102095,51150,48,570000.0,693.0,24.0,663000.0,72,0,2,0,482000,2024-03-31,2024-04-04,Auto,Salaried,Hyderabad,1,575000,12.25
102096,51006,37,514000.0,850.0,17.0,496000.0,24,2,5,0,3558000,2025-11-20,2025-11-22,Auto,Contract,Pune,1,461000,10.16
102097,50313,45,895000.0,765.0,18.0,1021000.0,48,3,3,0,519000,2024-08-25,2024-09-03,Personal,Contract,Delhi,0,0,
102098,50900,27,362000.0,766.0,6.0,1161000.0,72,0,1,0,338000,2025-08-22,2025-08-30,Business,Business Owner,Mumbai,0,0,
102099,50262,22,425000.0,718.0,2.0,670000.0,12,1,3,1,1141000,2024-08-13,2024-08-15,Business,Salaried,Bengaluru,0,0,
102100,50911,46,619000.0,701.0,23.0,795000.0,48,1,3,0,650000,2024-05-28,2024-06-05,Business,Salaried,Pune,1,640000,12.25
102101,50621,42,953000.0,534.0,21.0,213000.0,84,0,4,1,1323000,2024-02-03,2024-02-11,Auto,Contract,Delhi,0,0,
102102,50941,29,752000.0,646.0,3.0,555000.0,12,1,4,0,1604000,2024-01-22,2024-01-27,Auto,Salaried,Delhi,1,437000,12.83
102103,50594,29,671000.0,659.0,3.0,1216000.0,48,1,2,0,565000,2024-09-09,2024-09-16,Personal,Salaried,Bengaluru,0,0,
102104,50849,49,621000.0,568.0,28.0,555000.0,84,0,1,0,317000,2023-05-18,2023-05-25,Home,Business Owner,Kochi,0,0,
102105,50444,26,718000.0,615.0,7.0,467000.0,36,1,2,0,527000,2024-10-14,2024-10-18,Business,Contract,Pune,1,411000,15.2
102106,50481,54,657000.0,561.0,25.0,2450000.0,24,1,3,0,1117000,2024-04-26,2024-05-02,Personal,Salaried,Pune,0,0,
102107,50612,29,377000.0,688.0,9.0,1904000.0,48,1,1,0,223000,2023-10-27,2023-11-06,Auto,Contract,Coimbatore,0,0,
102108,50857,44,613000.0,743.0,20.0,905000.0,72,4,5,1,1070000,2023-02-01,2023-02-07,Home,Contract,Delhi,1,862000,11.33
102109,50627,35,370000.0,762.0,12.0,1310000.0,60,2,3,0,758000,2024-04-01,2024-04-07,Education,Salaried,Hyderabad,0,0,
102110,50333,44,622000.0,717.0,17.0,206000.0,36,1,2,0,904000,2024-06-25,2024-07-04,Home,Self-Employed,Mumbai,0,0,
102111,50288,33,483000.0,627.0,8.0,454000.0,48,0,2,0,209000,2023-02-13,2023-02-15,Personal,Salaried,Hyderabad,1,393000,13.48
102112,51427,36,1881000.0,564.0,18.0,541000.0,36,0,0,0,0,2024-06-30,2024-07-10,Home,Self-Employed,Mumbai,0,0,
102113,50031,38,589000.0,576.0,16.0,615000.0,60,0,2,1,1560000,2025-09-10,2025-09-18,Auto,Business Owner,Bengaluru,0,0,
102114,50956,28,319000.0,608.0,4.0,535000.0,72,4,5,0,1434000,2024-02-28,2024-03-07,Home,Contract,Hyderabad,0,0,
102115,50407,45,,632.0,23.0,172000.0,36,2,2,1,408000,2023-02-14,2023-02-15,Auto,Self-Employed,Hyderabad,1,142000,13.14
102116,50027,33,758000.0,680.0,13.0,866000.0,36,0,0,0,0,2024-01-15,2024-01-17,Home,Contract,Mumbai,0,0,
102117,50502,36,1274000.0,624.0,16.0,944000.0,48,1,1,1,169000,2024-05-11,2024-05-15,Personal,Business Owner,Mumbai,0,0,
102118,50641,28,460000.0,712.0,6.0,1689000.0,36,1,2,0,175000,2025-06-02,2025-06-07,Education,Business Owner,Delhi,1,721000,12.54
102119,51174,21,294000.0,675.0,3.0,454000.0,72,0,1,1,299000,2025-08-16,2025-08-21,Business,Self-Employed,Kochi,1,288000,14.56
102120,51349,36,867000.0,691.0,18.0,434000.0,48,0,1,0,173000,2023-05-18,2023-05-24,Home,Business Owner,Kochi,0,0,
102121,50280,62,322000.0,764.0,40.0,160000.0,24,1,4,0,1052000,2024-02-12,2024-02-19,Education,Contract,Hyderabad,1,150000,11.14
102122,51313,46,493000.0,613.0,24.0,596000.0,60,0,1,0,295000,2023-07-04,2023-07-05,Home,Business Owner,Pune,0,0,
102123,50772,38,534000.0,717.0,19.0,1149000.0,72,2,6,0,1610000,2024-05-03,2024-05-10,Education,Business Owner,Mumbai,0,0,
102124,50576,35,581000.0,689.0,14.0,500000.0,72,1,2,0,213000,2023-01-18,2023-01-24,Auto,Self-Employed,Hyderabad,0,0,
102125,50828,38,818000.0,668.0,20.0,2276000.0,12,0,4,0,1013000,2024-09-26,2024-10-01,Education,Business Owner,Coimbatore,0,0,
102126,50905,43,441000.0,748.0,25.0,608000.0,60,1,3,1,937000,2023-06-20,2023-06-26,Business,Salaried,Hyderabad,1,449000,12.27
102127,50202,26,530000.0,747.0,0.0,759000.0,36,1,5,0,621000,2024-02-04,2024-02-12,Education,Contract,Chennai,0,0,
102128,50572,49,596000.0,628.0,23.0,331000.0,72,0,0,0,0,2025-06-28,2025-07-04,Business,Self-Employed,Hyderabad,1,301000,12.71
102129,51386,45,642000.0,678.0,20.0,820000.0,48,1,4,0,586000,2023-08-27,2023-09-01,Business,Salaried,Kochi,0,0,
102130,51331,45,627000.0,708.0,27.0,236000.0,12,1,4,0,1453000,2023-11-16,2023-11-22,Education,Self-Employed,Delhi,0,0,
102131,51011,42,730000.0,672.0,14.0,1025000.0,12,1,2,0,184000,2024-06-05,2024-06-14,Business,Salaried,Delhi,1,758000,11.35
102132,50377,38,877000.0,728.0,18.0,1043000.0,84,2,3,0,1136000,2024-06-11,2024-06-12,Business,Business Owner,Kochi,0,0,
102133,50065,45,716000.0,708.0,24.0,1478000.0,72,2,5,0,1521000,2024-04-21,2024-04-24,Auto,Salaried,Pune,0,0,
102134,50534,44,736000.0,809.0,27.0,399000.0,36,0,0,0,0,2025-01-28,2025-01-31,Personal,Salaried,Coimbatore,0,0,
102135,50278,34,294000.0,591.0,13.0,765000.0,72,1,3,0,358000,2023-02-11,2023-02-20,Auto,Salaried,Coimbatore,0,0,
102136,51498,32,614000.0,682.0,5.0,954000.0,12,1,4,0,672000,2023-08-22,2023-08-25,Personal,Contract,Kochi,0,0,
102137,51472,39,744000.0,631.0,13.0,893000.0,48,1,5,1,1848000,2024-07-09,2024-07-15,Personal,Self-Employed,Pune,0,0,
102138,51407,53,833000.0,729.0,26.0,435000.0,36,1,3,0,1406000,2024-03-12,2024-03-21,Auto,Business Owner,Delhi,0,0,
102139,51048,26,439000.0,585.0,,188000.0,72,2,4,0,597000,2024-11-06,2024-11-16,Business,Business Owner,Kochi,0,0,
102140,50040,23,446000.0,713.0,0.0,847000.0,60,1,2,0,885000,2025-01-12,2025-01-17,Auto,Contract,Delhi,0,0,
102141,51105,40,463000.0,649.0,13.0,644000.0,36,1,1,0,352000,2025-06-26,2025-07-06,Business,Contract,Bengaluru,1,505000,13.14
102142,50650,39,,642.0,23.0,513000.0,36,1,3,1,747000,2025-03-13,2025-03-22,Auto,Contract,Pune,0,0,
102143,50773,40,955000.0,596.0,13.0,1066000.0,12,1,3,0,519000,2025-04-30,2025-05-09,Auto,Salaried,Bengaluru,1,1046000,14.41
102144,50243,40,499000.0,660.0,23.0,683000.0,72,1,4,1,748000,2025-09-23,2025-09-29,Home,Contract,Delhi,1,513000,13.6
102145,50667,36,903000.0,760.0,19.0,339000.0,24,1,1,0,622000,2025-04-25,2025-05-03,Education,Contract,Chennai,0,0,
102146,51342,53,634000.0,688.0,35.0,242000.0,84,2,3,0,820000,2024-05-24,2024-06-02,Auto,Salaried,Mumbai,1,233000,13.6
102147,51474,22,567000.0,731.0,0.0,376000.0,12,2,3,0,1458000,2023-01-22,2023-01-31,Education,Self-Employed,Mumbai,0,0,
102148,50119,30,546000.0,798.0,9.0,2610000.0,72,2,3,0,846000,2025-10-04,2025-10-12,Business,Contract,Coimbatore,0,0,
102149,50632,37,840000.0,707.0,10.0,1042000.0,72,3,4,0,797000,2023-08-30,2023-09-03,Home,Contract,Coimbatore,0,0,
102150,50506,22,695000.0,654.0,4.0,777000.0,24,5,5,0,1674000,2025-04-22,2025-04-30,Home,Salaried,Bengaluru,0,0,
102151,50425,36,1671000.0,720.0,14.0,633000.0,36,0,5,1,3677000,2024-07-31,2024-08-02,Personal,Salaried,Delhi,0,0,
102152,50232,55,409000.0,655.0,31.0,611000.0,36,1,1,0,181000,2024-03-28,2024-03-31,Education,Salaried,Coimbatore,0,0,
102153,50576,38,758000.0,657.0,11.0,1330000.0,84,0,0,0,0,2024-05-21,2024-05-30,Home,Self-Employed,Kochi,1,1288000,12.95
102154,50870,40,473000.0,591.0,8.0,534000.0,72,1,2,1,550000,2023-08-01,2023-08-11,Business,Contract,Hyderabad,0,0,
102155,51326,25,406000.0,750.0,0.0,961000.0,60,2,3,0,363000,2025-09-19,2025-09-23,Personal,Contract,Hyderabad,0,0,
102156,50444,32,597000.0,665.0,14.0,578000.0,12,1,1,0,120000,2024-02-13,2024-02-15,Home,Salaried,Chennai,0,0,
102157,50744,34,638000.0,702.0,10.0,2035000.0,60,2,3,0,598000,2024-09-13,2024-09-16,Business,Salaried,Delhi,0,0,
102158,50911,35,2231000.0,623.0,12.0,1053000.0,48,0,1,0,297000,2024-07-12,2024-07-19,Education,Contract,Hyderabad,0,0,
102159,51210,51,552000.0,718.0,32.0,1389000.0,36,1,3,0,1164000,2025-05-21,2025-05-30,Business,Contract,Chennai,1,1193000,10.39
102160,50152,44,361000.0,640.0,29.0,508000.0,72,1,2,0,228000,2024-10-29,2024-11-05,Business,Contract,Bengaluru,0,0,
102161,50520,27,678000.0,681.0,10.0,1253000.0,72,1,4,0,1386000,2024-08-14,2024-08-22,Business,Salaried,Kochi,1,545000,13.66
102162,51238,40,236000.0,747.0,14.0,589000.0,60,2,2,0,471000,2025-12-04,2025-12-07,Auto,Self-Employed,Hyderabad,0,0,
102163,51012,43,576000.0,741.0,13.0,744000.0,48,3,4,1,1002000,2024-12-07,2024-12-14,Home,Self-Employed,Chennai,0,0,
102164,50413,49,604000.0,689.0,36.0,1720000.0,24,0,0,0,0,2024-12-23,2024-12-24,Business,Contract,Kochi,0,0,
102165,51343,54,858000.0,575.0,40.0,394000.0,12,0,1,0,599000,2025-02-18,2025-02-24,Personal,Business Owner,Delhi,1,297000,13.97
102166,50905,28,930000.0,850.0,7.0,783000.0,84,2,3,0,873000,2024-05-21,2024-05-24,Auto,Self-Employed,Kochi,1,702000,10.28
102167,51427,30,478000.0,803.0,3.0,891000.0,48,1,7,0,888000,2024-03-25,2024-03-27,Business,Business Owner,Mumbai,0,0,
102168,50624,25,561000.0,737.0,7.0,932000.0,12,0,2,0,455000,2025-01-19,2025-01-23,Business,Business Owner,Kochi,0,0,
102169,50536,36,425000.0,641.0,14.0,546000.0,36,1,1,0,383000,2024-06-21,2024-06-30,Home,Contract,Chennai,1,497000,13.5
102170,51063,43,361000.0,683.0,21.0,2205000.0,72,0,3,1,1167000,2024-05-12,2024-05-18,Auto,Salaried,Pune,0,0,
102171,50687,48,690000.0,655.0,30.0,343000.0,24,2,3,0,1046000,2024-12-16,2024-12-25,Business,Business Owner,Kochi,0,0,
102172,50613,37,338000.0,772.0,16.0,1562000.0,36,2,3,0,581000,2024-02-04,2024-02-12,Business,Contract,Delhi,1,493000,10.57
102173,50738,35,498000.0,707.0,8.0,1366000.0,48,1,2,0,252000,2024-08-06,2024-08-11,Education,Salaried,Hyderabad,0,0,
102174,51181,40,383000.0,639.0,17.0,1991000.0,24,2,2,0,671000,2025-07-09,2025-07-17,Personal,Self-Employed,Chennai,0,0,
102175,50866,30,768000.0,659.0,11.0,292000.0,48,1,2,0,272000,2023-12-05,2023-12-07,Personal,Contract,Pune,0,0,
102176,50788,59,1350000.0,763.0,39.0,434000.0,84,1,2,0,707000,2024-04-01,2024-04-09,Home,Self-Employed,Bengaluru,1,428000,11.39
102177,50773,22,334000.0,794.0,1.0,1590000.0,12,2,3,0,1061000,2024-10-06,2024-10-07,Auto,Contract,Kochi,0,0,
102178,50236,40,261000.0,789.0,22.0,249000.0,36,1,2,1,396000,2023-10-09,2023-10-12,Business,Business Owner,Coimbatore,0,0,
102179,50420,58,567000.0,739.0,35.0,289000.0,12,2,4,1,945000,2024-02-18,2024-02-25,Auto,Salaried,Mumbai,1,244000,9.31
102180,50478,38,604000.0,674.0,17.0,535000.0,24,1,3,1,828000,2023-06-12,2023-06-16,Home,Business Owner,Bengaluru,0,0,
102181,51403,36,662000.0,479.0,0.0,778000.0,60,1,4,1,735000,2025-04-22,2025-04-29,Education,Contract,Mumbai,0,0,
102182,50690,34,491000.0,709.0,10.0,1680000.0,12,3,6,0,752000,2023-06-10,2023-06-11,Home,Contract,Kochi,0,0,
102183,50651,36,548000.0,690.0,17.0,632000.0,24,1,3,0,735000,2023-09-12,2023-09-19,Personal,Business Owner,Mumbai,1,461000,12.86
102184,50125,52,708000.0,699.0,28.0,501000.0,24,0,3,0,775000,2025-12-29,2026-01-01,Education,Contract,Pune,1,477000,12.75
102185,51493,21,958000.0,694.0,0.0,831000.0,48,1,3,0,1481000,2024-02-16,2024-02-18,Business,Self-Employed,Chennai,0,0,
102186,51172,53,249000.0,604.0,27.0,906000.0,12,1,2,1,338000,2024-12-14,2024-12-23,Home,Business Owner,Delhi,0,0,
102187,50774,24,508000.0,726.0,6.0,892000.0,36,4,4,0,1706000,2023-02-05,2023-02-07,Auto,Salaried,Coimbatore,0,0,
102188,50282,35,661000.0,731.0,15.0,635000.0,12,1,3,0,423000,2024-12-30,2025-01-02,Auto,Self-Employed,Kochi,0,0,
102189,50151,34,397000.0,734.0,15.0,239000.0,48,0,2,0,255000,2024-04-14,2024-04-17,Personal,Self-Employed,Chennai,0,0,
102190,51413,44,1308000.0,752.0,15.0,423000.0,24,2,2,0,430000,2023-11-05,2023-11-09,Personal,Contract,Chennai,1,326000,10.22
102191,50921,22,451000.0,729.0,0.0,1529000.0,36,2,4,0,625000,2024-04-25,2024-05-02,Personal,Business Owner,Hyderabad,0,0,
102192,50004,43,589000.0,663.0,20.0,776000.0,60,2,3,1,380000,2024-12-04,2024-12-11,Personal,Contract,Kochi,0,0,
102193,51186,58,771000.0,685.0,35.0,586000.0,72,1,3,1,1983000,2025-02-27,2025-03-08,Business,Business Owner,Chennai,0,0,
102194,51466,24,460000.0,696.0,0.0,1295000.0,36,0,3,1,598000,2023-10-18,2023-10-28,Education,Business Owner,Kochi,1,767000,10.21
102195,50776,40,261000.0,697.0,17.0,376000.0,72,0,2,0,1588000,2024-03-05,2024-03-13,Personal,Salaried,Coimbatore,1,364000,13.11
102196,50126,31,495000.0,755.0,12.0,618000.0,84,1,2,0,304000,2024-08-20,2024-08-26,Home,Contract,Bengaluru,0,0,
102197,50116,42,954000.0,732.0,12.0,755000.0,12,0,0,0,0,2024-03-07,2024-03-13,Business,Business Owner,Pune,1,650000,12.5
102198,50540,38,516000.0,825.0,23.0,549000.0,36,0,2,0,954000,2024-10-07,2024-10-12,Education,Salaried,Chennai,1,422000,11.32
102199,51161,32,410000.0,833.0,12.0,740000.0,84,1,4,0,695000,2024-05-19,2024-05-21,Business,Business Owner,Coimbatore,0,0,
102200,51012,43,910000.0,695.0,21.0,631000.0,12,1,3,0,804000,2024-11-03,2024-11-09,Auto,Contract,Chennai,1,485000,11.66
102201,50674,56,517000.0,441.0,38.0,324000.0,36,1,2,0,254000,2025-03-17,2025-03-23,Business,Business Owner,Pune,0,0,
102202,50187,36,477000.0,770.0,8.0,773000.0,12,0,3,0,736000,2023-02-10,2023-02-15,Business,Self-Employed,Mumbai,0,0,
102203,51425,45,642000.0,655.0,20.0,337000.0,72,2,3,0,378000,2024-01-19,2024-01-25,Auto,Contract,Kochi,0,0,
102204,51404,25,849000.0,638.0,3.0,767000.0,24,0,2,1,482000,2025-06-04,2025-06-09,Auto,Self-Employed,Pune,0,0,
102205,50033,28,1752000.0,664.0,11.0,1490000.0,24,0,1,0,197000,2023-07-02,2023-07-06,Auto,Salaried,Chennai,1,1292000,12.75
102206,50829,43,871000.0,661.0,21.0,600000.0,12,3,6,0,1683000,2025-02-02,2025-02-05,Business,Business Owner,Hyderabad,1,582000,12.02
102207,50989,53,1011000.0,730.0,33.0,368000.0,12,3,5,0,1709000,2025-11-29,2025-11-30,Auto,Contract,Mumbai,1,365000,12.1
102208,50805,42,478000.0,589.0,18.0,653000.0,60,1,5,3,1410000,2023-05-18,2023-05-22,Personal,Salaried,Coimbatore,0,0,
102209,50013,35,378000.0,620.0,15.0,443000.0,12,2,4,1,1253000,2023-12-01,2023-12-10,Home,Self-Employed,Pune,1,383000,12.45
102210,51320,38,617000.0,712.0,23.0,971000.0,48,1,4,1,947000,2023-05-18,2023-05-25,Home,Self-Employed,Chennai,1,574000,14.45
102211,51278,25,630000.0,730.0,7.0,645000.0,72,1,3,0,603000,2024-05-02,2024-05-09,Auto,Self-Employed,Kochi,0,0,
102212,50359,44,369000.0,732.0,22.0,1793000.0,12,1,2,0,632000,2024-07-29,2024-08-05,Education,Self-Employed,Delhi,0,0,
102213,50823,47,554000.0,639.0,28.0,1327000.0,24,2,6,0,1419000,2024-09-20,2024-09-24,Business,Salaried,Mumbai,1,815000,13.55
102214,50014,33,718000.0,626.0,13.0,643000.0,36,0,2,0,482000,2025-06-16,2025-06-23,Home,Business Owner,Mumbai,1,507000,13.49
102215,51288,33,,657.0,13.0,1038000.0,84,1,3,0,915000,2024-02-13,2024-02-15,Personal,Salaried,Bengaluru,0,0,
102216,50160,41,753000.0,706.0,23.0,564000.0,24,2,3,0,447000,2025-10-29,2025-11-06,Education,Business Owner,Mumbai,0,0,
102217,50907,34,684000.0,787.0,16.0,713000.0,48,1,4,0,2044000,2025-05-08,2025-05-18,Education,Contract,Pune,0,0,
102218,50739,37,478000.0,557.0,14.0,574000.0,36,1,4,0,883000,2023-08-07,2023-08-15,Personal,Self-Employed,Coimbatore,0,0,
102219,51349,59,476000.0,676.0,40.0,1067000.0,24,3,5,1,1330000,2025-04-21,2025-04-30,Business,Salaried,Kochi,0,0,
102220,51069,36,350000.0,603.0,12.0,1540000.0,12,1,2,1,489000,2023-12-16,2023-12-21,Business,Contract,Delhi,0,0,
102221,50453,34,1340000.0,583.0,8.0,1086000.0,72,1,4,1,1386000,2024-02-09,2024-02-19,Auto,Business Owner,Chennai,0,0,
102222,50834,32,604000.0,753.0,9.0,1162000.0,12,1,2,0,592000,2023-02-12,2023-02-20,Personal,Contract,Pune,0,0,
102223,50666,45,542000.0,725.0,23.0,1163000.0,36,1,2,0,488000,2023-09-15,2023-09-17,Personal,Contract,Mumbai,1,560000,11.19
102224,50798,36,395000.0,719.0,7.0,948000.0,72,1,2,0,1032000,2025-05-01,2025-05-11,Personal,Business Owner,Delhi,1,459000,13.29
102225,50333,32,2248000.0,750.0,13.0,374000.0,60,1,1,1,50000,2025-12-04,2025-12-14,Auto,Contract,Coimbatore,1,325000,13.4
102226,50892,51,370000.0,659.0,18.0,1784000.0,48,1,1,1,465000,2025-10-10,2025-10-18,Home,Self-Employed,Bengaluru,1,609000,10.85
102227,51009,52,495000.0,662.0,40.0,1888000.0,24,2,4,0,1584000,2024-03-10,2024-03-20,Business,Business Owner,Chennai,1,1083000,12.65
102228,50104,32,723000.0,832.0,16.0,616000.0,24,0,2,0,200000,2024-06-13,2024-06-22,Auto,Business Owner,Hyderabad,0,0,
102229,50155,21,786000.0,674.0,0.0,571000.0,48,2,4,0,1591000,2023-03-10,2023-03-16,Auto,Salaried,Mumbai,0,0,
102230,50081,48,923000.0,738.0,26.0,980000.0,24,0,1,1,424000,2025-11-14,2025-11-20,Auto,Contract,Mumbai,0,0,
102231,51203,31,1353000.0,690.0,10.0,948000.0,36,3,4,0,1324000,2024-07-21,2024-07-25,Personal,Self-Employed,Bengaluru,1,917000,11.54
102232,50399,46,753000.0,570.0,22.0,626000.0,60,1,4,0,459000,2024-05-27,2024-06-04,Auto,Self-Employed,Coimbatore,0,0,
102233,51342,21,373000.0,557.0,0.0,352000.0,36,0,0,0,0,2023-07-02,2023-07-09,Home,Business Owner,Bengaluru,0,0,
102234,50609,47,534000.0,652.0,24.0,828000.0,60,2,4,0,1655000,2023-02-23,2023-03-04,Education,Contract,Coimbatore,1,712000,14.25
102235,50030,26,689000.0,759.0,4.0,948000.0,72,2,3,0,563000,2023-06-09,2023-06-10,Auto,Business Owner,Chennai,0,0,
102236,51184,45,1522000.0,741.0,24.0,1043000.0,84,0,1,0,312000,2025-01-07,2025-01-17,Home,Self-Employed,Mumbai,1,947000,11.78
102237,50434,38,320000.0,749.0,11.0,848000.0,12,1,3,1,629000,2023-09-21,2023-09-29,Personal,Self-Employed,Hyderabad,1,296000,11.98
102238,51031,28,1031000.0,626.0,6.0,603000.0,60,0,3,0,1168000,2024-09-12,2024-09-20,Education,Self-Employed,Kochi,0,0,
102239,51469,34,651000.0,795.0,,1209000.0,84,1,2,0,427000,2025-10-02,2025-10-11,Business,Business Owner,Bengaluru,0,0,
102240,50784,45,875000.0,627.0,24.0,726000.0,60,2,6,0,1122000,2025-12-03,2025-12-10,Business,Contract,Pune,1,599000,12.23
102241,50715,39,573000.0,704.0,16.0,542000.0,60,2,4,0,981000,2023-07-20,2023-07-29,Personal,Contract,Hyderabad,1,410000,11.68
102242,50933,44,411000.0,689.0,27.0,634000.0,24,0,1,0,128000,2023-05-27,2023-06-06,Personal,Business Owner,Hyderabad,1,363000,12.61
102243,51333,58,841000.0,679.0,,268000.0,60,2,6,0,1400000,2024-12-11,2024-12-19,Business,Self-Employed,Mumbai,1,262000,11.84
102244,50590,22,805000.0,777.0,1.0,633000.0,48,0,1,0,300000,2024-06-30,2024-07-09,Personal,Contract,Mumbai,0,0,
102245,50663,54,929000.0,644.0,37.0,1022000.0,12,1,3,0,1159000,2025-05-21,2025-05-30,Business,Self-Employed,Delhi,1,924000,11.62
102246,51402,39,596000.0,602.0,17.0,844000.0,84,1,2,0,566000,2024-07-28,2024-07-29,Personal,Business Owner,Delhi,0,0,
102247,50187,29,458000.0,691.0,8.0,1616000.0,12,0,0,0,0,2023-03-23,2023-03-26,Business,Contract,Pune,0,0,
102248,51375,25,298000.0,664.0,3.0,606000.0,24,2,3,1,1475000,2023-09-20,2023-09-26,Home,Contract,Hyderabad,0,0,
102249,51052,36,868000.0,850.0,19.0,915000.0,36,2,3,0,1538000,2025-07-11,2025-07-18,Personal,Business Owner,Chennai,1,695000,9.76
102250,50490,47,726000.0,734.0,,1083000.0,48,1,2,0,529000,2025-11-28,2025-12-02,Business,Business Owner,Pune,0,0,
102251,50965,37,389000.0,663.0,20.0,2539000.0,36,0,2,2,343000,2023-10-13,2023-10-23,Personal,Contract,Hyderabad,0,0,
102252,51022,53,471000.0,621.0,31.0,758000.0,60,1,2,0,383000,2023-01-23,2023-01-25,Business,Salaried,Coimbatore,0,0,
102253,51368,23,486000.0,568.0,0.0,394000.0,36,0,1,0,226000,2023-10-30,2023-11-03,Business,Self-Employed,Pune,1,335000,14.34
102254,50691,38,308000.0,623.0,19.0,1116000.0,48,0,3,1,862000,2023-07-25,2023-07-31,Education,Salaried,Delhi,0,0,
102255,51220,25,415000.0,697.0,2.0,1953000.0,84,1,1,0,215000,2023-04-05,2023-04-09,Personal,Contract,Kochi,0,0,
102256,50255,42,360000.0,783.0,22.0,586000.0,84,0,2,0,326000,2024-04-19,2024-04-29,Home,Salaried,Coimbatore,0,0,
102257,50215,47,498000.0,763.0,14.0,1112000.0,24,0,1,0,417000,2023-05-17,2023-05-19,Auto,Business Owner,Coimbatore,0,0,
102258,50115,34,430000.0,705.0,12.0,1376000.0,24,2,2,0,569000,2023-05-31,2023-06-09,Auto,Self-Employed,Coimbatore,0,0,
102259,50651,21,289000.0,669.0,0.0,1225000.0,60,1,2,0,295000,2024-12-03,2024-12-04,Personal,Business Owner,Bengaluru,0,0,
102260,50803,40,1491000.0,707.0,14.0,750000.0,48,3,4,0,1157000,2023-07-21,2023-07-31,Business,Business Owner,Delhi,0,0,
102261,51163,42,1054000.0,656.0,18.0,477000.0,24,0,1,0,271000,2025-07-31,2025-08-07,Business,Business Owner,Chennai,1,434000,13.78
102262,51079,42,423000.0,802.0,18.0,669000.0,60,1,3,0,524000,2023-03-15,2023-03-24,Home,Business Owner,Bengaluru,1,488000,11.66
102263,50594,50,678000.0,678.0,28.0,901000.0,36,2,2,0,909000,2024-07-02,2024-07-05,Personal,Self-Employed,Bengaluru,1,835000,10.56
102264,50538,27,724000.0,684.0,0.0,1154000.0,48,1,1,0,267000,2024-09-28,2024-10-04,Auto,Contract,Kochi,0,0,
102265,50559,45,1025000.0,546.0,24.0,841000.0,24,1,2,1,449000,2025-09-26,2025-10-05,Home,Contract,Kochi,0,0,
102266,50510,50,415000.0,677.0,33.0,568000.0,48,1,3,0,719000,2025-09-24,2025-10-03,Personal,Self-Employed,Coimbatore,0,0,
102267,50313,21,981000.0,744.0,0.0,950000.0,24,0,0,0,0,2025-10-21,2025-10-25,Personal,Business Owner,Chennai,0,0,
102268,51233,41,469000.0,621.0,22.0,1123000.0,72,0,1,0,241000,2023-10-18,2023-10-26,Personal,Salaried,Delhi,0,0,
102269,51144,33,329000.0,641.0,15.0,863000.0,24,1,2,0,480000,2023-03-12,2023-03-20,Education,Contract,Kochi,0,0,
102270,50458,37,831000.0,742.0,20.0,442000.0,48,1,1,0,426000,2023-04-18,2023-04-25,Home,Business Owner,Chennai,1,420000,11.11
102271,51246,41,1073000.0,594.0,26.0,634000.0,84,0,3,0,369000,2024-08-20,2024-08-26,Personal,Salaried,Hyderabad,0,0,
102272,50503,33,1923000.0,759.0,9.0,1179000.0,84,2,4,0,535000,2025-11-14,2025-11-17,Home,Salaried,Pune,0,0,
102273,51065,31,350000.0,655.0,6.0,327000.0,24,0,1,1,369000,2023-07-22,2023-07-26,Auto,Business Owner,Bengaluru,0,0,
102274,51427,38,822000.0,665.0,19.0,221000.0,84,1,2,0,1673000,2024-07-22,2024-07-31,Personal,Self-Employed,Pune,0,0,
102275,50001,27,499000.0,617.0,8.0,1604000.0,36,1,2,0,775000,2023-06-13,2023-06-23,Business,Business Owner,Pune,0,0,
102276,50034,27,854000.0,715.0,8.0,927000.0,84,1,5,0,3175000,2025-07-18,2025-07-25,Personal,Self-Employed,Kochi,0,0,
102277,50870,45,310000.0,850.0,31.0,977000.0,60,2,5,0,1006000,2023-06-29,2023-07-07,Personal,Salaried,Chennai,1,277000,10.46
102278,51368,27,340000.0,741.0,5.0,387000.0,72,2,5,0,909000,2024-08-20,2024-08-26,Home,Contract,Delhi,0,0,
102279,50425,45,423000.0,634.0,25.0,1050000.0,12,0,2,0,628000,2024-04-16,2024-04-17,Home,Self-Employed,Mumbai,1,835000,12.55
102280,51089,43,622000.0,,17.0,814000.0,48,2,6,0,2416000,2025-12-04,2025-12-13,Education,Self-Employed,Pune,0,0,
102281,50516,21,450000.0,669.0,8.0,293000.0,48,1,1,0,130000,2024-06-15,2024-06-18,Personal,Self-Employed,Bengaluru,0,0,
102282,51422,31,807000.0,779.0,8.0,1532000.0,60,3,3,0,674000,2024-08-31,2024-09-03,Auto,Contract,Pune,1,1070000,12.15
102283,50959,50,952000.0,742.0,27.0,764000.0,36,2,2,0,493000,2024-03-06,2024-03-15,Home,Business Owner,Kochi,1,611000,10.82
102284,51045,28,786000.0,499.0,5.0,563000.0,12,2,3,0,534000,2025-12-18,2025-12-22,Education,Salaried,Chennai,0,0,
102285,50832,33,1243000.0,625.0,8.0,569000.0,36,0,0,0,0,2025-09-01,2025-09-09,Business,Salaried,Mumbai,0,0,
102286,50154,43,723000.0,751.0,18.0,231000.0,84,0,3,0,1143000,2025-09-01,2025-09-05,Business,Self-Employed,Pune,1,215000,11.01
102287,50870,46,347000.0,700.0,22.0,970000.0,48,3,4,0,1265000,2023-08-12,2023-08-14,Education,Salaried,Mumbai,1,382000,12.66
102288,50244,35,1108000.0,623.0,8.0,808000.0,12,2,4,0,1491000,2025-03-20,2025-03-25,Business,Self-Employed,Mumbai,0,0,
102289,51093,32,457000.0,649.0,7.0,629000.0,24,0,3,1,888000,2023-07-08,2023-07-11,Personal,Contract,Coimbatore,0,0,
102290,50920,52,904000.0,566.0,38.0,1414000.0,72,1,5,1,808000,2023-02-28,2023-03-04,Home,Self-Employed,Delhi,0,0,
102291,51489,55,1218000.0,684.0,36.0,327000.0,48,0,0,0,0,2025-10-28,2025-10-31,Auto,Contract,Kochi,0,0,
102292,50032,48,737000.0,834.0,30.0,504000.0,36,2,2,0,311000,2025-04-04,2025-04-05,Business,Self-Employed,Delhi,1,384000,9.75
102293,50585,39,306000.0,742.0,22.0,439000.0,60,1,1,1,214000,2024-02-10,2024-02-14,Personal,Self-Employed,Delhi,0,0,
102294,50415,30,397000.0,832.0,15.0,600000.0,24,1,2,0,298000,2024-09-05,2024-09-14,Home,Contract,Hyderabad,1,526000,9.87
102295,50233,30,1088000.0,747.0,1.0,726000.0,12,0,2,0,368000,2025-11-10,2025-11-17,Personal,Business Owner,Pune,1,709000,11.67
102296,50399,43,556000.0,757.0,16.0,887000.0,48,2,2,0,523000,2024-01-19,2024-01-25,Personal,Contract,Pune,1,481000,12.26
102297,51202,42,622000.0,818.0,17.0,578000.0,60,3,4,0,796000,2024-02-16,2024-02-26,Home,Self-Employed,Hyderabad,1,552000,10.6
102298,50515,52,844000.0,715.0,28.0,432000.0,60,0,3,0,482000,2024-12-28,2025-01-06,Business,Salaried,Chennai,1,379000,9.04
102299,50104,45,821000.0,678.0,22.0,1769000.0,84,0,2,0,883000,2023-08-19,2023-08-23,Business,Business Owner,Delhi,1,1489000,11.22
102300,50035,23,680000.0,757.0,0.0,2637000.0,36,1,3,2,706000,2023-08-24,2023-08-30,Personal,Salaried,Chennai,0,0,
102301,50627,49,546000.0,784.0,28.0,757000.0,84,0,1,1,192000,2024-10-24,2024-10-27,Education,Business Owner,Pune,0,0,
102302,50310,28,521000.0,659.0,6.0,462000.0,72,0,0,0,0,2023-02-15,2023-02-18,Business,Self-Employed,Delhi,0,0,
102303,50717,34,883000.0,643.0,9.0,1576000.0,60,0,1,1,98000,2023-08-10,2023-08-20,Personal,Business Owner,Pune,0,0,
102304,50854,41,770000.0,699.0,10.0,316000.0,36,1,2,0,447000,2025-01-21,2025-01-31,Auto,Salaried,Hyderabad,0,0,
102305,51136,58,534000.0,744.0,32.0,582000.0,12,0,1,0,126000,2023-06-05,2023-06-13,Auto,Contract,Kochi,1,482000,11.99
102306,50711,69,976000.0,742.0,40.0,477000.0,48,2,7,0,2498000,2025-03-28,2025-04-02,Education,Business Owner,Mumbai,1,477000,10.35
102307,50762,44,566000.0,597.0,21.0,370000.0,12,1,3,1,761000,2024-07-28,2024-08-05,Personal,Business Owner,Chennai,0,0,
102308,50852,36,409000.0,814.0,9.0,600000.0,84,4,5,0,2725000,2023-01-10,2023-01-19,Auto,Self-Employed,Pune,0,0,
102309,51125,43,426000.0,648.0,19.0,435000.0,72,0,2,0,559000,2023-03-30,2023-04-01,Business,Self-Employed,Coimbatore,0,0,
102310,51434,47,386000.0,673.0,20.0,705000.0,36,1,5,0,869000,2025-06-27,2025-07-04,Personal,Business Owner,Kochi,0,0,
102311,50595,35,531000.0,631.0,12.0,711000.0,12,4,4,0,391000,2023-11-22,2023-11-24,Education,Self-Employed,Delhi,0,0,
102312,51246,56,1045000.0,850.0,30.0,497000.0,48,1,2,0,748000,2023-10-13,2023-10-20,Education,Self-Employed,Kochi,1,420000,9.12
102313,51378,40,418000.0,706.0,15.0,571000.0,48,1,2,0,261000,2023-08-03,2023-08-06,Business,Contract,Coimbatore,0,0,
102314,50668,43,653000.0,635.0,,617000.0,60,4,4,0,815000,2025-09-22,2025-09-30,Auto,Business Owner,Hyderabad,0,0,
102315,50611,45,446000.0,746.0,22.0,1093000.0,72,1,1,1,577000,2025-09-08,2025-09-12,Auto,Salaried,Chennai,0,0,
102316,50240,42,534000.0,740.0,17.0,645000.0,36,1,3,0,1018000,2024-02-06,2024-02-15,Education,Contract,Chennai,0,0,
102317,50379,46,304000.0,678.0,28.0,,12,2,2,2,608000,2024-09-03,2024-09-07,Home,Self-Employed,Pune,1,429000,15.21
102318,51168,32,543000.0,745.0,12.0,966000.0,60,3,7,0,2806000,2024-06-06,2024-06-08,Education,Contract,Kochi,0,0,
102319,50243,32,550000.0,636.0,10.0,959000.0,60,2,6,0,2361000,2023-12-06,2023-12-10,Education,Business Owner,Pune,0,0,
102320,50480,27,765000.0,658.0,2.0,1502000.0,12,2,4,0,2204000,2025-04-08,2025-04-13,Personal,Business Owner,Delhi,0,0,
102321,51368,42,663000.0,559.0,22.0,378000.0,36,1,5,0,925000,2025-06-24,2025-07-02,Business,Business Owner,Mumbai,0,0,
102322,50069,46,350000.0,604.0,27.0,540000.0,36,2,2,0,414000,2023-12-23,2023-12-26,Personal,Salaried,Kochi,0,0,
102323,50716,43,977000.0,807.0,22.0,1846000.0,84,3,3,0,473000,2024-01-13,2024-01-22,Education,Salaried,Chennai,0,0,
102324,50918,55,660000.0,797.0,39.0,608000.0,84,0,2,2,492000,2023-03-16,2023-03-25,Personal,Salaried,Hyderabad,0,0,
102325,51036,38,656000.0,694.0,18.0,149000.0,84,1,4,0,936000,2023-09-22,2023-10-02,Auto,Self-Employed,Chennai,1,132000,13.71
102326,51117,45,598000.0,798.0,27.0,626000.0,72,1,1,1,104000,2025-06-29,2025-07-02,Education,Business Owner,Pune,1,590000,11.58
102327,50487,27,475000.0,680.0,6.0,754000.0,48,2,4,1,721000,2025-10-10,2025-10-18,Auto,Business Owner,Chennai,0,0,
102328,50807,34,662000.0,674.0,15.0,166000.0,36,3,4,0,2054000,2023-08-16,2023-08-22,Auto,Salaried,Kochi,0,0,
102329,51444,45,743000.0,694.0,20.0,1458000.0,60,4,5,0,1412000,2023-05-11,2023-05-17,Business,Contract,Coimbatore,0,0,
102330,50774,46,273000.0,682.0,22.0,473000.0,48,2,4,0,1430000,2025-10-30,2025-11-01,Auto,Contract,Hyderabad,0,0,
102331,50688,35,471000.0,676.0,14.0,839000.0,84,2,3,0,706000,2024-06-28,2024-07-06,Personal,Self-Employed,Bengaluru,0,0,
102332,51032,37,535000.0,764.0,16.0,618000.0,24,0,0,0,0,2023-09-01,2023-09-08,Personal,Contract,Hyderabad,0,0,
102333,50070,23,673000.0,700.0,3.0,345000.0,48,0,0,0,0,2023-08-16,2023-08-18,Home,Self-Employed,Hyderabad,0,0,
102334,51374,34,1027000.0,736.0,16.0,389000.0,60,1,4,1,1683000,2023-09-02,2023-09-06,Business,Contract,Pune,1,319000,11.2
102335,50061,47,424000.0,757.0,19.0,419000.0,72,0,0,0,0,2024-03-19,2024-03-24,Home,Contract,Kochi,1,382000,12.4
102336,51278,44,480000.0,715.0,18.0,1272000.0,12,2,4,1,1453000,2024-09-06,2024-09-15,Auto,Contract,Bengaluru,0,0,
102337,50339,43,476000.0,627.0,22.0,645000.0,12,2,3,0,320000,2025-06-05,2025-06-15,Education,Business Owner,Delhi,0,0,
102338,50862,38,418000.0,602.0,13.0,525000.0,84,1,2,0,505000,2025-04-04,2025-04-06,Personal,Salaried,Pune,0,0,
102339,50304,38,513000.0,700.0,30.0,419000.0,72,1,1,0,328000,2025-07-24,2025-07-31,Education,Business Owner,Bengaluru,1,389000,12.65
102340,51346,31,849000.0,679.0,11.0,1351000.0,72,1,2,0,428000,2024-01-17,2024-01-22,Home,Salaried,Coimbatore,0,0,
102341,50619,45,373000.0,696.0,23.0,1566000.0,12,2,2,1,1721000,2024-09-30,2024-10-02,Home,Contract,Mumbai,0,0,
102342,51176,42,727000.0,689.0,18.0,1343000.0,84,3,4,1,781000,2024-06-05,2024-06-15,Personal,Salaried,Hyderabad,1,1319000,12.1
102343,51400,43,279000.0,850.0,19.0,918000.0,60,4,5,0,936000,2025-04-21,2025-04-24,Home,Business Owner,Hyderabad,0,0,
102344,50284,33,466000.0,604.0,11.0,821000.0,72,1,4,0,1108000,2023-06-07,2023-06-12,Education,Salaried,Hyderabad,0,0,
102345,51058,21,517000.0,561.0,0.0,359000.0,48,1,1,1,171000,2024-06-30,2024-07-10,Home,Salaried,Hyderabad,1,358000,14.66
102346,51337,49,1275000.0,712.0,25.0,611000.0,12,1,3,0,365000,2024-05-20,2024-05-21,Education,Salaried,Coimbatore,1,504000,12.07
102347,50282,33,530000.0,666.0,10.0,481000.0,36,3,3,1,433000,2025-03-31,2025-04-07,Auto,Contract,Hyderabad,0,0,
102348,50703,29,223000.0,711.0,12.0,256000.0,24,0,0,0,0,2023-06-16,2023-06-17,Business,Salaried,Bengaluru,1,251000,12.15
102349,50662,45,244000.0,728.0,29.0,1252000.0,12,0,2,0,429000,2023-01-22,2023-01-28,Personal,Contract,Bengaluru,0,0,
102350,50480,34,609000.0,773.0,13.0,477000.0,84,1,3,0,1757000,2023-03-08,2023-03-14,Home,Contract,Chennai,1,414000,10.04
102351,50619,49,791000.0,592.0,22.0,1351000.0,72,1,3,0,602000,2024-12-10,2024-12-11,Personal,Self-Employed,Coimbatore,0,0,
102352,50932,44,710000.0,654.0,24.0,1137000.0,84,2,2,2,713000,2024-09-03,2024-09-10,Home,Salaried,Chennai,1,885000,10.97
102353,51230,45,647000.0,718.0,29.0,951000.0,12,0,1,0,323000,2025-04-27,2025-05-05,Auto,Contract,Hyderabad,0,0,
102354,50549,24,1012000.0,740.0,7.0,981000.0,24,0,4,0,796000,2024-08-09,2024-08-12,Education,Salaried,Delhi,1,874000,10.93
102355,50643,50,471000.0,833.0,31.0,499000.0,36,1,2,0,322000,2025-06-06,2025-06-16,Personal,Salaried,Coimbatore,0,0,
102356,50988,41,898000.0,752.0,25.0,1945000.0,24,2,4,0,421000,2023-01-17,2023-01-18,Auto,Business Owner,Delhi,1,1496000,11.85
102357,50744,34,288000.0,686.0,12.0,717000.0,12,1,2,0,659000,2024-10-20,2024-10-22,Auto,Self-Employed,Coimbatore,1,629000,10.61
102358,51088,39,399000.0,632.0,20.0,826000.0,12,1,3,0,1365000,2025-01-31,2025-02-01,Business,Salaried,Mumbai,0,0,
102359,50364,21,266000.0,653.0,0.0,490000.0,48,1,5,0,564000,2023-09-12,2023-09-21,Auto,Salaried,Kochi,0,0,
102360,51242,42,530000.0,651.0,21.0,419000.0,84,1,3,0,623000,2023-11-24,2023-11-28,Business,Contract,Mumbai,0,0,
102361,50407,28,588000.0,733.0,11.0,910000.0,72,2,3,1,537000,2023-12-12,2023-12-19,Auto,Contract,Kochi,0,0,
102362,50967,24,632000.0,707.0,0.0,789000.0,60,2,4,0,1317000,2023-08-28,2023-09-02,Education,Business Owner,Delhi,0,0,
102363,51082,23,617000.0,604.0,0.0,453000.0,48,4,6,0,1273000,2023-11-03,2023-11-12,Auto,Self-Employed,Chennai,0,0,
102364,51291,49,395000.0,662.0,27.0,317000.0,84,0,0,0,0,2023-06-25,2023-07-04,Education,Self-Employed,Chennai,0,0,
102365,50265,32,551000.0,747.0,9.0,348000.0,48,1,3,0,619000,2023-11-09,2023-11-15,Home,Self-Employed,Bengaluru,0,0,
102366,50901,53,306000.0,713.0,34.0,1351000.0,48,0,1,0,135000,2025-06-24,2025-06-29,Auto,Salaried,Delhi,1,588000,11.66
102367,51350,33,1108000.0,727.0,9.0,500000.0,48,2,3,0,593000,2024-06-27,2024-07-07,Auto,Self-Employed,Bengaluru,0,0,
102368,50622,21,523000.0,715.0,6.0,581000.0,48,2,3,0,627000,2023-12-01,2023-12-02,Home,Business Owner,Pune,0,0,
102369,51170,27,482000.0,796.0,0.0,1554000.0,36,0,2,1,650000,2025-04-15,2025-04-19,Business,Business Owner,Delhi,0,0,
102370,50065,50,1227000.0,705.0,33.0,378000.0,84,1,3,0,622000,2025-06-18,2025-06-23,Education,Salaried,Pune,1,321000,14.12
102371,50368,36,343000.0,665.0,11.0,469000.0,72,1,3,1,935000,2024-12-01,2024-12-10,Home,Salaried,Delhi,0,0,
102372,50591,33,362000.0,630.0,4.0,459000.0,60,0,2,0,337000,2023-09-26,2023-09-28,Home,Salaried,Pune,0,0,
102373,51417,40,366000.0,706.0,19.0,1704000.0,60,2,3,1,647000,2025-03-16,2025-03-18,Personal,Contract,Bengaluru,0,0,
102374,51004,43,582000.0,531.0,20.0,2095000.0,72,0,2,0,338000,2023-07-05,2023-07-08,Home,Salaried,Coimbatore,0,0,
102375,51468,49,729000.0,678.0,23.0,1058000.0,60,2,4,0,655000,2023-04-20,2023-04-23,Business,Business Owner,Hyderabad,0,0,
102376,51161,52,837000.0,677.0,23.0,1077000.0,36,1,5,0,2364000,2025-02-05,2025-02-12,Business,Salaried,Kochi,0,0,
102377,50684,34,1909000.0,601.0,12.0,509000.0,36,1,1,0,175000,2023-02-04,2023-02-05,Business,Contract,Chennai,0,0,
102378,51163,25,218000.0,630.0,7.0,2043000.0,72,1,2,0,420000,2025-03-08,2025-03-10,Education,Salaried,Bengaluru,0,0,
102379,50131,34,789000.0,743.0,14.0,811000.0,36,3,3,0,1264000,2024-09-22,2024-09-23,Education,Contract,Delhi,0,0,
102380,50717,41,467000.0,705.0,19.0,1119000.0,12,0,2,0,727000,2023-01-10,2023-01-19,Auto,Contract,Coimbatore,0,0,
102381,50773,28,461000.0,697.0,8.0,661000.0,60,1,3,0,1704000,2023-07-28,2023-08-07,Home,Contract,Mumbai,0,0,
102382,50662,28,454000.0,710.0,6.0,604000.0,24,2,3,0,955000,2023-02-07,2023-02-16,Business,Salaried,Hyderabad,0,0,
102383,50822,41,399000.0,696.0,13.0,1747000.0,48,2,2,0,370000,2023-04-04,2023-04-07,Home,Salaried,Mumbai,0,0,
102384,50434,38,1280000.0,771.0,10.0,942000.0,84,2,5,0,3496000,2025-06-05,2025-06-08,Auto,Business Owner,Pune,1,720000,12.46
102385,50107,38,877000.0,698.0,15.0,1555000.0,12,2,5,0,1672000,2025-04-18,2025-04-19,Auto,Self-Employed,Delhi,0,0,
102386,50026,30,606000.0,595.0,7.0,806000.0,12,0,1,0,231000,2024-10-13,2024-10-18,Business,Salaried,Mumbai,0,0,
102387,50579,36,1102000.0,796.0,17.0,439000.0,48,1,1,1,257000,2023-08-30,2023-09-02,Home,Business Owner,Delhi,0,0,
102388,50182,29,304000.0,714.0,10.0,508000.0,12,0,2,0,547000,2024-11-12,2024-11-14,Auto,Self-Employed,Hyderabad,0,0,
102389,50639,47,330000.0,652.0,27.0,741000.0,36,2,3,0,666000,2023-04-08,2023-04-11,Personal,Business Owner,Coimbatore,0,0,
102390,50378,48,225000.0,609.0,25.0,496000.0,12,2,3,0,377000,2024-08-01,2024-08-09,Education,Self-Employed,Delhi,0,0,
102391,51048,21,438000.0,716.0,0.0,381000.0,84,2,3,0,1692000,2024-09-07,2024-09-15,Home,Business Owner,Mumbai,0,0,
102392,51000,29,645000.0,682.0,9.0,1355000.0,60,1,1,0,247000,2023-05-21,2023-05-22,Business,Salaried,Coimbatore,0,0,
102393,50269,23,628000.0,792.0,3.0,519000.0,84,0,2,0,548000,2023-07-22,2023-07-24,Auto,Self-Employed,Kochi,0,0,
102394,50331,31,642000.0,668.0,0.0,755000.0,60,1,2,0,1413000,2024-02-21,2024-02-22,Auto,Contract,Mumbai,0,0,
102395,51254,37,318000.0,636.0,12.0,824000.0,84,2,5,1,888000,2025-03-12,2025-03-20,Auto,Business Owner,Bengaluru,0,0,
102396,50109,24,861000.0,748.0,0.0,507000.0,72,0,1,1,347000,2025-08-03,2025-08-04,Education,Salaried,Delhi,0,0,
102397,51212,29,668000.0,750.0,7.0,1555000.0,72,3,6,0,1009000,2023-05-17,2023-05-23,Home,Salaried,Pune,0,0,
102398,50747,28,834000.0,701.0,3.0,379000.0,24,0,3,0,881000,2025-02-13,2025-02-23,Auto,Self-Employed,Hyderabad,0,0,
102399,51166,40,256000.0,734.0,18.0,808000.0,60,0,3,1,830000,2025-06-23,2025-07-01,Education,Business Owner,Chennai,1,508000,11.22
102400,51070,39,690000.0,688.0,16.0,801000.0,48,1,6,0,2227000,2024-09-09,2024-09-17,Personal,Salaried,Hyderabad,1,631000,13.55
102401,50243,31,352000.0,705.0,8.0,679000.0,84,2,6,0,2744000,2025-07-10,2025-07-17,Home,Contract,Mumbai,1,583000,11.75
102402,50773,40,502000.0,766.0,15.0,343000.0,48,6,7,0,1310000,2024-09-16,2024-09-24,Business,Business Owner,Mumbai,0,0,
102403,50141,33,763000.0,731.0,8.0,1130000.0,60,2,3,0,1523000,2025-04-13,2025-04-21,Home,Salaried,Pune,1,987000,11.56
102404,51176,35,,679.0,9.0,1054000.0,36,0,0,0,0,2023-05-18,2023-05-28,Auto,Salaried,Delhi,0,0,
102405,50400,55,409000.0,778.0,35.0,483000.0,84,0,2,1,441000,2024-02-19,2024-02-22,Business,Contract,Bengaluru,0,0,
102406,50541,51,602000.0,536.0,31.0,1033000.0,60,0,2,0,498000,2024-09-11,2024-09-13,Home,Salaried,Bengaluru,0,0,
102407,50019,25,301000.0,823.0,0.0,860000.0,36,1,2,0,391000,2023-09-05,2023-09-09,Business,Self-Employed,Hyderabad,1,372000,9.71
102408,50593,46,1007000.0,579.0,30.0,346000.0,72,2,4,1,858000,2024-06-09,2024-06-14,Home,Business Owner,Chennai,0,0,
102409,51200,46,547000.0,649.0,23.0,438000.0,48,0,1,0,137000,2023-08-13,2023-08-15,Personal,Self-Employed,Pune,0,0,
102410,50221,27,993000.0,687.0,11.0,1309000.0,60,5,5,0,1844000,2025-01-04,2025-01-12,Personal,Self-Employed,Hyderabad,1,1136000,12.45
102411,50288,46,473000.0,680.0,21.0,830000.0,72,0,1,0,90000,2024-12-21,2024-12-29,Personal,Contract,Chennai,0,0,
102412,50583,53,474000.0,755.0,23.0,513000.0,24,1,2,1,353000,2024-04-07,2024-04-11,Home,Self-Employed,Coimbatore,0,0,
102413,50325,27,425000.0,621.0,7.0,437000.0,48,3,6,0,1466000,2025-07-04,2025-07-09,Business,Self-Employed,Mumbai,0,0,
102414,50984,29,890000.0,707.0,8.0,527000.0,24,1,3,0,1437000,2023-08-28,2023-09-02,Personal,Self-Employed,Coimbatore,0,0,
102415,50952,48,436000.0,652.0,26.0,548000.0,48,1,2,0,381000,2023-01-21,2023-01-26,Education,Salaried,Hyderabad,1,438000,12.74
102416,50635,41,802000.0,709.0,16.0,440000.0,12,4,5,0,1548000,2024-03-23,2024-04-01,Education,Contract,Chennai,0,0,
102417,51441,44,505000.0,686.0,22.0,269000.0,72,0,1,0,240000,2024-03-23,2024-04-01,Personal,Salaried,Chennai,0,0,
102418,50496,41,247000.0,696.0,17.0,1310000.0,12,0,4,0,1604000,2023-09-12,2023-09-16,Personal,Salaried,Kochi,0,0,
102419,50023,42,464000.0,654.0,19.0,1194000.0,12,2,3,1,905000,2023-10-30,2023-10-31,Auto,Self-Employed,Coimbatore,0,0,
102420,50462,25,353000.0,657.0,6.0,348000.0,24,1,3,0,1136000,2025-02-15,2025-02-23,Education,Salaried,Bengaluru,0,0,
102421,50379,48,609000.0,709.0,27.0,754000.0,36,0,1,1,190000,2024-09-15,2024-09-16,Education,Salaried,Bengaluru,0,0,
102422,50189,50,351000.0,751.0,30.0,426000.0,84,1,1,0,151000,2025-11-19,2025-11-26,Personal,Salaried,Pune,1,338000,12.42
102423,50449,36,910000.0,651.0,13.0,606000.0,48,0,2,1,601000,2025-06-05,2025-06-09,Auto,Self-Employed,Coimbatore,0,0,
102424,50642,38,576000.0,634.0,15.0,579000.0,12,1,3,0,588000,2024-01-23,2024-01-24,Business,Business Owner,Bengaluru,0,0,
102425,50349,23,554000.0,730.0,0.0,553000.0,24,0,3,0,761000,2024-11-10,2024-11-14,Auto,Business Owner,Chennai,1,466000,10.83
102426,50698,43,806000.0,688.0,20.0,2106000.0,48,1,1,0,293000,2024-04-24,2024-05-01,Auto,Salaried,Hyderabad,0,0,
102427,50841,44,926000.0,744.0,9.0,549000.0,12,0,0,0,0,2024-08-30,2024-09-07,Education,Self-Employed,Bengaluru,0,0,
102428,50028,37,595000.0,631.0,13.0,449000.0,84,0,0,0,0,2023-05-15,2023-05-17,Personal,Contract,Pune,0,0,
102429,50673,49,424000.0,574.0,27.0,460000.0,12,0,1,1,178000,2025-11-27,2025-12-06,Personal,Business Owner,Chennai,0,0,
102430,51303,35,270000.0,655.0,15.0,1243000.0,12,0,1,0,141000,2023-10-15,2023-10-20,Personal,Salaried,Pune,0,0,
102431,50799,44,441000.0,640.0,21.0,282000.0,84,2,5,2,2935000,2025-12-28,2026-01-05,Auto,Self-Employed,Delhi,0,0,
102432,51072,28,454000.0,685.0,7.0,460000.0,24,0,3,0,340000,2025-01-15,2025-01-17,Auto,Business Owner,Hyderabad,1,408000,12.41
102433,51407,38,630000.0,649.0,7.0,1551000.0,36,0,2,0,399000,2025-12-26,2025-12-28,Home,Business Owner,Kochi,1,640000,12.43
102434,51019,36,514000.0,,14.0,801000.0,72,1,5,0,1726000,2023-07-11,2023-07-15,Business,Self-Employed,Chennai,1,698000,11.95
102435,50557,40,818000.0,671.0,11.0,778000.0,72,0,1,0,567000,2024-02-05,2024-02-09,Home,Business Owner,Kochi,0,0,
102436,51242,34,455000.0,700.0,7.0,2261000.0,84,1,2,0,455000,2025-06-27,2025-06-30,Business,Salaried,Delhi,0,0,
102437,50928,37,585000.0,700.0,14.0,802000.0,12,0,1,0,253000,2024-10-19,2024-10-24,Home,Salaried,Delhi,0,0,
102438,50307,46,1022000.0,703.0,29.0,474000.0,12,1,2,1,323000,2025-11-03,2025-11-05,Home,Self-Employed,Delhi,1,404000,12.13
102439,50815,34,700000.0,688.0,13.0,599000.0,36,0,1,0,266000,2024-04-13,2024-04-14,Home,Self-Employed,Mumbai,0,0,
102440,50829,22,584000.0,723.0,0.0,375000.0,72,3,5,1,703000,2025-06-11,2025-06-15,Home,Contract,Delhi,0,0,
102441,51202,55,458000.0,638.0,33.0,1397000.0,36,1,2,1,344000,2023-06-03,2023-06-09,Auto,Contract,Hyderabad,0,0,
102442,50547,52,451000.0,781.0,27.0,960000.0,60,2,2,0,733000,2025-08-14,2025-08-20,Business,Salaried,Mumbai,1,581000,11.36
102443,51445,25,409000.0,675.0,1.0,1299000.0,12,2,3,0,604000,2024-11-09,2024-11-11,Home,Self-Employed,Delhi,0,0,
102444,51080,45,470000.0,605.0,25.0,1364000.0,72,2,3,0,1186000,2024-11-27,2024-12-03,Home,Contract,Bengaluru,0,0,
102445,50688,33,843000.0,702.0,5.0,557000.0,84,2,3,0,695000,2023-11-02,2023-11-06,Personal,Contract,Pune,0,0,
102446,50086,41,543000.0,635.0,21.0,416000.0,48,2,2,0,252000,2023-12-20,2023-12-30,Auto,Business Owner,Bengaluru,0,0,
102447,50660,41,327000.0,733.0,17.0,680000.0,60,1,1,0,448000,2025-06-25,2025-06-26,Education,Business Owner,Chennai,0,0,
102448,50911,36,1330000.0,834.0,17.0,433000.0,48,0,0,0,0,2025-03-08,2025-03-09,Personal,Contract,Coimbatore,1,351000,10.35
102449,50574,30,693000.0,639.0,12.0,766000.0,36,2,4,0,740000,2024-11-24,2024-11-26,Education,Business Owner,Chennai,0,0,
102450,51038,31,319000.0,712.0,2.0,1305000.0,84,0,1,1,226000,2025-05-03,2025-05-07,Home,Contract,Delhi,0,0,
102451,51129,29,492000.0,576.0,5.0,638000.0,84,1,2,0,827000,2023-07-11,2023-07-19,Business,Business Owner,Kochi,0,0,
102452,50178,30,631000.0,720.0,5.0,760000.0,72,2,3,0,576000,2024-08-15,2024-08-18,Education,Self-Employed,Pune,0,0,
102453,50209,37,1292000.0,632.0,8.0,665000.0,60,0,1,0,157000,2025-06-23,2025-06-28,Education,Business Owner,Pune,0,0,
102454,51093,31,364000.0,649.0,5.0,1089000.0,24,0,1,1,271000,2025-08-25,2025-08-28,Education,Self-Employed,Pune,0,0,
102455,50911,45,931000.0,618.0,33.0,485000.0,60,0,1,0,225000,2025-10-16,2025-10-24,Business,Salaried,Mumbai,0,0,
102456,51016,53,1126000.0,738.0,33.0,209000.0,60,1,1,0,198000,2025-06-16,2025-06-20,Personal,Business Owner,Pune,0,0,
102457,51087,32,452000.0,755.0,18.0,907000.0,84,3,5,0,1393000,2025-03-26,2025-04-03,Auto,Self-Employed,Hyderabad,1,774000,12.4
102458,51195,40,530000.0,692.0,21.0,1205000.0,36,4,5,0,685000,2024-07-20,2024-07-28,Business,Contract,Kochi,0,0,
102459,50795,43,376000.0,634.0,18.0,895000.0,12,0,2,1,211000,2025-12-26,2026-01-04,Personal,Salaried,Coimbatore,1,707000,13.58
102460,50382,43,548000.0,793.0,19.0,492000.0,36,3,4,0,2914000,2024-09-18,2024-09-20,Home,Business Owner,Chennai,1,468000,11.96
102461,50829,39,590000.0,641.0,19.0,375000.0,36,1,3,0,790000,2023-04-22,2023-05-02,Personal,Contract,Mumbai,0,0,
102462,51334,45,807000.0,549.0,25.0,919000.0,36,0,5,0,1364000,2024-11-01,2024-11-08,Education,Contract,Mumbai,0,0,
102463,50748,43,980000.0,720.0,19.0,757000.0,48,1,3,0,507000,2023-01-26,2023-02-05,Personal,Business Owner,Bengaluru,0,0,
102464,50167,26,428000.0,618.0,0.0,653000.0,72,4,6,1,2350000,2025-09-27,2025-09-28,Personal,Business Owner,Chennai,0,0,
102465,51024,47,248000.0,754.0,38.0,1907000.0,24,1,3,0,574000,2024-09-13,2024-09-17,Home,Self-Employed,Chennai,0,0,
102466,50629,47,594000.0,665.0,24.0,416000.0,48,3,6,0,372000,2025-12-25,2025-12-29,Home,Self-Employed,Pune,0,0,
102467,50233,30,685000.0,729.0,7.0,1858000.0,60,0,2,0,377000,2024-12-17,2024-12-21,Personal,Salaried,Delhi,0,0,
102468,50163,38,671000.0,781.0,16.0,712000.0,84,0,1,0,217000,2024-09-04,2024-09-11,Business,Business Owner,Pune,0,0,
102469,50593,45,518000.0,611.0,22.0,255000.0,36,3,4,1,918000,2025-10-21,2025-10-26,Home,Salaried,Mumbai,0,0,
102470,50504,36,635000.0,653.0,14.0,634000.0,84,1,4,2,905000,2024-08-04,2024-08-09,Education,Self-Employed,Chennai,0,0,
102471,51289,49,1187000.0,685.0,32.0,1187000.0,72,0,2,1,362000,2024-04-03,2024-04-06,Business,Business Owner,Pune,0,0,
102472,50506,62,712000.0,790.0,40.0,573000.0,12,1,2,0,345000,2024-01-04,2024-01-14,Personal,Contract,Delhi,1,439000,11.22
102473,50635,30,507000.0,647.0,3.0,311000.0,36,0,3,0,646000,2024-12-27,2025-01-01,Education,Salaried,Bengaluru,1,253000,14.95
102474,50060,24,479000.0,651.0,1.0,639000.0,48,1,2,0,220000,2023-05-22,2023-05-27,Education,Business Owner,Coimbatore,0,0,
102475,51086,41,556000.0,721.0,17.0,437000.0,72,1,3,1,282000,2023-01-14,2023-01-22,Business,Contract,Mumbai,0,0,
102476,51130,45,1253000.0,652.0,29.0,917000.0,24,1,1,0,263000,2024-12-11,2024-12-13,Personal,Self-Employed,Bengaluru,0,0,
102477,51168,36,552000.0,700.0,19.0,1071000.0,84,2,5,1,1324000,2024-06-14,2024-06-22,Education,Contract,Bengaluru,0,0,
102478,50400,53,595000.0,589.0,31.0,392000.0,48,1,2,0,776000,2025-04-06,2025-04-10,Home,Salaried,Hyderabad,0,0,
102479,50989,25,483000.0,834.0,0.0,475000.0,36,0,3,0,660000,2025-04-10,2025-04-19,Home,Business Owner,Coimbatore,1,475000,10.36
102480,50544,45,984000.0,602.0,18.0,1061000.0,72,2,3,0,413000,2024-03-13,2024-03-21,Business,Contract,Bengaluru,0,0,
102481,50358,32,1449000.0,669.0,10.0,436000.0,24,1,3,0,284000,2024-01-18,2024-01-23,Home,Business Owner,Hyderabad,0,0,
102482,50487,55,735000.0,688.0,34.0,386000.0,12,0,0,0,0,2025-07-03,2025-07-08,Auto,Contract,Kochi,0,0,
102483,50247,58,623000.0,,35.0,366000.0,48,2,2,1,618000,2025-03-15,2025-03-24,Personal,Business Owner,Hyderabad,1,308000,11.98
102484,51256,30,610000.0,604.0,6.0,850000.0,72,2,5,0,2570000,2025-08-30,2025-09-04,Education,Salaried,Chennai,0,0,
102485,50038,33,205000.0,819.0,9.0,830000.0,48,2,4,0,1027000,2025-08-08,2025-08-17,Education,Self-Employed,Pune,0,0,
102486,50679,47,839000.0,739.0,25.0,481000.0,72,3,4,0,545000,2024-02-09,2024-02-15,Business,Self-Employed,Bengaluru,1,414000,10.93
102487,50446,34,637000.0,717.0,2.0,702000.0,60,0,2,0,322000,2025-10-17,2025-10-18,Business,Contract,Kochi,1,620000,12.5
102488,51471,38,728000.0,626.0,12.0,1621000.0,72,0,2,0,327000,2025-06-04,2025-06-12,Education,Salaried,Mumbai,1,1156000,12.47
102489,50016,38,436000.0,727.0,13.0,410000.0,24,1,3,0,612000,2025-08-24,2025-08-25,Home,Business Owner,Chennai,0,0,
102490,50054,21,505000.0,643.0,4.0,239000.0,48,2,2,1,876000,2023-03-20,2023-03-22,Business,Salaried,Coimbatore,0,0,
102491,50749,38,499000.0,772.0,13.0,899000.0,60,1,2,2,911000,2023-11-05,2023-11-11,Auto,Salaried,Pune,0,0,
102492,50018,31,950000.0,627.0,10.0,659000.0,12,0,3,0,688000,2024-12-27,2025-01-01,Business,Contract,Mumbai,0,0,
102493,50772,33,506000.0,683.0,12.0,474000.0,84,1,3,0,822000,2025-11-22,2025-11-24,Home,Self-Employed,Mumbai,0,0,
102494,50549,52,1532000.0,654.0,35.0,1002000.0,72,2,5,1,839000,2025-06-08,2025-06-14,Personal,Salaried,Hyderabad,0,0,
102495,51320,25,728000.0,626.0,8.0,1111000.0,48,1,2,0,213000,2024-12-13,2024-12-20,Auto,Contract,Kochi,0,0,
102496,51092,46,338000.0,738.0,24.0,208000.0,48,0,1,0,611000,2025-08-08,2025-08-11,Business,Business Owner,Bengaluru,0,0,
102497,51425,35,566000.0,725.0,11.0,489000.0,36,2,3,0,235000,2024-04-14,2024-04-22,Personal,Self-Employed,Hyderabad,0,0,
102498,50977,35,447000.0,769.0,10.0,2504000.0,48,3,6,1,599000,2024-07-18,2024-07-22,Personal,Self-Employed,Hyderabad,0,0,
102499,50888,46,224000.0,574.0,23.0,965000.0,12,2,4,1,2455000,2025-07-26,2025-08-05,Education,Business Owner,Kochi,0,0,
102500,50688,41,1232000.0,759.0,17.0,1015000.0,72,1,4,0,1008000,2023-05-01,2023-05-10,Home,Salaried,Bengaluru,0,0,
102501,50019,44,823000.0,850.0,24.0,1334000.0,60,1,2,2,285000,2023-05-30,2023-06-06,Education,Self-Employed,Bengaluru,1,1203000,10.77
102502,50598,48,763000.0,661.0,28.0,707000.0,72,3,4,0,1407000,2023-06-02,2023-06-05,Home,Salaried,Delhi,0,0,
102503,50747,35,646000.0,813.0,15.0,1085000.0,84,1,1,0,368000,2025-09-30,2025-10-05,Personal,Contract,Bengaluru,1,560000,10.37
102504,51473,32,322000.0,673.0,15.0,1039000.0,24,3,6,0,770000,2024-07-27,2024-08-05,Business,Business Owner,Hyderabad,0,0,
102505,50309,27,483000.0,601.0,12.0,942000.0,12,2,4,0,766000,2025-12-22,2025-12-31,Home,Self-Employed,Pune,1,754000,12.86
102506,50146,30,876000.0,670.0,8.0,586000.0,24,1,3,0,1162000,2023-03-09,2023-03-17,Home,Business Owner,Delhi,0,0,
102507,50807,67,374000.0,758.0,40.0,769000.0,84,0,2,0,332000,2023-08-13,2023-08-21,Personal,Self-Employed,Bengaluru,0,0,
102508,51116,50,192000.0,636.0,27.0,506000.0,84,1,2,0,576000,2025-04-26,2025-05-05,Auto,Business Owner,Bengaluru,0,0,
102509,51485,24,542000.0,651.0,7.0,705000.0,84,0,1,0,510000,2024-07-11,2024-07-16,Personal,Contract,Kochi,1,470000,11.7
102510,51443,25,563000.0,729.0,7.0,368000.0,12,1,3,0,227000,2025-05-25,2025-06-03,Personal,Contract,Mumbai,0,0,
102511,50329,43,638000.0,690.0,25.0,453000.0,72,1,5,1,1054000,2023-09-04,2023-09-10,Home,Salaried,Hyderabad,0,0,
102512,51361,43,833000.0,728.0,21.0,599000.0,72,0,0,0,0,2025-06-27,2025-07-03,Personal,Contract,Bengaluru,1,536000,11.68
102513,51442,43,799000.0,705.0,18.0,417000.0,60,1,3,0,306000,2023-10-19,2023-10-29,Education,Business Owner,Hyderabad,0,0,
102514,50783,35,674000.0,721.0,7.0,530000.0,36,1,2,0,384000,2023-08-02,2023-08-08,Personal,Business Owner,Coimbatore,0,0,
102515,50585,37,1028000.0,662.0,15.0,640000.0,60,2,2,0,843000,2025-02-06,2025-02-13,Business,Contract,Kochi,0,0,
102516,50871,41,303000.0,705.0,25.0,873000.0,72,0,1,0,176000,2024-08-27,2024-09-05,Personal,Business Owner,Chennai,0,0,
102517,51099,39,753000.0,630.0,16.0,1180000.0,24,1,4,0,476000,2025-08-28,2025-08-31,Personal,Business Owner,Mumbai,1,940000,14.05
102518,50984,21,795000.0,774.0,2.0,542000.0,24,0,1,1,440000,2025-10-07,2025-10-13,Business,Business Owner,Delhi,1,527000,10.51
102519,51109,36,343000.0,649.0,17.0,1459000.0,72,3,4,0,1249000,2023-03-15,2023-03-25,Auto,Salaried,Mumbai,0,0,
102520,50703,29,305000.0,763.0,6.0,1173000.0,48,0,4,2,966000,2024-09-16,2024-09-21,Auto,Salaried,Delhi,0,0,
102521,50338,40,429000.0,675.0,23.0,924000.0,72,0,1,0,238000,2024-10-25,2024-10-29,Auto,Self-Employed,Hyderabad,0,0,
102522,50794,68,446000.0,703.0,34.0,762000.0,36,1,2,0,836000,2023-02-27,2023-03-07,Education,Business Owner,Kochi,0,0,
102523,50177,42,842000.0,658.0,15.0,834000.0,60,2,3,0,869000,2024-12-26,2024-12-29,Business,Salaried,Bengaluru,1,755000,11.72
102524,50772,35,455000.0,624.0,9.0,1345000.0,84,1,3,0,1036000,2023-07-27,2023-07-29,Education,Contract,Delhi,0,0,
102525,51474,47,,577.0,22.0,1372000.0,72,0,0,0,0,2024-02-17,2024-02-21,Education,Business Owner,Hyderabad,0,0,
102526,51169,43,456000.0,621.0,22.0,1459000.0,84,0,2,0,192000,2025-12-11,2025-12-14,Education,Business Owner,Pune,0,0,
102527,50247,42,993000.0,669.0,21.0,716000.0,60,0,2,0,682000,2025-11-06,2025-11-13,Business,Self-Employed,Chennai,1,673000,13.07
102528,51153,44,604000.0,704.0,24.0,950000.0,24,2,3,1,1301000,2024-12-30,2025-01-03,Home,Contract,Mumbai,1,513000,12.61
102529,50589,59,554000.0,756.0,39.0,1466000.0,36,2,3,0,670000,2025-01-09,2025-01-19,Home,Contract,Mumbai,0,0,
102530,50714,27,571000.0,661.0,1.0,497000.0,60,0,0,0,0,2025-03-14,2025-03-23,Auto,Business Owner,Chennai,1,432000,12.77
102531,51105,43,1073000.0,633.0,16.0,588000.0,36,4,5,0,1057000,2024-02-23,2024-02-28,Education,Salaried,Hyderabad,0,0,
102532,50631,29,428000.0,596.0,9.0,706000.0,36,1,2,0,478000,2025-07-07,2025-07-10,Auto,Self-Employed,Mumbai,0,0,
102533,51237,44,1085000.0,721.0,19.0,1148000.0,60,1,2,0,1201000,2023-07-20,2023-07-22,Education,Self-Employed,Kochi,0,0,
102534,51393,29,660000.0,780.0,1.0,1158000.0,72,1,2,0,432000,2023-03-21,2023-03-27,Auto,Self-Employed,Bengaluru,1,602000,11.65
102535,51131,34,558000.0,772.0,16.0,617000.0,36,1,5,1,1049000,2023-07-08,2023-07-14,Personal,Business Owner,Hyderabad,0,0,
102536,50649,35,1849000.0,736.0,19.0,305000.0,72,1,1,0,98000,2025-04-07,2025-04-08,Business,Self-Employed,Bengaluru,1,272000,10.55
102537,51119,48,373000.0,732.0,32.0,801000.0,12,1,2,1,706000,2025-01-23,2025-01-30,Education,Salaried,Delhi,0,0,
102538,51123,47,512000.0,800.0,26.0,422000.0,24,3,8,0,1402000,2025-04-05,2025-04-10,Education,Contract,Pune,1,376000,9.95
102539,50906,26,345000.0,712.0,7.0,308000.0,36,2,5,0,1345000,2025-12-03,2025-12-10,Education,Salaried,Pune,1,262000,12.42
102540,50689,39,921000.0,732.0,22.0,349000.0,36,0,1,0,214000,2024-05-24,2024-05-28,Business,Self-Employed,Pune,1,290000,11.72
102541,50048,31,1283000.0,669.0,6.0,838000.0,12,1,1,1,200000,2024-11-25,2024-11-30,Personal,Contract,Coimbatore,0,0,
102542,50176,25,1272000.0,601.0,7.0,,48,3,4,0,943000,2023-01-21,2023-01-28,Home,Self-Employed,Chennai,0,0,
102543,50399,36,1041000.0,646.0,15.0,715000.0,84,1,3,0,735000,2024-02-04,2024-02-10,Business,Self-Employed,Pune,0,0,
102544,50045,35,549000.0,689.0,17.0,786000.0,36,0,0,0,0,2024-07-13,2024-07-14,Personal,Business Owner,Mumbai,0,0,
102545,51282,62,509000.0,694.0,40.0,1342000.0,60,1,3,0,1604000,2025-11-21,2025-11-22,Auto,Contract,Chennai,0,0,
102546,50314,42,283000.0,815.0,25.0,299000.0,72,3,4,0,1385000,2024-05-03,2024-05-05,Education,Self-Employed,Chennai,0,0,
102547,50166,24,1500000.0,695.0,3.0,932000.0,72,5,7,0,3305000,2023-10-15,2023-10-18,Education,Self-Employed,Bengaluru,0,0,
102548,51016,32,741000.0,767.0,4.0,696000.0,48,3,7,0,2682000,2024-03-12,2024-03-13,Home,Business Owner,Delhi,0,0,
102549,50481,48,481000.0,662.0,32.0,956000.0,72,1,5,0,1601000,2023-05-10,2023-05-20,Auto,Contract,Mumbai,0,0,
102550,50881,59,1091000.0,670.0,33.0,537000.0,72,1,2,1,1035000,2024-03-16,2024-03-18,Personal,Self-Employed,Coimbatore,0,0,
102551,51496,22,387000.0,604.0,5.0,446000.0,84,1,1,1,130000,2025-02-28,2025-03-02,Auto,Self-Employed,Chennai,0,0,
102552,50699,21,720000.0,642.0,0.0,756000.0,72,2,4,0,710000,2025-09-23,2025-09-30,Auto,Salaried,Bengaluru,0,0,
102553,50609,57,555000.0,724.0,40.0,1734000.0,48,0,1,0,166000,2025-12-11,2025-12-17,Home,Salaried,Pune,0,0,
102554,50191,42,800000.0,690.0,25.0,1124000.0,12,1,4,1,860000,2024-12-21,2024-12-30,Personal,Salaried,Bengaluru,0,0,
102555,50043,29,583000.0,751.0,9.0,529000.0,60,1,7,0,2466000,2025-05-13,2025-05-23,Home,Business Owner,Pune,1,399000,11.35
102556,50772,43,312000.0,702.0,23.0,335000.0,72,1,3,0,429000,2023-08-18,2023-08-23,Personal,Salaried,Delhi,0,0,
102557,50683,21,621000.0,667.0,1.0,278000.0,48,3,4,0,1286000,2024-04-09,2024-04-12,Business,Salaried,Mumbai,0,0,
102558,50237,38,962000.0,830.0,,1444000.0,36,1,3,0,559000,2023-07-05,2023-07-06,Business,Self-Employed,Hyderabad,0,0,
102559,50817,41,592000.0,684.0,19.0,414000.0,12,1,2,1,420000,2023-06-11,2023-06-12,Education,Business Owner,Hyderabad,0,0,
102560,50532,47,850000.0,766.0,21.0,585000.0,12,1,2,0,553000,2024-02-05,2024-02-07,Home,Contract,Delhi,0,0,
102561,50685,28,375000.0,664.0,7.0,1448000.0,84,1,1,1,579000,2025-03-01,2025-03-04,Business,Self-Employed,Coimbatore,0,0,
102562,50657,39,593000.0,736.0,12.0,288000.0,12,2,3,0,525000,2025-10-11,2025-10-21,Auto,Self-Employed,Delhi,0,0,
102563,50578,29,453000.0,750.0,2.0,1591000.0,72,0,2,0,480000,2024-06-28,2024-07-08,Auto,Business Owner,Kochi,1,635000,11.8
102564,51250,41,840000.0,704.0,25.0,609000.0,24,0,3,0,437000,2024-02-17,2024-02-22,Business,Business Owner,Pune,1,565000,12.19
102565,50434,29,609000.0,537.0,11.0,372000.0,48,3,4,0,697000,2024-06-14,2024-06-21,Home,Self-Employed,Bengaluru,0,0,
102566,50454,34,818000.0,691.0,12.0,611000.0,72,3,5,0,726000,2023-03-10,2023-03-14,Education,Self-Employed,Hyderabad,0,0,
102567,51151,28,979000.0,770.0,7.0,470000.0,84,1,4,0,1130000,2023-10-20,2023-10-30,Auto,Self-Employed,Delhi,1,386000,12.15
102568,50642,45,819000.0,724.0,22.0,892000.0,60,0,0,0,0,2024-09-26,2024-10-02,Education,Business Owner,Chennai,0,0,
102569,50427,47,678000.0,719.0,27.0,490000.0,60,2,3,1,1057000,2024-07-19,2024-07-25,Auto,Self-Employed,Coimbatore,0,0,
102570,51425,36,383000.0,578.0,11.0,245000.0,84,0,1,0,172000,2024-06-16,2024-06-18,Personal,Self-Employed,Pune,0,0,
102571,50073,38,599000.0,643.0,20.0,620000.0,24,0,1,0,322000,2024-10-11,2024-10-17,Business,Contract,Chennai,1,563000,14.47
102572,51172,24,472000.0,717.0,1.0,332000.0,72,1,2,0,529000,2024-07-07,2024-07-12,Home,Salaried,Hyderabad,0,0,
102573,50421,35,514000.0,717.0,11.0,783000.0,36,1,5,0,1214000,2025-08-10,2025-08-16,Auto,Salaried,Bengaluru,0,0,
102574,50436,37,507000.0,769.0,15.0,364000.0,48,1,3,0,403000,2025-01-27,2025-01-31,Business,Salaried,Hyderabad,1,346000,11.5
102575,50282,64,386000.0,681.0,40.0,535000.0,12,1,3,2,810000,2023-01-28,2023-01-29,Education,Salaried,Coimbatore,1,534000,13.57
102576,50409,27,249000.0,716.0,,774000.0,24,1,1,1,274000,2024-07-23,2024-08-01,Home,Salaried,Kochi,0,0,
102577,50320,53,444000.0,691.0,29.0,623000.0,24,1,3,0,789000,2024-09-30,2024-10-03,Home,Self-Employed,Pune,1,570000,11.57
102578,51439,48,655000.0,626.0,28.0,803000.0,48,0,4,0,1221000,2024-03-03,2024-03-04,Business,Self-Employed,Coimbatore,0,0,
102579,50926,41,327000.0,543.0,24.0,1018000.0,60,1,3,1,1061000,2025-02-13,2025-02-17,Business,Contract,Chennai,0,0,
102580,50369,56,604000.0,718.0,31.0,370000.0,72,0,1,1,144000,2025-09-06,2025-09-13,Business,Business Owner,Chennai,0,0,
102581,50394,42,1411000.0,701.0,19.0,676000.0,48,2,3,0,673000,2023-02-04,2023-02-08,Personal,Contract,Coimbatore,0,0,
102582,51446,42,951000.0,650.0,22.0,112000.0,60,2,2,0,647000,2024-06-09,2024-06-13,Personal,Business Owner,Delhi,0,0,
102583,50621,37,1257000.0,585.0,13.0,802000.0,48,2,4,1,874000,2025-04-09,2025-04-18,Home,Business Owner,Delhi,0,0,
102584,51496,50,715000.0,731.0,30.0,593000.0,60,0,0,0,0,2024-01-11,2024-01-17,Business,Contract,Chennai,1,587000,11.11
102585,51122,49,1015000.0,673.0,29.0,408000.0,72,1,3,0,785000,2025-04-13,2025-04-22,Personal,Self-Employed,Delhi,0,0,
102586,51396,32,433000.0,726.0,14.0,833000.0,24,1,1,0,94000,2024-10-17,2024-10-19,Home,Contract,Mumbai,1,664000,11.25
102587,50997,25,449000.0,811.0,1.0,1334000.0,60,0,2,0,761000,2025-05-16,2025-05-23,Auto,Salaried,Pune,0,0,
102588,51176,36,180000.0,551.0,10.0,539000.0,48,0,2,0,472000,2025-10-03,2025-10-10,Business,Contract,Coimbatore,0,0,
102589,51105,30,1023000.0,645.0,7.0,416000.0,84,0,1,0,103000,2024-05-02,2024-05-10,Personal,Self-Employed,Pune,0,0,
102590,51041,37,1200000.0,676.0,11.0,767000.0,36,2,4,0,881000,2023-12-19,2023-12-29,Home,Self-Employed,Chennai,0,0,
102591,51094,50,468000.0,785.0,30.0,336000.0,48,3,5,0,663000,2023-12-20,2023-12-29,Business,Business Owner,Delhi,1,333000,11.68
102592,50512,33,535000.0,584.0,6.0,487000.0,24,5,9,0,3279000,2025-09-05,2025-09-13,Home,Business Owner,Pune,0,0,
102593,50832,38,427000.0,816.0,25.0,1371000.0,60,2,3,0,737000,2024-02-08,2024-02-10,Auto,Contract,Hyderabad,0,0,
102594,50874,39,713000.0,699.0,22.0,724000.0,60,2,5,0,788000,2024-02-07,2024-02-10,Home,Business Owner,Bengaluru,1,698000,12.21
102595,50238,46,995000.0,684.0,24.0,,60,1,6,0,2250000,2025-01-26,2025-01-28,Home,Contract,Delhi,0,0,
102596,50415,21,274000.0,677.0,2.0,261000.0,84,2,2,0,629000,2024-01-29,2024-01-30,Auto,Business Owner,Mumbai,0,0,
102597,50057,32,721000.0,662.0,,765000.0,24,1,1,0,222000,2024-08-05,2024-08-12,Education,Self-Employed,Mumbai,0,0,
102598,51428,40,530000.0,758.0,28.0,1125000.0,72,1,2,0,268000,2023-04-14,2023-04-22,Business,Business Owner,Bengaluru,1,1116000,11.52
102599,51454,50,631000.0,621.0,26.0,288000.0,84,1,3,0,492000,2023-01-11,2023-01-16,Auto,Salaried,Bengaluru,0,0,
102600,51154,33,738000.0,712.0,11.0,896000.0,48,1,1,0,163000,2025-10-06,2025-10-16,Auto,Self-Employed,Pune,0,0,
102601,50617,21,551000.0,665.0,0.0,1455000.0,60,1,1,0,363000,2024-02-26,2024-03-06,Business,Salaried,Pune,0,0,
102602,50594,44,573000.0,640.0,24.0,1977000.0,84,1,1,0,108000,2023-09-30,2023-10-04,Home,Self-Employed,Hyderabad,1,562000,13.83
102603,50050,32,545000.0,850.0,6.0,840000.0,36,2,2,0,488000,2023-02-23,2023-02-24,Personal,Contract,Pune,0,0,
102604,50470,26,929000.0,717.0,4.0,925000.0,72,3,5,0,1103000,2023-09-04,2023-09-08,Business,Self-Employed,Bengaluru,1,697000,10.8
102605,50809,32,724000.0,730.0,8.0,217000.0,36,0,0,0,0,2024-10-26,2024-10-31,Auto,Business Owner,Mumbai,1,177000,10.45
102606,50485,36,663000.0,764.0,10.0,2222000.0,12,2,4,1,1123000,2024-09-09,2024-09-17,Home,Salaried,Hyderabad,0,0,
102607,50332,32,339000.0,598.0,7.0,510000.0,36,1,3,0,980000,2023-10-22,2023-10-27,Education,Self-Employed,Bengaluru,0,0,
102608,50966,21,506000.0,804.0,0.0,,12,0,1,0,192000,2023-10-03,2023-10-13,Home,Contract,Kochi,0,0,
102609,50145,47,899000.0,527.0,20.0,608000.0,84,2,4,0,540000,2024-08-07,2024-08-16,Personal,Salaried,Hyderabad,1,457000,14.09
102610,50206,51,610000.0,640.0,26.0,1608000.0,60,2,3,0,637000,2025-12-02,2025-12-08,Home,Self-Employed,Hyderabad,1,816000,12.4
102611,50906,45,807000.0,660.0,26.0,2358000.0,24,0,2,0,737000,2023-07-13,2023-07-21,Personal,Contract,Pune,0,0,
102612,50090,27,1329000.0,728.0,15.0,750000.0,24,0,0,0,0,2023-11-07,2023-11-10,Education,Self-Employed,Pune,0,0,
102613,51475,36,957000.0,704.0,16.0,1212000.0,84,3,4,1,806000,2024-09-11,2024-09-14,Education,Self-Employed,Chennai,0,0,
102614,50170,38,626000.0,679.0,12.0,717000.0,24,1,1,0,163000,2024-10-06,2024-10-15,Home,Salaried,Bengaluru,0,0,
102615,51262,44,477000.0,689.0,21.0,396000.0,84,1,2,0,295000,2023-09-07,2023-09-13,Business,Self-Employed,Kochi,0,0,
102616,50463,45,190000.0,626.0,23.0,1577000.0,60,2,3,0,700000,2025-02-20,2025-02-24,Business,Salaried,Pune,0,0,
102617,51424,31,556000.0,593.0,8.0,497000.0,60,1,1,0,268000,2025-08-13,2025-08-21,Business,Salaried,Chennai,0,0,
102618,51190,39,518000.0,737.0,21.0,1629000.0,48,1,2,0,1044000,2023-10-23,2023-10-27,Education,Business Owner,Pune,0,0,
102619,50654,43,715000.0,735.0,22.0,1430000.0,72,0,3,2,798000,2023-08-26,2023-08-30,Personal,Salaried,Mumbai,1,1235000,11.43
102620,50420,53,560000.0,793.0,35.0,981000.0,36,2,3,1,1019000,2025-03-20,2025-03-27,Auto,Self-Employed,Delhi,1,827000,9.83
102621,50397,45,519000.0,639.0,,1914000.0,60,3,4,0,677000,2023-10-16,2023-10-23,Home,Self-Employed,Hyderabad,1,667000,12.01
102622,51211,46,269000.0,735.0,29.0,2390000.0,36,0,1,0,255000,2024-06-20,2024-06-28,Personal,Self-Employed,Mumbai,0,0,
102623,51288,39,393000.0,672.0,16.0,636000.0,24,0,0,0,0,2023-09-13,2023-09-23,Auto,Self-Employed,Hyderabad,0,0,
102624,51111,52,744000.0,767.0,26.0,449000.0,36,2,3,0,699000,2024-06-04,2024-06-11,Education,Salaried,Bengaluru,0,0,
102625,51257,42,1299000.0,756.0,29.0,251000.0,48,1,6,0,1484000,2023-04-29,2023-05-07,Auto,Business Owner,Delhi,1,249000,10.11
102626,50309,29,574000.0,704.0,0.0,2406000.0,24,1,1,1,266000,2023-06-21,2023-06-29,Education,Salaried,Coimbatore,0,0,
102627,50715,52,695000.0,668.0,27.0,550000.0,36,0,2,0,636000,2024-12-23,2024-12-30,Education,Self-Employed,Bengaluru,0,0,
102628,50133,45,921000.0,752.0,20.0,1307000.0,48,1,3,0,1346000,2025-04-05,2025-04-06,Personal,Salaried,Hyderabad,0,0,
102629,51497,34,417000.0,732.0,22.0,466000.0,72,0,2,0,161000,2023-12-15,2023-12-19,Business,Business Owner,Coimbatore,1,354000,12.73
102630,50304,33,708000.0,646.0,18.0,1631000.0,36,0,2,0,873000,2024-07-20,2024-07-23,Business,Contract,Kochi,1,1015000,11.74
102631,50280,41,430000.0,604.0,25.0,476000.0,84,0,0,0,0,2024-04-20,2024-04-29,Personal,Business Owner,Coimbatore,0,0,
102632,50201,43,885000.0,,20.0,363000.0,48,3,4,0,1167000,2023-04-18,2023-04-28,Home,Business Owner,Kochi,1,321000,13.78
102633,50491,40,642000.0,789.0,28.0,624000.0,36,0,0,0,0,2024-08-11,2024-08-19,Education,Contract,Bengaluru,1,587000,12.06
102634,50298,41,686000.0,765.0,20.0,522000.0,24,1,3,0,734000,2024-01-05,2024-01-14,Home,Business Owner,Mumbai,0,0,
102635,51161,55,422000.0,618.0,37.0,972000.0,84,1,2,1,547000,2025-01-29,2025-02-03,Education,Business Owner,Bengaluru,0,0,
102636,50448,49,825000.0,614.0,28.0,680000.0,24,1,5,0,1070000,2024-07-28,2024-08-02,Education,Salaried,Hyderabad,0,0,
102637,50197,40,1533000.0,773.0,18.0,989000.0,12,0,2,0,698000,2023-03-05,2023-03-15,Business,Business Owner,Delhi,1,985000,10.18
102638,51115,47,381000.0,616.0,24.0,596000.0,48,2,4,0,1199000,2023-07-31,2023-08-05,Business,Business Owner,Mumbai,1,531000,11.69
102639,50732,28,515000.0,723.0,5.0,486000.0,84,0,1,0,178000,2023-03-10,2023-03-12,Education,Self-Employed,Hyderabad,0,0,
102640,50061,42,666000.0,650.0,22.0,508000.0,36,3,5,0,1181000,2024-01-12,2024-01-19,Business,Business Owner,Kochi,0,0,
102641,50851,56,855000.0,795.0,35.0,2156000.0,72,1,3,0,429000,2024-06-08,2024-06-16,Business,Salaried,Pune,0,0,
102642,50072,36,466000.0,640.0,14.0,792000.0,36,1,3,0,707000,2023-03-09,2023-03-14,Auto,Contract,Pune,0,0,
102643,50823,30,180000.0,764.0,14.0,235000.0,36,0,2,0,405000,2025-12-21,2025-12-29,Auto,Self-Employed,Delhi,0,0,
102644,50452,31,1106000.0,702.0,0.0,526000.0,60,0,0,0,0,2023-06-10,2023-06-16,Education,Salaried,Mumbai,0,0,
102645,50199,27,845000.0,706.0,7.0,738000.0,48,2,4,0,701000,2025-11-15,2025-11-19,Business,Self-Employed,Chennai,0,0,
102646,50824,30,274000.0,562.0,11.0,1931000.0,36,2,2,0,449000,2025-01-28,2025-02-04,Auto,Business Owner,Mumbai,0,0,
102647,50283,34,456000.0,547.0,17.0,1233000.0,84,2,2,1,502000,2024-12-01,2024-12-09,Home,Salaried,Chennai,0,0,
102648,51175,24,1215000.0,676.0,2.0,422000.0,12,1,2,0,520000,2025-04-09,2025-04-18,Education,Self-Employed,Hyderabad,1,354000,14.0
102649,51064,38,1151000.0,706.0,17.0,2647000.0,24,1,3,0,860000,2025-04-28,2025-05-03,Education,Salaried,Bengaluru,1,2025000,13.02
102650,50371,47,915000.0,617.0,29.0,688000.0,60,1,2,1,458000,2025-04-17,2025-04-26,Home,Self-Employed,Hyderabad,1,547000,13.27
102651,50477,29,554000.0,619.0,,1389000.0,60,0,2,0,337000,2023-09-06,2023-09-14,Education,Business Owner,Bengaluru,0,0,
102652,50058,53,623000.0,726.0,30.0,371000.0,84,2,4,0,1042000,2025-11-25,2025-11-26,Business,Contract,Pune,0,0,
102653,50548,43,566000.0,727.0,22.0,187000.0,84,1,2,0,457000,2025-10-27,2025-11-04,Auto,Contract,Chennai,0,0,
102654,51277,48,997000.0,681.0,33.0,323000.0,24,3,5,0,2086000,2023-07-21,2023-07-29,Personal,Salaried,Bengaluru,0,0,
102655,50714,31,405000.0,741.0,1.0,117000.0,72,0,1,0,444000,2025-04-24,2025-05-01,Auto,Contract,Kochi,1,113000,11.4
102656,50416,47,418000.0,614.0,22.0,2237000.0,72,0,1,0,126000,2024-06-27,2024-06-28,Home,Salaried,Hyderabad,0,0,
102657,50239,27,945000.0,667.0,11.0,788000.0,60,0,1,1,340000,2023-06-10,2023-06-16,Personal,Salaried,Hyderabad,1,628000,11.73
102658,50384,47,588000.0,797.0,29.0,421000.0,12,2,2,0,753000,2025-11-19,2025-11-21,Business,Business Owner,Hyderabad,1,410000,12.73
102659,50407,40,1116000.0,694.0,20.0,898000.0,12,1,1,1,128000,2023-09-19,2023-09-25,Business,Business Owner,Delhi,0,0,
102660,51192,44,444000.0,698.0,20.0,777000.0,24,1,1,0,334000,2023-01-10,2023-01-12,Auto,Self-Employed,Mumbai,0,0,
102661,50111,26,585000.0,840.0,0.0,985000.0,48,1,1,0,391000,2024-12-15,2024-12-17,Education,Salaried,Hyderabad,0,0,
102662,51456,29,396000.0,599.0,5.0,1361000.0,72,1,4,1,622000,2023-12-25,2024-01-01,Education,Self-Employed,Mumbai,0,0,
102663,51320,44,602000.0,742.0,28.0,597000.0,84,1,1,0,222000,2023-05-04,2023-05-14,Home,Self-Employed,Coimbatore,1,455000,11.52
102664,50285,29,308000.0,798.0,4.0,431000.0,60,1,2,1,549000,2024-09-21,2024-09-22,Education,Business Owner,Chennai,0,0,
102665,50301,43,482000.0,669.0,21.0,1104000.0,36,3,6,0,1995000,2023-09-25,2023-09-30,Business,Salaried,Coimbatore,0,0,
102666,50603,24,314000.0,746.0,0.0,1088000.0,72,1,2,1,305000,2023-10-05,2023-10-06,Personal,Business Owner,Coimbatore,0,0,
102667,50546,46,820000.0,626.0,27.0,740000.0,36,2,5,0,2229000,2025-10-20,2025-10-29,Auto,Salaried,Mumbai,0,0,
102668,51114,26,828000.0,645.0,2.0,2319000.0,12,0,2,1,181000,2023-03-17,2023-03-22,Auto,Contract,Mumbai,0,0,
102669,50582,44,275000.0,715.0,22.0,550000.0,48,0,1,0,485000,2024-06-09,2024-06-14,Auto,Contract,Delhi,1,420000,11.04
102670,50850,44,1094000.0,742.0,15.0,427000.0,48,1,2,0,658000,2024-09-09,2024-09-13,Education,Self-Employed,Kochi,0,0,
102671,51095,31,1846000.0,763.0,3.0,881000.0,72,0,0,0,0,2025-11-25,2025-11-28,Personal,Business Owner,Chennai,1,689000,11.34
102672,50642,44,613000.0,792.0,22.0,483000.0,60,0,1,0,385000,2023-09-27,2023-10-05,Education,Business Owner,Chennai,0,0,
102673,50354,41,450000.0,686.0,14.0,919000.0,72,1,1,0,148000,2023-01-02,2023-01-09,Education,Salaried,Pune,1,912000,12.95
102674,50641,33,2139000.0,768.0,19.0,443000.0,60,1,4,0,1059000,2024-07-26,2024-08-04,Business,Self-Employed,Chennai,1,368000,10.37
102675,50633,28,331000.0,668.0,0.0,562000.0,84,0,3,0,845000,2024-06-18,2024-06-24,Business,Business Owner,Kochi,0,0,
102676,50182,21,605000.0,749.0,0.0,1980000.0,24,1,1,0,281000,2023-12-17,2023-12-18,Education,Self-Employed,Delhi,0,0,
102677,51149,41,651000.0,703.0,19.0,560000.0,12,1,1,0,164000,2025-11-17,2025-11-22,Home,Business Owner,Hyderabad,0,0,
102678,50110,22,1099000.0,719.0,0.0,451000.0,24,0,2,1,390000,2024-06-20,2024-06-25,Home,Contract,Hyderabad,0,0,
102679,51410,39,705000.0,718.0,13.0,1333000.0,24,2,3,0,799000,2025-05-16,2025-05-23,Home,Business Owner,Delhi,0,0,
102680,50164,35,479000.0,586.0,9.0,393000.0,48,2,4,0,695000,2025-12-24,2026-01-03,Education,Business Owner,Chennai,0,0,
102681,51239,45,391000.0,617.0,19.0,,60,3,3,0,859000,2025-11-29,2025-11-30,Personal,Contract,Mumbai,0,0,
102682,50103,35,514000.0,697.0,12.0,961000.0,36,1,2,0,368000,2024-04-08,2024-04-09,Home,Self-Employed,Coimbatore,0,0,
102683,50404,35,381000.0,580.0,21.0,1173000.0,24,0,4,0,1649000,2023-01-23,2023-01-29,Business,Self-Employed,Chennai,0,0,
102684,51189,45,613000.0,744.0,23.0,1370000.0,12,1,3,1,1638000,2024-11-19,2024-11-25,Auto,Self-Employed,Pune,1,1037000,12.58
102685,51068,41,465000.0,747.0,24.0,464000.0,24,3,5,0,1077000,2023-05-08,2023-05-17,Auto,Contract,Chennai,1,420000,11.73
102686,51164,41,306000.0,711.0,21.0,972000.0,36,0,0,0,0,2023-02-04,2023-02-07,Education,Contract,Coimbatore,0,0,
102687,51056,43,1055000.0,617.0,25.0,542000.0,36,2,3,0,674000,2024-05-01,2024-05-06,Auto,Contract,Bengaluru,1,514000,13.12
102688,50249,23,480000.0,780.0,0.0,502000.0,12,0,0,0,0,2023-04-11,2023-04-16,Education,Self-Employed,Chennai,0,0,
102689,50806,46,339000.0,822.0,23.0,1357000.0,84,0,4,0,808000,2025-01-06,2025-01-07,Auto,Self-Employed,Chennai,1,420000,11.74
102690,50543,44,556000.0,700.0,27.0,517000.0,72,0,3,0,783000,2025-01-10,2025-01-16,Personal,Self-Employed,Hyderabad,1,391000,11.41
102691,50530,28,619000.0,723.0,4.0,816000.0,36,1,4,0,409000,2024-09-02,2024-09-06,Personal,Self-Employed,Coimbatore,1,528000,11.68
102692,50413,36,273000.0,703.0,21.0,763000.0,84,3,4,0,1367000,2023-11-26,2023-12-02,Personal,Salaried,Pune,0,0,
102693,50991,38,697000.0,724.0,22.0,388000.0,36,0,2,0,522000,2023-07-15,2023-07-23,Personal,Contract,Kochi,1,349000,11.65
102694,50831,37,375000.0,682.0,13.0,1191000.0,72,2,3,0,1237000,2024-02-18,2024-02-26,Home,Contract,Chennai,0,0,
102695,50880,41,1296000.0,688.0,17.0,953000.0,36,2,3,0,1017000,2023-03-09,2023-03-12,Business,Contract,Pune,0,0,
102696,50849,52,760000.0,749.0,26.0,235000.0,24,0,2,0,531000,2025-05-20,2025-05-29,Personal,Self-Employed,Chennai,0,0,
102697,50532,49,501000.0,842.0,24.0,815000.0,12,1,1,0,209000,2025-05-20,2025-05-24,Home,Self-Employed,Bengaluru,0,0,
102698,51055,25,429000.0,599.0,0.0,458000.0,24,0,4,0,2141000,2023-05-21,2023-05-22,Education,Salaried,Coimbatore,0,0,
102699,50698,44,572000.0,683.0,24.0,1280000.0,72,1,7,0,5179000,2023-07-04,2023-07-13,Auto,Salaried,Chennai,1,1159000,13.54
102700,50999,51,791000.0,613.0,23.0,316000.0,12,1,3,0,633000,2025-11-08,2025-11-13,Auto,Self-Employed,Bengaluru,0,0,
102701,50391,42,593000.0,793.0,22.0,575000.0,36,0,2,1,842000,2023-03-22,2023-03-30,Home,Self-Employed,Chennai,1,454000,9.26
102702,50224,49,544000.0,652.0,30.0,854000.0,36,2,2,0,351000,2024-05-12,2024-05-19,Auto,Self-Employed,Mumbai,1,623000,12.33
102703,50983,58,616000.0,596.0,29.0,721000.0,60,3,3,1,559000,2023-08-06,2023-08-11,Personal,Contract,Bengaluru,0,0,
102704,50957,48,457000.0,731.0,32.0,1065000.0,84,2,4,0,824000,2024-06-08,2024-06-16,Auto,Salaried,Pune,1,625000,11.82
102705,50509,40,514000.0,803.0,20.0,304000.0,36,3,5,0,1760000,2023-05-01,2023-05-02,Personal,Contract,Kochi,0,0,
102706,50049,48,235000.0,733.0,29.0,1737000.0,12,0,0,0,0,2024-04-13,2024-04-17,Personal,Business Owner,Kochi,1,575000,12.58
102707,51387,39,930000.0,703.0,14.0,934000.0,84,0,2,0,1085000,2023-06-28,2023-07-03,Auto,Business Owner,Delhi,1,838000,12.0
102708,50808,38,686000.0,717.0,,1479000.0,48,0,3,1,1199000,2023-04-21,2023-04-25,Home,Business Owner,Mumbai,0,0,
102709,50710,34,424000.0,782.0,17.0,1132000.0,12,1,1,1,348000,2023-01-09,2023-01-15,Education,Business Owner,Kochi,0,0,
102710,51039,54,1410000.0,633.0,32.0,696000.0,84,2,3,0,648000,2023-08-10,2023-08-19,Home,Contract,Delhi,1,631000,12.26
102711,50346,30,624000.0,683.0,16.0,345000.0,36,1,2,0,757000,2025-03-07,2025-03-08,Business,Business Owner,Kochi,0,0,
102712,51492,53,376000.0,661.0,31.0,513000.0,36,1,2,1,116000,2025-05-10,2025-05-20,Business,Self-Employed,Chennai,0,0,
102713,50780,43,882000.0,614.0,26.0,1678000.0,48,1,5,0,1558000,2024-09-13,2024-09-15,Personal,Business Owner,Bengaluru,0,0,
102714,50493,24,718000.0,669.0,3.0,1500000.0,36,1,3,0,813000,2023-07-23,2023-07-24,Personal,Self-Employed,Coimbatore,0,0,
102715,50239,42,717000.0,762.0,22.0,498000.0,60,0,2,0,195000,2024-06-10,2024-06-17,Home,Contract,Delhi,1,408000,10.54
102716,50666,21,495000.0,727.0,0.0,149000.0,48,2,3,0,919000,2024-03-28,2024-03-30,Home,Salaried,Delhi,1,127000,12.48
102717,50926,44,735000.0,732.0,23.0,623000.0,24,1,3,0,1008000,2025-08-03,2025-08-12,Personal,Salaried,Kochi,0,0,
102718,50861,47,533000.0,700.0,22.0,598000.0,72,3,5,0,495000,2023-07-14,2023-07-22,Education,Business Owner,Kochi,0,0,
102719,50926,32,771000.0,724.0,7.0,610000.0,60,0,1,1,138000,2023-09-18,2023-09-28,Education,Salaried,Pune,0,0,
102720,50077,39,255000.0,638.0,24.0,,12,0,3,0,2105000,2025-05-15,2025-05-16,Business,Self-Employed,Kochi,0,0,
102721,50233,58,494000.0,670.0,35.0,1133000.0,84,1,2,0,456000,2025-10-29,2025-11-01,Education,Business Owner,Hyderabad,1,784000,11.07
102722,51470,33,1302000.0,702.0,7.0,1207000.0,84,1,2,0,814000,2025-07-11,2025-07-17,Auto,Business Owner,Kochi,0,0,
102723,50171,27,425000.0,708.0,4.0,894000.0,72,2,2,0,878000,2023-12-06,2023-12-09,Personal,Self-Employed,Chennai,0,0,
102724,50534,53,457000.0,711.0,26.0,260000.0,72,5,5,0,1522000,2023-02-16,2023-02-25,Home,Self-Employed,Bengaluru,0,0,
102725,50747,58,490000.0,681.0,40.0,580000.0,60,3,5,2,2079000,2025-04-09,2025-04-19,Personal,Contract,Kochi,0,0,
102726,51001,38,347000.0,665.0,13.0,2486000.0,60,2,2,0,174000,2025-03-23,2025-04-02,Auto,Self-Employed,Mumbai,0,0,
102727,50273,48,222000.0,850.0,28.0,860000.0,84,1,5,0,1114000,2024-05-03,2024-05-05,Education,Contract,Bengaluru,1,254000,9.49
102728,51049,51,541000.0,749.0,34.0,857000.0,36,1,4,0,214000,2025-03-01,2025-03-07,Personal,Business Owner,Coimbatore,0,0,
102729,50757,31,638000.0,717.0,7.0,853000.0,84,2,4,0,418000,2023-04-03,2023-04-05,Auto,Salaried,Bengaluru,0,0,
102730,50838,33,586000.0,675.0,13.0,,24,1,4,0,761000,2024-08-01,2024-08-04,Education,Salaried,Mumbai,1,609000,13.23
102731,51270,50,562000.0,661.0,24.0,189000.0,48,2,3,0,538000,2023-05-18,2023-05-28,Business,Contract,Chennai,0,0,
102732,50549,55,612000.0,681.0,40.0,614000.0,72,2,4,0,1021000,2023-11-08,2023-11-17,Business,Salaried,Pune,0,0,
102733,50474,44,951000.0,709.0,26.0,686000.0,60,2,6,1,1485000,2023-10-17,2023-10-26,Business,Salaried,Mumbai,0,0,
102734,51337,29,551000.0,568.0,6.0,1416000.0,72,1,4,0,1069000,2023-03-06,2023-03-08,Auto,Business Owner,Pune,1,813000,13.88
102735,51493,58,463000.0,588.0,33.0,719000.0,36,1,2,0,546000,2024-12-03,2024-12-11,Auto,Contract,Pune,1,628000,13.18
102736,51379,33,529000.0,649.0,11.0,283000.0,60,0,3,0,886000,2025-08-18,2025-08-21,Home,Self-Employed,Mumbai,0,0,
102737,51483,35,779000.0,703.0,12.0,887000.0,24,1,2,1,310000,2024-06-22,2024-06-24,Home,Salaried,Mumbai,1,843000,13.86
102738,50516,41,1133000.0,674.0,27.0,450000.0,48,1,4,1,696000,2023-04-27,2023-05-07,Business,Business Owner,Hyderabad,1,371000,11.96
102739,50058,54,452000.0,786.0,27.0,358000.0,36,1,2,0,491000,2025-06-10,2025-06-18,Personal,Business Owner,Kochi,1,347000,12.2
102740,50172,47,627000.0,594.0,26.0,442000.0,60,5,7,0,1731000,2024-07-20,2024-07-23,Education,Salaried,Pune,0,0,
102741,51354,42,699000.0,641.0,20.0,943000.0,24,1,3,1,437000,2024-04-30,2024-05-08,Home,Self-Employed,Chennai,0,0,
102742,50273,43,384000.0,789.0,21.0,1399000.0,12,0,1,1,429000,2025-11-15,2025-11-21,Education,Self-Employed,Kochi,0,0,
102743,51254,38,606000.0,699.0,16.0,913000.0,12,2,5,0,1796000,2025-02-22,2025-02-23,Personal,Contract,Kochi,0,0,
102744,50146,44,310000.0,748.0,22.0,991000.0,24,1,2,0,325000,2025-10-08,2025-10-10,Business,Contract,Kochi,0,0,
102745,51461,21,271000.0,823.0,2.0,908000.0,84,0,0,0,0,2025-05-26,2025-05-28,Education,Contract,Hyderabad,1,532000,10.19
102746,51299,35,708000.0,645.0,15.0,740000.0,72,2,3,0,2048000,2024-09-11,2024-09-18,Business,Business Owner,Pune,1,671000,14.21
102747,50854,40,505000.0,684.0,20.0,1027000.0,48,1,3,1,813000,2024-02-18,2024-02-24,Education,Self-Employed,Bengaluru,0,0,
102748,50829,26,657000.0,672.0,0.0,185000.0,84,3,4,0,1219000,2024-03-04,2024-03-06,Personal,Contract,Chennai,0,0,
102749,51359,42,595000.0,563.0,21.0,744000.0,60,0,0,0,0,2023-08-31,2023-09-01,Home,Business Owner,Chennai,0,0,
102750,50300,36,387000.0,670.0,7.0,394000.0,84,0,1,0,214000,2023-09-09,2023-09-14,Auto,Self-Employed,Kochi,0,0,
102751,50147,56,588000.0,747.0,37.0,1327000.0,84,1,2,0,1065000,2023-04-22,2023-04-24,Business,Salaried,Pune,0,0,
102752,50921,54,344000.0,725.0,38.0,646000.0,60,0,1,0,265000,2025-02-20,2025-03-02,Home,Contract,Bengaluru,1,580000,10.09
102753,50549,33,1122000.0,730.0,7.0,712000.0,24,1,3,0,724000,2025-08-27,2025-09-06,Education,Contract,Bengaluru,0,0,
102754,51021,36,326000.0,666.0,13.0,306000.0,60,4,4,0,1004000,2023-12-26,2024-01-01,Home,Self-Employed,Mumbai,0,0,
102755,51082,37,549000.0,647.0,13.0,1225000.0,84,0,1,1,893000,2025-02-05,2025-02-07,Auto,Salaried,Pune,0,0,
102756,51292,33,375000.0,773.0,16.0,988000.0,48,2,3,0,765000,2025-07-07,2025-07-16,Business,Salaried,Pune,1,380000,11.75
102757,50032,40,776000.0,658.0,18.0,951000.0,24,1,3,0,495000,2023-06-17,2023-06-22,Business,Business Owner,Chennai,0,0,
102758,50410,30,517000.0,709.0,15.0,448000.0,72,0,0,0,0,2025-01-27,2025-02-03,Home,Contract,Delhi,0,0,
102759,50431,27,475000.0,701.0,7.0,457000.0,12,3,4,0,1478000,2023-08-01,2023-08-05,Personal,Salaried,Coimbatore,1,354000,15.69
102760,50222,44,881000.0,785.0,23.0,792000.0,12,1,3,0,367000,2025-02-26,2025-02-28,Education,Business Owner,Kochi,1,683000,11.6
102761,50051,44,608000.0,753.0,22.0,478000.0,36,1,1,0,313000,2025-03-02,2025-03-05,Home,Contract,Pune,1,429000,12.02
102762,50809,30,757000.0,606.0,11.0,889000.0,72,0,1,0,174000,2023-02-15,2023-02-20,Personal,Contract,Mumbai,0,0,
102763,50998,47,386000.0,613.0,18.0,213000.0,72,1,1,1,99000,2025-11-07,2025-11-08,Business,Contract,Chennai,1,165000,13.52
102764,51486,32,319000.0,728.0,10.0,535000.0,12,4,6,0,919000,2025-05-28,2025-06-01,Education,Contract,Kochi,0,0,
102765,50705,41,630000.0,686.0,19.0,1881000.0,60,3,3,0,760000,2025-01-27,2025-01-31,Business,Salaried,Bengaluru,0,0,
102766,50573,46,520000.0,660.0,27.0,891000.0,48,1,2,0,1004000,2024-11-18,2024-11-20,Auto,Salaried,Bengaluru,0,0,
102767,50895,38,795000.0,756.0,15.0,767000.0,84,2,4,0,1579000,2024-02-02,2024-02-11,Personal,Salaried,Kochi,0,0,
102768,50459,43,579000.0,702.0,17.0,2086000.0,48,3,5,0,1079000,2024-10-22,2024-10-28,Auto,Self-Employed,Coimbatore,1,788000,10.31
102769,50803,33,658000.0,693.0,11.0,194000.0,36,0,1,0,406000,2023-04-08,2023-04-17,Auto,Self-Employed,Chennai,0,0,
102770,50597,36,289000.0,741.0,10.0,447000.0,72,1,3,0,627000,2025-10-25,2025-10-31,Auto,Contract,Hyderabad,0,0,
102771,51302,36,1404000.0,666.0,6.0,561000.0,60,0,3,2,360000,2023-06-08,2023-06-10,Personal,Salaried,Mumbai,1,459000,14.15
102772,51477,31,557000.0,792.0,12.0,1122000.0,84,1,2,0,505000,2023-03-28,2023-03-29,Education,Business Owner,Chennai,0,0,
102773,51064,36,821000.0,639.0,16.0,1133000.0,72,2,2,0,235000,2024-03-18,2024-03-22,Business,Salaried,Hyderabad,1,1088000,14.49
102774,50978,23,412000.0,733.0,3.0,435000.0,84,1,3,0,1114000,2023-06-21,2023-06-22,Education,Business Owner,Bengaluru,0,0,
102775,51189,33,689000.0,783.0,16.0,1212000.0,24,1,4,0,1496000,2024-11-12,2024-11-20,Education,Contract,Bengaluru,1,1043000,12.56
102776,50940,35,334000.0,600.0,10.0,561000.0,36,1,3,0,483000,2023-08-23,2023-08-24,Education,Contract,Hyderabad,0,0,
102777,50247,35,735000.0,668.0,7.0,1363000.0,60,2,5,0,1344000,2023-05-01,2023-05-06,Business,Contract,Hyderabad,0,0,
102778,50338,36,511000.0,764.0,14.0,397000.0,24,0,1,0,268000,2024-05-11,2024-05-20,Business,Salaried,Coimbatore,0,0,
102779,50524,37,608000.0,765.0,14.0,654000.0,12,0,3,0,1160000,2024-09-03,2024-09-04,Personal,Salaried,Kochi,1,632000,11.09
102780,51429,43,821000.0,679.0,18.0,535000.0,12,1,1,0,134000,2024-02-26,2024-03-01,Home,Business Owner,Chennai,0,0,
102781,50040,47,345000.0,642.0,25.0,1251000.0,24,0,0,0,0,2023-05-15,2023-05-23,Business,Business Owner,Bengaluru,0,0,
102782,51054,32,441000.0,752.0,8.0,525000.0,84,2,3,0,388000,2023-11-11,2023-11-19,Business,Self-Employed,Mumbai,0,0,
102783,50832,26,737000.0,767.0,0.0,684000.0,36,3,5,0,1844000,2023-03-10,2023-03-11,Home,Contract,Bengaluru,0,0,
102784,50297,28,1542000.0,614.0,4.0,925000.0,24,3,4,0,1701000,2023-07-17,2023-07-25,Business,Business Owner,Chennai,0,0,
102785,50847,33,564000.0,612.0,6.0,945000.0,72,2,4,1,715000,2025-03-27,2025-03-30,Education,Salaried,Kochi,1,772000,11.86
102786,50303,34,783000.0,705.0,13.0,1140000.0,60,1,1,0,460000,2023-01-11,2023-01-18,Business,Business Owner,Hyderabad,0,0,
102787,50732,30,572000.0,731.0,5.0,786000.0,72,0,3,0,341000,2025-05-18,2025-05-28,Personal,Self-Employed,Coimbatore,1,627000,11.94
102788,51284,25,1438000.0,671.0,7.0,556000.0,72,2,3,0,1300000,2025-01-04,2025-01-05,Business,Salaried,Delhi,1,436000,12.89
102789,50606,33,273000.0,734.0,17.0,578000.0,24,2,6,0,3079000,2025-11-16,2025-11-21,Home,Salaried,Kochi,1,367000,12.59
102790,50432,40,626000.0,644.0,21.0,710000.0,60,1,2,1,594000,2023-01-16,2023-01-20,Education,Salaried,Bengaluru,0,0,
102791,51337,44,289000.0,553.0,16.0,803000.0,60,1,1,0,227000,2025-08-05,2025-08-09,Home,Business Owner,Kochi,0,0,
102792,50889,32,194000.0,662.0,16.0,646000.0,12,1,2,1,585000,2023-01-07,2023-01-12,Business,Contract,Coimbatore,1,189000,13.06
102793,50242,34,686000.0,694.0,18.0,707000.0,60,0,3,1,555000,2023-03-02,2023-03-05,Business,Contract,Kochi,0,0,
102794,50731,29,639000.0,672.0,7.0,304000.0,48,1,1,1,929000,2025-07-13,2025-07-20,Personal,Contract,Hyderabad,0,0,
102795,50864,38,528000.0,615.0,21.0,1010000.0,72,0,0,0,0,2024-04-29,2024-05-01,Education,Contract,Pune,0,0,
102796,50492,30,572000.0,572.0,6.0,773000.0,12,0,2,0,966000,2024-09-23,2024-09-24,Business,Contract,Chennai,0,0,
102797,50311,44,2419000.0,657.0,15.0,1215000.0,72,2,4,0,690000,2025-07-24,2025-07-30,Personal,Salaried,Bengaluru,0,0,
102798,50932,21,534000.0,748.0,0.0,700000.0,12,1,3,0,1666000,2025-11-20,2025-11-21,Personal,Salaried,Chennai,0,0,
102799,50659,34,755000.0,772.0,19.0,269000.0,24,3,6,0,4103000,2024-07-13,2024-07-20,Home,Business Owner,Mumbai,0,0,
102800,50146,41,448000.0,767.0,13.0,575000.0,84,2,3,1,910000,2023-04-01,2023-04-09,Education,Salaried,Chennai,1,458000,12.13
102801,50730,40,685000.0,637.0,18.0,627000.0,60,0,1,0,289000,2024-03-21,2024-03-23,Auto,Business Owner,Delhi,1,524000,12.7
102802,50990,65,539000.0,615.0,40.0,1053000.0,72,2,2,0,310000,2025-08-07,2025-08-11,Personal,Business Owner,Pune,0,0,
102803,50924,41,499000.0,722.0,17.0,224000.0,24,1,4,1,584000,2023-11-26,2023-12-03,Auto,Self-Employed,Hyderabad,0,0,
102804,50151,28,1360000.0,731.0,4.0,716000.0,60,0,3,1,870000,2025-11-10,2025-11-16,Home,Salaried,Hyderabad,1,590000,12.27
102805,50463,37,1019000.0,716.0,15.0,929000.0,12,1,1,0,518000,2025-08-12,2025-08-14,Personal,Business Owner,Mumbai,0,0,
102806,50011,21,638000.0,559.0,0.0,487000.0,48,1,4,0,760000,2024-04-23,2024-04-27,Education,Contract,Delhi,0,0,
102807,50427,37,213000.0,634.0,9.0,729000.0,72,2,4,0,3016000,2024-06-01,2024-06-04,Auto,Contract,Chennai,0,0,
102808,50853,30,510000.0,688.0,9.0,496000.0,84,1,2,0,369000,2024-06-19,2024-06-28,Education,Self-Employed,Pune,1,446000,15.22
102809,50896,47,2025000.0,722.0,29.0,469000.0,12,0,0,0,0,2023-08-13,2023-08-19,Auto,Business Owner,Hyderabad,1,378000,13.62
102810,50301,33,541000.0,740.0,14.0,559000.0,36,1,4,0,1123000,2024-07-25,2024-07-27,Home,Salaried,Hyderabad,0,0,
102811,50039,37,986000.0,699.0,12.0,474000.0,24,1,2,0,475000,2024-01-03,2024-01-05,Personal,Contract,Hyderabad,1,397000,13.13
102812,50991,32,1148000.0,712.0,5.0,1020000.0,48,0,2,1,180000,2025-10-19,2025-10-22,Personal,Contract,Hyderabad,1,889000,12.99
102813,50591,55,662000.0,696.0,32.0,467000.0,24,0,2,0,367000,2025-11-25,2025-11-30,Home,Self-Employed,Coimbatore,1,362000,12.99
102814,51489,35,411000.0,735.0,19.0,426000.0,84,0,1,0,276000,2024-04-10,2024-04-16,Business,Contract,Delhi,1,351000,10.5
102815,50985,56,201000.0,710.0,37.0,1851000.0,60,2,2,0,477000,2024-07-25,2024-07-30,Auto,Business Owner,Bengaluru,1,490000,12.5
102816,51176,46,816000.0,694.0,27.0,1187000.0,24,1,3,0,1031000,2024-03-13,2024-03-14,Auto,Self-Employed,Coimbatore,0,0,
102817,51019,43,416000.0,673.0,25.0,251000.0,12,0,1,0,365000,2025-01-26,2025-01-27,Business,Contract,Hyderabad,0,0,
102818,50941,42,649000.0,695.0,22.0,460000.0,12,2,2,2,443000,2024-08-13,2024-08-20,Home,Salaried,Delhi,0,0,
102819,51316,42,342000.0,721.0,20.0,800000.0,84,0,2,0,309000,2025-05-30,2025-06-09,Education,Business Owner,Pune,1,749000,11.51
102820,50876,21,532000.0,707.0,2.0,836000.0,24,1,4,0,2169000,2023-07-10,2023-07-17,Education,Contract,Chennai,1,723000,11.31
102821,50516,35,609000.0,715.0,11.0,308000.0,60,1,3,1,381000,2023-04-07,2023-04-17,Home,Salaried,Coimbatore,0,0,
102822,50705,46,677000.0,777.0,18.0,1324000.0,60,1,2,1,371000,2024-05-18,2024-05-24,Education,Business Owner,Kochi,1,664000,12.13
102823,50614,38,363000.0,707.0,19.0,1102000.0,48,1,1,0,163000,2025-06-06,2025-06-15,Home,Contract,Kochi,0,0,
102824,50696,24,1028000.0,648.0,7.0,912000.0,12,1,2,0,726000,2023-05-30,2023-06-01,Auto,Self-Employed,Kochi,1,804000,11.58
102825,50907,37,459000.0,747.0,11.0,1476000.0,24,2,4,0,1932000,2023-02-12,2023-02-13,Auto,Salaried,Mumbai,0,0,
102826,50597,55,282000.0,601.0,36.0,898000.0,48,2,3,1,688000,2025-07-01,2025-07-07,Business,Contract,Bengaluru,0,0,
102827,50562,50,571000.0,620.0,35.0,896000.0,36,3,6,0,1683000,2023-11-15,2023-11-21,Home,Self-Employed,Kochi,0,0,
102828,50348,37,609000.0,712.0,15.0,1649000.0,48,0,0,0,0,2023-08-06,2023-08-15,Education,Business Owner,Chennai,1,1265000,11.66
102829,50564,48,645000.0,724.0,23.0,1283000.0,84,0,1,1,616000,2024-05-02,2024-05-12,Home,Business Owner,Coimbatore,0,0,
102830,50262,34,1108000.0,609.0,12.0,441000.0,72,0,1,0,103000,2023-05-26,2023-05-27,Personal,Salaried,Bengaluru,0,0,
102831,51326,21,539000.0,665.0,0.0,992000.0,84,1,4,0,1451000,2023-11-24,2023-11-25,Business,Salaried,Delhi,0,0,
102832,50710,29,569000.0,651.0,5.0,486000.0,36,0,0,0,0,2023-09-16,2023-09-26,Personal,Business Owner,Pune,1,449000,13.9
102833,51469,54,365000.0,658.0,34.0,924000.0,84,1,2,1,415000,2024-07-19,2024-07-25,Business,Self-Employed,Delhi,0,0,
102834,50289,35,868000.0,751.0,7.0,,84,2,4,2,1177000,2023-04-29,2023-05-04,Business,Business Owner,Coimbatore,0,0,
102835,50849,36,652000.0,736.0,8.0,327000.0,36,0,2,0,724000,2023-10-17,2023-10-23,Business,Contract,Mumbai,0,0,
102836,51405,35,497000.0,689.0,13.0,655000.0,48,0,2,0,669000,2023-08-13,2023-08-19,Personal,Contract,Hyderabad,1,621000,12.01
102837,50396,57,255000.0,655.0,35.0,810000.0,12,1,3,0,2207000,2025-06-12,2025-06-16,Business,Self-Employed,Mumbai,0,0,
102838,50287,54,1149000.0,602.0,33.0,551000.0,48,1,1,0,266000,2025-01-22,2025-02-01,Home,Contract,Hyderabad,0,0,
102839,50995,60,345000.0,782.0,40.0,832000.0,48,2,4,0,1014000,2023-09-02,2023-09-10,Home,Contract,Bengaluru,1,588000,10.88
102840,50546,36,460000.0,728.0,14.0,1090000.0,72,4,5,0,1142000,2023-06-25,2023-06-30,Personal,Salaried,Coimbatore,0,0,
102841,50032,41,705000.0,644.0,21.0,688000.0,12,2,7,0,2307000,2024-06-05,2024-06-11,Auto,Contract,Coimbatore,0,0,
102842,50552,23,350000.0,737.0,0.0,792000.0,12,0,1,0,246000,2023-04-29,2023-05-01,Auto,Self-Employed,Mumbai,1,548000,12.39
102843,51403,53,306000.0,685.0,34.0,1498000.0,72,0,1,1,252000,2023-09-16,2023-09-17,Personal,Business Owner,Chennai,0,0,
102844,51055,26,231000.0,671.0,2.0,908000.0,12,1,3,1,757000,2024-07-24,2024-08-01,Business,Self-Employed,Bengaluru,0,0,
102845,51420,40,830000.0,718.0,18.0,782000.0,84,0,2,0,467000,2025-07-31,2025-08-06,Business,Salaried,Pune,1,639000,11.25
102846,51006,27,469000.0,642.0,5.0,413000.0,12,1,4,0,738000,2023-06-07,2023-06-16,Business,Self-Employed,Hyderabad,1,388000,13.69
102847,50298,32,2240000.0,668.0,14.0,1012000.0,72,3,5,0,1541000,2023-09-18,2023-09-23,Personal,Business Owner,Delhi,1,873000,13.95
102848,51294,30,384000.0,698.0,3.0,839000.0,12,0,1,0,217000,2024-01-25,2024-02-02,Business,Business Owner,Bengaluru,0,0,
102849,50843,32,396000.0,658.0,1.0,1418000.0,84,0,2,0,680000,2024-10-06,2024-10-13,Home,Self-Employed,Delhi,0,0,
102850,50700,33,465000.0,733.0,10.0,718000.0,72,1,2,0,528000,2023-05-12,2023-05-22,Business,Business Owner,Pune,0,0,
102851,51249,33,669000.0,811.0,13.0,258000.0,12,0,2,0,412000,2024-02-12,2024-02-13,Personal,Salaried,Mumbai,1,230000,10.73
102852,50415,46,486000.0,641.0,25.0,275000.0,48,2,2,0,1093000,2023-10-09,2023-10-16,Business,Self-Employed,Pune,0,0,
102853,51463,27,790000.0,582.0,10.0,1049000.0,84,4,6,0,1425000,2024-07-20,2024-07-24,Home,Contract,Kochi,0,0,
102854,51059,40,386000.0,560.0,20.0,512000.0,72,3,5,0,1707000,2025-02-06,2025-02-12,Personal,Self-Employed,Coimbatore,0,0,
102855,50027,50,322000.0,680.0,26.0,890000.0,24,1,1,0,176000,2023-02-15,2023-02-24,Auto,Contract,Hyderabad,1,495000,12.42
102856,50645,33,267000.0,647.0,2.0,745000.0,84,0,1,0,91000,2024-11-16,2024-11-25,Personal,Contract,Hyderabad,0,0,
102857,51099,31,221000.0,704.0,8.0,639000.0,24,4,8,2,1506000,2023-01-21,2023-01-30,Education,Self-Employed,Kochi,0,0,
102858,50947,36,475000.0,699.0,18.0,664000.0,24,0,2,0,172000,2025-09-23,2025-09-28,Auto,Business Owner,Pune,1,407000,11.96
102859,50743,50,524000.0,586.0,26.0,435000.0,48,2,3,0,666000,2023-09-25,2023-09-29,Auto,Contract,Hyderabad,0,0,
102860,50604,40,452000.0,572.0,18.0,694000.0,12,1,3,0,1563000,2023-04-11,2023-04-17,Personal,Contract,Hyderabad,0,0,
102861,51424,33,1050000.0,709.0,13.0,508000.0,36,2,3,1,477000,2024-10-22,2024-11-01,Education,Self-Employed,Bengaluru,0,0,
102862,51396,43,1043000.0,699.0,17.0,570000.0,12,1,4,0,349000,2024-10-14,2024-10-19,Auto,Contract,Bengaluru,1,498000,12.04
102863,50936,27,516000.0,662.0,7.0,586000.0,60,1,5,0,2647000,2023-02-02,2023-02-12,Business,Self-Employed,Pune,0,0,
102864,50346,45,268000.0,582.0,30.0,618000.0,12,2,6,1,1183000,2023-08-24,2023-08-29,Education,Contract,Delhi,0,0,
102865,51368,42,465000.0,721.0,,1162000.0,84,1,2,0,496000,2023-07-17,2023-07-25,Education,Contract,Delhi,0,0,
102866,50196,35,458000.0,773.0,8.0,652000.0,72,3,5,0,1854000,2024-05-21,2024-05-31,Personal,Self-Employed,Mumbai,0,0,
102867,51484,30,446000.0,708.0,8.0,1229000.0,84,0,6,0,1948000,2025-01-16,2025-01-21,Personal,Self-Employed,Pune,0,0,
102868,50210,29,438000.0,635.0,0.0,1631000.0,72,2,7,0,2547000,2023-11-28,2023-11-29,Personal,Salaried,Pune,1,640000,12.42
102869,50974,43,447000.0,693.0,22.0,1120000.0,84,0,3,0,1176000,2024-04-30,2024-05-05,Education,Business Owner,Delhi,1,943000,12.23
102870,50528,50,504000.0,601.0,30.0,939000.0,24,2,5,0,522000,2023-04-30,2023-05-05,Home,Salaried,Coimbatore,0,0,
102871,50629,32,451000.0,759.0,17.0,838000.0,12,0,1,0,123000,2023-06-07,2023-06-12,Personal,Self-Employed,Pune,1,632000,10.9
102872,51322,43,659000.0,695.0,20.0,1127000.0,12,2,3,0,1347000,2025-11-26,2025-11-29,Home,Contract,Pune,0,0,
102873,50404,21,706000.0,575.0,1.0,735000.0,72,1,1,0,169000,2025-04-29,2025-05-08,Auto,Business Owner,Coimbatore,0,0,
102874,50190,32,398000.0,670.0,7.0,1203000.0,60,2,2,0,357000,2023-05-24,2023-05-29,Business,Self-Employed,Bengaluru,0,0,
102875,51396,38,1063000.0,720.0,15.0,981000.0,84,4,8,0,1064000,2024-10-02,2024-10-04,Business,Salaried,Mumbai,1,934000,12.08
102876,50107,29,386000.0,668.0,1.0,574000.0,36,1,2,0,408000,2024-11-23,2024-11-28,Home,Contract,Delhi,0,0,
102877,50668,29,290000.0,672.0,6.0,1146000.0,36,0,1,0,210000,2025-11-17,2025-11-26,Education,Contract,Chennai,0,0,
102878,50444,31,712000.0,610.0,8.0,736000.0,24,0,1,0,156000,2025-08-06,2025-08-14,Business,Self-Employed,Pune,0,0,
102879,51321,41,415000.0,727.0,20.0,660000.0,72,1,1,0,148000,2025-01-23,2025-01-29,Home,Contract,Kochi,0,0,
102880,51409,36,693000.0,648.0,12.0,539000.0,36,1,1,0,293000,2025-05-24,2025-06-02,Personal,Salaried,Pune,0,0,
102881,50528,21,203000.0,550.0,0.0,767000.0,24,1,3,0,501000,2023-02-20,2023-02-27,Home,Contract,Pune,0,0,
102882,51412,21,1123000.0,666.0,0.0,1211000.0,48,1,2,0,369000,2023-04-19,2023-04-21,Auto,Salaried,Hyderabad,0,0,
102883,51334,32,812000.0,754.0,9.0,1141000.0,84,0,4,1,335000,2023-05-14,2023-05-15,Home,Contract,Pune,0,0,
102884,51053,43,305000.0,665.0,21.0,850000.0,60,0,0,0,0,2023-03-21,2023-03-24,Personal,Business Owner,Coimbatore,0,0,
102885,50712,21,308000.0,803.0,0.0,973000.0,12,1,1,0,400000,2025-10-03,2025-10-07,Home,Self-Employed,Hyderabad,0,0,
102886,51218,33,1273000.0,718.0,14.0,1409000.0,60,1,3,0,586000,2023-12-04,2023-12-13,Personal,Self-Employed,Coimbatore,1,1040000,12.24
102887,50664,33,431000.0,712.0,11.0,645000.0,36,1,1,1,159000,2024-03-07,2024-03-12,Personal,Contract,Pune,0,0,
102888,50809,52,412000.0,682.0,29.0,379000.0,72,1,2,0,503000,2025-06-06,2025-06-08,Auto,Self-Employed,Chennai,0,0,
102889,50063,34,216000.0,686.0,11.0,1432000.0,84,2,5,0,1240000,2023-04-12,2023-04-22,Auto,Business Owner,Delhi,0,0,
102890,50494,42,512000.0,673.0,17.0,523000.0,84,3,4,0,528000,2023-11-27,2023-12-02,Business,Salaried,Pune,0,0,
102891,50270,39,542000.0,670.0,16.0,479000.0,84,1,3,0,210000,2024-01-11,2024-01-13,Personal,Business Owner,Coimbatore,0,0,
102892,51196,21,828000.0,725.0,7.0,261000.0,12,0,1,0,192000,2023-08-19,2023-08-28,Personal,Business Owner,Pune,0,0,
102893,51153,46,320000.0,629.0,20.0,958000.0,60,2,3,0,343000,2025-02-02,2025-02-08,Personal,Salaried,Chennai,0,0,
102894,50886,40,303000.0,620.0,17.0,287000.0,60,2,3,0,817000,2024-02-28,2024-03-04,Business,Self-Employed,Coimbatore,0,0,
102895,50353,43,735000.0,617.0,19.0,463000.0,84,1,2,0,547000,2025-11-14,2025-11-16,Education,Salaried,Bengaluru,0,0,
102896,50640,70,944000.0,823.0,40.0,967000.0,72,2,2,0,307000,2024-07-22,2024-07-29,Auto,Salaried,Hyderabad,1,918000,10.78
102897,50651,21,296000.0,724.0,0.0,1041000.0,72,3,6,0,1148000,2024-02-20,2024-02-27,Auto,Salaried,Mumbai,0,0,
102898,50148,55,976000.0,710.0,34.0,489000.0,24,2,4,0,2415000,2023-10-29,2023-10-31,Personal,Self-Employed,Kochi,0,0,
102899,50761,35,610000.0,621.0,6.0,650000.0,72,2,2,0,737000,2023-04-29,2023-05-09,Business,Salaried,Mumbai,0,0,
102900,51103,41,981000.0,731.0,23.0,433000.0,72,1,2,2,399000,2023-11-27,2023-12-03,Personal,Business Owner,Coimbatore,0,0,
102901,51244,38,581000.0,682.0,19.0,518000.0,72,0,5,0,3932000,2024-10-23,2024-11-02,Auto,Salaried,Mumbai,0,0,
102902,50405,34,193000.0,704.0,7.0,810000.0,84,0,1,0,137000,2023-12-25,2024-01-04,Business,Salaried,Pune,0,0,
102903,51111,32,560000.0,627.0,1.0,531000.0,48,0,2,0,333000,2023-10-16,2023-10-19,Home,Contract,Hyderabad,0,0,
102904,50841,41,967000.0,700.0,15.0,612000.0,60,0,0,0,0,2024-07-06,2024-07-14,Auto,Contract,Kochi,0,0,
102905,50404,23,401000.0,662.0,0.0,313000.0,72,1,2,0,233000,2024-03-15,2024-03-20,Home,Business Owner,Bengaluru,0,0,
102906,50117,46,504000.0,640.0,34.0,1305000.0,12,2,4,0,2448000,2024-07-28,2024-08-05,Education,Self-Employed,Bengaluru,0,0,
102907,50502,34,554000.0,738.0,14.0,927000.0,48,1,2,0,548000,2024-12-17,2024-12-24,Home,Contract,Chennai,0,0,
102908,50748,27,180000.0,590.0,0.0,1083000.0,48,1,4,0,674000,2023-12-12,2023-12-20,Business,Business Owner,Mumbai,0,0,
102909,50174,33,1273000.0,727.0,8.0,1423000.0,84,2,4,0,1251000,2025-10-11,2025-10-12,Home,Contract,Pune,0,0,
102910,51130,51,400000.0,734.0,29.0,445000.0,72,2,2,1,538000,2025-10-09,2025-10-15,Education,Contract,Kochi,0,0,
102911,51121,33,753000.0,633.0,12.0,575000.0,12,3,4,1,859000,2025-04-12,2025-04-15,Auto,Self-Employed,Hyderabad,0,0,
102912,50478,42,577000.0,637.0,15.0,247000.0,48,1,1,0,137000,2023-04-15,2023-04-20,Education,Self-Employed,Mumbai,0,0,
102913,50548,31,1057000.0,676.0,8.0,3938000.0,36,1,2,0,244000,2023-11-09,2023-11-11,Business,Contract,Hyderabad,0,0,
102914,50873,46,720000.0,708.0,21.0,645000.0,84,1,4,1,2984000,2023-03-27,2023-03-31,Home,Contract,Delhi,0,0,
102915,50561,45,540000.0,680.0,19.0,1239000.0,48,0,2,0,254000,2024-04-26,2024-05-02,Home,Self-Employed,Chennai,0,0,
102916,51446,56,401000.0,718.0,35.0,354000.0,24,2,4,0,2337000,2025-04-29,2025-04-30,Business,Self-Employed,Delhi,0,0,
102917,51435,36,859000.0,805.0,17.0,1211000.0,48,2,2,2,328000,2025-10-24,2025-10-26,Personal,Business Owner,Pune,1,1170000,12.91
102918,51349,45,258000.0,657.0,26.0,1944000.0,60,0,1,1,371000,2023-10-27,2023-10-29,Business,Contract,Delhi,1,500000,10.61
102919,50881,39,802000.0,579.0,19.0,677000.0,72,2,5,0,1578000,2024-06-11,2024-06-20,Business,Self-Employed,Mumbai,0,0,
102920,51493,51,366000.0,744.0,27.0,401000.0,48,2,4,0,1395000,2024-08-28,2024-09-02,Education,Contract,Delhi,0,0,
102921,51451,31,1054000.0,799.0,12.0,,24,0,1,0,360000,2025-07-15,2025-07-20,Education,Business Owner,Bengaluru,1,618000,11.62
102922,51379,45,645000.0,716.0,24.0,206000.0,24,2,4,0,447000,2025-11-30,2025-12-06,Business,Salaried,Chennai,0,0,
102923,50326,36,802000.0,619.0,15.0,686000.0,72,0,3,1,535000,2024-10-10,2024-10-20,Auto,Contract,Pune,1,653000,13.68
102924,50009,37,623000.0,682.0,13.0,1100000.0,84,1,1,1,126000,2024-07-08,2024-07-11,Home,Business Owner,Delhi,0,0,
102925,51005,39,273000.0,617.0,15.0,686000.0,84,1,1,0,275000,2025-12-25,2026-01-03,Business,Salaried,Mumbai,0,0,
102926,51115,41,407000.0,732.0,19.0,599000.0,48,1,2,0,258000,2023-09-02,2023-09-05,Personal,Contract,Bengaluru,0,0,
102927,50705,37,812000.0,602.0,25.0,936000.0,36,0,2,1,186000,2024-08-11,2024-08-15,Home,Business Owner,Bengaluru,1,802000,12.74
102928,50286,40,647000.0,670.0,19.0,976000.0,48,2,5,0,1110000,2024-12-31,2025-01-09,Auto,Salaried,Hyderabad,0,0,
102929,51167,54,1021000.0,625.0,30.0,281000.0,12,2,2,0,166000,2025-11-10,2025-11-20,Business,Business Owner,Bengaluru,1,262000,12.8
102930,50416,48,719000.0,698.0,23.0,735000.0,24,2,4,0,1138000,2023-05-27,2023-06-04,Auto,Business Owner,Coimbatore,1,671000,12.17
102931,50724,47,388000.0,666.0,23.0,2673000.0,48,1,4,0,533000,2023-11-09,2023-11-15,Home,Business Owner,Delhi,0,0,
102932,50956,33,419000.0,701.0,20.0,336000.0,36,0,4,0,657000,2023-11-12,2023-11-20,Personal,Business Owner,Mumbai,0,0,
102933,50951,29,628000.0,691.0,5.0,668000.0,84,0,4,0,320000,2024-02-07,2024-02-08,Home,Salaried,Mumbai,0,0,
102934,51085,48,212000.0,626.0,30.0,2037000.0,84,3,5,0,2852000,2023-05-06,2023-05-10,Home,Self-Employed,Hyderabad,0,0,
102935,50294,47,1274000.0,731.0,23.0,1285000.0,36,0,4,0,481000,2025-04-14,2025-04-24,Business,Business Owner,Kochi,0,0,
102936,50340,53,732000.0,687.0,32.0,528000.0,36,2,5,0,1042000,2024-05-10,2024-05-14,Home,Salaried,Bengaluru,1,465000,11.75
102937,50879,32,,626.0,13.0,784000.0,60,2,5,1,510000,2025-09-07,2025-09-09,Business,Business Owner,Hyderabad,0,0,
102938,50819,36,295000.0,836.0,12.0,699000.0,60,3,3,0,494000,2025-01-13,2025-01-15,Business,Contract,Coimbatore,0,0,
102939,50186,22,1050000.0,721.0,0.0,464000.0,60,1,5,0,3001000,2024-11-30,2024-12-10,Auto,Contract,Hyderabad,1,445000,9.83
102940,51116,34,1638000.0,,19.0,672000.0,72,1,7,1,2031000,2023-02-14,2023-02-23,Personal,Self-Employed,Mumbai,0,0,
102941,51255,48,331000.0,782.0,30.0,,12,0,1,1,174000,2025-04-15,2025-04-21,Business,Salaried,Kochi,1,321000,11.93
102942,51163,33,849000.0,,14.0,745000.0,12,1,2,0,492000,2025-08-21,2025-08-28,Education,Contract,Pune,1,678000,11.74
102943,50882,44,600000.0,681.0,25.0,464000.0,72,2,3,0,567000,2025-06-29,2025-07-03,Auto,Salaried,Pune,0,0,
102944,50776,36,299000.0,713.0,16.0,347000.0,48,0,3,0,716000,2025-05-09,2025-05-12,Business,Contract,Kochi,0,0,
102945,50802,41,749000.0,626.0,27.0,684000.0,60,1,1,0,363000,2024-12-28,2024-12-31,Business,Salaried,Hyderabad,0,0,
102946,50662,27,873000.0,680.0,5.0,1798000.0,60,0,2,1,424000,2023-04-08,2023-04-13,Auto,Business Owner,Kochi,0,0,
102947,50190,39,458000.0,677.0,19.0,732000.0,12,0,2,0,558000,2023-04-27,2023-05-03,Home,Business Owner,Mumbai,0,0,
102948,50353,21,1014000.0,702.0,0.0,583000.0,36,0,0,0,0,2025-09-21,2025-09-23,Business,Contract,Chennai,1,574000,13.39
102949,50039,36,283000.0,712.0,11.0,1060000.0,36,2,3,0,637000,2025-12-02,2025-12-09,Personal,Self-Employed,Coimbatore,1,482000,12.82
102950,51097,22,306000.0,726.0,0.0,642000.0,72,1,3,0,519000,2023-03-12,2023-03-19,Business,Contract,Kochi,0,0,
102951,50886,50,638000.0,705.0,33.0,1956000.0,72,3,3,0,577000,2025-01-27,2025-01-28,Auto,Contract,Delhi,1,1315000,13.63
102952,50022,46,607000.0,611.0,14.0,698000.0,72,1,3,0,1064000,2025-03-06,2025-03-13,Education,Self-Employed,Coimbatore,0,0,
102953,50713,43,435000.0,629.0,19.0,1029000.0,24,2,3,0,1109000,2025-04-18,2025-04-22,Auto,Business Owner,Mumbai,0,0,
102954,50031,53,864000.0,654.0,19.0,462000.0,72,3,4,0,566000,2024-12-26,2024-12-30,Auto,Business Owner,Pune,1,355000,11.94
102955,51314,29,762000.0,672.0,4.0,923000.0,48,0,1,0,219000,2023-04-17,2023-04-20,Personal,Contract,Chennai,1,855000,11.01
102956,50836,55,883000.0,758.0,31.0,814000.0,48,1,3,1,515000,2024-01-21,2024-01-30,Home,Salaried,Bengaluru,1,667000,12.44
102957,51102,47,568000.0,614.0,31.0,679000.0,84,0,1,0,373000,2024-03-31,2024-04-03,Personal,Contract,Hyderabad,1,592000,14.29
102958,51467,36,787000.0,667.0,16.0,531000.0,84,0,0,0,0,2025-02-13,2025-02-17,Personal,Business Owner,Kochi,1,400000,10.71
102959,51461,49,491000.0,752.0,24.0,493000.0,60,2,5,0,3757000,2023-10-21,2023-10-24,Business,Salaried,Kochi,0,0,
102960,51385,27,1512000.0,671.0,9.0,818000.0,12,4,6,0,1673000,2023-06-25,2023-07-03,Education,Self-Employed,Delhi,1,614000,12.7
102961,50726,30,416000.0,720.0,8.0,989000.0,48,1,2,0,903000,2024-08-16,2024-08-24,Auto,Business Owner,Delhi,0,0,
102962,50054,32,1547000.0,681.0,10.0,653000.0,36,1,3,0,452000,2023-11-25,2023-12-05,Personal,Self-Employed,Bengaluru,1,572000,14.57
102963,50371,33,609000.0,707.0,6.0,820000.0,84,0,1,1,251000,2025-10-22,2025-10-30,Personal,Business Owner,Delhi,0,0,
102964,50097,27,323000.0,675.0,1.0,686000.0,12,0,1,0,340000,2023-02-11,2023-02-16,Home,Business Owner,Chennai,0,0,
102965,50885,50,1110000.0,733.0,25.0,739000.0,60,1,3,0,447000,2023-03-22,2023-03-29,Home,Salaried,Coimbatore,1,563000,12.55
102966,50530,35,635000.0,590.0,13.0,627000.0,72,0,1,0,253000,2024-05-02,2024-05-05,Education,Business Owner,Bengaluru,0,0,
102967,51418,42,880000.0,666.0,20.0,707000.0,60,2,7,0,2961000,2025-07-04,2025-07-12,Auto,Contract,Chennai,1,552000,12.2
102968,51060,32,1041000.0,709.0,16.0,3087000.0,48,1,2,0,424000,2023-09-19,2023-09-29,Personal,Self-Employed,Coimbatore,0,0,
102969,50318,21,699000.0,725.0,1.0,831000.0,48,1,1,0,163000,2024-12-09,2024-12-11,Business,Business Owner,Pune,1,687000,12.23
102970,51394,41,460000.0,787.0,8.0,998000.0,84,0,1,0,616000,2025-09-19,2025-09-27,Home,Contract,Bengaluru,1,939000,11.08
102971,51075,21,931000.0,665.0,0.0,891000.0,72,2,6,0,835000,2025-03-18,2025-03-24,Personal,Self-Employed,Delhi,0,0,
102972,50287,37,600000.0,786.0,9.0,606000.0,24,1,3,0,811000,2024-07-01,2024-07-03,Business,Contract,Pune,0,0,
102973,50650,24,817000.0,647.0,0.0,1426000.0,72,1,2,0,351000,2024-09-06,2024-09-12,Personal,Business Owner,Coimbatore,0,0,
102974,50243,58,228000.0,776.0,33.0,596000.0,72,1,2,0,313000,2025-08-04,2025-08-14,Education,Contract,Mumbai,0,0,
102975,51315,47,734000.0,743.0,22.0,1251000.0,48,3,5,0,1811000,2025-03-25,2025-03-27,Education,Self-Employed,Delhi,1,1020000,11.28
102976,50413,39,450000.0,631.0,11.0,582000.0,48,0,0,0,0,2023-04-08,2023-04-11,Business,Self-Employed,Coimbatore,0,0,
102977,50222,51,1263000.0,710.0,30.0,413000.0,36,0,1,0,306000,2025-03-04,2025-03-09,Home,Self-Employed,Coimbatore,0,0,
102978,51055,30,794000.0,687.0,2.0,856000.0,36,0,2,0,162000,2023-05-07,2023-05-08,Education,Business Owner,Kochi,0,0,
102979,50872,43,668000.0,731.0,22.0,381000.0,12,1,3,0,965000,2025-03-05,2025-03-14,Home,Salaried,Delhi,0,0,
102980,51092,40,747000.0,675.0,27.0,940000.0,48,3,5,1,872000,2024-08-01,2024-08-11,Business,Contract,Chennai,1,739000,13.14
102981,50994,41,383000.0,670.0,14.0,363000.0,48,2,3,0,293000,2025-04-19,2025-04-22,Business,Self-Employed,Chennai,0,0,
102982,50785,51,1246000.0,779.0,28.0,587000.0,60,1,1,0,642000,2024-08-05,2024-08-06,Personal,Self-Employed,Hyderabad,1,527000,10.2
102983,50096,45,1470000.0,684.0,13.0,319000.0,84,4,5,0,1688000,2024-07-01,2024-07-07,Business,Salaried,Delhi,0,0,
102984,50225,41,716000.0,744.0,18.0,3309000.0,36,0,0,0,0,2023-03-08,2023-03-09,Personal,Self-Employed,Chennai,0,0,
102985,50735,21,1227000.0,675.0,2.0,282000.0,60,0,1,0,467000,2024-11-12,2024-11-15,Home,Self-Employed,Kochi,1,234000,13.06
102986,51370,28,464000.0,798.0,9.0,704000.0,48,1,1,0,283000,2024-08-01,2024-08-08,Personal,Business Owner,Mumbai,1,429000,12.96
102987,50223,37,419000.0,646.0,15.0,1313000.0,36,1,1,0,168000,2025-04-16,2025-04-20,Home,Salaried,Mumbai,0,0,
102988,50991,39,611000.0,650.0,21.0,1238000.0,84,2,5,0,1145000,2025-04-03,2025-04-12,Education,Self-Employed,Kochi,0,0,
102989,51308,27,730000.0,789.0,15.0,1118000.0,48,1,1,0,178000,2024-07-28,2024-08-04,Home,Business Owner,Pune,1,798000,10.76
102990,51278,62,,661.0,40.0,588000.0,24,1,1,0,195000,2023-01-30,2023-02-04,Auto,Business Owner,Coimbatore,0,0,
102991,50120,53,764000.0,794.0,29.0,1472000.0,84,0,2,0,267000,2025-02-01,2025-02-10,Personal,Business Owner,Chennai,0,0,
102992,50138,44,689000.0,748.0,16.0,1157000.0,72,2,5,1,770000,2025-04-10,2025-04-13,Education,Business Owner,Delhi,0,0,
102993,50328,39,383000.0,680.0,15.0,787000.0,84,1,1,0,391000,2024-12-31,2025-01-08,Home,Salaried,Delhi,1,540000,11.68
102994,50878,36,758000.0,572.0,10.0,799000.0,60,0,1,0,295000,2024-06-18,2024-06-26,Business,Salaried,Delhi,1,623000,13.8
102995,50740,28,885000.0,689.0,8.0,592000.0,36,3,5,0,972000,2024-01-04,2024-01-08,Personal,Business Owner,Hyderabad,0,0,
102996,50595,39,648000.0,697.0,12.0,424000.0,36,0,1,0,150000,2023-10-29,2023-10-30,Home,Salaried,Chennai,0,0,
102997,50540,41,1008000.0,766.0,19.0,1382000.0,48,0,0,0,0,2025-07-05,2025-07-09,Education,Contract,Kochi,0,0,
102998,51112,26,347000.0,793.0,7.0,1441000.0,48,1,2,1,215000,2023-11-03,2023-11-12,Business,Contract,Delhi,1,496000,11.89
102999,51397,41,741000.0,645.0,19.0,430000.0,12,1,4,0,1065000,2025-12-22,2026-01-01,Personal,Business Owner,Hyderabad,0,0,
103000,50634,36,354000.0,742.0,10.0,643000.0,12,0,1,1,401000,2025-04-16,2025-04-17,Education,Self-Employed,Coimbatore,0,0,
