Production_ID,Machine_ID,Production_Date,Machine_Age_Years,Operating_Hours,Idle_Hours,Maintenance_Count,Temperature,Pressure,Vibration,Production_Units,Defective_Units,Material_Cost,Labor_Hours,Energy_Consumption,Production_Shift,Product_Type,Operator_Experience,Downtime_Hours,Production_Quality
100001,M026,2024-11-23,7.5,8.4,2.2,4,96.4,51.1,3.81,382.0,26,37525.0,27.5,372.2,Morning,Component_D,5.6,2.2,Good
100002,M027,2024-05-15,5.6,12.6,3.4,5,59.1,54.2,4.87,505.0,21,47893.0,33.8,467.5,Morning,Component_C,1.6,1.8,Good
100003,M006,2024-03-09,7.9,14.3,2.6,3,71.9,64.8,3.14,571.0,24,56288.0,30.8,678.7,Night,Component_C,7.2,1.0,Good
100004,M022,2024-04-18,10.6,23.6,3.6,1,61.5,51.8,6.41,1346.0,71,105105.0,75.5,1172.3,Afternoon,Component_A,4.3,1.5,Good
100005,M020,2025-07-08,5.3,18.2,4.5,1,76.8,65.0,4.58,1001.0,36,77922.0,36.4,513.5,Afternoon,Component_C,7.3,0.2,Good
100006,M021,2025-02-24,5.3,10.7,7.1,4,47.2,51.3,7.03,469.0,20,33382.0,24.8,512.7,Afternoon,Component_B,14.1,4.9,Average
100007,M013,2025-08-20,10.7,17.9,4.2,5,59.6,56.2,7.04,709.0,39,69553.0,36.7,1022.0,Morning,Component_C,7.1,4.0,Good
100008,M027,2025-03-16,8.3,9.8,1.0,2,87.3,74.3,2.19,357.0,18,38835.0,31.8,430.2,Night,Component_B,7.8,2.5,Good
100009,M012,2024-10-07,4.6,20.3,7.9,4,72.1,56.1,7.32,792.0,37,84335.0,60.0,940.4,Night,Component_D,5.2,7.3,Good
100010,M008,2025-05-30,7.6,14.1,2.9,6,63.1,54.3,6.18,595.0,19,66732.0,34.1,478.0,Afternoon,Component_A,2.6,2.2,Good
100011,M030,2025-07-02,4.6,,4.9,3,71.5,56.3,4.22,872.0,24,101861.0,52.5,539.1,Morning,Component_B,9.1,4.7,Good
100012,M003,2024-05-15,4.6,21.3,6.1,3,71.2,52.0,6.01,890.0,27,86481.0,71.5,782.9,Morning,Component_B,4.2,4.5,Good
100013,M013,2025-04-22,6.7,10.9,5.5,3,78.7,46.0,3.59,590.0,27,55478.0,31.9,392.5,Night,Component_A,5.3,2.9,Good
100014,M022,2024-01-09,1.0,10.4,7.7,2,47.1,73.5,6.95,459.0,10,53767.0,34.2,288.1,Night,Component_B,11.4,3.8,Good
100015,M030,2025-08-13,1.0,13.7,6.2,4,59.6,51.3,4.68,562.0,16,47480.0,40.3,503.7,Morning,Component_B,5.0,1.9,Good
100016,M001,2024-08-30,4.3,20.2,2.8,2,60.5,41.3,6.1,957.0,26,73997.0,55.7,911.4,Morning,Component_C,9.6,2.3,Good
100017,M010,2024-12-29,3.0,9.9,10.4,1,79.6,53.6,3.36,489.0,9,43969.0,23.2,279.4,Morning,Component_D,7.2,4.6,Good
100018,M027,2025-03-27,6.9,4.7,5.5,2,71.9,58.2,5.01,245.0,6,21600.0,9.6,199.1,Night,Component_D,4.3,4.0,Good
100019,M022,2025-05-19,3.3,14.2,4.6,2,89.3,53.1,6.09,543.0,20,51979.0,23.0,563.1,Night,Component_B,7.0,2.1,Good
100020,M025,2025-11-14,1.8,18.2,7.4,4,81.9,54.6,5.05,892.0,23,73367.0,56.5,651.3,Night,Component_A,3.9,1.7,Good
100021,M029,2024-03-05,10.4,20.8,5.6,4,67.8,53.5,5.51,1055.0,32,106076.0,36.3,893.8,Afternoon,Component_C,8.7,3.6,Good
100022,M015,2024-01-14,5.3,14.1,6.0,3,71.4,58.8,3.13,693.0,27,59919.0,32.7,591.8,Morning,Component_C,9.7,4.9,Good
100023,M011,2024-05-05,6.2,14.4,11.2,4,87.5,62.4,5.05,689.0,28,78148.0,28.4,516.7,Afternoon,Component_B,6.1,4.2,Good
100024,M016,2025-06-21,1.7,20.6,4.3,4,89.2,53.3,3.14,826.0,13,63669.0,49.6,961.0,Morning,Component_C,10.0,1.7,Good
100025,M024,2025-02-19,4.4,8.5,4.2,1,70.9,78.3,4.47,423.0,10,39300.0,18.1,369.9,Morning,Component_A,6.5,2.5,Good
100026,M021,2024-09-09,6.3,14.4,5.3,5,60.2,64.4,3.61,706.0,18,63523.0,45.5,741.1,Afternoon,Component_A,8.7,3.3,Good
100027,M023,2025-01-20,2.5,16.8,7.7,4,46.8,55.0,4.13,646.0,13,63607.0,58.1,634.5,Night,Component_B,14.9,6.6,Good
100028,M021,2024-08-07,7.1,17.8,1.2,1,46.8,43.1,1.35,648.0,29,70568.0,60.2,644.8,Afternoon,Component_B,13.4,2.7,Good
100029,M003,2025-03-08,4.2,14.0,0.5,5,77.7,56.0,4.55,739.0,23,73156.0,38.4,517.1,Morning,Component_A,5.5,0.5,Good
100030,M009,2024-07-21,5.1,16.1,3.5,4,77.4,62.3,4.31,652.0,16,60682.0,55.7,773.8,Night,Component_A,6.9,1.7,Average
100031,M027,2025-06-18,4.2,6.0,0.9,1,63.9,62.4,1.77,272.0,7,28660.0,13.8,229.3,Afternoon,Component_D,2.8,1.4,Good
100032,M007,2025-08-28,11.6,13.4,3.9,2,87.6,38.3,5.11,582.0,29,62650.0,34.1,523.0,Night,Component_A,8.4,2.6,Good
100033,M024,2025-05-14,6.0,17.8,6.3,4,69.5,56.0,5.99,703.0,34,69624.0,35.8,967.6,Afternoon,Component_C,7.2,4.3,Good
100034,M016,2024-11-11,2.8,12.1,2.8,2,64.9,50.7,5.07,342.0,14,34478.0,39.9,335.3,Afternoon,Component_D,3.7,1.2,Good
100035,M023,2024-08-10,8.5,16.2,1.4,6,86.1,68.5,5.91,801.0,42,83864.0,30.1,678.8,Night,Component_D,9.6,2.5,Good
100036,M007,2025-10-21,2.3,17.8,5.2,4,84.5,56.1,3.55,831.0,24,58453.0,48.4,672.2,Night,Component_B,,3.3,Good
100037,M008,2025-04-21,6.6,14.6,7.2,6,71.4,34.4,4.12,449.0,17,40292.0,45.2,538.7,Night,Component_B,4.4,6.9,Good
100038,M024,2024-11-25,1.0,16.7,0.8,4,78.2,58.3,4.63,632.0,10,63607.0,44.9,509.2,Night,Component_A,7.2,0.7,Good
100039,M022,2024-02-28,2.0,12.1,7.1,4,79.7,37.5,4.76,397.0,14,35978.0,20.1,399.5,Afternoon,Component_A,4.6,1.0,Average
100040,M029,2024-06-07,6.6,15.2,7.0,2,98.1,59.1,0.5,551.0,26,49963.0,41.4,541.2,Night,Component_B,5.9,2.7,Good
100041,M020,2025-10-05,8.2,18.4,7.4,1,70.4,78.3,2.84,701.0,28,70537.0,55.8,788.6,Afternoon,Component_C,11.2,6.1,Good
100042,M005,2024-09-12,6.5,16.6,8.0,3,57.8,67.2,6.3,763.0,30,77036.0,31.1,757.0,Night,Component_B,4.2,4.3,Good
100043,M006,2025-01-14,5.7,13.7,10.5,2,79.5,57.3,3.09,712.0,22,72628.0,40.7,337.0,Afternoon,Component_B,8.0,8.5,Good
100044,M027,2025-06-13,5.1,16.9,4.1,4,72.7,49.1,4.06,673.0,16,55938.0,55.0,489.9,Afternoon,Component_D,4.2,2.0,Good
100045,M009,2025-12-03,1.6,18.9,5.3,5,73.3,66.5,4.41,911.0,15,67171.0,65.6,804.2,Afternoon,Component_B,3.1,4.5,Good
100046,M005,2024-12-29,3.8,7.8,4.0,0,71.6,60.7,2.09,361.0,13,38651.0,18.1,343.5,Night,Component_D,5.8,2.8,Good
100047,M009,2024-08-10,4.6,20.6,5.0,5,52.9,52.6,7.34,590.0,13,49480.0,31.9,550.8,Morning,Component_D,14.1,2.9,Good
100048,M030,2025-03-30,9.2,14.7,8.8,3,75.1,50.2,4.44,474.0,19,39260.0,34.4,679.8,Morning,Component_A,8.3,7.6,Good
100049,M025,2025-06-14,7.0,17.7,1.6,3,67.7,46.8,2.96,989.0,42,80578.0,49.9,684.6,Night,Component_D,7.4,1.3,Good
100050,M024,2024-11-17,1.0,20.8,2.8,5,68.3,58.4,5.67,776.0,15,87118.0,68.3,916.7,Morning,Component_B,4.4,4.3,Good
100051,M010,2025-09-22,7.0,10.5,8.4,0,67.2,51.2,3.97,509.0,19,49974.0,35.5,341.5,Morning,Component_B,4.8,6.0,Good
100052,M006,2024-10-28,4.8,13.2,7.6,3,71.5,56.5,4.61,581.0,18,58180.0,43.8,364.4,Night,Component_B,1.5,7.9,Good
100053,M001,2024-08-07,4.0,14.8,4.1,1,75.1,63.3,7.04,407.0,10,42875.0,41.7,533.9,Morning,Component_B,11.4,2.5,Good
100054,M013,2024-06-14,7.8,12.9,7.1,2,71.6,51.0,3.53,510.0,23,48126.0,37.0,478.5,Night,Component_D,6.8,7.0,Good
100055,M005,2024-06-05,9.1,22.9,5.9,3,85.9,60.8,6.56,1074.0,48,118344.0,34.5,829.7,Morning,Component_D,6.5,4.8,Good
100056,M027,2024-12-12,8.8,12.6,8.8,1,81.1,66.0,3.88,469.0,22,36135.0,28.1,457.1,Afternoon,Component_C,6.6,7.2,Good
100057,M019,2024-09-11,3.5,13.8,5.2,1,71.1,58.6,4.62,566.0,11,44553.0,45.7,718.3,Afternoon,Component_C,12.3,3.4,Good
100058,M016,2025-11-18,5.1,16.8,7.6,4,59.6,61.3,5.05,588.0,9,45798.0,48.4,420.1,Afternoon,Component_A,6.9,5.0,Good
100059,M015,2025-11-18,,11.2,11.6,5,79.0,58.6,3.88,425.0,10,43063.0,27.3,363.9,Afternoon,Component_B,5.4,5.8,Good
100060,M025,2024-07-07,8.9,14.4,6.5,5,68.2,55.1,2.67,593.0,18,60840.0,24.6,516.8,Afternoon,Component_A,11.4,5.4,Good
100061,M014,2025-03-26,4.6,17.3,5.1,2,70.0,62.5,5.32,539.0,20,47384.0,34.5,669.9,Afternoon,Component_D,5.6,2.1,Good
100062,M014,2024-06-24,5.4,14.7,6.8,2,56.2,69.5,6.52,741.0,30,67811.0,38.4,653.0,Night,Component_D,0.9,4.8,Good
100063,M004,2024-03-22,2.7,15.6,4.1,3,77.0,62.7,5.63,470.0,7,53590.0,51.4,706.2,Night,Component_B,1.4,1.9,Good
100064,M007,2025-12-26,2.4,13.9,11.0,5,103.1,53.3,5.58,578.0,22,48889.0,23.5,652.7,Morning,Component_A,5.4,9.0,Good
100065,M022,2024-03-28,8.4,9.9,5.5,6,65.9,53.5,3.68,435.0,19,43253.0,17.9,431.1,Afternoon,Component_D,6.9,4.3,Good
100066,M015,2024-11-18,10.1,17.3,4.3,3,79.5,53.8,5.74,794.0,33,67263.0,48.6,438.2,Afternoon,Component_D,8.5,5.1,Good
100067,M022,2025-01-15,5.8,23.0,2.9,1,87.0,63.5,5.14,846.0,34,94278.0,48.0,579.4,Morning,Component_D,3.2,2.0,Good
100068,M005,2025-07-12,9.0,16.1,7.7,2,65.7,50.3,6.05,619.0,25,64640.0,29.6,777.6,Night,Component_B,5.3,6.8,Good
100069,M001,2024-01-24,7.1,16.9,7.2,2,42.9,45.8,4.68,532.0,13,39377.0,31.4,802.8,Afternoon,Component_C,3.6,3.9,Good
100070,M030,2024-12-12,4.1,18.8,3.8,2,80.3,59.2,5.57,519.0,14,47275.0,46.7,818.3,Night,Component_C,9.3,3.1,Good
100071,M019,2025-03-21,7.1,10.9,6.4,2,73.0,55.2,3.63,501.0,19,31971.0,29.1,356.9,Night,Component_D,9.8,4.6,Good
100072,M021,2025-03-17,10.6,22.8,1.2,2,75.7,68.3,5.75,985.0,46,106879.0,75.4,828.8,Night,Component_B,11.9,1.5,Good
100073,M018,2025-02-21,5.9,16.8,5.5,3,72.7,34.7,2.23,717.0,18,90134.0,43.0,596.6,Night,Component_A,7.1,5.1,Good
100074,M030,2025-07-13,10.7,22.5,6.1,4,85.9,56.9,3.9,1072.0,58,66779.0,64.9,691.9,Afternoon,Component_D,11.6,3.5,Good
100075,M027,2025-04-19,1.0,13.1,9.3,3,70.8,51.4,3.24,593.0,10,43641.0,24.4,526.9,Night,Component_B,3.9,3.5,Good
100076,M014,2024-02-14,8.5,23.3,3.1,2,98.1,62.3,10.0,939.0,65,91562.0,68.2,1200.0,Afternoon,Component_D,6.6,2.5,Good
100077,M002,2024-06-05,6.3,19.1,1.8,2,80.4,52.5,5.67,862.0,18,81651.0,53.4,662.7,Morning,Component_D,2.8,2.9,Good
100078,M029,2024-04-28,5.1,18.2,2.8,5,84.1,49.8,2.55,698.0,20,62008.0,35.2,890.6,Morning,Component_B,7.7,3.1,Good
100079,M004,2025-05-09,6.3,16.9,1.7,3,72.1,63.4,2.04,840.0,19,57906.0,48.0,535.1,Morning,Component_B,6.9,1.9,Good
100080,M007,2025-09-13,1.0,15.0,8.3,2,75.7,66.5,1.36,655.0,9,65403.0,28.8,387.6,Night,Component_D,0.5,2.8,Good
100081,M001,2024-07-09,5.3,20.8,8.9,1,51.7,54.1,2.45,832.0,22,90116.0,55.9,965.3,Morning,Component_C,9.3,2.8,Good
100082,M025,2025-07-13,7.1,16.6,5.8,5,65.1,54.3,2.97,771.0,20,106170.0,47.1,615.9,Night,Component_A,8.6,4.2,Good
100083,M012,2025-01-30,10.4,8.1,8.1,2,84.9,66.4,2.74,426.0,18,48824.0,23.4,411.0,Afternoon,Component_C,4.3,5.8,Good
100084,M001,2025-04-06,4.4,11.5,5.3,2,71.2,65.4,3.66,444.0,9,33531.0,38.2,581.1,Morning,Component_B,6.8,4.3,Good
100085,M014,2025-02-14,3.6,15.3,4.8,5,58.5,64.3,6.0,481.0,10,45609.0,52.0,554.5,Night,Component_A,1.5,3.0,Good
100086,M024,2024-07-12,4.5,17.2,4.2,2,63.8,51.4,4.14,683.0,14,70951.0,53.7,847.4,Afternoon,Component_A,3.7,2.0,Good
100087,M006,2024-02-06,8.7,15.8,4.2,3,63.7,49.1,5.78,650.0,22,55039.0,51.5,507.1,Night,Component_D,11.0,1.7,Good
100088,M001,2024-05-05,7.0,20.9,1.1,0,71.5,69.7,2.58,953.0,37,101685.0,32.2,659.1,Night,Component_C,2.5,1.9,Good
100089,M023,2024-02-14,4.4,8.2,5.7,0,62.0,60.5,3.81,353.0,7,37259.0,18.2,390.7,Afternoon,Component_B,6.0,1.8,Good
100090,M002,2024-07-03,7.5,16.6,4.9,1,89.1,48.3,2.81,617.0,21,70067.0,26.2,440.3,Afternoon,Component_B,1.8,5.2,Good
100091,M017,2024-01-18,6.3,8.7,6.9,4,74.5,54.0,5.3,401.0,12,42920.0,17.0,343.1,Morning,Component_A,7.0,6.6,Good
100092,M008,2025-05-25,8.9,19.0,5.2,6,55.3,55.8,4.17,958.0,54,95108.0,43.0,929.7,Night,Component_C,7.7,6.0,Good
100093,M018,2025-06-08,3.9,15.6,4.6,3,90.4,54.0,7.69,554.0,23,47329.0,50.5,764.9,Morning,Component_C,8.2,1.6,Good
100094,M025,2024-11-24,5.0,17.7,2.8,1,71.5,52.4,3.29,811.0,26,61315.0,44.7,621.3,Night,Component_B,7.4,1.3,Good
100095,M022,2024-11-07,4.8,12.5,5.2,0,78.1,66.1,2.63,397.0,19,39019.0,35.0,585.5,Night,Component_C,10.3,1.9,Good
100096,M017,2024-07-20,1.6,21.1,6.8,0,75.7,59.8,5.03,789.0,21,70176.0,47.0,615.4,Morning,Component_A,4.3,3.9,Good
100097,M016,2024-01-20,6.9,20.2,2.1,0,77.0,75.3,4.18,862.0,33,77918.0,54.7,673.6,Morning,Component_B,2.8,1.9,Good
100098,M027,2025-01-24,6.8,18.3,5.2,1,67.9,66.6,5.4,736.0,29,82305.0,57.3,742.7,Night,Component_D,4.2,5.2,Good
100099,M015,2025-02-13,6.0,15.5,5.6,3,76.0,56.2,4.39,652.0,20,75328.0,32.6,647.8,Afternoon,Component_D,2.0,3.8,Good
100100,M015,2024-07-07,5.3,18.3,3.2,5,70.2,67.8,4.25,660.0,18,50470.0,61.6,552.6,Night,Component_A,6.2,3.8,Good
100101,M024,2024-03-26,1.8,13.2,3.5,7,76.3,58.2,3.3,657.0,12,60341.0,25.4,701.9,Morning,Component_C,5.6,2.0,Good
100102,M023,2025-09-21,4.7,19.4,5.6,0,69.8,76.8,4.01,753.0,17,66642.0,64.8,455.2,Night,Component_B,7.4,4.1,Good
100103,M012,2024-06-19,5.0,22.6,2.2,4,68.5,52.2,1.75,772.0,25,76987.0,35.2,878.6,Night,Component_A,1.2,1.1,Good
100104,M027,2025-11-17,3.6,20.3,5.9,2,54.5,59.1,6.66,820.0,30,50025.0,52.5,810.4,Afternoon,Component_B,6.0,4.0,Good
100105,M017,2025-04-30,5.5,13.1,2.8,2,71.9,49.6,6.79,642.0,22,46922.0,45.5,325.7,Afternoon,Component_B,9.6,2.0,Good
100106,M024,2025-04-09,7.2,17.4,7.7,4,74.7,51.6,6.19,754.0,28,70301.0,47.3,859.9,Afternoon,Component_A,7.7,6.0,Good
100107,M018,2024-05-08,11.7,10.8,10.8,0,94.2,51.9,3.68,430.0,29,45920.0,28.2,369.8,Morning,Component_D,0.5,8.2,Good
100108,M008,2024-07-19,6.5,18.3,2.8,3,77.8,66.1,3.37,988.0,36,94976.0,52.4,722.8,Afternoon,Component_B,6.0,2.1,Good
100109,M009,2025-06-21,6.8,17.8,6.3,1,63.3,56.9,5.4,789.0,18,82902.0,37.0,736.7,Night,Component_B,3.8,3.4,Good
100110,M015,2025-07-29,5.8,8.5,3.2,3,59.8,32.9,2.79,282.0,12,27625.0,13.7,235.7,Afternoon,Component_B,6.0,2.9,Good
100111,M013,2025-12-02,1.0,11.4,7.6,6,75.2,55.8,6.55,525.0,9,59926.0,22.8,337.4,Morning,Component_A,4.9,6.2,Good
100112,M029,2025-05-12,5.9,14.9,1.8,3,63.1,46.2,0.5,571.0,12,66972.0,27.6,764.3,Morning,Component_A,11.2,2.0,Good
100113,M005,2025-01-11,6.2,14.8,6.2,5,65.2,51.0,3.69,652.0,18,54503.0,49.5,567.0,Morning,Component_D,6.3,5.5,Good
100114,M021,2024-09-18,13.4,11.2,2.8,2,63.0,65.4,2.58,534.0,19,57808.0,35.9,210.7,Morning,Component_B,7.0,3.8,Good
100115,M023,2024-04-19,5.4,17.6,4.5,1,68.1,42.9,6.74,719.0,19,73785.0,37.6,637.1,Afternoon,Component_A,5.9,2.8,Good
100116,M001,2024-11-13,6.9,17.0,2.4,4,80.8,43.9,6.43,694.0,28,92004.0,53.9,655.3,Night,Component_B,7.4,2.7,Good
100117,M021,2025-07-31,5.9,15.2,7.1,7,48.1,40.1,5.52,527.0,14,43758.0,29.2,616.1,Night,Component_D,5.3,4.3,Good
100118,M012,2025-11-12,2.5,13.0,2.9,2,87.5,51.5,7.95,505.0,22,47091.0,24.7,291.1,Night,Component_C,8.3,2.8,Good
100119,M001,2025-06-22,9.4,20.2,6.4,4,69.6,39.8,4.52,869.0,35,69099.0,61.3,781.7,Night,Component_C,4.8,5.4,Good
100120,M027,2024-03-22,8.3,22.6,4.1,4,64.4,40.5,5.64,888.0,26,71400.0,48.7,724.9,Morning,Component_C,10.1,4.3,Good
100121,M024,2025-09-01,8.4,14.1,4.7,0,82.7,52.9,1.62,413.0,16,41624.0,23.0,577.5,Night,Component_D,,3.0,Good
100122,M024,2025-12-25,3.3,13.6,5.4,5,69.5,57.8,3.92,586.0,8,57477.0,40.0,578.5,Morning,Component_A,5.5,4.9,Good
100123,M017,2025-07-30,10.2,18.0,3.1,7,59.4,46.8,4.7,810.0,29,83529.0,62.6,762.0,Night,Component_B,8.5,2.9,Good
100124,M002,2024-06-23,1.8,14.6,5.5,1,53.7,58.2,2.85,706.0,15,72574.0,38.4,722.4,Night,Component_A,7.5,3.5,Good
100125,M007,2025-11-02,7.8,15.4,8.8,2,80.3,56.0,4.96,572.0,21,52318.0,31.2,870.7,Night,Component_C,8.5,8.4,Good
100126,M023,2024-12-28,12.6,19.0,3.1,3,81.1,59.9,0.96,780.0,35,71262.0,42.7,574.9,Night,Component_C,6.3,4.4,Good
100127,M028,2024-06-10,3.0,8.4,7.9,1,67.0,45.6,5.4,345.0,12,27751.0,23.5,299.5,Night,Component_B,5.3,4.9,Good
100128,M025,2025-03-06,4.3,21.3,8.7,2,87.9,72.9,3.72,969.0,30,81864.0,61.8,944.6,Morning,Component_B,6.4,5.1,Good
100129,M003,2024-04-26,6.3,16.3,3.0,2,72.4,44.7,3.08,755.0,20,71082.0,53.3,615.5,Afternoon,Component_D,4.5,3.0,Average
100130,M018,2025-05-31,4.5,14.4,1.4,1,87.9,49.4,5.84,517.0,25,50643.0,47.8,242.5,Afternoon,Component_B,8.9,0.5,Good
100131,M014,2025-07-01,1.3,15.6,5.8,7,60.5,59.6,7.13,868.0,12,91714.0,50.3,571.4,Morning,Component_A,10.4,3.4,Good
100132,M010,2025-09-29,6.2,15.8,3.6,0,59.0,56.1,6.11,546.0,22,56857.0,44.2,768.8,Night,Component_A,7.7,2.9,Good
100133,M024,2024-09-02,2.8,9.1,9.7,8,65.8,62.6,3.04,348.0,7,41188.0,21.8,249.9,Morning,Component_B,10.3,5.7,Good
100134,M027,2024-09-21,7.4,22.0,5.1,3,67.2,52.2,5.7,539.0,15,43341.0,62.9,889.6,Morning,Component_A,9.4,3.9,Good
100135,M007,2024-04-18,3.2,16.2,3.0,3,85.8,44.0,4.04,756.0,26,69182.0,45.9,374.8,Afternoon,Component_A,5.2,1.9,Average
100136,M014,2024-06-11,10.6,17.8,2.1,0,75.5,41.3,6.53,927.0,49,75755.0,34.5,821.5,Morning,Component_C,8.5,2.3,Good
100137,M003,2024-11-26,3.7,19.8,7.7,3,62.9,71.0,4.9,785.0,19,89615.0,49.8,798.1,Night,Component_C,2.2,2.1,Good
100138,M011,2025-07-11,5.0,11.9,3.6,1,72.1,52.3,1.85,413.0,15,36122.0,22.8,408.1,Morning,Component_B,6.6,3.4,Good
100139,M015,2024-04-14,8.4,17.9,5.1,3,66.9,53.5,4.06,814.0,29,91433.0,59.0,637.1,Afternoon,Component_B,2.5,4.7,Good
100140,M019,2024-09-25,2.3,14.9,7.4,1,62.4,71.2,3.01,513.0,13,59914.0,32.0,392.1,Night,Component_B,5.7,3.3,Good
100141,M023,2024-03-01,6.7,19.4,3.8,1,71.0,50.6,3.1,918.0,25,92903.0,60.4,907.0,Afternoon,Component_C,1.7,4.3,Good
100142,M029,2025-06-25,9.9,7.5,4.9,5,69.7,55.2,3.92,247.0,19,24551.0,16.9,256.8,Night,Component_A,9.3,4.3,Good
100143,M012,2025-09-01,1.2,15.6,5.0,4,62.8,45.7,4.99,567.0,10,54194.0,47.2,657.6,Night,Component_D,4.8,2.8,Good
100144,M027,2025-06-27,6.6,13.6,6.7,9,62.7,43.2,6.13,560.0,14,50536.0,26.4,425.3,Afternoon,Component_A,8.7,5.4,Good
100145,M005,2024-07-13,6.8,17.7,6.5,2,81.8,72.0,3.55,775.0,33,68540.0,53.6,997.5,Afternoon,Component_D,5.8,2.4,Good
100146,M009,2025-03-30,8.3,17.9,4.4,2,77.1,72.1,6.68,814.0,35,75530.0,33.3,920.1,Morning,Component_C,0.5,3.4,Good
100147,M026,2025-09-01,2.3,13.2,5.2,2,83.3,64.2,1.44,633.0,20,77457.0,32.8,725.2,Morning,Component_D,4.5,1.8,Good
100148,M007,2025-10-09,2.0,13.2,4.1,2,68.6,63.9,2.99,661.0,16,52465.0,22.8,736.9,Night,Component_B,4.4,1.6,Good
100149,M015,2025-03-02,7.6,15.6,1.3,4,58.9,61.8,8.19,810.0,37,79436.0,39.9,528.8,Night,Component_B,6.0,3.1,Good
100150,M001,2025-03-07,6.9,12.4,5.6,1,65.1,48.3,2.44,483.0,23,51038.0,39.0,397.3,Night,Component_B,10.5,2.7,Good
100151,M001,2025-06-27,6.8,19.4,9.7,2,84.3,57.6,6.75,798.0,37,72406.0,58.4,1065.3,Night,Component_B,11.0,7.1,Good
100152,M006,2024-12-25,7.0,14.5,2.8,2,52.8,50.5,4.45,678.0,35,68642.0,23.2,548.6,Morning,Component_A,5.3,2.2,Good
100153,M021,2024-11-29,4.0,4.4,3.1,3,89.3,31.7,4.37,154.0,10,11154.0,10.9,204.5,Morning,Component_B,2.2,1.2,Good
100154,M005,2024-11-20,6.7,14.5,2.8,1,58.7,65.1,6.18,621.0,27,71338.0,46.5,492.4,Afternoon,Component_D,3.8,1.9,Good
100155,M011,2024-09-19,6.9,11.8,6.8,1,81.4,60.0,5.93,511.0,21,57215.0,33.0,405.2,Morning,Component_C,7.4,2.8,Good
100156,M011,2025-10-22,3.9,9.5,6.1,5,59.8,43.1,6.9,427.0,12,39935.0,15.4,431.9,Night,Component_B,5.7,4.4,Good
100157,M029,2025-08-26,11.6,11.1,4.6,4,64.9,51.8,4.06,432.0,16,35339.0,23.9,270.1,Morning,Component_A,1.3,3.8,Good
100158,M028,2025-03-29,7.4,16.4,2.7,7,47.3,64.5,4.76,576.0,16,61571.0,42.9,740.8,Night,Component_B,4.5,2.5,Good
100159,M014,2025-07-03,2.4,21.3,5.2,1,94.2,56.2,4.05,1017.0,31,79100.0,39.3,903.6,Afternoon,Component_B,9.9,3.3,Good
100160,M030,2025-03-01,8.0,17.3,1.1,2,78.9,39.7,2.5,688.0,26,54992.0,49.5,600.0,Afternoon,Component_A,6.9,0.9,Good
100161,M008,2025-09-08,3.1,13.6,5.4,5,79.6,44.1,4.81,583.0,14,54916.0,37.7,525.6,Morning,Component_C,6.1,2.8,Good
100162,M027,2025-01-21,8.4,17.8,7.2,4,66.1,71.7,4.2,789.0,30,92921.0,33.9,719.0,Morning,Component_A,4.8,3.0,Good
100163,M024,2024-06-13,9.5,14.2,1.9,5,60.8,55.6,1.13,634.0,23,66322.0,36.9,585.5,Afternoon,Component_D,4.6,3.5,Good
100164,M014,2025-06-12,3.5,13.2,1.2,4,81.3,64.5,6.5,567.0,23,48362.0,41.2,581.5,Night,Component_A,7.6,1.3,Good
100165,M009,2025-11-03,8.9,11.4,8.9,3,57.6,71.5,4.77,483.0,16,33698.0,25.6,376.7,Morning,Component_D,6.4,5.8,Good
100166,M011,2025-06-05,7.2,9.0,3.5,4,70.0,50.9,3.24,374.0,11,35763.0,17.9,550.6,Afternoon,Component_B,8.3,1.9,Good
100167,M011,2025-07-02,8.5,14.4,7.8,6,57.0,58.2,5.1,569.0,20,56201.0,41.8,540.5,Night,Component_A,7.6,5.9,Good
100168,M020,2024-05-06,11.7,16.6,4.6,4,73.5,37.3,3.56,589.0,21,55312.0,27.3,636.8,Morning,Component_B,6.1,4.3,Good
100169,M021,2025-02-20,5.3,15.6,4.6,6,49.0,49.5,4.86,535.0,12,65321.0,49.4,846.1,Morning,Component_A,7.2,1.8,Good
100170,M016,2024-10-10,3.7,14.3,6.1,2,54.2,60.2,7.0,654.0,22,60836.0,48.4,341.6,Night,Component_D,4.2,2.8,Good
100171,M012,2025-12-27,3.3,12.2,2.8,4,61.7,53.3,5.22,523.0,11,31782.0,41.8,659.0,Afternoon,Component_A,5.9,2.2,Good
100172,M007,2024-06-18,3.6,18.4,5.3,0,79.4,59.1,3.62,660.0,26,58669.0,43.5,720.2,Night,Component_D,10.0,0.9,Average
100173,M003,2025-09-23,5.8,10.7,4.0,3,65.6,63.4,2.64,413.0,13,42052.0,29.4,372.8,Night,Component_B,6.0,3.6,Good
100174,M012,2024-12-31,7.0,19.1,1.7,1,83.8,60.0,3.21,653.0,22,65825.0,61.4,568.7,Morning,Component_A,5.3,3.2,Good
100175,M006,2024-02-27,6.8,12.0,5.8,4,90.0,58.0,5.96,520.0,24,,23.4,347.8,Morning,Component_A,6.6,5.2,Average
100176,M019,2025-11-18,8.5,13.0,4.3,2,68.3,56.7,4.4,545.0,23,48977.0,20.2,475.5,Afternoon,Component_B,2.5,4.7,Good
100177,M004,2025-05-12,6.0,10.1,4.6,3,54.3,49.9,5.51,549.0,19,35688.0,22.9,418.3,Night,Component_A,6.7,3.4,Good
100178,M010,2025-03-10,10.4,14.0,2.0,4,83.6,46.7,4.0,667.0,40,64223.0,45.8,622.5,Morning,Component_D,11.1,1.7,Good
100179,M008,2024-12-31,5.2,19.9,9.0,5,53.5,67.2,2.82,675.0,11,60696.0,50.0,808.9,Afternoon,Component_A,3.6,2.4,Good
100180,M010,2025-06-11,14.2,18.1,7.2,2,61.2,62.1,5.58,655.0,31,64674.0,46.3,642.3,Night,Component_B,6.8,6.2,Good
100181,M016,2024-08-11,7.9,19.9,7.4,4,51.6,47.9,3.04,942.0,32,96432.0,57.4,985.3,Morning,Component_A,5.9,3.0,Good
100182,M011,2024-03-02,3.4,18.1,4.2,5,83.6,55.6,3.77,806.0,27,91575.0,47.9,1081.8,Afternoon,Component_C,5.9,3.5,Good
100183,M004,2025-03-08,2.8,11.6,0.7,4,78.9,42.5,2.3,620.0,16,50013.0,18.7,585.1,Morning,Component_A,5.8,1.6,Good
100184,M027,2025-08-23,7.4,14.7,9.9,5,91.4,50.7,2.82,734.0,30,55483.0,38.5,531.1,Afternoon,Component_A,8.1,8.0,Average
100185,M028,2025-10-16,5.3,12.9,4.8,1,66.7,59.8,6.11,569.0,21,49156.0,36.1,552.6,Afternoon,Component_A,2.7,5.6,Good
100186,M013,2025-06-11,8.1,21.3,3.1,3,62.1,57.3,6.39,1101.0,38,92447.0,59.3,922.1,Night,Component_B,8.1,1.9,Good
100187,M028,2024-07-27,7.4,11.2,6.0,5,65.7,56.0,6.46,501.0,21,41392.0,33.1,584.1,Morning,Component_B,6.2,5.1,Good
100188,M020,2024-01-27,5.8,19.6,7.9,1,56.0,47.0,6.47,811.0,29,94622.0,49.8,703.4,Afternoon,Component_D,0.7,5.3,Good
100189,M023,2025-07-12,3.5,19.6,4.9,0,89.1,45.2,3.86,671.0,18,65239.0,64.7,600.5,Night,Component_C,7.1,3.2,Good
100190,M003,2024-06-02,1.5,23.3,8.2,1,110.0,63.5,5.7,1160.0,54,144520.0,56.6,1099.7,Morning,Component_B,6.3,4.5,Average
100191,M028,2025-03-31,4.7,14.4,7.7,2,63.3,70.2,6.4,624.0,28,59251.0,36.5,603.4,Night,Component_C,3.4,6.7,Good
100192,M003,2025-02-28,8.6,18.8,2.3,3,79.1,59.9,2.93,784.0,38,60699.0,57.5,564.8,Night,Component_A,6.5,3.1,Good
100193,M027,2024-12-26,6.6,24.0,3.3,1,70.1,53.4,4.85,894.0,32,74092.0,76.0,1060.7,Morning,Component_A,2.1,1.6,Good
100194,M017,2025-10-12,2.3,13.5,7.4,2,77.3,66.0,4.27,669.0,13,73835.0,37.8,716.1,Afternoon,Component_A,3.9,3.0,Good
100195,M007,2024-03-31,6.5,9.9,0.5,2,84.7,47.4,1.13,453.0,15,35330.0,17.4,334.3,Night,Component_A,6.1,1.0,Good
100196,M011,2025-06-04,7.2,8.5,4.6,5,58.3,64.5,5.09,275.0,7,28426.0,18.4,276.8,Morning,Component_C,0.9,4.7,Good
100197,M004,2024-06-30,3.3,18.9,1.4,1,66.3,49.6,3.21,863.0,19,77367.0,29.1,729.3,Morning,Component_D,2.5,0.2,Good
100198,M016,2025-06-06,6.5,8.5,3.8,3,86.4,50.1,6.39,393.0,20,31854.0,17.8,382.3,Morning,Component_C,3.0,3.7,Good
100199,M007,2025-06-02,6.2,14.5,4.3,2,78.1,52.0,3.13,475.0,12,55004.0,38.3,554.7,Afternoon,Component_A,6.2,2.4,Good
100200,M016,2025-06-23,2.6,17.7,4.1,4,75.9,54.1,5.09,793.0,20,68334.0,55.1,838.4,Morning,Component_D,7.3,2.3,Good
100201,M018,2024-03-02,7.1,16.7,3.6,5,78.1,63.2,4.7,769.0,26,63509.0,44.6,683.6,Afternoon,Component_D,3.3,4.1,Good
100202,M021,2025-11-06,7.7,17.7,2.3,3,79.3,43.3,1.4,831.0,24,77962.0,28.0,831.3,Afternoon,Component_A,3.2,1.6,Good
100203,M012,2025-09-18,9.2,16.9,10.7,3,85.9,49.6,3.92,928.0,38,81085.0,34.1,563.1,Morning,Component_D,6.4,8.4,Good
100204,M030,2024-03-13,9.2,21.1,9.7,3,81.0,56.9,5.14,1260.0,56,161563.0,56.0,613.0,Morning,Component_B,6.3,4.8,Good
100205,M023,2024-04-08,1.9,12.2,2.1,2,71.4,60.0,6.34,586.0,16,64991.0,35.6,434.2,Night,Component_A,3.9,1.5,Good
100206,M028,2025-12-03,3.2,13.3,9.0,3,76.2,39.7,4.53,612.0,17,52717.0,43.0,368.5,Afternoon,Component_D,11.5,4.2,Good
100207,M028,2024-11-02,7.5,12.9,4.0,6,71.2,47.9,6.13,583.0,22,51228.0,44.3,547.4,Night,Component_C,6.6,2.5,Good
100208,M009,2024-07-23,7.5,19.3,5.3,2,63.0,39.3,5.47,868.0,36,56167.0,63.4,437.0,Afternoon,Component_D,5.5,3.5,Average
100209,M010,2025-08-02,7.5,19.6,4.8,1,71.4,48.7,5.53,1079.0,41,104729.0,47.7,688.8,Morning,Component_C,4.8,4.7,Good
100210,M004,2024-09-22,15.0,17.8,3.4,3,70.6,51.1,5.61,756.0,42,63348.0,53.3,665.7,Night,Component_B,9.0,3.6,Good
100211,M006,2025-01-12,7.7,20.7,7.5,1,51.6,59.5,4.01,751.0,30,72336.0,41.0,628.7,Night,Component_A,7.6,3.7,Good
100212,M019,2025-06-21,9.4,11.3,5.3,4,81.3,34.4,2.72,496.0,10,32491.0,18.4,420.5,Morning,Component_D,0.8,3.2,Good
100213,M018,2025-03-26,8.9,22.7,3.8,5,83.3,60.9,7.33,1200.0,44,113518.0,36.6,881.2,Morning,Component_B,3.9,3.5,Good
100214,M026,2025-10-18,8.0,22.1,1.7,2,78.5,50.4,5.88,805.0,27,96986.0,43.8,1080.2,Night,Component_C,4.7,2.7,Good
100215,M012,2025-10-28,5.1,18.9,2.8,3,82.6,51.9,4.38,703.0,18,67356.0,29.8,571.0,Morning,Component_B,6.0,2.7,Good
100216,M027,2024-10-04,8.3,23.1,0.9,0,69.9,63.7,5.61,862.0,45,71873.0,73.9,960.4,Morning,Component_B,7.9,2.0,Good
100217,M018,2025-09-11,3.7,9.4,5.0,1,65.8,67.1,5.22,381.0,9,36078.0,23.3,406.4,Afternoon,Component_C,2.8,0.4,Good
100218,M021,2025-07-01,5.3,13.9,2.0,7,83.4,49.1,2.96,479.0,9,45043.0,43.4,536.4,Morning,Component_A,5.8,2.0,Good
100219,M003,2025-03-31,4.5,13.1,4.3,6,59.3,49.0,3.89,627.0,13,80179.0,44.3,454.6,Afternoon,Component_B,11.1,4.1,Good
100220,M018,2025-04-18,6.2,18.9,8.4,2,58.9,51.8,6.89,824.0,28,74166.0,65.9,558.4,Afternoon,Component_B,6.1,6.3,Average
100221,M002,2024-06-29,12.9,,8.0,2,77.4,49.0,4.49,380.0,21,29241.0,39.8,653.4,Morning,Component_C,3.9,3.8,Good
100222,M019,2024-09-11,1.0,19.0,4.9,3,77.0,42.1,5.18,904.0,18,86171.0,55.7,735.0,Morning,Component_C,2.0,2.0,Good
100223,M017,2024-12-14,8.1,21.5,4.8,4,83.2,54.7,6.77,989.0,43,96856.0,51.3,778.9,Night,Component_B,4.5,1.8,Good
100224,M011,2025-10-30,1.2,18.8,9.7,3,51.5,49.1,4.49,927.0,17,95884.0,50.7,1035.9,Afternoon,Component_D,2.8,5.4,Good
100225,M013,2024-12-22,4.6,17.1,6.3,4,70.8,55.9,2.82,632.0,15,67205.0,53.6,689.4,Afternoon,Component_C,4.8,5.8,Good
100226,M024,2024-05-02,9.3,12.0,4.2,1,58.4,70.4,4.7,398.0,16,49484.0,39.5,718.8,Morning,Component_A,7.6,1.8,Good
100227,M009,2024-11-09,6.2,12.6,1.4,4,82.3,54.0,3.49,530.0,20,45614.0,43.0,348.4,Morning,Component_D,6.1,2.6,Good
100228,M028,2024-09-27,2.8,21.0,6.0,3,88.0,48.2,2.0,981.0,24,83092.0,62.2,763.8,Night,Component_D,4.6,3.4,Good
100229,M017,2024-06-30,3.9,19.1,7.1,4,78.1,52.5,5.95,673.0,15,45217.0,49.3,524.3,Morning,Component_B,0.6,6.3,Good
100230,M013,2025-12-02,8.0,15.8,3.4,4,65.3,56.2,4.04,706.0,24,74077.0,54.3,601.0,Morning,Component_A,8.5,2.3,Good
100231,M021,2024-02-26,3.8,14.3,5.7,4,63.0,53.5,0.5,592.0,10,48361.0,48.9,536.5,Night,Component_D,4.9,2.6,Good
100232,M024,2025-10-01,6.6,7.9,4.1,3,67.1,49.9,4.96,346.0,15,37498.0,19.4,284.5,Afternoon,Component_C,6.3,2.1,Good
100233,M013,2024-03-19,6.1,11.7,4.5,0,61.9,40.1,4.98,541.0,22,47405.0,32.7,461.8,Morning,Component_A,3.3,3.3,Good
100234,M002,2025-08-05,4.0,23.6,0.5,4,70.1,60.7,8.01,1158.0,39,139990.0,73.6,827.5,Morning,Component_A,4.8,0.1,Good
100235,M017,2024-02-27,12.4,10.9,4.4,3,63.0,47.0,4.49,399.0,19,29325.0,25.8,429.4,Afternoon,Component_B,4.3,4.2,Good
100236,M005,2025-03-08,7.9,16.8,7.4,6,55.4,68.2,6.42,675.0,19,74482.0,53.1,552.6,Afternoon,Component_D,2.0,4.0,Good
100237,M014,2025-05-20,1.0,20.0,3.4,1,76.6,51.7,5.66,798.0,19,86629.0,34.5,992.9,Night,Component_C,3.3,3.0,Good
100238,M017,2025-02-20,6.6,11.0,5.1,3,77.5,50.4,3.44,441.0,16,45378.0,27.1,333.6,Afternoon,Component_D,6.0,3.3,Good
100239,M006,2025-07-11,4.0,16.7,3.1,3,92.4,50.8,5.13,750.0,22,58681.0,41.2,671.0,Morning,Component_D,6.9,1.9,Good
100240,M009,2025-07-19,,19.8,5.9,3,66.8,56.4,4.2,709.0,23,73004.0,56.8,580.7,Afternoon,Component_C,3.9,3.9,Good
100241,M024,2025-12-20,3.6,16.0,4.5,3,49.3,47.2,3.26,799.0,9,77426.0,27.7,508.3,Night,Component_D,2.4,2.7,Good
100242,M012,2024-03-25,5.7,24.0,2.7,2,81.8,48.9,3.57,1306.0,50,88215.0,41.0,783.6,Morning,Component_A,4.9,2.0,Good
100243,M022,2025-06-02,7.5,9.3,8.3,3,83.1,60.6,3.33,452.0,19,53505.0,30.7,358.6,Night,Component_B,,5.1,Good
100244,M020,2025-05-06,8.6,20.2,7.3,3,85.7,45.8,4.48,922.0,45,82810.0,42.6,813.1,Night,Component_B,3.2,5.2,Average
100245,M023,2024-10-11,2.4,15.3,3.5,3,89.7,59.9,4.49,638.0,19,74785.0,33.0,450.7,Night,Component_A,6.0,1.5,Good
100246,M012,2025-10-10,5.0,19.1,6.2,2,89.8,62.4,3.51,771.0,20,72462.0,58.3,672.6,Night,Component_D,4.0,4.0,Good
100247,M022,2024-02-18,4.6,17.8,6.3,2,60.3,61.0,4.13,641.0,17,70340.0,41.5,544.5,Night,Component_D,9.4,2.3,Good
100248,M007,2024-12-15,4.0,13.1,6.6,2,90.6,57.1,1.12,565.0,21,46391.0,41.5,397.3,Afternoon,Component_B,4.5,4.4,Good
100249,M018,2025-03-10,11.3,16.9,0.8,5,68.1,38.8,2.68,723.0,33,71011.0,38.9,818.1,Night,Component_B,8.0,3.5,Good
100250,M023,2025-04-26,7.2,8.6,7.5,2,81.6,44.1,3.97,329.0,13,31965.0,26.0,245.4,Night,Component_C,9.0,5.1,Good
100251,M026,2024-11-06,2.2,18.4,3.6,6,75.1,42.8,7.51,929.0,17,83746.0,46.9,714.6,Night,Component_C,10.6,0.3,Good
100252,M020,2025-01-14,8.8,17.2,4.1,4,60.3,51.6,5.64,714.0,23,58521.0,58.0,904.9,Morning,Component_C,1.9,3.1,Good
100253,M005,2025-12-05,12.4,18.6,11.6,3,85.9,55.3,2.74,624.0,34,30575.0,40.1,911.1,Night,Component_C,1.8,9.4,Good
100254,M011,2025-04-26,9.1,20.2,5.8,3,66.5,44.3,7.41,844.0,36,69473.0,45.0,854.5,Morning,Component_B,9.5,4.3,Good
100255,M014,2025-08-18,1.4,17.5,4.0,0,94.3,53.4,4.5,683.0,26,72062.0,60.2,665.5,Afternoon,Component_D,9.0,2.7,Good
100256,M007,2024-04-04,4.5,16.6,0.5,5,62.8,61.2,2.46,626.0,14,46369.0,49.4,737.6,Night,Component_A,4.1,0.4,Good
100257,M026,2025-06-10,9.8,12.5,8.5,2,59.9,46.0,4.36,641.0,29,49471.0,38.1,531.5,Night,Component_B,0.5,4.6,Good
100258,M011,2025-11-21,3.9,13.2,1.6,3,64.0,47.6,6.27,538.0,14,39531.0,27.6,659.6,Night,Component_A,6.2,1.5,Good
100259,M002,2024-02-03,7.3,20.7,2.5,3,89.9,65.6,2.46,1037.0,43,101764.0,53.1,779.1,Afternoon,Component_A,1.4,1.6,Good
100260,M017,2025-08-03,8.3,21.7,4.2,4,53.2,46.7,2.63,1007.0,36,82170.0,46.2,1015.0,Morning,Component_D,3.5,4.2,Good
100261,M015,2024-08-01,3.2,15.0,8.5,2,83.0,58.1,7.75,671.0,24,76028.0,30.3,537.3,Night,Component_D,6.5,4.5,Good
100262,M021,2024-01-12,5.8,16.2,6.9,5,94.0,66.2,5.03,665.0,25,70503.0,41.6,872.6,Afternoon,Component_A,6.9,4.4,Good
100263,M026,2025-11-15,1.0,12.4,4.6,1,70.0,44.4,3.65,445.0,14,43611.0,43.1,457.1,Afternoon,Component_B,10.7,4.8,Good
100264,M001,2025-11-01,2.9,20.7,5.8,4,67.3,45.0,4.31,1036.0,18,103143.0,39.9,524.3,Night,Component_A,4.9,3.7,Good
100265,M013,2024-05-29,5.2,18.7,3.5,0,73.0,52.9,5.01,842.0,30,70354.0,37.1,732.6,Morning,Component_D,3.1,2.5,Good
100266,M006,2024-08-27,2.3,23.8,5.3,6,58.5,55.6,4.15,962.0,19,80384.0,47.3,1054.6,Morning,Component_C,8.8,4.2,Good
100267,M002,2024-03-12,10.9,12.5,5.2,2,103.8,49.2,6.93,624.0,48,65935.0,38.5,659.7,Afternoon,Component_D,7.1,5.2,Average
100268,M029,2024-07-10,1.7,14.5,7.4,2,80.0,72.7,4.68,,13,77830.0,36.6,438.8,Afternoon,Component_D,4.9,6.9,Good
100269,M002,2024-08-16,4.7,16.9,7.4,1,57.4,59.8,5.69,795.0,32,83899.0,38.4,415.8,Morning,Component_B,6.1,2.4,Good
100270,M020,2024-10-10,6.4,18.6,6.2,4,62.3,47.8,4.65,929.0,38,81697.0,59.3,793.5,Morning,Component_A,4.9,0.5,Good
100271,M010,2025-04-03,10.3,15.1,4.1,1,74.1,42.7,4.43,540.0,26,48130.0,31.6,650.7,Afternoon,Component_A,8.1,3.0,Good
100272,M018,2024-11-26,1.7,12.5,6.9,4,56.5,54.4,6.11,441.0,13,35731.0,28.6,337.3,Morning,Component_A,11.1,4.0,Good
100273,M025,2025-04-15,9.5,19.5,4.8,3,53.9,58.9,6.15,788.0,32,83941.0,32.1,708.6,Night,Component_C,3.8,2.8,Good
100274,M012,2024-08-21,6.0,18.9,2.3,2,75.5,71.6,1.56,802.0,23,52594.0,32.8,687.1,Morning,Component_C,7.3,1.8,Good
100275,M019,2024-11-28,3.1,12.3,4.0,3,84.1,55.7,4.47,636.0,20,39392.0,21.8,554.6,Morning,Component_C,1.4,3.4,Good
100276,M013,2024-02-12,7.4,21.4,5.2,3,83.0,52.8,8.19,843.0,40,54734.0,47.0,757.2,Morning,Component_C,2.8,3.4,Good
100277,M008,2025-02-14,6.6,20.7,7.3,3,71.3,46.2,3.7,905.0,30,56888.0,52.7,727.7,Night,Component_C,7.7,4.1,Good
100278,M023,2024-04-06,4.2,16.5,4.5,1,68.7,58.3,5.32,771.0,17,88940.0,24.8,650.5,Night,Component_D,5.8,4.1,Good
100279,M027,2025-01-07,6.2,16.3,2.0,2,72.6,64.2,6.75,734.0,21,78393.0,30.6,452.1,Night,Component_B,2.7,2.3,Good
100280,M016,2025-08-24,4.8,18.2,5.1,4,83.9,38.9,2.51,737.0,16,56765.0,33.7,978.0,Afternoon,Component_B,6.0,3.9,Good
100281,M011,2024-08-22,6.3,12.6,5.3,2,56.9,55.7,3.83,433.0,16,40447.0,25.3,585.6,Night,Component_D,8.6,1.4,Good
100282,M023,2025-02-23,8.0,16.1,5.5,5,62.7,45.8,1.67,775.0,23,90665.0,29.5,537.4,Morning,Component_C,1.7,3.1,Good
100283,M020,2024-04-06,10.8,7.4,7.3,4,67.5,42.8,4.69,268.0,8,27471.0,14.0,236.6,Morning,Component_D,11.2,3.5,Good
100284,M004,2024-10-20,2.3,19.5,7.5,4,69.1,70.2,5.19,811.0,19,102766.0,67.6,583.3,Afternoon,Component_D,7.7,5.2,Good
100285,M028,2025-08-08,12.4,9.8,3.5,3,71.3,63.0,5.66,408.0,15,38061.0,26.4,443.2,Afternoon,Component_D,7.8,3.3,Good
100286,M017,2024-09-08,1.0,22.0,3.5,1,71.7,49.5,7.33,1060.0,27,90283.0,66.6,660.2,Morning,Component_A,6.0,0.4,Good
100287,M008,2025-01-02,5.5,14.7,2.4,0,80.1,53.5,4.61,711.0,29,56015.0,46.1,540.3,Morning,Component_B,11.2,0.7,Good
100288,M001,2024-02-10,7.8,15.2,6.7,2,50.8,52.1,2.43,667.0,24,63602.0,43.1,387.6,Night,Component_D,8.9,3.7,Good
100289,M029,2024-10-26,6.8,13.5,8.6,1,52.8,44.9,2.91,687.0,24,74911.0,39.3,585.1,Afternoon,Component_C,4.9,5.7,Good
100290,M020,2024-11-03,4.1,14.8,4.2,1,64.0,50.1,3.13,766.0,16,73909.0,40.9,639.1,Night,Component_D,8.3,1.5,Good
100291,M003,2024-10-25,5.4,21.7,4.4,4,82.4,62.1,4.87,853.0,24,76452.0,60.7,803.4,Night,Component_C,3.8,0.9,Good
100292,M013,2024-01-01,4.5,6.0,8.7,1,64.2,49.9,8.73,217.0,9,24705.0,20.1,246.3,Night,Component_C,5.2,4.4,Good
100293,M001,2024-04-02,4.2,21.1,6.3,3,71.5,59.2,4.37,956.0,15,98404.0,39.5,944.5,Night,Component_A,10.4,3.4,Good
100294,M023,2024-10-07,8.5,17.4,6.1,5,73.5,50.0,6.97,900.0,29,83969.0,35.7,701.4,Night,Component_B,7.2,5.2,Good
100295,M023,2025-06-01,7.1,11.2,2.0,4,75.8,44.3,4.29,439.0,19,36657.0,18.9,509.8,Morning,Component_D,8.0,2.1,Good
100296,M002,2025-04-02,3.9,11.7,6.7,5,90.8,65.7,2.41,346.0,13,31549.0,37.1,343.1,Night,Component_B,9.5,3.5,Good
100297,M026,2025-05-02,8.7,22.7,2.7,4,80.3,35.8,3.03,1030.0,45,105154.0,54.4,948.8,Afternoon,Component_C,7.6,2.7,Good
100298,M005,2025-02-10,6.9,12.2,2.2,4,84.0,71.1,3.19,590.0,21,49144.0,40.4,496.3,Afternoon,Component_D,3.6,0.9,Average
100299,M008,2024-10-01,8.4,11.4,4.1,2,70.5,64.0,4.28,527.0,18,40313.0,26.5,559.6,Night,Component_D,11.0,3.7,Good
100300,M017,2025-05-01,7.9,20.5,3.5,0,89.7,56.6,5.23,1179.0,66,103514.0,48.9,799.8,Afternoon,Component_D,7.5,1.9,Good
100301,M029,2024-04-12,3.5,17.4,4.4,2,72.9,51.0,3.31,660.0,10,62213.0,41.7,654.6,Afternoon,Component_B,7.8,2.1,Good
100302,M025,2025-02-06,4.3,12.2,1.4,5,48.5,51.7,5.92,498.0,10,57494.0,33.2,417.8,Morning,Component_D,6.2,1.8,Good
100303,M023,2024-04-16,8.2,16.9,7.4,6,101.5,56.8,6.38,609.0,33,47258.0,51.2,860.2,Morning,Component_A,9.3,3.9,Good
100304,M023,2025-01-19,7.8,11.9,7.8,1,72.6,56.7,4.03,525.0,20,51661.0,26.2,243.5,Night,Component_A,11.7,7.3,Good
100305,M028,2024-08-17,5.9,20.4,0.5,0,78.4,46.4,6.15,868.0,42,78846.0,56.3,870.4,Morning,Component_B,4.9,0.2,Good
100306,M002,2024-07-23,6.4,20.2,7.4,4,59.2,55.6,1.0,790.0,23,72349.0,38.5,777.1,Night,Component_D,9.2,3.0,Good
100307,M008,2025-01-11,9.8,18.1,3.0,4,98.4,57.3,0.5,862.0,50,101794.0,47.2,680.8,Afternoon,Component_A,6.1,3.5,Average
100308,M011,2024-06-26,4.2,17.4,7.1,5,62.5,52.3,6.0,764.0,15,73511.0,45.1,623.8,Afternoon,Component_D,0.5,4.0,Good
100309,M028,2024-04-07,7.6,23.0,4.8,3,67.4,75.2,3.74,839.0,21,68208.0,75.4,878.9,Morning,Component_C,1.8,2.7,Good
100310,M019,2025-07-23,5.4,16.0,5.1,1,53.7,53.8,8.47,714.0,27,77348.0,52.7,680.1,Afternoon,Component_C,7.3,1.1,Good
100311,M013,2024-12-02,5.3,11.3,4.5,5,76.4,39.1,4.33,441.0,7,47288.0,28.0,368.1,Night,Component_D,9.0,3.8,Good
100312,M026,2024-06-25,9.3,17.8,8.0,2,68.6,45.9,2.7,755.0,31,60387.0,27.6,714.2,Night,Component_D,7.8,1.8,Good
100313,M007,2025-09-01,8.5,24.0,1.9,4,53.5,61.3,7.54,1163.0,48,89674.0,76.5,996.3,Morning,Component_D,8.3,2.5,Good
100314,M019,2024-04-01,8.4,11.9,6.5,1,71.2,48.5,5.68,627.0,19,63426.0,17.9,378.2,Afternoon,Component_C,13.8,2.5,Good
100315,M006,2024-09-07,9.9,14.6,7.8,4,73.1,46.1,7.29,733.0,24,69273.0,35.9,633.5,Afternoon,Component_A,7.6,3.5,Good
100316,M013,2025-05-16,6.1,17.7,6.8,6,69.0,67.6,3.44,785.0,20,69034.0,27.3,735.6,Night,Component_C,5.2,5.6,Good
100317,M017,2024-12-22,8.0,15.8,10.8,1,50.1,56.5,5.16,467.0,23,51764.0,34.8,515.4,Night,Component_D,5.6,7.1,Good
100318,M020,2024-08-03,5.1,12.1,3.7,3,75.5,49.6,2.92,488.0,10,42025.0,33.6,355.0,Morning,Component_B,10.9,2.5,Good
100319,M025,2025-03-07,7.0,20.5,7.4,2,56.8,30.1,1.36,865.0,34,87645.0,46.0,659.8,Morning,Component_A,2.2,4.3,Good
100320,M023,2025-12-17,5.6,24.0,4.7,2,82.7,60.6,5.84,1251.0,43,140887.0,80.0,949.2,Morning,Component_B,9.7,2.7,Good
100321,M023,2025-06-21,6.3,16.8,8.1,4,65.3,55.1,3.68,617.0,13,55476.0,46.7,640.8,Morning,Component_C,6.0,4.1,Good
100322,M004,2024-05-14,7.8,12.4,5.0,5,83.1,66.7,2.71,554.0,17,37430.0,34.6,625.1,Night,Component_A,3.5,3.5,Good
100323,M026,2024-02-13,3.5,9.8,4.0,1,72.2,45.1,2.0,287.0,10,25530.0,22.0,350.6,Morning,Component_A,1.6,2.9,Good
100324,M011,2025-10-15,12.3,17.0,8.3,2,72.8,51.6,4.83,774.0,32,75728.0,26.8,549.7,Night,Component_B,10.4,7.9,Good
100325,M017,2024-02-21,3.0,20.4,3.8,4,87.3,57.7,4.62,810.0,19,89137.0,60.7,888.4,Afternoon,Component_B,3.4,1.8,Good
100326,M001,2025-11-02,2.4,17.9,1.5,4,62.2,66.3,3.63,769.0,21,67043.0,52.5,544.7,Morning,Component_B,6.2,1.6,Good
100327,M011,2025-12-15,9.5,16.0,3.7,4,58.9,57.3,3.29,783.0,29,94623.0,41.0,525.8,Night,Component_B,3.1,2.4,Good
100328,M019,2024-03-15,8.4,13.6,6.5,6,78.7,48.6,5.88,507.0,18,38287.0,31.7,449.0,Afternoon,Component_A,11.9,4.6,Good
100329,M013,2024-07-03,7.9,11.6,8.5,3,56.2,66.7,0.5,596.0,28,58087.0,29.9,178.4,Morning,Component_C,6.3,4.2,Good
100330,M028,2024-02-21,7.9,19.3,5.3,4,62.4,52.2,5.64,723.0,24,66091.0,57.8,836.7,Morning,Component_B,2.0,3.4,Good
100331,M023,2024-08-26,6.0,19.7,8.3,4,53.1,56.6,5.34,952.0,26,109676.0,57.6,908.7,Night,Component_D,4.7,3.9,Good
100332,M014,2025-09-17,3.3,9.8,1.6,1,85.8,61.8,2.29,332.0,9,24201.0,27.6,450.9,Night,Component_A,10.2,1.5,Good
100333,M016,2025-12-01,6.2,22.4,3.9,2,,69.1,1.02,1012.0,26,102601.0,74.1,1200.0,Night,Component_B,3.1,3.2,Good
100334,M014,2024-03-02,4.0,18.3,4.3,1,64.1,58.3,5.56,828.0,28,,49.8,924.0,Morning,Component_D,4.9,3.6,Good
100335,M007,2025-12-26,8.9,21.6,4.7,2,56.5,78.3,2.39,877.0,38,103431.0,33.0,780.9,Afternoon,Component_C,9.6,2.9,Good
100336,M005,2024-11-27,5.6,10.6,5.2,1,67.4,54.2,7.33,441.0,19,36414.0,29.0,508.1,Morning,Component_C,7.0,4.3,Good
100337,M009,2024-06-07,3.5,10.5,6.7,8,70.3,57.6,8.31,441.0,10,44642.0,28.6,397.8,Morning,Component_B,2.3,3.9,Good
100338,M011,2025-02-16,5.0,15.4,3.9,2,81.9,49.4,5.27,688.0,18,56710.0,25.2,542.7,Night,Component_D,6.7,1.4,Good
100339,M018,2024-10-13,7.2,18.0,5.3,2,56.1,57.9,4.32,783.0,20,76594.0,42.4,589.6,Afternoon,Component_B,5.5,1.9,Good
100340,M009,2025-06-07,4.3,23.2,4.9,6,64.8,57.7,4.11,1295.0,33,115850.0,65.0,840.5,Morning,Component_A,6.2,4.5,Good
100341,M009,2024-11-08,3.5,18.8,2.7,2,89.1,64.4,1.43,672.0,15,59957.0,54.7,770.9,Night,Component_A,8.8,3.6,Good
100342,M006,2025-11-11,6.7,15.0,4.7,2,84.5,59.0,3.99,661.0,24,43090.0,49.3,773.1,Morning,Component_A,6.7,1.9,Average
100343,M020,2024-01-27,,11.9,4.6,0,63.9,50.3,3.67,443.0,11,44840.0,37.9,535.0,Night,Component_B,5.7,3.6,Good
100344,M021,2025-04-22,4.5,20.9,4.6,1,71.4,57.3,3.35,875.0,28,68921.0,36.2,674.2,Morning,Component_B,5.6,4.3,Good
100345,M006,2024-12-31,4.6,12.1,5.1,1,95.6,48.9,5.21,497.0,23,38890.0,32.9,367.9,Night,Component_B,9.2,2.8,Average
100346,M004,2025-02-11,6.7,22.5,5.2,4,57.7,59.9,4.74,910.0,24,65220.0,60.6,970.7,Morning,Component_C,3.8,4.7,Good
100347,M025,2024-12-03,1.7,14.9,3.9,2,48.9,50.0,5.92,550.0,15,43538.0,31.4,677.2,Night,Component_C,0.5,4.2,Good
100348,M011,2025-02-11,1.8,22.4,8.2,5,65.6,42.4,3.7,1046.0,21,107223.0,41.8,1074.8,Morning,Component_D,5.3,4.6,Good
100349,M002,2024-03-16,3.8,18.7,2.1,3,71.0,44.8,5.58,766.0,20,77954.0,35.5,678.0,Afternoon,Component_B,7.1,0.8,Good
100350,M012,2025-10-29,5.4,15.5,3.2,3,62.4,44.4,4.51,636.0,16,66752.0,28.8,658.0,Afternoon,Component_A,4.8,2.1,Good
100351,M030,2024-03-15,6.9,13.9,11.9,5,83.7,50.2,5.57,649.0,26,51657.0,43.3,637.2,Night,Component_A,4.4,4.3,Good
100352,M008,2024-09-15,10.4,14.6,2.4,3,74.5,47.4,4.36,531.0,29,52156.0,26.2,417.8,Afternoon,Component_B,,3.0,Average
100353,M025,2024-12-22,8.6,17.7,1.6,3,64.7,54.8,7.7,813.0,35,69730.0,35.9,729.1,Afternoon,Component_D,5.9,2.1,Good
100354,M030,2025-05-29,5.5,16.3,6.8,5,65.5,51.5,0.5,539.0,12,58924.0,31.5,748.3,Morning,Component_A,2.1,3.0,Good
100355,M030,2024-10-11,5.9,13.6,0.5,4,63.0,59.6,5.63,604.0,20,61240.0,39.8,584.1,Afternoon,Component_D,8.0,0.2,Good
100356,M013,2025-02-19,3.0,15.3,4.4,1,82.0,58.4,6.04,676.0,24,57563.0,27.8,577.5,Afternoon,Component_B,0.5,2.3,Average
100357,M004,2024-02-23,5.9,16.3,10.4,4,66.3,52.1,2.22,661.0,15,73112.0,25.2,971.5,Afternoon,Component_C,7.6,5.5,Good
100358,M009,2025-02-25,5.1,7.5,1.1,3,57.7,66.2,7.78,247.0,7,25345.0,16.9,411.0,Afternoon,Component_A,6.9,1.7,Good
100359,M029,2024-08-10,7.0,17.8,0.5,1,83.5,46.7,4.54,735.0,39,54533.0,37.6,691.7,Night,Component_D,7.5,1.2,Good
100360,M029,2025-03-15,3.5,12.1,1.3,3,68.7,64.1,4.28,449.0,16,31397.0,27.8,448.4,Afternoon,Component_C,0.5,2.0,Good
100361,M016,2025-10-22,7.6,11.4,7.2,2,55.7,56.4,5.17,423.0,19,31634.0,34.3,512.3,Night,Component_D,6.9,5.7,Good
100362,M002,2025-07-06,10.6,9.3,7.8,3,92.6,51.5,6.1,388.0,22,46458.0,14.2,370.3,Afternoon,Component_C,4.4,5.8,Good
100363,M019,2025-06-15,5.7,8.8,3.7,1,79.3,65.2,4.74,356.0,8,28397.0,13.9,435.3,Morning,Component_B,10.8,2.9,Good
100364,M026,2024-09-02,7.2,10.6,6.7,1,72.6,60.0,4.68,522.0,20,64280.0,21.3,309.7,Afternoon,Component_C,7.1,4.5,Good
100365,M005,2025-07-25,8.1,13.2,8.5,2,69.5,45.3,6.01,558.0,20,44077.0,43.3,492.4,Morning,Component_A,2.5,3.1,Good
100366,M020,2025-12-15,4.8,23.8,9.5,4,68.6,58.3,6.24,1112.0,28,86060.0,43.7,1044.5,Afternoon,Component_B,0.9,4.5,Good
100367,M014,2025-04-02,6.7,13.9,4.4,2,68.4,58.3,5.11,659.0,29,71303.0,48.6,653.2,Afternoon,Component_B,4.2,2.8,Good
100368,M011,2024-07-01,6.0,16.7,0.5,2,68.7,64.1,1.71,867.0,20,94401.0,52.0,448.7,Morning,Component_A,8.4,0.1,Good
100369,M029,2024-09-15,6.3,17.6,2.9,4,64.9,60.3,2.67,634.0,15,65516.0,42.5,547.1,Night,Component_C,9.5,1.3,Good
100370,M003,2025-09-27,3.7,16.5,3.9,2,70.8,60.9,6.45,608.0,19,63926.0,49.4,413.1,Morning,Component_B,6.5,0.1,Good
100371,M020,2024-09-26,6.1,15.7,4.4,3,64.7,51.0,4.0,643.0,25,53353.0,39.8,499.1,Night,Component_B,6.2,2.7,Good
100372,M025,2025-09-12,7.5,11.2,4.5,4,74.7,53.1,3.42,502.0,22,53963.0,29.5,326.2,Morning,Component_B,5.0,2.6,Good
100373,M009,2024-12-16,10.4,21.8,7.8,5,71.7,52.7,5.29,963.0,37,94952.0,58.0,943.2,Afternoon,Component_D,5.9,4.5,Good
100374,M005,2024-07-06,8.9,23.2,8.2,3,63.6,40.6,5.07,958.0,35,85761.0,64.9,941.9,Night,Component_A,9.6,6.3,Good
100375,M023,2025-05-16,12.5,9.3,4.6,2,71.0,66.6,4.11,456.0,21,43967.0,15.1,367.0,Night,Component_A,5.0,4.3,Good
100376,M024,2024-06-25,3.7,11.9,7.7,5,78.5,44.9,5.84,440.0,14,48800.0,32.5,462.1,Afternoon,Component_B,8.0,2.6,Good
100377,M029,2025-01-27,8.6,14.9,5.9,4,,57.4,2.22,575.0,18,58005.0,43.7,725.8,Night,Component_B,4.4,2.3,Good
100378,M018,2025-03-13,6.6,12.1,5.2,1,78.9,52.0,1.38,524.0,11,32820.0,25.7,372.1,Morning,Component_A,9.0,3.9,Good
100379,M029,2024-12-14,12.6,18.0,7.3,5,57.3,52.9,7.2,1032.0,62,111836.0,62.2,431.3,Night,Component_C,7.7,6.8,Good
100380,M009,2025-05-08,3.6,13.1,5.2,2,66.5,61.1,2.48,517.0,19,55433.0,23.4,579.5,Morning,Component_B,8.9,2.6,Good
100381,M009,2024-03-03,3.5,24.0,10.1,3,40.0,48.0,1.84,960.0,23,85741.0,79.7,843.9,Morning,Component_D,11.6,6.5,Good
100382,M002,2024-06-28,4.2,20.8,1.4,2,78.8,59.1,3.91,808.0,32,78175.0,59.3,629.3,Afternoon,Component_A,0.5,1.6,Good
100383,M006,2025-06-17,1.0,16.9,3.7,10,63.1,59.2,4.45,654.0,9,63236.0,47.8,719.1,Afternoon,Component_C,8.3,1.5,Good
100384,M004,2024-11-06,4.4,20.1,4.7,4,66.0,48.0,3.64,1013.0,20,66157.0,65.4,456.2,Afternoon,Component_C,7.4,4.4,Good
100385,M027,2025-09-16,3.7,20.4,6.1,3,73.1,63.2,4.09,792.0,15,70468.0,64.5,642.6,Morning,Component_A,7.3,3.7,Good
100386,M001,2024-04-19,6.5,13.7,8.2,4,48.4,67.3,1.94,574.0,16,51405.0,30.0,271.8,Night,Component_D,6.7,3.5,Good
100387,M027,2025-05-29,7.0,12.7,4.9,5,72.7,73.2,5.78,544.0,15,50385.0,37.0,522.9,Morning,Component_B,6.7,5.0,Good
100388,M013,2024-09-14,11.6,16.3,1.4,3,79.8,52.6,1.75,590.0,27,51396.0,26.1,847.8,Night,Component_A,7.0,2.4,Good
100389,M005,2025-11-29,8.9,19.4,7.1,1,74.1,56.7,4.54,786.0,24,82485.0,47.1,666.0,Morning,Component_D,8.7,4.3,Good
100390,M014,2025-06-23,4.3,16.6,6.9,2,67.3,57.3,4.92,420.0,10,,56.0,534.3,Afternoon,Component_A,8.5,3.8,Good
100391,M028,2025-02-24,3.3,9.7,0.5,3,72.5,61.0,5.67,397.0,13,43135.0,19.9,513.7,Afternoon,Component_C,5.9,1.2,Good
100392,M014,2024-09-04,7.5,12.8,5.0,2,71.1,70.7,4.91,613.0,15,63897.0,20.5,565.6,Morning,Component_B,5.4,2.2,Good
100393,M019,2025-03-28,2.0,15.7,1.0,4,81.1,59.4,2.54,600.0,18,69244.0,41.9,899.6,Night,Component_C,6.1,0.7,Good
100394,M001,2024-01-09,11.5,15.7,3.3,5,87.1,59.6,3.76,580.0,25,70184.0,34.7,639.8,Morning,Component_A,4.8,5.3,Good
100395,M018,2025-12-02,9.5,23.9,2.7,0,67.1,45.1,3.23,794.0,46,96159.0,54.0,970.5,Afternoon,Component_D,11.3,3.7,Good
100396,M007,2024-10-14,4.6,10.5,7.0,2,74.8,73.4,1.67,306.0,5,23628.0,28.0,529.6,Afternoon,Component_A,2.2,5.3,Good
100397,M017,2025-04-09,1.0,18.0,5.3,3,64.0,50.7,5.28,590.0,14,59096.0,49.4,664.6,Afternoon,Component_B,8.2,2.9,Good
100398,M003,2024-03-15,10.1,22.0,1.8,4,77.0,31.1,3.14,1062.0,48,89456.0,52.2,899.7,Night,Component_A,8.2,1.7,Good
100399,M027,2024-04-11,5.7,24.0,7.2,2,77.5,34.5,4.77,944.0,27,136129.0,60.4,458.5,Morning,Component_A,4.4,2.6,Good
100400,M001,2025-05-25,9.7,14.4,1.4,0,70.0,57.9,4.3,638.0,24,66487.0,50.2,766.8,Night,Component_C,6.9,2.0,Good
100401,M001,2024-10-17,1.2,18.0,5.8,2,78.2,43.5,2.46,984.0,20,114385.0,61.5,742.7,Morning,Component_B,9.8,3.7,Good
100402,M012,2025-07-12,4.2,18.3,3.0,1,72.0,55.5,2.34,837.0,20,84981.0,53.3,688.1,Morning,Component_A,5.0,1.3,Good
100403,M013,2025-07-01,6.0,16.8,4.1,4,71.4,41.5,3.9,700.0,20,38828.0,30.6,772.3,Afternoon,Component_B,9.9,4.7,Good
100404,M024,2025-10-20,6.1,15.6,6.3,1,61.4,57.7,2.14,600.0,18,49948.0,34.6,457.6,Afternoon,Component_B,9.4,5.7,Good
100405,M022,2024-05-02,4.6,17.7,6.3,2,74.1,60.1,6.28,919.0,33,77854.0,57.8,603.7,Night,Component_D,3.9,4.1,Good
100406,M004,2025-10-26,7.9,5.9,8.3,1,65.1,56.6,6.92,331.0,19,29508.0,13.8,266.1,Afternoon,Component_D,2.7,9.0,Good
100407,M015,2025-03-05,2.8,18.7,4.8,4,82.4,48.7,5.91,866.0,19,86941.0,63.8,722.8,Morning,Component_C,,2.7,Good
100408,M024,2024-11-11,5.6,16.5,5.8,1,61.9,62.9,5.13,704.0,26,72174.0,40.9,697.2,Afternoon,Component_C,2.3,2.8,Good
100409,M023,2024-04-30,6.4,15.1,3.9,2,75.2,51.4,4.61,543.0,24,30185.0,48.7,616.7,Morning,Component_D,0.5,3.4,Good
100410,M025,2024-08-19,7.5,24.0,5.5,4,68.9,53.3,2.61,1270.0,41,116137.0,37.7,1048.1,Night,Component_A,4.5,4.1,Good
100411,M017,2025-08-29,8.1,13.3,6.1,3,75.2,50.4,5.99,627.0,26,54995.0,31.5,381.1,Afternoon,Component_A,12.5,6.2,Good
100412,M026,2024-01-23,2.6,14.4,4.8,9,71.3,52.6,6.97,576.0,11,66652.0,41.8,699.6,Afternoon,Component_B,4.7,2.2,Good
100413,M021,2025-09-18,1.4,24.0,0.5,1,62.2,71.8,3.89,972.0,22,100975.0,77.5,821.9,Morning,Component_C,7.1,0.7,Good
100414,M006,2025-04-06,9.8,12.7,5.8,0,85.1,55.0,4.43,445.0,22,41053.0,34.5,508.1,Afternoon,Component_D,8.1,3.4,Good
100415,M022,2025-10-28,7.0,13.8,5.9,1,61.4,43.6,3.05,677.0,19,66586.0,25.5,472.1,Night,Component_A,5.9,4.4,Good
100416,M026,2025-11-05,3.8,15.4,3.3,2,79.7,46.4,3.9,663.0,15,46208.0,50.4,557.4,Night,Component_D,5.0,2.7,Good
100417,M013,2025-08-11,10.7,19.4,1.8,1,51.6,52.5,2.24,872.0,38,91490.0,51.4,794.2,Afternoon,Component_B,9.7,2.4,Good
100418,M007,2024-10-18,6.3,16.8,8.7,0,68.5,47.8,3.98,758.0,31,67513.0,28.8,749.8,Morning,Component_D,6.1,6.4,Good
100419,M005,2025-12-28,9.5,10.8,6.2,5,90.4,63.5,5.28,471.0,29,39041.0,26.2,507.3,Night,Component_B,5.7,3.8,Good
100420,M011,2025-08-31,6.2,13.9,4.4,5,68.7,42.2,5.09,501.0,16,57471.0,40.3,588.7,Afternoon,Component_C,8.4,1.7,Good
100421,M005,2024-07-17,12.2,13.6,2.2,7,73.2,53.9,4.95,576.0,38,57084.0,32.7,476.4,Afternoon,Component_A,2.9,2.5,Good
100422,M030,2024-05-16,11.3,15.7,2.9,2,91.2,64.1,0.5,679.0,56,57728.0,50.9,665.6,Night,Component_A,2.2,1.8,Good
100423,M001,2025-01-04,5.3,17.7,8.3,4,70.3,49.3,4.59,802.0,21,68919.0,41.5,717.2,Morning,Component_A,1.1,6.9,Good
100424,M013,2024-01-21,8.9,17.7,5.3,6,75.1,59.0,5.6,561.0,15,56374.0,47.2,698.8,Afternoon,Component_C,7.7,4.1,Good
100425,M012,2024-06-08,7.9,8.9,3.6,3,79.3,54.6,4.48,363.0,13,36054.0,17.1,392.0,Afternoon,Component_B,5.5,2.8,Good
100426,M027,2024-11-17,10.1,20.3,6.3,7,55.4,54.7,6.54,927.0,45,88474.0,51.3,584.4,Morning,Component_A,8.5,3.8,Good
100427,M026,2024-10-26,3.1,17.0,3.0,3,66.2,59.6,4.32,790.0,23,60790.0,33.1,376.5,Morning,Component_C,6.2,2.1,Good
100428,M014,2025-09-24,8.1,21.5,8.8,4,73.6,38.3,5.21,1105.0,38,87481.0,41.9,1037.9,Afternoon,Component_A,1.9,7.1,Good
100429,M021,2025-04-17,9.2,17.8,8.4,2,52.8,65.8,2.7,580.0,24,48590.0,36.7,676.1,Morning,Component_A,4.9,5.7,Good
100430,M026,2025-12-05,1.0,20.4,3.8,3,88.4,37.9,5.56,980.0,35,90217.0,32.4,845.1,Morning,Component_C,8.7,2.4,Good
100431,M001,2025-04-03,2.5,17.9,3.4,2,81.1,65.2,5.92,796.0,29,75127.0,32.7,561.0,Morning,Component_A,5.2,2.0,Good
100432,M026,2024-12-01,1.0,21.4,0.5,2,79.3,58.9,3.22,751.0,18,69543.0,50.3,1031.3,Afternoon,Component_A,9.6,0.1,Good
100433,M013,2025-12-27,5.2,18.1,1.3,5,87.8,59.3,1.93,577.0,17,53826.0,31.9,748.9,Morning,Component_D,4.6,1.2,Good
100434,M018,2025-10-16,8.2,15.6,1.7,2,80.7,69.5,3.69,739.0,27,91059.0,27.6,586.8,Night,Component_D,8.2,2.4,Good
100435,M017,2025-10-28,10.5,24.0,5.3,3,69.2,65.7,2.7,881.0,33,94918.0,80.0,987.9,Night,Component_B,0.7,3.7,Good
100436,M008,2024-01-16,6.2,19.6,4.2,4,52.4,62.3,5.58,697.0,22,78638.0,46.1,484.1,Morning,Component_C,5.3,3.5,Good
100437,M008,2024-10-28,10.9,18.3,1.6,1,63.8,52.3,3.62,843.0,30,85956.0,42.2,771.8,Night,Component_D,4.8,3.0,Good
100438,M008,2025-04-25,1.9,10.9,4.3,1,64.2,51.8,5.79,431.0,16,,22.2,547.7,Morning,Component_D,1.8,2.4,Good
100439,M029,2024-12-24,1.0,10.8,6.3,3,79.4,62.6,1.69,415.0,12,41977.0,27.3,439.6,Morning,Component_A,9.3,1.6,Good
100440,M026,2025-12-12,5.8,17.2,6.3,3,73.0,59.1,3.01,823.0,30,80973.0,46.3,690.8,Night,Component_D,4.1,3.8,Good
100441,M026,2025-07-30,7.2,16.6,0.5,3,53.2,57.7,3.13,1044.0,26,111833.0,38.8,603.1,Afternoon,Component_B,3.8,1.5,Good
100442,M017,2024-01-19,5.9,13.5,4.7,3,82.4,54.5,5.0,635.0,37,51037.0,30.9,641.7,Morning,Component_A,9.9,3.3,Good
100443,M020,2025-08-24,1.0,16.6,1.5,1,88.0,51.3,0.76,745.0,17,78874.0,48.2,796.3,Morning,Component_A,6.5,1.3,Good
100444,M012,2025-07-02,5.7,22.4,7.3,3,89.7,42.5,4.01,771.0,29,75177.0,76.1,785.2,Night,Component_B,8.3,2.4,Good
100445,M011,2025-11-28,2.1,18.8,7.0,3,58.4,60.8,3.84,916.0,19,62191.0,61.2,772.5,Night,Component_A,0.9,6.0,Good
100446,M017,2025-03-14,8.0,11.4,2.8,0,75.9,53.4,5.15,436.0,15,41981.0,19.8,470.4,Morning,Component_B,3.6,1.6,Good
100447,M020,2024-11-04,7.1,15.6,3.1,2,59.9,52.8,4.59,574.0,25,43283.0,43.8,657.1,Night,Component_B,12.3,3.6,Good
100448,M007,2024-02-16,3.2,12.8,3.8,1,95.3,38.7,2.78,563.0,32,48967.0,19.4,413.7,Afternoon,Component_B,8.6,1.3,Average
100449,M010,2024-05-10,4.5,14.4,0.5,3,72.4,55.8,0.5,649.0,16,60105.0,39.8,687.8,Afternoon,Component_D,2.8,1.5,Good
100450,M023,2024-03-28,2.8,14.3,5.8,2,67.6,42.7,3.11,578.0,8,41843.0,34.7,613.7,Afternoon,Component_A,6.7,3.4,Good
100451,M017,2024-12-07,,14.1,4.3,1,65.3,51.1,2.22,505.0,17,47568.0,35.0,683.0,Morning,Component_C,3.0,3.1,Good
100452,M026,2024-03-02,8.9,11.0,7.4,3,76.0,62.1,2.32,391.0,14,37547.0,29.4,337.6,Night,Component_D,10.2,3.2,Good
100453,M018,2024-05-08,3.0,15.5,2.3,3,78.2,55.6,3.18,633.0,25,67304.0,46.3,464.0,Night,Component_C,0.5,1.6,Good
100454,M027,2024-02-08,7.5,13.8,3.5,4,52.2,54.1,5.97,595.0,15,52475.0,40.8,766.8,Morning,Component_A,6.8,3.0,Good
100455,M022,2024-06-09,4.4,4.3,1.2,1,88.8,48.5,2.22,166.0,4,16453.0,6.8,211.7,Morning,Component_B,6.8,1.7,Good
100456,M027,2025-11-04,3.6,24.0,2.5,1,77.7,50.1,1.16,775.0,24,72516.0,71.4,762.7,Night,Component_C,2.7,2.1,Good
100457,M029,2024-02-18,5.7,20.4,2.0,7,88.7,69.3,3.46,714.0,29,63350.0,64.5,928.3,Morning,Component_D,5.2,0.8,Good
100458,M022,2025-09-28,2.9,14.5,7.5,1,92.5,62.0,4.0,670.0,25,46861.0,23.7,502.8,Night,Component_B,7.1,4.7,Good
100459,M017,2024-10-31,4.3,16.1,3.3,5,70.8,50.8,3.88,634.0,13,59169.0,34.5,401.6,Night,Component_C,0.7,1.7,Good
100460,M020,2025-01-28,2.4,11.3,5.3,0,82.3,54.1,3.31,428.0,11,45440.0,34.9,244.3,Morning,Component_A,2.2,2.7,Good
100461,M011,2024-12-17,11.9,22.8,4.0,7,65.1,57.2,4.06,1354.0,61,109666.0,56.7,886.2,Morning,Component_C,5.5,3.2,Good
100462,M009,2024-03-11,6.1,23.6,1.8,3,66.4,58.9,4.89,716.0,26,65681.0,68.2,1200.0,Morning,Component_D,3.5,1.6,Good
100463,M008,2025-04-04,3.9,16.6,4.6,1,90.9,54.8,2.93,710.0,20,66699.0,41.6,840.6,Morning,Component_A,4.6,4.7,Good
100464,M011,2024-02-08,6.6,20.1,6.5,4,63.1,39.1,6.3,939.0,25,104733.0,69.5,979.6,Morning,Component_B,5.9,3.0,Good
100465,M004,2024-04-09,5.7,16.7,2.0,5,74.4,54.7,4.17,611.0,19,58321.0,56.3,756.9,Morning,Component_D,3.3,2.4,Good
100466,M019,2025-04-19,5.3,10.7,7.0,2,61.1,54.2,6.26,454.0,10,45092.0,22.1,444.4,Night,Component_B,5.9,6.3,Good
100467,M008,2025-05-27,7.8,14.4,2.9,1,64.1,73.5,4.97,503.0,24,47720.0,32.7,695.5,Afternoon,Component_A,6.9,2.3,Good
100468,M029,2025-11-16,8.3,16.5,3.8,2,65.9,79.2,2.23,755.0,27,66150.0,39.0,378.2,Morning,Component_C,8.3,4.5,Average
100469,M009,2025-11-06,4.4,14.2,6.3,6,,60.8,0.98,498.0,19,38835.0,24.3,660.8,Night,Component_D,2.3,2.9,Good
100470,M014,2025-11-14,4.3,15.1,3.3,1,78.2,48.9,6.42,598.0,26,54253.0,34.9,447.0,Night,Component_B,4.1,2.0,Good
100471,M014,2025-06-26,5.2,15.6,5.1,4,82.1,61.1,2.86,752.0,30,75877.0,47.6,489.3,Night,Component_A,7.8,3.8,Good
100472,M001,2024-04-06,1.0,15.7,4.2,4,50.3,39.7,4.33,720.0,11,69729.0,50.1,686.0,Night,Component_A,1.6,1.8,Good
100473,M026,2025-09-13,1.5,16.2,5.3,2,72.4,50.2,3.42,804.0,13,94223.0,53.0,739.0,Morning,Component_C,6.3,2.2,Good
100474,M015,2025-11-28,10.1,11.8,0.5,1,67.4,40.4,6.92,657.0,31,71736.0,18.0,411.0,Night,Component_D,6.1,1.7,Average
100475,M030,2025-01-22,10.9,13.1,0.5,0,77.9,60.0,4.37,543.0,33,61689.0,40.3,587.3,Afternoon,Component_C,0.5,2.6,Good
100476,M030,2025-05-26,5.3,10.9,6.5,2,100.9,44.1,2.02,568.0,21,36645.0,27.3,473.9,Morning,Component_A,4.5,1.8,Average
100477,M008,2024-02-22,7.7,19.9,7.6,4,43.3,52.4,4.03,890.0,19,105634.0,38.1,722.1,Afternoon,Component_C,7.0,1.5,Good
100478,M005,2025-04-17,6.9,7.6,2.7,4,76.8,54.6,6.52,396.0,18,39205.0,19.0,312.0,Afternoon,Component_D,,2.0,Good
100479,M019,2025-09-06,15.0,20.6,4.4,3,98.5,54.7,2.93,847.0,67,85660.0,65.7,1155.7,Night,Component_A,4.6,4.7,Average
100480,M016,2024-07-03,9.4,21.5,5.7,5,65.9,50.7,1.69,1006.0,37,109091.0,50.9,787.4,Afternoon,Component_B,6.5,5.1,Good
100481,M010,2024-07-19,5.6,14.8,6.7,5,73.8,58.0,5.81,576.0,25,54904.0,51.5,544.3,Morning,Component_A,9.0,0.7,Good
100482,M011,2024-03-18,3.1,5.6,0.5,2,80.1,43.7,2.74,287.0,14,22657.0,15.3,225.7,Night,Component_C,7.6,2.0,Good
100483,M005,2024-09-04,1.2,14.6,2.8,2,46.1,70.7,1.44,,12,87533.0,36.2,535.8,Morning,Component_C,3.7,1.9,Good
100484,M010,2025-03-09,6.6,15.7,4.2,4,75.2,45.7,2.8,617.0,27,51505.0,32.8,709.1,Morning,Component_C,1.6,4.1,Good
100485,M016,2024-02-01,3.7,12.0,6.8,1,62.5,55.4,4.9,523.0,12,41952.0,18.3,604.4,Afternoon,Component_C,7.6,2.0,Good
100486,M004,2025-10-07,1.7,13.9,11.2,4,96.6,60.6,5.2,511.0,23,46749.0,37.8,504.2,Afternoon,Component_A,2.5,5.1,Good
100487,M001,2025-03-28,4.1,22.1,4.4,5,69.5,61.1,5.12,1002.0,20,89388.0,58.7,696.5,Morning,Component_D,4.4,4.3,Good
100488,M029,2025-08-27,2.8,18.7,1.5,3,63.5,62.0,2.56,942.0,25,89544.0,47.4,1011.6,Night,Component_A,6.6,1.6,Good
100489,M024,2025-05-20,11.1,12.3,6.0,3,82.2,40.7,6.02,431.0,20,40310.0,31.7,501.4,Morning,Component_D,9.4,5.3,Good
100490,M015,2025-01-15,8.6,9.6,8.3,4,77.9,46.7,5.73,557.0,18,64170.0,30.6,251.1,Afternoon,Component_A,9.9,4.9,Good
100491,M029,2025-01-28,6.0,14.7,5.3,1,82.8,56.2,5.28,612.0,31,62357.0,31.4,789.6,Morning,Component_A,6.2,2.9,Average
100492,M007,2025-02-10,10.4,15.1,2.7,3,94.9,59.3,2.51,661.0,33,54290.0,39.3,730.6,Afternoon,Component_D,4.5,3.1,Good
100493,M027,2024-06-29,6.2,18.0,7.4,4,65.0,66.3,3.33,877.0,20,73837.0,51.5,927.0,Morning,Component_C,2.4,5.3,Good
100494,M020,2024-11-12,3.4,13.9,6.7,3,92.6,50.4,5.01,483.0,9,43073.0,26.7,694.5,Afternoon,Component_D,11.9,3.4,Good
100495,M004,2025-10-20,10.6,18.0,2.4,1,94.5,46.9,5.48,862.0,38,76922.0,60.3,1086.1,Morning,Component_D,5.1,3.0,Good
100496,M014,2025-10-05,7.6,23.7,6.0,4,62.8,50.1,2.62,797.0,25,69561.0,70.5,719.2,Afternoon,Component_B,8.0,2.9,Good
100497,M029,2025-11-02,2.9,19.3,7.5,2,63.9,75.3,7.59,766.0,17,60111.0,31.0,616.4,Night,Component_B,6.6,3.7,Average
100498,M005,2024-10-28,5.4,15.8,8.0,4,72.6,68.5,4.19,623.0,18,61899.0,51.0,549.0,Night,Component_C,4.5,6.1,Good
100499,M017,2025-07-27,3.4,15.3,4.8,1,69.6,53.5,6.15,613.0,16,54046.0,51.4,524.4,Night,Component_B,4.4,2.8,Good
100500,M004,2024-11-05,1.9,14.6,4.1,4,92.5,66.6,2.21,553.0,18,44640.0,45.1,573.0,Night,Component_A,1.9,2.4,Good
100501,M005,2025-12-27,8.8,20.7,8.1,2,61.6,49.8,4.82,822.0,40,84076.0,48.7,723.1,Morning,Component_B,9.4,4.9,Good
100502,M024,2025-07-31,11.7,13.5,2.0,4,74.9,63.6,2.17,535.0,21,57629.0,47.1,407.9,Morning,Component_D,5.6,2.4,Good
100503,M017,2025-06-13,1.8,16.2,6.1,2,62.8,42.6,4.72,629.0,11,57437.0,28.3,505.9,Afternoon,Component_A,10.3,3.3,Good
100504,M011,2025-08-30,7.7,16.2,1.6,7,73.3,58.2,5.28,781.0,24,95065.0,41.7,592.9,Morning,Component_D,4.7,2.2,Good
100505,M004,2025-07-13,4.0,14.0,7.7,3,97.7,64.2,5.38,587.0,23,75273.0,25.8,668.2,Morning,Component_A,5.1,3.3,Average
100506,M026,2025-07-13,4.5,10.5,4.4,2,93.9,52.1,3.12,399.0,16,40879.0,25.0,359.7,Afternoon,Component_D,2.6,3.3,Average
100507,M026,2024-08-27,4.2,17.3,8.2,2,76.5,60.5,1.17,779.0,26,68527.0,58.0,777.9,Morning,Component_A,5.1,4.6,Good
100508,M029,2024-08-09,3.4,15.8,6.2,3,79.6,49.9,5.03,697.0,24,69027.0,48.8,440.2,Night,Component_C,2.3,5.3,Good
100509,M015,2025-10-28,6.1,18.0,1.9,2,77.7,57.7,3.73,633.0,22,48509.0,55.2,235.6,Night,Component_D,7.2,2.6,Good
100510,M007,2025-07-27,3.5,13.9,8.6,0,68.4,50.7,3.73,,14,39896.0,30.7,520.4,Morning,Component_D,6.3,4.3,Good
100511,M005,2024-04-11,6.8,20.9,8.9,0,95.0,62.4,2.79,975.0,53,68016.0,70.4,705.8,Morning,Component_A,10.4,8.5,Good
100512,M014,2025-01-15,5.8,12.5,7.2,4,87.8,43.6,4.35,324.0,16,27726.0,28.0,398.4,Afternoon,Component_D,1.6,3.6,Good
100513,M001,2024-12-23,5.3,22.8,3.1,3,74.8,45.9,4.44,762.0,24,58302.0,36.0,694.8,Morning,Component_C,9.6,2.3,Good
100514,M007,2024-11-29,3.3,9.0,4.2,2,69.4,66.8,6.35,437.0,7,45606.0,25.0,297.7,Night,Component_D,3.1,2.3,Good
100515,M013,2024-11-03,4.3,17.7,5.4,0,70.2,32.9,0.82,701.0,23,58718.0,39.4,541.4,Afternoon,Component_C,7.0,4.1,Good
100516,M013,2024-01-01,8.3,17.9,3.2,3,76.1,49.2,2.06,906.0,39,89829.0,32.4,568.4,Afternoon,Component_B,2.6,3.1,Good
100517,M001,2025-07-05,7.5,12.8,9.2,9,71.6,53.7,5.27,518.0,11,55021.0,43.1,362.3,Afternoon,Component_B,6.6,7.9,Good
100518,M015,2025-08-06,3.1,17.7,5.4,3,85.7,58.2,0.5,848.0,31,95459.0,49.1,377.3,Morning,Component_B,0.5,2.3,Good
100519,M002,2024-05-24,6.3,21.1,0.5,5,77.7,50.7,3.14,825.0,26,74001.0,71.3,441.5,Morning,Component_C,4.0,1.3,Good
100520,M008,2024-01-01,8.3,7.1,5.8,7,60.6,44.9,8.72,316.0,17,31492.0,18.9,426.2,Morning,Component_C,6.3,4.9,Good
100521,M025,2025-08-12,1.0,18.0,4.1,4,58.2,66.0,3.95,734.0,9,73501.0,29.3,676.9,Afternoon,Component_A,11.3,2.9,Good
100522,M008,2025-05-05,7.6,6.0,4.8,4,83.9,64.5,5.7,279.0,6,31829.0,9.4,316.4,Afternoon,Component_D,0.5,2.0,Good
100523,M024,2025-05-06,4.0,12.1,4.1,1,58.1,51.6,1.42,528.0,11,56366.0,39.9,450.6,Night,Component_C,6.0,1.3,Good
100524,M014,2025-12-17,7.7,22.5,7.0,2,67.8,38.9,5.71,999.0,31,114436.0,35.5,844.4,Night,Component_A,4.4,4.0,Good
100525,M022,2025-12-17,3.7,13.7,7.8,3,66.7,57.8,3.77,462.0,15,32354.0,37.4,561.6,Morning,Component_B,0.5,4.4,Good
100526,M023,2025-05-17,1.0,11.3,5.7,4,57.1,56.6,4.97,462.0,9,39287.0,23.7,489.3,Morning,Component_D,2.6,4.0,Good
100527,M004,2025-06-17,1.1,15.2,4.2,2,75.7,49.0,5.45,718.0,24,79323.0,43.7,428.2,Night,Component_C,4.6,1.5,Good
100528,M028,2025-01-16,6.1,24.0,4.9,2,70.5,37.4,3.52,1026.0,33,106407.0,49.7,851.3,Night,Component_A,7.4,3.7,Good
100529,M013,2024-08-19,6.8,8.7,5.0,0,64.3,52.6,5.32,402.0,9,37436.0,13.7,365.4,Morning,Component_A,6.3,3.7,Good
100530,M005,2025-07-10,3.3,11.8,3.0,2,97.0,61.9,2.43,398.0,17,34980.0,34.9,272.5,Morning,Component_C,2.1,0.8,Good
100531,M014,2024-10-15,7.9,22.0,6.4,2,42.8,63.3,4.54,1085.0,38,115911.0,46.7,1080.1,Morning,Component_B,0.5,3.0,Good
100532,M018,2025-01-30,1.0,23.4,6.2,2,61.6,54.6,5.38,821.0,12,53617.0,60.9,1090.1,Morning,Component_A,7.3,2.0,Good
100533,M010,2025-12-09,5.8,15.6,8.9,4,65.1,49.4,3.48,596.0,12,63702.0,47.5,342.1,Night,Component_C,5.4,3.8,Good
100534,M027,2024-05-09,2.4,11.0,8.1,2,55.7,61.6,2.71,428.0,9,41242.0,32.0,345.4,Morning,Component_C,10.8,6.1,Good
100535,M004,2024-11-10,4.0,24.0,3.3,4,99.1,44.8,3.62,1042.0,45,91349.0,52.7,940.1,Morning,Component_A,4.9,1.5,Average
100536,M007,2025-05-24,6.1,22.4,7.1,3,99.0,42.8,6.41,964.0,62,98845.0,67.1,1014.3,Night,Component_D,9.4,7.8,Average
100537,M004,2025-05-16,3.4,18.7,2.6,1,63.8,54.2,6.13,852.0,29,76006.0,62.7,945.7,Night,Component_D,7.6,0.9,Good
100538,M022,2024-05-29,4.8,12.8,6.7,3,87.2,68.9,5.82,593.0,24,56593.0,34.8,430.7,Morning,Component_D,8.5,4.5,Good
100539,M011,2025-12-25,9.0,15.8,3.7,6,79.2,69.3,7.21,834.0,33,78651.0,45.9,913.9,Morning,Component_A,7.3,3.4,Good
100540,M011,2025-09-08,4.3,15.4,2.4,4,91.9,43.1,4.51,643.0,28,68266.0,49.8,587.8,Afternoon,Component_A,7.4,0.9,Good
100541,M012,2025-11-19,8.5,17.3,5.7,2,70.7,51.1,4.82,614.0,16,59796.0,55.1,643.4,Morning,Component_C,0.5,5.2,Good
100542,M024,2025-01-30,2.6,21.8,0.5,6,77.2,76.9,0.91,857.0,15,56873.0,48.0,931.6,Morning,Component_C,5.3,0.5,Good
100543,M015,2025-12-11,7.6,19.5,0.6,3,88.8,48.8,2.86,649.0,22,48103.0,67.9,804.7,Night,Component_C,4.0,1.5,Good
100544,M005,2024-08-04,10.3,11.7,4.6,2,87.0,69.6,5.42,462.0,25,36377.0,18.2,489.1,Morning,Component_B,9.8,3.0,Average
100545,M008,2025-04-25,1.0,21.5,5.2,5,73.8,63.8,6.06,681.0,14,69359.0,74.7,1162.3,Morning,Component_B,3.0,4.3,Good
100546,M020,2025-06-11,3.6,17.3,4.1,4,60.7,65.7,2.17,632.0,19,65319.0,34.5,698.8,Afternoon,Component_D,5.2,3.6,Good
100547,M011,2024-06-16,7.7,18.7,1.1,2,62.8,51.0,4.33,597.0,24,71673.0,44.5,578.8,Morning,Component_C,8.4,0.5,Good
100548,M018,2024-06-21,5.4,21.9,3.0,4,49.8,51.3,8.39,1034.0,49,,71.6,695.9,Morning,Component_A,6.9,2.8,Good
100549,M025,2025-07-29,7.1,11.6,6.0,2,81.4,46.8,4.34,481.0,16,55141.0,23.1,591.7,Night,Component_C,6.5,3.7,Good
100550,M018,2025-12-03,4.2,15.9,6.5,1,74.5,62.2,7.1,856.0,29,56438.0,31.0,699.6,Afternoon,Component_C,9.3,2.5,Good
100551,M023,2025-11-21,,13.9,5.0,3,75.5,40.3,5.13,,21,64591.0,38.7,367.7,Morning,Component_D,6.8,2.9,Good
100552,M006,2024-08-24,5.5,9.7,7.9,2,71.7,53.5,5.51,468.0,15,46181.0,28.2,255.0,Afternoon,Component_B,4.4,6.6,Good
100553,M018,2024-01-10,9.5,17.4,6.0,3,58.3,69.7,2.86,715.0,28,70516.0,26.4,683.7,Morning,Component_C,2.1,5.3,Good
100554,M019,2024-03-16,6.8,24.0,3.1,5,75.8,60.4,1.6,1072.0,37,96862.0,57.6,1044.0,Morning,Component_A,7.5,4.4,Good
100555,M028,2024-08-01,7.0,8.6,4.3,3,79.3,64.0,5.8,290.0,13,28063.0,21.3,294.2,Night,Component_D,3.7,4.4,Good
100556,M014,2024-04-30,4.8,15.9,1.5,2,61.6,40.2,5.05,588.0,12,44965.0,32.5,400.1,Morning,Component_B,5.3,0.1,Good
100557,M011,2024-06-21,4.5,18.6,4.7,0,71.7,46.1,4.61,850.0,16,91781.0,48.2,548.4,Afternoon,Component_C,9.2,3.6,Good
100558,M027,2025-07-21,4.7,16.5,7.8,2,64.2,65.7,2.11,537.0,15,53027.0,29.9,853.6,Afternoon,Component_B,5.3,5.0,Good
100559,M007,2024-08-17,7.2,15.5,6.7,2,69.4,56.1,3.86,631.0,22,63374.0,33.3,665.0,Morning,Component_A,4.7,7.1,Good
100560,M014,2025-08-07,4.7,10.8,8.5,5,58.4,45.6,3.39,520.0,7,47224.0,31.6,506.2,Afternoon,Component_A,5.2,4.5,Good
100561,M016,2025-12-24,6.9,16.9,4.2,1,68.8,60.6,3.57,695.0,24,62606.0,54.9,813.5,Night,Component_C,5.2,2.4,Good
100562,M030,2024-01-13,12.2,13.0,8.4,1,91.5,50.2,4.91,503.0,29,51744.0,34.8,453.3,Afternoon,Component_D,3.0,8.5,Good
100563,M022,2024-03-04,8.6,7.2,4.5,2,66.0,77.8,5.77,233.0,11,27692.0,11.9,269.3,Afternoon,Component_D,11.0,2.3,Good
100564,M013,2025-09-18,5.0,20.8,8.7,2,63.8,60.4,5.01,946.0,23,70094.0,59.4,772.4,Morning,Component_D,4.4,4.5,Good
100565,M006,2025-12-28,9.6,19.8,4.9,3,64.6,46.7,4.85,880.0,42,64538.0,65.2,837.6,Afternoon,Component_D,8.4,5.5,Average
100566,M023,2025-10-31,4.8,16.2,6.8,1,69.7,62.9,4.7,664.0,19,65731.0,40.6,766.4,Night,Component_D,2.9,4.9,Good
100567,M015,2025-09-17,1.0,16.9,8.7,2,93.5,69.5,4.19,715.0,30,64362.0,42.0,897.0,Afternoon,Component_C,7.6,5.4,Good
100568,M005,2025-07-19,3.0,20.3,4.5,1,88.9,54.9,3.0,929.0,24,89984.0,70.7,909.6,Night,Component_B,6.5,2.8,Good
100569,M017,2025-06-13,1.0,16.9,5.5,0,70.3,48.1,4.58,828.0,13,78365.0,46.9,755.3,Night,Component_A,6.1,4.6,Good
100570,M005,2025-06-20,4.9,19.6,8.2,4,64.3,55.4,5.85,774.0,15,80752.0,61.0,1056.7,Night,Component_C,6.5,5.6,Good
100571,M025,2025-11-23,6.1,14.8,4.7,2,50.9,49.5,4.29,615.0,20,55785.0,41.3,550.3,Night,Component_A,,2.4,Good
100572,M018,2025-06-06,11.0,21.2,1.7,3,61.1,52.7,2.84,1068.0,45,82104.0,41.2,1029.3,Afternoon,Component_C,,3.1,Good
100573,M010,2025-11-10,7.0,17.3,10.4,4,48.3,42.5,2.35,754.0,22,62697.0,35.8,751.4,Afternoon,Component_C,5.5,8.8,Good
100574,M019,2025-04-26,5.3,16.8,3.8,4,,62.9,2.78,576.0,17,53334.0,47.6,731.6,Morning,Component_A,7.7,1.7,Good
100575,M002,2025-08-24,8.5,10.9,5.4,6,88.0,44.7,2.44,385.0,17,29328.0,26.3,412.5,Night,Component_C,2.6,5.1,Good
100576,M021,2024-03-27,1.0,17.1,7.9,3,67.5,60.5,9.7,621.0,23,58652.0,39.5,461.1,Morning,Component_C,2.1,1.8,Good
100577,M016,2025-05-11,6.7,12.7,3.5,4,76.6,52.3,2.92,500.0,13,47956.0,19.6,531.0,Night,Component_C,6.5,1.4,Good
100578,M021,2025-03-01,8.3,13.4,2.5,1,58.9,57.0,4.43,549.0,28,49208.0,43.8,563.2,Night,Component_C,0.5,1.8,Good
100579,M013,2025-11-17,1.6,12.7,5.6,4,48.7,50.7,4.34,680.0,12,66734.0,41.5,427.3,Night,Component_C,1.0,3.8,Good
100580,M028,2024-02-25,9.4,11.7,0.5,5,72.7,56.8,7.04,517.0,27,36596.0,28.3,454.3,Afternoon,Component_D,11.4,2.3,Good
100581,M021,2025-12-29,7.0,24.0,4.3,0,76.6,58.9,5.27,1073.0,34,86593.0,69.6,756.7,Night,Component_C,10.6,4.5,Good
100582,M022,2025-09-01,4.8,21.3,5.6,1,92.4,51.8,5.26,1086.0,42,84555.0,39.5,670.2,Night,Component_C,4.3,2.2,Good
100583,M019,2024-11-20,7.9,23.7,4.3,5,96.8,39.4,4.81,1191.0,60,128864.0,59.4,825.2,Morning,Component_C,9.0,3.5,Good
100584,M024,2025-06-24,12.8,11.1,1.1,5,68.7,58.0,5.0,557.0,20,72183.0,26.4,329.4,Night,Component_B,9.1,2.9,Good
100585,M003,2025-04-22,6.5,,9.0,5,82.9,58.5,5.08,578.0,10,47273.0,45.9,556.3,Morning,Component_C,7.4,7.2,Good
100586,M018,2024-11-11,6.7,10.8,5.3,3,75.8,42.1,3.37,414.0,15,37869.0,26.3,485.5,Afternoon,Component_C,5.8,5.2,Good
100587,M025,2025-05-15,4.6,13.2,8.6,3,72.0,46.2,2.85,478.0,10,40438.0,33.0,664.6,Afternoon,Component_B,7.9,3.3,Good
100588,M014,2025-10-26,3.5,12.3,4.3,5,71.6,51.9,4.61,534.0,8,52502.0,25.7,678.6,Night,Component_B,8.4,2.9,Good
100589,M022,2024-04-16,8.5,21.0,2.8,4,70.3,34.3,3.53,775.0,25,66552.0,33.5,747.8,Night,Component_A,7.9,2.4,Good
100590,M007,2025-11-14,3.4,14.4,5.7,2,70.8,61.4,4.83,463.0,11,45949.0,48.0,692.3,Morning,Component_A,1.4,5.8,Good
100591,M030,2025-02-21,6.2,20.3,4.5,1,91.9,50.6,2.56,707.0,30,74218.0,30.9,838.4,Morning,Component_A,12.1,4.4,Good
100592,M012,2024-04-30,4.6,18.4,2.1,3,74.6,57.6,1.85,1097.0,29,84077.0,38.0,673.5,Afternoon,Component_A,13.2,1.3,Good
100593,M017,2024-01-12,7.4,24.0,8.7,3,92.9,45.4,2.2,959.0,47,95011.0,57.5,1004.0,Night,Component_B,0.5,5.0,Average
100594,M012,2024-12-14,7.0,10.1,3.4,5,61.2,73.2,4.37,532.0,9,36223.0,21.6,486.9,Night,Component_A,7.5,1.5,Good
100595,M030,2025-07-04,9.1,21.0,0.5,5,40.0,42.2,1.59,851.0,35,77570.0,54.7,732.5,Morning,Component_C,12.1,0.9,Good
100596,M003,2024-05-26,4.5,20.6,8.3,4,66.4,50.5,8.01,971.0,34,87531.0,49.9,705.9,Morning,Component_B,9.0,4.8,Good
100597,M023,2025-10-20,5.2,12.1,3.7,2,62.0,65.8,8.01,510.0,22,46697.0,24.3,430.5,Afternoon,Component_D,9.0,2.1,Good
100598,M008,2024-01-29,3.1,20.0,3.5,1,54.1,44.7,6.09,861.0,23,77765.0,33.5,665.9,Afternoon,Component_C,1.7,2.6,Good
100599,M027,2025-12-06,4.7,17.3,0.6,4,87.6,55.8,3.84,821.0,29,71900.0,30.7,832.7,Night,Component_D,8.4,0.1,Good
100600,M028,2025-08-24,7.1,15.1,9.4,2,56.0,60.6,3.63,601.0,14,54699.0,37.3,495.7,Morning,Component_A,6.7,4.1,Good
100601,M018,2025-05-07,8.3,12.7,1.8,2,79.0,41.4,5.03,436.0,23,42977.0,40.5,439.5,Afternoon,Component_A,8.3,2.1,Good
100602,M021,2024-12-22,3.2,13.1,5.1,3,96.2,49.0,5.57,449.0,23,44448.0,22.3,536.8,Morning,Component_C,2.9,2.1,Good
100603,M021,2024-08-13,8.6,24.0,7.3,1,58.2,56.7,5.03,895.0,35,86572.0,68.5,973.4,Afternoon,Component_A,2.8,6.0,Good
100604,M025,2024-11-27,10.1,16.0,6.1,3,69.2,59.1,2.14,707.0,29,61082.0,49.3,575.7,Night,Component_A,5.6,4.8,Good
100605,M015,2025-06-15,7.2,19.1,4.9,3,88.2,47.6,4.16,566.0,24,62942.0,39.2,997.5,Afternoon,Component_A,4.9,2.4,Good
100606,M019,2025-05-28,11.6,12.8,0.7,10,67.0,71.6,5.46,544.0,14,64127.0,36.3,445.0,Afternoon,Component_A,5.5,2.5,Good
100607,M013,2024-06-04,3.7,12.9,3.0,2,76.0,59.3,0.5,672.0,25,50853.0,37.1,479.9,Morning,Component_D,4.6,3.7,Good
100608,M016,2025-06-29,2.3,20.3,5.5,2,79.7,62.0,2.51,832.0,26,81090.0,59.2,463.1,Afternoon,Component_C,5.4,3.8,Good
100609,M027,2024-10-03,1.0,10.6,3.0,3,74.1,61.5,5.45,383.0,9,33696.0,34.8,378.9,Morning,Component_A,4.0,1.7,Good
100610,M015,2024-12-04,10.5,14.3,5.5,9,66.6,40.9,3.94,833.0,27,90700.0,32.8,413.1,Night,Component_D,5.9,2.0,Good
100611,M030,2025-12-18,8.0,16.1,6.7,3,62.6,54.0,3.94,829.0,26,78598.0,32.0,509.8,Night,Component_B,1.7,4.8,Good
100612,M011,2024-12-02,5.8,16.4,7.4,2,58.9,54.9,6.5,754.0,27,72231.0,42.4,378.2,Afternoon,Component_C,7.5,5.6,Good
100613,M027,2025-03-15,6.8,15.3,1.9,2,79.2,52.7,4.4,565.0,25,57870.0,24.9,485.8,Night,Component_C,6.8,1.8,Good
100614,M013,2025-01-23,2.6,17.6,10.5,2,64.1,56.9,3.65,807.0,25,73063.0,38.2,663.4,Morning,Component_B,2.2,2.4,Good
100615,M021,2024-12-06,13.3,18.8,6.9,2,86.4,36.0,3.94,686.0,40,82431.0,61.4,704.3,Morning,Component_A,10.0,4.8,Good
100616,M014,2025-11-29,6.4,18.9,5.0,2,91.1,56.2,4.0,621.0,31,63743.0,48.5,668.3,Afternoon,Component_C,3.5,3.4,Good
100617,M013,2024-03-24,6.3,12.1,7.7,4,58.1,52.3,3.0,582.0,14,63423.0,28.7,440.9,Night,Component_B,9.6,3.7,Good
100618,M028,2024-07-09,8.2,14.9,10.9,1,80.9,36.0,4.1,582.0,23,53365.0,30.3,522.4,Morning,Component_B,7.0,6.5,Good
100619,M008,2024-10-27,7.4,20.8,1.4,0,96.7,58.8,2.45,609.0,31,56733.0,41.6,799.4,Morning,Component_D,9.0,0.7,Good
100620,M029,2024-12-04,6.7,19.6,4.4,2,61.7,44.4,3.9,863.0,34,92491.0,38.7,740.9,Morning,Component_B,6.5,4.5,Good
100621,M011,2025-04-15,3.6,10.5,0.5,7,86.4,51.6,3.57,547.0,21,57800.0,33.2,429.3,Morning,Component_C,7.7,0.8,Good
100622,M014,2024-02-02,7.4,17.4,5.5,2,78.7,52.7,4.92,806.0,34,61474.0,60.4,648.0,Morning,Component_B,9.0,4.9,Good
100623,M019,2025-04-10,11.6,8.1,5.9,2,83.5,38.4,7.23,292.0,19,28299.0,20.8,302.9,Night,Component_B,11.7,5.2,Average
100624,M015,2024-10-17,10.0,16.2,4.9,3,62.9,39.4,4.97,476.0,24,48603.0,26.9,736.5,Afternoon,Component_B,9.2,4.8,Good
100625,M022,2024-10-28,10.8,23.6,3.4,3,94.9,59.9,4.69,1024.0,46,95279.0,70.8,1032.2,Afternoon,Component_C,7.3,2.5,Good
100626,M025,2025-09-30,4.5,12.2,0.5,2,64.0,49.6,4.92,454.0,11,45710.0,39.7,469.4,Morning,Component_B,2.0,0.1,Good
100627,M010,2025-04-29,3.0,12.7,5.9,4,79.7,51.5,2.95,474.0,16,44404.0,42.7,610.0,Night,Component_D,0.5,6.4,Good
100628,M004,2025-11-06,5.6,19.1,8.6,5,71.2,55.7,5.76,579.0,18,35492.0,52.7,749.6,Night,Component_C,5.6,4.2,Good
100629,M007,2024-12-29,6.2,9.8,3.5,4,78.4,39.2,5.23,516.0,10,38874.0,24.6,372.2,Morning,Component_D,3.9,1.9,Good
100630,M024,2025-12-02,9.3,13.5,6.1,2,60.2,51.3,4.42,454.0,19,49770.0,37.0,524.2,Night,Component_D,4.0,4.3,Good
100631,M006,2024-03-23,1.0,18.4,1.1,5,57.3,54.0,5.14,577.0,9,52700.0,28.1,725.5,Afternoon,Component_C,5.8,0.4,Good
100632,M001,2025-12-30,10.6,13.5,6.1,2,75.4,70.9,5.09,652.0,25,63795.0,37.9,435.1,Morning,Component_B,8.0,7.3,Good
100633,M022,2024-12-28,5.5,15.1,4.0,2,67.6,46.7,5.09,673.0,29,63898.0,44.1,358.5,Morning,Component_A,4.1,3.0,Good
100634,M028,2024-01-26,4.7,19.0,3.1,4,67.2,62.1,6.29,814.0,17,67253.0,55.9,774.2,Afternoon,Component_C,8.7,2.5,Good
100635,M020,2025-10-08,3.0,17.7,3.1,4,78.5,55.0,3.14,751.0,25,66083.0,46.5,796.7,Afternoon,Component_B,6.1,1.7,Good
100636,M011,2024-12-08,1.0,17.1,4.0,2,54.1,44.8,6.86,727.0,13,72652.0,49.6,514.9,Night,Component_C,6.1,3.5,Good
100637,M019,2025-10-06,8.5,14.6,6.0,6,86.5,49.3,1.62,661.0,26,67068.0,40.6,697.1,Night,Component_B,11.6,6.2,Good
100638,M003,2025-01-07,,17.5,1.7,3,73.4,62.8,5.69,573.0,18,73244.0,30.3,446.9,Afternoon,Component_B,6.5,2.7,Good
100639,M003,2025-12-27,2.1,15.5,4.0,7,81.2,62.0,4.8,505.0,13,44356.0,51.1,523.9,Night,Component_A,5.8,5.2,Good
100640,M001,2025-04-19,2.1,17.8,4.9,1,78.3,50.3,2.77,670.0,13,80440.0,48.9,923.5,Afternoon,Component_C,7.6,2.3,Good
100641,M010,2024-03-21,5.0,14.0,2.3,1,79.0,58.1,6.35,512.0,29,42032.0,41.4,581.9,Night,Component_C,11.4,2.2,Good
100642,M026,2024-12-05,11.0,15.3,9.5,2,57.6,45.7,1.24,629.0,31,64365.0,33.4,566.4,Night,Component_C,5.9,8.9,Good
100643,M014,2025-12-20,5.2,12.0,2.9,0,86.0,53.4,7.43,532.0,29,51959.0,40.1,490.6,Morning,Component_D,7.3,2.9,Good
100644,M017,2025-09-15,1.5,15.9,3.3,4,75.3,51.1,8.56,642.0,13,59778.0,39.8,759.4,Morning,Component_C,5.7,1.8,Good
100645,M002,2025-05-04,5.3,12.8,2.6,5,66.3,63.4,4.21,429.0,11,40719.0,36.6,349.0,Afternoon,Component_D,5.7,3.0,Good
100646,M014,2024-05-02,5.2,11.5,9.5,2,70.5,59.2,2.65,523.0,22,44801.0,39.2,568.6,Afternoon,Component_D,4.5,4.1,Good
100647,M005,2025-03-21,1.0,17.0,6.4,1,76.3,48.9,3.46,796.0,14,86413.0,56.6,581.4,Afternoon,Component_B,4.3,6.8,Good
100648,M007,2024-05-01,5.8,16.9,2.7,2,74.2,49.8,6.26,625.0,17,51475.0,47.1,749.6,Night,Component_D,11.1,1.0,Good
100649,M015,2024-03-20,5.3,19.1,7.8,9,79.2,54.7,3.92,670.0,17,66841.0,35.0,642.5,Morning,Component_C,4.3,5.0,Good
100650,M021,2025-10-01,8.1,14.3,5.5,3,91.8,53.5,0.5,644.0,42,68482.0,48.6,752.2,Morning,Component_A,1.4,5.9,Average
100651,M029,2024-11-29,11.5,17.6,5.6,2,59.6,52.5,5.19,703.0,33,81381.0,61.0,687.4,Afternoon,Component_C,6.4,5.9,Good
100652,M019,2024-03-14,9.4,18.2,4.1,6,81.0,51.8,6.11,818.0,34,89634.0,31.1,516.9,Night,Component_B,9.1,3.7,Good
100653,M021,2025-03-25,5.2,17.8,3.1,5,70.7,67.4,5.43,611.0,14,63291.0,42.7,753.7,Afternoon,Component_B,9.7,4.1,Good
100654,M006,2024-10-23,2.7,12.7,5.8,1,85.7,50.9,5.71,424.0,15,36224.0,33.0,620.2,Morning,Component_D,2.4,4.2,Good
100655,M020,2024-03-26,13.7,16.6,3.6,1,91.5,57.7,7.39,628.0,49,52258.0,28.0,816.0,Morning,Component_B,9.3,3.8,Average
100656,M004,2025-12-04,6.2,17.5,9.5,4,74.4,76.8,4.12,811.0,32,63194.0,32.9,690.5,Morning,Component_B,12.2,6.0,Good
100657,M014,2025-05-14,6.0,16.0,1.8,0,79.4,47.4,7.59,646.0,23,49410.0,41.2,723.9,Morning,Component_D,3.9,0.8,Good
100658,M001,2024-05-02,5.9,7.7,8.8,1,86.6,56.7,4.22,315.0,12,29918.0,26.4,278.4,Afternoon,Component_D,5.5,5.2,Average
100659,M023,2025-09-30,6.6,16.6,4.7,1,84.0,57.2,6.53,664.0,31,55835.0,25.8,722.5,Afternoon,Component_B,2.3,2.6,Average
100660,M008,2025-03-04,5.6,24.0,5.7,2,87.1,54.9,4.24,1135.0,53,128242.0,79.8,992.9,Afternoon,Component_C,11.6,5.1,Good
100661,M020,2025-06-25,4.3,14.6,7.1,6,68.4,55.4,8.17,671.0,18,57918.0,48.1,225.2,Night,Component_C,1.5,6.2,Good
100662,M006,2024-06-15,4.4,13.1,3.4,2,65.8,47.1,5.67,436.0,14,42036.0,42.1,401.7,Morning,Component_D,4.8,2.7,Good
100663,M015,2025-10-20,5.9,17.5,7.2,8,58.4,58.2,4.33,843.0,30,76739.0,39.5,705.9,Afternoon,Component_B,8.4,3.3,Good
100664,M006,2025-03-06,4.4,17.2,0.5,2,69.7,38.5,2.34,804.0,20,59449.0,42.7,685.1,Afternoon,Component_B,3.9,1.5,Good
100665,M015,2024-02-07,3.9,20.8,3.2,1,71.0,71.2,4.87,1008.0,23,112232.0,48.0,793.4,Morning,Component_C,3.0,0.3,Good
100666,M001,2025-02-04,6.3,11.0,2.7,3,70.3,70.4,3.03,377.0,15,39748.0,37.3,438.5,Afternoon,Component_D,5.8,1.9,Good
100667,M010,2025-09-04,5.2,18.9,1.9,2,77.9,52.0,5.29,671.0,18,71903.0,48.1,911.2,Night,Component_B,13.2,1.6,Good
100668,M004,2025-08-13,10.5,18.4,4.5,2,78.2,64.5,5.69,783.0,40,81373.0,30.6,772.3,Morning,Component_B,5.2,5.0,Good
100669,M014,2024-04-11,1.0,15.4,6.0,1,71.2,52.4,6.37,648.0,8,54178.0,31.5,299.8,Afternoon,Component_A,5.4,1.9,Good
100670,M022,2025-05-05,9.3,17.4,6.8,4,76.2,55.1,5.47,838.0,30,70308.0,42.2,950.9,Night,Component_A,2.7,3.7,Good
100671,M012,2025-11-05,9.7,20.1,5.6,3,81.9,48.9,4.64,923.0,39,93943.0,68.5,476.6,Afternoon,Component_D,7.2,5.0,Good
100672,M025,2025-04-09,1.0,19.5,3.3,1,62.4,62.4,6.88,864.0,19,102076.0,51.4,892.5,Morning,Component_A,8.7,2.3,Good
100673,M020,2025-08-19,5.0,11.4,5.9,2,83.2,49.8,7.09,482.0,23,48581.0,33.0,300.5,Morning,Component_A,4.2,1.1,Good
100674,M016,2025-09-13,4.9,19.3,5.3,2,64.7,62.1,2.61,856.0,28,93884.0,32.4,963.0,Morning,Component_B,7.6,2.9,Good
100675,M025,2025-03-17,1.8,15.7,7.3,2,89.3,54.6,7.67,632.0,18,55055.0,51.1,565.3,Night,Component_B,4.2,1.5,Good
100676,M020,2025-02-09,3.7,16.3,6.9,4,74.0,54.8,6.71,760.0,18,84716.0,42.0,676.9,Morning,Component_D,0.5,5.4,Good
100677,M007,2025-01-23,2.7,16.3,5.1,8,72.8,41.6,2.96,537.0,13,47636.0,54.5,365.8,Morning,Component_D,7.4,4.0,Good
100678,M007,2024-07-06,11.3,15.4,2.8,5,50.5,55.5,1.12,609.0,24,60049.0,36.8,697.7,Night,Component_D,12.2,3.0,Good
100679,M024,2024-02-05,8.8,20.8,3.4,2,79.9,44.7,6.67,1008.0,39,90224.0,59.6,877.3,Night,Component_B,2.4,3.6,Good
100680,M007,2024-07-30,9.8,15.7,3.6,4,73.1,55.6,4.87,553.0,34,59911.0,38.3,693.7,Morning,Component_B,6.5,3.2,Good
100681,M006,2024-12-31,8.2,11.5,4.2,2,74.1,72.5,3.68,634.0,30,68815.0,20.5,540.8,Night,Component_A,9.9,1.9,Good
100682,M019,2024-11-08,2.6,14.4,5.7,3,70.9,42.5,5.07,519.0,3,37808.0,29.4,573.0,Night,Component_C,5.7,3.5,Good
100683,M015,2025-05-17,4.4,16.7,6.8,3,79.5,53.7,6.64,658.0,23,75591.0,27.3,615.2,Afternoon,Component_B,1.7,3.6,Good
100684,M026,2025-08-18,7.5,20.9,4.9,6,81.9,49.3,0.84,1035.0,31,135219.0,49.8,673.6,Afternoon,Component_D,6.1,4.3,Good
100685,M023,2024-03-30,2.3,18.4,5.0,7,77.8,45.6,4.73,927.0,10,83124.0,51.5,638.6,Morning,Component_D,10.5,3.8,Good
100686,M028,2025-10-05,8.1,12.6,5.4,3,87.8,47.9,4.6,577.0,30,53718.0,25.0,616.6,Afternoon,Component_B,4.5,4.0,Average
100687,M022,2024-11-02,5.3,24.0,3.7,3,63.4,68.2,7.19,1088.0,36,123587.0,59.5,761.7,Morning,Component_C,6.7,2.2,Average
100688,M010,2025-08-18,4.9,17.1,2.7,2,64.9,70.6,5.99,888.0,32,85249.0,41.3,407.5,Night,Component_C,2.8,1.7,Good
100689,M012,2024-04-15,8.1,21.1,0.6,2,76.9,45.6,5.97,703.0,29,66743.0,54.2,651.3,Afternoon,Component_D,5.7,2.0,Good
100690,M008,2025-11-22,7.3,15.4,3.3,1,79.9,58.6,3.7,468.0,24,57777.0,28.8,674.5,Night,Component_D,7.2,2.4,Average
100691,M004,2024-07-21,4.9,18.1,6.2,4,78.2,46.7,5.71,517.0,11,38612.0,46.5,653.7,Afternoon,Component_D,6.4,3.1,Good
100692,M007,2024-11-22,9.5,19.4,3.2,3,56.5,48.9,3.63,762.0,34,63372.0,43.2,850.0,Afternoon,Component_C,4.7,2.3,Good
100693,M023,2024-11-06,2.8,20.9,4.4,1,57.6,36.6,4.3,868.0,21,87900.0,43.3,465.3,Afternoon,Component_D,7.3,4.4,Good
100694,M003,2025-09-11,7.8,20.2,6.2,4,69.8,74.2,5.53,900.0,35,63636.0,54.0,301.2,Night,Component_D,8.0,4.1,Good
100695,M008,2024-01-31,7.8,19.5,6.3,1,50.5,64.9,4.65,929.0,32,83057.0,35.0,797.8,Afternoon,Component_A,8.2,3.4,Good
100696,M013,2024-02-19,5.1,14.7,2.3,5,75.1,49.1,5.07,741.0,23,66147.0,48.5,687.0,Afternoon,Component_B,5.1,2.5,Good
100697,M013,2024-03-27,7.0,13.7,7.5,4,71.1,57.6,6.86,663.0,26,72550.0,46.2,347.1,Afternoon,Component_D,4.1,4.6,Good
100698,M026,2025-10-16,2.2,17.3,7.8,3,61.0,51.4,3.84,608.0,8,64079.0,48.8,734.6,Night,Component_A,11.9,2.2,Good
100699,M016,2024-03-05,8.8,19.7,2.2,5,65.4,63.5,2.63,851.0,39,59359.0,41.5,953.8,Morning,Component_A,6.4,2.5,Good
100700,M016,2025-08-22,5.4,15.1,2.9,0,,51.9,2.87,588.0,16,49747.0,41.6,584.1,Afternoon,Component_C,5.2,2.1,Good
100701,M002,2024-11-30,4.4,20.3,8.0,1,54.1,53.2,2.48,935.0,27,79147.0,54.9,926.5,Afternoon,Component_C,1.6,6.3,Good
100702,M003,2024-06-24,9.1,21.8,4.6,1,64.8,49.0,7.39,949.0,53,87072.0,49.8,879.8,Afternoon,Component_A,3.2,4.0,Good
100703,M015,2025-10-22,3.9,12.3,0.5,4,68.8,60.4,5.68,600.0,17,47122.0,25.5,449.3,Morning,Component_D,4.1,0.5,Good
100704,M017,2025-04-14,1.8,12.7,1.5,2,68.4,74.9,6.43,684.0,10,69614.0,23.3,569.6,Morning,Component_D,7.3,1.9,Good
100705,M002,2024-01-24,1.3,15.4,4.4,6,68.7,52.4,6.1,624.0,7,52782.0,29.8,823.5,Night,Component_C,4.9,2.9,Good
100706,M029,2025-10-24,7.8,17.2,2.1,1,88.3,52.3,4.14,587.0,31,60948.0,48.3,592.4,Afternoon,Component_C,6.0,2.0,Good
100707,M027,2024-11-20,2.2,13.9,4.0,4,83.4,54.8,7.43,453.0,11,43016.0,45.5,522.8,Morning,Component_C,1.7,2.4,Good
100708,M017,2024-02-05,11.3,21.4,5.1,4,64.3,57.3,3.26,781.0,28,62795.0,48.6,666.2,Night,Component_A,10.2,3.6,Good
100709,M006,2024-08-19,1.0,17.7,8.7,1,59.6,52.3,8.12,845.0,23,97871.0,30.9,696.6,Morning,Component_A,3.8,4.6,Good
100710,M011,2025-11-28,11.1,16.2,4.3,2,67.0,51.5,4.72,720.0,27,83711.0,24.7,617.5,Afternoon,Component_B,6.7,4.2,Good
100711,M005,2025-08-24,6.6,10.3,7.7,3,86.7,55.7,7.72,464.0,16,46101.0,23.8,500.1,Morning,Component_D,4.4,5.2,Good
100712,M006,2024-11-17,5.7,10.7,8.6,8,46.5,39.2,2.61,469.0,15,42872.0,21.0,539.5,Morning,Component_C,5.0,4.9,Good
100713,M003,2024-08-13,4.4,17.1,8.6,0,73.0,50.1,3.72,775.0,24,61346.0,36.7,766.4,Morning,Component_A,3.6,3.1,Good
100714,M023,2024-12-25,7.2,7.5,5.7,1,68.3,37.0,1.61,212.0,7,23546.0,14.9,362.2,Afternoon,Component_C,6.9,4.3,Good
100715,M004,2024-07-09,5.9,20.1,0.5,3,86.4,50.6,6.38,941.0,45,101007.0,56.8,662.3,Morning,Component_B,3.1,1.6,Good
100716,M015,2024-06-21,9.3,15.4,6.2,1,83.8,46.5,4.96,709.0,33,58698.0,42.8,486.2,Afternoon,Component_D,6.9,3.5,Good
100717,M029,2025-08-17,6.3,24.0,7.6,4,54.4,60.6,8.13,784.0,27,66403.0,79.8,1008.5,Night,Component_D,5.6,4.1,Good
100718,M017,2025-09-24,6.5,24.0,4.8,4,86.4,48.4,3.63,1102.0,45,112243.0,69.6,928.8,Afternoon,Component_B,7.9,4.1,Good
100719,M003,2025-04-10,4.9,15.3,9.4,0,44.0,51.7,6.91,539.0,27,41702.0,28.0,835.9,Afternoon,Component_D,8.2,2.6,Average
100720,M016,2025-11-20,5.8,15.6,7.1,1,79.3,35.7,4.64,683.0,33,58475.0,46.8,364.6,Afternoon,Component_D,5.0,4.7,Good
100721,M021,2024-07-17,6.9,20.0,6.4,6,80.4,64.2,4.33,839.0,36,66609.0,37.3,872.9,Afternoon,Component_B,7.1,6.0,Good
100722,M029,2024-05-08,1.0,22.8,7.7,5,92.2,45.2,3.98,767.0,22,61264.0,59.7,978.4,Afternoon,Component_B,4.7,2.9,Good
100723,M023,2024-12-07,2.0,9.4,5.8,2,74.7,50.7,2.98,407.0,6,34269.0,15.5,303.9,Morning,Component_B,9.9,2.2,Good
100724,M016,2024-03-23,8.2,8.9,0.5,3,64.0,62.0,5.17,466.0,16,50603.0,14.2,285.7,Night,Component_C,4.9,0.7,Good
100725,M025,2024-05-16,6.5,13.5,3.8,7,59.9,62.0,4.88,561.0,16,38530.0,32.8,489.4,Afternoon,Component_D,5.4,4.7,Good
100726,M021,2025-09-02,5.4,18.3,8.0,1,89.5,45.0,1.67,895.0,39,90845.0,31.3,465.9,Afternoon,Component_B,4.6,6.7,Good
100727,M001,2025-05-16,6.1,18.0,3.0,4,92.4,59.7,0.5,741.0,18,73262.0,38.0,906.1,Night,Component_A,3.8,3.7,Good
100728,M021,2024-06-11,7.0,20.3,4.4,3,66.6,44.7,3.94,955.0,34,104597.0,44.2,1200.0,Afternoon,Component_C,12.1,4.3,Good
100729,M011,2024-05-20,4.4,11.2,2.4,2,72.3,57.1,6.59,466.0,8,46067.0,34.0,403.8,Morning,Component_C,7.5,2.3,Good
100730,M001,2025-10-27,3.7,6.7,9.5,2,88.4,47.9,4.9,342.0,11,30547.0,14.5,227.7,Night,Component_D,6.2,7.7,Good
100731,M007,2024-06-21,6.6,19.4,9.2,3,81.2,45.9,2.16,708.0,24,58601.0,48.3,547.0,Morning,Component_D,4.6,4.7,Good
100732,M009,2024-06-27,3.1,12.7,2.8,6,69.8,55.3,1.31,446.0,5,48996.0,38.7,377.4,Night,Component_B,9.3,2.6,Good
100733,M013,2024-06-01,7.2,7.9,5.4,4,62.9,48.5,6.58,293.0,3,30019.0,15.1,277.3,Morning,Component_B,4.4,1.8,Good
100734,M022,2025-07-21,1.0,16.6,3.3,1,61.9,73.2,1.52,676.0,14,59220.0,51.6,793.3,Night,Component_C,6.4,0.6,Good
100735,M020,2025-10-04,9.1,19.2,6.5,3,83.4,49.4,5.87,804.0,43,87341.0,60.7,1200.0,Night,Component_A,,3.8,Good
100736,M006,2025-04-03,7.4,15.5,6.3,3,67.6,44.3,5.52,655.0,28,57844.0,53.9,514.2,Morning,Component_C,3.1,4.4,Good
100737,M030,2025-04-22,6.8,14.2,7.0,1,67.1,46.9,7.44,511.0,22,48538.0,33.9,450.7,Morning,Component_B,7.6,3.2,Good
100738,M017,2025-07-18,8.9,15.4,5.8,2,79.3,54.8,3.37,553.0,19,47521.0,34.5,459.1,Afternoon,Component_B,6.9,1.5,Good
100739,M020,2025-07-27,11.0,14.5,12.0,1,73.0,56.0,6.19,715.0,31,73650.0,42.1,625.3,Night,Component_D,7.6,9.1,Good
100740,M006,2024-04-14,9.0,10.6,2.4,2,76.7,57.8,7.02,476.0,18,38121.0,17.1,450.0,Night,Component_A,5.1,3.0,Good
100741,M002,2025-12-07,1.0,13.1,0.7,4,68.1,63.2,2.09,595.0,13,53860.0,20.7,510.4,Night,Component_A,4.2,1.5,Good
100742,M003,2024-07-18,2.2,18.1,4.0,0,67.6,40.0,4.74,748.0,21,63716.0,39.3,627.9,Morning,Component_D,6.7,2.6,Good
100743,M020,2024-11-10,4.1,17.3,1.1,2,63.2,63.6,4.43,768.0,18,75998.0,51.2,853.7,Morning,Component_A,4.6,1.2,Good
100744,M006,2025-02-09,6.1,16.7,1.3,0,80.5,46.8,2.59,643.0,16,64832.0,28.9,748.9,Night,Component_B,0.5,1.5,Good
100745,M030,2025-11-08,7.6,12.0,2.5,5,73.0,58.6,4.98,356.0,7,27924.0,33.3,540.4,Afternoon,Component_A,3.5,3.9,Good
100746,M019,2025-12-28,3.8,15.3,2.7,1,75.5,70.5,2.4,721.0,14,72891.0,31.2,634.3,Night,Component_A,5.0,0.9,Average
100747,M001,2024-10-13,6.6,7.3,2.6,1,59.8,47.8,5.19,294.0,14,21418.0,20.5,279.5,Night,Component_B,2.8,1.9,Average
100748,M022,2024-12-31,3.7,16.7,6.3,1,80.3,47.4,8.41,680.0,26,86958.0,40.3,546.5,Night,Component_D,6.5,2.5,Good
100749,M024,2024-08-04,4.2,21.7,3.7,5,75.7,45.8,4.13,896.0,14,78246.0,37.5,923.3,Afternoon,Component_C,3.7,2.3,Good
100750,M016,2025-07-03,1.8,10.1,4.6,2,80.8,52.0,4.33,423.0,11,46843.0,20.1,421.6,Night,Component_D,5.9,2.4,Good
100751,M008,2024-10-31,3.2,13.7,7.2,2,76.1,66.4,7.05,703.0,18,68906.0,26.6,589.2,Morning,Component_A,12.5,4.2,Good
100752,M016,2025-12-30,1.9,17.3,3.1,2,75.4,45.0,6.77,787.0,17,77619.0,31.6,444.7,Afternoon,Component_A,9.7,2.9,Good
100753,M027,2024-04-09,3.1,21.0,4.3,1,50.2,50.6,3.39,742.0,14,57512.0,51.2,861.2,Afternoon,Component_B,7.8,2.1,Good
100754,M004,2025-02-14,9.2,14.2,5.9,2,85.7,63.8,5.74,493.0,28,53072.0,48.4,522.9,Morning,Component_B,11.4,4.8,Good
100755,M022,2025-06-18,3.2,13.2,0.5,1,56.2,60.6,0.5,530.0,3,50737.0,37.2,415.2,Afternoon,Component_A,5.8,1.7,Good
100756,M015,2024-12-05,13.9,8.1,0.5,8,84.4,50.5,2.69,345.0,17,35208.0,25.7,382.8,Afternoon,Component_B,5.8,1.4,Good
100757,M014,2024-10-09,7.5,16.4,5.9,10,71.1,53.1,6.43,740.0,17,69293.0,56.8,661.5,Afternoon,Component_A,2.8,1.8,Good
100758,M001,2025-08-15,6.6,24.0,6.2,3,52.7,63.2,3.58,979.0,27,94915.0,61.9,1200.0,Night,Component_B,9.8,5.7,Good
100759,M022,2025-10-15,3.4,17.1,10.2,3,71.0,69.2,4.14,599.0,15,48934.0,33.8,722.9,Morning,Component_C,11.9,6.9,Good
100760,M028,2024-05-10,8.1,15.9,5.4,5,54.0,70.3,2.84,708.0,20,65636.0,53.4,582.6,Morning,Component_D,8.7,5.2,Good
100761,M001,2024-04-13,4.3,17.3,7.0,0,85.3,67.4,2.55,829.0,37,73534.0,50.1,651.0,Morning,Component_B,10.3,5.2,Good
100762,M004,2025-06-22,6.4,16.0,4.5,2,65.8,49.0,0.5,806.0,29,68040.0,54.7,470.8,Afternoon,Component_D,0.5,2.7,Good
100763,M015,2025-12-02,13.7,12.7,5.7,3,59.5,71.4,3.85,563.0,29,54621.0,35.6,635.1,Night,Component_D,13.0,4.2,Good
100764,M025,2024-09-08,5.7,19.3,9.2,1,79.9,48.4,5.34,736.0,32,73932.0,58.9,793.4,Night,Component_C,5.7,3.5,Good
100765,M006,2025-11-14,9.4,16.9,0.5,0,71.5,40.1,4.94,708.0,30,69923.0,55.5,705.9,Afternoon,Component_B,13.1,0.8,Good
100766,M004,2024-01-25,3.9,16.1,6.0,1,78.2,56.0,3.0,655.0,15,61220.0,48.6,482.5,Night,Component_B,11.2,1.1,Good
100767,M026,2024-07-07,5.9,12.1,10.3,2,70.6,68.3,1.93,447.0,17,45221.0,31.8,547.0,Morning,Component_B,8.3,6.9,Good
100768,M020,2024-07-21,11.3,21.2,5.7,0,85.9,61.0,3.83,654.0,33,64506.0,51.8,669.6,Morning,Component_D,5.0,4.7,Good
100769,M004,2025-05-22,4.1,,9.1,6,67.2,54.3,2.11,1064.0,23,102637.0,58.8,635.9,Afternoon,Component_D,6.5,7.6,Good
100770,M010,2024-02-21,11.4,13.8,3.4,5,53.1,57.6,3.12,552.0,25,53816.0,42.0,561.0,Afternoon,Component_D,0.5,4.4,Good
100771,M007,2025-10-13,8.1,20.0,4.9,3,58.9,59.8,4.73,805.0,40,90760.0,44.7,683.2,Afternoon,Component_D,8.8,5.0,Good
100772,M027,2025-05-20,4.3,14.0,5.1,3,77.2,56.3,2.93,599.0,17,46077.0,35.0,451.9,Afternoon,Component_C,0.5,3.2,Good
100773,M025,2025-04-12,7.9,12.9,0.5,1,64.1,52.3,6.82,529.0,24,47727.0,35.7,500.8,Morning,Component_C,5.1,2.1,Good
100774,M006,2025-02-21,8.9,13.0,2.1,2,87.4,48.3,2.62,335.0,14,33524.0,20.2,616.8,Afternoon,Component_A,10.6,3.1,Good
100775,M023,2024-04-29,7.9,8.9,2.3,6,58.0,56.0,3.41,381.0,10,27150.0,17.8,417.7,Morning,Component_B,8.2,3.1,Good
100776,M004,2025-05-06,1.3,17.9,7.1,2,84.2,53.9,6.03,942.0,26,109026.0,35.8,784.1,Night,Component_D,1.4,2.2,Good
100777,M027,2024-09-13,3.8,8.7,7.2,5,66.8,55.0,5.74,380.0,4,37552.0,28.4,372.0,Night,Component_A,2.0,2.3,Good
100778,M013,2025-04-02,5.3,11.1,5.8,5,87.7,64.4,5.43,536.0,18,58613.0,24.0,390.2,Afternoon,Component_C,4.2,3.9,Good
100779,M011,2024-07-11,5.8,7.7,7.1,2,78.1,52.8,3.35,332.0,8,37116.0,19.9,373.2,Morning,Component_A,6.2,4.5,Good
100780,M021,2025-09-29,7.9,15.7,4.6,5,74.3,53.1,5.55,647.0,22,65468.0,49.7,394.4,Morning,Component_A,8.6,4.1,Good
100781,M009,2024-05-12,6.5,15.4,8.0,5,80.0,56.7,5.93,663.0,23,40782.0,31.1,651.6,Night,Component_D,7.8,7.5,Good
100782,M008,2024-07-03,2.0,14.7,5.0,4,86.7,78.6,5.3,587.0,20,,25.7,661.5,Afternoon,Component_B,2.8,2.6,Good
100783,M029,2024-05-29,7.1,11.8,5.1,4,71.4,45.2,4.44,470.0,15,46144.0,40.1,454.1,Afternoon,Component_B,7.9,5.5,Good
100784,M010,2025-03-02,7.8,11.3,4.3,1,49.5,64.8,5.54,458.0,17,36043.0,32.9,379.7,Night,Component_C,8.2,3.7,Good
100785,M002,2024-09-14,7.7,17.9,6.7,0,86.4,52.3,4.36,592.0,24,40348.0,33.2,690.3,Afternoon,Component_A,7.5,5.3,Good
100786,M024,2025-04-01,9.2,13.8,3.9,1,68.7,54.5,5.23,607.0,30,61868.0,43.3,459.2,Night,Component_C,13.4,1.3,Good
100787,M003,2025-01-25,8.5,17.3,7.4,1,102.7,43.2,4.63,728.0,37,55519.0,53.2,745.6,Night,Component_D,8.2,3.8,Average
100788,M002,2024-10-03,7.4,12.5,2.2,4,64.8,71.9,1.78,644.0,21,81093.0,39.7,584.4,Morning,Component_B,8.9,3.4,Good
100789,M018,2024-11-22,5.8,16.7,2.3,1,67.4,57.0,3.45,728.0,19,72033.0,34.3,705.9,Night,Component_C,11.6,2.3,Good
100790,M011,2025-07-24,1.0,21.2,6.7,4,80.9,60.9,8.24,654.0,18,75388.0,50.8,873.3,Night,Component_B,8.6,4.8,Good
100791,M020,2024-04-29,7.3,18.3,4.8,3,81.1,41.5,1.01,818.0,30,78092.0,52.8,821.3,Night,Component_D,4.3,3.3,Good
100792,M001,2025-08-07,6.6,14.4,3.9,1,77.1,49.2,7.29,648.0,25,68865.0,32.9,661.3,Night,Component_C,9.7,3.7,Good
100793,M005,2024-09-07,6.8,17.0,7.2,7,65.3,58.7,5.63,694.0,21,66484.0,27.9,553.8,Afternoon,Component_B,,2.6,Good
100794,M027,2024-04-24,2.2,15.0,3.5,2,58.1,53.6,4.56,744.0,12,81902.0,26.6,389.8,Morning,Component_B,3.1,1.1,Good
100795,M007,2025-01-30,2.8,16.0,4.5,7,63.9,59.0,1.48,708.0,14,45613.0,43.1,649.2,Morning,Component_C,3.3,2.1,Good
100796,M018,2025-05-06,9.2,14.7,8.5,3,53.8,73.9,4.5,534.0,25,57844.0,33.1,685.7,Afternoon,Component_C,9.7,4.0,Good
100797,M005,2025-09-03,5.9,15.3,8.8,4,96.8,59.5,3.16,598.0,28,62809.0,23.1,399.7,Afternoon,Component_B,7.9,4.8,Good
100798,M020,2025-08-07,8.0,16.8,8.9,3,59.7,51.0,6.64,803.0,37,74428.0,51.0,663.7,Afternoon,Component_C,9.2,6.3,Good
100799,M006,2024-05-17,6.1,12.0,4.3,3,68.5,49.1,3.3,378.0,5,33590.0,28.0,576.5,Afternoon,Component_D,7.9,2.8,Good
100800,M001,2025-09-16,6.1,11.9,8.1,2,80.3,48.1,4.0,476.0,19,43084.0,25.3,453.3,Morning,Component_A,6.6,5.7,Good
100801,M017,2025-08-08,8.8,10.4,2.6,3,72.1,51.2,4.94,478.0,19,47437.0,30.4,539.4,Morning,Component_D,7.0,1.8,Good
100802,M018,2024-09-16,4.5,9.6,2.7,3,64.9,51.5,3.34,294.0,7,33284.0,23.1,476.2,Morning,Component_D,7.8,1.1,Good
100803,M004,2025-07-29,6.3,11.1,0.5,4,70.2,56.1,6.23,512.0,12,44537.0,32.1,418.2,Morning,Component_D,4.2,2.0,Good
100804,M017,2025-10-17,4.6,16.6,9.2,2,64.7,59.8,3.97,694.0,16,48215.0,25.3,591.2,Afternoon,Component_A,2.1,4.2,Good
100805,M013,2024-10-31,4.7,12.4,2.8,1,68.9,58.9,1.11,469.0,17,62034.0,18.8,445.9,Night,Component_A,4.5,0.4,Good
100806,M005,2025-05-10,5.1,18.1,4.7,3,76.7,56.2,4.77,600.0,17,63044.0,47.4,717.5,Night,Component_C,7.6,1.5,Good
100807,M022,2025-09-03,6.7,16.1,2.7,5,59.6,56.8,5.95,693.0,31,61768.0,55.8,474.1,Afternoon,Component_B,4.1,1.1,Good
100808,M026,2024-06-03,4.6,8.1,6.7,5,85.0,77.8,7.09,298.0,27,33624.0,16.6,229.0,Afternoon,Component_C,12.4,3.2,Good
100809,M004,2024-01-06,9.8,18.6,4.1,1,72.9,48.5,5.49,885.0,24,96470.0,53.3,388.4,Morning,Component_A,7.3,3.9,Good
100810,M023,2025-09-07,3.3,19.2,1.7,1,65.0,54.7,6.58,904.0,23,,35.4,733.0,Night,Component_D,6.4,0.3,Good
100811,M005,2025-06-04,5.4,12.0,6.1,5,68.2,38.9,5.38,440.0,10,38651.0,25.5,662.5,Morning,Component_D,4.2,3.5,Good
100812,M009,2025-06-27,4.7,17.7,1.4,2,86.0,51.6,2.77,698.0,37,73297.0,29.3,400.1,Night,Component_D,8.7,1.5,Good
100813,M013,2025-02-25,10.3,12.6,2.9,9,81.8,46.9,3.09,572.0,21,63688.0,41.1,480.8,Morning,Component_C,2.4,3.3,Good
100814,M030,2024-01-30,6.6,16.4,0.5,1,74.9,48.4,0.5,648.0,24,44841.0,34.8,608.3,Night,Component_B,6.9,0.1,Good
100815,M009,2024-10-27,9.1,10.9,1.4,5,64.8,44.3,4.11,378.0,20,37183.0,21.4,419.1,Morning,Component_D,4.7,1.2,Good
100816,M004,2025-01-04,1.5,8.8,5.4,7,78.8,42.8,5.68,373.0,10,37103.0,26.1,425.9,Morning,Component_A,6.4,2.8,Good
100817,M026,2024-05-29,6.8,14.5,0.5,4,72.2,56.1,1.66,637.0,21,63057.0,27.5,461.5,Afternoon,Component_C,7.5,1.8,Good
100818,M014,2025-12-21,8.7,15.5,1.3,4,92.9,61.4,6.83,729.0,42,69760.0,30.7,365.1,Morning,Component_B,2.6,1.2,Good
100819,M022,2025-10-01,6.2,14.4,5.0,2,71.5,48.1,4.31,661.0,21,74555.0,24.6,498.1,Night,Component_B,1.0,4.9,Good
100820,M002,2025-06-12,9.2,11.3,3.6,5,92.2,36.8,2.89,429.0,29,39395.0,38.7,387.4,Morning,Component_C,3.2,2.8,Average
100821,M018,2024-05-04,4.4,14.4,10.0,4,74.3,56.0,1.65,650.0,22,61723.0,28.7,299.0,Morning,Component_C,8.6,3.1,Good
100822,M019,2024-02-23,10.2,17.1,9.6,7,59.6,59.2,7.49,611.0,22,60938.0,59.7,703.8,Afternoon,Component_B,7.1,6.2,Good
100823,M026,2025-08-13,12.9,15.8,2.8,3,110.0,61.1,6.63,728.0,58,67215.0,29.3,476.3,Night,Component_D,4.8,3.9,Average
100824,M002,2024-06-08,4.9,16.7,6.4,5,54.6,45.8,3.77,581.0,14,43116.0,25.7,633.3,Afternoon,Component_B,11.9,2.7,Good
100825,M009,2024-06-04,4.7,13.3,6.9,5,48.3,49.5,6.17,582.0,12,57159.0,43.8,476.2,Morning,Component_A,9.9,2.9,Good
100826,M014,2025-01-29,10.4,20.7,3.5,2,47.1,45.0,4.12,633.0,25,62276.0,55.1,629.5,Night,Component_B,9.1,3.1,Good
100827,M012,2025-02-26,10.7,11.3,1.3,4,104.9,48.3,3.41,504.0,40,45119.0,24.9,531.3,Morning,Component_C,3.8,2.0,Average
100828,M020,2025-01-05,4.4,18.0,5.0,2,97.5,47.9,3.32,679.0,29,63157.0,45.5,652.3,Morning,Component_A,9.1,5.3,Good
100829,M005,2024-06-15,4.7,20.7,4.6,4,73.7,50.4,4.08,921.0,16,43565.0,41.8,805.0,Night,Component_C,7.0,5.4,Good
100830,M002,2025-12-13,5.2,17.9,3.9,0,77.2,52.7,3.78,738.0,20,83487.0,49.6,774.6,Afternoon,Component_D,3.8,2.9,Good
100831,M008,2025-10-26,2.0,15.2,6.1,3,75.0,56.0,4.61,696.0,6,75527.0,41.5,616.7,Afternoon,Component_D,5.7,3.8,Good
100832,M028,2024-11-19,3.2,13.9,3.1,5,50.8,47.4,7.4,551.0,14,41288.0,23.1,550.7,Afternoon,Component_A,2.9,1.9,Good
100833,M024,2024-07-08,3.0,20.1,2.1,3,89.5,53.7,8.6,724.0,34,61444.0,66.8,637.3,Morning,Component_C,3.9,2.3,Average
100834,M023,2025-10-20,3.7,10.3,5.3,2,87.9,46.8,2.34,506.0,21,59064.0,24.9,307.2,Night,Component_A,2.6,2.1,Good
100835,M007,2025-06-08,5.9,12.1,6.0,2,57.2,39.2,5.33,477.0,15,37052.0,22.9,486.9,Night,Component_A,8.9,2.7,Good
100836,M007,2025-05-26,6.7,14.4,2.1,5,75.9,59.9,4.88,594.0,13,60693.0,30.5,449.8,Afternoon,Component_D,5.8,4.2,Good
100837,M008,2024-10-11,10.7,21.0,7.3,1,71.1,49.0,5.45,1083.0,54,94892.0,67.9,952.9,Afternoon,Component_C,3.2,5.9,Good
100838,M020,2024-08-26,3.0,17.5,0.6,1,69.5,39.4,3.69,691.0,12,69896.0,39.7,652.9,Morning,Component_B,7.6,0.3,Average
100839,M022,2025-08-07,9.0,12.1,3.6,3,63.9,60.0,5.48,494.0,19,47302.0,31.7,540.6,Night,Component_D,6.0,3.4,Good
100840,M028,2025-11-12,5.4,14.8,4.4,4,70.7,52.7,2.02,604.0,11,54814.0,50.3,456.5,Afternoon,Component_A,9.2,1.5,Good
100841,M024,2025-03-21,5.9,13.5,3.4,1,65.7,59.1,10.0,557.0,28,56161.0,37.8,401.6,Morning,Component_C,6.4,1.5,Average
100842,M024,2024-07-17,8.0,13.2,3.6,7,84.8,58.8,5.02,543.0,23,47569.0,37.6,694.9,Morning,Component_A,1.7,2.2,Good
100843,M004,2024-07-17,2.6,19.9,9.7,1,71.7,45.2,5.81,785.0,17,53566.0,39.7,737.6,Afternoon,Component_A,4.5,2.8,Good
100844,M001,2024-01-21,7.1,10.5,2.9,2,63.7,63.4,2.49,448.0,22,36326.0,29.8,489.9,Night,Component_A,2.5,2.0,Good
100845,M002,2024-09-21,6.5,22.4,11.1,2,71.7,38.5,3.25,992.0,39,78648.0,51.2,611.2,Afternoon,Component_C,7.7,6.5,Good
100846,M004,2025-05-12,7.5,19.3,6.1,5,70.3,51.4,1.86,995.0,29,70584.0,64.1,704.7,Morning,Component_D,9.3,4.1,Good
100847,M009,2025-11-15,6.9,20.4,5.2,3,69.8,50.8,7.12,1063.0,43,106875.0,35.9,1001.5,Morning,Component_B,1.4,1.6,Good
100848,M003,2025-02-14,13.4,14.1,6.2,2,80.1,48.0,2.5,607.0,34,56092.0,29.2,386.1,Morning,Component_A,5.6,5.7,Good
100849,M021,2024-12-06,4.1,15.4,11.3,4,68.7,66.0,4.16,735.0,16,73727.0,25.1,873.7,Afternoon,Component_B,9.5,6.2,Good
100850,M001,2024-07-15,4.4,10.3,2.5,2,65.1,57.7,4.24,365.0,8,37526.0,23.3,416.9,Night,Component_D,1.3,1.1,Good
100851,M029,2024-05-12,4.1,13.9,2.2,2,55.7,42.3,5.35,771.0,16,81994.0,25.0,445.3,Afternoon,Component_A,4.7,0.9,Good
100852,M005,2024-09-27,4.3,18.0,3.1,5,71.9,43.6,2.17,703.0,18,71076.0,57.4,743.3,Afternoon,Component_C,6.0,2.6,Good
100853,M011,2025-08-11,4.1,21.2,5.1,2,86.9,74.4,6.05,880.0,33,70669.0,71.0,1001.9,Afternoon,Component_A,9.2,4.9,Good
100854,M011,2025-08-31,9.6,11.6,0.7,4,70.5,50.7,6.74,512.0,29,53091.0,32.9,383.4,Afternoon,Component_A,7.6,1.7,Good
100855,M011,2025-11-14,10.3,14.5,5.1,0,66.0,47.8,3.31,698.0,38,68632.0,24.7,492.5,Morning,Component_A,8.2,4.0,Good
100856,M015,2025-01-13,4.3,15.4,9.2,8,62.9,65.4,4.43,630.0,16,80546.0,33.6,624.5,Night,Component_A,7.8,3.3,Good
100857,M001,2025-06-27,3.5,10.4,5.4,1,51.3,39.0,5.63,336.0,8,31960.0,35.7,440.7,Morning,Component_D,4.9,5.4,Good
100858,M011,2024-02-05,7.4,18.4,4.3,5,86.1,67.5,4.96,838.0,31,84423.0,32.6,684.8,Morning,Component_D,10.9,3.0,Good
100859,M006,2025-11-19,4.3,13.1,3.5,2,77.8,47.8,2.7,449.0,8,42016.0,34.2,548.6,Night,Component_C,4.0,3.2,Good
100860,M028,2025-03-12,7.9,15.2,7.2,5,81.2,59.6,5.76,723.0,46,69215.0,33.5,697.2,Afternoon,Component_A,,2.9,Good
100861,M017,2025-02-10,6.6,14.2,2.9,1,75.0,50.7,7.22,657.0,24,62232.0,49.7,572.5,Afternoon,Component_C,0.6,1.6,Good
100862,M018,2024-05-25,1.5,12.8,9.6,4,62.3,40.8,7.22,546.0,20,48310.0,26.5,418.6,Afternoon,Component_A,5.6,5.7,Good
100863,M011,2025-01-30,10.6,16.0,9.8,3,68.2,56.6,5.54,748.0,21,,25.5,626.5,Night,Component_C,5.0,8.2,Good
100864,M009,2025-01-16,11.4,15.1,5.6,3,66.0,63.5,5.88,589.0,21,61448.0,43.9,808.8,Afternoon,Component_A,4.4,5.4,Good
100865,M027,2024-05-09,4.2,14.5,5.0,2,67.0,33.9,3.8,722.0,16,64047.0,31.2,598.0,Night,Component_D,6.5,1.6,Good
100866,M029,2024-08-23,4.8,13.1,7.6,2,67.1,44.6,2.85,576.0,18,61939.0,36.9,637.4,Afternoon,Component_A,9.6,4.8,Good
100867,M012,2025-10-28,6.9,17.3,7.7,2,85.3,66.1,4.38,726.0,22,76749.0,29.6,600.0,Night,Component_A,7.4,7.2,Good
100868,M013,2024-06-26,7.0,22.6,3.0,5,96.3,58.6,8.58,1095.0,65,89567.0,57.5,920.3,Morning,Component_D,7.9,0.9,Good
100869,M003,2025-02-18,8.0,16.6,3.7,4,61.5,59.2,3.54,681.0,15,54851.0,37.4,752.3,Night,Component_C,2.8,2.9,Good
100870,M025,2025-03-07,12.0,20.0,1.7,2,70.0,63.4,5.28,573.0,24,58287.0,51.5,1023.6,Night,Component_B,4.4,2.2,Good
100871,M030,2024-03-09,5.5,10.4,6.0,4,74.6,59.2,5.18,359.0,13,30941.0,33.4,508.3,Morning,Component_D,8.1,3.2,Good
100872,M004,2024-05-24,3.6,16.6,6.7,6,60.2,56.3,3.83,800.0,13,63451.0,57.2,489.4,Night,Component_C,6.3,2.1,Good
100873,M021,2024-02-12,1.9,11.6,1.6,6,72.6,65.0,7.17,502.0,12,60618.0,34.9,551.5,Night,Component_A,7.4,1.2,Good
100874,M016,2025-03-30,3.8,10.1,3.9,2,76.2,51.5,7.36,429.0,14,34537.0,30.6,527.6,Afternoon,Component_B,7.8,2.8,Good
100875,M023,2024-05-25,5.9,13.0,1.6,1,71.1,54.9,9.3,616.0,25,44442.0,33.3,446.0,Night,Component_C,6.5,0.3,Average
100876,M004,2024-07-12,11.4,20.8,2.8,2,79.5,62.4,3.06,935.0,46,77834.0,35.3,664.4,Night,Component_C,10.7,4.5,Good
100877,M028,2024-03-03,4.4,19.8,6.4,2,72.0,48.1,5.23,841.0,20,82817.0,56.1,757.3,Afternoon,Component_A,4.4,4.5,Good
100878,M027,2024-10-10,6.7,17.0,3.2,4,40.0,67.8,4.66,697.0,23,66984.0,30.5,683.8,Morning,Component_A,3.5,3.3,Good
100879,M012,2025-12-07,6.0,9.9,4.2,2,60.5,57.6,3.26,343.0,16,42295.0,19.7,360.5,Morning,Component_C,0.7,3.7,Good
100880,M010,2025-01-27,9.6,15.2,0.9,3,89.2,44.7,3.3,546.0,31,45577.0,44.3,452.5,Night,Component_A,8.2,2.0,Good
100881,M026,2025-08-31,13.6,17.2,5.5,3,78.2,53.3,4.8,779.0,49,76764.0,48.4,883.4,Morning,Component_B,4.3,3.4,Good
100882,M029,2024-01-28,4.4,16.7,4.9,4,40.0,42.5,3.66,661.0,19,73984.0,35.5,528.5,Afternoon,Component_A,9.8,2.9,Good
100883,M013,2025-05-22,4.5,8.6,3.2,2,53.9,55.8,2.74,406.0,10,34557.0,26.2,300.9,Night,Component_B,6.7,2.5,Good
100884,M006,2025-10-16,9.1,12.4,4.5,2,80.7,51.6,4.72,492.0,25,51933.0,41.9,500.2,Night,Component_B,5.0,2.7,Good
100885,M025,2025-04-03,8.0,15.7,5.5,2,65.1,47.2,2.51,588.0,19,39700.0,40.7,427.7,Night,Component_A,2.8,5.1,Good
100886,M008,2025-09-13,11.5,18.1,3.0,1,40.0,39.0,3.66,784.0,46,95163.0,51.7,486.5,Morning,Component_C,8.5,3.6,Good
100887,M011,2024-03-16,7.8,7.2,1.3,4,84.7,47.9,5.15,288.0,11,31657.0,14.7,264.3,Morning,Component_B,5.8,2.6,Good
100888,M029,2024-07-20,4.9,15.4,9.5,1,80.7,53.4,4.26,632.0,20,53587.0,53.0,696.7,Morning,Component_A,6.8,7.8,Good
100889,M017,2024-07-19,7.8,16.6,3.4,4,62.0,51.7,4.04,700.0,21,75213.0,34.0,671.4,Morning,Component_D,7.8,2.1,Good
100890,M006,2025-01-07,9.3,19.4,4.8,7,86.9,42.2,7.76,1067.0,58,,63.5,436.2,Morning,Component_B,6.8,3.2,Good
100891,M015,2024-11-17,8.5,18.8,7.5,4,62.5,55.2,7.02,689.0,26,52137.0,63.1,940.4,Afternoon,Component_C,,6.6,Average
100892,M013,2024-11-24,7.5,18.3,12.0,2,64.5,46.1,4.65,653.0,22,56159.0,53.8,827.1,Afternoon,Component_C,7.6,6.8,Good
100893,M009,2025-01-01,9.2,12.8,1.9,2,66.2,63.3,2.67,385.0,14,44349.0,40.0,524.4,Morning,Component_C,8.5,1.9,Good
100894,M015,2025-09-23,9.5,8.4,6.1,6,49.3,64.6,5.96,408.0,8,39173.0,20.3,349.2,Afternoon,Component_D,7.1,5.3,Good
100895,M019,2024-06-27,10.1,14.4,3.2,1,77.0,52.7,9.05,458.0,26,46506.0,48.1,645.0,Morning,Component_B,7.9,2.3,Good
100896,M019,2024-05-06,7.9,20.0,3.7,2,,69.2,6.96,848.0,38,81453.0,59.7,1148.0,Night,Component_D,8.2,2.3,Good
100897,M029,2024-05-23,5.5,21.6,3.2,3,66.5,53.7,2.16,909.0,20,98510.0,46.5,984.0,Afternoon,Component_D,4.8,2.2,Good
100898,M010,2024-07-11,6.4,18.8,2.2,2,80.5,43.3,4.14,715.0,26,73426.0,29.5,771.7,Night,Component_D,4.7,1.6,Good
100899,M028,2025-04-13,9.6,17.7,4.9,6,52.9,65.7,3.18,761.0,21,73507.0,45.7,518.0,Morning,Component_D,12.7,3.4,Good
100900,M005,2024-08-29,3.5,17.5,1.3,3,80.2,69.5,2.83,758.0,18,48114.0,55.7,695.0,Afternoon,Component_B,10.0,1.0,Good
100901,M025,2024-02-26,7.1,13.8,7.4,3,75.9,64.0,6.54,678.0,25,70919.0,44.5,624.0,Afternoon,Component_B,5.9,5.6,Good
100902,M015,2025-02-24,4.8,15.5,5.1,4,63.7,48.1,6.51,696.0,17,73733.0,49.1,584.3,Night,Component_C,8.0,4.7,Good
100903,M003,2025-11-09,6.1,22.7,6.1,0,77.0,43.9,7.7,935.0,32,71440.0,43.8,779.9,Morning,Component_D,3.2,2.4,Good
100904,M016,2025-07-30,9.8,12.2,3.8,3,61.4,51.8,5.72,332.0,18,25705.0,28.7,537.2,Afternoon,Component_D,4.2,3.2,Good
100905,M005,2025-03-08,6.6,22.5,4.1,4,85.3,77.3,4.42,1093.0,56,112321.0,61.4,690.3,Morning,Component_A,2.3,4.0,Good
100906,M027,2024-02-16,6.1,14.7,5.7,8,78.3,44.4,4.84,710.0,20,69520.0,41.7,672.9,Afternoon,Component_B,6.9,5.1,Good
100907,M005,2025-02-27,1.9,21.3,2.1,3,76.4,62.4,2.87,1048.0,20,68516.0,46.2,739.0,Afternoon,Component_A,6.9,1.2,Good
100908,M027,2025-02-01,8.2,10.4,4.1,1,66.5,54.2,6.97,302.0,13,24966.0,30.0,235.0,Afternoon,Component_B,9.3,3.0,Good
100909,M024,2024-10-22,7.9,18.3,2.9,4,81.3,63.5,3.17,824.0,28,82159.0,49.1,644.6,Afternoon,Component_D,5.4,2.1,Good
100910,M002,2024-10-30,12.5,13.1,2.8,1,86.4,43.7,3.76,581.0,20,61092.0,34.5,516.8,Morning,Component_A,9.2,4.0,Good
100911,M008,2024-08-23,5.1,10.3,0.5,3,91.3,52.8,3.95,474.0,16,40875.0,29.1,447.1,Morning,Component_B,8.0,1.1,Good
100912,M017,2025-02-19,6.7,16.9,8.3,1,65.5,46.9,0.5,744.0,27,69034.0,45.7,714.7,Morning,Component_A,13.4,4.7,Good
100913,M021,2025-09-04,6.7,20.0,3.3,6,81.8,47.4,6.06,857.0,29,70111.0,36.7,566.9,Night,Component_A,11.0,1.5,Good
100914,M003,2025-11-03,10.7,12.6,7.9,3,88.7,61.6,2.79,489.0,12,56166.0,40.9,512.5,Morning,Component_C,10.5,4.2,Good
100915,M021,2025-02-17,5.7,,7.7,3,69.1,44.9,5.74,434.0,14,42367.0,19.8,348.7,Afternoon,Component_C,8.5,7.9,Good
100916,M025,2024-04-29,6.8,15.6,1.8,5,88.9,57.6,3.69,724.0,29,61529.0,46.6,561.4,Afternoon,Component_D,3.3,2.4,Good
100917,M029,2025-10-27,7.8,15.7,2.3,6,73.9,55.5,3.68,678.0,28,52650.0,29.1,486.8,Night,Component_D,6.9,2.2,Good
100918,M028,2025-07-08,6.6,18.2,11.4,1,59.8,46.4,2.5,570.0,21,43318.0,51.4,697.4,Afternoon,Component_D,12.7,8.8,Good
100919,M027,2025-03-14,4.7,19.8,9.4,3,63.5,48.4,7.0,839.0,22,102503.0,65.2,1200.0,Night,Component_B,7.5,8.0,Good
100920,M001,2025-07-09,6.6,,4.9,2,54.7,58.0,7.4,538.0,20,49710.0,24.0,848.3,Morning,Component_D,3.5,3.0,Good
100921,M022,2024-03-18,9.2,23.4,5.6,3,71.5,54.8,6.3,1015.0,53,90342.0,80.0,720.6,Night,Component_A,7.0,5.3,Good
100922,M010,2024-11-27,2.9,16.9,3.4,3,70.1,55.3,4.98,518.0,12,47553.0,26.4,656.9,Afternoon,Component_C,3.0,2.4,Good
100923,M028,2024-04-17,6.4,14.6,6.1,3,74.3,52.9,4.74,506.0,16,43287.0,22.2,530.9,Night,Component_A,3.4,4.9,Good
100924,M016,2025-01-21,3.9,9.6,3.2,1,88.3,52.3,6.46,537.0,21,50153.0,30.9,383.5,Afternoon,Component_A,7.2,0.8,Good
100925,M013,2024-01-07,9.6,14.9,0.5,1,71.8,54.8,4.27,552.0,23,52729.0,43.5,694.6,Morning,Component_C,8.2,1.2,Good
100926,M006,2025-07-23,1.4,14.7,1.7,1,68.8,68.0,6.87,565.0,17,53802.0,25.2,546.2,Night,Component_C,3.6,2.6,Good
100927,M013,2025-01-28,4.3,19.8,5.1,4,69.6,59.8,2.77,845.0,16,64272.0,66.8,648.2,Morning,Component_D,4.3,5.1,Good
100928,M012,2025-06-05,7.1,17.8,2.2,1,49.8,53.8,6.27,497.0,28,53868.0,50.6,855.3,Afternoon,Component_B,1.7,3.1,Good
100929,M023,2024-08-15,10.7,11.3,4.8,2,80.2,45.3,6.81,487.0,22,42226.0,19.5,339.2,Afternoon,Component_D,5.6,5.5,Good
100930,M026,2024-06-18,5.8,16.7,2.3,1,70.2,51.2,2.52,662.0,20,56349.0,53.8,671.5,Afternoon,Component_D,0.5,1.7,Good
100931,M026,2024-02-03,4.3,18.7,3.0,3,73.0,46.7,2.99,685.0,10,57843.0,46.0,496.9,Afternoon,Component_B,5.1,1.1,Good
100932,M005,2025-12-22,11.6,22.1,7.1,1,69.6,47.8,4.42,1082.0,45,85708.0,45.4,681.6,Afternoon,Component_A,6.2,7.6,Good
100933,M029,2024-06-02,1.7,19.6,5.6,2,73.5,38.2,5.26,660.0,11,65351.0,61.7,865.0,Afternoon,Component_D,0.7,4.4,Good
100934,M007,2024-05-09,1.0,19.0,5.0,2,56.3,54.9,3.39,908.0,26,98450.0,56.6,620.7,Morning,Component_C,3.0,1.7,Good
100935,M002,2025-12-13,7.3,16.2,7.2,4,72.0,73.6,4.67,691.0,21,58151.0,44.5,387.0,Morning,Component_D,5.8,3.3,Good
100936,M018,2025-07-10,4.5,17.6,6.2,3,64.8,56.8,0.78,726.0,18,48898.0,58.0,576.0,Morning,Component_D,5.4,3.8,Good
100937,M010,2024-01-05,2.9,21.0,8.6,1,72.4,61.5,5.88,867.0,23,69007.0,67.7,664.4,Morning,Component_A,5.5,2.4,Good
100938,M024,2024-01-26,8.1,10.7,3.9,4,59.8,63.6,5.96,418.0,11,36899.0,20.9,314.7,Night,Component_D,6.9,4.3,Good
100939,M022,2025-05-14,6.7,14.6,3.9,2,77.7,52.4,7.24,390.0,15,29846.0,47.6,632.5,Afternoon,Component_A,1.0,2.6,Good
100940,M021,2024-11-30,4.3,12.9,1.7,3,72.3,53.0,5.53,464.0,11,39913.0,29.0,339.2,Night,Component_D,8.1,0.4,Good
100941,M019,2025-02-12,2.2,17.5,3.9,4,56.5,42.4,3.83,678.0,13,58801.0,41.4,587.1,Night,Component_A,5.0,1.7,Good
100942,M020,2024-04-01,8.6,20.9,7.4,2,83.4,56.8,2.67,1015.0,47,96189.0,72.0,833.7,Afternoon,Component_B,4.2,2.8,Good
100943,M024,2025-12-27,8.0,13.6,8.2,3,65.8,55.5,3.04,611.0,15,44710.0,41.1,495.5,Morning,Component_C,0.5,2.8,Good
100944,M010,2025-08-19,5.7,6.4,7.4,4,67.7,47.3,4.34,267.0,8,27688.0,13.7,233.9,Night,Component_A,5.2,1.8,Good
100945,M007,2025-06-17,11.5,14.4,0.5,2,81.6,65.3,2.98,739.0,35,88617.0,40.3,486.9,Afternoon,Component_C,7.5,1.7,Good
100946,M013,2025-02-06,2.8,19.7,7.7,2,84.9,48.0,3.12,602.0,20,70095.0,50.8,562.1,Afternoon,Component_D,6.4,6.5,Good
100947,M025,2025-05-12,1.4,18.2,0.5,3,66.4,80.6,4.43,898.0,14,77443.0,31.5,601.7,Night,Component_D,6.5,0.7,Good
100948,M013,2024-02-11,3.9,17.7,7.2,8,73.3,58.6,1.6,735.0,10,77197.0,58.0,773.5,Night,Component_A,5.0,4.2,Good
100949,M011,2025-04-28,5.9,14.9,4.1,5,80.2,54.8,2.72,609.0,12,62882.0,46.8,526.3,Morning,Component_B,5.8,3.6,Good
100950,M019,2024-06-07,6.7,10.9,6.8,2,87.2,72.5,4.89,438.0,13,41324.0,33.3,442.2,Afternoon,Component_C,2.7,4.9,Good
100951,M022,2025-11-01,5.3,18.1,1.7,3,73.1,34.5,4.98,686.0,21,66991.0,47.4,860.2,Afternoon,Component_A,6.0,1.7,Good
100952,M007,2024-12-20,7.1,12.7,7.9,2,77.7,52.4,6.06,666.0,31,70094.0,24.7,557.7,Morning,Component_A,4.5,2.4,Good
100953,M002,2025-05-14,2.2,24.0,1.3,0,61.0,51.1,4.78,1019.0,19,110307.0,78.4,671.4,Night,Component_C,2.6,1.5,Good
100954,M012,2024-09-06,10.3,18.3,3.3,3,53.9,53.4,4.56,800.0,26,66260.0,40.4,781.6,Afternoon,Component_A,8.3,3.4,Good
100955,M013,2024-11-26,5.8,13.7,2.5,2,78.7,57.0,5.65,542.0,21,57569.0,21.1,647.0,Morning,Component_C,1.3,2.4,Good
100956,M004,2024-08-01,9.4,13.6,0.6,4,62.3,53.1,4.84,588.0,18,70558.0,47.1,472.3,Afternoon,Component_D,7.6,2.0,Good
100957,M001,2024-12-28,7.0,15.6,5.2,1,60.9,67.6,2.75,735.0,34,79551.0,50.3,408.9,Afternoon,Component_C,7.8,3.3,Good
100958,M020,2025-04-18,7.4,15.0,9.5,3,79.7,58.9,3.06,,29,81452.0,41.2,531.9,Night,Component_B,4.4,7.4,Good
100959,M015,2025-02-23,7.7,20.5,11.7,3,70.2,59.4,7.52,688.0,38,38698.0,31.3,825.2,Afternoon,Component_C,9.1,10.0,Good
100960,M028,2024-08-27,7.3,16.7,5.2,2,74.7,59.2,10.0,787.0,39,81797.0,32.7,728.3,Night,Component_D,4.4,4.6,Average
100961,M018,2025-03-25,7.9,13.1,7.8,2,56.6,43.4,5.82,510.0,22,50472.0,31.5,459.0,Afternoon,Component_C,4.2,5.9,Good
100962,M023,2024-03-07,10.0,23.6,5.6,4,61.1,56.8,2.68,1044.0,45,115264.0,65.0,532.5,Afternoon,Component_C,2.4,4.9,Good
100963,M015,2024-07-09,6.6,16.2,6.2,3,91.6,57.1,7.92,668.0,33,52181.0,47.2,463.4,Afternoon,Component_A,6.0,3.4,Good
100964,M017,2025-01-04,8.1,19.1,4.1,4,64.1,44.9,3.73,983.0,33,85922.0,58.8,797.0,Morning,Component_C,3.1,3.1,Good
100965,M022,2024-10-05,5.7,13.6,5.5,2,69.6,63.0,5.26,607.0,21,65864.0,35.5,744.8,Night,Component_D,3.6,2.3,Good
100966,M003,2024-02-19,10.3,17.5,6.3,2,74.8,36.7,4.46,662.0,24,52367.0,49.2,682.5,Morning,Component_D,5.8,5.5,Good
100967,M008,2024-11-16,4.0,17.2,3.6,2,59.2,77.7,4.83,646.0,10,63718.0,53.7,842.3,Afternoon,Component_B,5.9,1.6,Good
100968,M024,2025-12-09,11.4,8.4,4.8,6,88.2,54.7,3.71,382.0,17,36193.0,24.7,271.0,Night,Component_C,9.8,5.3,Good
100969,M028,2024-06-20,5.9,24.0,4.9,0,72.1,47.3,6.84,1138.0,43,104765.0,80.0,799.5,Morning,Component_A,8.8,1.4,Good
100970,M023,2025-11-28,1.7,21.2,7.1,2,69.2,60.6,4.17,898.0,20,93024.0,68.9,412.1,Morning,Component_D,7.7,4.0,Good
100971,M007,2025-11-27,6.4,14.4,2.3,4,84.8,60.6,5.6,566.0,25,44299.0,26.5,602.6,Night,Component_B,5.6,2.4,Good
100972,M001,2025-11-07,4.0,11.6,4.9,1,82.9,73.4,5.56,541.0,18,45064.0,39.4,365.9,Night,Component_C,4.8,1.9,Good
100973,M025,2025-03-24,8.5,17.4,9.8,3,95.6,71.0,4.3,644.0,35,,33.2,761.6,Morning,Component_A,5.9,3.9,Good
100974,M019,2024-01-18,4.0,16.3,7.9,4,66.8,43.0,1.79,662.0,14,50962.0,56.8,561.9,Night,Component_C,4.3,3.5,Good
100975,M024,2025-01-06,4.7,17.4,8.4,2,98.3,52.6,3.01,989.0,51,112216.0,50.5,952.0,Afternoon,Component_C,3.9,6.4,Average
100976,M018,2025-01-23,1.0,16.8,5.1,2,79.8,46.8,5.78,730.0,19,60603.0,46.3,881.4,Morning,Component_B,5.8,3.5,Good
100977,M001,2025-04-10,4.6,18.0,5.8,3,92.3,61.7,5.05,749.0,20,79989.0,38.7,361.5,Night,Component_D,3.4,1.3,Good
100978,M011,2025-09-02,1.0,21.8,7.5,5,83.8,67.7,3.03,844.0,14,69096.0,38.5,933.5,Night,Component_C,3.5,3.6,Good
100979,M029,2025-09-21,1.2,18.3,8.9,4,64.3,43.2,4.58,753.0,16,79489.0,32.1,589.0,Night,Component_C,8.9,4.5,Good
100980,M001,2024-09-02,8.3,11.8,0.5,2,62.0,54.4,4.88,567.0,14,40182.0,38.2,526.1,Afternoon,Component_B,1.9,0.4,Good
100981,M015,2024-04-05,8.4,21.5,1.7,1,50.4,49.3,5.55,1013.0,33,117639.0,50.8,602.7,Morning,Component_A,2.9,1.4,Good
100982,M008,2024-10-15,7.3,22.6,8.3,4,47.9,62.6,7.78,860.0,44,96343.0,59.2,1134.0,Afternoon,Component_C,9.8,7.5,Average
100983,M013,2024-08-03,3.1,24.0,4.3,7,64.7,58.7,0.5,1007.0,19,87318.0,80.0,1116.1,Night,Component_D,4.8,3.7,Good
100984,M029,2025-10-28,5.9,11.5,3.3,8,87.2,65.6,6.68,440.0,19,36351.0,23.1,318.7,Morning,Component_C,10.1,2.4,Good
100985,M025,2024-07-29,6.0,17.0,1.9,4,66.0,51.2,4.89,761.0,22,77521.0,51.5,633.3,Night,Component_C,2.5,1.2,Good
100986,M003,2024-03-22,2.5,7.7,3.6,4,63.9,54.0,2.65,138.0,1,9951.0,18.8,307.6,Morning,Component_D,6.2,1.2,Good
100987,M007,2025-08-13,10.5,18.2,1.5,2,80.4,58.5,4.8,616.0,31,58841.0,35.0,817.3,Night,Component_B,8.3,1.7,Average
100988,M013,2025-08-25,8.6,13.8,10.2,3,61.7,52.6,7.1,607.0,26,50312.0,44.2,540.3,Afternoon,Component_C,3.3,8.7,Good
100989,M018,2025-09-24,5.3,23.7,4.9,3,94.1,57.7,7.64,610.0,33,55623.0,67.8,1060.3,Afternoon,Component_D,11.0,3.6,Good
100990,M028,2025-04-03,6.1,12.9,4.9,2,68.9,66.4,2.66,677.0,16,57777.0,21.8,495.1,Morning,Component_D,4.8,3.5,Good
100991,M024,2025-01-16,6.6,9.2,6.5,5,83.2,74.2,2.97,290.0,11,24077.0,23.8,407.8,Afternoon,Component_A,7.5,5.7,Good
100992,M030,2024-09-15,1.0,14.1,7.4,4,69.6,50.6,2.17,630.0,10,75960.0,45.2,383.5,Morning,Component_B,4.0,5.5,Good
100993,M029,2025-11-09,5.3,8.1,7.4,2,72.3,74.3,4.92,389.0,9,41509.0,13.2,316.7,Night,Component_D,10.5,2.9,Good
100994,M029,2025-01-30,4.0,19.0,7.7,5,85.5,50.5,5.01,815.0,22,59334.0,44.3,904.8,Afternoon,Component_C,6.9,3.2,Average
100995,M012,2024-02-02,3.0,7.7,3.4,2,74.8,62.8,6.28,303.0,9,24804.0,24.0,385.5,Night,Component_B,12.3,2.8,Good
100996,M003,2024-09-26,5.2,16.1,4.3,3,89.9,50.6,5.29,600.0,17,64717.0,51.8,644.5,Afternoon,Component_D,9.5,3.0,Good
100997,M010,2025-04-11,11.4,7.7,6.9,4,62.6,45.7,6.11,279.0,12,30559.0,23.5,309.3,Night,Component_B,8.5,2.3,Good
100998,M026,2025-04-13,7.9,14.7,3.7,1,56.4,66.0,2.0,500.0,18,37112.0,31.0,735.3,Afternoon,Component_C,3.1,3.0,Good
100999,M005,2025-02-28,4.3,22.6,5.0,6,51.0,54.6,7.65,978.0,30,103159.0,56.8,849.2,Afternoon,Component_A,6.3,1.9,Average
101000,M023,2025-03-04,7.7,17.4,6.0,3,87.1,66.6,6.84,721.0,29,71361.0,51.9,835.9,Night,Component_C,5.0,5.6,Average
101001,M009,2025-06-26,10.2,12.5,7.0,1,82.8,61.8,3.55,489.0,27,32213.0,22.6,484.7,Afternoon,Component_B,6.1,4.5,Good
101002,M001,2025-08-03,8.8,15.9,0.6,1,68.8,58.7,3.08,776.0,27,69027.0,42.8,626.9,Morning,Component_C,6.4,1.3,Good
101003,M030,2024-04-08,6.2,16.1,6.8,2,75.6,60.0,5.84,495.0,17,46014.0,47.3,481.9,Night,Component_D,3.3,6.0,Good
101004,M005,2025-03-19,4.1,17.9,4.4,2,84.8,64.8,1.69,769.0,19,73614.0,57.3,509.5,Morning,Component_B,5.5,4.4,Good
101005,M030,2025-08-30,8.1,10.5,6.8,2,69.7,63.3,3.18,466.0,22,35039.0,18.1,497.4,Morning,Component_C,5.7,2.5,Good
101006,M001,2025-01-05,7.2,18.4,6.9,6,50.9,51.4,2.65,806.0,26,67345.0,39.7,967.2,Night,Component_C,3.0,4.8,Good
101007,M002,2024-05-11,8.7,5.2,9.0,0,51.0,58.8,4.33,227.0,10,19444.0,13.4,219.4,Morning,Component_C,8.4,6.2,Good
101008,M010,2024-09-22,7.9,13.5,8.4,4,58.9,68.5,3.7,603.0,27,52440.0,39.2,510.9,Morning,Component_A,6.7,6.3,Good
101009,M004,2024-08-09,9.1,14.0,8.4,4,73.2,55.4,3.09,721.0,40,62882.0,41.4,664.7,Morning,Component_A,8.4,4.3,Good
101010,M026,2025-09-22,4.4,18.5,8.6,5,60.7,50.6,2.91,468.0,8,43529.0,37.1,761.7,Morning,Component_A,7.5,2.4,Good
101011,M030,2024-12-22,10.0,16.1,5.7,4,84.4,49.4,3.35,745.0,40,74235.0,24.6,322.9,Morning,Component_A,0.9,4.2,Good
101012,M003,2025-05-13,6.6,10.4,5.1,3,56.7,62.6,2.36,420.0,13,51078.0,30.0,491.1,Night,Component_C,3.5,2.6,Good
101013,M010,2024-05-16,12.2,12.1,7.2,3,63.7,52.8,5.48,585.0,38,63217.0,40.2,354.8,Night,Component_A,11.0,5.9,Good
101014,M015,2025-12-01,3.9,16.8,6.8,4,50.1,58.3,6.53,813.0,28,93294.0,52.0,644.6,Morning,Component_C,8.4,4.9,Good
101015,M021,2025-12-30,11.2,15.7,4.2,3,66.7,52.4,5.22,645.0,31,56624.0,43.1,563.5,Morning,Component_D,1.1,4.4,Average
101016,M006,2024-05-28,6.6,13.7,6.0,5,72.1,65.6,6.99,631.0,21,50443.0,47.3,463.6,Morning,Component_D,7.4,6.3,Good
101017,M001,2024-05-06,4.0,14.1,4.9,2,84.9,56.4,2.99,742.0,27,79410.0,33.4,549.1,Morning,Component_D,3.5,3.5,Good
101018,M025,2024-08-27,4.5,18.8,2.9,5,73.4,67.9,3.15,595.0,15,56380.0,47.9,857.8,Night,Component_B,0.5,2.2,Good
101019,M010,2024-10-05,5.0,13.9,8.2,1,80.9,67.5,5.3,687.0,21,72791.0,21.2,541.7,Night,Component_D,11.0,5.6,Good
101020,M002,2024-03-01,7.3,15.6,5.1,1,84.1,54.2,5.53,565.0,24,46198.0,52.9,783.4,Morning,Component_B,6.2,3.8,Good
101021,M024,2025-08-29,7.6,24.0,10.1,3,76.7,67.0,4.53,936.0,34,98026.0,64.0,1200.0,Morning,Component_A,6.7,4.8,Good
101022,M009,2025-01-12,4.3,10.3,0.9,3,,52.0,4.46,388.0,12,35840.0,23.5,525.6,Night,Component_D,2.2,2.3,Good
101023,M017,2025-02-04,5.9,8.6,3.6,3,76.9,57.4,2.58,408.0,7,35939.0,13.7,334.8,Morning,Component_D,2.5,2.0,Good
101024,M016,2024-12-25,12.4,19.1,5.1,3,89.9,48.0,0.5,995.0,64,89051.0,42.5,677.5,Morning,Component_D,1.2,7.0,Good
101025,M002,2025-03-14,11.2,13.3,7.8,1,68.2,60.3,5.5,552.0,26,,20.0,524.2,Morning,Component_A,10.3,6.4,Good
101026,M016,2024-10-03,7.3,14.7,6.0,4,78.7,57.7,6.27,641.0,26,68338.0,31.6,705.5,Afternoon,Component_D,1.1,4.6,Good
101027,M003,2025-03-13,6.1,12.9,5.8,7,78.3,59.6,3.71,539.0,18,48243.0,43.9,612.3,Morning,Component_D,10.9,2.3,Good
101028,M027,2025-07-12,6.4,15.0,2.2,2,67.6,42.8,3.51,465.0,17,46577.0,27.1,271.4,Morning,Component_C,3.0,1.7,Good
101029,M025,2025-11-11,7.8,22.4,2.1,1,83.2,37.1,3.31,953.0,32,95407.0,58.0,921.6,Night,Component_C,2.3,2.7,Good
101030,M028,2024-04-06,2.9,19.2,5.8,4,67.4,44.8,3.82,734.0,17,77859.0,36.0,371.7,Morning,Component_B,5.8,4.0,Good
101031,M019,2024-05-22,5.2,19.4,1.6,5,77.4,59.5,6.31,693.0,22,76094.0,59.5,744.6,Morning,Component_C,3.9,2.1,Good
101032,M013,2024-08-11,1.0,10.3,3.7,1,69.1,61.1,2.82,381.0,6,46546.0,27.0,349.8,Morning,Component_A,6.3,1.0,Good
101033,M006,2024-11-10,7.2,11.4,6.3,3,72.5,65.2,5.66,431.0,12,37938.0,21.7,371.3,Afternoon,Component_A,3.4,7.0,Good
101034,M025,2024-01-29,7.9,4.6,2.5,4,83.2,51.4,3.6,193.0,5,22562.0,14.9,221.9,Night,Component_D,5.1,3.5,Good
101035,M027,2025-06-06,4.6,12.8,9.0,1,48.6,56.9,0.91,558.0,14,53990.0,39.3,429.3,Morning,Component_C,,6.1,Good
101036,M007,2024-01-29,10.7,19.8,8.1,7,79.4,48.7,3.88,680.0,27,53433.0,67.4,772.3,Morning,Component_B,8.6,6.8,Good
101037,M026,2025-01-05,2.3,18.1,1.1,2,80.5,67.3,7.45,897.0,27,76463.0,27.2,557.4,Night,Component_B,7.5,1.4,Good
101038,M012,2025-08-20,1.6,15.1,2.7,4,65.1,48.6,3.27,689.0,13,70271.0,36.5,585.9,Afternoon,Component_B,6.7,2.3,Good
101039,M014,2025-12-22,6.7,15.9,0.5,1,71.6,65.6,4.07,674.0,24,71347.0,55.6,739.7,Afternoon,Component_D,9.2,0.6,Good
101040,M022,2024-12-10,9.1,13.2,3.0,2,60.3,52.7,4.51,577.0,28,46019.0,41.2,427.1,Afternoon,Component_A,6.8,2.9,Good
101041,M015,2024-12-06,11.1,16.8,6.9,4,62.4,69.2,4.86,721.0,29,60234.0,53.1,746.6,Afternoon,Component_D,6.5,3.4,Good
101042,M002,2025-04-16,4.6,19.1,4.0,4,75.3,56.6,7.28,739.0,22,64295.0,52.4,743.6,Morning,Component_A,5.6,2.7,Good
101043,M022,2025-09-17,9.2,9.5,6.2,3,103.5,56.4,3.07,440.0,29,36102.0,27.8,383.0,Morning,Component_D,3.9,2.6,Average
101044,M010,2025-07-21,5.9,17.2,1.2,5,80.0,48.2,4.52,797.0,25,53239.0,53.5,617.2,Morning,Component_A,3.9,1.9,Good
101045,M028,2024-06-29,5.5,19.7,7.0,1,61.8,74.5,5.87,871.0,33,53750.0,33.2,881.5,Afternoon,Component_B,6.4,4.7,Good
101046,M017,2025-05-29,8.7,14.3,3.6,5,81.3,63.9,3.21,675.0,25,60259.0,41.3,637.6,Morning,Component_A,9.1,1.3,Good
101047,M023,2025-06-08,8.0,18.8,5.0,3,79.0,59.6,4.63,836.0,33,82581.0,58.9,710.3,Night,Component_C,7.7,4.4,Good
101048,M015,2025-02-25,1.3,24.0,4.8,1,51.3,57.2,6.27,857.0,17,89843.0,38.0,953.5,Night,Component_C,7.7,1.5,Good
101049,M006,2025-01-10,10.4,,1.8,8,68.2,49.1,3.56,615.0,18,45857.0,32.7,706.3,Night,Component_B,2.7,2.4,Good
101050,M024,2025-02-10,10.1,17.6,2.1,2,70.3,61.1,4.19,892.0,41,66739.0,37.8,765.2,Afternoon,Component_B,7.6,2.9,Good
101051,M002,2025-04-01,4.1,13.0,7.4,1,73.4,54.4,2.43,507.0,16,44150.0,41.7,470.3,Morning,Component_D,4.8,5.2,Good
101052,M030,2025-05-11,7.2,16.7,6.0,4,71.6,55.5,6.2,556.0,19,52848.0,51.1,804.7,Morning,Component_C,6.5,3.4,Good
101053,M001,2024-02-25,7.5,17.8,7.6,2,73.8,63.0,4.79,616.0,13,67841.0,50.1,814.5,Afternoon,Component_B,7.7,3.0,Good
101054,M009,2024-09-21,6.8,16.8,5.8,5,60.8,57.6,3.73,558.0,15,59017.0,52.2,935.8,Night,Component_D,2.5,1.0,Good
101055,M016,2024-05-02,4.3,11.9,5.4,2,68.1,55.2,3.95,535.0,19,47873.0,28.6,311.4,Afternoon,Component_D,6.5,3.9,Good
101056,M025,2025-01-12,4.0,16.8,0.7,2,68.8,67.9,4.48,764.0,20,76707.0,54.6,740.7,Night,Component_C,6.7,0.9,Good
101057,M016,2024-12-04,5.9,21.8,4.3,0,85.9,47.6,5.1,1120.0,46,92229.0,42.9,1041.1,Afternoon,Component_A,9.0,2.7,Good
101058,M014,2024-08-14,9.5,17.8,4.9,4,63.6,40.1,3.33,804.0,29,77277.0,51.8,838.5,Afternoon,Component_D,4.4,2.7,Good
101059,M026,2025-04-20,7.6,19.8,9.9,1,69.1,47.8,3.47,885.0,24,83246.0,39.3,727.6,Morning,Component_C,5.8,6.3,Good
101060,M023,2024-06-04,4.9,15.1,6.7,3,67.7,56.4,4.03,852.0,21,98887.0,23.9,418.9,Night,Component_D,6.5,1.7,Good
101061,M001,2024-03-19,8.3,19.0,8.8,4,91.0,61.3,4.77,750.0,37,76802.0,39.3,972.6,Morning,Component_D,4.4,6.3,Average
101062,M002,2024-10-01,1.0,17.1,6.5,6,80.0,48.3,7.39,556.0,18,46392.0,42.5,585.9,Afternoon,Component_B,4.4,2.3,Good
101063,M009,2024-12-18,9.4,12.2,3.2,4,60.8,85.0,3.06,574.0,17,47982.0,38.9,453.6,Night,Component_B,4.3,3.9,Good
101064,M016,2024-08-07,1.0,17.3,5.3,6,76.8,56.6,1.52,733.0,10,65973.0,43.6,945.4,Morning,Component_B,5.6,2.7,Good
101065,M005,2024-09-16,4.9,12.0,5.6,4,59.9,56.4,7.02,548.0,15,39200.0,22.3,343.6,Afternoon,Component_C,11.2,4.4,Good
101066,M018,2025-03-06,2.6,13.5,2.7,5,75.1,43.4,2.92,686.0,11,62803.0,47.1,606.6,Night,Component_D,5.7,3.4,Good
101067,M016,2025-02-18,2.1,16.8,4.0,2,88.4,42.0,7.14,738.0,26,68520.0,34.3,541.3,Morning,Component_C,7.5,3.1,Good
101068,M005,2025-01-23,9.5,17.2,4.5,4,48.5,39.0,6.74,908.0,36,92614.0,59.7,565.9,Afternoon,Component_D,6.1,3.5,Good
101069,M017,2024-05-03,4.6,11.2,9.0,4,59.9,67.3,5.48,418.0,10,43548.0,37.8,449.8,Afternoon,Component_D,5.1,7.4,Good
101070,M010,2024-10-15,7.0,20.2,0.5,1,73.9,65.9,6.69,951.0,36,91756.0,52.2,890.9,Afternoon,Component_B,5.9,1.8,Good
101071,M030,2024-10-30,5.9,18.3,8.0,2,67.2,55.0,1.2,682.0,17,48115.0,30.8,846.3,Morning,Component_B,8.3,5.7,Good
101072,M012,2024-06-08,7.4,13.2,2.7,4,74.6,44.1,2.07,693.0,19,53142.0,38.2,630.6,Morning,Component_D,5.8,2.0,Good
101073,M005,2025-01-16,6.2,9.8,1.6,2,71.0,52.5,5.01,432.0,11,37119.0,31.3,329.4,Morning,Component_D,5.5,2.7,Good
101074,M023,2024-04-21,2.2,15.4,7.9,5,51.8,67.8,3.8,685.0,9,71777.0,36.8,448.7,Afternoon,Component_A,5.3,4.6,Good
101075,M008,2025-09-04,9.0,14.2,6.8,1,79.5,50.5,3.09,522.0,25,54433.0,28.1,518.7,Afternoon,Component_A,3.0,2.9,Good
101076,M011,2024-08-13,4.5,16.5,8.1,6,56.0,46.9,5.95,653.0,20,59592.0,51.2,681.9,Morning,Component_D,9.1,6.3,Good
101077,M003,2025-05-02,1.3,14.5,7.0,4,74.5,51.6,4.96,640.0,10,83453.0,37.6,529.7,Night,Component_C,4.7,2.8,Good
101078,M016,2025-07-12,4.7,8.0,10.1,0,66.5,52.4,6.39,400.0,15,47369.0,15.2,81.0,Morning,Component_A,10.4,2.5,Good
101079,M020,2025-10-10,10.5,14.4,6.4,5,100.8,61.6,3.83,744.0,51,84518.0,48.9,357.7,Night,Component_D,6.7,4.2,Average
101080,M028,2024-12-26,8.6,14.8,4.6,4,70.5,35.1,4.47,655.0,22,69109.0,50.3,551.1,Afternoon,Component_D,10.2,4.6,Good
101081,M030,2024-06-11,5.0,18.5,5.9,5,76.2,56.5,7.27,743.0,25,75695.0,41.3,839.6,Afternoon,Component_A,5.4,5.6,Good
101082,M011,2024-02-16,5.0,13.2,8.1,1,78.6,48.7,2.19,599.0,12,60369.0,21.5,416.1,Night,Component_D,3.8,6.7,Good
101083,M018,2025-08-22,5.0,22.7,3.1,1,76.1,50.2,4.34,1140.0,33,77434.0,62.7,1005.7,Morning,Component_C,9.1,1.7,Good
101084,M017,2024-12-03,12.2,8.4,3.4,2,71.7,61.8,2.93,357.0,22,28285.0,17.9,243.1,Afternoon,Component_A,4.3,3.5,Good
101085,M010,2024-09-29,7.1,21.2,4.2,0,60.1,43.3,7.55,836.0,35,76634.0,34.6,863.1,Night,Component_C,9.9,2.7,Good
101086,M024,2024-02-24,7.3,15.1,0.5,2,70.7,56.6,8.83,703.0,21,68133.0,49.6,620.2,Afternoon,Component_D,7.7,0.4,Good
101087,M023,2024-09-23,9.1,19.4,5.3,3,49.6,59.3,4.88,797.0,31,74227.0,67.8,828.1,Morning,Component_B,10.4,3.5,Good
101088,M011,2025-06-28,6.7,16.3,0.5,1,77.9,60.2,5.39,680.0,16,67377.0,35.9,501.3,Morning,Component_D,3.1,1.6,Good
101089,M015,2024-11-15,5.2,20.6,5.1,4,107.0,61.4,4.31,884.0,32,56090.0,61.6,538.2,Night,Component_A,8.9,4.9,Good
101090,M008,2024-02-27,,14.5,7.2,3,74.1,60.1,4.24,666.0,18,68322.0,23.7,646.0,Night,Component_C,3.8,5.2,Good
101091,M005,2025-09-11,5.8,11.6,3.8,3,76.1,61.5,4.65,436.0,15,41826.0,26.0,310.8,Morning,Component_D,0.5,3.0,Good
101092,M005,2024-09-30,5.9,21.7,9.2,5,53.4,47.1,2.07,924.0,27,85182.0,37.3,702.6,Night,Component_C,8.7,4.4,Good
101093,M001,2024-11-29,8.2,15.5,1.3,3,62.2,67.3,5.69,678.0,22,73841.0,25.0,778.0,Morning,Component_C,6.0,1.4,Good
101094,M009,2025-11-15,6.2,16.9,8.0,6,82.7,44.3,2.73,677.0,30,53698.0,45.3,677.6,Afternoon,Component_A,8.9,6.5,Average
101095,M014,2024-05-02,8.2,20.9,6.7,1,54.6,58.3,3.86,1091.0,45,99768.0,64.9,872.3,Night,Component_C,6.3,6.3,Good
101096,M027,2025-07-08,5.8,11.9,0.7,0,63.3,48.9,4.56,622.0,27,61744.0,28.6,523.3,Afternoon,Component_C,6.1,2.0,Good
101097,M003,2024-05-27,6.2,18.4,11.8,3,78.8,39.5,3.13,699.0,20,57461.0,46.9,798.3,Morning,Component_A,10.5,6.9,Good
101098,M017,2024-11-08,1.0,13.6,4.8,4,81.7,49.9,5.58,484.0,14,31436.0,27.8,516.5,Night,Component_C,6.4,2.9,Good
101099,M013,2024-07-28,8.7,15.5,2.8,0,70.7,53.9,3.64,535.0,17,41572.0,46.1,494.6,Afternoon,Component_D,4.6,1.7,Good
101100,M020,2024-09-30,7.0,16.3,1.5,1,73.5,67.5,6.42,739.0,38,69488.0,36.2,983.4,Night,Component_D,5.7,1.9,Good
101101,M028,2024-05-24,9.0,10.0,4.4,1,73.4,71.4,2.93,413.0,19,37692.0,16.3,374.6,Afternoon,Component_C,6.5,4.9,Good
101102,M020,2025-08-23,1.0,12.9,4.7,1,57.2,53.8,4.2,464.0,13,43953.0,23.6,526.4,Morning,Component_A,0.5,0.8,Good
101103,M029,2025-01-08,12.3,21.4,5.3,4,71.1,42.5,2.57,898.0,49,76430.0,37.6,913.2,Afternoon,Component_A,7.5,3.3,Good
101104,M024,2024-12-21,5.6,19.5,4.3,1,74.9,43.2,6.27,854.0,37,64320.0,46.2,669.1,Morning,Component_D,10.1,2.4,Good
101105,M010,2025-07-04,9.3,15.7,6.6,5,70.9,61.9,3.94,732.0,23,71044.0,25.6,561.7,Night,Component_B,5.9,3.2,Good
101106,M010,2025-04-08,2.9,17.0,4.0,3,48.9,61.4,3.5,874.0,24,80847.0,52.9,854.2,Night,Component_B,4.7,3.2,Good
101107,M005,2024-06-15,7.8,14.8,0.5,3,90.4,49.5,4.16,630.0,30,65878.0,49.1,490.5,Night,Component_C,7.2,1.4,Good
101108,M015,2024-12-09,2.8,21.4,4.6,4,58.9,44.4,4.3,815.0,17,68285.0,42.7,889.4,Night,Component_B,11.2,3.2,Good
101109,M010,2024-05-28,4.1,15.2,0.5,2,72.9,63.9,5.23,609.0,15,39395.0,37.6,694.7,Morning,Component_C,7.4,0.5,Good
101110,M028,2024-10-11,11.7,16.9,5.9,3,75.9,43.9,5.47,621.0,22,34734.0,42.9,636.6,Night,Component_C,6.6,7.0,Good
101111,M005,2024-12-19,5.4,20.6,2.6,2,66.5,51.0,4.23,739.0,20,65755.0,71.5,778.1,Morning,Component_B,4.8,3.0,Good
101112,M001,2024-09-17,6.7,12.9,5.4,3,74.9,59.3,4.43,478.0,14,46327.0,21.0,602.4,Afternoon,Component_D,2.8,3.7,Good
101113,M013,2025-12-07,8.6,22.2,8.3,3,62.7,37.0,0.5,955.0,38,87397.0,63.0,836.4,Afternoon,Component_D,6.1,4.6,Average
101114,M027,2025-10-10,7.5,9.9,2.6,1,97.8,63.6,3.69,340.0,24,29418.0,21.7,226.7,Night,Component_A,6.1,3.2,Average
101115,M004,2025-12-07,6.5,22.5,7.7,6,68.9,76.4,7.08,1050.0,43,74686.0,56.3,1138.7,Morning,Component_A,0.5,4.9,Good
101116,M024,2024-06-20,7.1,14.5,3.9,1,82.8,56.0,5.31,710.0,34,47328.0,28.0,452.0,Afternoon,Component_D,3.8,3.2,Good
101117,M008,2024-07-08,13.2,15.0,9.4,3,58.9,54.7,2.57,497.0,36,49953.0,27.3,622.3,Morning,Component_B,9.5,8.2,Good
101118,M030,2024-04-22,5.8,8.4,4.1,2,80.7,55.4,3.8,278.0,15,25461.0,16.7,242.2,Afternoon,Component_D,5.2,2.2,Good
101119,M020,2025-05-09,6.6,14.2,2.9,1,63.4,57.0,3.43,553.0,23,49520.0,23.3,494.8,Night,Component_D,0.5,1.6,Good
101120,M003,2025-12-02,9.2,11.8,6.7,3,55.3,48.4,6.43,478.0,22,34356.0,24.3,425.6,Afternoon,Component_D,10.8,7.0,Good
101121,M020,2025-03-21,9.3,13.6,3.9,8,59.2,44.9,6.24,668.0,22,53778.0,39.2,554.3,Night,Component_C,3.3,3.0,Good
101122,M022,2025-11-30,9.6,15.5,2.9,1,61.8,51.8,3.09,655.0,29,62668.0,43.4,499.4,Night,Component_A,4.6,3.7,Average
101123,M003,2025-03-08,,19.8,3.8,3,73.3,56.4,4.52,,35,86662.0,51.7,1082.3,Afternoon,Component_C,9.2,3.3,Good
101124,M030,2024-06-15,2.6,16.8,4.9,3,106.5,46.0,2.46,780.0,38,72178.0,25.2,646.9,Night,Component_A,3.8,4.2,Average
101125,M027,2025-11-11,10.9,17.2,8.4,4,104.8,42.9,3.37,645.0,40,74619.0,30.1,796.6,Morning,Component_B,0.5,4.7,Average
101126,M016,2024-11-01,2.6,11.6,0.5,0,68.1,51.0,3.44,453.0,11,39125.0,37.0,445.2,Morning,Component_D,6.7,1.7,Good
101127,M012,2025-06-12,6.9,12.5,5.1,1,83.5,43.0,3.24,512.0,15,58523.0,25.5,588.5,Morning,Component_B,8.4,4.0,Good
101128,M013,2025-07-18,3.7,23.2,6.6,4,57.0,61.0,5.16,1037.0,17,101888.0,77.1,499.1,Afternoon,Component_D,4.6,2.3,Good
101129,M019,2025-01-12,5.8,13.1,5.5,5,46.8,30.0,6.93,424.0,12,40968.0,42.6,435.5,Afternoon,Component_D,5.6,5.0,Good
101130,M009,2024-07-01,7.0,22.6,8.3,4,72.4,44.5,4.39,820.0,23,89370.0,40.9,778.5,Afternoon,Component_B,2.5,4.1,Good
101131,M016,2024-07-24,7.0,15.0,4.8,0,78.6,67.7,2.6,638.0,29,54637.0,49.4,520.4,Morning,Component_C,3.0,3.3,Good
101132,M019,2025-03-15,7.3,16.0,4.5,1,81.4,53.0,4.87,620.0,28,55838.0,44.1,689.0,Morning,Component_B,5.0,4.5,Good
101133,M001,2024-07-11,10.8,20.3,6.5,0,85.0,56.7,4.88,699.0,30,53576.0,56.0,888.4,Afternoon,Component_B,7.9,7.6,Good
101134,M016,2025-10-16,7.4,21.1,5.2,2,68.0,53.8,4.16,796.0,28,86786.0,67.6,804.1,Night,Component_B,6.3,4.9,Good
101135,M029,2024-09-14,5.3,15.6,4.0,3,72.9,49.4,7.85,541.0,21,54118.0,36.0,597.2,Night,Component_C,9.1,2.2,Good
101136,M027,2024-01-12,8.9,,6.3,2,81.9,64.9,4.94,787.0,40,87724.0,42.8,846.1,Afternoon,Component_D,11.0,3.2,Good
101137,M019,2024-07-03,9.6,15.8,3.4,4,86.3,49.9,5.53,665.0,32,65219.0,44.8,660.6,Night,Component_D,8.7,4.1,Good
101138,M027,2024-08-02,2.3,17.4,3.5,2,61.1,47.5,0.5,715.0,14,79755.0,52.9,356.1,Night,Component_C,,2.8,Good
101139,M024,2025-12-02,7.8,19.6,3.7,1,74.5,60.9,2.77,719.0,20,60245.0,55.3,881.2,Afternoon,Component_C,5.1,1.5,Good
101140,M009,2025-11-04,8.1,16.0,8.4,2,79.8,37.6,5.43,697.0,34,76537.0,26.6,695.8,Afternoon,Component_A,8.6,7.4,Average
101141,M013,2025-12-18,5.1,18.5,0.5,1,73.8,52.4,5.01,861.0,25,76657.0,38.6,884.8,Afternoon,Component_D,5.6,0.5,Good
101142,M004,2025-04-03,10.1,22.6,6.0,2,64.5,50.3,3.82,786.0,35,74700.0,76.4,987.2,Afternoon,Component_D,1.1,6.0,Good
101143,M006,2024-12-05,5.5,17.5,5.1,4,72.0,52.3,5.32,668.0,22,70758.0,34.1,549.3,Night,Component_C,4.3,1.6,Good
101144,M030,2024-12-29,6.4,17.2,0.8,4,78.4,50.6,6.17,614.0,13,79769.0,42.0,788.9,Afternoon,Component_D,0.5,2.8,Good
101145,M026,2025-12-11,5.5,9.9,5.8,5,62.9,58.4,3.65,332.0,9,35624.0,21.9,395.1,Afternoon,Component_D,5.2,2.4,Good
101146,M008,2024-11-16,6.0,5.5,6.2,3,57.6,64.9,3.38,200.0,6,21743.0,9.2,267.0,Afternoon,Component_B,3.9,3.4,Good
101147,M007,2025-09-23,2.7,17.6,6.5,1,96.7,59.1,4.04,802.0,43,69629.0,32.8,892.1,Morning,Component_A,4.9,3.2,Average
101148,M008,2024-08-27,1.7,,0.5,2,74.3,52.0,5.4,526.0,8,51209.0,32.3,581.0,Morning,Component_C,9.5,2.3,Good
101149,M027,2024-01-15,10.8,13.9,8.4,1,83.3,60.7,3.47,679.0,27,63529.0,33.7,647.2,Night,Component_D,2.0,5.1,Average
101150,M011,2024-06-14,3.5,17.0,3.2,2,74.5,61.7,6.04,829.0,16,96259.0,55.2,793.6,Afternoon,Component_C,3.8,1.8,Good
101151,M003,2024-12-19,3.0,15.8,6.7,4,84.6,58.2,3.63,389.0,6,36103.0,40.0,626.5,Afternoon,Component_C,2.6,3.2,Good
101152,M004,2025-04-01,1.0,20.5,6.9,2,73.0,64.4,3.49,750.0,5,86196.0,57.5,1102.1,Afternoon,Component_D,9.2,1.1,Good
101153,M029,2024-11-16,4.1,16.3,2.8,4,79.0,33.9,8.72,624.0,26,47097.0,38.3,763.9,Morning,Component_A,9.4,2.5,Good
101154,M001,2024-09-21,2.0,13.0,6.7,2,58.7,55.2,2.28,573.0,11,66457.0,42.1,437.1,Afternoon,Component_B,7.1,3.2,Good
101155,M020,2024-06-18,10.9,20.0,4.0,4,50.8,57.8,5.91,902.0,33,74035.0,56.5,823.4,Morning,Component_B,6.9,3.3,Good
101156,M005,2025-05-25,9.0,15.1,0.5,4,66.3,41.7,1.25,527.0,16,56815.0,25.4,695.7,Afternoon,Component_A,2.4,2.1,Good
101157,M002,2025-03-25,3.9,18.1,7.9,3,54.9,57.0,5.68,933.0,23,76539.0,44.4,973.6,Afternoon,Component_B,6.6,3.2,Good
101158,M014,2025-12-26,12.8,14.1,3.1,2,46.6,63.2,9.35,521.0,28,54327.0,44.5,631.4,Morning,Component_C,2.6,3.9,Good
101159,M013,2025-11-21,8.9,13.4,2.9,6,75.6,53.0,6.4,457.0,21,36816.0,39.8,558.0,Afternoon,Component_A,6.1,3.0,Good
101160,M029,2024-03-18,5.0,16.3,4.0,5,50.8,60.9,6.91,579.0,20,64007.0,54.0,794.2,Morning,Component_B,5.0,2.3,Good
101161,M017,2024-07-26,1.0,16.1,5.7,4,83.4,64.2,4.33,663.0,9,71391.0,31.5,585.5,Night,Component_A,4.2,1.7,Good
101162,M013,2024-01-31,12.9,17.9,4.9,5,89.3,67.1,6.2,878.0,58,75499.0,61.8,564.2,Morning,Component_D,6.1,5.8,Good
101163,M021,2024-07-12,1.8,14.9,6.4,4,54.7,65.5,4.95,499.0,12,51732.0,30.8,653.7,Night,Component_D,8.0,3.1,Good
101164,M024,2024-06-08,1.1,8.7,1.7,0,75.5,67.3,8.15,358.0,5,39098.0,13.9,306.5,Afternoon,Component_D,11.3,1.2,Good
101165,M030,2024-04-09,9.1,14.3,3.1,1,,50.5,2.51,646.0,38,52423.0,35.6,872.3,Morning,Component_C,7.7,2.5,Good
101166,M008,2025-05-18,13.3,19.2,4.7,3,66.3,51.5,6.64,816.0,43,64864.0,33.0,795.1,Night,Component_B,12.8,5.9,Good
101167,M011,2024-07-21,10.2,14.8,9.7,2,79.3,32.7,5.27,668.0,34,52726.0,42.4,666.8,Afternoon,Component_B,6.6,6.8,Good
101168,M009,2024-01-08,7.7,15.0,4.7,3,100.7,45.4,2.86,748.0,37,57450.0,49.5,510.0,Morning,Component_C,11.4,4.8,Average
101169,M024,2025-12-09,7.8,19.9,7.7,7,51.9,66.0,4.01,849.0,26,66951.0,66.5,973.1,Afternoon,Component_B,7.3,5.2,Good
101170,M013,2025-04-26,8.6,13.2,5.1,5,59.8,49.6,1.62,616.0,25,67065.0,35.8,516.0,Night,Component_B,6.7,2.6,Good
101171,M013,2025-06-27,8.3,9.8,3.8,4,78.8,58.6,0.5,368.0,10,38039.0,25.2,379.2,Morning,Component_B,5.5,4.3,Good
101172,M007,2024-10-29,,15.4,4.4,5,98.1,57.2,2.34,622.0,29,43266.0,53.7,586.4,Afternoon,Component_C,6.9,1.8,Good
101173,M011,2024-01-08,6.3,14.1,4.6,2,63.5,66.2,3.8,496.0,16,43324.0,37.5,402.7,Afternoon,Component_A,7.3,3.3,Good
101174,M017,2025-11-04,5.8,12.1,6.5,4,101.2,36.8,4.65,544.0,35,42232.0,40.6,447.1,Night,Component_A,1.7,2.0,Average
101175,M010,2024-06-20,3.7,15.3,8.4,8,73.6,58.2,2.14,730.0,16,78784.0,51.0,655.7,Morning,Component_B,8.1,5.5,Good
101176,M001,2024-06-01,5.2,18.0,5.9,2,48.4,58.0,3.93,762.0,29,67251.0,37.4,471.9,Morning,Component_D,1.5,3.8,Good
101177,M028,2024-10-08,1.0,16.0,8.0,1,91.1,47.3,4.93,750.0,22,53875.0,24.4,740.8,Afternoon,Component_A,8.1,4.2,Good
101178,M008,2025-01-27,5.7,17.2,2.6,1,66.4,63.6,3.46,596.0,13,58141.0,40.9,628.1,Night,Component_D,7.8,0.7,Good
101179,M015,2024-10-29,3.0,23.3,4.0,1,77.4,42.4,2.55,998.0,31,103889.0,75.1,937.0,Afternoon,Component_C,10.3,2.3,Good
101180,M005,2024-07-18,2.7,14.6,3.2,1,52.1,64.6,3.18,481.0,14,38814.0,46.3,299.3,Afternoon,Component_B,3.4,2.3,Good
101181,M022,2024-05-24,6.5,17.1,5.8,1,63.0,35.6,6.91,733.0,30,66722.0,46.3,693.6,Morning,Component_C,3.0,6.1,Good
101182,M020,2024-01-15,10.2,14.0,4.1,5,54.0,46.9,1.39,382.0,15,31119.0,25.4,435.6,Afternoon,Component_B,9.3,1.5,Good
101183,M004,2025-11-12,8.8,12.6,6.8,1,52.8,53.7,6.58,645.0,35,73311.0,21.6,461.0,Morning,Component_B,2.8,4.8,Good
101184,M026,2024-11-05,1.3,13.7,2.7,2,73.2,57.0,6.96,592.0,11,52410.0,46.7,351.4,Morning,Component_B,2.5,2.0,Good
101185,M013,2025-01-31,3.0,14.1,5.1,3,78.8,38.2,3.86,563.0,15,47389.0,33.0,442.3,Morning,Component_D,6.6,4.2,Good
101186,M025,2025-05-20,8.8,17.4,6.7,6,65.4,64.4,5.33,934.0,32,88011.0,48.7,656.0,Afternoon,Component_A,5.9,5.1,Good
101187,M016,2025-05-09,3.1,24.0,0.5,5,54.8,61.8,3.09,1046.0,21,96114.0,79.5,866.0,Morning,Component_B,6.5,0.1,Good
101188,M008,2025-11-20,5.3,13.1,10.3,3,56.7,72.1,4.98,453.0,16,47713.0,42.4,601.1,Morning,Component_C,7.6,3.7,Good
101189,M014,2024-02-13,7.7,14.3,4.3,1,76.5,61.3,8.51,587.0,31,66472.0,37.7,345.1,Morning,Component_B,7.6,1.5,Good
101190,M027,2024-09-15,3.1,15.7,0.5,4,73.3,48.4,6.79,850.0,33,96351.0,38.9,596.3,Night,Component_D,5.8,0.4,Good
101191,M029,2024-06-29,6.3,17.6,5.4,2,76.7,45.4,3.59,665.0,15,59365.0,52.3,667.4,Night,Component_A,6.1,4.6,Good
101192,M012,2024-11-07,2.0,17.1,5.1,6,90.7,51.2,2.13,667.0,18,66418.0,37.6,591.2,Morning,Component_B,5.8,2.0,Good
101193,M020,2024-02-23,4.2,21.1,4.8,3,78.9,74.6,3.97,1125.0,35,131993.0,58.0,656.1,Afternoon,Component_A,6.1,4.5,Good
101194,M007,2025-11-27,7.0,6.3,7.5,4,76.9,55.4,4.99,196.0,5,23109.0,9.7,308.9,Afternoon,Component_D,1.8,2.6,Good
101195,M024,2025-10-13,1.2,6.5,6.9,5,100.4,55.8,5.8,271.0,8,22184.0,20.5,355.9,Night,Component_A,8.3,1.5,Good
101196,M023,2024-12-14,7.3,14.0,5.7,2,68.7,67.4,4.3,690.0,23,71680.0,48.9,354.6,Night,Component_B,9.1,3.5,Good
101197,M005,2025-01-18,5.9,20.4,6.1,3,100.6,44.5,7.71,804.0,44,81484.0,69.6,636.2,Afternoon,Component_D,7.9,6.2,Average
101198,M015,2024-07-05,7.7,9.7,4.7,4,89.1,59.9,4.56,352.0,21,38331.0,21.5,306.1,Morning,Component_A,7.7,4.4,Good
101199,M010,2024-11-16,6.7,4.0,9.4,7,68.4,59.6,3.64,184.0,6,20912.0,10.2,156.4,Night,Component_B,3.0,2.4,Good
101200,M001,2024-12-17,10.1,18.3,1.3,3,81.7,63.6,5.44,670.0,23,53188.0,36.1,899.5,Morning,Component_D,1.8,2.8,Good
101201,M006,2025-10-21,6.4,17.0,5.3,2,69.4,62.7,5.76,599.0,19,50699.0,35.8,730.6,Night,Component_A,8.5,3.3,Good
101202,M008,2025-03-31,4.7,11.6,5.2,5,54.8,54.5,3.13,395.0,11,42903.0,28.0,435.9,Afternoon,Component_B,6.1,4.1,Good
101203,M011,2024-10-19,6.4,12.1,7.0,3,71.9,42.6,2.81,506.0,18,49194.0,36.2,474.2,Night,Component_B,6.5,3.4,Good
101204,M006,2024-06-07,,12.1,2.9,6,54.4,49.9,1.54,519.0,13,31966.0,18.6,444.1,Night,Component_D,6.6,3.5,Good
101205,M008,2025-04-23,6.1,16.4,0.6,4,74.8,62.6,3.98,561.0,21,39273.0,37.5,732.3,Night,Component_D,,0.4,Good
101206,M022,2024-01-25,6.1,13.5,5.4,1,81.6,71.7,6.69,663.0,28,69574.0,35.3,618.1,Morning,Component_B,7.9,5.6,Good
101207,M018,2024-08-19,3.9,18.0,5.7,5,69.4,44.0,5.7,619.0,8,66596.0,34.7,776.9,Afternoon,Component_B,5.7,4.3,Good
101208,M022,2025-09-12,4.0,4.6,8.7,0,74.8,43.4,6.52,264.0,10,19736.0,7.6,102.0,Night,Component_D,0.5,8.0,Good
101209,M014,2025-07-14,1.8,12.6,1.8,5,74.6,40.8,3.32,532.0,11,59311.0,32.5,483.7,Morning,Component_D,8.1,2.0,Good
101210,M009,2025-06-03,11.2,11.5,7.9,7,82.1,48.1,4.21,544.0,25,50071.0,31.9,442.2,Afternoon,Component_B,7.7,4.0,Good
101211,M013,2025-04-22,2.3,15.0,10.9,5,73.1,63.5,1.07,703.0,10,56003.0,41.7,693.6,Morning,Component_D,2.1,6.3,Good
101212,M018,2025-08-28,3.9,13.8,4.1,3,68.2,66.8,6.31,743.0,21,64341.0,30.5,558.6,Afternoon,Component_C,2.5,3.8,Good
101213,M014,2025-09-24,3.8,19.2,1.8,5,81.6,36.3,6.92,774.0,25,59334.0,37.9,822.7,Morning,Component_A,8.6,1.5,Good
101214,M003,2025-02-22,8.7,8.6,4.0,2,73.9,44.2,2.58,377.0,22,32332.0,16.7,310.1,Afternoon,Component_B,9.4,3.4,Good
101215,M025,2025-01-04,5.1,16.2,5.0,3,46.4,42.5,7.43,707.0,29,47345.0,25.6,747.5,Morning,Component_C,0.5,5.9,Good
101216,M029,2025-05-06,9.7,18.2,6.4,2,67.8,47.2,4.08,757.0,37,71077.0,34.0,890.6,Night,Component_B,7.3,5.0,Good
101217,M023,2024-01-13,4.0,23.4,3.5,4,65.8,53.0,2.55,1063.0,23,110347.0,73.4,592.6,Afternoon,Component_A,5.3,0.1,Good
101218,M017,2024-03-13,6.8,14.1,8.9,5,73.8,51.4,3.93,724.0,20,54147.0,21.2,403.2,Morning,Component_D,6.2,6.0,Good
101219,M011,2024-05-31,3.5,17.3,2.2,2,72.5,59.6,5.63,553.0,15,52676.0,27.5,769.9,Night,Component_C,6.4,2.4,Good
101220,M013,2025-03-07,12.4,8.8,0.7,3,48.6,37.7,4.4,382.0,10,31679.0,15.4,347.1,Night,Component_D,3.7,1.7,Good
101221,M020,2025-06-28,2.4,6.4,7.8,2,54.1,50.3,3.46,326.0,8,34240.0,15.0,300.7,Afternoon,Component_C,8.0,3.5,Good
101222,M020,2024-09-13,6.9,19.4,0.5,1,60.6,67.3,5.57,741.0,25,44670.0,42.0,788.5,Morning,Component_A,3.9,1.1,Good
101223,M010,2024-11-23,7.9,16.0,4.5,3,72.8,67.6,5.73,821.0,30,86762.0,29.7,712.5,Night,Component_B,8.2,2.9,Good
101224,M005,2024-09-10,7.2,20.7,12.0,5,84.9,70.0,4.19,1007.0,39,68208.0,35.6,677.3,Night,Component_D,8.9,7.1,Average
101225,M007,2025-10-15,5.4,10.5,5.0,5,52.8,58.5,3.86,375.0,10,34444.0,35.5,438.3,Afternoon,Component_C,3.4,2.9,Good
101226,M021,2025-11-19,5.6,18.1,2.2,5,63.9,49.1,3.52,789.0,25,66565.0,60.1,748.6,Night,Component_C,3.5,2.3,Good
101227,M010,2024-05-01,6.1,23.5,4.9,3,71.4,56.6,5.36,977.0,28,87529.0,71.5,775.7,Morning,Component_C,6.3,2.5,Good
101228,M006,2024-02-02,5.6,17.7,4.9,4,60.8,77.7,1.61,1068.0,30,76959.0,35.5,825.6,Night,Component_A,10.5,2.9,Good
101229,M025,2024-09-16,8.9,17.1,5.4,2,73.0,50.2,3.13,459.0,24,55035.0,36.7,408.3,Night,Component_B,4.2,3.7,Good
101230,M018,2025-07-03,12.6,16.0,6.7,0,79.7,71.5,4.21,545.0,31,41257.0,45.3,659.8,Afternoon,Component_B,4.8,4.2,Average
101231,M006,2024-06-01,4.3,9.7,2.4,3,62.9,33.1,3.08,405.0,10,31139.0,20.2,276.8,Night,Component_A,7.0,2.8,Good
101232,M013,2024-09-01,1.9,21.4,9.2,2,75.9,60.1,4.96,864.0,14,105341.0,54.8,642.0,Night,Component_D,8.0,4.7,Good
101233,M022,2024-05-20,5.7,13.6,5.6,5,70.6,60.8,4.79,495.0,13,49421.0,38.1,635.5,Morning,Component_B,7.6,4.8,Good
101234,M028,2025-09-22,13.7,18.0,6.8,3,58.2,58.4,8.97,684.0,32,52111.0,45.7,553.0,Afternoon,Component_A,6.1,5.3,Good
101235,M017,2025-05-03,3.6,9.7,3.4,2,70.3,59.0,3.13,424.0,6,39461.0,22.6,287.2,Afternoon,Component_C,5.1,1.8,Good
101236,M022,2024-08-17,10.9,11.3,8.2,2,77.5,59.7,4.48,421.0,12,38506.0,24.8,503.7,Afternoon,Component_C,7.0,4.1,Good
101237,M023,2024-07-19,11.0,21.7,4.4,1,89.0,60.1,2.78,835.0,36,58187.0,66.3,653.8,Afternoon,Component_D,0.5,4.5,Average
101238,M029,2025-07-08,,14.6,5.7,3,91.7,52.0,7.99,737.0,32,61632.0,43.5,682.3,Afternoon,Component_C,11.6,2.1,Good
101239,M007,2024-06-14,7.7,21.8,2.7,7,65.2,52.6,7.56,954.0,28,90252.0,63.1,956.2,Afternoon,Component_A,5.4,2.1,Good
101240,M003,2024-02-04,10.9,15.7,2.5,0,64.5,42.8,1.68,611.0,22,69652.0,35.3,520.7,Afternoon,Component_A,6.5,2.7,Good
101241,M024,2025-08-27,4.9,8.6,6.7,6,72.5,61.6,4.2,292.0,5,26913.0,26.2,404.0,Night,Component_C,12.3,3.4,Good
101242,M007,2024-08-17,5.4,19.6,3.9,4,65.5,66.7,4.56,880.0,28,82100.0,66.9,451.6,Morning,Component_A,3.8,4.7,Good
101243,M020,2024-10-16,4.3,13.6,2.9,0,86.6,70.7,3.89,513.0,17,42462.0,39.1,576.8,Afternoon,Component_C,13.0,1.1,Good
101244,M020,2025-03-01,3.0,18.8,3.4,5,73.2,47.6,3.63,932.0,26,103861.0,43.5,533.0,Night,Component_C,8.2,1.9,Good
101245,M026,2025-08-26,4.1,16.1,6.7,0,72.7,39.5,5.89,693.0,25,75215.0,49.8,552.6,Night,Component_D,7.3,3.0,Good
101246,M029,2025-11-21,2.3,9.8,3.4,2,79.7,58.4,7.72,426.0,16,45514.0,26.6,341.0,Morning,Component_A,7.9,1.1,Good
101247,M029,2025-11-07,6.1,16.7,4.7,1,73.9,44.6,5.95,727.0,28,70285.0,54.4,818.0,Afternoon,Component_A,3.5,5.1,Good
101248,M007,2024-03-06,3.7,24.0,5.0,3,75.7,60.1,6.06,747.0,14,53053.0,70.2,823.2,Afternoon,Component_C,1.1,3.1,Good
101249,M002,2024-02-03,6.7,18.0,0.5,4,75.2,35.2,3.86,921.0,29,102507.0,54.7,686.1,Morning,Component_D,2.5,1.0,Good
101250,M005,2024-08-19,1.3,15.8,1.3,2,70.3,64.8,6.33,634.0,21,60775.0,44.8,547.6,Night,Component_D,9.3,0.3,Good
101251,M013,2025-10-27,7.0,20.3,5.8,3,61.2,56.4,6.33,848.0,29,76635.0,34.2,625.8,Afternoon,Component_C,3.2,5.1,Good
101252,M006,2024-11-27,8.5,16.8,3.2,1,93.1,37.7,3.65,630.0,30,64088.0,41.5,516.9,Afternoon,Component_B,1.0,3.2,Good
101253,M004,2025-11-18,1.0,16.8,7.6,3,61.1,57.7,4.08,710.0,8,69838.0,27.1,681.9,Morning,Component_D,5.8,7.2,Good
101254,M001,2024-05-06,7.1,11.6,7.4,1,91.9,55.9,1.66,627.0,28,49509.0,27.8,452.6,Night,Component_C,7.7,5.6,Good
101255,M011,2024-05-04,9.7,16.9,6.8,3,76.1,59.7,2.07,700.0,20,63132.0,49.6,764.7,Night,Component_A,6.1,4.7,Good
101256,M027,2025-01-02,2.4,20.1,9.5,4,64.8,62.2,3.72,793.0,12,52686.0,47.1,729.7,Night,Component_B,7.8,3.8,Good
101257,M001,2024-03-19,11.0,12.7,4.8,0,78.7,33.3,2.57,603.0,26,58063.0,19.1,483.3,Afternoon,Component_C,9.5,5.1,Good
101258,M019,2024-01-10,7.3,21.7,6.6,2,81.4,50.8,5.95,960.0,44,110354.0,48.6,972.1,Night,Component_C,7.7,5.9,Good
101259,M009,2025-07-01,3.9,15.6,3.5,2,92.6,54.2,4.21,786.0,30,53500.0,25.5,554.2,Morning,Component_C,5.5,2.6,Good
101260,M029,2024-06-16,5.8,12.4,11.1,2,56.2,52.3,5.46,348.0,15,33731.0,38.0,340.0,Morning,Component_A,4.4,5.9,Good
101261,M018,2024-05-16,7.7,20.0,10.0,2,70.3,51.8,2.3,777.0,20,81606.0,61.4,911.0,Morning,Component_B,8.3,7.0,Good
101262,M014,2024-06-29,6.2,14.9,5.0,7,88.5,64.5,6.84,483.0,15,51800.0,46.4,497.9,Morning,Component_C,6.8,3.5,Good
101263,M021,2025-12-21,7.6,19.0,6.0,3,81.0,39.4,5.38,942.0,37,78946.0,29.7,747.4,Night,Component_D,3.4,6.2,Good
101264,M007,2025-03-29,3.2,14.8,8.4,6,77.8,52.4,5.23,547.0,9,42921.0,23.2,494.6,Morning,Component_A,9.9,5.2,Good
101265,M002,2024-03-26,6.5,15.8,4.6,3,89.7,53.1,6.2,702.0,23,60508.0,52.2,490.5,Afternoon,Component_B,6.8,1.9,Good
101266,M017,2025-12-20,1.8,18.0,3.4,4,69.8,54.0,5.07,652.0,13,73587.0,31.5,414.2,Afternoon,Component_D,8.0,2.2,Good
101267,M007,2024-08-01,5.7,17.2,7.2,3,43.2,46.2,2.68,671.0,14,46538.0,48.9,711.7,Afternoon,Component_C,4.8,4.6,Good
101268,M021,2024-11-04,3.3,8.0,5.2,3,67.6,74.3,5.63,284.0,14,21800.0,24.7,93.4,Night,Component_B,9.4,0.8,Average
101269,M007,2024-06-15,3.8,11.5,5.5,5,96.1,63.8,3.08,445.0,17,39213.0,27.6,564.0,Night,Component_D,1.2,4.6,Good
101270,M001,2024-11-12,9.7,19.7,2.9,1,75.6,74.9,4.88,1083.0,31,87035.0,51.1,930.6,Night,Component_D,11.0,2.2,Good
101271,M022,2024-02-21,9.3,15.5,0.7,4,61.9,60.8,3.11,502.0,18,47376.0,30.3,494.8,Night,Component_C,0.5,0.7,Good
101272,M022,2024-07-14,7.8,13.9,5.6,3,88.0,61.9,7.49,467.0,18,54274.0,46.5,720.4,Morning,Component_B,1.9,6.1,Good
101273,M023,2025-12-08,2.7,10.6,7.3,0,82.1,55.0,5.71,458.0,21,35240.0,22.3,583.0,Morning,Component_A,6.8,2.4,Good
101274,M028,2025-12-13,5.1,11.7,4.4,3,73.8,69.1,6.31,490.0,19,45474.0,22.6,429.2,Morning,Component_C,4.4,2.8,Good
101275,M008,2024-07-24,9.6,7.9,8.6,3,79.0,60.1,3.13,257.0,9,24383.0,20.2,345.4,Morning,Component_A,5.0,7.9,Good
101276,M030,2025-11-12,6.4,15.6,3.2,3,59.8,53.3,5.04,652.0,23,58668.0,29.3,622.6,Morning,Component_B,4.4,1.7,Good
101277,M014,2024-08-30,13.0,13.6,2.4,1,67.7,71.6,4.84,476.0,27,33950.0,39.1,707.5,Morning,Component_D,3.7,3.2,Good
101278,M025,2024-08-05,7.2,12.1,4.8,2,71.2,43.3,4.7,459.0,13,39214.0,30.6,339.4,Afternoon,Component_C,7.0,1.0,Good
101279,M030,2025-12-07,6.6,15.7,4.8,3,85.2,48.4,1.01,509.0,21,43508.0,28.2,581.2,Night,Component_C,5.9,4.1,Good
101280,M013,2024-12-17,5.1,17.5,6.9,2,65.4,80.3,8.04,771.0,26,80571.0,28.6,803.9,Night,Component_A,8.7,2.4,Good
101281,M010,2025-08-09,6.4,24.0,3.1,3,71.7,61.0,4.43,1093.0,41,110714.0,42.6,1081.0,Morning,Component_D,6.2,2.6,Good
101282,M012,2024-06-27,5.5,10.0,8.4,1,89.3,31.3,5.4,283.0,14,20297.0,17.7,387.6,Afternoon,Component_C,4.7,7.3,Good
101283,M013,2025-01-21,8.1,20.6,9.9,6,102.3,64.2,2.13,879.0,55,78401.0,43.8,1028.5,Morning,Component_D,8.3,5.8,Good
101284,M016,2024-12-29,8.9,19.9,4.9,0,61.6,45.8,7.13,590.0,22,51623.0,63.0,811.2,Morning,Component_C,0.5,3.4,Good
101285,M021,2025-09-23,3.6,12.9,8.1,2,73.7,49.8,6.98,555.0,19,68998.0,20.8,509.1,Morning,Component_A,0.5,2.1,Average
101286,M013,2025-01-11,2.0,16.8,2.4,1,53.9,78.0,6.04,834.0,18,82887.0,29.5,736.1,Night,Component_B,1.2,1.1,Good
101287,M015,2025-07-26,1.0,14.2,7.7,1,71.8,69.9,4.99,548.0,12,43203.0,29.9,534.7,Night,Component_A,5.0,2.5,Good
101288,M004,2024-10-06,7.5,16.7,7.6,4,68.5,73.0,8.7,716.0,28,59677.0,43.5,656.3,Afternoon,Component_A,7.2,4.5,Good
101289,M005,2025-10-21,2.7,22.0,7.2,2,87.0,49.5,6.27,1017.0,36,90840.0,66.6,702.8,Afternoon,Component_D,0.5,5.2,Good
101290,M030,2024-03-14,1.0,18.4,5.0,2,57.9,52.4,2.04,851.0,17,85471.0,61.5,1133.0,Morning,Component_B,6.0,2.4,Good
101291,M026,2025-12-27,7.2,18.0,0.5,2,56.3,57.0,4.9,864.0,33,88365.0,41.8,630.2,Afternoon,Component_D,4.9,1.6,Good
101292,M014,2025-05-14,13.5,14.3,3.4,6,90.3,62.8,5.55,651.0,36,63803.0,24.5,653.8,Afternoon,Component_C,6.4,4.5,Good
101293,M005,2025-05-04,6.0,10.1,3.4,1,64.4,51.9,4.69,368.0,9,33802.0,19.5,550.0,Afternoon,Component_C,0.5,3.0,Good
101294,M027,2024-04-06,8.5,15.2,2.6,6,74.4,71.9,5.53,714.0,21,66373.0,31.5,431.3,Morning,Component_D,13.8,2.3,Good
101295,M025,2024-02-04,6.2,20.8,5.3,3,75.5,59.4,7.09,1030.0,36,95857.0,63.9,904.5,Morning,Component_B,6.1,5.2,Good
101296,M007,2025-08-12,5.7,9.9,4.0,2,62.6,68.4,4.16,462.0,15,31534.0,28.4,389.4,Night,Component_D,2.3,2.1,Good
101297,M027,2025-05-15,8.8,11.8,2.9,5,62.6,48.0,3.82,531.0,26,49957.0,22.6,635.4,Morning,Component_C,6.4,3.4,Good
101298,M014,2024-10-12,5.1,16.5,2.4,6,85.5,51.2,2.55,534.0,13,46106.0,52.4,517.2,Night,Component_B,10.5,3.4,Good
101299,M002,2024-03-23,6.8,12.1,3.2,1,80.1,57.2,1.14,444.0,17,31172.0,38.9,400.6,Afternoon,Component_A,2.1,2.3,Average
101300,M002,2024-02-10,7.0,12.8,7.8,2,71.8,50.9,3.94,499.0,23,65503.0,41.8,495.3,Afternoon,Component_C,1.5,3.8,Good
101301,M001,2025-05-12,4.0,14.3,3.3,7,70.4,64.4,3.28,533.0,8,53124.0,29.3,494.9,Morning,Component_C,5.6,3.5,Good
101302,M002,2025-09-05,9.0,10.5,3.7,8,75.8,64.6,4.13,449.0,13,42743.0,18.6,378.4,Night,Component_D,5.9,3.4,Good
101303,M002,2025-11-19,5.5,12.1,3.9,3,76.6,52.8,3.45,471.0,10,42123.0,20.7,667.2,Afternoon,Component_D,8.1,1.5,Good
101304,M021,2025-08-18,3.7,18.8,5.8,4,87.1,60.9,2.57,848.0,30,89848.0,43.2,740.9,Afternoon,Component_B,10.4,5.0,Good
101305,M025,2024-07-31,7.6,10.8,6.1,5,71.7,73.4,3.51,431.0,15,33431.0,25.5,357.8,Afternoon,Component_B,8.3,5.4,Good
101306,M023,2024-09-04,3.3,9.6,0.5,2,77.3,64.4,5.42,338.0,10,30525.0,31.1,341.4,Night,Component_A,1.8,0.7,Good
101307,M027,2025-07-30,6.1,13.5,7.6,0,80.6,60.9,3.54,496.0,19,40036.0,27.5,568.9,Night,Component_B,2.8,5.0,Good
101308,M013,2025-08-19,6.0,18.9,8.6,4,80.8,66.7,4.16,824.0,31,87199.0,52.0,781.2,Morning,Component_B,3.6,6.6,Good
101309,M005,2024-04-30,9.3,15.2,2.4,1,89.4,70.1,8.27,616.0,30,50881.0,46.8,526.0,Morning,Component_D,8.3,2.6,Good
101310,M027,2025-03-31,7.4,14.1,2.6,4,71.8,68.7,6.44,598.0,18,66689.0,28.7,367.0,Afternoon,Component_B,7.8,2.8,Good
101311,M026,2025-02-28,5.9,16.2,3.9,5,65.2,54.4,4.91,668.0,14,62465.0,33.0,620.8,Afternoon,Component_D,9.8,0.9,Good
101312,M020,2025-03-12,8.5,9.0,3.1,3,67.7,63.1,4.97,433.0,22,46165.0,25.5,353.4,Morning,Component_D,7.7,3.3,Good
101313,M015,2025-12-15,10.2,18.0,5.6,2,79.7,52.3,3.22,887.0,29,89585.0,53.1,611.4,Night,Component_D,4.1,3.6,Good
101314,M022,2025-02-03,7.7,17.5,0.5,2,70.7,54.5,3.74,642.0,17,71191.0,59.8,859.6,Night,Component_C,5.4,0.8,Good
101315,M020,2025-10-10,6.0,14.4,2.2,1,99.4,59.3,4.0,474.0,29,38381.0,46.1,625.4,Night,Component_D,1.6,2.4,Good
101316,M030,2024-08-28,2.1,20.0,8.8,6,72.2,42.0,4.69,775.0,14,84153.0,62.9,785.8,Morning,Component_D,7.9,6.2,Good
101317,M015,2025-08-30,2.8,11.5,2.7,4,60.5,58.3,4.42,382.0,10,25617.0,33.2,409.4,Night,Component_D,4.1,1.6,Good
101318,M026,2025-03-23,5.1,20.5,8.1,2,75.9,48.8,2.47,643.0,28,61501.0,35.6,1073.4,Morning,Component_D,9.7,6.6,Good
101319,M007,2025-10-24,4.2,16.6,5.9,3,90.5,44.3,5.57,762.0,30,66150.0,51.8,485.9,Afternoon,Component_C,7.8,4.0,Average
101320,M013,2025-03-06,5.4,14.7,0.5,4,62.2,62.2,3.47,604.0,19,44655.0,49.5,511.0,Night,Component_C,11.8,0.3,Good
101321,M016,2025-11-19,6.2,15.9,6.6,5,61.9,52.7,7.96,755.0,27,61606.0,36.3,559.1,Night,Component_C,7.3,6.2,Good
101322,M019,2025-11-25,7.6,15.6,4.7,1,69.8,57.0,6.75,658.0,19,56187.0,33.2,645.3,Morning,Component_C,7.2,1.9,Good
101323,M028,2024-04-28,5.8,20.9,3.9,0,64.2,52.9,1.51,887.0,22,81650.0,53.2,916.3,Night,Component_C,5.5,2.9,Good
101324,M013,2025-07-28,7.5,11.7,5.6,5,55.8,49.5,4.04,443.0,15,38597.0,39.9,334.5,Night,Component_A,4.8,3.1,Good
101325,M024,2025-09-11,6.2,12.9,6.2,1,53.5,56.1,7.39,486.0,17,46753.0,20.7,431.9,Morning,Component_C,5.2,5.7,Good
101326,M028,2025-06-21,1.0,20.1,6.8,4,74.8,42.7,5.69,601.0,8,49611.0,58.6,837.8,Morning,Component_B,9.0,2.9,Good
101327,M024,2025-11-18,3.2,13.6,7.9,4,80.6,54.1,4.66,649.0,15,57013.0,42.6,450.8,Night,Component_C,2.0,3.2,Average
101328,M003,2025-05-01,5.6,19.6,6.0,5,63.6,72.8,0.5,711.0,16,64462.0,60.3,693.0,Afternoon,Component_B,6.2,3.4,Good
101329,M029,2025-05-04,2.4,22.8,1.6,2,71.2,44.2,4.11,1014.0,14,99100.0,60.0,902.7,Morning,Component_B,1.0,2.0,Good
101330,M023,2025-02-17,7.8,14.4,3.8,3,74.2,67.8,4.88,593.0,16,63885.0,48.1,449.9,Morning,Component_D,7.1,1.8,Good
101331,M001,2024-05-09,10.6,18.7,12.0,3,58.7,73.8,0.8,817.0,33,88077.0,33.1,773.3,Morning,Component_A,4.6,6.3,Average
101332,M005,2025-06-24,9.7,11.4,6.8,4,82.3,47.9,5.6,504.0,19,49675.0,22.7,508.5,Morning,Component_B,7.5,6.3,Average
101333,M009,2025-03-13,5.4,19.0,10.9,4,74.5,57.9,3.24,704.0,18,71423.0,40.2,738.6,Morning,Component_B,3.8,8.9,Good
101334,M018,2024-06-08,10.5,16.8,8.5,2,,43.3,5.04,668.0,27,66585.0,25.5,851.0,Morning,Component_A,5.2,7.3,Good
101335,M003,2024-04-17,6.4,17.9,5.6,1,80.2,42.0,4.74,839.0,36,75745.0,40.1,796.9,Morning,Component_B,7.9,4.4,Good
101336,M020,2024-08-30,5.0,13.4,5.8,3,101.1,56.5,4.04,471.0,26,51108.0,24.4,514.8,Night,Component_A,6.4,0.3,Average
101337,M002,2024-09-07,4.2,9.4,4.9,6,59.7,58.7,5.92,462.0,12,37553.0,27.7,341.4,Afternoon,Component_B,10.6,2.7,Good
101338,M026,2024-06-14,5.1,18.0,0.7,4,61.3,49.9,5.01,824.0,21,52965.0,41.9,946.9,Afternoon,Component_C,4.6,1.3,Good
101339,M022,2024-10-03,4.8,7.7,5.0,2,92.2,44.8,9.39,364.0,24,28893.0,22.4,261.5,Afternoon,Component_B,4.3,4.5,Good
101340,M030,2024-10-09,6.5,14.7,8.0,5,79.8,47.9,7.7,537.0,28,62317.0,30.7,539.6,Morning,Component_C,9.7,5.3,Good
101341,M021,2025-05-14,6.5,19.8,3.5,0,72.8,63.0,2.68,860.0,31,77889.0,34.9,700.5,Morning,Component_A,4.9,2.8,Good
101342,M005,2025-12-28,6.0,16.8,6.0,3,66.3,63.1,6.64,638.0,18,63233.0,29.6,703.9,Afternoon,Component_C,4.8,4.0,Good
101343,M024,2024-02-03,7.3,23.8,7.1,5,69.2,60.8,3.17,,29,106978.0,45.4,1200.0,Night,Component_D,7.1,5.5,Good
101344,M014,2024-06-15,9.6,20.1,2.7,6,69.5,51.5,2.39,667.0,24,68984.0,34.8,822.7,Morning,Component_C,5.5,2.3,Good
101345,M022,2024-03-09,8.8,13.4,3.9,2,54.1,45.3,1.84,582.0,21,55907.0,26.0,492.3,Afternoon,Component_B,5.1,1.9,Good
101346,M001,2025-09-20,1.5,16.1,2.5,4,83.7,66.8,3.86,641.0,13,60235.0,42.8,639.1,Afternoon,Component_C,3.9,0.1,Good
101347,M017,2024-03-13,1.0,15.8,2.9,5,47.9,69.8,6.31,682.0,18,71069.0,31.8,436.5,Afternoon,Component_A,10.1,2.2,Good
101348,M026,2024-10-27,8.8,9.7,1.8,1,61.8,50.3,4.79,491.0,24,43215.0,21.2,371.6,Afternoon,Component_D,5.5,2.4,Good
101349,M026,2024-01-08,1.9,12.2,2.7,4,66.8,53.6,5.42,492.0,12,49486.0,19.6,633.7,Night,Component_A,4.3,0.9,Good
101350,M021,2025-06-07,5.3,13.8,8.5,4,97.7,41.8,0.5,523.0,22,48314.0,45.3,608.1,Morning,Component_B,5.1,3.3,Average
101351,M013,2025-12-04,2.5,7.9,2.7,7,70.8,59.8,4.09,353.0,5,32966.0,14.0,383.0,Night,Component_B,7.1,0.9,Good
101352,M012,2025-01-10,1.0,16.2,5.3,3,75.8,73.7,2.61,758.0,16,62703.0,35.6,748.9,Night,Component_A,10.4,0.1,Good
101353,M019,2024-07-01,7.6,15.0,3.7,4,61.5,63.5,1.66,613.0,21,56249.0,33.9,500.1,Morning,Component_D,5.5,2.9,Good
101354,M012,2024-09-24,,9.3,7.9,3,82.4,74.9,2.33,475.0,21,41269.0,28.3,512.3,Night,Component_A,3.4,5.5,Good
101355,M008,2024-03-24,4.3,17.6,8.3,3,107.4,51.5,4.63,708.0,33,79260.0,43.4,427.3,Morning,Component_D,11.8,4.9,Average
101356,M011,2025-06-17,1.0,18.9,7.2,1,77.9,43.2,5.68,733.0,23,51119.0,42.8,770.5,Morning,Component_B,6.4,4.4,Good
101357,M002,2024-06-24,4.4,16.9,5.8,0,68.0,68.5,2.86,732.0,15,79304.0,48.9,372.5,Afternoon,Component_B,5.7,4.0,Good
101358,M005,2024-10-27,7.2,14.7,4.4,10,47.6,56.5,5.56,633.0,16,43573.0,39.6,371.5,Night,Component_D,6.2,3.3,Good
101359,M028,2024-01-26,1.6,18.4,2.0,5,80.3,47.0,5.97,754.0,18,77706.0,30.5,840.1,Night,Component_B,2.3,1.7,Good
101360,M022,2024-04-18,6.6,18.7,9.9,1,60.2,71.9,5.09,794.0,29,65453.0,39.7,620.4,Morning,Component_B,5.9,6.3,Good
101361,M003,2025-01-01,6.0,17.2,3.1,3,62.9,49.5,2.96,821.0,18,84969.0,59.5,836.9,Afternoon,Component_B,8.3,3.0,Good
101362,M015,2024-04-16,7.7,12.7,6.7,1,83.2,44.9,3.6,541.0,29,50410.0,31.3,277.1,Afternoon,Component_A,9.7,4.5,Good
101363,M014,2025-03-14,6.4,17.1,7.6,1,66.3,60.4,5.09,745.0,17,54768.0,40.2,650.5,Afternoon,Component_B,4.9,3.8,Good
101364,M024,2025-08-07,3.1,20.8,3.6,1,70.9,43.3,3.21,1111.0,33,128186.0,37.4,594.3,Morning,Component_C,6.6,3.0,Good
101365,M008,2024-07-15,9.6,13.6,7.6,2,81.0,64.2,5.66,581.0,18,61963.0,43.2,500.3,Morning,Component_A,9.7,3.0,Good
101366,M006,2024-01-02,5.5,24.0,6.9,0,63.5,44.6,2.51,936.0,24,95985.0,42.4,1200.0,Night,Component_C,6.1,4.4,Good
101367,M009,2025-09-09,5.9,13.9,9.3,3,56.5,57.3,5.19,,25,60545.0,23.8,739.2,Night,Component_B,8.2,5.7,Good
101368,M019,2025-06-23,3.2,16.1,3.8,2,77.6,57.9,6.13,648.0,24,69444.0,38.3,684.3,Morning,Component_D,7.3,2.2,Good
101369,M003,2024-11-28,4.7,13.3,1.8,9,81.1,57.4,4.84,601.0,24,45526.0,31.6,345.1,Night,Component_D,4.0,2.0,Good
101370,M024,2025-04-07,3.3,16.9,3.7,2,65.1,43.4,2.72,781.0,14,48098.0,58.5,485.7,Night,Component_A,3.3,2.6,Good
101371,M030,2024-06-29,5.5,9.0,5.5,5,64.5,53.2,1.57,402.0,11,28769.0,15.8,364.5,Night,Component_B,9.2,2.6,Good
101372,M013,2025-10-15,11.1,13.8,5.1,3,58.8,67.4,2.51,517.0,16,41965.0,34.1,457.6,Morning,Component_B,0.5,4.9,Good
101373,M028,2025-09-10,1.9,11.6,4.0,2,80.6,53.2,5.38,431.0,8,36065.0,22.1,505.7,Morning,Component_B,4.0,3.5,Good
101374,M010,2024-06-22,1.2,16.5,0.5,3,95.0,44.6,4.13,626.0,17,55387.0,47.9,850.6,Morning,Component_A,1.8,0.7,Good
101375,M004,2025-01-15,10.4,20.0,6.2,3,83.2,51.0,3.42,818.0,32,72919.0,45.7,623.6,Morning,Component_A,9.2,6.3,Good
101376,M026,2024-11-29,5.4,18.6,9.9,3,70.9,43.7,5.22,793.0,18,67605.0,52.0,584.4,Night,Component_C,10.1,2.2,Good
101377,M030,2024-11-18,4.0,6.5,6.2,2,80.6,35.4,0.93,198.0,7,12525.0,14.1,193.6,Night,Component_A,3.8,2.3,Good
101378,M001,2025-05-15,9.1,24.0,6.5,5,62.0,53.4,4.03,1058.0,39,103559.0,63.1,881.4,Morning,Component_D,14.3,4.8,Good
101379,M030,2025-04-30,4.2,17.2,6.4,3,76.4,55.9,2.51,1056.0,45,96128.0,41.9,669.2,Night,Component_B,10.1,3.8,Good
101380,M008,2024-07-16,11.5,12.9,6.0,2,59.0,61.3,2.07,516.0,21,43630.0,29.0,515.4,Night,Component_C,6.6,6.4,Good
101381,M008,2025-06-30,8.0,16.6,7.3,3,70.5,59.2,3.57,774.0,34,89761.0,42.7,766.0,Night,Component_A,10.5,5.4,Good
101382,M014,2024-10-02,4.5,16.7,6.0,4,84.9,60.5,8.95,806.0,45,73642.0,37.9,696.1,Night,Component_C,4.1,6.3,Good
101383,M021,2025-09-16,12.5,13.3,4.2,4,81.7,54.6,5.64,471.0,28,45159.0,41.4,524.2,Afternoon,Component_B,5.2,4.6,Good
101384,M027,2024-02-25,4.2,16.8,3.0,2,78.8,74.1,2.46,779.0,20,83305.0,41.8,652.3,Afternoon,Component_A,7.4,1.1,Good
101385,M014,2024-04-17,8.2,13.6,4.4,4,77.0,47.4,6.68,501.0,15,36399.0,45.0,542.5,Morning,Component_B,3.9,3.8,Good
101386,M012,2024-01-03,6.9,14.4,5.8,5,63.2,52.1,2.15,580.0,18,54903.0,28.0,554.3,Morning,Component_B,2.1,4.7,Good
101387,M028,2024-03-02,9.9,13.3,4.2,3,73.7,69.9,7.23,412.0,17,44038.0,22.9,453.2,Night,Component_D,3.2,4.4,Good
101388,M002,2025-07-26,10.7,10.3,5.8,2,81.4,51.5,2.91,440.0,25,41197.0,23.3,313.7,Afternoon,Component_C,5.4,2.6,Good
101389,M007,2025-04-23,6.1,16.6,6.1,2,69.1,54.0,4.7,652.0,23,49193.0,31.0,661.9,Morning,Component_D,7.4,5.2,Good
101390,M004,2025-11-28,3.7,18.3,7.1,2,69.5,58.6,8.25,883.0,36,77495.0,41.8,629.7,Morning,Component_D,5.0,2.4,Average
101391,M024,2024-01-29,7.4,18.1,8.2,2,66.4,65.5,3.87,604.0,18,59092.0,34.7,778.6,Afternoon,Component_C,1.1,5.0,Good
101392,M027,2025-02-25,4.0,19.3,5.2,4,68.6,56.3,7.81,909.0,30,57628.0,62.5,752.5,Morning,Component_C,7.4,3.7,Good
101393,M010,2024-12-05,12.0,17.3,1.7,2,62.7,47.0,4.37,802.0,32,,45.6,683.5,Morning,Component_C,9.8,1.7,Good
101394,M011,2025-05-25,6.4,13.9,4.1,3,72.3,51.3,4.34,472.0,16,58813.0,34.7,650.5,Afternoon,Component_C,4.0,1.2,Good
101395,M022,2025-08-21,4.9,19.4,5.1,2,68.2,59.9,2.91,639.0,14,65350.0,59.7,529.0,Night,Component_D,11.0,4.3,Good
101396,M023,2025-04-14,6.6,10.6,0.5,4,54.3,52.3,7.04,393.0,15,46080.0,18.7,566.0,Afternoon,Component_A,8.6,1.9,Good
101397,M010,2024-07-30,2.0,12.4,8.5,6,103.2,50.8,3.61,490.0,20,52917.0,39.9,258.5,Morning,Component_C,2.8,3.0,Good
101398,M027,2024-04-19,3.1,12.1,5.4,5,59.6,46.6,7.93,418.0,12,42180.0,29.8,606.4,Afternoon,Component_A,4.1,3.9,Good
101399,M018,2025-09-28,,20.3,6.0,4,70.4,65.7,3.37,737.0,37,66598.0,36.0,823.2,Night,Component_A,5.1,4.5,Good
101400,M021,2025-02-25,4.0,19.8,8.4,3,72.7,53.9,3.68,981.0,19,98805.0,62.1,677.4,Morning,Component_B,5.4,5.1,Good
101401,M004,2025-01-02,2.9,17.9,3.4,5,65.6,54.0,6.31,661.0,15,77171.0,43.3,475.3,Morning,Component_A,0.5,0.1,Good
101402,M019,2025-11-20,7.6,20.3,6.4,0,70.9,61.1,4.3,910.0,36,97719.0,55.0,689.2,Morning,Component_B,3.7,2.7,Good
101403,M007,2024-12-26,9.6,12.5,4.7,4,62.2,42.7,5.02,599.0,22,58404.0,41.1,477.8,Night,Component_D,4.3,1.9,Good
101404,M001,2025-01-25,8.2,17.4,4.5,2,80.7,55.4,2.14,634.0,24,58591.0,57.1,704.7,Morning,Component_B,11.7,6.2,Good
101405,M014,2024-08-29,9.0,15.5,3.1,3,71.7,68.5,4.7,447.0,18,45806.0,50.9,786.3,Morning,Component_C,6.7,1.9,Good
101406,M029,2024-12-29,3.7,19.4,9.2,4,80.6,54.4,5.17,896.0,26,77969.0,45.3,756.0,Night,Component_C,3.6,4.7,Good
101407,M013,2024-04-10,1.7,15.5,4.1,6,89.6,57.0,7.6,643.0,25,65893.0,46.5,632.0,Afternoon,Component_C,4.7,3.1,Good
101408,M006,2025-03-05,10.5,14.5,6.7,4,68.6,56.8,3.64,509.0,22,43026.0,28.5,612.6,Night,Component_A,7.3,5.5,Good
101409,M027,2025-02-12,5.0,18.2,0.5,2,81.3,64.6,5.11,910.0,34,81619.0,57.6,653.9,Afternoon,Component_C,4.9,0.7,Good
101410,M019,2025-04-06,5.2,19.5,7.9,3,90.4,56.8,6.68,780.0,41,62076.0,42.6,721.4,Morning,Component_B,4.2,0.9,Good
101411,M023,2024-09-11,10.0,13.3,7.6,1,70.5,77.2,4.58,599.0,27,52954.0,32.3,514.0,Night,Component_C,4.3,3.8,Good
101412,M009,2024-12-24,7.7,15.8,5.2,5,80.3,57.1,6.46,514.0,22,43558.0,51.9,695.0,Night,Component_C,7.4,4.9,Good
101413,M030,2024-08-08,7.4,11.8,4.4,4,66.4,51.1,9.0,501.0,19,60310.0,36.7,377.0,Afternoon,Component_B,1.9,5.6,Good
101414,M003,2024-12-01,12.5,6.0,6.0,2,86.4,68.6,4.55,202.0,15,16480.0,20.4,228.7,Night,Component_A,2.7,2.6,Good
101415,M030,2025-04-13,4.1,16.8,10.7,4,66.0,53.1,6.88,611.0,18,61572.0,37.4,694.5,Afternoon,Component_A,3.2,8.1,Good
101416,M017,2024-05-29,8.8,18.4,0.6,2,80.4,49.6,5.43,697.0,31,56315.0,33.2,558.3,Afternoon,Component_A,2.7,3.4,Good
101417,M019,2024-03-26,6.2,17.0,7.0,3,83.9,44.3,6.04,,32,80678.0,56.5,673.9,Afternoon,Component_B,3.5,4.1,Good
101418,M016,2024-05-16,6.8,8.2,2.7,2,57.9,59.3,5.77,341.0,16,33878.0,20.4,289.4,Night,Component_D,8.7,2.3,Good
101419,M025,2024-12-08,10.6,14.6,5.0,0,64.0,50.9,6.42,531.0,26,35701.0,47.9,635.0,Morning,Component_B,9.1,4.8,Good
101420,M026,2025-12-13,7.5,7.1,4.4,1,63.5,48.0,6.3,416.0,22,30798.0,21.0,362.8,Night,Component_A,6.8,5.0,Good
101421,M004,2025-04-24,7.6,21.5,3.9,3,85.0,49.9,4.37,861.0,33,69465.0,69.9,738.5,Afternoon,Component_D,6.6,2.3,Good
101422,M016,2024-10-18,9.2,11.7,5.0,3,57.9,51.7,3.5,429.0,21,32369.0,32.9,533.9,Morning,Component_D,4.0,2.9,Good
101423,M028,2024-08-26,4.9,21.0,2.2,7,75.9,62.5,5.27,1000.0,22,96261.0,65.6,841.5,Night,Component_C,0.5,3.1,Good
101424,M027,2024-09-17,3.5,19.8,7.6,3,80.7,59.4,1.88,830.0,18,81870.0,34.5,698.6,Morning,Component_B,6.4,2.0,Good
101425,M019,2024-08-05,2.9,12.4,0.5,2,74.0,53.7,5.61,526.0,13,41582.0,42.6,477.7,Morning,Component_A,6.9,0.6,Good
101426,M023,2024-01-04,1.0,11.5,6.3,3,87.3,60.0,5.84,504.0,22,,21.4,558.4,Morning,Component_A,4.0,5.8,Good
101427,M012,2025-06-19,12.2,17.4,4.2,5,48.9,54.0,4.18,887.0,41,78623.0,27.0,661.7,Afternoon,Component_A,2.8,2.5,Good
101428,M007,2024-12-28,2.7,12.6,2.1,4,79.3,56.9,4.58,435.0,10,40676.0,32.3,616.2,Afternoon,Component_D,2.2,1.6,Good
101429,M020,2025-06-07,5.3,16.4,5.5,4,69.8,49.0,6.14,804.0,18,68801.0,48.0,618.1,Morning,Component_A,6.5,2.2,Good
101430,M025,2025-08-16,5.2,,1.1,0,53.9,49.1,5.84,457.0,13,46758.0,41.4,386.9,Morning,Component_D,6.2,0.8,Good
101431,M009,2024-05-16,6.9,8.9,5.1,4,59.0,56.4,6.17,371.0,16,44343.0,19.4,341.6,Afternoon,Component_C,9.6,4.8,Good
101432,M002,2025-07-31,8.4,7.1,1.4,9,90.8,56.4,5.9,215.0,11,22922.0,21.4,202.0,Afternoon,Component_D,3.6,3.2,Good
101433,M023,2025-05-13,8.6,16.9,6.2,1,79.6,64.1,4.69,749.0,34,86810.0,53.8,616.4,Afternoon,Component_C,5.1,5.9,Good
101434,M008,2024-06-14,4.3,13.8,2.7,2,81.6,59.5,4.47,495.0,15,36609.0,37.5,493.7,Afternoon,Component_B,6.1,2.0,Good
101435,M024,2024-04-05,5.5,13.8,3.9,2,83.5,50.6,5.26,,23,55841.0,31.4,736.0,Afternoon,Component_B,4.4,2.4,Good
101436,M010,2025-08-11,6.8,18.8,5.7,3,55.7,43.5,7.12,841.0,30,87025.0,51.3,970.0,Afternoon,Component_D,8.5,4.0,Good
101437,M001,2024-06-23,5.3,20.7,3.1,4,74.9,62.9,4.98,873.0,21,102686.0,66.7,811.3,Night,Component_A,9.7,2.8,Good
101438,M018,2024-08-03,10.8,14.9,4.9,6,85.2,58.0,6.85,538.0,22,56359.0,49.2,732.2,Afternoon,Component_C,2.7,4.8,Good
101439,M008,2025-01-15,7.5,14.6,1.2,8,67.2,63.7,0.84,751.0,27,59785.0,22.8,523.3,Morning,Component_B,4.6,1.2,Good
101440,M013,2025-05-19,8.2,18.0,6.6,2,88.3,59.1,5.08,755.0,39,66803.0,31.4,494.9,Night,Component_C,10.0,3.5,Good
101441,M007,2025-01-02,8.0,10.6,9.4,6,64.6,71.2,4.65,413.0,11,41300.0,16.0,463.6,Afternoon,Component_D,7.0,7.6,Good
101442,M014,2024-08-25,9.5,16.9,12.0,4,73.5,53.1,1.5,673.0,21,62273.0,42.0,710.1,Afternoon,Component_B,6.4,4.2,Good
101443,M007,2024-12-04,6.5,18.2,5.2,8,76.8,55.4,1.77,772.0,20,64090.0,43.2,568.1,Afternoon,Component_D,7.0,1.7,Good
101444,M017,2024-08-26,2.1,18.7,7.0,0,81.1,62.1,5.33,890.0,25,80675.0,48.5,581.2,Afternoon,Component_D,8.0,5.5,Good
101445,M018,2024-05-25,7.2,8.3,0.5,1,68.5,62.8,4.69,376.0,12,35639.0,23.8,392.2,Morning,Component_A,7.2,1.2,Good
101446,M002,2024-12-29,4.0,13.0,8.8,6,84.1,57.9,5.92,462.0,20,36371.0,29.0,326.9,Morning,Component_A,6.6,6.0,Good
101447,M003,2024-03-06,4.4,12.5,6.9,2,77.1,40.7,0.5,443.0,11,48627.0,24.0,539.6,Night,Component_B,6.0,5.2,Good
101448,M019,2025-04-18,7.8,16.4,3.8,3,52.3,39.1,6.42,698.0,18,61707.0,37.6,597.5,Morning,Component_D,10.0,3.3,Good
101449,M003,2024-07-03,9.7,17.9,8.1,1,94.0,51.5,6.44,791.0,45,74284.0,27.2,779.7,Afternoon,Component_C,5.2,2.9,Good
101450,M012,2024-08-31,6.1,22.0,4.4,3,60.5,55.2,2.01,1006.0,35,111189.0,69.5,1022.1,Afternoon,Component_C,6.0,4.9,Good
101451,M030,2024-03-04,6.9,14.0,3.9,1,95.0,38.2,7.03,439.0,19,40882.0,31.7,447.9,Night,Component_D,10.7,2.1,Average
101452,M004,2025-12-28,11.1,14.0,6.2,2,70.1,54.7,7.72,469.0,24,51452.0,38.4,426.5,Night,Component_D,7.0,6.1,Good
101453,M004,2025-05-10,6.7,20.6,2.3,4,67.9,60.9,2.1,830.0,28,66036.0,44.3,1037.8,Afternoon,Component_A,5.8,1.8,Good
101454,M009,2025-10-28,13.8,17.2,7.6,6,76.8,54.5,4.69,735.0,34,74598.0,46.9,673.3,Morning,Component_A,7.9,6.4,Good
101455,M003,2025-05-17,7.7,21.1,2.4,2,63.6,57.7,4.86,733.0,31,78863.0,54.5,872.5,Night,Component_C,6.7,2.8,Good
101456,M003,2024-11-04,1.0,17.2,2.4,2,49.4,60.3,1.26,676.0,15,55805.0,33.0,780.9,Night,Component_C,3.8,1.9,Good
101457,M025,2025-03-18,8.3,11.4,2.7,2,70.7,40.6,3.91,427.0,17,39423.0,31.4,362.1,Morning,Component_D,6.7,2.9,Good
101458,M020,2025-09-21,7.1,10.7,6.9,4,76.5,60.9,7.03,484.0,22,44835.0,18.4,498.0,Night,Component_A,3.6,7.2,Good
101459,M022,2025-06-24,9.9,9.8,3.5,3,90.5,48.4,2.95,395.0,15,38767.0,24.1,442.4,Morning,Component_B,11.5,3.0,Good
101460,M026,2024-03-12,8.0,18.6,1.6,6,57.7,52.9,7.79,664.0,23,67809.0,54.7,941.5,Afternoon,Component_B,6.7,3.5,Good
101461,M005,2024-08-10,5.6,20.8,3.5,3,79.0,49.1,5.16,738.0,16,60023.0,54.0,1043.3,Morning,Component_C,3.2,2.9,Good
101462,M016,2024-08-13,2.3,23.4,4.9,2,70.8,64.7,3.08,877.0,15,82525.0,70.0,905.7,Night,Component_C,4.8,3.8,Good
101463,M027,2025-08-02,5.4,19.4,2.0,2,72.4,44.4,4.58,780.0,30,92718.0,39.7,864.9,Afternoon,Component_B,8.3,1.9,Good
101464,M028,2025-07-08,3.4,20.7,2.1,5,83.7,67.4,1.87,1019.0,25,112914.0,33.1,800.8,Night,Component_A,,2.2,Good
101465,M026,2025-01-03,4.3,13.7,10.3,3,65.9,76.5,5.27,650.0,19,69490.0,22.1,545.1,Morning,Component_A,14.2,7.5,Good
101466,M019,2025-06-24,7.8,11.4,2.8,7,74.0,41.0,4.15,363.0,13,33435.0,23.2,345.8,Night,Component_A,1.6,1.0,Good
101467,M024,2025-07-22,11.0,19.4,4.2,2,85.1,49.7,3.73,926.0,43,117539.0,44.9,724.4,Night,Component_D,8.8,4.8,Good
101468,M027,2025-09-21,7.2,17.7,4.1,4,84.4,60.5,1.9,811.0,36,89573.0,45.6,432.9,Morning,Component_D,4.5,1.0,Average
101469,M005,2025-06-28,2.4,16.4,3.9,2,57.4,46.1,4.35,641.0,26,61255.0,49.5,610.0,Afternoon,Component_B,3.6,2.3,Good
101470,M008,2024-10-03,7.3,17.5,6.6,2,64.6,52.6,4.87,819.0,32,80513.0,55.6,864.4,Afternoon,Component_A,7.6,7.0,Good
101471,M012,2025-02-28,9.6,17.3,7.4,2,70.3,56.6,2.03,668.0,33,58862.0,50.0,784.3,Night,Component_B,4.6,5.4,Good
101472,M006,2025-01-03,4.2,21.1,4.2,4,81.8,48.6,6.45,925.0,24,93333.0,51.2,829.1,Morning,Component_D,10.8,2.8,Good
101473,M025,2024-05-08,5.6,21.2,1.9,3,69.0,55.7,5.0,1178.0,35,122390.0,43.0,782.5,Night,Component_D,1.8,1.2,Good
101474,M002,2025-02-14,6.0,18.2,8.2,6,73.0,63.5,2.97,769.0,32,81160.0,42.9,624.9,Afternoon,Component_B,7.7,6.3,Good
101475,M015,2025-05-28,3.6,19.4,4.8,4,87.0,54.3,4.33,759.0,22,70048.0,39.7,601.8,Morning,Component_D,5.2,1.6,Good
101476,M016,2025-11-21,7.9,18.1,9.3,2,67.9,45.7,6.01,625.0,26,45559.0,49.8,822.1,Night,Component_D,6.9,3.7,Good
101477,M023,2025-09-29,5.6,14.2,0.5,2,89.7,65.5,6.97,569.0,30,56119.0,44.5,376.4,Night,Component_C,7.5,1.8,Good
101478,M026,2025-01-08,7.3,19.0,5.5,4,52.7,67.5,7.36,888.0,34,93774.0,48.2,499.8,Morning,Component_B,0.8,5.7,Good
101479,M004,2024-03-14,3.3,10.4,9.8,5,67.3,58.3,7.74,394.0,10,31647.0,16.6,477.0,Night,Component_B,6.7,4.2,Good
101480,M026,2025-08-08,4.7,20.2,4.1,1,55.6,46.2,2.11,944.0,33,88394.0,68.3,810.6,Afternoon,Component_C,9.3,3.4,Good
101481,M015,2025-02-17,8.2,11.2,4.4,1,73.4,47.1,3.22,431.0,18,49618.0,23.4,446.0,Morning,Component_D,7.4,2.9,Good
101482,M007,2024-05-08,4.9,17.1,5.7,4,81.0,33.7,1.98,686.0,26,52786.0,56.9,687.9,Night,Component_D,4.9,3.5,Good
101483,M025,2025-04-23,11.2,12.6,3.6,3,70.1,49.7,6.46,561.0,22,50907.0,39.4,703.8,Afternoon,Component_C,1.8,4.7,Good
101484,M015,2025-04-27,4.8,18.2,4.2,3,66.3,64.6,4.19,570.0,9,66865.0,42.3,709.4,Afternoon,Component_B,7.5,2.7,Good
101485,M026,2024-08-27,6.7,15.9,4.2,2,55.7,48.8,6.77,651.0,30,63385.0,25.7,654.9,Afternoon,Component_D,11.6,1.7,Good
101486,M016,2024-06-05,8.8,9.6,3.4,4,92.2,46.4,1.95,461.0,21,40158.0,32.6,540.5,Night,Component_C,8.0,3.0,Good
101487,M028,2024-05-20,1.7,17.7,8.1,4,71.7,64.2,3.26,788.0,11,74777.0,49.9,667.0,Night,Component_A,9.5,4.0,Good
101488,M017,2024-10-25,1.0,13.7,6.2,4,66.6,65.4,3.06,649.0,7,69695.0,27.4,711.8,Morning,Component_A,8.8,4.0,Good
101489,M005,2024-02-10,1.4,19.5,5.6,2,90.8,50.2,6.73,797.0,30,73282.0,50.1,415.1,Morning,Component_B,4.8,1.9,Good
101490,M006,2025-12-28,9.8,16.0,7.0,5,67.8,59.6,5.76,833.0,32,86602.0,44.3,478.9,Morning,Component_C,6.3,5.2,Good
101491,M004,2024-12-10,4.3,17.6,4.3,6,61.1,47.2,0.85,786.0,20,77441.0,34.4,583.3,Morning,Component_C,8.6,4.1,Good
101492,M030,2025-11-28,13.7,12.2,3.1,1,63.5,51.9,3.66,434.0,22,43294.0,20.6,548.0,Morning,Component_A,1.3,3.2,Good
101493,M029,2025-02-01,4.3,13.6,3.5,4,61.7,38.6,6.23,534.0,20,56029.0,27.7,718.4,Afternoon,Component_B,8.0,3.1,Good
101494,M010,2024-02-10,6.6,14.2,5.0,4,59.2,58.2,6.5,548.0,15,49637.0,22.7,485.7,Morning,Component_B,9.8,2.8,Good
101495,M022,2025-03-26,10.6,19.4,2.4,4,63.7,54.1,5.24,951.0,33,76872.0,31.8,910.2,Afternoon,Component_D,5.8,3.1,Good
101496,M001,2025-03-13,12.0,22.7,3.7,6,101.0,49.0,4.83,1031.0,51,105282.0,41.2,1200.0,Night,Component_B,8.4,4.0,Good
101497,M008,2025-07-11,12.2,12.8,3.7,3,58.2,54.2,2.82,594.0,26,55250.0,23.3,671.0,Morning,Component_A,4.3,3.6,Good
101498,M006,2024-07-23,9.6,20.3,10.3,3,54.1,53.1,6.43,678.0,27,59853.0,40.5,725.0,Afternoon,Component_C,6.1,7.4,Good
101499,M010,2025-05-22,9.1,7.3,0.5,5,75.3,47.6,2.35,329.0,10,33853.0,24.6,346.3,Night,Component_B,5.2,2.5,Good
101500,M004,2025-12-18,7.8,11.2,4.6,2,71.1,58.6,1.6,438.0,20,50002.0,29.7,471.6,Morning,Component_C,7.4,2.3,Good
101501,M021,2025-02-13,8.3,12.2,9.3,1,79.9,52.3,4.87,473.0,22,43838.0,28.6,415.8,Morning,Component_A,5.7,5.4,Good
101502,M024,2024-07-04,4.3,10.6,5.3,2,65.4,53.8,3.7,501.0,18,47658.0,27.9,447.6,Night,Component_D,1.0,3.5,Good
101503,M013,2024-05-10,3.5,9.7,6.9,4,61.6,41.9,5.8,385.0,6,29750.0,14.7,338.8,Morning,Component_D,3.8,4.9,Good
101504,M018,2025-09-01,6.0,17.7,5.2,3,92.1,53.9,5.37,632.0,28,57929.0,58.2,702.2,Night,Component_B,11.8,3.4,Good
101505,M020,2024-10-05,5.5,15.1,3.3,1,52.7,53.4,7.57,617.0,26,60663.0,38.7,418.3,Morning,Component_C,7.7,3.1,Good
101506,M023,2025-12-02,4.6,17.5,0.5,5,76.3,47.6,5.23,746.0,25,70641.0,42.1,427.4,Night,Component_C,0.5,2.4,Good
101507,M002,2024-01-04,8.1,18.8,5.5,1,80.3,59.8,6.41,874.0,46,78282.0,63.6,687.5,Afternoon,Component_A,9.6,2.6,Good
101508,M006,2024-02-08,8.9,17.1,3.1,5,81.9,36.0,2.97,646.0,33,68403.0,50.6,711.1,Afternoon,Component_D,2.5,2.6,Good
101509,M011,2025-09-16,6.3,18.6,3.0,2,68.4,50.7,5.78,722.0,17,69218.0,40.5,551.6,Night,Component_A,8.7,2.9,Good
101510,M028,2025-04-02,10.4,15.7,3.8,1,57.0,57.8,4.0,699.0,27,93549.0,52.9,683.5,Night,Component_B,9.9,4.5,Good
101511,M012,2025-06-29,2.6,11.3,9.4,4,90.0,73.9,3.61,503.0,12,49352.0,36.2,438.5,Afternoon,Component_A,6.3,7.0,Good
101512,M009,2024-08-03,5.4,20.2,11.0,2,66.7,42.7,2.88,903.0,25,48584.0,68.9,883.5,Afternoon,Component_C,3.0,8.5,Good
101513,M011,2024-04-29,3.8,13.6,5.5,3,90.4,55.8,7.28,547.0,27,42841.0,23.0,627.3,Afternoon,Component_B,3.9,2.0,Good
101514,M015,2024-10-07,1.0,12.3,3.8,2,76.4,59.9,4.49,445.0,8,45827.0,42.0,601.6,Afternoon,Component_B,7.9,2.7,Good
101515,M013,2024-09-27,5.8,15.3,2.1,1,66.2,55.6,3.08,712.0,20,60769.0,39.6,666.8,Morning,Component_D,2.6,1.7,Good
101516,M002,2024-05-08,5.6,12.3,6.2,3,76.7,43.9,5.72,582.0,22,50216.0,35.0,449.5,Afternoon,Component_A,4.3,4.6,Good
101517,M029,2025-01-10,10.5,14.3,9.5,4,85.8,50.6,3.71,569.0,40,43478.0,27.5,586.0,Afternoon,Component_A,7.5,8.4,Good
101518,M020,2024-11-10,7.9,17.4,4.4,2,73.0,33.0,3.06,642.0,27,56399.0,31.0,1001.2,Morning,Component_B,4.0,4.0,Good
101519,M014,2024-05-21,2.9,17.4,0.5,3,63.1,55.0,9.72,791.0,34,77446.0,28.9,804.2,Morning,Component_B,10.3,0.9,Good
101520,M010,2024-04-14,11.6,12.4,6.7,4,50.5,42.3,2.32,541.0,31,54526.0,29.1,501.5,Morning,Component_A,2.9,5.9,Good
101521,M015,2025-12-28,9.7,14.0,7.5,6,66.9,59.1,7.86,637.0,33,50770.0,27.2,534.5,Afternoon,Component_A,0.5,3.5,Good
101522,M029,2025-05-18,7.7,20.3,1.0,2,81.7,49.1,3.04,885.0,45,94767.0,33.8,689.6,Night,Component_D,3.7,2.4,Good
101523,M026,2024-02-22,5.3,18.0,5.4,5,59.9,48.3,5.63,793.0,26,61164.0,61.4,523.6,Afternoon,Component_C,6.9,4.9,Good
101524,M021,2024-08-31,3.1,24.0,6.1,2,80.2,56.5,4.32,953.0,23,96796.0,71.2,1200.0,Night,Component_B,8.6,3.4,Good
101525,M010,2025-01-28,4.9,20.7,4.8,4,72.3,57.3,5.83,596.0,23,59633.0,52.5,875.6,Morning,Component_C,4.8,1.5,Good
101526,M024,2025-09-09,9.3,20.6,3.0,2,,62.8,2.01,877.0,32,71024.0,61.5,592.3,Morning,Component_B,5.2,2.9,Good
101527,M021,2024-06-19,11.7,10.4,7.5,1,43.9,52.6,1.79,473.0,26,37462.0,28.3,408.2,Morning,Component_A,5.9,4.5,Good
101528,M021,2024-05-25,10.6,19.1,4.0,7,55.0,54.0,5.88,846.0,39,85221.0,35.5,941.1,Afternoon,Component_A,11.2,4.4,Good
101529,M026,2025-08-01,4.5,15.8,1.3,3,66.4,42.5,1.3,616.0,13,53347.0,43.7,552.9,Night,Component_A,7.1,1.4,Good
101530,M009,2024-11-10,2.6,13.8,0.5,6,94.4,68.0,2.4,528.0,11,48651.0,39.5,439.7,Afternoon,Component_C,4.5,0.1,Good
101531,M026,2024-11-27,6.4,16.7,8.2,6,62.9,46.6,4.34,966.0,20,101729.0,33.0,695.1,Afternoon,Component_C,12.2,8.0,Good
101532,M006,2024-12-29,1.0,19.8,6.5,7,70.5,61.5,2.17,876.0,12,89516.0,42.4,858.7,Morning,Component_C,6.0,4.7,Good
101533,M021,2024-10-05,7.0,18.0,5.2,3,97.8,61.6,2.4,501.0,31,40712.0,40.8,633.8,Morning,Component_C,0.5,3.5,Average
101534,M003,2024-03-26,5.6,12.5,3.9,4,77.1,58.6,3.76,502.0,14,47287.0,33.8,426.2,Morning,Component_A,1.8,3.0,Good
101535,M012,2025-04-03,4.6,19.0,3.7,4,82.3,52.9,0.57,737.0,24,59682.0,33.3,801.2,Morning,Component_C,7.7,1.6,Good
101536,M017,2024-06-25,1.2,13.4,2.3,1,64.3,51.7,1.98,474.0,12,51215.0,40.0,391.0,Morning,Component_C,0.7,2.3,Good
101537,M022,2025-10-24,7.5,16.9,3.9,9,86.1,54.4,6.91,679.0,27,80154.0,37.0,584.4,Morning,Component_A,7.5,1.9,Good
101538,M026,2025-01-30,4.4,14.8,0.5,2,88.0,37.9,6.22,604.0,27,49723.0,42.7,556.9,Afternoon,Component_D,3.7,0.7,Good
101539,M012,2024-08-04,2.5,15.1,3.2,1,78.0,54.8,8.58,635.0,21,60028.0,50.8,668.1,Afternoon,Component_C,9.5,2.8,Good
101540,M030,2025-08-22,1.0,19.1,4.2,3,71.0,68.4,5.57,762.0,16,82877.0,61.9,662.5,Night,Component_B,6.5,2.3,Good
101541,M025,2025-07-24,5.9,,6.5,3,78.7,53.0,6.84,407.0,12,38813.0,35.1,513.4,Afternoon,Component_A,1.1,5.3,Good
101542,M027,2024-11-04,11.3,23.8,4.9,3,52.5,54.7,3.74,960.0,36,99286.0,44.9,1149.0,Morning,Component_D,8.7,4.7,Good
101543,M004,2024-11-19,11.0,8.7,7.0,2,85.1,45.8,4.16,399.0,22,38214.0,25.8,317.4,Morning,Component_C,10.1,5.1,Good
101544,M014,2024-12-22,4.6,13.6,8.4,3,61.8,56.7,5.24,563.0,14,44560.0,37.7,876.7,Night,Component_C,2.2,6.8,Good
101545,M008,2025-12-03,4.2,17.5,7.6,4,68.7,48.0,1.09,713.0,15,69007.0,53.3,872.1,Morning,Component_C,3.6,6.2,Good
101546,M018,2025-06-24,7.4,18.3,6.2,1,87.8,62.6,5.48,765.0,40,85611.0,59.2,750.1,Night,Component_A,7.5,4.6,Average
101547,M027,2024-01-03,3.0,15.6,5.0,1,85.2,65.3,3.38,638.0,24,63618.0,33.1,576.1,Night,Component_C,8.0,3.1,Average
101548,M002,2024-03-29,6.9,15.8,2.5,3,52.5,67.2,3.68,554.0,15,66123.0,44.1,544.0,Morning,Component_D,13.1,2.2,Good
101549,M014,2025-01-01,8.3,17.6,6.8,4,60.6,42.0,6.3,848.0,22,58026.0,36.1,919.3,Afternoon,Component_D,8.7,7.1,Good
101550,M004,2025-02-24,9.7,15.1,9.2,3,79.7,61.5,1.71,582.0,18,58599.0,33.1,618.6,Afternoon,Component_D,13.2,3.4,Good
101551,M002,2024-03-03,5.7,21.6,5.9,0,51.1,60.8,4.6,873.0,23,74449.0,54.9,583.6,Afternoon,Component_C,,3.5,Good
101552,M006,2024-10-05,5.4,19.4,9.8,6,89.0,51.3,5.31,640.0,30,52394.0,45.9,482.3,Night,Component_C,7.2,1.4,Good
101553,M008,2025-03-08,3.4,19.5,1.2,6,73.4,65.7,3.55,1000.0,22,115016.0,52.7,765.3,Afternoon,Component_A,4.3,0.7,Good
101554,M003,2024-03-26,3.5,12.1,2.1,1,89.0,58.7,4.57,540.0,16,49234.0,36.5,479.8,Night,Component_A,4.4,2.9,Good
101555,M015,2024-03-17,5.3,15.7,7.1,3,63.1,67.4,4.65,635.0,20,56977.0,42.5,492.0,Night,Component_B,6.4,4.6,Good
101556,M019,2025-10-04,7.1,14.8,5.7,2,64.1,43.6,6.12,699.0,31,70007.0,50.9,397.3,Morning,Component_D,4.3,4.6,Good
101557,M020,2025-09-13,8.7,12.0,8.3,3,84.4,48.6,4.17,590.0,24,37000.0,35.7,284.9,Morning,Component_C,0.5,4.5,Good
101558,M028,2025-02-09,3.6,17.4,5.0,3,68.4,55.8,2.25,621.0,15,71616.0,60.4,562.7,Afternoon,Component_B,4.0,2.5,Good
101559,M005,2025-01-03,10.5,13.8,2.8,4,57.1,65.6,3.46,583.0,21,72039.0,41.2,505.4,Morning,Component_A,9.2,2.5,Good
101560,M019,2024-09-01,5.2,18.6,4.5,3,78.7,59.1,3.87,758.0,17,82415.0,46.8,820.1,Afternoon,Component_B,6.2,3.2,Good
101561,M006,2025-07-01,5.9,11.7,1.2,4,52.9,46.5,3.06,457.0,12,46239.0,27.2,444.2,Night,Component_A,6.2,1.5,Good
101562,M021,2025-01-28,3.8,22.9,2.2,4,89.3,71.0,4.84,885.0,37,81200.0,68.0,1072.7,Morning,Component_B,3.7,2.4,Good
101563,M024,2024-04-29,1.0,12.4,7.4,3,74.2,52.3,4.75,610.0,10,48112.0,35.6,533.2,Afternoon,Component_A,7.0,2.3,Good
101564,M010,2024-02-02,8.7,16.9,7.2,2,61.3,46.8,4.66,796.0,23,89877.0,48.0,729.0,Morning,Component_B,11.0,2.6,Good
101565,M004,2025-01-13,8.2,19.2,5.9,4,85.7,48.0,2.88,835.0,37,90802.0,56.5,896.4,Morning,Component_C,10.2,4.0,Good
101566,M022,2024-01-31,5.2,13.7,0.7,3,86.0,43.0,4.73,660.0,17,67156.0,44.4,379.0,Night,Component_D,7.1,0.1,Good
101567,M009,2025-04-11,6.2,19.4,4.1,4,72.0,34.8,6.82,856.0,35,85604.0,37.9,666.4,Morning,Component_D,3.4,2.0,Good
101568,M022,2025-03-09,7.5,11.1,1.9,2,99.3,54.0,5.03,431.0,19,42888.0,29.2,650.0,Afternoon,Component_D,11.3,1.7,Good
101569,M010,2024-04-28,1.3,21.8,7.9,3,99.0,41.0,6.43,831.0,33,72389.0,59.0,498.6,Morning,Component_B,9.2,4.6,Good
101570,M005,2024-03-18,4.4,16.1,3.5,3,75.9,57.8,4.7,713.0,15,94485.0,33.6,582.2,Night,Component_C,1.6,2.5,Good
101571,M016,2024-11-18,8.4,13.6,2.3,4,84.8,63.9,3.35,395.0,12,35833.0,47.3,585.4,Night,Component_C,0.7,1.9,Good
101572,M011,2024-06-10,2.2,14.8,5.1,2,87.7,58.4,6.05,701.0,32,62108.0,45.5,344.6,Night,Component_D,1.7,3.0,Good
101573,M024,2024-02-20,6.9,19.2,3.4,4,58.4,55.4,1.97,643.0,16,71893.0,41.1,627.8,Afternoon,Component_D,4.5,3.0,Good
101574,M004,2025-04-11,1.9,13.7,8.7,2,75.4,41.1,3.5,653.0,11,61749.0,30.4,743.2,Night,Component_D,8.7,6.7,Good
101575,M012,2024-08-05,7.4,13.0,3.2,3,63.8,62.6,4.25,594.0,15,56261.0,38.2,526.5,Night,Component_D,8.6,1.9,Good
101576,M022,2025-12-08,5.9,15.1,1.5,4,62.1,72.5,5.67,805.0,24,93556.0,23.0,516.2,Afternoon,Component_B,7.0,0.9,Good
101577,M023,2025-01-30,1.2,11.3,0.5,4,73.5,67.7,6.79,546.0,17,57428.0,27.4,450.8,Afternoon,Component_A,5.6,1.2,Good
101578,M010,2024-03-30,9.5,23.3,4.9,4,74.4,43.0,6.02,1095.0,45,116006.0,50.9,797.0,Afternoon,Component_D,13.1,4.7,Good
101579,M022,2024-05-09,3.8,13.7,3.6,2,52.7,54.3,5.84,611.0,16,45052.0,43.9,715.9,Afternoon,Component_C,6.1,2.8,Good
101580,M024,2024-01-12,3.6,19.3,1.4,0,76.1,52.5,6.06,740.0,21,74746.0,59.5,587.6,Afternoon,Component_B,5.7,0.5,Good
101581,M002,2025-01-15,6.6,16.8,8.0,3,69.0,51.4,6.31,658.0,24,52585.0,36.4,581.3,Morning,Component_B,4.5,4.4,Good
101582,M028,2024-02-01,9.4,12.1,6.7,2,88.8,55.2,2.45,435.0,23,38356.0,39.1,334.2,Night,Component_D,12.6,3.7,Good
101583,M021,2024-02-20,3.0,16.0,4.9,3,86.0,74.5,8.47,681.0,26,66489.0,53.2,576.2,Afternoon,Component_C,8.2,4.7,Good
101584,M019,2025-01-14,6.2,19.1,8.4,1,61.7,56.0,6.5,827.0,24,78116.0,49.8,711.5,Night,Component_A,2.9,5.6,Good
101585,M020,2024-12-23,7.3,15.2,6.7,3,87.8,51.0,4.17,614.0,30,64355.0,27.6,737.6,Morning,Component_C,2.5,6.2,Good
101586,M028,2024-09-23,8.1,20.8,2.9,3,78.4,57.7,5.17,889.0,42,94732.0,63.2,637.4,Morning,Component_D,1.0,3.2,Good
101587,M010,2025-05-22,6.5,20.1,2.4,2,69.4,43.2,2.14,759.0,23,81733.0,43.0,854.6,Afternoon,Component_D,5.7,1.6,Good
101588,M024,2025-03-23,4.9,19.7,7.0,0,65.9,48.6,4.03,906.0,29,67802.0,50.3,772.1,Night,Component_B,1.5,4.9,Good
101589,M027,2025-04-07,3.5,,6.0,5,58.2,63.9,3.88,628.0,9,81916.0,22.6,331.6,Night,Component_B,2.5,6.2,Good
101590,M012,2024-02-23,6.3,11.7,5.4,4,57.4,56.7,3.74,628.0,22,59428.0,29.3,389.3,Morning,Component_C,9.2,4.0,Good
101591,M002,2025-06-01,2.8,13.5,2.9,2,50.1,73.9,5.97,616.0,16,69728.0,30.5,436.0,Morning,Component_A,8.7,2.4,Good
101592,M025,2024-01-08,1.0,16.8,6.5,2,72.3,57.4,4.69,713.0,20,40844.0,48.3,866.6,Morning,Component_C,10.5,3.6,Good
101593,M007,2024-10-20,7.3,18.2,3.1,2,47.3,43.8,2.35,996.0,36,90656.0,28.8,785.7,Afternoon,Component_C,1.6,2.8,Good
101594,M028,2025-10-09,8.7,7.3,4.7,2,61.6,40.7,2.38,287.0,10,20977.0,20.1,303.2,Afternoon,Component_C,3.0,3.0,Good
101595,M001,2025-06-12,1.0,16.0,8.6,5,79.9,64.0,0.96,682.0,8,55978.0,48.7,60.2,Morning,Component_A,4.1,5.3,Good
101596,M011,2024-12-04,3.0,16.6,3.3,6,89.9,45.6,6.08,784.0,30,75075.0,25.3,383.4,Night,Component_C,10.9,2.2,Good
101597,M019,2025-01-15,7.9,14.9,1.1,3,58.2,44.8,4.1,765.0,26,68834.0,44.7,668.8,Afternoon,Component_D,6.2,1.5,Good
101598,M028,2025-01-21,12.2,21.2,2.4,3,79.3,50.4,5.86,928.0,46,106451.0,37.3,962.6,Night,Component_D,11.5,2.0,Good
101599,M030,2025-02-28,6.1,17.7,7.5,1,68.3,64.0,10.0,1030.0,59,125181.0,51.3,579.7,Morning,Component_C,7.9,2.5,Good
101600,M013,2025-12-13,3.8,21.2,5.6,2,65.8,51.7,2.88,790.0,17,63593.0,51.1,817.9,Afternoon,Component_B,5.7,3.6,Good
101601,M024,2025-09-13,5.5,15.1,4.7,4,73.9,47.4,5.09,837.0,26,73391.0,39.3,579.6,Morning,Component_B,7.7,1.9,Average
101602,M018,2024-12-18,10.1,19.7,3.7,3,64.1,65.9,7.1,666.0,41,52969.0,42.8,795.5,Afternoon,Component_A,0.8,3.7,Good
101603,M026,2025-08-30,4.1,,6.2,2,71.0,64.4,3.62,823.0,18,92455.0,44.8,796.2,Night,Component_D,0.5,3.9,Good
101604,M013,2024-08-11,3.6,21.2,2.9,3,72.9,70.0,3.89,678.0,20,66027.0,34.8,951.1,Morning,Component_A,6.8,2.5,Good
101605,M023,2025-03-29,4.6,11.6,5.8,0,85.9,67.2,5.45,440.0,22,42013.0,37.5,552.6,Night,Component_B,6.0,3.1,Good
101606,M017,2024-11-13,3.1,15.0,3.2,2,88.5,64.5,9.08,478.0,25,47650.0,40.8,461.0,Night,Component_C,11.8,2.8,Good
101607,M014,2024-11-04,6.4,14.6,2.8,1,64.8,48.2,5.65,596.0,18,53838.0,50.6,428.1,Night,Component_A,1.9,2.6,Good
101608,M016,2024-12-14,10.9,18.0,3.4,3,68.8,60.9,2.98,651.0,23,53482.0,57.6,591.2,Afternoon,Component_A,7.1,3.0,Good
101609,M030,2025-09-04,7.0,18.7,4.1,4,81.7,65.9,3.2,965.0,38,92414.0,60.6,731.9,Night,Component_A,8.1,1.3,Good
101610,M019,2025-12-21,5.2,12.6,4.9,5,69.8,71.7,3.62,606.0,11,55143.0,34.0,525.0,Night,Component_B,7.0,3.7,Good
101611,M012,2024-12-04,5.1,16.3,5.6,1,80.6,56.5,1.22,652.0,21,65334.0,27.1,732.4,Afternoon,Component_C,9.3,4.7,Good
101612,M026,2024-12-16,1.3,7.9,0.5,6,82.8,50.6,4.21,313.0,5,22073.0,26.3,364.2,Morning,Component_A,4.1,0.1,Good
101613,M018,2025-10-24,8.6,21.8,3.0,1,84.2,47.0,4.51,989.0,40,96720.0,37.8,908.8,Night,Component_D,8.5,4.1,Good
101614,M012,2025-11-05,5.8,14.0,4.0,1,73.1,63.8,4.58,665.0,24,56300.0,35.5,569.3,Afternoon,Component_B,7.7,1.9,Good
101615,M012,2024-09-26,5.5,16.2,8.8,1,58.0,49.0,1.89,632.0,21,61474.0,52.1,840.3,Morning,Component_B,9.5,6.0,Good
101616,M018,2025-07-30,15.0,14.8,2.3,2,70.0,56.0,5.12,549.0,37,59608.0,36.2,593.0,Afternoon,Component_B,4.5,3.4,Good
101617,M010,2025-01-03,6.9,20.6,5.4,5,65.9,47.1,2.73,920.0,24,79724.0,37.7,893.8,Afternoon,Component_A,2.4,2.5,Good
101618,M002,2024-02-18,3.7,4.6,8.7,3,81.3,53.6,4.07,241.0,6,27221.0,10.3,194.0,Afternoon,Component_B,4.1,4.8,Good
101619,M020,2025-11-06,4.7,15.9,1.7,3,,59.0,3.16,504.0,14,34720.0,55.3,591.6,Morning,Component_B,2.8,2.7,Average
101620,M006,2025-10-02,9.4,15.6,6.0,5,90.6,57.4,6.58,687.0,37,81174.0,54.6,590.8,Morning,Component_C,4.3,3.6,Good
101621,M001,2025-06-17,6.3,14.2,3.0,4,82.6,61.6,3.27,686.0,16,77914.0,41.5,702.4,Night,Component_B,5.0,2.0,Good
101622,M026,2024-01-03,1.7,22.9,3.7,2,60.8,42.6,6.92,1075.0,27,87829.0,75.0,857.1,Night,Component_A,3.3,3.3,Good
101623,M007,2025-01-30,8.8,12.5,3.0,1,88.8,54.0,4.75,533.0,22,43614.0,19.9,457.3,Night,Component_B,6.0,3.9,Good
101624,M023,2025-02-24,4.0,19.1,3.2,2,77.1,50.8,5.26,852.0,28,61834.0,39.2,621.2,Night,Component_C,2.5,2.7,Good
101625,M001,2024-12-05,11.6,17.4,11.8,4,62.1,46.2,4.65,896.0,41,97503.0,38.9,743.2,Night,Component_B,5.8,3.7,Good
101626,M010,2025-12-05,9.2,21.0,7.1,2,82.3,48.3,2.97,981.0,43,88333.0,32.0,730.4,Morning,Component_A,4.5,6.4,Good
101627,M028,2025-03-17,4.7,13.3,7.8,3,69.3,47.0,5.23,431.0,13,38335.0,30.0,550.1,Afternoon,Component_D,5.6,3.1,Good
101628,M013,2024-11-11,9.8,13.1,6.2,4,48.6,58.1,3.73,581.0,34,45410.0,22.1,536.0,Night,Component_B,7.2,5.3,Good
101629,M009,2024-02-10,6.2,20.4,1.0,5,60.2,58.6,5.07,867.0,23,105930.0,51.7,717.9,Afternoon,Component_A,4.7,2.3,Good
101630,M015,2024-08-03,8.6,17.7,6.0,0,71.2,62.9,5.59,886.0,27,71242.0,26.7,492.2,Afternoon,Component_B,3.7,4.9,Good
101631,M024,2024-08-31,7.5,9.8,7.7,5,70.7,58.0,7.93,455.0,12,43390.0,20.0,306.7,Night,Component_B,4.0,5.0,Good
101632,M029,2024-04-11,3.5,13.8,2.9,7,59.2,56.4,5.35,572.0,17,56193.0,44.6,435.1,Afternoon,Component_A,9.1,2.5,Good
101633,M018,2025-04-18,4.1,,7.4,3,81.0,55.7,6.22,735.0,24,65430.0,33.7,532.6,Afternoon,Component_B,9.8,3.0,Good
101634,M007,2024-06-28,9.1,19.4,6.8,3,78.2,61.1,5.69,828.0,32,71197.0,31.6,826.1,Afternoon,Component_A,4.5,4.4,Good
101635,M002,2024-06-28,,13.3,9.6,2,54.8,36.0,4.1,520.0,12,46520.0,26.6,741.9,Afternoon,Component_D,5.5,6.3,Good
101636,M014,2024-11-13,4.8,4.3,4.0,5,103.6,54.5,5.72,229.0,15,23697.0,13.6,155.4,Afternoon,Component_B,0.9,2.9,Average
101637,M020,2025-12-03,3.1,18.1,2.3,2,57.4,57.9,4.28,730.0,13,65550.0,48.4,638.4,Afternoon,Component_D,5.5,2.1,Good
101638,M029,2024-03-10,7.3,11.1,4.1,5,66.5,71.1,3.76,464.0,16,55394.0,29.7,384.5,Afternoon,Component_A,1.6,2.8,Good
101639,M005,2025-07-05,12.2,7.9,8.6,2,76.5,45.0,2.54,335.0,15,27920.0,11.9,378.8,Afternoon,Component_B,4.5,3.7,Good
101640,M010,2024-01-09,2.8,,0.5,1,66.5,44.7,5.67,259.0,12,27535.0,11.5,200.2,Afternoon,Component_B,9.2,0.5,Good
101641,M019,2025-09-17,6.1,19.3,0.5,3,89.5,34.6,3.48,649.0,23,44556.0,39.2,743.0,Afternoon,Component_B,1.5,1.7,Good
101642,M023,2025-03-29,10.2,16.5,5.2,3,69.9,42.5,5.63,782.0,27,65177.0,35.8,487.3,Morning,Component_C,3.3,4.6,Good
101643,M007,2024-05-24,5.8,15.1,3.9,2,60.9,53.6,4.51,813.0,21,67280.0,40.7,468.5,Morning,Component_B,3.3,3.4,Good
101644,M006,2025-10-24,7.4,21.6,5.0,5,79.4,48.5,3.99,755.0,31,59223.0,70.2,865.9,Morning,Component_C,1.0,2.4,Good
101645,M023,2024-03-20,2.8,18.5,7.4,2,40.0,48.3,2.95,893.0,15,88632.0,34.5,741.6,Afternoon,Component_D,8.6,4.9,Good
101646,M003,2025-07-16,7.3,22.5,3.6,8,78.4,55.2,6.84,938.0,38,87560.0,68.3,866.7,Night,Component_A,6.8,1.9,Good
101647,M029,2025-08-20,5.4,10.4,0.5,4,87.5,60.2,3.79,389.0,12,23658.0,16.6,461.3,Night,Component_C,11.4,0.9,Good
101648,M023,2025-10-17,9.0,15.9,10.1,6,44.3,55.1,7.36,575.0,24,71836.0,34.2,466.7,Morning,Component_B,3.0,7.3,Good
101649,M013,2024-06-21,9.6,9.5,2.5,4,67.2,55.2,3.03,407.0,19,39740.0,18.4,403.3,Afternoon,Component_B,0.7,1.9,Good
101650,M007,2024-07-07,13.8,15.1,2.4,1,52.2,58.6,7.21,607.0,29,57676.0,50.3,631.4,Night,Component_C,8.8,4.2,Good
101651,M025,2024-07-19,7.7,15.0,7.8,6,72.2,38.5,4.65,735.0,15,84269.0,27.8,470.4,Night,Component_C,4.9,5.7,Good
101652,M002,2024-01-06,7.0,18.5,4.0,5,98.9,56.2,6.05,629.0,21,69085.0,49.2,627.5,Afternoon,Component_C,4.6,4.7,Average
101653,M019,2025-09-05,6.6,16.2,4.8,8,74.8,54.3,2.16,744.0,26,67352.0,29.6,718.6,Afternoon,Component_D,10.4,3.2,Good
101654,M004,2025-04-09,4.9,18.5,6.2,2,69.4,54.9,2.15,876.0,26,57564.0,45.3,544.3,Morning,Component_B,6.5,2.7,Good
101655,M024,2024-07-20,7.0,18.8,7.7,2,40.0,49.7,4.96,826.0,27,85463.0,43.7,1099.0,Afternoon,Component_A,8.7,7.5,Good
101656,M001,2024-06-11,5.1,24.0,4.2,5,58.7,53.2,2.68,1289.0,45,103838.0,38.0,1028.9,Morning,Component_C,4.1,2.4,Good
101657,M011,2024-02-16,6.5,14.7,8.8,4,70.4,58.6,6.89,702.0,19,79739.0,46.3,564.9,Afternoon,Component_A,3.8,2.2,Good
101658,M002,2025-08-19,10.0,12.2,0.5,4,73.1,69.5,5.16,459.0,19,38261.0,37.3,459.0,Afternoon,Component_C,4.9,1.1,Good
101659,M002,2024-04-26,3.0,17.0,6.9,5,76.1,39.8,3.34,602.0,14,53110.0,34.9,759.2,Night,Component_C,8.0,5.2,Good
101660,M014,2024-10-01,9.4,12.8,2.9,3,81.2,60.1,2.84,499.0,25,37351.0,34.9,463.1,Afternoon,Component_D,6.2,2.1,Good
101661,M018,2024-10-09,10.0,21.9,8.4,3,61.1,66.0,3.98,874.0,46,66481.0,48.7,787.3,Morning,Component_C,7.4,3.2,Good
101662,M011,2024-05-18,5.6,14.9,5.4,6,72.5,43.6,3.48,445.0,10,41547.0,45.3,750.5,Afternoon,Component_A,0.5,2.2,Good
101663,M002,2024-11-21,1.0,13.7,3.3,2,66.0,53.4,5.39,579.0,11,53248.0,39.5,470.9,Morning,Component_B,0.5,2.4,Good
101664,M023,2024-07-05,4.2,14.1,6.7,3,60.7,57.5,4.36,460.0,16,40416.0,23.7,559.5,Night,Component_B,0.5,4.4,Good
101665,M006,2025-07-06,9.9,18.9,7.2,3,61.5,73.1,6.6,803.0,36,101014.0,60.3,623.1,Night,Component_D,4.9,3.5,Good
101666,M028,2025-11-13,5.9,15.4,6.6,2,78.5,74.6,5.64,713.0,22,74191.0,28.6,628.9,Morning,Component_B,1.8,3.3,Good
101667,M007,2024-01-28,3.0,13.4,2.4,1,41.2,43.6,2.94,675.0,15,64229.0,24.8,577.4,Morning,Component_B,11.1,0.5,Good
101668,M022,2025-07-28,4.5,22.7,3.8,1,49.7,52.3,3.73,937.0,17,50261.0,67.4,1177.2,Night,Component_C,5.9,3.8,Good
101669,M010,2025-05-03,8.5,12.6,5.0,2,110.0,56.8,2.94,,30,49935.0,23.5,401.3,Afternoon,Component_D,6.7,5.6,Average
101670,M001,2025-03-04,7.6,16.1,4.9,2,64.0,60.0,2.95,818.0,27,114453.0,28.1,440.5,Afternoon,Component_A,2.7,4.9,Good
101671,M006,2024-10-06,5.3,18.6,6.9,1,89.6,56.8,1.27,974.0,44,89784.0,40.4,677.7,Afternoon,Component_C,2.6,5.8,Good
101672,M020,2024-12-22,4.9,9.5,0.5,0,71.2,46.5,6.19,438.0,17,36285.0,30.2,323.9,Afternoon,Component_D,10.7,0.3,Good
101673,M025,2025-12-17,4.8,17.9,5.8,2,65.3,46.1,6.83,649.0,19,63245.0,33.2,687.6,Afternoon,Component_D,11.3,4.1,Good
101674,M014,2025-03-23,3.2,11.8,4.3,8,79.9,41.1,2.72,395.0,10,29044.0,25.7,504.1,Morning,Component_B,7.2,1.3,Good
101675,M006,2024-11-30,10.8,19.3,2.9,4,73.0,36.8,2.54,965.0,40,98363.0,40.0,1104.7,Morning,Component_B,0.5,1.6,Good
101676,M009,2025-04-01,5.0,12.1,3.1,3,69.9,40.9,5.51,519.0,11,60984.0,26.8,426.1,Afternoon,Component_D,4.7,1.6,Good
101677,M024,2024-10-21,9.7,18.8,4.5,4,71.5,65.5,3.03,903.0,32,76697.0,55.1,401.4,Night,Component_C,6.9,3.9,Good
101678,M029,2024-05-01,10.6,20.4,0.5,4,76.7,61.4,6.79,805.0,55,68763.0,47.1,757.6,Night,Component_C,5.3,2.1,Good
101679,M005,2025-07-10,9.0,19.4,3.2,1,63.7,60.0,3.21,936.0,31,87801.0,58.6,809.6,Afternoon,Component_B,0.5,2.0,Good
101680,M010,2025-04-10,4.7,17.0,2.8,6,66.2,53.0,0.65,831.0,15,72697.0,47.3,523.5,Afternoon,Component_C,11.5,2.6,Good
101681,M028,2024-06-19,7.2,15.1,6.3,2,60.3,54.6,4.27,611.0,18,44185.0,33.6,616.4,Morning,Component_B,3.5,3.2,Good
101682,M007,2025-05-15,5.9,13.7,3.0,1,57.5,52.6,3.43,563.0,24,50232.0,32.4,547.5,Night,Component_A,2.0,2.6,Good
101683,M027,2025-12-07,3.3,21.9,4.5,7,94.2,40.7,4.77,783.0,31,67491.0,63.7,884.3,Afternoon,Component_A,5.9,1.2,Average
101684,M008,2025-03-01,7.0,13.2,8.9,3,61.1,60.8,3.87,493.0,14,56941.0,33.9,599.2,Morning,Component_D,9.6,4.2,Good
101685,M029,2025-07-12,2.5,11.9,7.5,3,84.0,62.7,5.54,497.0,22,55828.0,38.5,449.3,Morning,Component_C,7.5,3.6,Good
101686,M028,2024-05-01,9.6,18.7,7.3,5,67.7,44.6,5.26,721.0,28,83607.0,63.0,811.7,Afternoon,Component_A,2.1,6.7,Good
101687,M021,2025-10-24,4.6,12.8,3.8,2,78.5,44.6,5.09,578.0,12,61861.0,37.6,311.4,Afternoon,Component_B,1.6,0.2,Good
101688,M030,2024-10-14,6.6,12.2,6.4,2,72.0,58.2,4.84,491.0,18,48161.0,42.4,382.9,Morning,Component_B,0.5,3.4,Good
101689,M012,2024-03-14,6.8,10.2,4.4,1,50.5,58.1,4.5,438.0,15,35865.0,27.5,373.3,Morning,Component_D,5.1,5.1,Good
101690,M008,2025-01-12,5.2,14.1,4.5,3,72.3,61.6,1.98,631.0,18,72497.0,22.3,432.8,Morning,Component_A,4.6,3.3,Good
101691,M010,2024-12-23,7.8,15.7,6.0,2,79.3,67.7,5.2,739.0,43,74060.0,39.4,613.0,Afternoon,Component_B,7.5,5.3,Good
101692,M009,2025-11-27,4.6,17.0,3.5,8,60.5,45.5,5.82,738.0,13,56294.0,33.3,608.5,Morning,Component_D,3.9,2.8,Good
101693,M021,2025-11-08,8.6,19.8,8.7,0,99.9,54.3,5.13,865.0,50,70318.0,42.9,697.5,Morning,Component_A,8.9,6.5,Average
101694,M024,2024-03-17,2.0,18.1,4.6,5,81.7,46.0,4.14,727.0,19,55284.0,44.9,819.8,Night,Component_C,8.0,2.6,Good
101695,M016,2025-06-08,6.4,15.2,6.5,1,81.9,46.6,5.56,694.0,33,44568.0,31.8,600.6,Afternoon,Component_B,3.8,4.2,Good
101696,M015,2024-10-17,11.8,15.2,8.6,4,83.1,51.1,4.93,773.0,41,77940.0,32.2,469.4,Morning,Component_D,7.2,6.2,Good
101697,M009,2024-05-09,3.0,,7.6,2,44.0,68.0,5.78,850.0,20,64967.0,41.5,603.1,Afternoon,Component_A,10.0,4.8,Good
101698,M014,2024-03-01,4.0,21.1,1.5,4,80.5,64.9,4.34,973.0,24,81402.0,43.7,936.9,Night,Component_D,3.1,1.5,Good
101699,M001,2025-02-28,7.5,16.5,6.1,4,99.3,54.3,1.93,669.0,37,63945.0,30.3,668.4,Morning,Component_C,5.4,5.7,Good
101700,M023,2025-08-30,6.5,14.1,7.1,3,81.1,35.6,4.18,631.0,25,58167.0,42.7,683.7,Afternoon,Component_C,5.3,5.7,Good
101701,M016,2025-04-22,7.1,12.0,7.2,2,68.8,58.5,2.79,460.0,16,38777.0,27.5,551.5,Night,Component_A,4.9,4.7,Good
101702,M007,2025-08-20,7.5,10.2,2.2,1,58.6,58.3,3.67,382.0,4,44993.0,32.3,370.9,Afternoon,Component_C,8.4,2.2,Good
101703,M027,2025-05-30,7.9,18.7,3.4,2,57.5,46.6,4.66,786.0,25,56671.0,61.1,941.2,Night,Component_C,8.6,2.9,Good
101704,M011,2025-09-13,9.3,18.3,7.5,1,56.0,62.5,6.28,977.0,41,71076.0,54.9,936.2,Afternoon,Component_A,7.2,4.8,Average
101705,M002,2025-04-16,7.2,18.3,3.1,2,67.2,46.4,5.7,764.0,33,77827.0,42.0,448.4,Morning,Component_D,,3.5,Good
101706,M028,2024-01-14,5.3,15.5,4.3,1,59.2,62.4,4.88,798.0,21,68315.0,45.6,603.5,Afternoon,Component_D,4.3,3.5,Good
101707,M018,2025-10-18,8.0,21.6,8.9,1,70.2,57.2,6.75,752.0,32,63936.0,39.1,741.8,Night,Component_C,7.0,5.4,Good
101708,M028,2024-05-21,11.7,14.1,4.9,3,74.4,41.9,4.59,606.0,22,47762.0,39.8,529.8,Morning,Component_B,2.1,5.4,Good
101709,M024,2025-05-01,5.6,19.8,3.2,1,51.4,51.7,4.86,925.0,25,92568.0,45.8,634.3,Night,Component_B,13.4,2.4,Good
101710,M030,2024-02-10,3.1,15.8,2.8,3,62.8,56.3,3.82,792.0,15,77921.0,44.4,487.6,Afternoon,Component_A,10.1,1.1,Good
101711,M007,2024-10-09,9.3,13.6,5.8,2,65.1,57.7,2.58,481.0,19,46554.0,40.9,633.4,Afternoon,Component_C,8.9,2.4,Good
101712,M003,2024-12-06,5.6,18.4,1.7,3,64.7,64.3,5.5,629.0,17,54255.0,48.3,538.5,Morning,Component_A,7.2,1.6,Good
101713,M016,2024-02-09,1.0,17.6,4.4,2,72.2,65.4,1.68,812.0,15,67992.0,49.0,683.9,Afternoon,Component_C,7.2,1.9,Good
101714,M026,2024-02-04,8.5,17.4,5.8,4,73.5,52.9,2.82,709.0,23,65620.0,33.5,490.4,Night,Component_C,0.9,4.3,Good
101715,M004,2025-04-18,4.4,16.3,8.2,1,66.9,60.0,4.82,755.0,25,82671.0,43.8,793.7,Morning,Component_A,2.2,6.1,Good
101716,M030,2024-04-04,5.7,15.8,6.7,3,63.9,69.5,2.97,795.0,31,94225.0,38.3,615.6,Night,Component_B,2.6,6.5,Good
101717,M003,2025-11-29,7.0,24.0,3.2,3,71.8,45.8,4.53,894.0,28,99833.0,56.5,1069.1,Morning,Component_C,6.2,2.3,Good
101718,M004,2025-11-19,6.6,20.7,7.9,4,89.3,49.5,4.77,784.0,31,80427.0,48.0,832.1,Morning,Component_D,5.2,6.4,Good
101719,M026,2025-12-03,8.1,18.9,4.3,4,54.5,40.1,3.49,584.0,15,64084.0,40.1,696.1,Morning,Component_C,8.4,1.5,Good
101720,M013,2024-01-11,4.7,16.4,1.9,4,85.6,49.3,4.6,760.0,24,58726.0,34.6,641.6,Afternoon,Component_B,3.1,1.7,Good
101721,M021,2024-09-06,7.5,20.0,4.6,3,52.4,56.9,4.58,1146.0,37,96600.0,58.0,1016.2,Afternoon,Component_D,9.1,4.7,Good
101722,M014,2025-08-14,5.2,18.1,8.6,4,76.3,36.0,2.45,627.0,13,64497.0,47.3,568.3,Morning,Component_D,3.5,2.1,Good
101723,M010,2025-01-24,8.2,16.1,5.4,5,84.6,58.9,5.48,809.0,33,75421.0,25.1,299.8,Morning,Component_D,4.7,2.7,Good
101724,M014,2025-01-15,7.8,14.8,5.0,3,56.1,50.7,0.84,726.0,21,72645.0,23.6,484.8,Afternoon,Component_B,8.7,3.5,Good
101725,M017,2025-11-02,3.2,15.7,9.1,3,76.2,54.4,7.88,713.0,25,78210.0,41.5,451.1,Afternoon,Component_D,7.5,7.8,Average
101726,M022,2024-01-21,9.3,4.0,1.4,2,59.4,44.5,5.46,173.0,13,18573.0,12.8,201.6,Night,Component_C,2.2,2.1,Average
101727,M029,2024-09-04,4.4,16.8,1.8,3,86.0,54.1,6.34,711.0,33,55910.0,26.7,623.6,Night,Component_C,9.2,1.3,Good
101728,M014,2025-02-15,8.4,14.0,1.0,4,52.8,70.1,5.69,610.0,18,58058.0,35.2,641.5,Morning,Component_C,6.3,1.6,Good
101729,M005,2025-04-23,7.1,22.4,5.9,2,61.3,51.4,4.42,993.0,28,80619.0,71.7,871.1,Morning,Component_B,0.5,4.3,Good
101730,M021,2025-09-17,11.5,16.1,5.4,7,73.6,35.1,3.11,636.0,21,53004.0,24.3,635.9,Night,Component_C,3.5,3.1,Good
101731,M025,2025-04-03,5.3,11.2,8.9,4,80.5,65.9,4.46,518.0,14,35917.0,23.0,450.9,Morning,Component_C,4.8,1.1,Good
101732,M003,2024-09-07,5.0,15.8,5.6,2,73.1,59.9,6.01,638.0,18,61889.0,52.8,797.5,Night,Component_C,2.5,2.0,Good
101733,M019,2024-11-28,5.9,11.8,4.0,2,77.9,55.8,3.02,485.0,14,33091.0,19.6,477.8,Night,Component_B,10.0,3.9,Good
101734,M015,2024-12-28,5.1,17.9,5.0,1,65.4,60.1,4.78,711.0,26,71748.0,48.6,849.2,Night,Component_D,4.9,2.6,Good
101735,M009,2025-11-23,8.4,17.2,5.3,2,58.9,55.7,1.24,876.0,33,101070.0,43.3,814.2,Afternoon,Component_C,7.4,2.4,Good
101736,M030,2025-07-13,1.2,19.8,0.8,3,89.6,69.8,3.04,686.0,32,70627.0,35.7,728.9,Morning,Component_B,6.6,0.1,Good
101737,M024,2025-04-11,2.8,12.8,11.8,6,78.0,61.8,2.95,538.0,15,51529.0,20.3,484.4,Night,Component_D,8.1,6.8,Good
101738,M009,2025-04-06,2.8,16.1,6.3,5,66.1,50.9,7.52,732.0,18,86388.0,40.3,568.7,Afternoon,Component_D,11.0,2.8,Good
101739,M010,2024-02-27,8.9,10.5,5.5,3,52.2,68.4,2.09,291.0,13,29074.0,31.2,524.6,Afternoon,Component_A,8.0,3.8,Good
101740,M016,2024-05-16,11.1,18.8,6.5,2,86.7,71.4,5.22,873.0,43,71637.0,34.9,595.1,Morning,Component_C,11.2,5.2,Good
101741,M026,2024-11-06,5.7,18.1,6.8,4,87.2,63.2,7.37,887.0,43,85930.0,52.2,594.5,Night,Component_D,8.1,6.8,Good
101742,M008,2024-10-27,5.5,18.0,4.6,2,69.4,58.7,6.31,721.0,22,89689.0,46.7,655.2,Morning,Component_A,6.4,5.2,Good
101743,M007,2024-06-04,6.2,16.0,3.4,3,64.1,47.3,7.24,721.0,24,56678.0,35.5,473.4,Night,Component_D,7.0,3.7,Good
101744,M014,2024-06-04,9.5,17.7,6.5,4,68.9,61.2,7.51,749.0,30,55649.0,50.1,607.9,Night,Component_B,0.5,5.3,Good
101745,M018,2024-06-22,3.2,22.4,6.0,1,69.5,58.5,4.6,1266.0,33,131947.0,42.2,1061.2,Afternoon,Component_C,4.6,5.7,Good
101746,M027,2024-10-08,6.7,14.9,3.0,9,81.2,54.8,5.36,640.0,20,58649.0,36.0,657.2,Night,Component_D,5.6,4.1,Good
101747,M030,2024-11-13,8.9,16.6,8.5,4,58.3,61.3,4.85,727.0,30,63264.0,43.1,592.7,Afternoon,Component_B,7.3,4.9,Good
101748,M015,2024-07-14,,11.7,5.7,3,65.0,55.8,5.37,571.0,14,43460.0,28.3,534.7,Night,Component_B,5.9,2.2,Good
101749,M012,2024-07-13,6.6,12.5,6.8,3,69.8,59.9,5.26,645.0,22,42408.0,28.7,696.4,Morning,Component_C,7.0,5.9,Good
101750,M021,2025-02-21,9.0,16.4,8.5,2,75.1,64.3,7.59,879.0,34,64302.0,48.9,682.3,Night,Component_D,2.0,5.4,Good
101751,M010,2025-07-09,1.0,20.4,5.1,2,82.4,43.0,5.03,788.0,25,93948.0,57.4,1009.0,Afternoon,Component_C,1.3,2.0,Good
101752,M023,2024-11-27,8.0,15.0,5.8,4,75.7,45.8,2.78,634.0,30,60146.0,41.7,688.2,Afternoon,Component_B,2.5,4.4,Good
101753,M005,2025-12-29,4.0,15.1,7.0,2,93.0,46.8,5.57,609.0,20,39929.0,49.6,546.2,Afternoon,Component_A,10.7,6.3,Good
101754,M017,2024-10-03,1.0,14.4,3.2,2,60.1,72.5,5.82,795.0,16,89645.0,50.2,571.9,Afternoon,Component_D,2.2,1.2,Good
101755,M027,2025-02-05,7.5,13.9,5.1,2,89.5,60.7,3.02,571.0,22,64821.0,36.6,601.7,Afternoon,Component_D,3.6,5.0,Good
101756,M026,2024-02-05,10.1,17.2,5.3,3,60.6,61.5,2.95,816.0,33,92566.0,37.8,571.3,Afternoon,Component_C,6.3,4.4,Good
101757,M006,2025-08-04,5.6,10.0,2.6,2,67.3,65.2,6.21,401.0,16,35553.0,30.6,182.5,Morning,Component_D,1.2,1.4,Good
101758,M022,2025-04-12,8.9,21.1,10.8,3,76.6,45.6,3.54,980.0,26,89148.0,37.6,678.8,Night,Component_B,3.4,4.5,Good
101759,M028,2025-11-23,10.8,13.3,1.5,3,86.1,36.7,3.76,371.0,16,36011.0,33.6,297.4,Morning,Component_D,8.0,3.0,Good
101760,M022,2024-05-27,9.9,18.9,1.8,3,67.3,54.4,3.67,910.0,47,105574.0,48.2,624.4,Morning,Component_C,4.7,3.3,Good
101761,M019,2025-04-24,10.9,10.9,8.3,3,76.7,63.1,4.94,583.0,40,50532.0,37.8,287.1,Morning,Component_C,11.1,7.7,Good
101762,M017,2024-08-10,8.2,18.7,6.8,4,68.2,53.2,6.49,721.0,23,60336.0,65.1,858.7,Night,Component_B,0.9,5.1,Good
101763,M014,2025-04-12,6.2,18.7,2.4,6,44.5,42.7,5.7,587.0,18,61890.0,57.9,546.1,Morning,Component_B,5.0,2.5,Good
101764,M016,2025-09-18,,17.5,6.5,2,71.5,46.9,3.67,890.0,14,100694.0,42.8,743.6,Afternoon,Component_A,4.7,5.1,Good
101765,M007,2024-05-06,5.3,12.0,8.7,3,57.1,44.4,6.91,585.0,19,55112.0,31.1,540.2,Night,Component_C,6.0,7.7,Good
101766,M015,2025-08-28,3.5,17.0,4.9,5,87.3,49.5,6.06,808.0,23,84886.0,36.4,748.4,Morning,Component_A,2.3,3.7,Average
101767,M022,2024-09-15,12.5,11.3,11.5,1,87.3,44.6,6.29,457.0,24,44186.0,35.7,285.5,Morning,Component_A,4.3,6.9,Good
101768,M014,2025-12-24,5.5,15.0,0.7,4,62.0,56.3,6.23,608.0,16,55469.0,44.9,715.7,Night,Component_D,8.4,1.8,Good
101769,M021,2025-06-03,6.4,20.1,6.7,3,60.1,50.1,3.57,1019.0,37,84129.0,61.2,844.2,Night,Component_A,5.2,5.5,Good
101770,M019,2024-09-12,7.7,19.2,7.9,6,64.5,60.7,2.84,780.0,29,60600.0,34.1,868.5,Afternoon,Component_A,2.8,4.9,Good
101771,M013,2025-02-10,6.1,16.1,7.2,3,78.4,46.2,3.89,694.0,19,59530.0,37.0,859.7,Afternoon,Component_A,12.2,4.1,Good
101772,M022,2025-09-21,11.1,12.1,4.5,1,78.4,57.3,6.28,530.0,26,42590.0,31.2,558.9,Night,Component_A,6.1,4.8,Average
101773,M010,2025-05-27,4.1,18.6,4.3,4,110.0,54.7,2.38,843.0,43,83670.0,32.5,539.0,Afternoon,Component_A,7.8,2.9,Average
101774,M014,2024-01-02,6.6,16.1,6.1,3,68.3,58.6,2.13,685.0,27,77585.0,36.0,709.1,Afternoon,Component_B,8.3,3.8,Good
101775,M014,2025-08-08,3.8,6.7,7.0,2,73.1,59.8,1.24,308.0,11,30203.0,11.2,181.6,Morning,Component_A,5.8,2.6,Good
101776,M025,2024-10-19,2.0,19.1,6.5,4,95.2,60.8,2.24,1041.0,38,84518.0,65.3,720.2,Afternoon,Component_B,3.6,5.6,Good
101777,M012,2024-04-03,4.2,15.9,7.6,6,75.4,62.5,3.08,688.0,17,74187.0,47.7,548.6,Morning,Component_B,6.6,3.4,Good
101778,M024,2024-02-20,5.9,20.8,2.5,3,58.9,59.9,4.72,990.0,34,98459.0,57.0,803.9,Afternoon,Component_D,3.9,2.2,Good
101779,M027,2024-06-20,4.7,11.6,4.4,6,76.1,57.7,2.43,548.0,18,56127.0,22.2,310.1,Morning,Component_B,,3.5,Good
101780,M030,2024-05-31,3.9,4.0,2.6,5,80.5,49.0,5.69,135.0,3,11773.0,8.7,115.2,Afternoon,Component_B,5.5,2.4,Good
101781,M029,2024-06-08,1.8,17.1,4.0,2,67.9,62.7,4.58,827.0,15,92625.0,30.6,591.9,Afternoon,Component_B,9.1,2.1,Good
101782,M008,2024-07-02,5.8,17.2,7.5,4,81.5,48.7,0.82,717.0,18,80249.0,44.2,634.6,Afternoon,Component_C,2.6,2.0,Good
101783,M008,2024-07-10,1.5,9.2,5.3,1,80.5,52.4,4.47,358.0,11,33022.0,28.9,321.3,Morning,Component_B,8.2,0.9,Good
101784,M017,2024-06-06,8.3,12.1,11.5,4,66.5,47.2,4.75,481.0,14,50879.0,18.6,616.8,Night,Component_C,7.8,7.2,Good
101785,M023,2024-06-14,6.2,24.0,5.5,1,90.6,47.1,7.95,1087.0,64,121225.0,41.0,1005.7,Afternoon,Component_C,5.3,3.0,Good
101786,M017,2024-04-28,1.6,14.8,5.1,2,62.6,52.1,4.94,633.0,5,55716.0,29.0,612.5,Afternoon,Component_D,8.2,2.6,Good
101787,M007,2025-09-29,5.1,18.9,5.3,5,77.2,52.9,1.32,902.0,29,84591.0,55.3,670.6,Night,Component_B,7.3,2.7,Good
101788,M018,2025-11-25,3.7,13.4,3.4,1,64.8,47.7,4.91,457.0,12,43962.0,44.1,367.4,Morning,Component_B,8.0,2.1,Good
101789,M019,2025-02-12,7.0,7.6,4.9,4,51.7,55.2,4.81,275.0,10,21596.0,22.8,302.5,Afternoon,Component_B,7.8,3.8,Average
101790,M010,2024-02-14,10.0,15.3,7.8,1,76.3,56.4,5.59,573.0,21,58231.0,39.0,822.6,Morning,Component_D,6.2,5.2,Good
101791,M018,2024-07-08,1.0,14.9,5.3,3,95.2,50.1,9.25,594.0,33,65541.0,25.5,594.9,Afternoon,Component_C,4.2,1.5,Average
101792,M026,2024-05-14,6.3,14.4,3.0,2,71.4,75.6,3.53,606.0,22,56262.0,43.3,688.0,Morning,Component_C,4.2,3.3,Good
101793,M001,2024-06-03,5.5,15.5,2.7,4,54.1,58.0,3.33,604.0,22,60459.0,26.5,753.7,Morning,Component_D,5.4,0.6,Good
101794,M016,2024-08-17,8.0,17.1,3.9,3,74.7,56.1,5.34,591.0,19,68543.0,37.5,742.3,Night,Component_A,8.5,2.9,Good
101795,M005,2024-01-23,6.6,15.4,5.2,5,62.2,48.9,7.79,525.0,17,46684.0,32.6,625.5,Morning,Component_B,7.9,2.5,Good
101796,M029,2024-06-08,3.7,10.9,8.0,6,84.6,56.2,5.71,391.0,9,39258.0,24.2,335.5,Afternoon,Component_A,9.0,3.9,Good
101797,M008,2025-05-28,5.0,17.9,1.6,4,69.3,57.2,3.88,701.0,25,60603.0,38.6,660.4,Night,Component_C,9.3,0.8,Good
101798,M012,2024-07-21,3.6,8.2,4.2,5,50.7,55.0,6.27,324.0,6,27878.0,24.9,295.1,Night,Component_C,5.3,3.4,Good
101799,M022,2025-11-04,9.2,7.8,5.4,7,78.1,67.8,7.73,326.0,10,32642.0,14.4,335.4,Morning,Component_C,11.9,4.3,Good
101800,M020,2024-07-07,6.1,19.0,0.5,2,74.5,39.7,3.12,962.0,28,94873.0,60.6,519.3,Morning,Component_A,5.7,0.1,Good
101801,M013,2024-04-20,11.7,18.0,2.9,4,68.4,51.6,2.7,675.0,36,69745.0,57.9,630.0,Afternoon,Component_A,4.5,3.5,Good
101802,M026,2025-01-16,5.8,15.8,3.3,6,59.5,61.4,4.6,648.0,21,62300.0,39.2,663.1,Night,Component_B,7.0,2.9,Good
101803,M017,2024-09-22,3.9,10.4,3.0,3,93.5,46.9,5.04,412.0,17,42015.0,17.8,344.6,Night,Component_A,7.5,2.6,Good
101804,M010,2025-04-17,1.5,13.2,5.5,7,66.6,41.1,6.99,432.0,17,51833.0,35.0,407.9,Night,Component_D,3.8,3.0,Good
101805,M002,2025-10-03,1.0,14.9,4.6,6,82.8,50.3,3.66,665.0,9,73748.0,46.8,473.9,Morning,Component_D,5.5,3.3,Good
101806,M018,2024-03-21,1.2,9.6,3.6,3,66.4,64.4,5.22,443.0,11,44334.0,20.0,346.3,Afternoon,Component_B,4.7,3.3,Good
101807,M027,2024-06-05,6.8,13.0,6.1,1,80.2,47.1,7.3,574.0,25,58877.0,41.3,260.0,Afternoon,Component_B,6.4,2.7,Good
101808,M003,2024-07-28,7.5,18.6,9.3,2,72.6,51.8,4.9,918.0,27,83094.0,53.1,610.8,Night,Component_A,8.4,4.8,Good
101809,M018,2024-08-25,1.3,21.7,9.1,4,72.3,58.8,3.79,910.0,9,84277.0,75.4,992.6,Morning,Component_A,5.2,7.1,Good
101810,M020,2024-11-11,8.7,14.3,0.5,4,62.1,49.8,5.53,635.0,21,65016.0,45.0,597.9,Afternoon,Component_B,7.7,2.5,Average
101811,M020,2024-01-17,4.6,19.0,6.4,5,78.3,51.0,3.91,717.0,15,69058.0,36.2,795.0,Afternoon,Component_A,1.8,2.9,Good
101812,M021,2024-07-02,6.4,8.3,4.6,4,88.9,49.1,5.11,382.0,16,40834.0,19.9,206.8,Morning,Component_B,8.7,3.7,Good
101813,M025,2025-05-09,10.8,18.6,5.4,4,59.6,49.9,4.16,662.0,22,75472.0,31.8,666.8,Afternoon,Component_C,4.6,4.3,Good
101814,M003,2025-08-20,8.7,12.8,4.0,2,62.0,44.5,4.24,608.0,18,56832.0,21.0,491.9,Night,Component_C,4.6,5.0,Good
101815,M022,2025-04-12,5.2,17.2,5.3,6,107.3,52.7,3.77,615.0,34,39890.0,50.1,727.9,Morning,Component_B,7.2,2.3,Average
101816,M010,2024-06-01,3.3,15.0,5.4,1,60.0,64.6,3.47,590.0,11,74053.0,49.9,709.9,Night,Component_C,7.4,3.3,Good
101817,M030,2024-09-27,1.0,21.3,3.6,1,65.3,69.2,6.29,741.0,14,63143.0,73.4,974.1,Night,Component_A,5.7,1.6,Good
101818,M011,2025-09-04,3.8,12.5,2.8,7,88.6,66.2,4.84,580.0,22,56798.0,25.5,424.1,Morning,Component_D,3.3,2.7,Good
101819,M030,2024-03-19,5.4,18.5,3.9,3,89.0,56.2,6.79,969.0,47,102629.0,35.2,630.6,Afternoon,Component_B,4.6,3.5,Good
101820,M029,2025-03-16,3.0,14.9,5.6,3,42.9,69.9,0.5,566.0,7,65732.0,39.0,740.5,Night,Component_B,6.3,3.3,Good
101821,M004,2024-07-02,5.6,15.4,6.5,1,81.2,75.7,3.56,617.0,19,75330.0,29.3,552.0,Afternoon,Component_C,7.5,2.0,Good
101822,M023,2025-08-16,6.2,15.3,7.1,2,69.7,56.6,3.17,735.0,26,65813.0,32.0,461.3,Afternoon,Component_B,3.5,6.6,Good
101823,M004,2025-07-02,5.3,12.6,3.8,1,70.2,46.1,4.04,538.0,16,60711.0,40.0,468.5,Afternoon,Component_C,4.1,3.0,Good
101824,M015,2025-10-01,4.0,15.9,5.7,1,86.0,66.8,2.64,767.0,26,75143.0,49.6,783.8,Afternoon,Component_B,6.8,3.9,Average
101825,M016,2024-03-05,6.5,15.7,7.4,2,67.8,44.2,1.61,729.0,21,99252.0,51.7,495.9,Afternoon,Component_A,5.8,6.7,Good
101826,M007,2024-10-15,7.3,17.0,7.9,3,65.9,47.0,5.71,847.0,31,94446.0,41.9,602.3,Morning,Component_C,6.4,6.4,Good
101827,M001,2024-05-10,2.7,16.3,4.9,2,68.1,36.3,3.43,490.0,18,45246.0,42.8,512.2,Afternoon,Component_D,0.5,1.8,Good
101828,M025,2024-10-31,10.2,19.2,4.4,7,67.8,61.5,5.5,803.0,27,66732.0,58.4,896.9,Afternoon,Component_A,5.1,3.6,Good
101829,M013,2025-11-24,5.7,19.7,5.5,4,76.2,34.2,2.38,736.0,21,40922.0,39.0,805.4,Night,Component_B,8.6,4.9,Good
101830,M017,2024-05-28,6.1,11.8,2.1,4,87.9,63.9,1.56,413.0,17,43415.0,37.1,548.0,Morning,Component_C,4.2,1.9,Average
101831,M021,2024-04-19,8.1,19.5,4.5,3,77.1,71.3,4.93,847.0,29,93277.0,29.9,1001.3,Afternoon,Component_A,7.5,2.8,Good
101832,M024,2024-04-14,6.7,11.3,6.9,4,71.8,70.5,5.64,484.0,15,51392.0,35.0,306.1,Afternoon,Component_B,2.4,6.9,Good
101833,M008,2024-01-27,8.9,18.4,6.6,4,78.6,43.6,3.39,721.0,41,43043.0,56.2,605.3,Night,Component_C,1.3,5.8,Good
101834,M006,2025-01-22,6.9,18.5,4.3,7,81.4,38.2,2.67,908.0,29,69126.0,38.9,652.6,Morning,Component_A,7.3,2.6,Good
101835,M006,2024-04-24,4.2,8.4,5.5,4,78.9,49.2,6.75,461.0,17,47120.0,24.8,332.2,Morning,Component_C,5.8,2.0,Good
101836,M027,2024-08-14,7.1,16.4,2.9,4,64.0,62.9,4.4,493.0,18,60039.0,31.6,703.8,Night,Component_B,5.0,2.4,Good
101837,M018,2024-05-08,2.6,14.1,6.8,1,77.1,65.8,2.7,684.0,18,64410.0,37.4,485.6,Morning,Component_A,8.5,2.5,Good
101838,M004,2025-03-14,6.3,13.0,4.8,1,46.6,61.0,1.81,561.0,27,62480.0,37.7,434.6,Morning,Component_B,5.1,3.9,Good
101839,M015,2025-06-19,5.9,21.4,4.3,1,90.4,59.8,3.26,917.0,31,72887.0,62.7,988.8,Afternoon,Component_A,4.1,1.0,Good
101840,M008,2024-04-19,5.4,13.4,4.1,5,90.4,76.2,3.79,710.0,35,69656.0,46.4,578.5,Night,Component_B,3.8,3.5,Good
101841,M002,2025-10-30,5.6,12.8,4.8,6,82.7,50.7,5.87,540.0,19,49075.0,23.9,529.9,Night,Component_B,3.1,2.9,Good
101842,M022,2025-06-17,1.0,16.3,3.9,3,87.0,48.0,4.47,727.0,18,82016.0,40.1,341.6,Morning,Component_C,7.4,1.6,Good
101843,M019,2024-05-30,4.4,18.7,6.6,6,71.1,44.3,4.26,812.0,21,70565.0,61.0,899.9,Afternoon,Component_C,5.1,2.6,Good
101844,M030,2024-07-31,6.3,15.4,4.0,7,63.0,58.9,2.85,666.0,19,80023.0,40.4,620.5,Morning,Component_A,9.4,1.6,Good
101845,M023,2025-06-03,6.5,20.7,9.0,2,57.0,53.4,6.99,735.0,25,66432.0,67.3,772.8,Afternoon,Component_A,0.5,5.0,Good
101846,M009,2024-03-20,2.9,18.1,8.7,3,84.1,62.4,6.26,1012.0,36,79899.0,42.9,575.0,Morning,Component_B,8.8,5.4,Good
101847,M024,2025-04-27,9.8,7.3,2.8,3,63.0,50.9,6.11,162.0,3,12872.0,22.6,260.0,Morning,Component_C,7.1,2.7,Good
101848,M012,2024-03-28,3.4,13.9,5.2,2,67.5,60.7,4.39,483.0,17,41376.0,45.0,435.9,Night,Component_B,5.7,2.7,Good
101849,M008,2025-07-24,8.9,13.8,3.4,2,74.7,51.5,5.22,497.0,15,49978.0,44.1,321.7,Morning,Component_B,2.1,3.2,Good
101850,M025,2024-03-30,7.3,17.9,4.2,1,71.6,53.5,0.5,873.0,29,74947.0,58.0,577.7,Morning,Component_A,1.0,3.7,Good
101851,M018,2024-10-07,4.1,5.5,10.0,2,75.2,54.4,4.86,149.0,5,12321.0,10.7,146.8,Night,Component_D,8.3,3.2,Good
101852,M006,2025-05-23,11.3,24.0,4.2,4,50.3,39.7,7.96,982.0,56,106397.0,57.1,923.0,Afternoon,Component_B,6.7,2.8,Good
101853,M025,2024-04-11,2.4,18.1,5.9,1,69.2,53.7,3.46,799.0,23,37419.0,33.5,526.0,Morning,Component_B,6.7,4.1,Good
101854,M013,2025-11-15,8.8,16.6,6.4,5,81.9,60.1,2.73,614.0,25,54371.0,30.9,745.3,Morning,Component_C,5.7,5.3,Good
101855,M002,2024-08-05,9.0,20.7,2.5,3,66.8,46.1,4.24,846.0,30,63439.0,51.2,529.0,Night,Component_D,8.5,1.8,Good
101856,M025,2024-09-12,4.0,24.0,2.9,3,61.7,72.2,2.95,1012.0,26,82955.0,80.0,1149.4,Afternoon,Component_D,4.2,2.1,Good
101857,M018,2025-10-27,10.2,19.5,2.0,3,83.5,55.0,2.84,802.0,54,79122.0,52.3,891.9,Morning,Component_B,5.0,2.5,Good
101858,M009,2024-06-06,5.2,19.8,2.8,4,66.9,49.4,4.98,804.0,29,73905.0,63.5,593.9,Morning,Component_B,5.5,2.6,Good
101859,M001,2024-07-12,6.9,16.5,0.5,0,74.2,49.1,5.98,634.0,26,57419.0,55.7,628.4,Night,Component_D,5.4,1.6,Good
101860,M006,2025-01-14,6.8,15.4,6.4,4,69.5,67.3,4.99,758.0,25,85535.0,25.8,493.5,Afternoon,Component_B,10.0,3.2,Good
101861,M014,2024-08-22,5.6,14.1,10.1,6,72.0,47.6,2.44,621.0,15,58868.0,25.7,612.3,Morning,Component_D,2.2,8.0,Good
101862,M006,2024-02-22,8.4,12.7,5.4,4,90.4,57.7,3.3,527.0,34,64342.0,26.4,682.3,Night,Component_A,0.5,5.8,Good
101863,M018,2025-12-13,8.4,13.3,1.5,1,78.9,62.9,5.08,566.0,23,59817.0,36.4,647.9,Night,Component_C,1.6,1.6,Good
101864,M011,2025-11-09,1.0,10.6,3.4,3,57.3,60.0,5.68,362.0,7,29141.0,17.2,346.5,Night,Component_A,8.1,2.9,Good
101865,M007,2025-09-11,9.9,15.7,3.9,0,67.5,49.9,4.13,809.0,42,100325.0,48.3,630.8,Afternoon,Component_A,5.7,3.1,Good
101866,M026,2025-10-13,1.0,9.3,2.5,5,67.0,62.6,2.89,412.0,5,40859.0,15.1,468.7,Night,Component_C,1.2,1.7,Good
101867,M004,2025-10-01,9.1,16.8,7.2,3,74.6,56.4,5.89,662.0,31,81476.0,30.5,727.1,Morning,Component_A,6.3,5.8,Good
101868,M004,2025-04-27,9.4,15.9,7.0,2,82.9,39.5,7.76,748.0,35,68074.0,36.0,751.5,Morning,Component_B,5.0,4.9,Good
101869,M011,2024-06-26,2.7,16.6,2.1,4,72.4,66.0,6.52,868.0,23,86004.0,43.4,722.7,Afternoon,Component_A,7.7,0.5,Good
101870,M025,2024-02-25,4.8,13.9,6.8,4,72.0,49.5,8.07,508.0,18,51553.0,45.4,546.3,Morning,Component_A,8.4,2.4,Good
101871,M018,2025-02-27,2.7,24.0,8.8,6,45.2,53.4,3.38,1090.0,17,100801.0,80.0,904.1,Afternoon,Component_B,13.6,6.9,Good
101872,M015,2024-06-25,5.4,21.4,9.8,3,87.9,57.8,6.36,967.0,35,110314.0,70.0,616.7,Morning,Component_B,2.5,8.7,Good
101873,M030,2024-10-14,5.1,11.0,12.0,2,70.0,50.2,6.82,449.0,13,55671.0,18.9,360.8,Night,Component_A,0.5,3.5,Good
101874,M009,2025-08-16,8.3,16.9,2.7,0,75.1,61.8,3.62,592.0,26,35874.0,46.7,536.9,Morning,Component_A,7.8,3.6,Good
101875,M025,2025-01-07,9.9,13.6,12.0,3,75.1,45.1,3.01,647.0,27,69373.0,32.4,498.4,Night,Component_B,9.0,4.5,Good
101876,M016,2025-03-04,10.2,11.9,4.1,3,62.8,49.8,2.77,541.0,18,44136.0,20.8,482.1,Afternoon,Component_C,2.2,4.2,Good
101877,M012,2024-07-31,4.3,10.6,3.5,4,69.1,66.0,4.34,549.0,17,30803.0,27.7,402.2,Night,Component_B,2.2,2.9,Good
101878,M014,2025-04-08,5.4,17.7,5.8,3,62.7,55.2,1.79,901.0,32,92583.0,39.2,714.0,Night,Component_C,7.0,4.0,Good
101879,M015,2024-11-22,1.0,13.3,3.5,4,88.6,45.5,7.54,567.0,13,58281.0,29.1,578.1,Morning,Component_B,11.1,2.5,Good
101880,M022,2025-01-18,3.6,19.9,6.0,1,45.3,55.7,2.19,794.0,24,83530.0,33.6,697.2,Afternoon,Component_B,3.4,4.8,Good
101881,M026,2024-06-20,8.9,20.0,1.7,0,60.6,58.6,5.26,1087.0,34,109315.0,69.2,895.9,Morning,Component_C,6.3,2.1,Average
101882,M013,2024-06-17,10.8,21.5,4.4,3,68.1,40.7,0.5,843.0,37,91150.0,63.5,1034.4,Afternoon,Component_C,0.5,2.5,Good
101883,M030,2025-08-31,2.3,12.6,8.2,2,90.0,69.9,8.18,624.0,37,53635.0,26.0,525.2,Night,Component_C,5.4,6.4,Average
101884,M007,2024-12-06,4.2,17.9,4.9,3,80.5,71.1,6.75,628.0,16,62141.0,59.7,610.6,Afternoon,Component_A,5.7,4.5,Good
101885,M030,2024-07-13,5.9,18.5,5.4,2,52.3,56.1,1.63,924.0,29,97457.0,62.8,854.9,Afternoon,Component_C,10.4,4.0,Good
101886,M004,2024-05-29,6.8,14.1,6.2,3,70.6,53.2,5.05,402.0,13,46348.0,44.0,603.8,Afternoon,Component_B,3.9,1.4,Good
101887,M014,2025-02-04,3.6,12.9,7.9,3,80.7,55.2,4.07,522.0,16,49933.0,36.4,561.3,Morning,Component_B,8.1,4.6,Good
101888,M016,2024-08-29,7.3,22.4,0.9,0,98.7,63.0,4.78,789.0,42,72425.0,50.5,1140.9,Night,Component_D,3.7,2.0,Good
101889,M001,2025-08-23,4.6,16.9,6.5,1,67.9,59.1,5.64,831.0,22,78256.0,40.0,747.3,Night,Component_B,6.3,2.2,Good
101890,M009,2025-11-20,6.0,18.5,4.3,2,57.8,57.2,3.06,656.0,22,50575.0,44.6,948.0,Morning,Component_D,12.2,2.1,Good
101891,M029,2025-12-24,7.6,12.7,5.4,4,75.9,67.4,4.4,577.0,19,61476.0,43.1,482.7,Afternoon,Component_A,11.4,2.6,Good
101892,M025,2024-06-07,6.0,11.1,7.6,3,71.5,65.2,1.24,504.0,13,36863.0,33.5,395.5,Night,Component_C,11.9,1.9,Good
101893,M027,2024-02-20,4.7,13.7,2.0,0,77.6,46.4,4.65,465.0,11,46902.0,28.6,655.9,Night,Component_C,7.2,1.6,Good
101894,M013,2024-01-20,5.7,15.5,2.5,5,80.3,63.0,0.79,706.0,30,67966.0,42.6,478.2,Night,Component_D,5.4,1.4,Good
101895,M030,2024-06-24,5.7,11.7,0.5,3,75.8,65.4,6.85,450.0,16,32281.0,31.4,632.8,Afternoon,Component_A,6.9,2.0,Good
101896,M017,2024-03-12,4.9,16.0,3.6,2,78.3,57.5,1.86,818.0,26,59379.0,50.0,784.4,Morning,Component_D,7.4,1.7,Good
101897,M028,2024-11-25,5.2,9.2,8.3,2,91.6,60.4,5.03,414.0,21,34029.0,15.6,366.4,Morning,Component_C,7.2,6.8,Good
101898,M020,2025-09-24,10.8,11.5,4.7,2,68.5,52.2,5.99,423.0,14,38003.0,33.4,569.1,Night,Component_B,3.9,4.6,Good
101899,M023,2025-10-15,7.7,18.7,1.6,1,57.3,44.2,7.86,756.0,38,88609.0,40.4,825.1,Afternoon,Component_C,3.7,2.2,Good
101900,M019,2024-03-02,5.1,18.4,3.8,0,75.8,72.0,7.69,735.0,32,68604.0,32.4,519.5,Night,Component_A,4.2,3.9,Good
101901,M021,2024-06-27,8.1,14.4,1.3,5,56.6,42.9,7.01,676.0,21,69761.0,42.7,469.4,Morning,Component_A,9.2,2.8,Good
101902,M005,2025-12-18,5.0,11.9,2.2,5,58.5,70.1,4.47,581.0,18,66233.0,25.7,489.4,Afternoon,Component_D,9.5,2.1,Good
101903,M024,2024-05-06,9.5,11.9,6.0,0,62.1,54.4,6.51,428.0,22,47550.0,35.2,486.4,Morning,Component_C,15.6,6.2,Good
101904,M009,2025-12-10,7.1,14.5,2.1,1,57.0,66.2,5.0,,23,66711.0,26.5,716.9,Night,Component_A,7.3,1.6,Good
101905,M001,2024-04-07,5.7,18.6,7.8,2,86.0,55.2,5.15,829.0,38,69982.0,64.6,763.1,Morning,Component_C,3.6,7.2,Average
101906,M002,2024-05-06,7.3,19.7,4.8,2,72.6,63.4,3.38,862.0,37,88340.0,61.2,563.3,Afternoon,Component_C,4.6,2.9,Good
101907,M014,2025-08-15,1.3,14.0,5.2,4,80.5,59.0,7.63,615.0,13,52101.0,29.1,473.5,Afternoon,Component_D,5.5,3.3,Good
101908,M027,2025-02-08,2.6,11.4,4.3,2,78.1,49.0,3.05,536.0,13,65511.0,34.0,506.2,Afternoon,Component_B,10.5,1.2,Average
101909,M005,2025-05-23,2.4,17.1,6.9,5,69.5,56.2,2.57,677.0,10,73127.0,30.3,405.3,Morning,Component_C,8.2,5.9,Good
101910,M001,2024-05-22,6.4,12.7,7.0,3,83.5,53.7,5.23,530.0,33,52009.0,35.6,352.0,Afternoon,Component_C,2.0,3.3,Good
101911,M016,2025-07-01,11.2,13.9,5.8,2,66.2,60.8,1.27,653.0,30,67057.0,22.5,509.2,Morning,Component_B,5.8,4.0,Good
101912,M006,2024-01-09,12.7,21.3,6.4,4,70.0,56.3,4.71,1048.0,44,102363.0,46.2,992.7,Afternoon,Component_D,1.6,6.6,Good
101913,M029,2024-11-10,7.9,19.3,4.5,4,63.5,57.6,7.44,937.0,32,83838.0,66.7,715.7,Morning,Component_B,7.8,2.4,Good
101914,M006,2024-08-24,7.5,16.6,6.4,2,88.8,45.8,5.25,577.0,20,59130.0,28.9,707.0,Morning,Component_C,3.9,3.3,Good
101915,M003,2024-12-03,1.0,10.9,4.2,0,70.7,43.5,4.56,550.0,9,50246.0,29.4,416.6,Morning,Component_D,4.2,3.4,Good
101916,M020,2024-05-24,4.4,16.8,5.0,5,79.2,55.6,2.99,837.0,23,103830.0,27.6,628.3,Afternoon,Component_B,0.5,3.3,Good
101917,M019,2025-08-16,3.6,20.3,4.3,2,65.0,56.6,1.8,768.0,22,64980.0,57.6,672.4,Morning,Component_D,8.3,3.5,Good
101918,M005,2025-05-30,4.1,14.5,3.9,3,82.2,45.5,6.05,557.0,24,57166.0,29.8,656.6,Afternoon,Component_A,9.6,2.4,Good
101919,M025,2025-08-18,5.5,21.4,3.3,0,81.3,60.1,4.55,1046.0,21,87089.0,45.4,609.5,Night,Component_D,3.9,1.7,Good
101920,M029,2025-06-08,4.6,21.2,6.2,5,52.5,60.5,5.62,785.0,24,65235.0,46.1,775.2,Afternoon,Component_C,5.5,3.5,Good
101921,M026,2025-09-18,1.0,22.7,8.3,3,72.0,56.4,0.55,1052.0,19,71756.0,43.4,1072.7,Night,Component_A,4.6,7.4,Good
101922,M014,2024-10-25,8.2,17.2,7.9,3,73.4,55.1,5.82,715.0,27,72338.0,58.2,564.8,Afternoon,Component_C,5.3,5.3,Good
101923,M019,2025-04-20,2.8,18.3,1.9,1,68.4,43.6,8.07,915.0,30,79617.0,60.6,473.2,Night,Component_D,3.5,1.6,Good
101924,M002,2024-09-20,6.7,21.7,8.2,6,88.6,43.4,6.91,1003.0,41,111585.0,70.3,470.5,Morning,Component_B,2.7,4.7,Average
101925,M029,2025-02-07,12.2,17.8,4.2,2,57.4,58.6,5.03,522.0,20,52826.0,30.5,795.7,Night,Component_D,10.1,4.3,Good
101926,M015,2024-05-02,3.2,14.0,6.5,4,66.6,47.5,2.62,633.0,14,61542.0,27.5,620.6,Night,Component_D,0.5,5.5,Good
101927,M013,2024-07-28,1.0,14.2,2.7,3,61.8,48.2,4.72,692.0,11,51099.0,38.7,502.5,Morning,Component_B,7.5,2.0,Good
101928,M006,2024-07-17,5.1,17.0,5.4,1,84.4,57.5,4.78,702.0,33,72849.0,58.5,483.3,Night,Component_D,6.8,2.4,Good
101929,M026,2024-11-12,9.3,10.8,5.8,3,59.7,73.3,3.61,439.0,24,37345.0,29.3,416.4,Afternoon,Component_B,11.0,2.7,Good
101930,M001,2025-07-09,11.9,15.4,1.3,3,50.0,51.4,3.75,702.0,40,51602.0,33.2,754.1,Afternoon,Component_C,5.3,2.2,Good
101931,M009,2025-04-25,2.3,20.4,6.5,1,77.2,73.5,8.28,786.0,31,79746.0,64.0,572.7,Night,Component_A,4.9,1.6,Good
101932,M011,2024-06-27,7.5,7.2,8.4,5,70.3,54.3,2.76,441.0,10,33571.0,12.8,349.6,Night,Component_C,3.6,3.7,Good
101933,M016,2025-03-17,4.6,22.1,4.6,2,84.5,60.1,3.73,851.0,32,54152.0,72.1,549.3,Afternoon,Component_A,7.1,4.8,Good
101934,M014,2025-04-03,5.7,20.5,8.4,8,81.7,63.6,5.51,1018.0,41,116517.0,70.7,603.9,Afternoon,Component_B,3.9,1.7,Good
101935,M010,2024-04-26,13.9,14.2,4.5,5,71.5,64.3,8.43,644.0,37,55763.0,48.8,579.8,Night,Component_A,2.6,5.4,Good
101936,M019,2025-02-17,1.5,18.2,7.1,3,54.7,58.1,3.96,731.0,16,50317.0,32.7,832.6,Morning,Component_C,3.8,4.9,Good
101937,M019,2025-05-07,6.8,16.0,0.5,2,57.6,52.9,1.26,570.0,22,45920.0,41.6,810.0,Morning,Component_D,3.2,2.6,Good
101938,M008,2024-12-05,7.4,20.9,11.0,0,50.7,62.5,0.65,861.0,29,72483.0,55.8,974.8,Afternoon,Component_D,3.0,3.8,Average
101939,M016,2025-09-04,9.3,19.9,8.7,2,70.3,58.8,9.04,892.0,57,100050.0,37.6,1021.9,Morning,Component_C,6.3,4.9,Average
101940,M012,2025-06-05,,10.4,4.3,6,64.1,51.1,1.06,514.0,12,36009.0,27.0,422.9,Night,Component_B,5.4,4.5,Good
101941,M006,2025-02-05,6.9,18.3,0.5,4,69.8,67.7,4.64,950.0,34,71171.0,51.1,618.2,Afternoon,Component_C,7.6,1.9,Good
101942,M003,2025-01-14,4.8,15.2,5.7,3,74.1,59.1,1.78,601.0,15,65933.0,32.8,731.2,Morning,Component_D,6.4,5.9,Average
101943,M006,2024-10-07,6.8,16.3,1.4,4,94.8,48.3,3.08,597.0,25,52688.0,34.7,810.8,Morning,Component_A,2.4,2.2,Good
101944,M006,2025-04-24,5.0,13.1,6.1,2,79.0,47.2,3.33,613.0,24,60331.0,21.2,605.4,Morning,Component_A,0.5,1.8,Average
101945,M003,2025-09-06,7.9,23.0,6.0,2,72.9,72.6,0.98,762.0,33,66779.0,78.5,1002.5,Afternoon,Component_B,,3.8,Good
101946,M012,2024-06-10,4.9,20.2,2.6,2,53.2,50.6,6.69,789.0,25,98868.0,62.8,1002.3,Night,Component_B,8.3,3.8,Good
101947,M011,2024-02-13,7.1,13.0,7.8,3,72.3,61.8,5.28,512.0,8,38735.0,39.2,543.8,Night,Component_A,8.2,4.7,Good
101948,M027,2024-09-02,5.9,10.7,7.0,3,82.6,58.4,3.73,431.0,12,42769.0,16.5,416.6,Afternoon,Component_D,9.0,2.6,Good
101949,M006,2025-04-23,9.4,14.5,7.4,5,76.7,61.5,3.47,569.0,28,66883.0,39.9,654.0,Morning,Component_A,8.5,4.0,Good
101950,M027,2025-04-20,5.8,17.7,5.0,5,59.4,72.2,6.46,549.0,23,49067.0,32.9,751.8,Night,Component_C,9.3,2.3,Good
101951,M026,2025-08-24,1.0,17.0,1.5,2,67.5,64.0,4.66,825.0,15,69047.0,48.0,768.4,Morning,Component_A,7.2,1.7,Good
101952,M028,2024-07-14,9.8,21.0,7.4,0,72.9,62.5,8.25,1044.0,58,111193.0,57.6,795.4,Night,Component_C,11.4,2.3,Good
101953,M008,2024-06-19,3.3,19.2,4.3,1,67.1,53.2,3.69,611.0,20,67247.0,61.5,875.9,Night,Component_C,6.9,3.0,Good
101954,M025,2024-11-23,4.0,19.9,1.5,3,64.6,49.0,5.27,930.0,22,77191.0,40.0,900.7,Night,Component_D,12.0,1.2,Good
101955,M019,2024-04-23,4.2,17.3,8.4,2,46.2,76.8,2.28,738.0,20,86297.0,26.9,695.3,Morning,Component_C,4.1,3.0,Good
101956,M016,2025-05-12,10.1,10.4,10.2,5,62.8,54.6,3.72,488.0,21,46735.0,34.6,353.0,Morning,Component_C,4.0,9.6,Good
101957,M018,2024-06-03,1.0,15.2,4.9,2,75.0,54.0,6.37,672.0,12,68968.0,50.4,730.5,Morning,Component_B,5.4,3.1,Good
101958,M026,2024-06-12,15.0,20.2,10.4,2,82.5,57.6,6.62,681.0,45,79898.0,48.7,602.1,Morning,Component_C,5.9,5.9,Good
101959,M026,2025-04-13,9.2,15.8,5.2,5,72.9,56.7,7.81,752.0,31,80112.0,26.2,497.7,Morning,Component_C,5.0,1.5,Good
101960,M012,2024-08-02,6.7,18.0,4.0,7,84.7,69.3,5.3,720.0,25,68397.0,44.9,721.6,Afternoon,Component_C,7.6,2.2,Good
101961,M015,2025-09-10,5.8,14.7,3.4,4,71.1,59.9,6.72,431.0,10,36603.0,37.5,275.3,Night,Component_C,5.7,3.4,Good
101962,M007,2024-03-09,6.9,11.9,9.1,5,61.5,43.2,5.62,490.0,11,66458.0,37.4,612.9,Night,Component_D,4.2,6.1,Good
101963,M012,2024-04-13,7.6,15.5,3.0,3,66.3,49.1,3.76,494.0,18,41083.0,45.5,606.0,Afternoon,Component_A,4.8,2.9,Good
101964,M024,2024-11-16,7.9,17.2,6.8,5,78.0,55.1,1.77,866.0,38,86402.0,28.2,881.2,Night,Component_A,9.7,3.9,Average
101965,M013,2025-08-19,7.7,13.4,3.6,2,68.8,64.2,4.08,515.0,21,52865.0,39.0,718.0,Afternoon,Component_A,7.0,2.4,Good
101966,M027,2024-10-25,6.3,15.1,3.8,6,64.3,41.3,2.44,,19,62946.0,26.7,567.7,Afternoon,Component_C,1.0,4.9,Good
101967,M025,2024-03-14,5.4,12.2,7.6,2,53.3,59.4,6.4,534.0,23,67775.0,20.5,606.0,Afternoon,Component_B,10.5,4.1,Good
101968,M017,2025-03-25,5.5,20.5,4.0,1,61.3,61.6,6.5,876.0,37,83845.0,47.1,616.1,Night,Component_B,7.3,3.6,Average
101969,M013,2024-10-03,5.4,14.8,4.0,1,67.2,62.9,2.67,557.0,15,52121.0,24.5,624.5,Afternoon,Component_C,7.9,2.0,Good
101970,M017,2025-03-20,9.4,21.8,7.8,8,65.0,54.3,6.5,1073.0,38,126919.0,68.9,764.6,Night,Component_D,8.8,3.6,Good
101971,M011,2024-05-20,7.8,22.1,9.0,5,60.3,64.4,2.38,907.0,37,84316.0,53.6,978.5,Morning,Component_B,8.9,4.6,Good
101972,M001,2024-04-17,1.0,15.7,6.6,4,90.7,47.7,7.1,545.0,20,58936.0,42.0,709.5,Morning,Component_D,3.2,3.2,Good
101973,M011,2025-05-16,8.0,12.0,3.4,1,79.2,63.5,4.21,488.0,16,47783.0,31.8,456.6,Afternoon,Component_A,2.8,2.3,Good
101974,M020,2024-01-28,6.6,7.7,3.7,6,98.3,54.4,5.33,335.0,17,36453.0,26.6,339.4,Afternoon,Component_A,13.2,2.5,Average
101975,M012,2024-06-06,5.9,10.1,5.2,1,52.7,55.4,7.11,438.0,16,46376.0,33.6,471.9,Morning,Component_B,3.9,3.8,Good
101976,M003,2024-03-22,4.8,10.5,5.8,5,75.8,55.3,5.57,444.0,17,39495.0,33.6,424.4,Morning,Component_B,7.1,2.2,Good
101977,M007,2024-04-15,9.4,21.5,2.5,2,66.8,60.9,4.26,914.0,33,61549.0,48.7,1200.0,Morning,Component_C,10.9,2.9,Good
101978,M006,2025-10-03,8.8,16.5,6.8,6,72.2,45.1,6.07,841.0,31,58779.0,29.5,626.5,Afternoon,Component_D,4.7,7.6,Good
101979,M003,2024-07-29,3.7,17.6,5.2,3,94.2,63.0,2.76,681.0,25,45896.0,47.2,909.3,Morning,Component_A,4.9,3.5,Good
101980,M028,2024-01-21,7.2,7.1,0.7,6,51.1,62.8,1.03,215.0,7,20131.0,16.9,349.3,Afternoon,Component_B,8.8,0.3,Good
101981,M019,2024-12-11,3.1,11.2,2.7,3,65.1,52.3,6.56,437.0,11,26094.0,21.9,265.2,Afternoon,Component_D,6.6,2.5,Good
101982,M021,2024-06-22,1.9,19.5,3.7,6,63.0,55.0,2.14,,13,89267.0,33.1,977.7,Afternoon,Component_B,7.5,1.9,Good
101983,M020,2024-08-04,4.1,17.1,4.8,5,,47.3,6.16,590.0,17,57234.0,40.6,804.9,Night,Component_C,5.8,4.1,Good
101984,M009,2025-06-20,8.6,15.4,9.7,1,46.7,44.6,4.75,682.0,27,73549.0,43.1,616.5,Afternoon,Component_D,4.4,7.4,Average
101985,M012,2025-05-03,8.9,18.3,5.6,3,87.4,56.8,4.47,618.0,29,63386.0,50.3,767.2,Morning,Component_A,5.0,4.7,Good
101986,M001,2024-11-08,7.5,22.5,2.9,3,87.9,56.8,2.8,1066.0,39,115691.0,68.6,958.7,Morning,Component_B,9.6,2.2,Average
101987,M016,2025-10-21,8.2,15.1,5.6,2,79.0,52.0,3.69,616.0,25,62344.0,36.7,756.3,Afternoon,Component_D,5.1,3.1,Good
101988,M017,2025-11-19,7.5,16.3,4.1,4,55.9,43.8,4.52,626.0,18,56432.0,34.9,580.5,Night,Component_C,7.3,3.1,Good
101989,M013,2024-06-10,4.1,16.8,5.8,2,75.3,59.1,4.86,569.0,17,53150.0,43.3,859.8,Night,Component_D,3.1,3.7,Good
101990,M012,2025-01-28,7.3,24.0,6.5,4,82.4,51.7,2.87,1320.0,52,108537.0,80.0,718.5,Afternoon,Component_C,12.1,4.2,Good
101991,M028,2024-10-15,8.4,7.6,8.0,4,76.7,48.3,5.84,441.0,15,43404.0,12.1,198.6,Night,Component_B,7.0,5.1,Good
101992,M021,2025-09-18,8.3,18.7,4.9,0,71.4,66.5,5.95,690.0,35,49154.0,47.8,816.0,Afternoon,Component_C,7.0,4.1,Good
101993,M015,2024-07-12,9.6,15.5,9.1,4,88.9,46.2,5.37,554.0,41,61489.0,33.5,764.3,Morning,Component_A,8.8,4.4,Good
101994,M008,2024-02-16,8.1,18.3,7.3,2,63.5,60.1,3.71,752.0,22,60650.0,31.3,685.3,Night,Component_D,4.6,2.7,Good
101995,M004,2025-11-19,7.1,13.4,3.2,3,70.0,41.5,6.05,549.0,12,53422.0,31.7,280.7,Afternoon,Component_A,9.6,1.9,Good
101996,M025,2024-01-30,9.2,15.8,10.5,3,79.5,42.1,5.62,634.0,24,63287.0,44.0,430.3,Night,Component_B,1.5,7.7,Good
101997,M014,2025-05-01,5.9,18.8,5.8,2,75.8,59.3,0.98,794.0,26,89278.0,48.1,791.8,Night,Component_A,4.2,1.9,Good
101998,M030,2024-07-29,3.4,24.0,2.9,0,78.7,52.0,4.88,1310.0,35,91415.0,37.4,916.9,Night,Component_A,3.6,1.6,Good
101999,M023,2025-04-13,5.5,19.2,9.1,1,78.4,44.5,7.98,969.0,45,87324.0,51.0,937.9,Morning,Component_D,0.5,2.9,Good
102000,M003,2024-11-10,3.8,12.6,10.2,5,78.3,63.5,6.25,499.0,14,51521.0,24.7,493.8,Morning,Component_A,4.4,7.3,Good
102001,M006,2025-05-06,4.0,14.3,4.9,4,67.6,58.3,6.58,714.0,26,86585.0,31.2,466.7,Night,Component_D,5.8,2.3,Good
102002,M006,2024-10-13,5.6,14.2,3.7,2,63.6,35.8,3.24,425.0,7,40127.0,30.2,585.9,Morning,Component_B,2.7,3.3,Average
102003,M021,2024-10-03,3.6,8.8,4.6,1,73.6,63.6,4.73,353.0,11,30388.0,28.3,413.1,Morning,Component_A,2.3,3.0,Good
102004,M030,2024-09-29,5.1,14.7,6.8,1,90.1,45.4,4.17,600.0,27,75243.0,23.4,727.7,Night,Component_D,6.1,3.6,Average
102005,M029,2025-03-10,1.0,18.9,8.2,3,71.7,39.6,4.5,899.0,17,96228.0,41.5,703.4,Night,Component_C,5.8,5.9,Good
102006,M016,2025-02-11,6.6,10.9,6.4,3,79.2,47.6,3.57,485.0,16,56068.0,25.0,433.3,Night,Component_D,5.2,2.5,Good
102007,M008,2024-08-16,6.0,20.2,5.3,3,73.3,54.6,2.28,921.0,17,70785.0,55.3,905.5,Afternoon,Component_A,2.2,4.4,Good
102008,M027,2024-08-20,3.5,18.0,8.7,5,96.4,55.7,4.62,778.0,28,79992.0,55.4,583.2,Morning,Component_A,4.8,3.4,Average
102009,M001,2025-09-01,8.0,13.1,4.2,4,70.3,40.3,3.09,524.0,14,41265.0,38.7,591.0,Afternoon,Component_D,4.0,4.4,Good
102010,M011,2025-11-17,8.8,15.4,7.6,3,79.2,42.3,5.55,738.0,35,55663.0,46.3,574.2,Afternoon,Component_D,6.3,5.7,Good
102011,M012,2024-09-28,1.2,22.4,4.3,0,63.4,48.2,4.44,1002.0,16,103936.0,42.2,840.1,Afternoon,Component_D,4.3,1.3,Good
102012,M011,2024-02-18,3.7,18.9,6.1,7,58.6,48.7,1.03,804.0,20,84241.0,62.8,726.0,Morning,Component_A,5.9,2.9,Good
102013,M013,2025-03-01,3.7,16.0,4.7,3,71.9,61.9,6.99,733.0,20,64335.0,37.3,632.0,Night,Component_B,2.1,4.0,Good
102014,M010,2025-01-30,3.2,15.0,4.9,4,86.2,51.3,5.28,706.0,14,82235.0,22.8,806.1,Morning,Component_B,1.8,2.5,Good
102015,M020,2025-11-11,8.5,16.3,4.1,4,79.6,61.7,3.68,799.0,26,71482.0,46.2,575.2,Night,Component_C,7.7,4.2,Good
102016,M023,2025-07-25,5.4,14.0,8.4,4,47.0,64.9,3.89,560.0,17,50932.0,37.9,496.0,Afternoon,Component_A,8.3,6.6,Good
102017,M022,2024-10-16,5.2,7.6,3.2,1,80.8,60.0,2.29,280.0,10,26449.0,13.3,387.2,Afternoon,Component_A,4.8,2.7,Good
102018,M014,2025-03-20,1.0,24.0,3.1,4,53.6,30.0,4.39,954.0,19,87153.0,80.0,999.4,Afternoon,Component_A,6.1,2.2,Good
102019,M007,2024-08-17,7.9,16.6,10.3,3,82.1,52.3,5.73,661.0,27,75459.0,43.5,748.5,Afternoon,Component_D,4.7,2.6,Average
102020,M014,2024-03-25,2.3,17.6,7.4,4,78.5,53.5,7.64,729.0,11,57864.0,42.9,528.3,Afternoon,Component_A,9.3,6.4,Good
102021,M019,2025-05-15,6.2,15.8,0.5,2,70.2,54.5,4.34,810.0,22,67785.0,36.3,643.9,Night,Component_D,5.4,1.6,Good
102022,M019,2024-08-28,6.8,13.1,3.6,5,80.7,36.3,4.59,524.0,33,40416.0,25.1,596.3,Afternoon,Component_C,4.5,2.5,Good
102023,M001,2025-09-10,10.1,15.3,0.5,3,68.8,48.1,6.65,677.0,33,83442.0,52.1,519.1,Afternoon,Component_C,8.9,2.3,Good
102024,M007,2024-08-17,2.1,9.6,2.6,1,73.8,42.7,2.41,377.0,7,33980.0,27.9,417.3,Night,Component_A,3.7,2.6,Good
102025,M004,2024-09-02,1.0,24.0,0.5,4,54.7,46.7,4.76,1018.0,14,84975.0,63.2,874.8,Morning,Component_A,6.5,1.5,Good
102026,M025,2024-04-10,6.6,11.1,4.7,6,68.9,52.7,3.14,480.0,17,43531.0,30.7,377.7,Afternoon,Component_C,2.9,1.9,Good
102027,M021,2025-09-11,11.4,11.9,2.1,1,83.1,48.3,4.74,590.0,23,63564.0,37.9,571.5,Night,Component_A,8.0,3.1,Good
102028,M005,2025-10-31,9.7,14.2,5.1,3,56.0,47.3,6.19,613.0,20,64338.0,39.4,688.3,Afternoon,Component_A,8.4,5.9,Average
102029,M025,2024-02-14,6.6,21.2,0.9,2,81.8,53.2,1.53,541.0,16,46727.0,36.7,840.6,Night,Component_A,2.1,1.3,Good
102030,M012,2024-03-14,4.5,16.1,5.2,6,47.8,50.6,6.5,697.0,25,62037.0,46.6,678.9,Morning,Component_B,1.7,4.3,Good
102031,M017,2024-09-13,8.4,11.1,4.0,1,57.7,56.8,5.15,547.0,20,40023.0,29.2,556.2,Afternoon,Component_A,6.9,2.5,Good
102032,M006,2024-04-12,3.1,21.0,8.8,4,68.2,51.2,4.75,1006.0,28,97663.0,72.1,737.8,Afternoon,Component_B,11.8,7.4,Average
102033,M024,2024-04-01,7.4,18.9,8.5,2,73.8,40.9,6.92,900.0,27,102811.0,56.1,785.7,Morning,Component_D,8.7,3.7,Good
102034,M016,2024-08-24,7.5,18.2,7.0,5,65.1,45.7,3.08,901.0,26,77732.0,39.8,650.3,Morning,Component_A,5.4,4.4,Good
102035,M001,2025-12-23,9.2,18.9,4.2,2,64.8,52.0,2.09,904.0,36,,33.5,582.6,Morning,Component_A,3.4,2.2,Good
102036,M012,2025-08-28,14.3,24.0,10.0,1,85.3,51.0,2.66,1188.0,76,102487.0,59.1,864.8,Night,Component_B,2.4,7.0,Good
102037,M029,2024-03-24,7.2,24.0,1.1,2,86.3,42.3,5.46,828.0,29,65052.0,68.6,710.4,Afternoon,Component_D,8.2,1.2,Good
102038,M026,2025-06-15,4.5,13.3,1.5,5,66.9,61.1,3.61,571.0,8,60072.0,24.7,559.7,Night,Component_B,8.8,1.2,Good
102039,M025,2024-01-23,5.9,22.5,4.8,2,67.3,57.8,2.93,949.0,24,123574.0,63.0,727.8,Morning,Component_D,4.1,5.0,Good
102040,M014,2025-08-30,1.0,17.5,10.6,2,68.6,49.6,2.74,767.0,16,79117.0,55.1,471.4,Afternoon,Component_B,5.3,2.7,Good
102041,M024,2024-06-09,3.9,18.0,4.5,3,98.6,53.5,4.81,669.0,24,59402.0,32.7,798.7,Morning,Component_B,6.1,4.7,Average
102042,M006,2024-01-08,4.8,9.2,4.5,4,72.2,45.4,4.45,,6,33660.0,26.8,409.1,Morning,Component_C,11.4,4.3,Good
102043,M009,2024-11-14,4.4,15.3,1.4,2,90.9,62.7,1.95,467.0,14,57739.0,25.0,549.8,Night,Component_B,6.2,0.1,Good
102044,M019,2025-09-27,6.5,12.7,7.4,4,80.8,73.6,2.01,576.0,14,57372.0,19.3,567.0,Night,Component_C,3.1,6.3,Good
102045,M020,2024-05-11,3.5,19.3,7.4,4,70.7,49.2,3.55,731.0,14,61047.0,30.2,615.9,Afternoon,Component_A,2.5,2.0,Good
102046,M003,2025-06-30,,20.3,7.0,3,64.2,66.0,6.15,590.0,22,55499.0,56.1,729.7,Night,Component_A,3.3,5.5,Good
102047,M021,2024-04-02,6.0,7.7,3.4,7,81.4,47.3,3.73,321.0,10,31531.0,26.5,329.7,Afternoon,Component_C,9.8,2.2,Good
102048,M011,2024-11-07,6.0,15.9,3.2,0,62.6,50.2,1.84,814.0,26,83059.0,48.4,747.7,Morning,Component_A,7.5,2.2,Good
102049,M012,2025-10-12,5.0,20.5,1.8,4,67.4,67.9,4.34,615.0,16,72374.0,41.2,726.3,Afternoon,Component_A,5.0,1.6,Good
102050,M001,2024-10-20,6.5,15.3,5.2,5,79.9,53.9,4.57,583.0,20,66543.0,25.1,521.5,Morning,Component_D,0.5,2.8,Good
102051,M017,2025-03-04,8.5,18.9,2.3,3,69.1,61.2,1.83,575.0,17,56335.0,51.7,883.8,Night,Component_C,3.4,0.7,Good
102052,M018,2025-08-20,3.4,17.4,2.1,0,67.3,52.6,2.31,738.0,15,69651.0,26.2,753.3,Morning,Component_A,7.0,2.0,Good
102053,M013,2025-03-17,4.0,17.4,3.9,5,68.3,38.8,5.84,814.0,26,82165.0,53.7,689.9,Night,Component_B,7.1,2.5,Good
102054,M001,2025-09-21,5.1,14.9,3.8,4,63.8,76.0,2.29,590.0,17,50667.0,29.6,717.2,Afternoon,Component_B,7.0,1.7,Good
102055,M019,2025-11-04,2.0,11.1,3.7,1,77.4,53.0,5.91,413.0,6,45306.0,23.3,598.7,Afternoon,Component_D,2.0,1.1,Good
102056,M002,2025-09-13,3.5,11.5,6.2,0,72.4,56.4,1.72,445.0,18,40917.0,25.2,477.7,Afternoon,Component_B,6.5,3.9,Good
102057,M026,2024-04-01,4.6,18.8,5.2,3,55.7,48.4,1.78,884.0,26,90489.0,56.9,634.9,Morning,Component_C,3.1,3.3,Good
102058,M023,2025-01-09,8.6,16.1,4.3,4,66.2,62.0,4.54,554.0,15,66867.0,32.7,693.1,Night,Component_A,6.0,3.8,Good
102059,M013,2025-12-12,6.8,15.4,5.5,4,67.6,61.4,3.14,600.0,27,61975.0,31.9,497.8,Afternoon,Component_B,3.7,4.0,Good
102060,M008,2025-10-25,6.6,14.3,2.5,1,67.5,41.0,3.54,703.0,22,69218.0,36.9,698.7,Morning,Component_D,9.2,2.8,Good
102061,M002,2025-08-08,8.6,14.8,5.3,2,79.2,56.5,4.77,556.0,33,48505.0,35.9,496.5,Morning,Component_D,7.0,5.1,Good
102062,M030,2025-04-07,5.6,20.2,5.4,1,63.6,62.9,3.48,786.0,18,73750.0,68.9,747.6,Morning,Component_C,5.6,5.4,Good
102063,M004,2024-11-14,7.2,14.7,1.2,1,104.4,65.8,2.79,666.0,37,51921.0,29.8,474.5,Afternoon,Component_C,10.1,1.6,Good
102064,M008,2025-09-12,5.7,10.6,7.5,0,88.6,60.8,5.38,576.0,16,59327.0,17.8,429.6,Morning,Component_D,4.9,5.0,Good
102065,M027,2025-05-01,6.8,19.0,2.8,4,88.6,61.6,4.83,713.0,19,44908.0,49.1,768.7,Night,Component_B,1.8,2.5,Good
102066,M026,2024-08-15,4.3,15.2,5.2,3,59.6,50.1,4.58,712.0,22,77983.0,28.4,676.5,Night,Component_A,9.2,4.1,Good
102067,M001,2025-01-31,1.0,16.1,7.9,1,47.6,43.9,4.47,552.0,8,58498.0,37.5,629.2,Afternoon,Component_D,6.8,5.0,Good
102068,M011,2024-01-02,5.6,22.4,7.3,5,67.9,52.2,3.06,799.0,28,77082.0,42.0,870.7,Morning,Component_A,5.0,5.4,Good
102069,M008,2025-09-14,10.3,15.9,5.1,5,75.5,43.7,2.68,626.0,23,54465.0,51.9,551.8,Afternoon,Component_D,4.1,3.0,Good
102070,M013,2025-02-14,8.8,17.2,4.1,3,70.1,48.3,3.88,764.0,34,72394.0,37.1,631.8,Morning,Component_C,7.5,3.1,Good
102071,M016,2024-04-14,8.9,11.3,7.4,7,65.6,48.2,3.09,414.0,13,28313.0,34.5,321.3,Afternoon,Component_C,8.4,5.9,Good
102072,M008,2024-08-05,9.7,15.1,6.7,1,51.1,46.5,4.48,662.0,28,71070.0,51.3,761.6,Afternoon,Component_D,3.7,4.7,Good
102073,M018,2024-10-01,6.3,18.4,3.5,3,63.9,59.8,3.8,718.0,20,66446.0,62.2,697.9,Night,Component_C,7.7,3.2,Good
102074,M003,2024-01-21,6.6,9.8,3.0,5,69.1,45.9,4.53,442.0,14,52036.0,25.0,514.2,Morning,Component_B,6.8,3.5,Good
102075,M009,2024-11-09,4.1,16.8,0.5,2,66.1,71.5,4.33,571.0,13,57602.0,58.2,630.3,Night,Component_D,3.5,1.4,Good
102076,M010,2025-02-13,5.1,16.4,5.4,2,66.0,63.9,7.68,591.0,18,58197.0,46.1,383.8,Night,Component_A,6.0,4.3,Good
102077,M029,2025-04-02,7.8,16.2,4.8,2,62.4,65.7,2.0,638.0,16,64447.0,28.5,572.8,Morning,Component_B,4.4,3.5,Good
102078,M021,2024-10-26,9.6,20.1,7.8,5,91.9,48.8,4.16,911.0,44,73215.0,65.9,782.6,Afternoon,Component_A,9.7,7.7,Good
102079,M023,2024-01-27,5.6,17.3,5.9,2,80.5,56.8,2.51,733.0,28,64676.0,42.2,677.6,Morning,Component_D,4.1,4.9,Good
102080,M021,2025-10-09,4.6,21.9,8.3,1,83.5,45.6,3.63,841.0,25,81572.0,39.5,960.0,Morning,Component_C,10.5,7.2,Good
102081,M030,2025-01-19,6.0,12.0,3.3,3,75.3,57.0,3.03,380.0,10,34375.0,37.0,484.7,Night,Component_A,6.4,3.0,Good
102082,M010,2025-09-30,7.8,16.5,7.8,3,56.0,39.1,5.65,830.0,39,71672.0,45.4,598.1,Night,Component_B,0.8,5.1,Good
102083,M018,2024-03-13,1.7,16.3,3.7,1,80.9,64.6,1.85,821.0,28,74517.0,53.2,503.5,Morning,Component_C,0.5,1.6,Good
102084,M018,2024-01-31,1.0,11.7,6.9,5,88.2,49.2,5.91,512.0,20,48979.0,36.9,408.6,Morning,Component_A,5.4,3.9,Good
102085,M017,2025-01-25,4.3,19.8,1.4,2,89.9,57.7,5.45,856.0,27,111093.0,42.4,856.8,Afternoon,Component_B,10.0,1.1,Good
102086,M022,2024-01-09,2.3,24.0,5.6,4,79.5,59.4,8.2,689.0,15,62092.0,48.3,1081.4,Night,Component_C,9.7,4.3,Good
102087,M023,2024-07-17,4.5,15.9,0.5,5,72.0,50.0,7.75,742.0,31,62950.0,47.2,527.5,Night,Component_A,6.5,0.5,Good
102088,M021,2025-04-20,5.6,18.0,4.3,4,72.0,47.8,3.06,935.0,27,86683.0,47.6,840.2,Night,Component_A,3.8,3.1,Good
102089,M003,2025-01-15,4.6,16.3,6.1,5,78.2,53.9,6.73,778.0,25,91434.0,26.7,702.8,Morning,Component_B,4.7,2.6,Good
102090,M030,2025-04-26,10.4,13.1,3.7,4,52.3,62.2,3.92,617.0,27,73174.0,24.4,425.6,Morning,Component_C,6.6,4.6,Good
102091,M027,2025-03-12,7.0,8.7,2.4,4,79.7,53.7,5.05,287.0,14,35656.0,15.7,361.8,Afternoon,Component_D,9.3,1.8,Good
102092,M010,2024-05-23,6.9,13.2,7.1,2,66.2,60.4,7.6,567.0,25,54384.0,35.4,554.4,Night,Component_A,7.7,4.7,Good
102093,M029,2025-12-14,7.9,10.4,4.7,6,98.5,62.1,3.14,496.0,24,51893.0,17.4,322.4,Night,Component_C,8.9,2.5,Good
102094,M015,2025-02-11,2.6,22.8,3.8,0,68.4,53.3,4.6,887.0,16,70294.0,43.7,623.8,Afternoon,Component_C,7.9,1.8,Good
102095,M029,2024-11-25,9.1,15.5,5.1,1,74.3,54.0,0.99,524.0,24,47002.0,40.2,666.0,Afternoon,Component_B,8.8,5.0,Good
102096,M026,2024-06-22,5.8,14.6,11.6,0,73.7,56.2,6.1,669.0,19,52365.0,25.8,513.3,Afternoon,Component_C,0.5,10.0,Good
102097,M009,2025-12-29,8.0,19.6,7.9,2,63.7,65.3,8.28,922.0,47,94135.0,39.1,997.9,Night,Component_C,3.3,6.0,Good
102098,M027,2024-08-20,2.8,11.5,7.9,1,77.5,51.9,5.53,381.0,9,36415.0,38.1,600.9,Night,Component_A,2.7,6.3,Good
102099,M027,2025-03-10,1.3,12.9,6.1,2,76.1,65.2,6.96,656.0,18,64546.0,37.3,541.5,Night,Component_B,2.4,5.4,Good
102100,M012,2025-12-23,8.5,16.3,5.4,8,84.3,57.3,6.56,700.0,28,57615.0,34.5,760.5,Night,Component_C,6.0,4.3,Good
102101,M016,2025-05-15,7.1,20.1,0.5,5,80.6,48.4,3.23,1033.0,45,111316.0,65.4,613.4,Afternoon,Component_B,1.7,0.1,Good
102102,M015,2025-11-01,3.3,18.0,3.3,2,74.2,54.6,5.08,829.0,26,48824.0,36.0,498.8,Afternoon,Component_D,3.2,1.5,Good
102103,M024,2025-06-25,3.4,17.0,3.8,1,62.2,44.9,5.39,707.0,21,64492.0,45.5,633.6,Afternoon,Component_D,5.7,3.8,Good
102104,M002,2024-10-16,9.4,16.3,0.5,2,62.5,42.9,2.4,692.0,19,64633.0,36.5,470.4,Night,Component_C,1.2,1.5,Good
102105,M019,2024-10-01,2.4,17.6,2.1,5,91.9,60.5,7.1,758.0,30,49024.0,52.9,716.9,Afternoon,Component_A,4.5,2.3,Average
102106,M007,2025-02-15,10.9,16.8,0.5,5,73.0,62.2,3.59,906.0,41,91290.0,37.7,554.9,Night,Component_A,7.9,2.5,Good
102107,M027,2024-01-06,3.3,11.9,4.9,2,96.9,54.7,4.11,551.0,18,,23.8,476.9,Afternoon,Component_B,2.3,3.0,Good
102108,M009,2024-05-24,7.9,16.2,7.0,4,62.2,55.4,4.03,674.0,26,69703.0,44.0,609.0,Afternoon,Component_B,8.4,6.1,Good
102109,M014,2024-04-10,5.0,11.7,7.8,1,98.3,49.8,4.57,488.0,20,60999.0,35.0,514.3,Morning,Component_C,3.6,4.5,Good
102110,M002,2025-08-25,7.8,16.3,6.0,1,60.7,56.5,9.77,731.0,37,73005.0,41.9,677.6,Night,Component_C,6.8,3.1,Good
102111,M010,2024-06-12,4.4,14.1,2.6,1,66.7,72.8,3.41,539.0,18,59069.0,41.3,499.0,Night,Component_D,2.7,1.8,Good
102112,M030,2025-05-27,5.5,24.0,0.5,5,77.3,64.1,1.72,940.0,28,108771.0,56.3,660.3,Morning,Component_D,7.4,0.9,Good
102113,M007,2024-05-23,6.1,15.8,0.6,2,84.0,54.3,4.79,769.0,36,78731.0,48.8,633.1,Morning,Component_A,5.1,1.2,Good
102114,M008,2025-03-27,3.0,10.4,1.8,4,80.1,53.5,2.95,439.0,9,36003.0,27.8,256.2,Night,Component_D,7.4,0.8,Good
102115,M006,2024-02-16,8.2,15.5,2.8,4,49.0,51.6,3.76,646.0,19,45477.0,29.3,759.9,Morning,Component_A,4.4,2.7,Good
102116,M006,2024-01-23,4.5,18.1,4.6,5,65.1,42.3,5.62,814.0,23,81901.0,59.4,773.4,Night,Component_A,7.7,1.4,Good
102117,M024,2024-07-13,5.3,22.7,2.5,4,58.3,50.7,2.54,906.0,29,80630.0,72.0,1026.2,Morning,Component_A,8.5,2.7,Good
102118,M027,2025-03-21,3.0,13.6,5.8,3,55.4,61.1,3.84,616.0,14,70380.0,46.6,417.3,Night,Component_C,6.4,3.5,Good
102119,M019,2024-03-25,1.0,9.7,4.4,3,71.8,46.6,5.03,405.0,2,35589.0,25.6,398.2,Morning,Component_C,4.6,1.4,Good
102120,M015,2024-12-09,5.4,19.3,5.0,3,46.7,52.5,3.1,499.0,16,47298.0,55.0,641.3,Night,Component_D,5.3,1.7,Good
102121,M024,2025-08-01,13.2,10.5,7.9,5,84.0,44.9,4.43,430.0,27,33374.0,33.9,437.9,Afternoon,Component_C,2.2,4.6,Good
102122,M013,2025-04-11,8.4,14.3,2.0,4,80.9,62.1,5.03,677.0,24,60823.0,23.0,446.0,Morning,Component_A,6.6,1.9,Good
102123,M028,2024-10-25,5.9,15.0,6.0,3,91.4,43.5,4.29,655.0,20,52962.0,49.9,571.8,Afternoon,Component_C,7.9,4.4,Good
102124,M030,2025-01-05,5.2,15.7,5.0,2,59.2,60.3,4.78,489.0,14,40209.0,32.1,433.9,Morning,Component_B,10.7,2.4,Good
102125,M027,2025-09-01,6.1,18.8,4.2,4,60.4,64.3,5.14,626.0,12,58974.0,30.3,702.5,Morning,Component_D,9.9,1.9,Good
102126,M010,2024-06-20,7.6,13.3,7.2,5,84.6,52.1,3.29,704.0,27,60471.0,26.3,345.6,Night,Component_A,3.1,5.9,Good
102127,M013,2024-08-19,2.5,14.9,7.2,1,85.5,48.8,1.86,620.0,11,83352.0,39.8,779.5,Night,Component_C,6.6,3.7,Good
102128,M001,2025-04-30,9.3,15.9,2.6,5,88.2,59.3,2.64,490.0,19,52694.0,25.4,643.2,Night,Component_C,5.6,2.6,Good
102129,M018,2025-06-21,8.1,16.6,4.5,5,85.8,69.4,2.34,764.0,25,85010.0,24.9,647.8,Night,Component_A,9.7,4.7,Good
102130,M029,2025-12-07,8.2,16.4,5.7,2,74.6,67.1,6.72,494.0,15,46108.0,45.6,728.3,Morning,Component_D,3.9,4.7,Good
102131,M016,2024-06-08,7.3,17.7,4.3,2,66.5,54.3,1.38,713.0,29,68866.0,42.6,503.2,Night,Component_C,8.6,1.7,Good
102132,M006,2024-02-12,6.1,,6.5,2,80.8,47.1,5.63,844.0,27,74741.0,61.9,628.2,Morning,Component_B,3.0,4.6,Good
102133,M002,2024-04-21,8.0,17.6,5.7,2,66.7,52.9,3.27,784.0,33,105343.0,35.5,759.6,Night,Component_B,5.7,5.1,Good
102134,M030,2025-04-02,7.8,17.8,9.6,4,73.3,39.8,6.36,846.0,32,78989.0,36.7,715.0,Morning,Component_A,3.3,4.8,Good
102135,M010,2025-04-02,4.9,9.7,1.2,3,67.4,50.0,3.74,475.0,14,40823.0,16.1,322.6,Afternoon,Component_C,0.5,0.7,Good
102136,M002,2024-08-28,4.3,16.2,4.7,1,75.2,59.1,4.56,711.0,18,59504.0,41.7,708.2,Night,Component_D,3.3,4.4,Good
102137,M003,2025-01-29,6.3,17.9,2.7,5,86.9,51.7,5.43,712.0,28,71222.0,39.9,736.2,Night,Component_B,5.2,2.8,Good
102138,M019,2024-04-27,10.6,18.9,6.5,2,67.8,49.6,6.76,721.0,35,83863.0,41.2,815.8,Night,Component_D,10.3,3.3,Average
102139,M004,2025-04-06,2.3,13.2,1.0,3,66.0,54.5,3.47,538.0,11,59882.0,31.9,547.4,Night,Component_C,2.7,1.1,Good
102140,M025,2025-04-23,1.6,13.4,5.9,0,70.7,52.6,3.39,648.0,21,54209.0,42.9,439.4,Night,Component_B,4.2,2.4,Good
102141,M009,2024-05-16,6.5,13.7,3.4,1,57.9,61.8,5.42,618.0,18,51471.0,23.4,525.3,Afternoon,Component_D,1.7,2.0,Good
102142,M011,2025-07-13,6.2,18.1,3.2,3,80.0,43.1,1.64,728.0,23,82769.0,46.1,431.3,Morning,Component_B,9.5,2.1,Good
102143,M018,2024-08-28,6.5,20.1,1.4,2,73.4,59.7,1.41,903.0,22,114248.0,38.0,694.7,Morning,Component_D,4.6,1.7,Good
102144,M018,2025-07-19,6.7,14.4,3.8,2,71.6,54.6,5.16,560.0,17,51982.0,27.7,532.3,Night,Component_B,5.0,3.5,Good
102145,M015,2024-05-06,5.3,19.6,7.7,3,75.9,58.9,5.7,975.0,28,110272.0,39.5,853.7,Afternoon,Component_A,5.0,5.4,Good
102146,M014,2025-09-24,10.5,16.5,4.9,2,54.3,42.5,5.1,862.0,27,62933.0,39.9,715.6,Night,Component_C,0.5,3.2,Good
102147,M013,2025-04-27,1.2,15.5,6.6,3,88.8,62.9,4.32,653.0,16,53773.0,38.6,498.1,Night,Component_A,1.6,3.9,Good
102148,M022,2024-12-19,3.5,15.2,9.2,5,65.8,59.9,3.53,485.0,6,38730.0,49.3,490.5,Night,Component_B,3.1,6.7,Good
102149,M014,2024-08-22,5.7,19.0,5.7,3,67.5,70.1,7.36,898.0,30,90863.0,62.4,932.1,Night,Component_D,7.8,3.6,Good
102150,M021,2025-07-21,1.1,17.3,3.6,5,82.4,47.5,7.59,887.0,26,81884.0,46.2,618.9,Morning,Component_A,0.5,2.4,Good
102151,M021,2024-12-03,5.5,24.0,6.2,4,79.3,49.7,4.69,856.0,21,84377.0,49.5,944.9,Night,Component_A,7.6,3.0,Good
102152,M007,2025-08-21,11.0,12.6,3.6,4,96.0,38.9,3.27,568.0,28,64347.0,39.5,580.0,Night,Component_C,7.0,1.6,Average
102153,M030,2025-02-17,6.1,18.1,3.7,4,60.4,47.6,2.68,713.0,26,60749.0,55.9,688.5,Night,Component_A,0.6,2.8,Good
102154,M009,2024-05-10,6.7,13.9,1.2,2,60.7,67.9,5.28,745.0,15,71825.0,43.0,524.7,Night,Component_C,5.0,1.1,Good
102155,M017,2024-03-01,2.2,12.5,7.3,2,57.6,57.7,2.29,491.0,16,36791.0,19.2,447.9,Afternoon,Component_B,9.5,5.8,Good
102156,M005,2025-05-05,4.2,16.0,4.0,5,73.6,48.5,2.33,628.0,19,70623.0,48.1,551.2,Afternoon,Component_A,2.8,3.9,Good
102157,M005,2024-09-15,4.9,16.5,5.5,5,68.8,56.2,3.63,518.0,15,57729.0,52.9,655.7,Morning,Component_B,4.3,4.2,Good
102158,M021,2025-02-02,5.0,24.0,2.4,1,63.7,54.4,5.41,1033.0,29,103742.0,65.0,572.1,Afternoon,Component_B,14.3,2.4,Good
102159,M009,2025-10-30,9.8,15.3,6.1,3,71.2,37.8,7.14,703.0,26,68050.0,45.9,556.8,Afternoon,Component_D,7.0,4.1,Good
102160,M011,2024-10-13,7.7,11.5,3.1,8,59.6,39.4,4.95,555.0,22,48486.0,35.1,502.1,Afternoon,Component_A,5.2,2.8,Good
102161,M006,2024-07-17,2.7,17.1,4.6,3,90.6,65.0,5.39,648.0,23,47995.0,43.0,713.2,Morning,Component_D,4.6,1.8,Good
102162,M016,2024-11-22,6.7,7.7,7.2,6,63.6,61.6,6.27,308.0,6,30672.0,24.1,392.9,Afternoon,Component_B,7.1,5.7,Good
102163,M008,2025-07-20,7.5,,7.0,1,65.1,41.6,6.1,628.0,32,66783.0,48.1,712.3,Morning,Component_D,8.1,5.7,Good
102164,M014,2024-04-01,9.4,16.1,4.9,3,43.4,53.9,3.51,803.0,27,100608.0,53.6,683.2,Morning,Component_A,0.5,3.9,Average
102165,M024,2024-08-15,10.7,19.2,0.6,2,52.3,48.6,6.07,646.0,40,57557.0,64.2,755.4,Afternoon,Component_D,0.5,1.5,Good
102166,M006,2024-04-19,3.0,19.9,12.0,1,64.9,64.8,6.36,760.0,27,75280.0,50.9,689.5,Night,Component_C,3.0,7.6,Good
102167,M006,2024-10-07,3.6,14.0,9.4,2,68.3,59.0,5.06,483.0,14,53959.0,21.9,595.6,Night,Component_D,5.5,7.4,Good
102168,M026,2025-07-15,2.2,15.4,6.8,3,80.6,45.1,4.75,613.0,18,68759.0,23.7,629.5,Night,Component_B,6.2,2.6,Good
102169,M014,2025-07-03,5.3,12.9,3.1,4,54.1,56.1,5.58,519.0,17,44459.0,43.6,462.2,Afternoon,Component_C,0.9,2.4,Good
102170,M008,2024-03-25,7.4,11.5,4.7,2,77.4,54.6,5.39,654.0,24,59391.0,25.0,372.0,Night,Component_B,5.4,5.1,Good
102171,M030,2025-11-22,9.0,17.2,3.6,2,79.5,54.7,1.15,646.0,24,56281.0,38.8,664.3,Afternoon,Component_D,5.8,1.9,Good
102172,M027,2024-12-05,5.8,,8.2,3,80.1,50.4,5.27,533.0,16,43425.0,26.6,526.6,Afternoon,Component_C,3.5,4.6,Good
102173,M001,2024-07-16,5.0,14.3,5.7,5,84.4,55.2,6.62,457.0,20,53503.0,29.1,566.0,Afternoon,Component_B,4.4,5.0,Good
102174,M025,2024-03-16,6.5,12.0,3.0,3,58.1,47.3,6.28,499.0,19,47874.0,32.2,471.7,Morning,Component_C,3.8,1.9,Good
102175,M013,2024-06-21,3.5,18.2,3.8,3,78.5,44.3,5.18,748.0,21,70227.0,55.9,760.2,Afternoon,Component_D,7.4,1.9,Good
102176,M027,2024-08-12,12.3,23.2,7.8,2,93.2,43.8,4.77,1092.0,72,107797.0,46.7,995.5,Morning,Component_D,6.0,4.7,Average
102177,M025,2025-09-03,1.2,10.8,9.0,1,88.8,45.6,3.79,388.0,11,37173.0,32.3,434.3,Morning,Component_B,2.6,0.8,Good
102178,M024,2025-09-15,6.6,8.6,8.8,3,94.7,58.8,4.29,344.0,14,31540.0,24.5,337.1,Afternoon,Component_A,8.9,2.4,Good
102179,M004,2024-01-19,12.1,15.5,6.9,4,74.9,59.0,5.81,436.0,21,36439.0,39.5,550.2,Morning,Component_D,1.9,7.8,Good
102180,M027,2025-10-06,6.0,16.1,4.4,2,64.9,68.1,5.19,679.0,15,80447.0,34.6,753.2,Morning,Component_B,0.9,2.5,Good
102181,M015,2024-08-24,5.4,16.9,0.5,1,41.6,52.9,6.13,,26,58783.0,54.8,595.3,Afternoon,Component_D,5.3,1.1,Good
102182,M027,2025-03-01,4.9,14.2,5.7,5,57.1,61.3,3.57,686.0,12,55595.0,32.7,728.0,Afternoon,Component_B,5.2,2.3,Good
102183,M017,2025-09-25,5.5,15.2,5.0,2,65.7,55.4,6.45,637.0,19,59745.0,34.2,607.4,Night,Component_A,6.2,1.6,Good
102184,M018,2024-04-02,10.1,17.5,5.3,2,67.9,57.7,3.39,859.0,43,109405.0,48.7,692.6,Morning,Component_C,2.5,3.7,Good
102185,M017,2025-06-25,1.0,20.2,5.1,5,62.5,62.3,4.87,758.0,13,62669.0,67.5,892.4,Afternoon,Component_C,8.7,2.6,Good
102186,M011,2025-08-10,10.6,8.2,1.7,1,76.1,60.2,3.49,370.0,22,39088.0,20.6,290.0,Afternoon,Component_B,11.1,1.2,Good
102187,M012,2024-05-18,1.7,14.5,6.4,3,74.3,56.0,4.32,606.0,13,55331.0,42.7,621.0,Afternoon,Component_B,5.9,4.5,Good
102188,M003,2024-12-05,5.2,16.9,6.6,6,72.5,49.5,8.16,644.0,25,63545.0,40.8,668.2,Afternoon,Component_D,6.9,5.4,Good
102189,M015,2024-10-11,4.7,12.3,6.7,4,81.4,57.5,5.42,,23,66497.0,23.8,517.2,Afternoon,Component_A,0.5,2.9,Good
102190,M025,2025-12-30,7.8,22.9,7.4,6,66.4,67.3,4.91,1095.0,34,75779.0,40.0,760.6,Morning,Component_D,,6.0,Good
102191,M006,2025-04-26,1.2,13.5,6.5,0,85.2,56.6,7.04,699.0,22,57007.0,23.9,440.6,Morning,Component_A,3.9,2.4,Good
102192,M005,2025-08-08,7.4,15.8,4.0,3,57.6,51.4,0.5,698.0,20,75817.0,24.4,383.6,Afternoon,Component_A,3.4,5.2,Good
102193,M008,2025-09-11,12.1,18.2,4.8,5,68.4,62.4,4.21,1003.0,42,96751.0,47.4,649.2,Night,Component_C,4.0,2.4,Good
102194,M010,2024-08-20,1.9,,5.2,3,75.8,42.5,3.6,752.0,18,73830.0,24.0,465.1,Night,Component_A,4.3,3.1,Good
102195,M003,2024-08-20,6.6,8.6,5.3,4,49.0,51.8,2.96,312.0,13,32969.0,27.8,294.1,Morning,Component_B,1.6,2.3,Good
102196,M012,2024-02-08,4.0,14.3,7.5,1,66.0,46.2,1.75,465.0,12,37970.0,49.6,538.2,Afternoon,Component_A,4.5,7.1,Good
102197,M028,2024-02-29,7.3,20.1,6.6,7,80.5,53.9,4.11,1100.0,39,121909.0,50.1,788.7,Morning,Component_A,2.9,3.8,Good
102198,M012,2025-08-30,6.1,14.7,10.2,2,66.9,66.2,5.75,701.0,27,75215.0,35.3,629.6,Afternoon,Component_B,8.4,6.3,Good
102199,M010,2024-08-13,4.1,12.6,10.5,4,50.1,60.8,4.24,567.0,11,55892.0,27.7,544.0,Afternoon,Component_C,7.0,8.7,Good
102200,M030,2025-08-31,7.5,19.7,5.2,4,61.4,38.2,5.94,803.0,26,81924.0,54.7,866.1,Night,Component_C,7.0,2.9,Good
102201,M019,2025-04-24,11.4,14.7,0.5,1,55.9,49.4,4.63,640.0,29,71984.0,39.9,662.8,Afternoon,Component_A,8.9,1.7,Good
102202,M021,2025-02-09,5.4,14.0,8.1,3,78.0,41.5,6.6,677.0,23,58285.0,30.6,573.6,Afternoon,Component_A,3.5,5.1,Good
102203,M017,2025-01-07,8.2,16.6,3.6,3,73.4,64.5,3.59,755.0,29,79215.0,36.3,654.5,Afternoon,Component_D,6.8,3.4,Good
102204,M014,2024-12-08,2.1,19.1,3.0,6,53.3,49.8,1.13,750.0,13,90874.0,53.3,872.0,Afternoon,Component_B,9.2,0.9,Good
102205,M007,2025-12-23,3.1,24.0,4.0,4,52.3,55.7,1.66,1248.0,21,130553.0,62.6,1051.3,Morning,Component_C,3.3,1.9,Good
102206,M019,2025-02-10,7.4,19.3,3.9,3,63.3,56.1,3.6,831.0,23,76173.0,56.7,519.4,Afternoon,Component_D,0.5,4.9,Good
102207,M011,2024-10-01,10.5,20.6,6.5,3,72.4,56.9,2.92,962.0,55,124842.0,69.7,775.3,Night,Component_A,3.9,4.3,Good
102208,M029,2024-01-22,7.1,14.0,1.1,3,63.9,30.0,3.44,687.0,15,67644.0,42.8,344.2,Morning,Component_A,8.9,0.9,Good
102209,M018,2025-09-30,5.1,11.9,2.3,3,76.2,58.3,6.55,664.0,25,77010.0,25.1,288.9,Night,Component_D,3.1,2.2,Good
102210,M007,2025-01-19,6.0,16.2,5.9,4,75.8,50.1,1.8,726.0,24,64380.0,48.9,561.6,Afternoon,Component_A,4.6,3.1,Good
102211,M017,2025-11-04,2.2,16.4,6.6,3,78.4,62.6,7.21,694.0,22,77046.0,39.4,610.8,Night,Component_B,3.7,1.5,Good
102212,M001,2024-01-26,7.8,11.7,6.6,1,55.0,56.8,3.05,656.0,24,56943.0,35.7,420.5,Morning,Component_D,5.4,5.3,Good
102213,M009,2025-05-30,8.6,15.3,3.0,4,68.7,60.7,2.26,721.0,35,71992.0,50.1,381.2,Night,Component_A,2.9,2.6,Good
102214,M007,2025-11-18,4.6,17.6,2.6,5,84.9,48.4,4.25,782.0,20,67173.0,35.2,787.1,Afternoon,Component_D,1.6,3.9,Good
102215,M014,2025-07-10,4.6,17.4,3.7,5,63.9,44.8,7.2,709.0,22,87574.0,34.4,572.0,Afternoon,Component_B,4.7,2.2,Good
102216,M016,2024-09-24,6.8,18.0,5.6,3,62.2,63.0,3.22,537.0,18,49234.0,42.6,768.1,Night,Component_C,5.2,2.4,Good
102217,M003,2024-04-01,4.7,17.2,8.7,3,66.1,60.1,3.42,760.0,12,59570.0,27.6,569.5,Afternoon,Component_B,9.3,3.1,Good
102218,M016,2024-10-19,5.8,14.0,0.5,5,65.8,57.0,3.54,450.0,11,43392.0,40.2,487.9,Morning,Component_C,6.2,0.9,Good
102219,M021,2025-01-21,12.3,13.9,4.4,3,73.5,57.0,6.57,320.0,19,32978.0,41.7,601.0,Morning,Component_D,2.5,2.3,Good
102220,M013,2025-10-29,5.3,11.2,1.7,2,65.0,58.8,3.7,407.0,12,38503.0,24.5,404.9,Morning,Component_D,3.8,2.0,Good
102221,M018,2024-05-09,4.9,23.1,0.9,3,47.8,43.4,5.3,797.0,28,65992.0,56.1,919.1,Night,Component_B,8.1,1.3,Good
102222,M029,2025-04-29,4.1,16.1,7.4,1,86.2,64.7,4.72,639.0,25,70648.0,43.2,655.7,Night,Component_A,4.7,4.9,Good
102223,M021,2024-04-20,8.2,15.1,6.4,4,78.1,53.6,4.3,637.0,27,72546.0,24.9,417.8,Morning,Component_D,2.7,5.6,Good
102224,M009,2025-03-03,5.5,12.3,6.1,5,73.8,53.9,3.6,584.0,19,41044.0,35.9,525.4,Night,Component_A,6.2,4.2,Good
102225,M026,2024-08-21,4.1,24.0,7.3,3,70.9,51.2,8.04,1003.0,33,82090.0,61.3,740.2,Morning,Component_C,3.6,3.7,Average
102226,M029,2025-12-13,10.0,11.7,3.8,3,68.1,32.8,9.53,372.0,24,34450.0,32.2,360.6,Afternoon,Component_A,7.4,3.3,Good
102227,M029,2024-02-06,10.3,14.3,3.9,1,62.4,60.2,2.91,585.0,22,50916.0,42.2,480.9,Night,Component_A,7.1,2.4,Good
102228,M005,2025-07-19,4.2,17.7,10.5,2,49.5,46.0,2.57,684.0,18,70376.0,50.5,796.3,Morning,Component_A,2.6,4.4,Good
102229,M013,2024-04-14,1.0,18.4,4.4,2,91.5,56.0,4.57,920.0,25,112785.0,31.1,465.6,Morning,Component_C,11.4,3.1,Good
102230,M017,2024-12-04,9.0,19.8,6.8,6,72.3,47.6,0.5,772.0,29,68929.0,60.7,873.5,Morning,Component_D,5.6,4.5,Good
102231,M027,2024-07-08,3.9,23.2,5.0,5,52.7,51.9,4.59,828.0,28,98243.0,63.1,952.4,Night,Component_D,0.5,1.4,Good
102232,M024,2025-10-26,8.4,18.0,0.5,4,59.7,51.4,8.11,652.0,33,47580.0,52.7,711.5,Afternoon,Component_B,7.1,2.0,Good
102233,M015,2025-11-22,1.0,11.8,0.5,6,75.7,47.4,3.42,529.0,9,53872.0,23.9,473.7,Night,Component_B,0.5,0.1,Good
102234,M015,2024-07-09,8.7,15.0,3.6,4,75.4,53.0,6.44,625.0,26,53800.0,29.1,552.6,Morning,Component_C,9.1,2.3,Good
102235,M006,2024-02-25,2.4,17.2,7.6,1,63.0,50.7,7.14,713.0,21,72841.0,54.2,752.3,Night,Component_C,6.2,7.2,Good
102236,M018,2024-04-23,8.2,24.0,7.0,6,59.1,45.6,2.95,1157.0,39,79426.0,54.7,846.5,Afternoon,Component_A,5.6,2.6,Good
102237,M027,2024-01-26,6.0,10.4,7.3,2,65.1,65.6,4.82,377.0,11,28546.0,27.6,272.0,Afternoon,Component_D,5.7,6.5,Good
102238,M022,2024-04-19,3.1,20.8,2.5,2,48.8,47.8,5.14,1007.0,32,102845.0,54.1,783.8,Night,Component_B,7.5,1.2,Good
102239,M016,2025-03-26,4.8,16.7,9.0,3,66.3,60.1,5.81,707.0,20,60484.0,44.6,751.3,Afternoon,Component_C,4.3,1.5,Good
102240,M009,2024-06-01,8.1,19.4,2.6,5,66.4,61.0,5.94,929.0,30,83752.0,31.8,829.8,Night,Component_B,5.7,2.6,Good
102241,M003,2025-11-04,6.3,15.6,5.5,3,90.3,63.3,6.52,620.0,28,75977.0,32.8,831.8,Night,Component_D,6.1,1.3,Good
102242,M030,2025-05-15,7.8,12.6,5.0,3,66.6,50.1,3.09,531.0,17,51541.0,20.6,468.9,Afternoon,Component_D,0.5,4.8,Good
102243,M005,2025-09-05,11.9,19.0,4.6,1,75.0,53.2,4.81,669.0,36,72602.0,46.7,721.4,Morning,Component_C,7.5,5.2,Good
102244,M007,2025-04-16,1.3,18.6,8.3,2,91.2,53.5,7.17,970.0,43,81103.0,61.5,674.7,Night,Component_C,8.0,5.9,Good
102245,M026,2024-12-26,10.9,19.9,3.2,3,59.2,59.7,7.36,829.0,41,62077.0,45.3,654.4,Morning,Component_A,7.1,2.3,Good
102246,M013,2025-06-20,6.3,15.9,1.6,1,64.5,52.8,4.91,601.0,18,56367.0,48.7,556.6,Afternoon,Component_D,6.9,3.1,Good
102247,M002,2024-07-11,3.3,13.6,5.0,1,65.5,59.1,3.54,467.0,10,33924.0,28.2,410.4,Morning,Component_B,10.5,3.5,Good
102248,M011,2025-01-01,2.0,9.8,4.0,4,51.9,52.7,6.36,401.0,13,33893.0,31.5,196.6,Night,Component_B,5.6,3.4,Good
102249,M029,2024-06-11,5.4,19.3,12.0,2,68.9,65.1,5.47,808.0,20,79642.0,45.1,654.6,Afternoon,Component_C,5.7,5.7,Good
102250,M001,2024-09-28,8.8,17.7,6.7,4,86.0,54.9,5.43,579.0,21,54039.0,39.1,693.5,Night,Component_D,3.8,6.0,Good
102251,M005,2025-06-27,5.6,12.1,4.0,4,82.1,53.8,5.9,460.0,23,46008.0,35.0,532.1,Afternoon,Component_C,0.5,2.8,Good
102252,M004,2024-08-26,10.5,13.8,2.4,1,86.2,58.1,2.79,443.0,19,46074.0,34.9,481.8,Night,Component_C,7.1,2.2,Average
102253,M015,2025-01-23,1.6,14.1,0.5,3,64.4,69.7,6.02,475.0,7,36605.0,30.7,475.4,Morning,Component_C,4.1,0.5,Good
102254,M025,2024-01-10,6.0,10.1,2.4,3,58.4,49.6,4.78,383.0,12,30974.0,16.3,479.1,Night,Component_D,0.5,3.3,Good
102255,M010,2024-11-23,2.2,12.7,5.3,1,99.1,64.4,6.55,,17,33716.0,23.3,351.8,Morning,Component_A,5.5,1.9,Average
102256,M004,2025-08-13,7.1,11.5,8.6,3,74.6,47.6,4.54,439.0,15,39265.0,35.0,436.2,Night,Component_A,5.4,4.4,Good
102257,M007,2024-12-10,8.7,14.4,7.8,2,52.7,55.4,5.55,647.0,25,68615.0,48.1,674.9,Night,Component_C,,5.0,Good
102258,M005,2025-01-30,4.7,,5.6,5,102.7,47.8,5.32,429.0,22,50351.0,23.9,429.7,Night,Component_A,6.2,4.6,Good
102259,M015,2024-03-30,1.0,9.5,4.2,5,70.9,51.7,3.52,464.0,6,45406.0,25.1,246.5,Night,Component_B,1.1,4.2,Good
102260,M029,2025-03-27,6.6,24.0,5.7,6,40.0,48.9,2.88,965.0,34,111552.0,37.6,1200.0,Night,Component_B,8.7,5.3,Good
102261,M005,2025-03-22,7.3,21.0,3.7,3,89.5,61.3,5.95,822.0,39,82823.0,43.7,946.9,Afternoon,Component_C,7.0,3.6,Good
102262,M013,2025-02-13,7.2,12.9,9.3,2,44.3,50.5,2.96,543.0,25,52460.0,30.9,590.3,Morning,Component_A,9.5,3.3,Good
102263,M006,2025-03-19,9.7,17.1,4.5,1,75.5,59.8,3.9,654.0,26,56133.0,50.8,657.0,Morning,Component_A,4.1,1.9,Good
102264,M024,2025-07-26,2.8,17.7,4.8,2,82.1,50.3,3.84,615.0,14,36422.0,28.1,768.9,Afternoon,Component_C,7.0,4.2,Good
102265,M020,2025-02-02,8.0,20.8,0.5,1,80.2,55.0,5.16,736.0,24,83424.0,63.7,392.0,Night,Component_A,0.5,2.3,Good
102266,M016,2024-01-05,9.6,12.7,4.5,3,90.7,68.1,5.72,419.0,26,39470.0,24.2,457.4,Morning,Component_B,3.2,4.5,Good
102267,M009,2025-11-02,1.0,20.4,7.1,4,84.2,48.3,1.7,845.0,26,97872.0,61.6,931.8,Afternoon,Component_B,1.6,3.4,Good
102268,M006,2024-04-05,7.0,13.8,2.3,4,94.3,48.5,3.19,660.0,36,53299.0,38.0,384.3,Afternoon,Component_D,6.5,3.3,Good
102269,M008,2025-06-07,4.5,10.7,3.1,1,70.9,52.8,3.11,496.0,10,65190.0,23.3,387.1,Afternoon,Component_B,2.4,2.8,Good
102270,M004,2024-12-09,5.8,18.9,7.0,1,67.0,54.8,4.09,743.0,31,67812.0,55.7,778.1,Morning,Component_B,4.4,1.4,Good
102271,M009,2025-09-12,7.0,21.2,1.3,5,67.8,60.6,0.91,924.0,28,78186.0,41.8,686.6,Afternoon,Component_C,5.7,2.7,Good
102272,M011,2025-05-03,4.5,24.0,7.6,3,88.5,55.4,6.54,1264.0,55,116013.0,46.5,922.4,Afternoon,Component_A,4.5,7.5,Good
102273,M011,2024-07-26,4.0,11.2,3.7,0,64.3,57.2,4.61,447.0,8,43608.0,18.2,468.2,Morning,Component_A,1.8,2.5,Average
102274,M016,2025-06-11,6.1,18.8,4.0,8,82.2,44.6,4.26,744.0,21,,43.0,772.0,Afternoon,Component_D,10.7,2.3,Good
102275,M009,2024-11-02,2.7,14.4,2.2,2,61.7,57.7,5.86,606.0,17,52886.0,24.4,506.4,Morning,Component_B,6.1,1.2,Good
102276,M001,2025-12-27,2.7,19.1,5.9,5,61.9,58.0,5.43,727.0,10,49398.0,44.7,604.5,Night,Component_A,10.7,1.5,Good
102277,M001,2025-06-27,,10.1,11.1,3,86.2,61.0,5.41,381.0,13,31598.0,15.3,431.8,Morning,Component_B,2.6,7.5,Good
102278,M007,2025-09-18,2.6,10.9,7.0,2,77.2,52.0,4.47,335.0,8,37224.0,19.7,449.0,Morning,Component_C,4.6,3.2,Good
102279,M003,2025-09-29,8.0,12.9,2.8,7,46.1,54.9,4.69,638.0,21,52191.0,43.4,536.1,Night,Component_C,6.0,3.5,Good
102280,M007,2024-08-15,7.4,16.3,7.8,0,61.8,61.4,6.02,766.0,34,53042.0,50.4,649.1,Afternoon,Component_C,10.3,5.6,Good
102281,M001,2024-08-16,1.0,13.4,4.2,3,41.1,45.5,5.46,714.0,20,56526.0,26.4,547.7,Afternoon,Component_D,,2.4,Good
102282,M001,2025-01-21,4.0,18.6,8.4,4,67.5,38.8,7.61,932.0,20,87301.0,54.6,845.3,Afternoon,Component_B,4.4,5.5,Good
102283,M007,2025-01-05,9.6,20.1,7.0,4,68.7,45.0,4.75,869.0,31,72659.0,57.0,832.8,Morning,Component_D,3.6,2.7,Good
102284,M004,2024-12-13,3.1,18.4,0.5,4,66.3,49.2,5.67,585.0,11,53119.0,34.1,719.8,Night,Component_B,5.7,0.6,Good
102285,M018,2025-07-10,4.6,22.5,2.5,8,86.5,64.7,4.28,797.0,25,66169.0,50.4,769.4,Night,Component_C,9.3,2.4,Good
102286,M021,2024-01-24,7.4,17.7,7.4,4,77.0,73.3,5.08,741.0,32,81618.0,58.9,883.6,Afternoon,Component_A,6.2,6.9,Good
102287,M005,2024-01-13,8.4,11.1,5.4,2,,46.8,5.18,418.0,24,42788.0,33.0,338.9,Afternoon,Component_A,6.7,5.2,Average
102288,M014,2025-05-31,5.2,21.5,2.4,1,78.4,54.2,3.7,688.0,26,88249.0,64.9,792.5,Afternoon,Component_D,9.3,1.5,Good
102289,M020,2025-08-15,4.2,13.6,3.4,2,78.6,50.3,3.34,513.0,20,45798.0,35.7,469.8,Night,Component_D,8.8,1.8,Good
102290,M015,2024-06-26,10.3,19.6,0.5,0,75.3,59.3,5.65,830.0,38,75303.0,55.5,478.9,Afternoon,Component_A,9.0,2.5,Good
102291,M025,2025-04-04,11.2,22.3,4.8,4,68.8,57.5,5.32,1111.0,56,125268.0,56.1,932.9,Night,Component_B,7.9,4.6,Good
102292,M018,2025-01-09,8.9,17.8,10.5,3,64.2,47.1,7.14,645.0,17,65058.0,53.1,665.3,Morning,Component_B,10.1,5.5,Good
102293,M004,2025-11-19,6.3,10.0,7.0,1,69.2,49.4,4.51,438.0,13,35424.0,29.7,395.2,Afternoon,Component_D,2.4,4.5,Good
102294,M002,2025-02-05,3.6,12.3,10.5,3,69.7,53.7,2.71,454.0,7,46919.0,19.2,457.0,Morning,Component_B,12.7,3.3,Good
102295,M011,2024-10-15,3.5,21.3,7.2,6,70.9,66.1,4.52,854.0,21,86210.0,58.9,944.8,Night,Component_D,9.2,2.5,Good
102296,M026,2024-07-04,7.6,15.3,7.6,4,79.6,49.1,5.89,668.0,24,45486.0,42.2,704.5,Morning,Component_D,5.5,3.8,Good
102297,M020,2025-05-17,7.3,16.3,9.9,1,75.6,41.0,0.68,841.0,33,71679.0,26.6,490.4,Morning,Component_A,9.3,2.2,Good
102298,M015,2024-06-10,10.2,19.0,5.9,1,65.8,66.7,4.49,552.0,27,54016.0,44.1,1010.7,Afternoon,Component_C,5.0,4.5,Good
102299,M006,2025-04-02,8.0,18.8,4.5,3,63.1,59.5,5.7,741.0,34,86470.0,62.0,694.3,Afternoon,Component_D,7.4,2.6,Good
102300,M005,2024-01-31,1.5,17.1,7.6,3,74.7,44.5,4.92,747.0,18,78786.0,58.3,733.2,Night,Component_A,7.8,3.2,Good
102301,M011,2024-03-19,9.2,15.2,8.6,7,60.9,57.8,3.85,643.0,22,55645.0,46.6,617.9,Night,Component_C,8.6,7.2,Good
102302,M010,2024-10-09,3.0,14.7,3.8,5,66.9,62.3,2.34,531.0,7,44804.0,26.5,577.0,Night,Component_C,4.6,3.5,Good
102303,M013,2024-07-05,4.8,19.4,3.2,7,65.6,55.8,4.48,782.0,16,83647.0,43.6,833.2,Night,Component_B,8.7,2.7,Good
102304,M016,2025-06-22,6.8,18.2,5.3,3,101.1,67.3,2.3,741.0,34,43426.0,33.9,897.1,Morning,Component_A,4.7,5.1,Good
102305,M010,2025-01-09,12.0,15.0,7.1,2,56.7,60.0,5.71,753.0,34,62413.0,42.1,687.2,Night,Component_D,8.2,4.1,Good
102306,M006,2025-01-19,15.0,20.3,7.0,4,62.5,57.7,4.61,868.0,36,100809.0,61.8,761.9,Morning,Component_C,5.9,3.5,Good
102307,M002,2024-03-16,7.8,15.5,1.4,2,65.3,56.8,7.19,652.0,31,64843.0,50.6,594.2,Night,Component_D,0.5,1.7,Average
102308,M001,2025-12-08,5.5,12.6,9.8,6,66.6,56.2,0.98,484.0,12,40472.0,40.6,433.0,Afternoon,Component_B,3.8,5.7,Good
102309,M005,2025-02-10,7.6,13.0,3.4,3,84.0,62.9,3.89,568.0,24,43718.0,22.1,583.6,Night,Component_B,8.5,2.2,Good
102310,M030,2025-08-21,8.7,12.1,4.3,1,68.9,53.7,5.82,482.0,12,51861.0,21.2,534.3,Morning,Component_A,5.1,3.9,Good
102311,M011,2024-05-02,5.0,14.9,2.7,2,56.1,63.5,6.56,541.0,19,52026.0,49.5,535.4,Morning,Component_B,9.6,0.5,Good
102312,M003,2025-04-12,11.4,20.9,11.7,6,89.2,57.8,5.89,765.0,42,70165.0,66.6,1038.8,Morning,Component_A,2.4,7.7,Good
102313,M003,2024-07-09,6.7,12.8,5.6,4,75.2,56.0,2.78,468.0,13,47085.0,31.0,609.8,Morning,Component_B,8.1,4.8,Good
102314,M010,2024-09-11,7.5,16.8,2.9,3,77.0,52.2,3.63,770.0,26,75051.0,39.6,898.5,Morning,Component_A,5.9,4.2,Good
102315,M030,2024-07-30,8.0,13.4,7.2,4,79.8,52.3,0.5,505.0,16,48641.0,34.9,440.5,Morning,Component_B,5.3,6.9,Good
102316,M005,2024-10-10,7.3,15.0,6.9,3,57.2,57.9,4.58,647.0,26,48614.0,40.4,572.6,Morning,Component_C,2.5,4.7,Good
102317,M003,2024-10-06,8.5,10.0,4.5,4,71.9,64.1,6.59,366.0,14,29135.0,20.1,381.3,Night,Component_D,6.6,4.9,Good
102318,M022,2024-10-04,4.1,15.1,7.1,2,81.9,59.5,4.51,628.0,21,66709.0,34.8,896.5,Night,Component_D,3.0,2.0,Good
102319,M027,2025-04-14,4.3,15.2,2.9,7,64.3,48.6,5.54,656.0,16,67822.0,41.6,587.4,Night,Component_D,4.1,1.8,Good
102320,M023,2024-06-16,2.7,18.2,3.8,3,75.7,40.6,5.49,690.0,17,69505.0,34.8,881.2,Afternoon,Component_A,5.6,1.8,Good
102321,M006,2024-07-21,7.3,16.9,0.5,4,78.5,61.7,3.93,768.0,28,66203.0,59.1,796.7,Morning,Component_C,4.9,0.7,Good
102322,M010,2024-04-05,8.3,11.2,1.7,6,54.5,79.1,0.5,387.0,16,41207.0,23.1,434.7,Night,Component_A,9.1,3.5,Good
102323,M008,2025-12-28,7.4,20.3,9.5,4,59.6,52.5,6.91,1052.0,49,94090.0,52.9,795.2,Afternoon,Component_A,0.5,3.5,Good
102324,M004,2025-09-07,11.0,16.8,9.1,2,44.6,50.8,5.28,727.0,35,83258.0,43.8,730.7,Afternoon,Component_A,5.5,7.7,Good
102325,M006,2025-10-22,6.0,16.8,5.2,6,74.7,62.4,2.25,734.0,14,61507.0,40.4,819.5,Morning,Component_B,4.9,2.4,Good
102326,M027,2025-01-18,8.0,16.0,9.2,2,94.6,47.3,5.17,515.0,26,44867.0,31.7,602.0,Afternoon,Component_C,6.0,2.9,Average
102327,M013,2025-11-09,2.7,13.9,4.6,3,63.7,68.5,4.86,545.0,16,50537.0,36.6,477.0,Night,Component_B,4.4,3.5,Good
102328,M019,2024-04-18,4.8,16.9,4.4,2,69.7,58.7,6.86,859.0,31,92522.0,28.4,777.8,Morning,Component_A,9.1,3.5,Good
102329,M010,2024-12-03,8.1,17.9,5.1,4,84.2,54.8,5.35,724.0,34,68399.0,40.7,532.2,Night,Component_C,5.2,4.1,Average
102330,M012,2024-02-27,8.5,9.0,4.7,6,75.2,48.0,5.36,402.0,13,38417.0,17.5,377.2,Night,Component_D,6.4,3.5,Good
102331,M012,2024-07-16,5.1,13.8,4.5,2,60.3,62.9,4.86,441.0,12,39305.0,24.1,651.6,Afternoon,Component_C,8.7,2.3,Good
102332,M023,2025-11-15,5.8,15.0,7.9,2,90.3,51.0,3.11,461.0,23,45649.0,50.3,633.2,Morning,Component_A,6.2,7.3,Average
102333,M029,2025-10-01,1.4,17.0,5.4,6,74.4,61.4,5.71,747.0,9,70172.0,49.3,571.7,Afternoon,Component_B,2.2,0.6,Good
102334,M006,2024-11-30,4.9,20.8,6.8,2,69.2,58.6,4.45,803.0,23,66838.0,38.2,633.6,Afternoon,Component_C,4.7,4.5,Good
102335,M012,2025-05-11,8.7,12.9,7.6,1,70.2,66.6,2.78,445.0,23,43125.0,43.8,630.1,Night,Component_C,5.6,7.5,Good
102336,M006,2024-11-13,7.7,14.0,6.0,6,79.1,56.4,3.31,631.0,28,61372.0,27.0,527.7,Night,Component_C,1.1,3.7,Good
102337,M003,2024-06-14,7.5,13.9,2.6,4,64.6,83.0,2.45,663.0,27,86354.0,27.4,443.0,Afternoon,Component_D,3.9,1.9,Good
102338,M016,2025-07-29,6.1,12.8,1.6,4,90.9,60.0,6.41,561.0,24,48153.0,22.6,615.2,Night,Component_D,5.8,1.2,Good
102339,M016,2025-09-11,6.0,14.6,5.4,2,87.1,56.3,8.06,624.0,39,51423.0,43.2,660.4,Afternoon,Component_B,12.0,4.6,Good
102340,M030,2025-01-15,4.0,19.1,4.6,1,72.1,51.5,6.58,855.0,32,84804.0,50.5,573.1,Morning,Component_C,7.1,2.3,Good
102341,M001,2025-09-19,8.1,11.8,5.2,4,72.7,62.9,5.18,587.0,27,47023.0,19.1,702.0,Night,Component_D,6.5,3.8,Good
102342,M002,2024-12-09,7.3,17.7,5.0,5,61.8,51.7,4.38,708.0,29,55864.0,27.4,610.7,Night,Component_A,11.1,2.5,Good
102343,M027,2025-12-11,7.5,9.2,11.5,5,64.4,48.0,3.98,470.0,12,34520.0,23.6,422.3,Afternoon,Component_B,7.8,9.0,Good
102344,M030,2025-12-15,4.4,13.8,1.7,2,58.4,50.8,2.72,487.0,9,40607.0,38.7,752.5,Afternoon,Component_A,8.2,1.3,Good
102345,M011,2025-08-12,1.0,14.7,0.5,2,69.6,53.3,8.0,512.0,16,42881.0,46.2,665.1,Night,Component_C,4.8,0.1,Good
102346,M026,2025-02-07,9.3,22.7,5.8,3,72.7,75.2,2.64,1154.0,42,87417.0,55.8,928.3,Morning,Component_A,2.2,3.4,Good
102347,M026,2025-06-23,4.6,14.9,4.1,7,52.9,57.6,2.97,554.0,14,50550.0,42.5,404.7,Night,Component_A,6.8,2.2,Good
102348,M003,2024-08-17,3.4,7.2,5.8,3,80.3,49.1,4.15,172.0,2,10236.0,21.4,398.0,Afternoon,Component_D,11.5,3.3,Good
102349,M028,2025-05-20,8.1,8.0,6.5,5,61.5,64.8,4.3,326.0,6,33375.0,21.8,375.6,Morning,Component_B,10.5,4.5,Good
102350,M029,2024-07-19,4.8,16.1,8.2,4,76.9,56.7,5.58,793.0,21,68712.0,35.5,439.2,Morning,Component_B,8.0,8.4,Good
102351,M011,2024-01-20,9.2,18.5,1.2,2,81.7,66.7,3.29,737.0,31,65485.0,32.6,950.0,Morning,Component_B,3.9,1.3,Good
102352,M017,2024-04-16,7.9,,3.6,0,87.7,72.2,0.92,549.0,35,56988.0,48.9,689.4,Afternoon,Component_C,1.3,3.5,Good
102353,M011,2025-04-13,8.1,16.7,6.1,4,85.2,41.6,4.08,666.0,30,66984.0,50.7,613.7,Night,Component_B,3.5,3.4,Average
102354,M014,2024-01-22,1.9,20.6,6.9,0,91.9,33.6,4.2,803.0,31,68698.0,38.7,692.3,Night,Component_B,6.7,4.2,Good
102355,M024,2024-07-23,9.6,13.8,10.5,1,81.8,72.9,4.06,550.0,14,55977.0,34.4,562.5,Morning,Component_D,4.6,8.8,Average
102356,M016,2024-02-16,6.8,19.6,7.4,1,74.0,48.8,4.03,738.0,25,87256.0,45.0,885.1,Night,Component_D,9.0,3.5,Good
102357,M025,2024-01-25,4.9,9.5,4.9,6,,39.7,3.87,364.0,11,29053.0,18.2,333.2,Afternoon,Component_A,1.5,3.8,Good
102358,M023,2024-05-29,6.4,12.4,2.8,2,70.6,50.3,2.12,550.0,19,58469.0,24.7,496.7,Night,Component_D,5.6,1.9,Good
102359,M027,2025-09-05,1.0,8.8,3.6,7,91.6,46.3,7.13,319.0,8,24979.0,17.4,574.4,Afternoon,Component_A,3.7,0.7,Good
102360,M007,2024-11-12,7.2,14.9,3.5,4,69.6,48.0,7.03,681.0,31,76702.0,34.8,637.3,Morning,Component_D,9.0,1.7,Good
102361,M003,2025-11-22,2.9,15.8,6.6,6,71.9,62.7,7.01,660.0,24,55652.0,36.0,728.3,Morning,Component_D,7.6,5.2,Good
102362,M025,2024-04-28,1.9,16.5,5.6,5,89.7,51.8,2.37,645.0,16,54018.0,43.0,504.3,Afternoon,Component_A,3.5,3.9,Good
102363,M029,2024-05-27,1.4,16.2,1.7,1,69.2,40.4,5.23,587.0,10,65884.0,27.3,442.5,Morning,Component_D,8.6,1.6,Good
102364,M009,2024-07-26,9.3,12.3,3.9,4,62.5,55.3,3.74,474.0,16,50160.0,32.7,630.1,Night,Component_B,1.1,2.3,Good
102365,M021,2024-01-20,4.1,15.2,7.2,3,85.6,47.3,3.64,485.0,11,41135.0,23.5,729.2,Night,Component_B,0.6,4.2,Good
102366,M007,2025-09-08,10.6,10.0,5.9,5,62.1,52.8,2.83,555.0,27,53785.0,20.1,538.3,Night,Component_C,3.3,3.5,Good
102367,M013,2025-09-09,4.4,21.5,6.4,1,76.8,53.3,9.12,821.0,44,69252.0,53.8,812.1,Afternoon,Component_A,0.5,5.6,Good
102368,M001,2024-12-23,1.0,14.8,6.0,3,74.7,62.6,4.05,537.0,12,38185.0,42.5,712.9,Night,Component_C,5.7,3.8,Good
102369,M022,2025-11-15,2.7,14.0,9.1,5,75.8,50.5,2.84,594.0,13,58117.0,42.6,251.3,Morning,Component_B,5.8,6.3,Good
102370,M010,2024-02-06,9.7,22.4,5.6,3,43.0,61.3,4.75,947.0,40,84902.0,35.2,967.6,Night,Component_D,4.8,5.0,Good
102371,M001,2024-05-22,5.5,11.0,4.0,0,81.4,40.6,5.87,434.0,21,35073.0,28.3,519.9,Night,Component_C,7.6,3.4,Average
102372,M026,2024-05-16,4.4,11.5,2.7,2,71.3,63.1,4.25,406.0,14,46516.0,25.4,382.5,Afternoon,Component_B,3.8,2.4,Good
102373,M014,2025-09-04,6.5,11.6,5.6,2,79.4,66.7,4.94,500.0,12,40660.0,33.5,551.8,Morning,Component_B,2.1,1.9,Good
102374,M006,2024-06-20,7.5,15.7,0.5,3,78.0,52.9,6.3,579.0,23,56255.0,32.5,589.0,Night,Component_C,3.6,2.5,Average
102375,M022,2025-10-16,9.4,17.7,4.5,4,75.8,47.6,2.78,958.0,32,106528.0,52.9,680.1,Morning,Component_D,2.3,4.5,Good
102376,M023,2025-07-09,10.3,19.0,4.5,4,67.2,45.3,4.82,732.0,32,66729.0,51.4,703.3,Afternoon,Component_A,4.2,2.4,Good
102377,M030,2025-09-23,4.9,24.0,1.6,3,67.4,54.8,3.35,705.0,19,59211.0,73.9,1200.0,Afternoon,Component_C,7.8,1.4,Good
102378,M023,2025-09-21,2.0,7.0,2.7,0,71.3,65.9,3.11,342.0,6,34017.0,24.3,244.6,Night,Component_D,0.7,2.9,Good
102379,M011,2025-01-30,4.8,18.4,7.0,2,74.1,51.2,7.65,681.0,31,69350.0,61.0,623.9,Night,Component_A,5.0,3.4,Good
102380,M026,2024-08-26,6.8,13.8,5.6,2,66.9,65.0,4.34,621.0,15,67160.0,37.1,443.4,Morning,Component_A,8.9,4.5,Good
102381,M015,2024-06-01,3.1,13.7,5.3,9,83.3,44.6,2.59,682.0,8,83932.0,45.0,486.4,Night,Component_B,9.2,2.5,Good
102382,M012,2024-07-20,3.1,13.5,5.8,3,68.1,51.8,4.3,523.0,8,46098.0,24.4,540.3,Afternoon,Component_C,4.0,3.5,Good
102383,M019,2024-02-19,7.0,12.4,5.2,5,60.2,54.6,2.32,503.0,12,49263.0,19.7,548.5,Afternoon,Component_A,12.6,2.8,Good
102384,M007,2024-05-18,5.9,22.7,8.1,3,79.1,56.9,4.11,1112.0,30,84469.0,58.3,737.6,Afternoon,Component_B,2.8,5.0,Good
102385,M027,2024-12-04,6.1,19.4,5.3,4,94.6,52.0,3.28,942.0,40,98906.0,66.9,807.3,Afternoon,Component_A,,2.8,Average
102386,M026,2024-10-05,3.7,16.1,1.4,2,58.0,66.2,5.42,663.0,18,64812.0,47.0,698.0,Afternoon,Component_A,2.5,0.5,Good
102387,M018,2024-03-28,5.3,21.4,9.1,0,70.5,66.4,7.99,1179.0,52,108845.0,45.2,664.1,Night,Component_A,7.3,3.8,Good
102388,M028,2025-10-16,3.2,9.9,5.9,1,84.8,53.4,4.19,320.0,6,27433.0,28.1,387.6,Morning,Component_B,14.4,3.0,Good
102389,M011,2025-07-28,8.7,10.7,3.5,0,78.8,50.3,3.35,418.0,10,37525.0,16.9,416.7,Night,Component_A,11.5,4.0,Good
102390,M002,2025-10-21,9.1,7.3,1.9,2,79.5,49.6,4.66,247.0,7,24341.0,17.8,299.9,Night,Component_B,8.5,1.9,Good
102391,M017,2024-12-10,1.0,13.2,6.0,5,72.4,64.3,7.18,665.0,17,53537.0,26.1,447.6,Morning,Component_B,4.2,1.9,Good
102392,M029,2024-09-04,3.2,16.6,4.7,3,40.1,49.0,5.43,705.0,15,63727.0,26.5,619.2,Night,Component_A,5.5,2.9,Good
102393,M014,2025-06-05,1.5,16.4,8.9,3,75.1,41.8,4.25,570.0,5,54293.0,32.8,630.3,Morning,Component_A,9.3,4.3,Good
102394,M029,2025-09-15,4.0,16.6,4.1,2,76.5,43.2,0.78,577.0,16,41490.0,48.9,886.3,Afternoon,Component_B,8.2,2.4,Good
102395,M018,2024-08-29,5.7,10.4,2.9,1,85.5,61.0,4.41,323.0,13,25591.0,27.1,410.3,Afternoon,Component_A,6.2,1.3,Good
102396,M015,2025-03-20,1.7,19.2,7.2,3,63.0,42.7,5.9,862.0,18,73356.0,29.7,938.6,Afternoon,Component_C,6.4,4.2,Good
102397,M028,2025-04-21,3.2,17.0,7.3,2,92.2,51.4,6.22,636.0,20,75381.0,39.4,844.7,Afternoon,Component_D,9.2,3.8,Good
102398,M018,2025-01-08,3.0,18.9,5.4,2,68.3,55.9,6.86,906.0,30,74780.0,56.8,524.8,Afternoon,Component_A,9.9,3.2,Good
102399,M028,2025-07-14,6.6,8.4,6.7,3,66.2,39.9,3.29,266.0,10,25047.0,28.6,312.8,Morning,Component_A,1.5,4.0,Good
102400,M027,2024-02-18,6.2,17.2,4.9,1,63.4,56.6,3.77,816.0,25,64783.0,55.9,860.9,Night,Component_D,6.7,2.1,Good
102401,M009,2024-11-27,3.8,11.2,5.6,0,84.6,52.1,4.28,472.0,15,39343.0,16.8,449.4,Morning,Component_C,7.7,1.4,Good
102402,M019,2025-06-28,6.5,14.4,7.9,3,58.8,37.8,5.78,557.0,14,40875.0,27.9,546.8,Morning,Component_B,4.4,6.9,Good
102403,M015,2025-08-21,4.4,18.1,6.6,3,79.6,56.8,4.03,696.0,24,73118.0,34.7,805.2,Morning,Component_D,9.8,5.4,Good
102404,M001,2024-10-05,5.2,16.4,4.6,5,62.3,58.6,5.44,730.0,21,54835.0,38.1,773.7,Morning,Component_B,5.1,3.6,Good
102405,M012,2024-06-29,11.0,12.6,8.4,2,71.5,56.7,3.81,539.0,17,58538.0,35.2,497.8,Morning,Component_D,9.9,6.4,Good
102406,M018,2024-10-19,10.0,16.0,0.5,3,53.7,59.5,3.23,624.0,23,63660.0,28.9,592.4,Afternoon,Component_B,4.9,1.6,Good
102407,M010,2024-08-08,2.1,9.9,10.1,3,81.4,57.3,6.5,473.0,19,44400.0,33.0,193.2,Night,Component_B,6.8,3.7,Good
102408,M024,2025-04-28,8.5,20.6,0.7,2,70.2,61.6,5.06,1005.0,31,109646.0,62.9,807.6,Afternoon,Component_C,6.7,1.0,Good
102409,M026,2025-10-03,8.4,15.2,3.4,6,78.7,46.5,5.84,634.0,26,89741.0,35.5,548.1,Morning,Component_B,11.0,2.7,Good
102410,M002,2024-01-05,2.6,20.5,4.9,5,69.9,42.4,4.13,953.0,15,97361.0,54.7,619.1,Night,Component_C,8.2,2.5,Good
102411,M011,2025-04-19,8.5,13.9,4.6,3,78.3,44.5,5.95,594.0,25,46450.0,35.9,522.4,Morning,Component_C,4.6,2.3,Good
102412,M027,2025-12-17,10.6,13.9,7.5,1,71.4,47.7,2.59,795.0,38,93282.0,37.0,503.0,Afternoon,Component_A,5.2,7.7,Good
102413,M020,2025-04-14,2.6,12.9,2.4,3,80.9,73.2,2.87,509.0,16,49776.0,41.5,512.9,Afternoon,Component_B,5.2,1.3,Good
102414,M009,2024-07-23,3.2,19.5,5.7,4,78.4,47.8,6.2,900.0,32,114000.0,37.1,703.9,Morning,Component_D,6.1,3.3,Good
102415,M025,2025-02-19,9.1,13.2,3.6,2,74.4,50.3,4.37,650.0,25,56816.0,37.9,567.0,Night,Component_B,3.2,3.0,Good
102416,M023,2025-03-17,6.8,18.6,5.7,2,61.2,52.9,4.06,711.0,12,81217.0,31.9,746.3,Morning,Component_A,5.8,2.5,Good
102417,M017,2025-08-04,7.7,14.5,4.8,3,66.8,51.8,2.84,699.0,30,66403.0,35.1,714.1,Night,Component_A,10.1,3.7,Good
102418,M026,2024-02-09,7.0,8.1,5.2,2,62.7,71.3,5.95,366.0,10,49355.0,22.5,287.2,Morning,Component_B,10.0,4.9,Good
102419,M011,2024-12-22,7.2,13.7,3.6,1,89.1,39.5,7.86,614.0,33,55736.0,20.9,730.1,Night,Component_C,1.3,1.3,Good
102420,M021,2024-05-13,2.0,11.3,3.7,1,81.4,74.7,5.59,525.0,14,73513.0,19.4,529.9,Morning,Component_D,0.8,3.7,Good
102421,M021,2025-07-28,9.1,16.1,5.7,3,72.5,56.3,3.69,631.0,28,64108.0,27.1,821.5,Afternoon,Component_D,4.2,5.8,Good
102422,M018,2024-03-31,9.5,11.2,7.4,3,,63.7,7.0,660.0,28,71085.0,25.2,467.2,Morning,Component_B,0.7,3.1,Good
102423,M023,2024-07-15,,19.7,3.5,3,62.5,55.2,5.15,559.0,10,67362.0,54.1,714.9,Night,Component_A,2.2,2.6,Good
102424,M013,2024-09-05,5.9,15.6,2.8,0,73.5,62.3,3.72,590.0,21,49078.0,54.5,537.5,Night,Component_B,7.1,0.4,Good
102425,M017,2024-12-04,1.4,15.3,6.5,4,94.1,46.5,6.8,494.0,21,54111.0,30.7,798.7,Afternoon,Component_B,5.9,2.9,Good
102426,M001,2024-11-01,7.5,18.6,4.9,3,72.1,42.8,4.18,935.0,20,,33.0,885.0,Night,Component_B,0.8,3.6,Good
102427,M028,2025-02-27,7.7,19.9,7.1,5,86.4,78.3,1.9,827.0,31,80440.0,46.4,611.1,Night,Component_C,9.5,6.9,Good
102428,M010,2025-05-27,5.8,15.9,2.7,8,75.3,72.2,3.93,573.0,10,55149.0,28.5,740.2,Night,Component_C,4.7,2.1,Good
102429,M028,2025-11-16,9.4,12.9,0.6,3,78.8,45.5,5.46,506.0,13,52415.0,20.0,423.8,Afternoon,Component_A,4.4,2.8,Good
102430,M001,2024-05-17,5.0,8.9,3.7,2,66.3,61.4,3.21,277.0,10,28518.0,23.4,371.3,Morning,Component_C,9.0,3.4,Good
102431,M011,2025-09-16,7.7,13.3,3.1,5,69.6,65.4,1.13,644.0,20,55624.0,43.3,608.7,Afternoon,Component_C,7.2,4.1,Good
102432,M026,2024-10-31,2.9,13.5,4.8,3,62.0,60.9,7.15,596.0,17,57736.0,43.5,676.3,Afternoon,Component_A,5.9,3.8,Good
102433,M023,2024-01-14,5.9,16.4,3.4,0,75.7,53.1,9.89,714.0,33,42829.0,27.9,666.2,Morning,Component_C,4.5,2.2,Good
102434,M014,2024-02-15,5.5,14.6,6.9,4,,73.2,3.64,541.0,12,59430.0,26.2,550.1,Night,Component_D,7.7,5.3,Good
102435,M020,2025-07-05,6.7,18.8,4.3,1,76.3,61.2,3.37,989.0,28,119085.0,46.7,734.4,Morning,Component_D,4.7,3.9,Good
102436,M004,2024-04-23,4.9,13.5,5.4,1,60.2,46.6,2.08,625.0,13,61162.0,30.2,638.0,Afternoon,Component_A,5.3,2.1,Good
102437,M009,2024-05-26,5.6,15.8,5.4,2,77.5,51.5,3.02,484.0,19,34320.0,45.9,711.3,Morning,Component_A,2.5,4.1,Good
102438,M020,2024-08-29,8.5,20.7,5.5,1,74.0,45.4,1.75,847.0,44,89904.0,51.5,800.9,Afternoon,Component_C,9.4,4.5,Good
102439,M008,2025-06-12,4.7,17.4,4.9,3,73.6,54.0,2.15,590.0,13,49291.0,26.8,411.2,Morning,Component_D,10.7,2.1,Good
102440,M015,2024-07-28,1.2,15.8,6.3,5,76.7,53.7,4.5,803.0,9,78481.0,32.7,295.1,Afternoon,Component_B,6.6,3.2,Good
102441,M001,2024-08-19,11.2,13.6,3.0,4,69.1,61.8,1.66,531.0,26,55905.0,44.9,563.7,Night,Component_C,4.5,2.2,Good
102442,M019,2025-01-04,10.1,13.5,8.5,3,110.0,61.7,1.86,528.0,35,54488.0,34.1,405.6,Morning,Component_D,8.8,9.5,Average
102443,M016,2025-04-01,2.1,12.6,4.4,3,77.6,58.5,4.87,507.0,7,56385.0,39.0,429.7,Morning,Component_B,7.8,4.0,Good
102444,M012,2024-07-11,8.1,13.8,1.7,4,73.3,58.3,3.39,709.0,18,68912.0,31.8,515.5,Morning,Component_C,4.7,0.1,Good
102445,M017,2024-03-10,4.5,19.0,5.5,3,80.9,64.4,5.14,902.0,23,88036.0,54.2,1046.6,Night,Component_C,9.5,4.3,Good
102446,M001,2024-10-20,6.8,15.1,2.9,3,65.7,53.0,3.88,594.0,23,62995.0,27.8,602.2,Morning,Component_C,4.7,2.7,Good
102447,M019,2024-05-24,6.9,10.6,6.7,2,65.3,33.5,4.17,460.0,17,43207.0,31.5,477.7,Morning,Component_D,2.1,6.4,Good
102448,M020,2025-08-07,5.3,23.1,10.5,3,81.6,74.0,5.9,,41,97892.0,71.0,981.6,Morning,Component_B,5.8,2.9,Good
102449,M014,2024-05-04,3.6,17.3,3.0,4,82.7,46.8,3.51,851.0,28,86615.0,29.1,329.4,Afternoon,Component_D,9.3,1.8,Good
102450,M006,2025-01-10,3.9,10.4,5.8,2,,61.3,5.78,351.0,11,27402.0,19.4,369.8,Afternoon,Component_D,6.3,2.9,Good
102451,M019,2024-05-25,3.3,14.2,0.6,8,54.9,51.9,3.74,605.0,16,56741.0,34.4,407.6,Morning,Component_D,2.5,0.3,Good
102452,M024,2024-08-25,3.5,16.4,6.1,2,70.5,67.6,3.02,662.0,22,49209.0,45.5,856.8,Night,Component_D,4.8,5.4,Good
102453,M024,2024-05-14,5.8,22.8,2.8,1,76.0,46.3,2.57,919.0,30,79657.0,63.3,546.2,Afternoon,Component_B,9.6,2.1,Good
102454,M019,2025-02-22,3.9,,3.4,8,80.6,48.6,1.52,621.0,16,54213.0,32.9,409.5,Night,Component_A,6.8,3.0,Good
102455,M019,2024-06-20,8.0,19.9,2.2,2,78.3,50.5,2.27,696.0,29,55845.0,58.3,730.7,Night,Component_D,5.9,2.1,Good
102456,M030,2024-10-21,10.5,21.6,6.8,3,61.8,60.0,1.31,1019.0,44,113627.0,54.2,671.4,Night,Component_B,5.6,5.8,Average
102457,M012,2025-06-06,4.3,13.5,7.5,1,78.2,57.0,2.71,408.0,9,44990.0,35.8,532.6,Morning,Component_B,9.2,5.2,Good
102458,M013,2024-05-04,6.7,14.9,5.1,3,75.9,60.1,5.98,540.0,25,61944.0,22.6,574.6,Night,Component_D,9.0,2.8,Good
102459,M006,2024-09-22,7.5,11.9,2.8,6,75.8,56.1,4.49,484.0,17,44616.0,21.8,482.7,Night,Component_B,1.8,2.6,Good
102460,M017,2024-05-07,7.4,15.2,9.0,3,58.8,63.4,3.8,523.0,11,46283.0,38.0,653.5,Night,Component_C,8.8,4.4,Good
102461,M001,2024-12-19,6.2,15.9,3.1,2,60.8,63.5,3.26,907.0,29,97098.0,47.6,646.7,Morning,Component_D,7.5,0.3,Good
102462,M011,2024-03-16,8.2,18.6,0.5,2,93.7,68.6,4.35,694.0,36,67267.0,58.0,779.8,Afternoon,Component_B,10.8,0.8,Good
102463,M027,2025-01-27,7.4,20.4,6.1,2,83.8,58.1,4.55,754.0,33,73027.0,60.3,971.5,Afternoon,Component_C,5.8,4.0,Average
102464,M005,2024-12-23,2.3,13.0,2.2,4,71.2,58.1,2.49,442.0,6,25125.0,32.1,327.0,Night,Component_C,9.4,1.6,Good
102465,M026,2025-09-13,8.6,8.1,7.5,3,71.4,70.9,5.33,428.0,16,45517.0,16.7,370.4,Afternoon,Component_C,7.4,4.5,Good
102466,M007,2024-01-08,8.7,15.9,4.0,1,98.7,65.8,3.91,749.0,48,78165.0,38.0,488.6,Morning,Component_C,2.7,2.2,Good
102467,M001,2025-11-18,3.7,17.2,6.5,5,72.5,59.7,5.03,609.0,15,57806.0,26.1,572.6,Morning,Component_B,9.1,3.2,Good
102468,M015,2024-01-21,6.1,17.0,8.5,2,70.6,42.4,4.44,750.0,25,80428.0,45.8,674.7,Morning,Component_C,8.4,2.6,Good
102469,M018,2024-07-26,8.0,14.7,2.0,3,62.5,39.8,1.95,664.0,34,69073.0,24.2,623.0,Afternoon,Component_B,4.1,2.9,Good
102470,M011,2024-04-06,5.4,16.5,3.6,3,69.2,60.5,6.84,545.0,20,46080.0,29.5,707.6,Night,Component_D,6.9,3.1,Good
102471,M025,2025-09-06,9.2,22.1,4.8,5,51.8,60.9,4.48,890.0,22,81616.0,60.8,691.1,Night,Component_D,12.3,3.2,Good
102472,M001,2024-09-18,13.1,17.5,8.8,4,78.2,48.5,3.84,691.0,30,55199.0,26.7,919.6,Night,Component_A,4.6,8.9,Average
102473,M019,2024-02-28,3.6,14.5,3.4,6,87.1,58.2,5.55,493.0,13,57648.0,38.4,509.7,Afternoon,Component_A,8.2,2.6,Good
102474,M024,2025-06-18,1.9,14.0,3.5,4,87.2,46.8,2.42,619.0,13,67878.0,38.9,455.2,Night,Component_C,2.7,2.3,Good
102475,M002,2024-11-24,6.9,15.3,6.2,1,63.6,60.1,1.67,717.0,30,59361.0,47.1,439.5,Afternoon,Component_A,4.3,4.0,Good
102476,M010,2025-09-03,8.2,22.5,3.6,4,44.5,60.4,5.5,936.0,37,97609.0,36.8,624.7,Afternoon,Component_A,8.4,3.4,Good
102477,M012,2025-04-03,5.3,15.3,5.4,2,76.1,60.3,6.56,398.0,13,39473.0,23.0,420.7,Night,Component_A,6.8,3.6,Good
102478,M028,2025-09-21,10.4,15.9,1.1,2,,58.0,5.02,614.0,36,52012.0,48.2,665.0,Morning,Component_C,5.4,0.2,Average
102479,M029,2025-01-30,2.0,14.1,10.5,5,52.8,52.4,5.95,532.0,10,51532.0,29.3,608.0,Night,Component_A,11.1,8.8,Good
102480,M007,2024-07-03,8.1,20.4,1.6,2,67.5,53.1,2.22,1065.0,38,114888.0,66.8,650.4,Morning,Component_C,3.2,0.5,Good
102481,M013,2025-10-30,4.2,23.8,4.2,2,76.3,65.4,3.85,927.0,30,101135.0,44.5,695.4,Morning,Component_B,5.6,2.4,Good
102482,M002,2025-12-25,11.2,17.8,4.9,1,61.9,58.7,3.32,586.0,20,76168.0,47.5,668.7,Morning,Component_A,7.5,3.1,Good
102483,M019,2024-11-18,12.0,16.3,9.8,4,51.3,59.4,6.35,740.0,29,71347.0,28.0,656.1,Afternoon,Component_C,3.4,8.3,Good
102484,M026,2025-07-26,3.7,16.1,1.7,2,63.1,55.8,5.39,718.0,22,65649.0,37.1,653.1,Afternoon,Component_D,7.5,3.0,Good
102485,M025,2025-07-26,4.4,6.5,10.0,4,65.2,60.9,6.36,259.0,3,26789.0,21.2,205.7,Morning,Component_D,9.2,6.7,Good
102486,M020,2025-01-08,8.6,19.0,6.9,0,49.4,63.6,3.39,703.0,21,64856.0,51.6,713.8,Morning,Component_B,5.7,4.5,Good
102487,M028,2024-08-03,4.8,16.5,6.0,3,84.9,49.3,2.46,667.0,25,57513.0,47.5,843.5,Morning,Component_A,3.9,3.8,Good
102488,M023,2024-01-30,5.9,17.7,2.5,6,90.6,60.3,6.89,839.0,39,68054.0,34.5,515.2,Night,Component_A,5.1,0.7,Good
102489,M006,2024-09-11,6.1,13.2,6.4,3,72.4,53.0,4.55,559.0,16,24364.0,44.2,510.7,Morning,Component_C,0.5,6.5,Good
102490,M023,2024-10-09,1.0,14.5,3.2,1,80.8,57.8,6.42,774.0,31,82061.0,39.8,611.0,Afternoon,Component_A,9.0,2.7,Good
102491,M007,2025-04-21,6.0,14.4,8.2,4,54.2,62.5,4.38,666.0,21,46907.0,24.6,447.7,Morning,Component_A,6.8,6.5,Good
102492,M002,2025-01-14,3.9,20.1,2.6,0,70.3,41.9,8.47,689.0,18,56362.0,30.8,869.9,Night,Component_C,5.5,2.4,Good
102493,M017,2025-06-25,4.5,14.5,4.7,2,65.1,45.2,6.62,635.0,18,63111.0,22.2,404.6,Night,Component_B,1.0,5.1,Good
102494,M026,2024-07-01,10.3,24.0,3.6,4,76.9,49.1,4.21,944.0,37,85127.0,38.5,1054.4,Morning,Component_B,9.3,3.5,Good
102495,M022,2024-05-30,2.2,17.7,2.5,1,40.0,48.4,4.54,576.0,4,73290.0,58.8,683.1,Morning,Component_A,4.7,0.3,Good
102496,M023,2024-10-19,8.4,10.9,6.9,3,68.4,53.5,4.54,476.0,12,34444.0,24.2,307.2,Night,Component_C,7.7,2.9,Good
102497,M002,2024-08-07,5.2,15.5,6.3,5,79.5,70.2,2.46,657.0,20,84478.0,32.5,684.7,Morning,Component_B,6.0,4.9,Good
102498,M018,2025-07-28,5.2,13.4,8.0,2,74.9,65.6,3.63,588.0,18,,31.3,423.6,Night,Component_B,1.2,6.8,Good
102499,M009,2025-03-10,8.4,7.2,0.6,1,81.4,49.8,3.5,339.0,10,,16.7,281.6,Night,Component_B,9.8,1.7,Good
102500,M028,2024-12-14,7.0,22.4,7.7,5,64.8,62.8,4.92,958.0,31,111693.0,44.3,978.1,Afternoon,Component_B,9.2,5.3,Good
102501,M011,2025-05-06,7.7,18.8,11.3,1,40.0,54.6,3.03,943.0,25,95308.0,31.7,584.7,Morning,Component_C,8.3,10.0,Good
102502,M014,2025-12-18,8.9,18.1,3.9,2,85.2,58.1,4.23,770.0,31,53477.0,31.1,629.1,Afternoon,Component_B,6.9,4.8,Good
102503,M005,2024-12-29,5.0,16.7,9.7,2,81.1,46.2,3.84,709.0,24,72830.0,45.1,795.1,Afternoon,Component_D,2.4,8.2,Good
102504,M023,2025-12-03,4.2,10.5,4.3,2,90.8,43.1,4.64,458.0,14,33338.0,24.1,233.5,Morning,Component_B,8.6,5.0,Good
102505,M001,2025-05-07,2.7,14.1,1.6,2,72.9,61.6,7.14,640.0,20,55728.0,46.6,701.2,Afternoon,Component_D,12.6,0.7,Good
102506,M020,2024-10-19,3.5,19.4,4.2,1,77.0,55.3,6.47,800.0,16,75063.0,47.1,516.9,Afternoon,Component_D,6.3,2.8,Good
102507,M002,2025-08-31,14.8,11.8,7.6,2,100.0,59.7,2.14,608.0,47,49451.0,29.6,412.0,Afternoon,Component_B,6.4,6.8,Good
102508,M011,2025-09-18,9.7,5.9,2.9,3,49.8,69.3,4.41,284.0,16,31010.0,19.8,256.9,Night,Component_A,2.7,1.8,Average
102509,M029,2025-05-25,1.9,15.1,3.5,3,77.3,52.9,3.95,624.0,10,57279.0,37.8,650.5,Afternoon,Component_B,0.5,2.0,Good
102510,M014,2025-06-26,2.0,15.4,6.5,0,86.6,52.9,3.34,743.0,30,75147.0,38.6,625.9,Night,Component_A,4.9,5.6,Average
102511,M005,2025-12-18,7.4,16.5,5.0,5,74.6,70.9,8.38,681.0,22,64599.0,36.7,648.0,Morning,Component_B,10.4,3.3,Good
102512,M001,2024-06-01,7.6,18.9,6.5,7,72.8,55.2,3.55,918.0,29,88947.0,55.2,667.5,Night,Component_C,10.0,4.2,Good
102513,M010,2025-04-01,7.6,18.6,5.6,3,54.2,47.8,3.68,635.0,19,51878.0,42.5,954.3,Morning,Component_C,5.8,3.0,Good
102514,M023,2024-06-01,5.2,17.0,6.2,1,89.6,61.6,7.66,953.0,44,73752.0,45.5,761.5,Morning,Component_D,7.3,6.1,Good
102515,M018,2024-12-26,5.6,20.8,3.9,3,84.8,52.9,6.24,912.0,40,84536.0,49.8,997.2,Afternoon,Component_C,2.3,4.1,Average
102516,M019,2025-11-16,7.0,9.9,5.6,1,87.4,47.6,3.7,362.0,17,29144.0,25.3,356.8,Morning,Component_A,6.3,2.7,Good
102517,M005,2024-10-12,6.3,18.0,2.7,3,71.7,55.8,5.87,844.0,31,97822.0,56.8,361.3,Night,Component_A,4.4,1.0,Good
102518,M009,2025-02-07,1.0,18.5,8.2,3,68.2,62.4,4.07,931.0,25,69223.0,43.1,856.0,Night,Component_D,6.2,7.8,Good
102519,M026,2024-10-05,5.3,11.0,3.4,1,71.9,44.6,4.19,445.0,15,57874.0,21.6,460.0,Afternoon,Component_B,5.2,4.3,Good
102520,M013,2024-05-06,3.4,10.0,7.8,5,92.4,44.4,3.05,425.0,15,42300.0,26.4,401.4,Afternoon,Component_C,5.1,4.4,Good
102521,M013,2025-01-19,6.5,13.0,4.4,4,68.9,54.3,0.5,601.0,17,57720.0,43.9,448.0,Afternoon,Component_B,9.0,2.9,Good
102522,M004,2024-05-22,15.0,13.4,5.5,0,89.8,45.1,1.94,595.0,39,51703.0,38.7,501.9,Morning,Component_B,11.9,5.7,Good
102523,M024,2024-01-21,7.1,19.0,3.8,3,70.2,43.5,2.51,743.0,20,77906.0,40.2,645.1,Morning,Component_C,5.5,4.2,Good
102524,M016,2024-10-12,5.1,13.5,2.5,1,61.7,55.1,5.25,541.0,16,49737.0,46.3,528.1,Morning,Component_B,10.3,1.3,Good
102525,M027,2024-09-11,8.8,12.6,0.6,11,47.1,65.0,4.78,414.0,10,41196.0,27.5,381.9,Morning,Component_A,2.3,2.4,Good
102526,M024,2025-06-06,7.4,13.6,2.4,0,78.9,62.1,6.46,505.0,20,54352.0,47.1,614.6,Afternoon,Component_D,5.7,2.7,Average
102527,M026,2024-04-23,7.3,20.5,4.2,4,81.2,54.0,2.33,654.0,26,68696.0,38.6,1127.6,Morning,Component_A,2.1,3.5,Good
102528,M004,2024-08-05,7.8,16.1,5.5,3,58.2,66.5,7.72,648.0,20,73611.0,56.3,550.4,Night,Component_C,5.1,2.0,Good
102529,M011,2025-10-10,12.2,15.3,7.5,3,89.7,70.6,7.55,662.0,42,68231.0,25.3,410.8,Night,Component_C,8.1,2.5,Good
102530,M004,2025-08-03,2.6,15.6,3.9,0,55.4,59.4,4.56,591.0,11,47712.0,45.7,585.3,Afternoon,Component_C,9.4,2.1,Good
102531,M002,2025-07-12,7.4,21.2,2.8,1,80.5,51.7,3.26,1019.0,37,65015.0,63.2,873.9,Afternoon,Component_C,3.7,2.3,Good
102532,M024,2024-08-26,3.2,13.0,1.4,4,81.1,69.1,3.36,511.0,13,50163.0,37.2,547.5,Night,Component_B,7.4,1.7,Good
102533,M017,2025-11-04,7.7,21.3,6.2,7,84.9,68.7,4.86,716.0,27,70441.0,65.1,1097.9,Morning,Component_B,9.7,4.5,Good
102534,M012,2025-06-28,3.2,16.8,8.5,1,48.4,57.3,7.89,847.0,30,104934.0,41.1,754.4,Morning,Component_D,9.3,5.5,Good
102535,M012,2025-04-26,4.7,15.4,8.2,0,84.8,66.0,4.33,663.0,28,61833.0,24.8,371.4,Afternoon,Component_C,6.8,7.5,Good
102536,M021,2024-03-05,5.1,24.0,6.8,2,70.3,48.0,1.65,1202.0,27,120942.0,53.2,684.9,Afternoon,Component_C,4.2,3.6,Good
102537,M008,2024-06-27,8.9,11.8,6.6,4,67.9,36.4,7.91,510.0,34,54395.0,32.9,504.5,Night,Component_B,3.9,4.0,Good
102538,M022,2025-04-07,8.8,14.6,9.2,2,81.9,46.3,3.78,776.0,30,79696.0,40.8,519.4,Night,Component_B,3.5,3.0,Good
102539,M010,2025-02-18,2.3,11.1,5.8,3,83.5,56.9,7.12,362.0,4,38973.0,21.0,560.9,Afternoon,Component_A,5.9,3.8,Average
102540,M020,2025-01-13,6.2,19.8,6.6,3,48.1,54.3,5.63,825.0,19,68250.0,39.7,616.4,Morning,Component_D,3.5,4.4,Good
102541,M030,2024-11-07,3.9,22.8,4.2,1,56.5,63.7,4.23,1022.0,24,82122.0,56.4,1049.4,Night,Component_B,8.0,2.6,Good
102542,M025,2024-07-22,2.2,22.7,1.6,3,86.4,41.6,6.24,901.0,26,81803.0,67.1,749.1,Morning,Component_D,6.7,1.8,Good
102543,M028,2025-03-30,5.3,20.9,3.3,2,77.7,41.8,3.18,969.0,26,60455.0,67.0,848.6,Morning,Component_C,6.5,4.0,Good
102544,M019,2024-02-14,5.1,15.2,5.0,4,74.2,61.9,3.98,758.0,25,71560.0,25.4,487.1,Afternoon,Component_C,0.5,6.0,Good
102545,M025,2025-06-28,13.3,14.5,5.2,4,60.2,42.1,3.54,658.0,37,56000.0,48.6,642.4,Morning,Component_A,6.1,3.9,Good
102546,M017,2024-04-15,7.3,9.3,9.8,2,77.3,52.6,4.14,383.0,13,38236.0,31.2,447.8,Afternoon,Component_A,4.6,2.9,Good
102547,M028,2025-07-16,1.9,24.0,5.2,1,86.6,55.2,5.49,1179.0,36,107317.0,36.4,964.4,Afternoon,Component_A,12.5,1.7,Good
102548,M004,2025-05-17,4.3,17.9,7.9,3,99.8,49.1,5.47,816.0,31,65091.0,45.0,962.2,Morning,Component_B,2.2,7.5,Good
102549,M013,2025-10-06,,14.0,3.9,2,67.7,60.2,1.7,576.0,21,66046.0,37.4,469.5,Night,Component_D,5.4,1.2,Good
102550,M026,2024-10-20,12.3,21.3,4.2,5,82.5,36.4,3.54,888.0,46,85459.0,55.5,850.7,Morning,Component_B,7.1,2.9,Good
102551,M013,2025-10-06,1.2,12.1,1.7,3,94.3,71.5,3.85,474.0,13,51165.0,33.1,544.1,Afternoon,Component_C,3.1,0.1,Good
102552,M019,2024-02-25,1.0,17.6,3.1,3,54.6,52.0,5.56,776.0,8,,44.1,537.1,Morning,Component_C,11.8,2.6,Good
102553,M002,2025-08-23,11.6,15.3,6.3,7,93.6,53.5,1.98,711.0,39,72494.0,31.9,612.2,Night,Component_A,11.8,6.4,Good
102554,M013,2025-03-26,7.2,18.6,5.0,4,74.4,79.2,5.77,946.0,33,70557.0,31.5,820.0,Morning,Component_A,3.4,4.9,Good
102555,M016,2024-11-03,3.4,15.7,7.4,2,72.9,42.8,2.47,713.0,15,81404.0,30.1,720.1,Morning,Component_D,4.2,5.3,Good
102556,M013,2024-10-18,7.6,10.2,5.5,4,65.5,45.6,4.95,389.0,7,42082.0,30.4,496.0,Afternoon,Component_B,12.4,5.0,Good
102557,M004,2025-01-10,1.0,16.3,4.1,3,67.6,67.6,6.51,719.0,19,68102.0,32.3,508.1,Morning,Component_C,10.2,1.8,Good
102558,M029,2025-04-20,6.0,20.2,10.4,3,63.1,41.0,2.29,760.0,28,75483.0,63.8,826.2,Morning,Component_C,4.9,2.2,Good
102559,M020,2025-10-24,7.0,15.9,4.8,6,60.6,59.5,4.94,666.0,19,73286.0,36.7,450.9,Morning,Component_A,7.3,4.5,Good
102560,M009,2025-06-16,8.8,19.1,7.9,2,77.4,49.5,4.17,964.0,38,86201.0,44.5,632.7,Night,Component_B,1.8,4.4,Good
102561,M026,2025-09-02,3.0,11.8,4.0,0,85.4,40.5,2.74,574.0,10,40900.0,38.2,438.0,Morning,Component_C,12.6,2.1,Good
102562,M012,2025-09-09,6.3,15.9,6.8,3,59.4,59.7,2.3,735.0,29,65930.0,30.7,762.3,Morning,Component_C,6.2,2.8,Good
102563,M006,2025-01-12,3.2,13.5,7.3,3,63.7,60.0,3.23,563.0,17,54772.0,25.4,576.4,Morning,Component_B,7.8,3.0,Good
102564,M030,2025-05-18,6.8,19.0,5.5,1,75.1,55.0,3.04,872.0,30,82416.0,65.9,741.7,Night,Component_A,3.2,3.3,Good
102565,M006,2024-10-26,3.3,16.1,0.5,3,58.6,73.6,4.13,654.0,13,75055.0,41.6,676.2,Morning,Component_D,2.6,1.2,Good
102566,M006,2024-08-04,4.8,18.8,5.0,0,74.9,48.1,3.73,647.0,12,52149.0,35.4,802.4,Morning,Component_A,7.4,3.2,Good
102567,M013,2024-04-17,3.0,20.4,8.1,2,68.8,62.8,5.26,836.0,38,68971.0,37.4,841.4,Morning,Component_B,11.7,5.4,Good
102568,M022,2024-12-26,8.0,18.8,6.3,4,52.3,57.9,5.96,768.0,32,60771.0,60.6,643.9,Night,Component_B,4.4,2.5,Good
102569,M024,2024-12-19,8.6,17.1,6.1,6,77.7,63.7,1.75,892.0,38,90477.0,46.2,536.1,Afternoon,Component_B,3.1,2.0,Good
102570,M004,2024-05-22,5.3,12.0,0.7,3,65.3,50.5,4.05,608.0,18,43843.0,20.8,445.2,Afternoon,Component_C,6.9,0.1,Good
102571,M017,2025-02-27,6.1,16.0,3.2,3,84.3,42.5,2.79,625.0,35,66348.0,52.4,518.6,Afternoon,Component_B,10.9,2.2,Good
102572,M027,2024-06-23,1.7,13.9,6.0,0,69.7,48.9,2.55,638.0,16,51682.0,33.2,600.7,Morning,Component_D,4.1,5.2,Good
102573,M003,2024-07-22,5.1,14.6,6.0,7,63.5,54.4,1.68,431.0,6,35947.0,50.8,743.6,Night,Component_A,5.3,2.3,Good
102574,M008,2025-05-14,5.8,14.5,8.0,3,71.6,61.1,1.54,605.0,17,73540.0,29.9,628.0,Afternoon,Component_C,8.5,3.5,Good
102575,M001,2024-11-03,13.9,12.1,4.6,4,86.9,55.2,3.57,554.0,27,62873.0,30.9,312.4,Night,Component_B,8.8,2.7,Good
102576,M021,2025-10-07,2.7,8.2,6.0,5,94.1,56.9,5.21,321.0,10,31069.0,15.1,275.5,Night,Component_B,5.1,2.1,Good
102577,M018,2025-12-10,10.4,13.3,5.0,2,79.1,70.5,5.2,576.0,29,43393.0,31.6,528.1,Morning,Component_B,9.3,2.6,Good
102578,M026,2024-06-24,9.0,16.8,2.5,0,,54.8,2.61,583.0,17,73001.0,31.1,463.6,Morning,Component_D,7.6,2.4,Good
102579,M020,2025-11-28,6.8,10.6,0.5,1,72.4,50.2,2.42,507.0,13,46672.0,22.4,419.0,Night,Component_D,6.0,2.9,Good
102580,M019,2024-04-10,11.3,16.1,6.1,1,70.8,59.0,4.93,710.0,33,70087.0,32.8,694.8,Afternoon,Component_A,8.7,4.4,Good
102581,M001,2024-08-05,7.1,23.6,5.4,2,70.2,39.6,3.72,1202.0,41,130632.0,48.8,1177.0,Night,Component_A,8.3,3.6,Good
102582,M005,2025-10-04,7.2,20.1,3.5,2,68.9,39.5,6.1,682.0,26,44710.0,69.1,1070.6,Afternoon,Component_D,2.9,4.3,Good
102583,M025,2024-12-17,5.8,22.6,1.0,3,60.4,53.8,2.5,836.0,31,71394.0,35.6,655.0,Night,Component_D,10.5,1.7,Good
102584,M019,2024-06-22,9.7,17.6,6.6,2,83.7,46.6,1.16,696.0,42,65409.0,43.9,671.8,Afternoon,Component_D,7.0,3.8,Good
102585,M001,2024-05-25,9.3,20.7,4.3,3,82.3,49.5,5.6,967.0,38,93761.0,57.1,788.0,Afternoon,Component_A,10.1,3.5,Good
102586,M017,2024-07-02,4.1,13.1,6.4,3,,63.4,1.1,559.0,13,42174.0,37.0,431.3,Night,Component_C,6.2,5.5,Good
102587,M001,2025-02-20,2.0,13.4,9.7,6,87.1,59.7,1.9,558.0,13,55741.0,40.3,523.8,Night,Component_A,6.7,1.8,Good
102588,M004,2024-05-24,5.4,5.0,0.5,4,79.1,54.3,3.3,186.0,4,17764.0,15.1,197.6,Night,Component_B,7.2,1.0,Good
102589,M005,2024-03-16,3.6,20.7,3.3,4,58.6,55.7,3.99,619.0,12,74286.0,70.6,895.4,Night,Component_A,7.6,1.4,Good
102590,M008,2025-12-25,5.8,22.2,4.5,1,67.7,51.2,5.58,796.0,27,87563.0,66.9,1096.1,Night,Component_D,10.6,1.4,Good
102591,M026,2025-01-20,9.7,13.8,8.6,0,89.8,62.6,2.67,712.0,31,64764.0,43.4,558.4,Afternoon,Component_C,7.4,4.0,Good
102592,M015,2024-06-02,4.6,15.0,0.9,4,67.7,62.1,6.87,574.0,21,52842.0,38.5,520.4,Afternoon,Component_A,5.9,1.9,Good
102593,M013,2024-06-15,5.9,13.0,9.8,2,63.7,63.9,1.77,514.0,10,56652.0,36.6,399.1,Night,Component_C,9.0,5.9,Good
102594,M027,2025-03-22,6.2,17.5,5.3,7,80.7,63.5,3.83,780.0,29,77418.0,43.0,963.3,Afternoon,Component_B,7.3,2.9,Good
102595,M007,2025-02-04,8.5,20.5,4.8,3,68.6,55.5,5.99,865.0,35,64385.0,42.1,944.7,Afternoon,Component_C,14.9,6.1,Good
102596,M026,2024-04-25,1.0,9.0,4.5,1,78.7,48.7,6.09,290.0,7,36658.0,19.1,372.8,Afternoon,Component_A,6.9,3.6,Good
102597,M014,2024-04-09,4.2,17.6,3.9,1,71.6,53.5,0.5,849.0,24,68049.0,39.1,653.8,Afternoon,Component_B,9.7,2.5,Good
102598,M004,2024-02-03,6.6,,7.6,4,62.4,56.0,9.37,628.0,32,83012.0,32.5,771.5,Afternoon,Component_A,8.6,5.8,Good
102599,M018,2025-06-14,9.6,16.5,2.3,3,63.7,48.9,3.92,949.0,29,96247.0,42.3,625.1,Afternoon,Component_D,0.5,2.3,Good
102600,M018,2025-02-19,4.5,17.8,5.9,4,51.8,69.7,5.0,653.0,14,55811.0,35.5,441.6,Night,Component_A,3.8,2.5,Good
102601,M002,2025-08-20,1.0,15.2,4.0,3,58.7,69.7,3.9,720.0,15,42836.0,38.5,611.8,Afternoon,Component_D,4.7,1.0,Good
102602,M017,2025-05-12,7.9,15.6,3.1,2,79.5,53.9,8.34,622.0,32,66337.0,52.0,455.4,Night,Component_B,1.5,2.7,Good
102603,M016,2025-01-12,4.1,15.1,11.5,0,86.5,64.3,6.82,841.0,36,60338.0,34.9,614.5,Morning,Component_B,4.8,3.9,Average
102604,M027,2024-03-22,2.4,19.9,6.0,1,64.7,60.0,8.29,902.0,33,90524.0,38.7,975.0,Afternoon,Component_A,1.9,2.0,Good
102605,M006,2025-05-03,4.1,17.7,6.5,3,55.5,50.5,5.35,598.0,22,74155.0,38.8,444.0,Night,Component_B,2.7,4.4,Good
102606,M020,2024-11-17,5.4,16.9,7.8,3,85.7,58.7,6.14,856.0,22,66712.0,55.0,531.4,Afternoon,Component_A,6.7,5.3,Good
102607,M014,2024-06-16,4.2,10.9,1.4,3,86.0,48.0,2.62,528.0,13,56005.0,36.9,498.0,Morning,Component_C,11.8,0.7,Good
102608,M019,2024-05-31,1.0,14.5,9.4,1,80.7,47.1,4.02,541.0,19,44809.0,47.5,495.1,Night,Component_C,1.9,2.0,Good
102609,M001,2025-07-17,8.7,19.6,0.5,6,54.6,59.3,6.14,654.0,32,73246.0,40.7,827.3,Morning,Component_A,2.4,0.6,Good
102610,M012,2024-01-02,9.8,16.2,3.1,2,78.2,59.4,5.07,782.0,27,75062.0,36.9,689.3,Morning,Component_C,4.4,1.1,Good
102611,M023,2025-12-01,8.0,18.6,3.9,2,78.6,79.2,4.69,983.0,48,93104.0,64.2,855.2,Morning,Component_D,5.6,2.1,Good
102612,M030,2025-12-06,2.6,23.1,6.5,5,82.8,53.6,3.1,1120.0,17,126682.0,49.6,763.5,Afternoon,Component_D,1.4,3.7,Good
102613,M016,2024-12-08,5.4,20.2,5.5,4,73.8,50.2,6.6,961.0,26,100309.0,35.9,366.0,Night,Component_A,,3.1,Good
102614,M009,2025-07-20,6.0,16.4,4.6,4,63.0,63.3,6.57,749.0,17,62114.0,33.9,687.3,Afternoon,Component_B,3.6,3.8,Good
102615,M028,2024-07-22,7.8,14.0,5.0,2,67.1,54.8,6.38,709.0,25,86361.0,48.0,371.9,Afternoon,Component_C,7.0,3.4,Good
102616,M020,2024-01-08,8.0,5.8,2.6,8,86.1,49.2,5.03,229.0,9,16479.0,13.5,279.8,Morning,Component_D,7.3,1.9,Good
102617,M016,2025-11-22,3.8,15.3,1.3,5,76.6,49.7,4.52,468.0,8,46395.0,51.5,583.8,Afternoon,Component_B,5.5,1.2,Good
102618,M013,2025-05-20,6.2,14.7,6.8,5,56.3,53.4,6.52,711.0,20,58769.0,25.1,536.2,Night,Component_D,4.9,3.2,Good
102619,M001,2024-09-29,7.4,17.6,6.7,7,92.5,64.5,6.19,816.0,43,59316.0,53.4,780.8,Night,Component_D,3.9,3.5,Good
102620,M003,2025-09-12,10.4,15.4,9.0,2,85.9,58.9,2.89,507.0,30,39540.0,26.0,391.4,Morning,Component_A,6.2,8.2,Good
102621,M015,2024-10-15,8.1,14.7,3.0,2,91.9,47.5,5.07,441.0,22,41569.0,27.9,551.3,Afternoon,Component_A,3.1,2.4,Good
102622,M016,2024-11-06,8.4,8.9,6.7,3,85.6,71.5,5.68,357.0,14,35788.0,24.3,386.9,Afternoon,Component_C,10.6,4.4,Good
102623,M030,2024-07-21,6.3,12.2,4.3,6,60.9,46.8,3.29,518.0,12,57438.0,28.9,500.9,Morning,Component_D,1.5,2.7,Good
102624,M025,2024-11-24,10.2,17.9,8.0,2,76.0,48.4,6.13,749.0,34,87738.0,50.7,630.6,Afternoon,Component_D,4.0,3.1,Good
102625,M014,2024-04-07,7.2,22.9,7.6,6,79.2,65.5,5.79,1035.0,42,102636.0,78.9,796.9,Morning,Component_B,8.6,3.9,Good
102626,M001,2024-12-29,3.4,15.6,5.5,6,55.9,68.5,3.75,613.0,12,54160.0,25.0,792.2,Afternoon,Component_A,4.8,1.8,Good
102627,M001,2025-05-05,10.2,17.3,4.2,4,57.9,58.2,2.06,791.0,32,87473.0,32.6,804.1,Night,Component_A,8.0,1.3,Good
102628,M005,2024-03-19,8.1,19.8,7.4,5,80.9,43.4,5.56,915.0,24,78489.0,55.1,663.4,Morning,Component_D,11.2,4.5,Good
102629,M029,2024-11-15,,12.8,6.6,4,81.9,55.9,8.04,343.0,15,24376.0,42.2,633.9,Morning,Component_B,8.5,6.5,Good
102630,M005,2024-03-28,4.6,17.5,3.3,2,100.4,42.7,4.96,704.0,31,76796.0,54.2,779.9,Afternoon,Component_B,2.4,2.5,Good
102631,M029,2024-12-22,6.9,13.0,1.7,2,68.9,77.4,5.65,528.0,16,60645.0,31.6,558.6,Night,Component_A,2.5,0.9,Good
102632,M008,2025-01-03,7.4,19.5,4.3,6,51.8,57.6,2.4,914.0,25,75563.0,58.3,837.9,Night,Component_B,5.4,5.0,Good
102633,M001,2024-06-16,6.6,16.6,8.8,5,70.2,62.2,4.41,733.0,16,91194.0,31.8,491.8,Morning,Component_D,7.3,3.7,Good
102634,M024,2024-07-04,6.9,17.2,7.9,2,82.1,51.7,4.3,511.0,18,53014.0,26.3,874.5,Morning,Component_C,9.6,6.7,Good
102635,M027,2025-08-17,11.1,12.9,2.2,2,67.6,71.3,2.9,568.0,24,57657.0,34.1,610.6,Night,Component_B,3.6,0.9,Good
102636,M018,2024-01-23,9.2,18.8,2.1,4,73.2,50.5,5.29,798.0,20,69625.0,58.8,769.7,Afternoon,Component_C,4.5,4.0,Good
102637,M001,2025-09-06,6.6,24.0,8.2,3,64.3,47.3,5.22,1184.0,40,130547.0,56.8,972.0,Morning,Component_D,5.2,6.7,Good
102638,M014,2024-12-16,8.8,12.0,2.2,3,86.3,57.7,3.97,388.0,22,27988.0,31.7,464.8,Afternoon,Component_B,5.2,2.6,Good
102639,M011,2024-12-15,2.9,14.6,6.3,6,80.9,62.9,4.48,617.0,16,55470.0,34.2,494.2,Afternoon,Component_D,10.5,3.2,Good
102640,M024,2025-06-02,7.2,16.9,3.5,3,62.2,74.2,8.2,790.0,41,66362.0,42.7,728.9,Afternoon,Component_A,5.7,1.6,Good
102641,M010,2025-03-18,11.4,19.1,9.0,4,65.7,69.5,3.38,868.0,37,65418.0,62.4,627.1,Night,Component_A,6.5,6.2,Good
102642,M018,2024-04-18,5.3,13.8,3.1,4,63.8,65.8,2.46,569.0,20,61421.0,33.9,551.6,Afternoon,Component_B,8.7,1.9,Good
102643,M021,2025-01-04,3.5,4.7,7.9,4,49.7,48.8,2.42,229.0,5,22927.0,7.1,189.3,Afternoon,Component_B,10.8,3.0,Good
102644,M010,2025-04-30,4.0,21.4,5.5,4,62.9,48.6,4.95,799.0,17,85549.0,66.3,887.1,Morning,Component_D,5.9,4.2,Good
102645,M030,2024-04-21,2.7,19.0,5.6,5,50.7,47.1,0.5,906.0,21,82288.0,52.0,870.5,Morning,Component_A,9.8,1.9,Good
102646,M022,2024-10-12,3.6,9.0,0.5,0,83.2,53.6,3.58,459.0,8,50387.0,26.6,378.2,Night,Component_B,11.5,1.7,Good
102647,M019,2025-01-28,4.9,13.6,0.5,3,84.2,37.8,2.76,451.0,14,43367.0,44.9,602.1,Morning,Component_A,5.7,1.8,Good
102648,M013,2024-04-07,1.8,22.3,4.4,1,68.4,67.3,4.4,1106.0,25,97237.0,46.2,504.9,Morning,Component_A,4.3,3.7,Good
102649,M009,2025-06-08,6.0,21.8,5.6,3,74.5,45.8,4.4,694.0,22,59279.0,54.6,920.7,Afternoon,Component_A,12.6,2.9,Good
102650,M009,2024-06-15,8.7,19.8,2.2,10,84.9,44.7,5.12,889.0,33,58013.0,53.6,781.7,Night,Component_C,9.4,1.7,Good
102651,M008,2025-08-11,3.3,15.3,2.3,3,81.4,51.3,5.61,608.0,27,68379.0,33.5,633.5,Night,Component_D,6.0,2.0,Good
102652,M013,2025-03-23,10.6,16.3,6.4,3,96.1,42.9,6.56,766.0,49,84845.0,52.0,571.6,Morning,Component_C,7.9,4.8,Average
102653,M007,2024-10-07,7.5,15.5,6.4,2,75.1,60.8,3.86,678.0,20,94181.0,44.9,746.7,Night,Component_C,2.9,4.1,Good
102654,M021,2024-06-17,9.1,20.5,4.7,2,89.4,46.3,3.3,1044.0,52,93940.0,60.8,838.3,Night,Component_A,9.3,4.2,Good
102655,M026,2024-08-13,4.0,12.5,7.0,1,73.1,59.5,6.03,571.0,17,48534.0,39.0,408.5,Morning,Component_A,0.6,6.2,Good
102656,M002,2024-11-13,8.6,12.8,2.1,4,70.6,63.3,1.51,518.0,23,35990.0,25.8,445.4,Night,Component_B,9.2,3.1,Good
102657,M019,2024-02-09,2.7,20.0,4.1,4,80.1,50.1,5.86,978.0,28,106993.0,59.8,909.8,Night,Component_C,3.8,0.6,Good
102658,M021,2025-05-02,8.7,15.8,9.1,5,78.6,48.5,4.76,669.0,27,70879.0,48.2,607.0,Night,Component_A,1.0,5.1,Good
102659,M024,2025-02-21,6.5,21.5,5.2,6,64.7,47.8,5.31,743.0,14,87880.0,68.5,829.2,Morning,Component_B,0.5,3.0,Good
102660,M001,2024-11-30,7.7,13.3,5.3,2,62.1,45.3,5.16,519.0,21,,32.9,499.8,Night,Component_D,4.6,6.5,Good
102661,M011,2025-05-29,2.5,15.8,10.8,2,72.9,51.2,4.75,658.0,23,69581.0,39.6,733.2,Afternoon,Component_B,8.1,7.3,Good
102662,M001,2025-03-11,3.3,12.3,1.5,2,49.3,55.6,4.82,326.0,8,28417.0,20.9,521.5,Afternoon,Component_C,1.8,2.8,Good
102663,M023,2024-09-07,7.8,16.0,7.0,2,68.3,42.6,2.5,806.0,23,92816.0,51.3,471.6,Morning,Component_C,2.3,5.8,Good
102664,M017,2024-04-07,3.2,10.1,9.2,1,60.2,49.2,3.33,421.0,17,43381.0,25.9,311.4,Morning,Component_C,4.5,3.0,Good
102665,M019,2024-11-20,7.4,14.0,4.2,2,65.1,56.4,7.7,654.0,25,46869.0,37.6,547.3,Afternoon,Component_A,8.4,2.1,Good
102666,M008,2025-04-14,1.9,10.3,7.1,4,62.7,55.3,5.71,488.0,9,45400.0,18.0,342.2,Night,Component_A,8.8,3.4,Good
102667,M009,2025-10-30,8.5,18.8,2.5,4,81.2,31.0,6.41,635.0,21,41769.0,50.8,406.5,Morning,Component_D,6.4,2.6,Good
102668,M021,2025-05-30,2.3,18.9,3.3,3,77.4,60.7,3.88,775.0,13,60102.0,29.9,610.2,Morning,Component_C,9.0,1.1,Good
102669,M015,2025-05-16,7.7,9.1,6.0,2,72.6,66.1,4.64,413.0,12,32403.0,30.5,340.9,Night,Component_B,8.1,4.5,Good
102670,M022,2024-10-07,7.9,21.3,7.0,2,67.4,49.8,5.45,825.0,43,70443.0,68.7,757.0,Morning,Component_A,4.7,4.3,Good
102671,M029,2024-09-08,3.9,24.0,7.8,2,84.4,39.4,6.67,958.0,35,87235.0,45.3,1058.2,Night,Component_A,8.7,5.1,Good
102672,M008,2025-03-09,7.7,16.2,8.9,1,82.8,48.1,4.23,699.0,20,68131.0,43.5,341.4,Morning,Component_C,2.1,4.8,Average
102673,M003,2024-09-11,6.8,13.4,4.8,2,70.7,47.9,5.36,394.0,18,38107.0,36.3,440.0,Afternoon,Component_A,7.5,4.0,Good
102674,M017,2025-02-10,4.4,24.0,8.0,3,88.3,65.8,5.78,1041.0,40,98522.0,74.6,1073.6,Afternoon,Component_C,2.5,5.1,Good
102675,M025,2025-02-12,3.0,10.7,4.1,2,69.7,45.2,6.18,478.0,9,47793.0,32.2,355.4,Morning,Component_D,6.4,1.0,Good
102676,M018,2024-11-21,1.0,16.1,7.3,3,74.5,51.8,4.14,724.0,13,55207.0,56.1,457.8,Night,Component_A,9.7,2.1,Good
102677,M028,2024-04-07,7.0,16.7,5.5,5,65.1,70.1,6.81,642.0,15,61695.0,36.8,557.7,Afternoon,Component_B,6.6,5.6,Good
102678,M011,2024-05-28,1.3,21.4,6.1,5,67.3,56.4,1.94,1169.0,22,136208.0,37.4,892.2,Afternoon,Component_A,6.0,1.7,Good
102679,M030,2024-04-17,6.3,17.4,6.1,1,64.5,56.8,2.47,777.0,34,71883.0,46.1,638.5,Morning,Component_D,6.7,3.3,Good
102680,M025,2024-12-15,5.2,14.0,1.0,3,80.3,54.1,5.37,543.0,16,55614.0,42.4,461.2,Afternoon,Component_C,8.0,1.9,Good
102681,M011,2024-05-02,8.0,12.2,2.2,6,76.5,63.8,5.32,406.0,11,41016.0,25.3,526.6,Night,Component_B,12.4,2.7,Good
102682,M002,2024-11-07,5.1,14.6,5.3,3,59.4,58.6,4.08,493.0,13,53211.0,28.8,608.8,Night,Component_D,8.0,4.8,Good
102683,M024,2024-09-15,5.0,12.0,0.8,3,78.8,71.7,3.7,537.0,17,53328.0,37.3,344.7,Afternoon,Component_B,4.5,1.7,Good
102684,M016,2025-08-13,8.2,16.2,7.1,1,93.5,72.7,3.73,775.0,37,83452.0,48.7,644.3,Morning,Component_C,5.4,2.6,Good
102685,M003,2025-02-08,7.0,13.7,7.2,2,64.1,57.8,2.88,611.0,17,62694.0,26.1,392.2,Night,Component_D,3.3,5.8,Good
102686,M013,2024-07-29,6.9,10.0,5.8,0,63.4,54.7,4.42,388.0,5,40685.0,32.4,487.4,Night,Component_B,2.3,2.8,Good
102687,M025,2024-06-25,7.4,21.0,2.2,2,,56.5,1.7,851.0,30,86489.0,37.2,1019.6,Night,Component_A,0.5,0.3,Good
102688,M026,2025-01-16,1.4,14.0,8.5,4,88.5,49.9,6.54,660.0,16,52733.0,24.1,502.6,Afternoon,Component_B,4.6,5.2,Good
102689,M013,2025-08-02,8.3,10.9,10.1,5,66.7,56.2,5.19,401.0,16,31053.0,24.0,523.7,Night,Component_D,1.8,5.9,Average
102690,M020,2024-10-13,7.8,15.3,5.4,6,94.1,42.0,6.83,637.0,30,57140.0,50.1,504.4,Night,Component_B,6.3,6.1,Good
102691,M024,2024-10-28,2.9,16.3,6.3,6,,48.6,4.79,684.0,13,80900.0,47.1,607.0,Afternoon,Component_B,4.5,3.5,Good
102692,M020,2024-10-27,5.3,9.0,5.5,6,74.3,62.1,4.43,423.0,11,39096.0,20.6,310.5,Afternoon,Component_A,2.7,1.9,Good
102693,M019,2025-04-03,5.9,17.3,6.3,3,51.6,59.8,4.73,649.0,15,64669.0,31.4,665.8,Afternoon,Component_D,0.5,5.9,Good
102694,M017,2025-09-28,5.6,11.8,4.7,3,60.8,53.9,3.24,449.0,9,29405.0,34.5,465.9,Morning,Component_D,5.0,3.2,Good
102695,M020,2025-12-20,7.0,22.8,4.9,5,69.4,58.8,2.26,962.0,31,94186.0,61.5,879.9,Morning,Component_B,0.7,4.1,Good
102696,M018,2025-03-16,10.3,18.1,7.3,2,75.2,68.6,2.73,814.0,36,78379.0,62.9,695.3,Afternoon,Component_A,8.1,4.7,Good
102697,M025,2024-11-07,9.2,14.4,10.9,4,86.9,51.5,3.73,619.0,28,33983.0,43.6,580.3,Morning,Component_B,6.8,9.7,Good
102698,M014,2024-06-14,2.1,13.0,1.5,4,63.6,42.1,2.91,364.0,5,36168.0,22.2,628.8,Night,Component_C,5.3,0.7,Good
102699,M002,2024-09-18,7.9,15.6,4.7,4,77.0,60.6,6.93,671.0,32,47128.0,46.1,357.6,Morning,Component_D,10.4,3.1,Good
102700,M016,2025-05-15,10.0,18.5,2.0,5,55.9,59.8,3.23,1101.0,55,92616.0,37.3,1007.3,Morning,Component_D,6.0,2.6,Good
102701,M008,2025-12-29,7.2,15.9,9.0,4,84.1,61.8,5.21,742.0,37,81558.0,54.4,574.0,Night,Component_A,7.2,7.5,Good
102702,M010,2024-04-20,9.3,15.1,3.5,6,87.7,44.2,5.55,444.0,26,43229.0,23.2,583.0,Afternoon,Component_D,8.1,2.4,Good
102703,M026,2024-03-13,,16.2,1.4,3,84.5,41.5,6.73,631.0,38,55700.0,32.0,811.9,Night,Component_A,4.4,2.8,Good
102704,M016,2024-06-13,9.1,13.6,6.6,0,84.4,57.4,5.73,543.0,27,47235.0,34.0,601.0,Night,Component_D,4.5,4.7,Good
102705,M007,2025-09-01,6.7,14.6,9.4,2,70.9,56.8,4.19,632.0,21,56077.0,24.2,630.7,Night,Component_A,6.1,7.2,Good
102706,M006,2025-02-21,9.1,7.7,6.7,5,75.3,51.8,7.57,279.0,11,27178.0,16.8,387.5,Afternoon,Component_B,2.0,5.2,Good
102707,M004,2025-01-17,6.4,19.9,5.5,1,70.8,68.0,2.26,742.0,22,57127.0,49.6,742.8,Morning,Component_A,11.4,5.2,Good
102708,M003,2024-02-09,6.1,17.2,6.0,2,71.5,54.9,2.81,771.0,23,86249.0,41.2,792.3,Night,Component_C,6.5,1.9,Good
102709,M028,2024-09-04,4.9,12.9,8.5,7,63.1,66.1,4.9,632.0,16,49161.0,31.2,369.9,Night,Component_C,5.4,4.5,Good
102710,M028,2024-06-16,10.7,23.6,2.8,2,75.4,62.9,4.65,949.0,35,65570.0,76.9,997.0,Morning,Component_B,12.3,1.9,Good
102711,M011,2025-09-29,3.5,16.3,4.7,5,77.0,45.2,5.97,776.0,27,85257.0,40.9,699.7,Morning,Component_A,2.7,2.5,Good
102712,M029,2024-02-19,10.6,11.9,3.9,4,83.8,47.0,4.79,435.0,24,38474.0,40.2,582.5,Night,Component_B,10.6,3.8,Good
102713,M010,2025-05-10,7.5,19.4,2.1,2,76.7,43.5,5.16,781.0,24,75020.0,34.8,862.1,Night,Component_C,8.4,2.0,Good
102714,M014,2025-12-18,1.8,17.6,4.2,2,82.6,58.9,6.29,739.0,16,77462.0,36.3,701.2,Night,Component_D,9.4,0.4,Good
102715,M005,2025-06-03,7.1,17.6,7.8,1,63.1,55.9,4.75,551.0,19,46399.0,49.5,638.3,Morning,Component_B,5.5,5.8,Good
102716,M002,2025-12-24,1.0,14.3,6.4,0,89.1,67.2,5.72,561.0,27,54449.0,29.5,507.8,Night,Component_C,6.2,4.2,Good
102717,M013,2025-07-25,7.9,17.8,6.6,2,69.1,60.4,3.14,926.0,23,96974.0,39.1,646.6,Afternoon,Component_C,5.0,5.1,Good
102718,M018,2024-12-10,8.7,15.0,5.4,3,47.4,43.3,3.26,807.0,24,96556.0,49.5,431.7,Morning,Component_B,9.0,4.2,Good
102719,M024,2024-09-22,4.2,18.2,6.3,3,67.3,50.8,6.09,767.0,25,66985.0,46.9,953.8,Afternoon,Component_C,7.2,2.8,Good
102720,M003,2025-07-28,6.4,8.4,3.0,2,78.9,36.0,4.72,324.0,14,28530.0,18.2,399.1,Morning,Component_C,4.3,3.0,Good
102721,M023,2024-07-07,11.9,14.3,4.2,3,73.0,57.6,4.8,756.0,44,78208.0,43.7,596.3,Night,Component_C,4.5,4.4,Good
102722,M011,2024-11-26,4.5,22.9,5.5,2,48.7,80.1,3.25,928.0,25,91064.0,37.6,1028.5,Morning,Component_A,6.0,3.8,Good
102723,M006,2024-06-02,2.8,12.9,5.7,5,74.6,56.2,3.76,476.0,10,44242.0,33.9,573.5,Morning,Component_C,5.0,2.7,Good
102724,M024,2025-10-24,10.4,13.6,5.8,2,73.5,56.8,5.02,639.0,35,75971.0,23.1,429.6,Night,Component_B,10.3,2.1,Good
102725,M003,2025-10-20,11.9,14.2,4.7,3,60.3,54.8,3.96,401.0,19,27975.0,26.3,635.7,Morning,Component_D,8.4,3.1,Good
102726,M001,2024-05-25,6.0,,4.1,1,78.8,58.2,2.95,458.0,13,33743.0,18.0,546.6,Night,Component_A,8.4,3.6,Good
102727,M006,2024-06-26,9.0,7.2,12.0,4,70.4,53.6,2.97,268.0,11,18743.0,23.8,252.6,Night,Component_D,6.7,8.9,Good
102728,M006,2024-05-26,10.0,15.1,7.3,0,48.6,60.6,3.35,743.0,41,83978.0,24.1,408.5,Morning,Component_A,3.5,6.5,Average
102729,M008,2024-09-27,3.8,16.5,6.0,1,80.3,48.0,3.89,648.0,20,66563.0,41.8,481.2,Afternoon,Component_B,8.1,5.0,Good
102730,M026,2024-01-16,4.5,15.8,4.4,6,74.1,48.4,4.0,654.0,18,48683.0,30.8,597.2,Night,Component_D,0.5,3.7,Good
102731,M003,2025-05-26,9.7,15.4,3.9,3,90.2,43.4,7.32,669.0,42,62320.0,34.9,454.3,Night,Component_C,6.5,2.8,Good
102732,M013,2024-05-26,11.1,16.2,4.7,4,61.6,54.7,6.16,643.0,32,60818.0,40.3,615.5,Night,Component_B,3.6,5.0,Good
102733,M025,2025-03-30,7.7,20.1,5.7,5,69.2,45.0,5.03,818.0,25,50603.0,48.2,673.9,Night,Component_B,3.3,3.9,Good
102734,M022,2025-02-06,3.4,15.2,0.5,8,84.8,68.1,7.85,727.0,33,71118.0,45.5,584.3,Afternoon,Component_D,4.6,1.3,Good
102735,M017,2024-12-09,12.0,13.7,1.1,7,61.0,51.1,4.29,599.0,34,46325.0,45.5,488.7,Night,Component_C,5.7,3.5,Good
102736,M014,2025-11-18,4.4,14.9,3.4,3,84.4,37.3,5.36,689.0,23,72758.0,31.3,570.7,Afternoon,Component_D,5.9,3.2,Good
102737,M003,2024-01-08,5.0,18.3,5.5,3,84.7,44.8,5.09,641.0,32,49867.0,28.3,793.6,Afternoon,Component_C,8.4,3.7,Good
102738,M004,2024-02-19,7.0,21.6,4.4,1,75.8,56.2,5.35,926.0,34,91014.0,71.0,669.2,Night,Component_A,5.5,2.9,Good
102739,M003,2025-12-01,10.7,13.5,8.7,7,70.0,60.9,3.15,512.0,13,58582.0,46.7,564.8,Morning,Component_D,5.7,6.0,Good
102740,M022,2025-08-22,8.6,16.4,1.3,8,64.2,58.2,3.95,864.0,22,94710.0,38.8,528.6,Afternoon,Component_A,1.8,1.7,Good
102741,M015,2024-01-13,7.2,17.4,3.1,1,63.3,47.6,3.04,747.0,32,76648.0,42.0,674.8,Morning,Component_C,2.2,1.4,Good
102742,M023,2024-07-20,7.4,12.0,8.8,5,75.7,49.9,5.23,498.0,21,46702.0,21.5,462.9,Night,Component_C,6.9,5.9,Good
102743,M028,2025-10-20,6.1,16.1,5.3,3,40.0,48.8,4.51,870.0,27,63074.0,39.5,669.8,Morning,Component_B,7.9,2.8,Good
102744,M011,2025-03-09,7.7,10.1,7.2,5,65.3,60.1,1.11,540.0,16,47743.0,21.3,414.1,Morning,Component_C,5.2,4.2,Good
102745,M002,2025-02-10,1.0,8.9,10.1,2,63.7,56.0,5.42,325.0,6,29773.0,31.0,428.4,Night,Component_D,8.8,4.0,Good
102746,M013,2024-06-06,5.1,17.5,3.3,3,60.1,51.0,4.89,631.0,22,57126.0,32.7,671.6,Morning,Component_D,1.8,3.4,Good
102747,M016,2025-04-29,6.7,14.5,4.8,4,74.2,49.1,7.57,474.0,15,34127.0,32.7,491.6,Night,Component_C,7.2,4.1,Good
102748,M030,2025-07-26,2.5,16.8,4.3,6,54.4,50.3,6.17,630.0,12,63955.0,45.9,768.4,Morning,Component_C,3.4,0.1,Good
102749,M006,2025-06-30,7.2,15.9,0.5,1,86.4,55.1,6.5,710.0,29,54873.0,34.8,660.7,Afternoon,Component_D,3.2,0.7,Good
102750,M015,2025-01-27,5.4,12.1,4.2,7,83.0,67.1,2.47,512.0,17,60514.0,29.6,556.2,Night,Component_D,3.7,3.7,Good
102751,M004,2025-01-02,11.3,15.8,7.2,3,88.3,56.7,6.51,549.0,31,53374.0,54.5,607.8,Morning,Component_C,5.8,6.6,Good
102752,M028,2025-01-11,10.7,11.1,6.4,4,65.7,52.0,4.15,451.0,21,49470.0,27.9,327.0,Afternoon,Component_C,7.3,4.5,Good
102753,M015,2024-04-15,4.6,21.6,6.5,6,74.5,51.3,3.25,1124.0,21,122942.0,71.7,1200.0,Afternoon,Component_D,7.1,3.6,Good
102754,M017,2025-01-05,5.5,10.6,4.1,2,81.9,70.3,0.5,533.0,19,67248.0,16.8,362.7,Morning,Component_B,5.1,4.0,Good
102755,M012,2024-04-19,5.8,15.2,3.4,0,70.4,62.4,6.86,796.0,37,77792.0,26.4,448.0,Morning,Component_C,7.9,4.3,Good
102756,M002,2024-10-20,4.6,11.8,8.2,1,65.2,63.8,3.99,458.0,13,40830.0,40.0,525.3,Morning,Component_B,11.1,5.5,Good
102757,M005,2024-09-20,6.6,18.3,3.8,4,73.4,61.7,4.28,873.0,21,78080.0,32.2,570.2,Afternoon,Component_D,5.6,3.2,Good
102758,M012,2024-11-26,3.7,14.7,5.7,3,69.5,54.6,5.08,695.0,15,81622.0,43.7,519.9,Night,Component_B,6.3,2.7,Good
102759,M009,2025-02-27,2.6,13.9,5.4,3,59.2,65.8,7.85,688.0,17,51735.0,33.2,547.3,Morning,Component_A,4.2,3.5,Good
102760,M030,2024-10-05,7.9,19.4,8.7,4,43.4,41.8,4.09,877.0,30,71763.0,44.9,730.8,Afternoon,Component_B,4.8,7.4,Good
102761,M021,2024-08-11,7.9,16.1,7.4,5,60.9,69.0,4.47,607.0,15,59823.0,45.4,580.8,Morning,Component_A,9.7,5.1,Good
102762,M024,2024-06-21,,18.1,1.8,1,43.7,61.7,6.24,678.0,19,62856.0,53.5,925.2,Afternoon,Component_C,9.8,2.2,Good
102763,M028,2024-05-08,8.7,12.1,2.0,7,61.6,59.4,4.0,509.0,14,55743.0,40.7,466.4,Morning,Component_A,5.4,2.1,Good
102764,M010,2024-09-02,4.1,10.4,6.4,6,89.0,48.2,3.0,414.0,16,31017.0,20.9,328.6,Morning,Component_D,7.5,2.6,Good
102765,M018,2025-06-04,6.8,16.4,4.8,2,49.8,63.4,0.56,735.0,27,69087.0,47.5,765.0,Morning,Component_C,8.8,3.1,Good
102766,M005,2024-10-22,8.5,14.7,3.9,3,77.4,65.3,6.91,501.0,16,46190.0,32.1,490.6,Morning,Component_C,4.7,3.6,Good
102767,M001,2024-06-04,5.9,18.5,7.5,4,86.7,48.7,4.93,943.0,45,74418.0,54.3,698.7,Morning,Component_A,2.1,4.5,Good
102768,M002,2025-08-31,7.4,15.7,5.5,1,53.1,48.9,5.48,515.0,20,55713.0,28.0,497.8,Night,Component_D,8.1,3.4,Good
102769,M027,2024-12-17,4.5,16.8,5.1,4,93.5,45.7,3.62,827.0,30,77426.0,40.6,675.8,Afternoon,Component_D,8.7,4.0,Good
102770,M003,2025-10-09,5.4,9.5,6.9,7,71.1,59.9,5.72,387.0,16,35987.0,17.7,374.8,Morning,Component_D,8.2,4.0,Good
102771,M008,2024-10-19,5.4,23.6,4.1,1,88.3,54.1,3.45,1254.0,43,103617.0,51.3,902.1,Morning,Component_D,4.9,2.1,Good
102772,M012,2025-12-22,3.8,15.3,8.9,3,75.3,74.1,4.79,475.0,12,42490.0,44.8,607.4,Morning,Component_B,10.6,3.1,Good
102773,M010,2025-03-30,5.5,18.8,3.0,1,66.5,41.2,4.69,929.0,35,74019.0,37.0,848.4,Afternoon,Component_D,6.9,4.5,Good
102774,M019,2024-09-30,1.4,12.7,6.6,4,40.0,47.2,6.53,491.0,10,53007.0,36.4,556.8,Afternoon,Component_D,2.6,4.2,Good
102775,M012,2024-04-21,4.5,17.2,8.6,4,58.6,55.1,5.66,620.0,17,68505.0,42.9,519.6,Night,Component_C,1.2,2.8,Good
102776,M004,2025-12-16,5.1,10.8,1.6,2,80.2,61.0,3.37,590.0,22,70919.0,18.2,362.3,Afternoon,Component_A,5.1,0.5,Good
102777,M004,2025-03-27,5.2,17.8,4.1,6,90.4,60.6,5.58,824.0,33,83645.0,40.5,818.4,Morning,Component_B,6.7,4.1,Average
102778,M025,2024-03-17,5.3,14.6,7.9,3,55.1,55.8,3.84,485.0,11,43607.0,47.3,474.0,Afternoon,Component_B,5.1,5.5,Good
102779,M004,2025-08-09,5.8,16.1,7.9,4,71.3,58.2,3.04,702.0,15,61752.0,56.0,686.8,Morning,Component_C,12.0,4.1,Good
102780,M009,2024-03-20,7.4,18.8,4.6,2,66.6,56.1,5.49,937.0,28,95911.0,42.1,855.5,Night,Component_B,7.2,2.3,Good
102781,M027,2025-07-09,8.6,11.1,3.2,5,77.0,64.4,4.85,510.0,22,49987.0,17.9,293.2,Night,Component_B,3.1,4.4,Average
102782,M024,2024-03-18,4.1,13.3,7.4,3,73.1,50.0,2.35,600.0,22,55432.0,23.4,470.4,Night,Component_C,0.5,5.4,Good
102783,M020,2025-03-11,2.4,17.8,8.0,4,67.5,51.0,3.57,914.0,17,83237.0,54.8,797.3,Night,Component_D,6.7,5.8,Good
102784,M003,2025-11-23,2.9,24.0,2.1,3,79.7,61.2,5.84,1095.0,30,123262.0,67.5,889.6,Morning,Component_B,9.0,1.6,Good
102785,M018,2025-12-26,4.5,15.4,2.0,3,63.7,69.2,5.2,501.0,17,44350.0,31.9,544.4,Afternoon,Component_A,11.6,3.5,Good
102786,M024,2024-07-07,4.9,18.4,5.6,6,72.1,49.3,5.28,765.0,20,88128.0,42.0,831.3,Morning,Component_D,5.4,1.7,Good
102787,M024,2024-02-04,3.7,15.6,6.6,1,81.2,57.2,7.82,762.0,29,74472.0,48.7,738.0,Night,Component_D,11.2,3.3,Good
102788,M001,2025-08-05,2.1,23.8,4.3,4,63.3,51.6,6.29,1019.0,19,91182.0,55.4,779.4,Morning,Component_D,1.9,2.2,Good
102789,M007,2024-07-30,4.6,9.0,6.7,1,67.7,60.0,4.29,394.0,6,32789.0,27.1,478.4,Night,Component_B,5.0,4.7,Good
102790,M008,2024-10-09,6.5,16.4,3.2,1,65.3,40.2,3.77,743.0,29,68863.0,34.3,402.1,Afternoon,Component_A,3.0,0.3,Good
102791,M007,2024-05-17,7.8,9.5,0.5,4,77.4,51.9,3.28,384.0,14,39379.0,28.0,262.1,Afternoon,Component_B,8.4,2.7,Good
102792,M027,2025-08-09,4.3,6.0,3.9,3,76.2,49.8,3.67,143.0,2,12776.0,14.6,214.8,Night,Component_C,2.1,2.7,Good
102793,M012,2025-11-03,4.8,17.2,5.2,1,65.8,51.9,1.62,620.0,20,66808.0,44.6,617.2,Afternoon,Component_B,7.2,1.7,Good
102794,M003,2025-04-29,3.2,16.6,4.3,2,76.1,32.2,2.31,714.0,21,63257.0,44.8,598.9,Afternoon,Component_A,2.3,2.2,Good
102795,M004,2024-07-23,5.9,14.9,2.1,2,40.0,73.2,5.68,661.0,26,61558.0,35.8,514.3,Afternoon,Component_B,11.3,2.3,Good
102796,M005,2024-12-01,3.5,15.6,0.5,2,82.0,32.6,7.26,576.0,19,43603.0,37.9,509.2,Afternoon,Component_C,4.9,0.1,Good
102797,M030,2025-03-28,7.7,24.0,3.7,3,82.7,59.3,4.6,1114.0,40,115179.0,48.8,885.1,Morning,Component_D,7.1,2.5,Good
102798,M001,2025-04-30,1.0,15.0,7.2,4,65.9,43.4,3.24,684.0,15,62239.0,52.1,501.2,Afternoon,Component_B,0.6,0.9,Good
102799,M010,2025-11-29,4.9,18.0,8.1,7,63.5,43.8,0.5,744.0,14,,59.6,792.0,Morning,Component_D,1.5,3.3,Good
102800,M003,2025-03-12,6.9,13.4,8.0,2,71.3,56.2,7.57,579.0,23,61126.0,34.2,526.3,Night,Component_B,3.7,5.5,Good
102801,M006,2025-02-25,6.6,17.2,3.0,7,61.1,61.2,2.09,764.0,18,73548.0,27.0,636.4,Morning,Component_A,8.6,2.2,Good
102802,M003,2024-05-17,14.1,15.0,2.1,0,62.9,45.3,1.85,752.0,32,85260.0,27.6,589.5,Afternoon,Component_D,8.0,3.0,Good
102803,M005,2024-01-06,7.0,14.4,6.2,3,75.7,45.0,3.96,658.0,17,66508.0,46.2,689.6,Morning,Component_B,9.3,6.0,Good
102804,M020,2024-07-31,3.0,23.3,6.6,6,81.7,43.3,4.42,845.0,24,93055.0,78.3,801.3,Night,Component_A,1.5,5.1,Good
102805,M002,2024-04-04,5.7,20.7,6.0,2,75.8,56.9,4.52,752.0,21,61712.0,37.7,587.1,Morning,Component_C,7.5,3.0,Good
102806,M020,2025-07-14,1.0,16.5,0.5,1,106.6,45.6,2.96,829.0,35,84490.0,49.0,500.0,Morning,Component_D,4.3,0.1,Average
102807,M020,2024-10-11,5.8,6.8,2.8,2,87.0,66.6,5.25,350.0,16,35889.0,18.7,257.3,Afternoon,Component_D,3.6,1.5,Good
102808,M011,2025-01-12,3.5,14.6,4.9,6,80.8,44.6,3.56,618.0,17,44390.0,30.8,618.0,Morning,Component_B,4.4,3.3,Good
102809,M019,2025-05-16,8.7,24.0,6.2,3,80.4,59.9,3.61,1175.0,55,138179.0,56.9,1098.3,Night,Component_D,5.7,3.4,Average
102810,M027,2025-03-24,4.4,15.1,6.9,2,73.0,68.9,4.0,705.0,20,54704.0,43.1,781.8,Afternoon,Component_C,8.0,3.9,Good
102811,M024,2025-02-20,5.6,20.4,5.4,6,78.1,55.6,3.28,823.0,20,62149.0,34.7,907.0,Afternoon,Component_D,9.4,3.2,Good
102812,M006,2024-04-07,4.1,21.8,5.8,3,74.4,38.9,2.24,867.0,26,45318.0,40.9,682.6,Morning,Component_D,7.6,4.5,Good
102813,M001,2025-07-14,11.2,16.9,5.2,1,84.6,58.6,2.36,756.0,51,77194.0,26.5,637.1,Morning,Component_C,7.9,4.8,Good
102814,M025,2025-10-17,5.0,12.6,6.7,3,68.7,52.8,2.51,512.0,14,36021.0,41.6,270.7,Morning,Component_A,11.5,5.5,Good
102815,M019,2024-05-14,11.5,6.3,5.8,4,68.0,54.6,5.32,339.0,8,29576.0,16.7,246.7,Afternoon,Component_D,8.1,3.2,Good
102816,M020,2025-12-24,8.4,18.7,5.2,5,,69.3,5.22,934.0,50,100469.0,47.6,636.9,Morning,Component_B,5.4,5.5,Good
102817,M026,2025-01-22,7.4,12.7,4.3,5,66.5,55.5,4.02,616.0,20,60295.0,37.0,262.4,Afternoon,Component_A,7.7,3.4,Good
102818,M010,2024-11-14,7.1,16.7,5.2,1,60.7,59.6,4.11,594.0,20,50873.0,58.1,930.4,Night,Component_D,11.1,4.1,Good
102819,M012,2024-07-15,7.2,11.0,6.2,2,63.0,49.0,6.6,355.0,12,25255.0,20.3,399.1,Afternoon,Component_A,3.4,2.6,Good
102820,M030,2024-05-03,1.0,14.9,5.7,7,81.0,52.5,5.43,534.0,8,49868.0,26.3,317.0,Afternoon,Component_D,4.7,1.7,Good
102821,M023,2024-11-24,5.2,16.1,6.0,3,104.1,65.1,7.32,714.0,39,76990.0,33.6,586.9,Afternoon,Component_A,10.4,4.3,Average
102822,M016,2024-03-18,8.5,17.1,8.4,3,61.3,56.2,3.46,852.0,36,89897.0,56.6,892.6,Night,Component_B,5.1,8.1,Good
102823,M005,2024-09-30,5.9,11.5,5.7,2,79.7,57.6,2.4,462.0,13,56272.0,26.7,624.3,Afternoon,Component_A,8.3,2.1,Good
102824,M004,2024-05-15,1.8,20.8,3.4,2,73.8,64.0,6.29,772.0,19,65773.0,64.2,803.7,Morning,Component_C,9.9,3.1,Good
102825,M002,2025-04-17,5.8,13.6,7.2,2,85.5,69.7,4.46,611.0,27,45974.0,25.9,538.9,Morning,Component_D,2.2,3.1,Good
102826,M005,2024-11-19,11.1,9.3,1.6,4,79.6,44.6,3.05,348.0,18,,23.1,466.8,Afternoon,Component_D,4.8,1.2,Good
102827,M014,2025-01-05,9.7,15.6,2.3,6,86.3,50.6,5.38,726.0,35,71272.0,27.4,593.4,Morning,Component_B,9.6,2.6,Good
102828,M014,2024-06-02,5.8,16.1,5.8,10,75.5,68.1,3.23,670.0,20,63601.0,37.4,682.7,Morning,Component_C,5.6,2.3,Good
102829,M013,2025-08-09,8.9,16.6,6.3,3,62.0,72.9,5.74,631.0,28,52880.0,33.6,760.1,Night,Component_A,0.5,5.0,Good
102830,M024,2025-02-20,4.9,21.4,1.9,3,63.8,52.6,5.37,892.0,28,49238.0,55.6,638.8,Morning,Component_A,4.5,1.0,Good
102831,M018,2024-01-22,1.0,15.1,4.0,2,74.5,57.4,4.09,712.0,11,56889.0,46.2,761.4,Night,Component_C,8.4,2.7,Good
102832,M029,2024-09-12,3.2,15.5,3.5,2,77.6,58.2,1.46,533.0,17,55089.0,52.3,486.3,Morning,Component_C,9.8,1.2,Good
102833,M030,2025-08-03,10.7,11.6,3.8,6,67.4,57.1,2.84,461.0,16,45759.0,24.0,403.4,Afternoon,Component_A,6.2,2.3,Good
102834,M017,2025-10-02,5.2,19.3,7.4,1,96.2,57.2,7.23,557.0,28,60980.0,57.6,759.2,Afternoon,Component_B,7.5,5.4,Average
102835,M027,2024-02-04,5.3,16.7,6.8,4,83.3,67.3,7.64,636.0,24,63713.0,54.6,770.7,Night,Component_B,4.9,4.4,Good
102836,M030,2024-07-02,5.1,14.3,5.0,6,47.0,38.8,9.17,634.0,18,67230.0,25.0,631.1,Night,Component_A,8.7,2.1,Good
102837,M022,2024-08-10,11.7,8.4,3.6,2,70.5,49.1,5.22,389.0,17,41417.0,22.4,339.3,Night,Component_A,10.3,2.5,Good
102838,M029,2024-05-05,10.9,21.8,1.6,3,59.6,60.7,2.54,840.0,31,80058.0,59.4,899.8,Night,Component_C,8.3,3.0,Good
102839,M013,2025-10-04,12.7,11.1,8.6,1,94.9,50.5,6.91,439.0,30,41886.0,22.7,542.5,Afternoon,Component_D,5.6,7.7,Good
102840,M017,2024-07-17,5.5,13.6,6.5,5,45.4,57.6,4.02,570.0,15,29279.0,21.0,528.7,Morning,Component_D,7.3,6.5,Good
102841,M025,2024-05-08,6.9,17.4,3.2,1,77.0,64.8,3.27,650.0,19,55348.0,35.0,562.0,Afternoon,Component_C,8.9,2.1,Good
102842,M024,2025-07-23,1.5,11.2,6.8,3,73.5,69.4,5.1,521.0,6,44701.0,29.9,374.6,Night,Component_A,6.1,5.1,Good
102843,M016,2024-08-16,10.4,10.0,4.8,3,81.8,57.5,7.91,389.0,21,36320.0,18.9,473.5,Morning,Component_D,8.4,4.5,Good
102844,M004,2024-08-09,2.5,7.5,4.3,4,75.9,68.4,4.31,331.0,7,26826.0,15.6,241.3,Afternoon,Component_A,7.1,1.0,Good
102845,M023,2025-08-19,6.7,18.9,6.1,2,96.8,56.3,4.53,718.0,27,78308.0,55.1,494.5,Morning,Component_A,10.3,1.8,Average
102846,M026,2025-03-23,2.7,13.8,3.1,2,83.0,52.3,1.74,539.0,19,44078.0,31.7,496.2,Afternoon,Component_D,8.1,2.9,Good
102847,M016,2025-04-08,4.2,24.0,4.1,4,49.9,41.1,4.69,1086.0,23,121129.0,39.1,905.9,Morning,Component_C,4.5,1.9,Good
102848,M004,2024-09-16,3.5,12.0,5.3,0,88.9,46.0,5.7,546.0,25,43998.0,27.6,545.6,Night,Component_A,10.2,2.5,Average
102849,M006,2025-05-21,4.2,12.3,3.8,3,74.4,55.0,4.34,532.0,14,45722.0,43.0,332.4,Morning,Component_A,7.4,1.6,Good
102850,M016,2024-01-17,4.4,13.7,6.7,3,88.9,55.2,4.48,633.0,23,53680.0,27.7,567.4,Night,Component_D,5.6,4.4,Good
102851,M010,2025-08-11,4.4,17.0,9.7,7,68.2,57.1,4.91,646.0,20,56561.0,34.5,811.4,Afternoon,Component_C,1.9,6.5,Good
102852,M007,2024-12-20,8.5,14.1,3.1,3,59.3,71.5,2.61,571.0,23,64340.0,25.9,460.6,Afternoon,Component_D,6.7,3.0,Good
102853,M025,2025-02-21,2.7,18.4,0.8,2,57.0,61.8,0.5,767.0,19,69102.0,37.6,716.6,Morning,Component_C,11.5,1.9,Good
102854,M027,2025-03-15,6.7,12.1,0.5,2,84.7,62.2,4.31,,10,41619.0,32.1,265.0,Morning,Component_B,0.5,2.1,Good
102855,M002,2025-06-06,9.7,10.5,4.6,1,81.6,71.5,4.09,444.0,26,37240.0,36.0,491.7,Night,Component_C,0.5,4.6,Good
102856,M010,2024-10-22,4.5,8.8,3.3,1,64.9,51.8,5.53,311.0,12,28333.0,23.9,399.4,Morning,Component_B,8.3,2.5,Good
102857,M016,2025-10-14,3.8,7.1,5.5,3,40.0,50.4,8.81,281.0,8,27607.0,16.5,276.3,Morning,Component_B,6.7,3.9,Good
102858,M008,2025-10-25,5.3,13.9,5.3,2,85.2,66.0,6.83,564.0,21,,31.7,391.2,Morning,Component_A,8.0,3.5,Good
102859,M009,2024-04-09,9.5,14.8,1.0,3,47.5,59.4,0.8,536.0,14,49712.0,22.9,660.4,Morning,Component_A,4.4,1.7,Good
102860,M013,2024-10-16,6.6,13.5,0.5,6,98.1,54.6,9.04,463.0,19,51041.0,20.3,499.7,Morning,Component_D,0.5,0.7,Average
102861,M020,2024-05-15,4.4,21.0,5.7,2,54.7,54.5,5.7,838.0,26,83050.0,65.0,339.7,Morning,Component_D,3.5,3.7,Good
102862,M008,2024-09-03,7.5,20.9,5.3,3,72.2,53.5,4.02,1008.0,30,78359.0,51.8,939.3,Morning,Component_C,10.7,4.8,Good
102863,M027,2024-07-28,2.7,14.7,3.9,2,74.8,54.1,7.16,618.0,22,57920.0,23.0,700.8,Night,Component_A,4.6,3.5,Good
102864,M014,2024-11-13,8.0,8.8,0.9,3,76.4,55.0,0.5,472.0,15,41028.0,18.2,444.7,Night,Component_D,4.7,1.2,Good
102865,M010,2025-07-11,7.2,13.7,6.2,1,75.9,52.3,3.52,724.0,24,74438.0,30.3,395.0,Morning,Component_C,0.5,3.6,Good
102866,M021,2024-08-01,5.1,13.6,8.2,1,73.6,60.0,4.85,652.0,17,62947.0,41.7,318.5,Afternoon,Component_A,0.6,4.1,Good
102867,M009,2024-07-17,3.5,13.4,5.7,1,66.8,61.7,4.62,484.0,8,54186.0,31.7,472.2,Afternoon,Component_B,9.3,3.5,Good
102868,M002,2024-05-06,3.3,13.2,2.9,1,69.3,49.9,7.23,,13,56213.0,40.6,562.9,Morning,Component_B,5.2,2.7,Good
102869,M029,2025-01-16,7.6,13.4,5.1,3,64.2,63.1,6.62,537.0,20,49465.0,37.1,423.3,Morning,Component_A,9.0,5.3,Good
102870,M030,2024-01-13,9.7,14.5,1.6,6,73.4,43.6,5.73,606.0,31,47897.0,22.7,385.8,Morning,Component_C,3.7,3.2,Good
102871,M012,2025-01-20,4.1,13.5,7.6,5,51.0,59.5,4.0,520.0,17,49074.0,46.4,599.5,Night,Component_B,1.6,4.2,Good
102872,M016,2024-01-29,7.4,16.8,5.2,3,75.8,60.0,6.23,648.0,29,46624.0,31.3,606.8,Morning,Component_A,5.2,5.7,Good
102873,M001,2025-05-02,1.0,17.4,0.6,3,70.8,54.2,3.42,787.0,15,78560.0,35.7,749.9,Night,Component_C,4.3,0.1,Good
102874,M013,2024-12-03,4.2,12.4,4.2,4,82.1,55.5,5.89,659.0,27,62057.0,38.7,481.2,Afternoon,Component_A,3.5,2.2,Average
102875,M015,2025-05-28,5.9,21.1,6.2,2,68.4,52.9,3.19,723.0,22,70368.0,39.7,785.6,Night,Component_D,3.6,4.3,Good
102876,M029,2025-12-08,3.3,12.1,4.2,3,79.2,50.4,5.03,687.0,14,73387.0,27.9,460.2,Night,Component_D,5.6,4.2,Good
102877,M010,2024-11-12,3.2,9.5,4.3,5,78.6,55.0,1.88,499.0,13,49088.0,30.7,340.2,Afternoon,Component_C,4.5,1.9,Good
102878,M030,2025-11-16,4.0,17.5,1.9,6,70.3,50.1,6.36,702.0,24,53246.0,48.6,608.8,Night,Component_C,3.2,0.2,Good
102879,M022,2024-11-23,6.9,12.7,6.4,1,76.2,65.3,3.7,469.0,9,40644.0,26.7,384.5,Night,Component_B,11.4,7.1,Good
102880,M015,2025-09-03,5.4,17.3,3.4,4,55.9,36.1,2.04,,12,48962.0,48.2,735.1,Morning,Component_A,7.4,2.9,Good
102881,M020,2025-07-24,1.0,6.4,0.5,3,88.1,53.8,2.77,274.0,6,24682.0,20.0,309.1,Afternoon,Component_B,6.5,0.1,Good
102882,M006,2024-10-30,1.0,21.6,4.1,4,65.5,37.9,3.95,804.0,9,73896.0,49.8,736.3,Night,Component_B,5.8,0.9,Good
102883,M023,2025-02-05,4.2,18.7,7.5,2,69.9,45.4,2.86,783.0,17,93429.0,49.4,998.2,Morning,Component_D,8.0,4.2,Good
102884,M025,2024-11-01,7.4,10.0,4.0,5,59.4,49.8,5.8,423.0,13,40822.0,34.8,424.9,Afternoon,Component_B,7.6,3.5,Good
102885,M017,2024-07-21,1.0,10.1,9.3,1,62.8,67.1,4.0,429.0,13,43215.0,34.6,406.7,Afternoon,Component_C,2.9,2.0,Good
102886,M028,2024-06-03,4.5,22.7,6.1,4,91.7,65.4,6.18,1027.0,33,66619.0,57.2,990.6,Afternoon,Component_B,1.4,2.6,Good
102887,M003,2025-02-19,4.4,13.1,5.8,5,73.7,55.7,3.99,541.0,9,57449.0,22.2,608.8,Afternoon,Component_D,0.5,4.8,Good
102888,M002,2024-11-17,10.2,12.7,4.7,1,68.4,55.6,5.79,550.0,16,75779.0,36.8,456.8,Night,Component_B,11.4,2.9,Good
102889,M015,2025-07-31,4.8,6.9,4.8,1,68.4,64.3,4.52,358.0,7,41236.0,14.1,302.4,Afternoon,Component_A,4.7,3.8,Good
102890,M021,2024-08-09,7.1,14.6,4.3,4,72.0,65.2,4.03,681.0,28,60198.0,41.4,691.2,Afternoon,Component_B,7.8,1.1,Good
102891,M026,2024-12-07,6.4,15.1,4.2,1,80.7,49.8,2.63,653.0,20,84378.0,33.3,540.8,Afternoon,Component_A,6.6,2.7,Good
102892,M008,2024-05-31,1.0,18.9,6.3,4,74.3,61.1,4.62,752.0,13,71750.0,55.5,720.9,Night,Component_B,8.7,1.1,Good
102893,M016,2025-12-15,8.3,10.4,2.7,3,74.6,46.4,5.82,533.0,17,53086.0,23.2,348.0,Morning,Component_C,5.8,2.2,Good
102894,M012,2024-05-22,6.6,9.9,2.3,4,60.9,51.5,3.26,428.0,6,38943.0,33.5,350.4,Night,Component_C,2.0,2.7,Good
102895,M021,2025-01-02,7.5,17.8,2.2,5,68.5,60.3,4.48,774.0,18,70125.0,31.6,641.6,Night,Component_A,2.9,3.0,Good
102896,M024,2025-03-08,15.0,20.0,10.1,4,73.9,49.1,3.51,604.0,36,37012.0,32.7,645.3,Night,Component_A,4.9,5.4,Good
102897,M019,2025-10-18,1.0,9.7,6.3,3,71.6,51.8,7.99,410.0,8,43793.0,29.7,365.7,Afternoon,Component_D,1.2,2.5,Good
102898,M030,2024-10-21,11.2,20.3,5.8,5,67.0,40.1,5.06,808.0,26,73160.0,46.7,847.5,Morning,Component_B,3.4,6.6,Good
102899,M012,2025-12-13,5.1,16.2,2.4,6,65.9,59.1,4.66,749.0,18,69042.0,39.4,681.3,Afternoon,Component_D,2.4,3.0,Good
102900,M026,2024-03-27,6.9,20.4,6.6,4,77.2,47.1,3.63,881.0,38,87307.0,68.7,657.1,Morning,Component_D,5.0,2.4,Good
102901,M013,2024-01-04,5.9,15.7,4.7,2,77.5,47.6,6.09,479.0,16,42526.0,42.1,532.2,Morning,Component_C,4.5,4.3,Good
102902,M001,2025-03-16,4.7,5.9,5.5,1,83.9,67.2,4.5,,6,24146.0,16.6,273.8,Night,Component_D,6.4,2.4,Good
102903,M013,2025-06-10,4.3,15.4,2.6,1,74.3,48.8,4.38,788.0,22,89080.0,23.7,518.8,Night,Component_C,8.6,2.3,Good
102904,M029,2024-06-19,7.0,20.2,5.4,1,47.1,61.8,4.37,786.0,26,79443.0,57.4,914.8,Night,Component_D,5.3,7.1,Good
102905,M004,2024-09-18,1.4,12.4,3.9,2,100.3,64.9,2.51,468.0,22,43382.0,28.2,401.3,Morning,Component_A,1.5,2.6,Good
102906,M019,2024-12-07,8.3,14.4,3.1,2,71.9,63.3,7.19,,32,53001.0,34.9,607.2,Morning,Component_D,0.5,2.8,Good
102907,M029,2024-01-30,4.8,15.3,6.8,3,67.1,52.8,6.16,615.0,23,60275.0,47.7,683.1,Night,Component_B,6.5,3.9,Good
102908,M030,2024-03-26,2.6,4.4,1.2,5,71.3,51.2,4.52,242.0,4,19969.0,11.2,79.1,Night,Component_C,4.0,1.9,Good
102909,M013,2025-07-21,4.6,22.7,6.4,4,67.2,46.8,4.31,1092.0,24,107145.0,78.9,1029.5,Night,Component_A,5.5,3.9,Good
102910,M016,2025-12-09,9.8,12.4,6.7,2,62.2,39.1,2.91,438.0,24,46108.0,38.4,620.2,Morning,Component_B,7.0,2.3,Average
102911,M008,2025-02-23,4.4,18.0,2.8,4,79.4,62.0,1.84,786.0,21,75702.0,53.2,648.3,Morning,Component_A,10.3,0.6,Good
102912,M027,2024-10-28,7.1,15.7,2.9,3,70.2,61.1,2.91,648.0,24,57437.0,42.0,654.2,Night,Component_B,0.8,2.3,Good
102913,M008,2025-01-19,3.8,21.0,4.4,1,70.9,59.3,6.56,947.0,43,85887.0,48.8,664.6,Morning,Component_C,3.0,2.4,Good
102914,M024,2024-09-01,8.3,17.6,5.7,2,42.0,30.0,3.8,826.0,35,86550.0,28.3,736.6,Morning,Component_A,5.7,5.6,Good
102915,M019,2025-01-30,8.1,15.1,4.6,1,,53.4,6.45,625.0,26,49061.0,23.2,887.3,Afternoon,Component_C,2.6,3.6,Good
102916,M024,2025-08-01,11.5,12.4,6.1,3,59.1,60.7,4.45,429.0,17,35501.0,19.8,276.3,Night,Component_A,1.5,3.9,Good
102917,M022,2024-05-04,5.5,19.2,9.4,4,65.7,66.6,2.94,829.0,18,58773.0,65.6,663.7,Afternoon,Component_A,9.9,6.7,Good
102918,M008,2024-01-10,8.0,8.5,3.7,7,74.8,57.7,3.18,331.0,11,31614.0,18.2,393.2,Night,Component_C,2.9,4.3,Good
102919,M029,2025-05-27,6.3,18.6,0.7,4,64.6,56.7,4.94,708.0,22,76413.0,54.0,907.1,Morning,Component_A,2.1,0.9,Good
102920,M009,2024-10-01,9.9,11.6,7.1,2,66.3,48.9,1.58,540.0,25,62085.0,31.2,332.3,Morning,Component_D,2.6,6.3,Good
102921,M017,2025-01-06,3.8,21.0,9.2,2,73.2,58.4,3.12,889.0,28,105106.0,55.5,698.4,Morning,Component_B,9.3,7.1,Good
102922,M001,2025-08-29,8.2,16.6,6.0,3,65.9,52.9,3.68,598.0,18,50616.0,44.1,570.1,Night,Component_B,3.9,4.6,Good
102923,M012,2024-07-01,5.4,18.6,2.3,3,59.3,48.4,5.98,993.0,20,98059.0,39.1,620.4,Morning,Component_D,1.8,1.9,Good
102924,M020,2025-11-19,5.8,16.3,4.7,1,51.3,44.6,5.01,712.0,24,63343.0,53.4,615.9,Morning,Component_B,3.5,3.5,Good
102925,M001,2024-07-01,6.3,9.0,2.2,3,76.0,46.5,4.84,404.0,16,48365.0,30.0,251.7,Morning,Component_A,5.9,3.9,Good
102926,M025,2024-08-01,6.8,12.6,6.6,3,65.8,57.9,5.33,576.0,16,,35.1,466.7,Afternoon,Component_A,8.7,4.8,Good
102927,M009,2024-07-01,5.7,18.7,1.6,3,52.0,42.5,6.36,725.0,25,70703.0,60.4,582.0,Morning,Component_A,8.4,3.0,Good
102928,M027,2025-04-02,6.6,16.7,4.2,3,86.9,52.4,4.59,749.0,31,64197.0,27.1,638.6,Afternoon,Component_C,3.7,2.8,Good
102929,M023,2025-12-19,10.7,20.7,2.5,3,76.1,66.8,2.64,640.0,29,27699.0,35.2,691.2,Morning,Component_A,4.4,3.2,Good
102930,M018,2025-08-03,9.0,17.6,5.3,5,57.7,42.1,4.84,839.0,29,61663.0,46.1,663.0,Morning,Component_A,12.3,3.4,Good
102931,M020,2025-11-13,8.6,12.1,4.1,3,63.5,59.0,2.99,530.0,18,35624.0,38.6,376.7,Morning,Component_C,9.0,3.2,Good
102932,M028,2025-05-07,4.6,12.8,5.4,2,84.6,59.9,0.78,604.0,19,44277.0,27.3,593.2,Night,Component_A,5.2,4.6,Good
102933,M020,2025-04-09,3.3,16.4,5.1,4,69.9,52.4,4.84,716.0,7,88199.0,42.6,587.1,Morning,Component_C,0.5,2.0,Good
102934,M010,2024-03-22,8.9,6.7,2.5,3,67.0,60.6,5.43,349.0,10,26375.0,10.2,273.1,Morning,Component_C,4.6,2.2,Good
102935,M021,2024-11-08,8.6,22.7,6.6,1,81.0,53.3,5.12,1107.0,41,87548.0,78.8,853.3,Afternoon,Component_C,2.0,6.1,Good
102936,M012,2025-11-26,10.4,17.8,4.9,1,70.0,62.2,5.41,435.0,24,35319.0,54.0,698.2,Morning,Component_C,3.4,2.1,Good
102937,M005,2025-09-13,4.2,20.9,2.5,4,86.8,45.4,6.51,980.0,28,131299.0,46.5,803.0,Night,Component_C,3.1,1.2,Good
102938,M024,2024-08-04,5.3,9.7,10.6,3,67.0,72.0,2.76,362.0,8,34051.0,33.6,441.7,Morning,Component_B,5.3,5.8,Good
102939,M019,2024-04-25,1.1,21.0,6.2,2,65.2,67.9,3.8,934.0,17,102659.0,35.4,752.1,Night,Component_B,6.2,3.4,Good
102940,M007,2025-02-13,4.8,24.0,4.6,5,72.2,34.9,2.18,1097.0,34,107101.0,58.3,783.4,Afternoon,Component_A,3.8,2.3,Good
102941,M017,2025-09-12,9.0,10.7,8.5,7,83.6,65.6,5.31,394.0,19,25702.0,17.3,428.2,Afternoon,Component_D,2.2,3.3,Good
102942,M001,2024-10-05,4.6,19.1,9.6,1,75.0,49.8,6.71,825.0,14,97341.0,41.4,641.3,Night,Component_A,5.5,6.2,Good
102943,M019,2025-07-06,7.9,16.0,4.6,4,,67.9,3.52,555.0,18,56064.0,31.0,614.2,Night,Component_D,4.5,4.4,Good
102944,M017,2024-03-27,5.4,9.8,5.9,2,62.3,64.1,5.8,500.0,8,46587.0,20.9,300.7,Night,Component_D,0.5,2.1,Good
102945,M027,2024-04-02,7.0,18.0,2.5,3,60.5,45.2,3.12,745.0,21,90444.0,61.1,849.2,Night,Component_D,7.8,3.4,Good
102946,M001,2024-08-12,2.6,19.3,4.6,2,83.6,60.2,5.66,891.0,27,80013.0,45.4,618.1,Night,Component_A,3.8,0.9,Good
102947,M016,2024-11-10,6.3,13.6,4.5,0,84.9,48.7,0.5,554.0,29,51430.0,29.2,659.9,Night,Component_A,5.2,3.9,Good
102948,M019,2024-09-11,1.0,20.7,5.5,3,84.5,59.8,7.24,800.0,27,71859.0,57.6,778.5,Morning,Component_D,5.3,4.1,Good
102949,M027,2024-09-30,5.4,9.3,5.8,4,81.5,55.4,2.54,423.0,12,47014.0,26.7,427.9,Night,Component_A,6.0,4.4,Good
102950,M009,2024-11-22,1.1,10.0,6.4,0,77.4,48.4,4.8,520.0,12,55748.0,34.7,320.8,Morning,Component_C,6.4,4.0,Good
102951,M021,2024-08-11,9.6,16.5,5.6,0,77.2,43.0,7.03,538.0,31,53358.0,42.8,386.6,Afternoon,Component_B,2.1,4.8,Average
102952,M028,2025-12-11,8.3,16.1,2.0,1,73.6,57.1,2.4,657.0,22,52050.0,48.4,416.0,Night,Component_B,6.9,3.3,Good
102953,M004,2024-05-15,7.4,13.1,2.7,3,78.7,59.2,7.67,626.0,29,55994.0,29.7,774.9,Afternoon,Component_B,5.0,3.6,Good
102954,M007,2025-09-17,10.6,19.2,3.6,1,71.5,53.6,8.29,710.0,39,56245.0,35.4,659.0,Morning,Component_D,9.3,3.6,Good
102955,M002,2025-03-17,3.2,18.1,4.3,2,78.7,48.0,5.74,832.0,15,93521.0,42.7,852.9,Night,Component_C,8.4,3.6,Good
102956,M022,2024-12-27,11.2,19.4,7.6,5,83.0,50.7,4.53,852.0,42,60815.0,45.3,558.2,Morning,Component_B,10.0,4.2,Good
102957,M014,2024-09-29,8.8,15.5,2.1,3,56.9,45.1,4.17,542.0,21,64452.0,36.3,628.8,Night,Component_C,3.2,2.1,Good
102958,M026,2025-02-20,5.3,18.4,4.1,5,85.2,61.6,5.53,491.0,20,56129.0,53.2,761.1,Night,Component_B,9.9,3.2,Good
102959,M001,2025-07-31,9.4,14.2,7.4,3,71.3,35.6,5.84,585.0,17,47515.0,32.8,880.6,Night,Component_C,6.3,4.6,Good
102960,M004,2024-07-06,2.7,24.0,4.3,5,89.5,63.6,0.88,1001.0,26,88841.0,80.0,856.4,Night,Component_A,8.1,1.2,Good
102961,M022,2025-11-16,3.5,12.7,6.2,4,87.2,54.3,3.99,620.0,23,52274.0,44.0,417.3,Morning,Component_A,8.0,2.8,Good
102962,M026,2024-10-04,4.2,24.0,4.7,7,59.6,59.7,3.45,1049.0,27,106425.0,61.1,987.8,Morning,Component_C,7.4,4.7,Good
102963,M020,2024-02-01,4.4,16.1,5.6,2,72.0,60.6,3.19,671.0,20,77961.0,42.1,501.5,Afternoon,Component_C,2.7,2.6,Good
102964,M023,2025-02-12,2.8,10.5,4.4,4,49.6,56.1,3.22,354.0,9,39926.0,24.3,439.0,Night,Component_D,8.9,1.2,Good
102965,M019,2024-05-15,9.7,21.5,6.7,2,67.4,51.5,2.17,996.0,43,88152.0,47.5,827.2,Afternoon,Component_C,7.1,5.1,Good
102966,M013,2024-03-03,5.2,16.5,1.1,3,76.3,65.0,7.29,,30,82066.0,57.3,537.9,Afternoon,Component_D,1.6,0.1,Good
102967,M003,2025-06-24,7.1,19.4,4.1,2,82.2,39.6,3.44,770.0,30,86685.0,30.7,828.1,Afternoon,Component_B,4.5,4.3,Good
102968,M010,2024-07-27,4.3,20.9,5.7,1,72.8,66.7,4.24,828.0,26,76315.0,48.5,820.9,Morning,Component_A,2.4,2.3,Good
102969,M008,2024-02-09,1.0,17.4,6.3,8,77.3,44.9,3.94,856.0,12,81199.0,31.4,769.0,Afternoon,Component_B,1.7,5.0,Good
102970,M018,2025-11-15,6.8,13.6,8.7,2,63.6,52.1,3.51,665.0,24,78554.0,40.2,710.2,Night,Component_D,8.6,2.9,Good
102971,M017,2025-05-28,1.0,19.9,4.0,1,71.8,67.9,5.25,719.0,12,79719.0,37.6,678.3,Night,Component_A,1.6,2.2,Good
102972,M005,2024-08-27,5.8,16.0,8.7,5,64.9,75.1,3.94,480.0,7,54418.0,52.3,566.9,Night,Component_B,2.0,7.0,Good
102973,M030,2025-06-26,1.9,18.7,3.4,3,75.4,56.6,5.59,779.0,10,104215.0,42.1,513.1,Afternoon,Component_B,11.9,2.3,Good
102974,M007,2025-08-02,12.0,7.4,8.3,1,88.7,42.8,7.33,330.0,29,34059.0,24.7,336.0,Afternoon,Component_C,4.7,6.6,Good
102975,M029,2024-08-21,8.7,17.8,7.0,1,71.3,62.7,2.52,772.0,39,77111.0,61.8,602.0,Afternoon,Component_A,8.0,5.3,Good
102976,M020,2024-12-11,6.3,13.4,2.7,3,55.5,54.6,5.08,467.0,11,53877.0,40.8,558.8,Night,Component_B,9.4,2.6,Good
102977,M024,2025-01-27,,22.6,5.8,5,74.4,45.4,5.03,1115.0,44,139171.0,62.1,1089.1,Morning,Component_C,8.3,5.7,Good
102978,M017,2024-01-10,3.5,18.5,4.9,1,80.5,57.0,2.38,573.0,14,49180.0,33.3,608.7,Afternoon,Component_C,6.4,3.0,Good
102979,M021,2024-02-20,7.6,17.0,6.6,1,61.0,43.2,5.66,592.0,20,54447.0,57.2,596.7,Morning,Component_C,5.9,3.4,Good
102980,M002,2025-12-10,6.6,17.9,4.4,4,86.9,56.8,4.03,632.0,22,50384.0,54.7,838.7,Afternoon,Component_D,7.6,3.3,Average
102981,M011,2024-06-20,6.8,12.0,4.2,5,64.8,46.7,7.34,435.0,19,43561.0,24.9,537.5,Morning,Component_D,5.3,2.0,Good
102982,M003,2024-01-26,9.8,22.5,8.4,5,62.9,37.3,6.3,642.0,30,69554.0,54.8,982.9,Night,Component_C,8.1,4.8,Good
102983,M015,2024-07-21,8.2,24.0,4.8,6,50.6,40.0,4.5,1061.0,30,85694.0,39.2,853.3,Night,Component_B,5.2,2.6,Good
102984,M022,2024-11-30,6.9,17.6,7.1,4,75.2,49.5,4.11,881.0,28,98678.0,49.6,480.4,Afternoon,Component_B,5.6,5.3,Good
102985,M029,2025-09-24,1.0,22.4,4.4,0,93.8,59.5,7.62,899.0,35,79292.0,39.2,725.6,Afternoon,Component_A,11.6,1.1,Good
102986,M011,2025-04-12,3.1,13.7,9.2,2,76.4,66.3,3.46,493.0,8,42880.0,38.4,416.2,Night,Component_B,4.6,5.9,Good
102987,M002,2025-09-11,5.6,12.8,3.3,3,63.2,67.8,4.98,620.0,14,69408.0,36.4,557.2,Morning,Component_C,6.1,2.6,Good
102988,M008,2025-08-25,6.3,16.2,3.5,5,78.2,41.4,4.38,740.0,18,63361.0,34.8,665.1,Morning,Component_A,7.3,2.6,Good
102989,M015,2024-01-30,2.6,17.7,8.8,1,81.6,53.0,6.65,677.0,30,50062.0,60.1,593.0,Night,Component_A,7.5,3.7,Good
102990,M004,2025-12-11,13.2,14.4,3.9,4,85.9,49.5,6.79,657.0,49,69744.0,44.0,524.3,Afternoon,Component_B,6.9,1.5,Average
102991,M026,2024-08-16,10.5,18.2,9.0,3,57.2,54.0,5.48,886.0,47,82420.0,45.4,781.9,Afternoon,Component_A,2.2,4.0,Good
102992,M023,2025-10-16,7.8,17.2,7.2,3,90.6,67.7,3.55,644.0,35,72753.0,57.4,625.3,Afternoon,Component_B,6.5,4.2,Good
102993,M005,2025-08-14,6.2,12.0,4.6,7,74.6,56.5,4.22,565.0,12,60735.0,38.5,412.6,Night,Component_C,6.7,3.1,Good
102994,M023,2024-05-02,5.4,18.1,0.5,5,93.0,62.8,2.29,717.0,27,49312.0,52.2,985.1,Afternoon,Component_C,9.4,1.0,Good
102995,M030,2024-08-22,3.1,19.5,5.0,1,73.9,74.9,4.95,658.0,9,75494.0,35.2,661.5,Afternoon,Component_B,8.2,3.8,Good
102996,M007,2025-03-18,6.2,16.7,5.3,3,78.9,40.9,3.05,731.0,22,90276.0,41.7,736.3,Morning,Component_D,9.6,2.5,Good
102997,M026,2024-03-24,6.8,20.6,7.9,5,60.6,50.7,8.53,940.0,38,103874.0,66.5,861.1,Night,Component_C,3.0,6.0,Good
102998,M002,2025-09-16,2.3,11.1,9.0,5,83.8,60.1,3.51,492.0,9,54665.0,30.2,291.1,Afternoon,Component_D,3.0,3.7,Good
102999,M011,2024-12-05,7.0,17.9,3.3,6,59.1,57.4,6.35,693.0,29,63260.0,46.4,597.0,Night,Component_B,7.0,3.0,Good
103000,M022,2025-05-14,5.5,11.3,7.0,2,75.2,64.4,7.25,642.0,23,56399.0,38.5,514.4,Morning,Component_B,9.4,2.3,Good
