Order_ID,Customer_ID,Order_Date,Product_Category,Region,Payment_Method,Customer_Segment,Customer_Age,Quantity,Unit_Price,Discount_Percent,Shipping_Cost,Product_Rating,Delivery_Days,Return_Flag,Cost_Price,Gross_Sales,Discount_Amount,Net_Sales,Profit
ORD50001,CUST10001,2024-04-12,Home & Kitchen,East,Net Banking,Regular,60,10,174.12,19.48,142.63,3.1,3,No,88.79,1741.2,339.19,1402.01,371.48
ORD50002,CUST10002,2025-03-11,Fashion,West,COD,New,50,7,317.56,3.34,130.99,2.6,6,No,230.32,2222.92,74.25,2148.67,405.44
ORD50003,CUST10003,2024-09-27,Beauty,West,Debit Card,Regular,47,3,294.19,14.37,118.53,5.0,4,No,167.3,882.57,126.83,755.74,135.31
ORD50004,CUST10004,2024-04-16,Grocery,South,Net Banking,Premium,29,7,196.02,13.11,102.94,3.5,8,No,147.47,1372.14,179.89,1192.25,57.02
ORD50005,CUST10005,2024-03-12,Beauty,South,COD,New,32,9,80.0,10.77,81.43,3.9,1,No,56.64,720.0,77.54,642.46,51.27
ORD50006,CUST10006,2025-12-01,Grocery,East,COD,New,35,10,242.05,1.31,84.44,3.8,6,No,191.87,2420.5,31.71,2388.79,385.65
ORD50007,CUST10007,2024-01-21,Sports,East,Debit Card,New,45,4,152.32,10.16,116.3,4.6,2,No,108.67,609.28,61.9,547.38,-3.6
ORD50008,CUST10008,2025-09-06,Beauty,South,Debit Card,New,40,7,447.95,,46.74,4.4,6,No,269.58,3135.65,342.1,2793.55,859.75
ORD50009,CUST10009,2024-05-01,Fashion,South,Credit Card,Premium,31,9,383.67,0.11,87.58,,1,No,174.2,3453.03,3.8,3449.23,1793.85
ORD50010,CUST10010,2025-04-11,Fashion,North,Net Banking,Regular,47,8,98.52,2.86,56.57,3.5,2,No,73.24,788.16,22.54,765.62,123.13
ORD50011,CUST10011,2024-08-02,Beauty,North,Net Banking,Premium,50,8,264.65,5.51,142.78,4.4,9,No,159.09,2117.2,116.66,2000.54,585.04
ORD50012,CUST10012,2024-11-26,Fashion,South,Debit Card,Regular,62,9,268.07,4.66,122.27,4.6,6,No,187.15,2412.63,112.43,2300.2,493.58
ORD50013,CUST10013,2025-04-03,Sports,North,COD,Premium,32,5,255.69,14.28,186.19,4.4,8,No,125.0,1278.45,182.56,1095.89,284.7
ORD50014,CUST10014,2024-03-28,Electronics,Central,Debit Card,Wholesale,24,5,235.03,18.38,55.9,3.2,7,No,183.24,1175.15,215.99,959.16,-12.94
ORD50015,CUST10015,2025-01-07,Sports,East,COD,Wholesale,32,3,273.04,9.83,60.73,,9,No,166.88,819.12,80.52,738.6,177.23
ORD50016,CUST10016,2024-04-09,Grocery,East,COD,Wholesale,59,5,481.05,17.36,92.59,5.0,9,No,380.17,2405.25,417.55,1987.7,-5.74
ORD50017,CUST10017,2025-10-25,Sports,South,Debit Card,Wholesale,63,8,126.67,18.67,57.35,5.0,4,No,90.14,1013.36,189.19,824.17,45.7
ORD50018,CUST10018,2024-05-10,Grocery,West,UPI,New,55,5,100.61,11.4,114.19,4.0,7,No,49.8,503.05,57.35,445.7,82.51
ORD50019,CUST10019,2025-10-23,Fashion,South,Net Banking,New,63,4,301.5,14.86,87.71,4.0,5,No,200.29,1206.0,179.21,1026.79,137.92
ORD50020,CUST10020,2024-11-04,Electronics,North,COD,Premium,61,8,80.0,10.44,68.02,4.1,7,No,62.93,640.0,66.82,573.18,1.72
ORD50021,CUST10021,2024-12-09,Fashion,West,COD,Premium,28,7,277.3,4.14,138.94,4.4,4,No,206.86,1941.1,80.36,1860.74,273.78
ORD50022,CUST10022,2025-05-06,Home & Kitchen,North,UPI,Wholesale,46,6,247.15,6.77,20.0,3.1,10,No,149.44,1482.9,100.39,1382.51,465.87
ORD50023,CUST10023,2025-02-17,Fashion,Central,Credit Card,Regular,48,5,80.0,14.28,114.4,4.1,1,No,64.27,400.0,57.12,342.88,-92.87
ORD50024,CUST10024,2025-01-20,Grocery,North,UPI,Wholesale,42,5,119.87,11.15,65.2,3.3,4,No,65.85,599.35,66.83,532.52,138.07
ORD50025,CUST10025,2024-07-10,Fashion,Central,UPI,Premium,41,10,504.91,17.16,126.75,4.0,10,No,297.29,5049.1,866.43,4182.67,1083.02
ORD50026,CUST10026,2024-10-03,Fashion,Central,COD,Wholesale,36,2,80.0,0.0,137.53,3.4,3,No,58.19,160.0,0.0,160.0,-93.91
ORD50027,CUST10027,2024-06-09,Electronics,North,Net Banking,Premium,19,4,208.13,0.47,20.0,3.6,9,No,111.59,832.52,3.91,828.61,362.25
ORD50028,CUST10028,2025-04-04,Fashion,North,UPI,Wholesale,39,8,94.33,1.3,80.48,4.1,5,No,60.44,754.64,9.81,744.83,180.83
ORD50029,CUST10029,2024-11-09,Electronics,Central,Credit Card,Regular,37,8,114.34,13.17,92.62,3.6,4,No,82.29,914.72,120.47,794.25,43.31
ORD50030,CUST10030,2024-01-22,Beauty,West,Debit Card,Wholesale,50,1,629.93,2.35,20.0,3.3,8,No,433.56,629.93,14.8,615.13,161.57
ORD50031,CUST10031,2024-09-09,Home & Kitchen,Central,UPI,Regular,25,2,196.42,14.24,100.25,4.9,5,No,99.68,392.84,55.94,336.9,37.29
ORD50032,CUST10032,2025-07-14,Electronics,East,UPI,Regular,42,5,253.67,,,3.3,3,No,173.25,1268.35,219.04,1049.31,116.82
ORD50033,CUST10033,2025-04-19,Grocery,Central,Credit Card,Premium,63,9,168.49,22.61,35.74,2.5,2,No,111.52,1516.41,342.86,1173.55,134.13
ORD50034,CUST10034,2024-02-28,Beauty,West,Net Banking,Regular,26,10,80.0,21.84,60.73,4.4,8,No,52.51,800.0,174.72,625.28,39.45
ORD50035,CUST10035,2025-05-25,Electronics,East,UPI,New,51,7,83.91,7.13,52.95,3.8,2,No,63.41,587.37,41.88,545.49,48.67
ORD50036,CUST10036,2025-11-12,Electronics,South,UPI,New,40,10,389.93,0.31,64.31,4.0,8,No,202.0,3899.3,12.09,3887.21,1802.9
ORD50037,CUST10037,2025-04-20,Home & Kitchen,South,Net Banking,New,22,5,200.21,7.58,98.33,4.1,5,No,145.77,1001.05,75.88,925.17,97.99
ORD50038,CUST10038,2025-11-30,Grocery,West,Credit Card,Premium,42,1,109.87,18.84,134.16,4.8,8,No,80.37,109.87,20.7,89.17,-125.36
ORD50039,CUST10039,2024-07-08,Sports,Central,UPI,New,25,6,178.69,9.27,86.5,5.0,5,No,128.19,1072.14,99.39,972.75,117.11
ORD50040,CUST10040,2025-11-17,Sports,North,Net Banking,Premium,33,8,278.67,11.83,139.62,4.2,1,No,177.57,2229.36,263.73,1965.63,405.45
ORD50041,CUST10041,2025-07-16,Electronics,West,UPI,Premium,65,7,243.57,8.1,42.93,3.2,2,No,145.25,1704.99,138.1,1566.89,507.21
ORD50042,CUST10042,2025-07-20,Fashion,East,Debit Card,New,62,2,109.91,23.07,96.88,4.1,6,No,65.51,219.82,50.71,169.11,-58.79
ORD50043,CUST10043,2024-08-31,Grocery,East,COD,Regular,32,5,80.0,4.9,184.8,4.4,3,No,57.72,400.0,19.6,380.4,-93.0
ORD50044,CUST10044,2025-05-19,Beauty,South,Debit Card,Wholesale,18,4,139.13,12.47,20.0,4.7,8,No,88.24,556.52,69.4,487.12,114.16
ORD50045,CUST10045,2024-05-10,Fashion,East,UPI,Premium,39,9,372.74,19.76,20.0,4.1,5,No,214.41,3354.66,662.88,2691.78,742.09
ORD50046,CUST10046,2025-04-29,Fashion,West,Credit Card,New,20,10,315.87,24.89,147.6,3.6,3,No,215.24,3158.7,786.2,2372.5,72.5
ORD50047,CUST10047,2025-10-08,Grocery,East,COD,Premium,55,1,236.69,7.14,99.92,3.4,10,No,179.81,236.69,16.9,219.79,-59.94
ORD50048,CUST10048,2024-01-21,Electronics,West,Debit Card,Regular,31,6,162.22,18.73,62.93,3.9,7,No,76.69,973.32,182.3,791.02,267.95
ORD50049,CUST10049,2024-06-15,Electronics,North,Net Banking,Regular,53,3,129.56,7.57,39.16,3.0,8,No,104.9,388.68,29.42,359.26,5.4
ORD50050,CUST10050,2024-09-30,Electronics,South,Credit Card,New,35,9,164.18,21.64,88.38,4.3,4,No,79.75,1477.62,319.76,1157.86,351.73
ORD50051,CUST10051,2025-01-22,Electronics,East,Debit Card,Premium,64,5,301.31,24.11,96.01,4.1,9,No,192.64,1506.55,363.23,1143.32,84.11
ORD50052,CUST10052,2025-08-23,Sports,West,Net Banking,Wholesale,58,6,349.54,5.77,96.23,4.1,6,Yes,229.74,2097.24,121.01,1976.23,501.56
ORD50053,CUST10053,2024-11-11,Electronics,Central,UPI,Wholesale,35,9,152.91,16.57,38.72,4.5,1,No,76.63,1376.19,228.03,1148.16,419.77
ORD50054,CUST10054,2024-01-14,Sports,South,Net Banking,Premium,20,9,942.51,19.79,74.84,4.9,5,No,743.42,8482.59,1678.7,6803.89,38.27
ORD50055,CUST10055,2024-08-29,Sports,North,Debit Card,Premium,27,8,192.49,9.94,64.44,4.0,5,No,120.2,1539.92,153.07,1386.85,360.81
ORD50056,CUST10056,2024-12-11,Electronics,West,Debit Card,Premium,56,9,144.67,15.83,119.09,4.1,7,No,72.76,1302.03,206.11,1095.92,321.99
ORD50057,CUST10057,2025-07-18,Home & Kitchen,North,UPI,New,64,4,473.04,16.2,41.38,3.8,7,Yes,337.42,1892.16,306.53,1585.63,194.57
ORD50058,CUST10058,2024-12-05,Beauty,North,Net Banking,Regular,18,6,80.0,26.07,93.42,4.4,6,No,55.64,480.0,125.14,354.86,-72.4
ORD50059,CUST10059,2024-04-01,Fashion,East,Net Banking,Wholesale,44,5,247.65,0.0,208.54,,8,No,199.67,1238.25,0.0,1238.25,31.36
ORD50060,CUST10060,2025-01-01,Sports,East,UPI,New,44,5,172.89,11.61,38.31,4.8,2,No,106.04,864.45,100.36,764.09,195.58
ORD50061,CUST10061,2025-03-30,Grocery,West,Net Banking,Premium,28,4,464.67,3.25,56.37,4.7,7,No,255.14,1858.68,60.41,1798.27,721.34
ORD50062,CUST10062,2025-03-03,Grocery,Central,UPI,Premium,22,2,268.59,12.1,85.78,4.2,10,No,126.83,537.18,65.0,472.18,132.74
ORD50063,CUST10063,2025-05-23,Beauty,West,Credit Card,Regular,24,6,198.43,6.52,20.0,3.9,7,No,143.12,1190.58,77.63,1112.95,234.23
ORD50064,CUST10064,2024-02-04,Grocery,Central,Debit Card,Premium,36,9,278.86,10.22,25.79,,4,No,189.18,2509.74,256.5,2253.24,524.83
ORD50065,CUST10065,2024-07-24,Home & Kitchen,North,Credit Card,New,46,1,91.27,5.88,103.98,4.3,10,Yes,73.92,91.27,5.37,85.9,-92.0
ORD50066,CUST10066,2024-03-21,Grocery,South,COD,New,32,7,339.83,13.09,82.09,4.3,2,No,242.47,2378.81,311.39,2067.42,288.04
ORD50067,CUST10067,2025-07-15,Fashion,West,COD,Regular,52,6,80.0,19.52,,3.8,4,No,63.62,480.0,93.7,386.3,-132.88
ORD50068,CUST10068,2025-01-22,Fashion,West,COD,New,64,3,228.84,9.39,79.28,4.2,4,No,186.94,686.52,64.46,622.06,-18.04
ORD50069,CUST10069,2024-01-02,Sports,Central,UPI,Wholesale,54,1,185.52,22.01,75.32,3.5,6,No,112.89,185.52,40.83,144.69,-43.52
ORD50070,CUST10070,2025-01-24,Electronics,North,Net Banking,New,29,4,80.0,19.31,58.37,4.3,7,No,40.45,320.0,61.79,258.21,38.04
ORD50071,CUST10071,2025-07-19,Home & Kitchen,North,Credit Card,New,47,9,189.58,26.24,74.57,3.6,3,No,99.05,1706.22,447.71,1258.51,292.49
ORD50072,CUST10072,2024-04-15,Sports,Central,Credit Card,New,37,2,217.74,14.88,35.48,4.5,10,No,123.63,435.48,64.8,370.68,87.94
ORD50073,CUST10073,2025-04-21,Home & Kitchen,North,Credit Card,Wholesale,54,3,118.43,11.57,83.36,3.8,1,Yes,75.59,355.29,41.11,314.18,4.05
ORD50074,CUST10074,2025-12-03,Electronics,East,Credit Card,Premium,20,2,93.87,0.9,46.29,5.0,3,No,46.49,187.74,1.69,186.05,46.78
ORD50075,CUST10075,2025-02-05,Grocery,South,COD,New,26,2,249.61,6.53,35.52,4.0,9,No,140.19,499.22,32.6,466.62,150.72
ORD50076,CUST10076,2025-12-30,Grocery,West,Credit Card,Regular,58,10,229.41,10.54,61.22,4.2,1,No,129.36,2294.1,241.8,2052.3,697.48
ORD50077,CUST10077,2025-07-09,Electronics,South,Net Banking,Wholesale,56,8,210.07,11.37,110.3,3.1,8,No,94.85,1680.56,191.08,1489.48,620.38
ORD50078,CUST10078,2024-06-10,Sports,West,COD,Regular,43,3,182.32,28.44,96.4,4.9,2,No,105.94,546.96,155.56,391.4,-22.82
ORD50079,CUST10079,2024-07-20,Electronics,East,Credit Card,New,19,7,125.43,10.55,120.04,4.0,6,No,61.83,878.01,92.63,785.38,232.53
ORD50080,CUST10080,2024-09-26,Beauty,North,UPI,Regular,40,8,793.87,0.0,48.45,5.0,3,No,483.46,6350.96,0.0,6350.96,2434.83
ORD50081,CUST10081,2024-09-27,Fashion,Central,Debit Card,New,40,3,149.32,16.65,89.41,4.0,7,No,78.05,447.96,74.59,373.37,49.81
ORD50082,CUST10082,2025-03-31,Sports,East,Debit Card,Wholesale,38,2,103.3,16.25,166.58,3.9,2,No,77.91,206.6,33.57,173.03,-149.37
ORD50083,CUST10083,2025-04-06,Home & Kitchen,South,Debit Card,Regular,33,8,187.8,8.79,152.89,3.7,4,No,90.11,1502.4,132.06,1370.34,496.57
ORD50084,CUST10084,2025-12-27,Beauty,Central,COD,Regular,26,3,161.16,26.89,32.64,4.4,10,No,124.14,483.48,130.01,353.47,-51.59
ORD50085,CUST10085,2024-09-08,Sports,North,Credit Card,New,30,7,147.09,0.0,44.62,,9,No,97.78,1029.63,0.0,1029.63,300.55
ORD50086,CUST10086,2025-12-02,Electronics,East,COD,New,45,1,612.95,20.75,166.39,,6,No,379.84,612.95,127.19,485.76,-60.47
ORD50087,CUST10087,2024-10-22,Electronics,Central,Net Banking,Premium,44,6,86.98,9.96,110.32,3.6,4,Yes,56.83,521.88,51.98,469.9,18.6
ORD50088,CUST10088,2025-12-25,Electronics,East,UPI,New,34,9,185.74,5.35,,4.5,2,No,109.43,1671.66,89.43,1582.23,515.94
ORD50089,CUST10089,2025-12-20,Electronics,East,UPI,New,55,3,90.85,28.8,76.39,3.6,10,No,45.17,272.55,78.49,194.06,-17.84
ORD50090,CUST10090,2024-12-03,Home & Kitchen,North,Debit Card,Premium,53,7,127.53,17.16,100.24,3.5,9,No,93.53,892.71,153.19,739.52,-15.43
ORD50091,CUST10091,2024-02-22,Beauty,West,Debit Card,New,18,6,560.3,9.91,100.8,4.1,4,No,444.5,3361.8,333.15,3028.65,260.85
ORD50092,CUST10092,2024-08-04,Grocery,Central,Debit Card,New,35,8,217.66,9.77,66.01,,9,No,174.46,1741.28,170.12,1571.16,109.47
ORD50093,CUST10093,2024-07-06,Fashion,North,Credit Card,Premium,26,3,215.96,13.93,82.66,3.7,2,No,150.78,647.88,90.25,557.63,22.63
ORD50094,CUST10094,2025-01-14,Home & Kitchen,East,Net Banking,Wholesale,30,3,98.43,8.77,64.43,5.0,7,Yes,59.24,295.29,25.9,269.39,27.24
ORD50095,CUST10095,2025-05-07,Home & Kitchen,North,Net Banking,Wholesale,57,4,137.55,21.1,97.59,3.9,5,No,86.24,550.2,116.09,434.11,-8.44
ORD50096,CUST10096,2024-02-10,Grocery,West,Net Banking,New,62,3,592.9,,56.81,3.2,8,No,410.93,1778.7,224.29,1554.41,264.81
ORD50097,CUST10097,2024-06-05,Grocery,Central,Net Banking,New,32,9,250.78,19.12,32.95,2.9,8,No,189.22,2257.02,431.54,1825.48,89.55
ORD50098,CUST10098,2024-01-15,Fashion,West,Debit Card,Premium,60,4,145.36,13.46,156.39,4.7,4,No,85.56,581.44,78.26,503.18,4.55
ORD50099,CUST10099,2024-03-05,Fashion,South,UPI,Premium,61,6,241.39,18.09,86.87,3.3,4,Yes,190.51,1448.34,262.0,1186.34,-43.59
ORD50100,CUST10100,2025-06-04,Grocery,Central,Debit Card,Wholesale,63,8,215.72,21.42,166.37,4.0,8,No,122.96,1725.76,369.66,1356.1,206.05
ORD50101,CUST10101,2024-12-09,Electronics,West,Net Banking,Regular,21,8,105.04,23.77,20.0,3.4,3,No,67.9,840.32,199.74,640.58,77.38
ORD50102,CUST10102,2024-05-08,Home & Kitchen,East,Debit Card,New,50,5,142.63,15.44,24.77,3.9,7,No,114.92,713.15,110.11,603.04,3.67
ORD50103,CUST10103,2025-10-09,Sports,Central,Net Banking,Regular,41,5,784.82,5.93,111.01,4.2,8,No,625.61,3924.1,232.7,3691.4,452.34
ORD50104,CUST10104,2025-04-16,Fashion,Central,COD,Regular,53,6,233.88,10.79,86.91,3.1,8,No,165.45,1403.28,151.41,1251.87,172.26
ORD50105,CUST10105,2024-03-03,Fashion,North,UPI,Premium,58,10,80.0,11.82,37.9,3.7,10,No,45.61,800.0,94.56,705.44,211.44
ORD50106,CUST10106,2024-05-18,Grocery,East,COD,New,27,7,252.56,7.99,141.14,3.6,4,No,134.12,1767.92,141.26,1626.66,546.68
ORD50107,CUST10107,2025-05-13,Beauty,South,Credit Card,New,53,10,422.85,6.82,50.85,3.4,9,No,202.82,4228.5,288.38,3940.12,1861.07
ORD50108,CUST10108,2025-08-15,Sports,West,Debit Card,Premium,37,7,100.7,13.22,143.93,3.8,10,No,71.72,704.9,93.19,611.71,-34.26
ORD50109,CUST10109,2025-01-26,Sports,North,Credit Card,Regular,58,4,134.7,5.12,86.83,3.6,4,No,85.71,538.8,27.59,511.21,81.54
ORD50110,CUST10110,2025-11-05,Fashion,West,Debit Card,Premium,62,6,466.36,,41.85,4.6,8,No,308.61,2798.16,105.21,2692.95,799.44
ORD50111,CUST10111,2025-02-22,Electronics,South,COD,Wholesale,61,7,185.43,0.14,59.91,3.5,6,No,115.85,1298.01,1.82,1296.19,425.33
ORD50112,CUST10112,2024-10-15,Beauty,South,Net Banking,New,28,5,165.2,15.36,151.75,4.3,5,No,103.86,826.0,126.87,699.13,28.08
ORD50113,CUST10113,2025-01-13,Sports,Central,Net Banking,Wholesale,29,5,80.0,14.39,76.6,4.3,4,No,52.91,400.0,57.56,342.44,1.29
ORD50114,CUST10114,2025-05-04,Fashion,South,Debit Card,Premium,35,2,363.53,9.73,133.76,3.0,5,No,286.56,727.06,70.74,656.32,-50.56
ORD50115,CUST10115,2024-08-18,Sports,West,Net Banking,New,47,7,160.37,18.96,153.02,3.7,1,No,73.91,1122.59,212.84,909.75,239.36
ORD50116,CUST10116,2024-02-10,Beauty,East,COD,Wholesale,61,6,80.0,5.01,86.38,3.9,7,Yes,59.73,480.0,24.05,455.95,11.19
ORD50117,CUST10117,2024-01-28,Beauty,East,Net Banking,Wholesale,65,1,80.0,14.67,79.96,4.2,8,No,47.56,80.0,11.74,68.26,-59.26
ORD50118,CUST10118,2024-05-14,Home & Kitchen,Central,COD,Regular,54,4,125.84,12.38,71.78,3.8,9,No,91.31,503.36,62.32,441.04,4.02
ORD50119,CUST10119,2024-07-19,Grocery,West,Credit Card,New,37,3,90.26,6.82,105.84,4.7,3,No,72.29,270.78,18.47,252.31,-70.4
ORD50120,CUST10120,2024-02-02,Grocery,West,COD,Wholesale,42,3,99.95,8.55,157.77,4.1,9,No,56.3,299.85,25.64,274.21,-52.46
ORD50121,CUST10121,2024-02-17,Fashion,South,UPI,Wholesale,29,7,832.17,8.01,34.78,4.3,10,No,402.05,5825.19,466.6,5358.59,2509.46
ORD50122,CUST10122,2025-05-17,Beauty,West,UPI,Regular,38,10,287.12,13.77,99.86,3.6,5,No,153.88,2871.2,395.36,2475.84,837.18
ORD50123,CUST10123,2025-02-10,Home & Kitchen,North,UPI,Wholesale,42,4,80.0,,97.91,4.3,10,No,42.57,320.0,51.68,268.32,0.13
ORD50124,CUST10124,2025-07-27,Home & Kitchen,South,Debit Card,Wholesale,28,8,147.77,9.02,20.0,5.0,6,No,107.06,1182.16,106.63,1075.53,199.05
ORD50125,CUST10125,2025-12-28,Sports,North,Debit Card,Wholesale,26,9,171.03,7.02,50.06,4.3,1,No,80.88,1539.27,108.06,1431.21,653.23
ORD50126,CUST10126,2024-04-08,Sports,Central,Debit Card,Regular,42,3,80.0,12.96,59.29,4.7,9,No,37.51,240.0,31.1,208.9,37.08
ORD50127,CUST10127,2025-11-14,Home & Kitchen,East,COD,Wholesale,52,5,256.56,0.44,124.38,3.8,9,No,181.29,1282.8,5.64,1277.16,246.33
ORD50128,CUST10128,2025-12-26,Sports,Central,Debit Card,Wholesale,49,4,80.0,12.24,132.25,4.6,6,Yes,52.48,320.0,39.17,280.83,-61.34
ORD50129,CUST10129,2025-06-30,Beauty,East,Credit Card,New,31,10,369.82,22.93,20.0,4.7,8,No,223.58,3698.2,848.0,2850.2,594.4
ORD50130,CUST10130,2025-09-04,Electronics,Central,UPI,New,18,6,462.66,7.07,118.76,4.2,4,No,306.69,2775.96,196.26,2579.7,620.8
ORD50131,CUST10131,2025-04-06,Beauty,West,COD,Regular,34,10,836.46,10.76,112.95,4.0,5,No,603.96,8364.6,900.03,7464.57,1312.02
ORD50132,CUST10132,2025-10-04,Home & Kitchen,North,UPI,Premium,42,4,80.0,19.17,116.03,3.0,5,No,39.06,320.0,61.34,258.66,-13.61
ORD50133,CUST10133,2024-01-05,Home & Kitchen,East,Debit Card,New,25,8,80.0,17.28,96.87,4.0,7,No,52.38,640.0,110.59,529.41,13.5
ORD50134,CUST10134,2024-08-05,Beauty,South,COD,Regular,22,3,284.36,12.43,132.77,4.4,7,No,214.7,853.08,106.04,747.04,-29.83
ORD50135,CUST10135,2025-05-17,Sports,North,Net Banking,Wholesale,22,5,391.01,11.59,142.72,3.5,7,No,228.39,1955.05,226.59,1728.46,443.79
ORD50136,CUST10136,2025-02-01,Sports,South,Credit Card,Wholesale,58,1,306.68,3.35,20.0,3.2,5,No,224.59,306.68,10.27,296.41,51.82
ORD50137,CUST10137,2025-01-27,Grocery,North,Debit Card,Regular,52,6,365.7,15.44,87.81,4.1,4,No,278.96,2194.2,338.78,1855.42,93.85
ORD50138,CUST10138,2024-07-25,Home & Kitchen,North,Debit Card,Wholesale,36,5,443.61,2.6,78.55,4.1,8,No,334.37,2218.05,57.67,2160.38,409.98
ORD50139,CUST10139,2024-01-15,Fashion,Central,Credit Card,Wholesale,40,8,206.74,0.0,64.23,3.1,1,No,142.78,1653.92,0.0,1653.92,447.45
ORD50140,CUST10140,2025-07-07,Grocery,East,Credit Card,Premium,26,9,157.88,19.06,69.55,4.0,1,No,112.95,1420.92,270.83,1150.09,63.99
ORD50141,CUST10141,2025-04-05,Sports,East,Net Banking,Wholesale,47,8,80.0,14.71,98.41,4.2,6,No,59.32,640.0,94.14,545.86,-27.11
ORD50142,CUST10142,2025-11-21,Beauty,North,Debit Card,New,33,8,149.34,18.16,31.65,4.9,2,No,107.74,1194.72,216.96,977.76,84.19
ORD50143,CUST10143,2025-07-28,Sports,West,Debit Card,Wholesale,50,3,164.98,6.84,120.18,3.7,3,No,101.81,494.94,33.85,461.09,35.48
ORD50144,CUST10144,2024-08-28,Beauty,West,UPI,Regular,19,4,97.78,15.26,73.39,5.0,4,No,49.76,391.12,59.68,331.44,59.01
ORD50145,CUST10145,2025-07-17,Grocery,South,COD,Premium,31,4,176.82,8.93,129.36,4.0,2,No,99.83,707.28,63.16,644.12,115.44
ORD50146,CUST10146,2024-04-05,Home & Kitchen,South,COD,Wholesale,63,5,90.87,9.71,62.1,3.2,10,No,47.86,454.35,44.12,410.23,108.83
ORD50147,CUST10147,2025-04-29,Sports,Central,UPI,Regular,18,9,373.78,18.82,59.66,3.8,7,No,218.19,3364.02,633.11,2730.91,707.54
ORD50148,CUST10148,2025-02-10,Beauty,North,COD,New,43,9,239.08,10.95,47.45,3.3,10,No,150.87,2151.72,235.61,1916.11,510.83
ORD50149,CUST10149,2024-08-18,Home & Kitchen,South,Credit Card,Wholesale,42,10,134.46,7.13,62.35,3.9,1,Yes,108.22,1344.6,95.87,1248.73,104.18
ORD50150,CUST10150,2025-10-16,Fashion,South,COD,Premium,33,1,204.95,2.44,53.94,4.3,3,No,164.99,204.95,5.0,199.95,-18.98
ORD50151,CUST10151,2024-06-19,Beauty,North,COD,Wholesale,32,8,88.38,14.52,109.56,4.2,2,No,64.94,707.04,102.66,604.38,-24.7
ORD50152,CUST10152,2025-06-24,Grocery,Central,UPI,Regular,43,1,94.41,19.42,137.12,3.3,9,No,76.72,94.41,18.33,76.08,-137.76
ORD50153,CUST10153,2024-02-05,Fashion,South,Net Banking,Premium,64,2,120.06,6.52,107.45,3.2,8,No,98.36,240.12,15.66,224.46,-79.71
ORD50154,CUST10154,2025-06-08,Fashion,Central,COD,Wholesale,61,7,160.01,16.82,86.52,4.3,3,No,124.41,1120.07,188.4,931.67,-25.72
ORD50155,CUST10155,2024-06-08,Electronics,East,COD,New,33,8,198.7,5.4,111.91,4.4,5,No,95.26,1589.6,85.84,1503.76,629.77
ORD50156,CUST10156,2025-11-29,Sports,Central,Net Banking,Premium,31,1,199.21,17.25,88.36,3.7,3,No,121.05,199.21,34.36,164.85,-44.56
ORD50157,CUST10157,2024-08-30,Beauty,West,UPI,New,46,3,80.0,12.23,91.29,2.4,6,No,51.81,240.0,29.35,210.65,-36.07
ORD50158,CUST10158,2024-03-26,Fashion,West,Net Banking,Regular,41,7,172.01,13.87,76.2,3.2,5,No,85.3,1204.07,167.0,1037.07,363.77
ORD50159,CUST10159,2025-07-31,Electronics,Central,UPI,Wholesale,64,9,106.51,7.12,127.65,4.6,2,No,79.8,958.59,68.25,890.34,44.49
ORD50160,CUST10160,2025-11-12,Grocery,West,Credit Card,New,32,8,80.0,14.5,20.0,3.5,10,No,40.4,640.0,92.8,547.2,204.0
ORD50161,CUST10161,2025-07-10,Home & Kitchen,East,UPI,Regular,36,8,1338.27,7.82,20.0,,8,Yes,792.03,10706.16,837.22,9868.94,3512.7
ORD50162,CUST10162,2025-07-27,Beauty,North,Credit Card,Wholesale,25,9,107.86,9.1,136.23,4.4,6,No,51.29,970.74,88.34,882.4,284.56
ORD50163,CUST10163,2025-10-07,Fashion,West,Credit Card,Regular,51,10,111.83,1.38,81.16,3.8,3,No,72.03,1118.3,15.43,1102.87,301.41
ORD50164,CUST10164,2024-01-28,Sports,West,UPI,New,19,3,80.0,6.59,131.28,4.9,1,No,53.67,240.0,15.82,224.18,-68.11
ORD50165,CUST10165,2025-09-11,Electronics,Central,Debit Card,Regular,44,8,91.16,8.32,62.64,3.8,5,No,65.82,729.28,60.68,668.6,79.4
ORD50166,CUST10166,2025-07-09,Fashion,East,UPI,Premium,27,1,160.35,14.19,165.34,3.4,2,No,92.3,160.35,22.75,137.6,-120.04
ORD50167,CUST10167,2024-12-05,Sports,North,COD,Wholesale,52,8,436.45,16.17,83.86,4.8,2,No,291.77,3491.6,564.59,2927.01,508.99
ORD50168,CUST10168,2024-11-26,Fashion,Central,COD,Regular,40,7,159.76,7.74,110.22,4.0,9,No,115.29,1118.32,86.56,1031.76,114.51
ORD50169,CUST10169,2025-10-01,Beauty,Central,Debit Card,New,25,8,146.89,10.85,69.88,3.3,10,No,107.52,1175.12,127.5,1047.62,117.58
ORD50170,CUST10170,2025-05-20,Beauty,East,Credit Card,Wholesale,45,1,395.51,23.8,,4.3,7,No,222.12,395.51,94.13,301.38,29.63
ORD50171,CUST10171,2024-12-13,Beauty,North,Debit Card,Premium,40,6,128.91,12.92,20.0,3.8,6,No,61.24,773.46,99.93,673.53,286.09
ORD50172,CUST10172,2025-04-17,Grocery,East,COD,Wholesale,21,7,183.78,8.24,125.36,3.3,1,Yes,85.26,1286.46,106.0,1180.46,458.28
ORD50173,CUST10173,2024-08-18,Grocery,North,Debit Card,Premium,31,5,99.58,0.24,107.79,4.1,10,Yes,73.11,497.9,1.19,496.71,23.37
ORD50174,CUST10174,2024-07-08,Electronics,East,UPI,Wholesale,59,5,542.04,6.02,94.22,3.9,2,No,321.22,2710.2,163.15,2547.05,846.73
ORD50175,CUST10175,2024-08-12,Beauty,Central,Debit Card,Regular,46,7,358.36,5.75,38.76,2.9,7,No,179.02,2508.52,144.24,2364.28,1072.38
ORD50176,CUST10176,2025-01-19,Sports,Central,Credit Card,Regular,18,3,164.11,25.85,153.7,3.3,3,No,85.05,492.33,127.27,365.06,-43.79
ORD50177,CUST10177,2025-01-11,Fashion,South,UPI,New,21,6,139.82,6.06,94.76,5.0,2,No,102.55,838.92,50.84,788.08,78.02
ORD50178,CUST10178,2024-10-09,Home & Kitchen,West,Net Banking,Premium,49,7,177.56,12.36,121.63,4.1,6,No,119.25,1242.92,153.62,1089.3,132.92
ORD50179,CUST10179,2025-09-24,Sports,East,COD,New,50,1,165.68,14.6,89.87,4.9,8,No,105.29,165.68,24.19,141.49,-53.67
ORD50180,CUST10180,2025-09-19,Grocery,South,COD,Regular,43,2,80.0,19.75,40.98,4.2,8,No,54.44,160.0,31.6,128.4,-21.46
ORD50181,CUST10181,2024-09-15,Grocery,West,Debit Card,Premium,34,4,366.4,12.06,134.66,4.8,2,No,183.52,1465.6,176.75,1288.85,420.11
ORD50182,CUST10182,2024-12-24,Sports,East,UPI,New,56,8,156.39,8.43,110.28,4.4,6,No,88.84,1251.12,105.47,1145.65,324.65
ORD50183,CUST10183,2025-12-10,Grocery,North,Net Banking,New,40,10,622.61,7.96,81.84,3.4,5,No,366.35,6226.1,495.6,5730.5,1985.16
ORD50184,CUST10184,2025-03-31,Beauty,West,UPI,New,49,6,238.45,14.49,109.52,4.4,7,No,135.05,1430.7,207.31,1223.39,303.57
ORD50185,CUST10185,2025-02-14,Electronics,Central,COD,New,32,1,80.0,7.21,126.79,3.4,4,Yes,61.59,80.0,5.77,74.23,-114.15
ORD50186,CUST10186,2025-10-10,Fashion,South,UPI,New,30,10,80.0,4.27,119.71,4.6,2,No,53.21,800.0,34.16,765.84,114.03
ORD50187,CUST10187,2024-11-13,Electronics,West,Net Banking,Premium,19,5,80.0,8.43,20.0,4.1,10,No,57.59,400.0,33.72,366.28,58.33
ORD50188,CUST10188,2025-11-07,Fashion,West,Debit Card,New,36,7,80.0,2.73,22.94,4.0,3,No,43.01,560.0,15.29,544.71,220.7
ORD50189,CUST10189,2024-08-12,Fashion,Central,Credit Card,Premium,41,6,80.0,24.95,122.98,3.7,9,Yes,43.82,480.0,119.76,360.24,-25.66
ORD50190,CUST10190,2024-08-21,Electronics,East,UPI,New,62,9,213.61,16.18,58.67,4.5,10,No,113.93,1922.49,311.06,1611.43,527.39
ORD50191,CUST10191,2025-11-14,Sports,North,Credit Card,Regular,41,8,147.61,23.35,42.81,3.9,8,No,104.0,1180.88,275.74,905.14,30.33
ORD50192,CUST10192,2025-10-25,Fashion,Central,COD,Regular,28,4,293.35,15.4,106.74,2.8,9,No,169.89,1173.4,180.7,992.7,206.4
ORD50193,CUST10193,2025-01-08,Electronics,North,Debit Card,New,39,5,176.84,22.67,41.45,2.9,5,No,106.08,884.2,200.45,683.75,111.9
ORD50194,CUST10194,2025-11-02,Fashion,East,Debit Card,Wholesale,32,7,155.06,14.57,68.44,3.2,5,No,110.46,1085.42,158.15,927.27,85.61
ORD50195,CUST10195,2025-08-30,Home & Kitchen,West,UPI,Regular,27,8,666.53,17.08,128.35,4.5,7,No,539.6,5332.24,910.75,4421.49,-23.66
ORD50196,CUST10196,2025-04-16,Sports,North,Debit Card,Premium,58,5,209.52,0.0,21.86,4.6,7,No,106.83,1047.6,0.0,1047.6,491.59
ORD50197,CUST10197,2024-08-20,Beauty,South,UPI,New,44,9,172.03,5.6,28.43,4.2,1,No,81.4,1548.27,86.7,1461.57,700.54
ORD50198,CUST10198,2025-11-22,Fashion,South,UPI,Premium,26,10,104.09,12.26,20.0,4.2,5,No,54.34,1040.9,127.61,913.29,349.89
ORD50199,CUST10199,2024-04-22,Home & Kitchen,Central,Credit Card,Wholesale,45,4,84.41,12.43,51.25,4.9,8,No,60.94,337.64,41.97,295.67,0.66
ORD50200,CUST10200,2025-05-11,Beauty,East,Debit Card,New,18,4,299.11,11.47,93.72,4.2,7,No,156.14,1196.44,137.23,1059.21,340.93
ORD50201,CUST10201,2025-03-17,Beauty,Central,UPI,Regular,34,8,287.71,15.17,62.15,4.4,2,No,191.68,2301.68,349.16,1952.52,356.93
ORD50202,CUST10202,2025-07-17,Fashion,Central,Credit Card,Premium,48,1,503.47,15.46,157.65,4.0,8,No,336.53,503.47,77.84,425.63,-68.55
ORD50203,CUST10203,2024-09-24,Electronics,Central,Net Banking,Regular,61,8,247.47,18.06,110.49,3.7,2,No,138.32,1979.76,357.54,1622.22,405.17
ORD50204,CUST10204,2025-05-24,Fashion,South,Credit Card,Regular,27,5,140.4,16.68,89.15,3.8,10,No,66.75,702.0,117.09,584.91,162.01
ORD50205,CUST10205,2025-01-20,Home & Kitchen,South,Credit Card,New,54,1,252.69,20.43,147.03,5.0,1,No,151.03,252.69,51.62,201.07,-96.99
ORD50206,CUST10206,2025-01-21,Beauty,Central,UPI,Premium,46,4,172.05,20.49,30.11,3.3,3,No,89.31,688.2,141.01,547.19,159.84
ORD50207,CUST10207,2024-04-22,Fashion,South,COD,Wholesale,35,2,318.14,13.22,129.0,4.2,3,No,164.88,636.28,84.12,552.16,93.4
ORD50208,CUST10208,2025-09-04,Electronics,East,COD,Regular,64,4,431.52,26.57,79.37,3.0,6,No,277.62,1726.08,458.62,1267.46,77.61
ORD50209,CUST10209,2025-09-16,Fashion,Central,COD,New,55,8,162.46,21.52,69.51,3.6,3,No,113.57,1299.68,279.69,1019.99,41.92
ORD50210,CUST10210,2024-03-21,Sports,South,Credit Card,New,56,5,568.07,6.35,117.5,4.5,7,No,271.48,2840.35,180.36,2659.99,1185.09
ORD50211,CUST10211,2025-11-29,Electronics,North,UPI,Wholesale,23,1,392.46,14.75,71.44,2.8,8,No,260.59,392.46,57.89,334.57,2.54
ORD50212,CUST10212,2024-04-22,Home & Kitchen,Central,Debit Card,New,57,7,183.37,0.0,98.19,4.6,3,No,99.22,1283.59,0.0,1283.59,490.86
ORD50213,CUST10213,2024-01-02,Beauty,Central,Credit Card,Regular,29,1,280.33,0.28,85.5,5.0,9,Yes,195.98,280.33,0.78,279.55,-1.93
ORD50214,CUST10214,2025-10-03,Fashion,East,Credit Card,New,31,9,221.09,8.5,103.79,4.2,1,No,165.77,1989.81,169.13,1820.68,224.96
ORD50215,CUST10215,2024-08-07,Electronics,West,UPI,Premium,61,3,183.88,5.87,67.18,4.8,3,No,137.65,551.64,32.38,519.26,39.13
ORD50216,CUST10216,2025-07-19,Sports,West,Net Banking,Premium,27,3,628.63,8.55,131.7,4.2,3,No,368.91,1885.89,161.24,1724.65,486.22
ORD50217,CUST10217,2024-08-12,Electronics,East,Credit Card,Regular,37,6,253.77,14.3,20.0,4.5,7,No,167.46,1522.62,217.73,1304.89,280.13
ORD50218,CUST10218,2025-01-19,Grocery,East,Net Banking,Premium,32,10,104.94,20.58,118.84,4.3,5,No,78.04,1049.4,215.97,833.43,-65.81
ORD50219,CUST10219,2025-02-06,Sports,East,Net Banking,Wholesale,48,6,92.93,20.2,20.0,3.7,4,No,43.91,557.58,112.63,444.95,161.49
ORD50220,CUST10220,2025-09-29,Home & Kitchen,West,COD,New,24,6,95.43,14.89,56.09,3.6,2,No,64.33,572.58,85.26,487.32,45.25
ORD50221,CUST10221,2024-05-09,Beauty,East,UPI,Regular,58,1,249.18,4.39,113.51,4.8,7,No,189.26,249.18,10.94,238.24,-64.53
ORD50222,CUST10222,2024-02-22,Home & Kitchen,South,Net Banking,Wholesale,27,5,145.19,8.1,20.0,4.0,3,No,85.34,725.95,58.8,667.15,220.45
ORD50223,CUST10223,2025-11-14,Fashion,Central,UPI,New,27,6,225.12,16.46,97.49,3.9,7,No,139.24,1350.72,222.33,1128.39,195.46
ORD50224,CUST10224,2025-12-30,Electronics,Central,COD,Wholesale,65,8,333.17,6.22,28.29,3.9,10,No,236.06,2665.36,165.79,2499.57,582.8
ORD50225,CUST10225,2025-11-02,Grocery,North,UPI,Regular,56,1,677.67,3.13,46.39,4.2,7,No,321.97,677.67,21.21,656.46,288.1
ORD50226,CUST10226,2025-12-10,Sports,North,Credit Card,Regular,45,5,147.38,15.45,44.32,3.2,2,No,87.35,736.9,113.85,623.05,141.98
ORD50227,CUST10227,2025-02-19,Sports,Central,Net Banking,Wholesale,47,3,80.0,11.66,29.55,3.9,7,No,44.75,240.0,27.98,212.02,48.22
ORD50228,CUST10228,2024-09-03,Electronics,South,UPI,New,54,2,581.18,10.52,20.0,4.2,6,No,265.19,1162.36,122.28,1040.08,489.7
ORD50229,CUST10229,2025-03-14,Grocery,West,Debit Card,Premium,20,8,80.0,19.77,183.2,3.2,10,No,41.8,640.0,126.53,513.47,-4.13
ORD50230,CUST10230,2024-07-21,Electronics,West,UPI,Premium,60,7,80.0,19.62,81.79,4.1,4,No,47.72,560.0,109.87,450.13,34.3
ORD50231,CUST10231,2024-07-02,Fashion,South,Net Banking,Wholesale,32,10,571.46,24.47,34.32,3.4,5,No,298.9,5714.6,1398.36,4316.24,1292.92
ORD50232,CUST10232,2024-05-02,Home & Kitchen,West,COD,Regular,38,7,362.51,7.44,64.7,4.2,8,No,243.93,2537.57,188.8,2348.77,576.56
ORD50233,CUST10233,2025-02-04,Sports,East,COD,New,54,5,248.43,15.01,91.65,5.0,5,No,153.03,1242.15,186.45,1055.7,198.9
ORD50234,CUST10234,2024-10-20,Fashion,Central,Net Banking,New,29,9,175.48,12.13,72.96,3.9,3,No,81.53,1579.32,191.57,1387.75,581.02
ORD50235,CUST10235,2024-10-06,Home & Kitchen,Central,Credit Card,Regular,21,5,155.17,14.37,32.99,3.3,2,Yes,85.62,775.85,111.49,664.36,203.27
ORD50236,CUST10236,2025-09-01,Fashion,South,Credit Card,Premium,64,2,118.74,4.06,49.53,4.2,6,No,54.29,237.48,9.64,227.84,69.73
ORD50237,CUST10237,2024-07-16,Grocery,West,COD,New,26,3,150.81,2.18,143.36,4.3,6,No,87.85,452.43,9.86,442.57,35.66
ORD50238,CUST10238,2025-05-25,Sports,North,COD,Wholesale,56,4,175.77,11.72,26.88,3.4,7,Yes,95.95,703.08,82.4,620.68,210.0
ORD50239,CUST10239,2024-05-23,Electronics,North,Net Banking,Premium,59,5,80.0,6.1,20.0,2.9,8,No,56.37,400.0,24.4,375.6,73.75
ORD50240,CUST10240,2025-08-31,Electronics,West,Credit Card,Wholesale,45,3,106.36,18.57,72.54,3.4,4,No,59.96,319.08,59.25,259.83,7.41
ORD50241,CUST10241,2024-07-19,Home & Kitchen,North,COD,Premium,40,7,80.0,1.5,20.0,4.0,8,No,47.1,560.0,8.4,551.6,201.9
ORD50242,CUST10242,2024-05-03,Beauty,South,Credit Card,Regular,62,5,190.69,2.07,49.06,3.7,1,No,136.99,953.45,19.74,933.71,199.7
ORD50243,CUST10243,2024-07-05,Grocery,South,COD,Wholesale,57,5,190.71,9.08,33.66,4.7,6,No,119.75,953.55,86.58,866.97,234.56
ORD50244,CUST10244,2024-11-21,Home & Kitchen,West,UPI,Wholesale,61,6,575.96,1.23,34.06,4.3,6,Yes,377.77,3455.76,42.51,3413.25,1112.57
ORD50245,CUST10245,2025-04-08,Beauty,North,Debit Card,Regular,39,7,231.39,23.73,93.13,4.1,3,No,176.16,1619.73,384.36,1235.37,-90.88
ORD50246,CUST10246,2024-12-14,Fashion,South,UPI,Wholesale,41,10,126.29,10.72,101.57,2.9,9,No,66.5,1262.9,135.38,1127.52,360.95
ORD50247,CUST10247,2025-10-21,Grocery,South,COD,Premium,43,10,159.14,7.78,53.73,4.4,5,No,129.86,1591.4,123.81,1467.59,115.26
ORD50248,CUST10248,2025-02-06,Fashion,East,Debit Card,New,47,8,248.75,15.28,85.75,5.0,1,No,194.78,1990.0,304.07,1685.93,41.94
ORD50249,CUST10249,2024-12-11,Sports,East,Debit Card,New,50,9,210.18,18.19,51.49,4.6,7,No,116.87,1891.62,344.09,1547.53,444.21
ORD50250,CUST10250,2025-05-25,Grocery,South,COD,Regular,33,4,263.98,13.45,108.04,3.6,10,No,206.01,1055.92,142.02,913.9,-18.18
ORD50251,CUST10251,2024-05-26,Beauty,West,COD,Premium,39,5,231.62,11.52,23.51,3.9,3,No,168.84,1158.1,133.41,1024.69,156.98
ORD50252,CUST10252,2024-05-27,Sports,Central,Credit Card,Wholesale,60,5,153.82,5.12,97.44,4.3,10,Yes,122.19,769.1,39.38,729.72,21.33
ORD50253,CUST10253,2025-12-11,Electronics,Central,COD,Wholesale,35,8,127.96,16.42,100.85,4.9,10,No,90.3,1023.68,168.09,855.59,32.34
ORD50254,CUST10254,2025-05-03,Beauty,South,Net Banking,New,24,9,123.57,21.92,195.12,3.5,4,No,86.44,1112.13,243.78,868.35,-104.73
ORD50255,CUST10255,2025-10-01,Home & Kitchen,South,COD,Wholesale,43,7,99.34,10.46,20.0,3.7,6,No,44.83,695.38,72.74,622.64,288.83
ORD50256,CUST10256,2025-07-04,Electronics,South,Net Banking,New,25,5,89.71,6.06,209.51,4.0,8,No,56.12,448.55,27.18,421.37,-68.74
ORD50257,CUST10257,2024-12-03,Electronics,West,COD,Regular,23,3,598.84,13.27,124.05,3.9,4,No,313.85,1796.52,238.4,1558.12,492.52
ORD50258,CUST10258,2025-10-02,Home & Kitchen,East,Credit Card,Wholesale,47,1,196.58,12.02,172.23,4.5,9,No,112.03,196.58,23.63,172.95,-111.31
ORD50259,CUST10259,2025-04-17,Grocery,South,Net Banking,Premium,56,9,163.87,3.49,130.74,4.2,8,No,133.09,1474.83,51.47,1423.36,94.81
ORD50260,CUST10260,2024-05-30,Electronics,South,UPI,Wholesale,40,5,131.33,,47.54,3.1,10,No,63.25,656.65,55.68,600.97,237.18
ORD50261,CUST10261,2025-02-18,Beauty,North,Net Banking,New,49,9,239.55,24.52,119.6,3.6,10,No,171.83,2155.95,528.64,1627.31,-38.76
ORD50262,CUST10262,2024-10-24,Sports,West,Credit Card,Regular,39,10,396.38,2.57,60.05,3.6,6,No,203.74,3963.8,101.87,3861.93,1764.48
ORD50263,CUST10263,2025-09-02,Electronics,South,Net Banking,New,59,4,290.07,7.17,86.03,2.6,7,No,131.33,1160.28,83.19,1077.09,465.74
ORD50264,CUST10264,2024-09-19,Beauty,North,COD,Wholesale,60,5,329.98,5.36,37.14,4.6,8,No,209.71,1649.9,88.43,1561.47,475.78
ORD50265,CUST10265,2024-05-23,Fashion,Central,COD,New,62,4,123.81,5.98,59.46,4.1,2,No,63.1,495.24,29.62,465.62,153.76
ORD50266,CUST10266,2024-12-11,Beauty,South,Credit Card,New,26,2,180.79,8.88,130.36,3.6,5,No,145.94,361.58,32.11,329.47,-92.77
ORD50267,CUST10267,2025-09-15,Sports,South,Debit Card,Regular,48,1,124.87,15.14,109.71,,7,No,65.6,124.87,18.91,105.96,-69.35
ORD50268,CUST10268,2025-07-25,Beauty,North,COD,Premium,24,8,194.33,21.16,136.09,4.2,8,Yes,101.26,1554.64,328.96,1225.68,279.51
ORD50269,CUST10269,2024-01-02,Home & Kitchen,West,UPI,Wholesale,26,4,414.55,13.42,27.1,3.2,5,No,191.48,1658.2,222.53,1435.67,642.65
ORD50270,CUST10270,2024-10-30,Sports,South,Credit Card,Regular,30,5,241.2,7.21,20.0,4.4,3,No,137.97,1206.0,86.95,1119.05,409.2
ORD50271,CUST10271,2024-09-10,Grocery,Central,Net Banking,Premium,20,6,521.84,22.78,139.58,4.9,6,No,239.48,3131.04,713.25,2417.79,841.33
ORD50272,CUST10272,2025-10-13,Fashion,South,Net Banking,New,52,8,150.27,0.0,136.25,3.9,5,No,95.36,1202.16,0.0,1202.16,303.03
ORD50273,CUST10273,2025-03-28,Home & Kitchen,Central,UPI,Premium,50,8,107.28,16.71,99.52,4.0,8,No,68.35,858.24,143.41,714.83,68.51
ORD50274,CUST10274,2024-02-06,Grocery,East,COD,New,38,7,252.87,4.81,108.87,4.1,9,No,118.77,1770.09,85.14,1684.95,744.69
ORD50275,CUST10275,2024-06-08,Beauty,East,Credit Card,New,48,4,195.83,11.64,128.93,3.2,9,No,105.52,783.32,91.18,692.14,141.13
ORD50276,CUST10276,2024-01-09,Sports,Central,UPI,Regular,51,6,223.58,15.94,98.17,4.1,6,No,169.45,1341.48,213.83,1127.65,12.78
ORD50277,CUST10277,2024-08-20,Fashion,West,COD,New,49,4,202.88,0.76,114.15,3.4,4,No,126.02,811.52,6.17,805.35,187.12
ORD50278,CUST10278,2024-04-08,Home & Kitchen,South,Credit Card,Regular,52,7,132.31,12.99,126.67,4.0,4,No,80.82,926.17,120.31,805.86,113.45
ORD50279,CUST10279,2025-10-20,Grocery,South,Net Banking,Premium,32,1,205.87,13.53,85.79,4.1,9,No,145.87,205.87,27.85,178.02,-53.64
ORD50280,CUST10280,2024-07-26,Grocery,East,Credit Card,Premium,49,5,341.28,22.24,74.45,4.3,4,Yes,243.85,1706.4,379.5,1326.9,33.2
ORD50281,CUST10281,2024-05-10,Fashion,Central,Debit Card,New,23,10,364.84,31.01,107.19,4.4,8,No,267.04,3648.4,1131.37,2517.03,-260.56
ORD50282,CUST10282,2025-02-07,Beauty,South,Credit Card,Regular,62,10,131.87,1.13,191.91,3.4,9,No,99.86,1318.7,14.9,1303.8,113.29
ORD50283,CUST10283,2024-05-31,Fashion,South,Debit Card,New,38,4,210.64,21.92,51.85,4.1,5,No,112.89,842.56,184.69,657.87,154.46
ORD50284,CUST10284,2024-02-23,Grocery,West,Credit Card,Regular,50,7,473.49,11.73,70.62,4.6,6,No,224.7,3314.43,388.78,2925.65,1282.13
ORD50285,CUST10285,2024-04-29,Electronics,North,Debit Card,Regular,49,9,133.74,6.34,20.0,3.3,3,No,79.0,1203.66,76.31,1127.35,396.35
ORD50286,CUST10286,2025-11-03,Home & Kitchen,East,Net Banking,Regular,36,5,118.85,14.58,109.57,5.0,5,No,91.09,594.25,86.64,507.61,-57.41
ORD50287,CUST10287,2025-09-19,Fashion,East,COD,Premium,50,4,303.8,2.88,66.15,3.4,5,No,145.48,1215.2,35.0,1180.2,532.13
ORD50288,CUST10288,2025-08-09,Grocery,North,Debit Card,Regular,45,9,271.06,3.3,26.99,5.0,2,No,179.74,2439.54,80.5,2359.04,714.39
ORD50289,CUST10289,2025-09-16,Beauty,South,Debit Card,Premium,48,5,105.21,0.0,87.14,3.4,10,No,74.64,526.05,0.0,526.05,65.71
ORD50290,CUST10290,2025-02-23,Grocery,West,Net Banking,Regular,38,9,80.0,15.82,157.26,4.0,6,No,50.25,720.0,113.9,606.1,-3.41
ORD50291,CUST10291,2025-02-25,Beauty,West,Debit Card,Premium,51,8,207.99,14.29,74.16,3.9,9,No,113.23,1663.92,237.77,1426.15,446.15
ORD50292,CUST10292,2024-04-13,Fashion,East,UPI,Wholesale,32,4,138.09,6.3,78.28,3.1,7,No,78.81,552.36,34.8,517.56,124.04
ORD50293,CUST10293,2024-09-10,Beauty,West,Net Banking,Premium,31,7,80.0,22.67,155.51,4.5,8,No,38.12,560.0,126.95,433.05,10.7
ORD50294,CUST10294,2024-08-14,Sports,North,UPI,Premium,36,5,115.97,7.36,89.77,4.5,2,No,64.74,579.85,42.68,537.17,123.7
ORD50295,CUST10295,2024-04-21,Sports,South,Net Banking,New,60,10,268.19,20.98,35.66,4.4,9,No,125.09,2681.9,562.66,2119.24,832.68
ORD50296,CUST10296,2025-05-24,Sports,North,Debit Card,Regular,32,4,164.28,12.85,121.0,3.8,3,No,118.07,657.12,84.44,572.68,-20.6
ORD50297,CUST10297,2025-04-17,Electronics,Central,UPI,Wholesale,23,5,501.68,7.27,140.61,3.5,10,No,392.44,2508.4,182.36,2326.04,223.23
ORD50298,CUST10298,2024-04-08,Fashion,East,Debit Card,New,26,5,80.0,11.2,80.98,4.7,5,No,54.75,400.0,44.8,355.2,0.47
ORD50299,CUST10299,2024-06-01,Grocery,West,Net Banking,Regular,54,9,432.55,3.22,95.87,4.1,7,Yes,299.75,3892.95,125.35,3767.6,973.98
ORD50300,CUST10300,2024-12-03,Grocery,Central,Debit Card,Wholesale,37,9,144.96,13.52,31.0,3.5,4,No,90.56,1304.64,176.39,1128.25,282.21
ORD50301,CUST10301,2025-12-06,Electronics,West,UPI,Wholesale,51,6,131.96,12.21,50.82,4.1,7,No,67.0,791.76,96.67,695.09,242.27
ORD50302,CUST10302,2024-06-11,Beauty,South,UPI,Wholesale,55,4,80.0,15.69,75.01,2.9,8,No,36.23,320.0,50.21,269.79,49.86
ORD50303,CUST10303,2025-12-20,Electronics,South,Debit Card,Regular,43,2,245.26,18.15,93.46,4.1,10,No,141.58,490.52,89.03,401.49,24.87
ORD50304,CUST10304,2025-11-11,Beauty,South,Credit Card,Wholesale,35,3,80.0,12.81,62.11,4.4,10,Yes,58.24,240.0,30.74,209.26,-27.57
ORD50305,CUST10305,2024-06-09,Beauty,West,Net Banking,Wholesale,45,2,308.47,1.67,73.31,3.9,4,No,248.43,616.94,10.3,606.64,36.47
ORD50306,CUST10306,2025-08-02,Home & Kitchen,Central,Net Banking,New,26,5,80.0,18.53,84.43,4.5,5,No,48.76,400.0,74.12,325.88,-2.35
ORD50307,CUST10307,2025-02-01,Grocery,South,Debit Card,Premium,49,6,80.0,12.1,45.09,4.5,3,No,46.82,480.0,58.08,421.92,95.91
ORD50308,CUST10308,2024-10-03,Sports,Central,Credit Card,Regular,23,5,83.57,0.0,77.9,4.2,5,No,51.4,417.85,0.0,417.85,82.95
ORD50309,CUST10309,2025-05-18,Beauty,West,UPI,Premium,31,2,113.82,14.17,142.02,5.0,8,No,69.23,227.64,32.26,195.38,-85.1
ORD50310,CUST10310,2025-01-26,Home & Kitchen,Central,COD,New,45,5,334.4,14.7,63.18,4.9,3,No,227.92,1672.0,245.78,1426.22,223.44
ORD50311,CUST10311,2024-05-14,Grocery,West,COD,Premium,41,9,481.82,9.49,49.46,4.4,5,No,347.7,4336.38,411.52,3924.86,746.1
ORD50312,CUST10312,2024-07-13,Sports,West,Debit Card,Wholesale,30,4,121.73,10.62,183.83,4.2,10,No,90.13,486.92,51.71,435.21,-109.14
ORD50313,CUST10313,2025-02-04,Beauty,East,Credit Card,Wholesale,60,10,175.87,7.83,100.15,3.8,1,No,121.41,1758.7,137.71,1620.99,306.74
ORD50314,CUST10314,2025-10-01,Beauty,West,Credit Card,Regular,29,2,249.25,14.91,55.22,3.6,2,No,152.53,498.5,74.33,424.17,63.89
ORD50315,CUST10315,2024-02-02,Electronics,West,Net Banking,Regular,36,3,146.34,12.98,118.96,4.5,3,No,117.3,439.02,56.98,382.04,-88.82
ORD50316,CUST10316,2025-11-18,Electronics,North,UPI,Regular,38,3,242.98,5.64,101.52,3.9,1,No,173.26,728.94,41.11,687.83,66.53
ORD50317,CUST10317,2025-04-04,Grocery,South,Credit Card,New,44,9,180.79,23.33,64.34,3.3,9,No,109.9,1627.11,379.6,1247.51,194.07
ORD50318,CUST10318,2025-04-14,Sports,East,COD,Regular,36,4,153.74,7.34,87.8,3.5,9,No,94.59,614.96,45.14,569.82,103.66
ORD50319,CUST10319,2025-01-09,Beauty,East,UPI,New,41,1,80.0,0.0,76.89,3.6,5,No,60.21,80.0,0.0,80.0,-57.1
ORD50320,CUST10320,2024-01-22,Grocery,East,UPI,Wholesale,43,1,199.71,8.71,134.55,5.0,4,No,122.42,199.71,17.39,182.32,-74.65
ORD50321,CUST10321,2025-10-31,Grocery,North,Debit Card,Premium,62,7,337.97,19.22,120.66,4.6,5,No,216.65,2365.79,454.7,1911.09,273.88
ORD50322,CUST10322,2024-02-07,Fashion,West,Credit Card,Wholesale,45,7,109.3,10.55,20.0,4.0,4,No,60.98,765.1,80.72,684.38,237.52
ORD50323,CUST10323,2024-08-17,Electronics,South,Debit Card,Wholesale,63,2,80.0,0.56,175.63,4.3,5,Yes,60.83,160.0,0.9,159.1,-138.19
ORD50324,CUST10324,2024-12-30,Sports,Central,Credit Card,Wholesale,35,9,147.27,4.8,77.03,4.3,7,No,94.73,1325.43,63.62,1261.81,332.21
ORD50325,CUST10325,2025-07-16,Beauty,West,Net Banking,Regular,61,9,483.64,4.43,167.51,3.4,8,No,316.51,4352.76,192.83,4159.93,1143.83
ORD50326,CUST10326,2025-03-13,Grocery,North,Debit Card,Regular,53,5,398.52,7.97,122.22,3.2,2,No,309.19,1992.6,158.81,1833.79,165.62
ORD50327,CUST10327,2024-10-09,Beauty,West,Debit Card,Regular,59,3,124.3,10.17,101.17,4.7,4,No,98.27,372.9,37.92,334.98,-61.0
ORD50328,CUST10328,2024-01-27,Fashion,West,COD,Premium,46,3,243.74,15.46,85.76,3.1,8,Yes,184.01,731.22,113.05,618.17,-19.62
ORD50329,CUST10329,2024-08-13,Sports,North,Debit Card,Regular,34,3,270.1,12.9,214.14,4.0,7,No,128.08,810.3,104.53,705.77,107.39
ORD50330,CUST10330,2024-10-03,Grocery,East,Credit Card,New,21,6,477.57,13.23,77.78,3.5,9,No,293.27,2865.42,379.1,2486.32,648.92
ORD50331,CUST10331,2025-08-31,Beauty,East,COD,Wholesale,61,4,80.0,24.46,59.79,4.1,5,No,46.16,320.0,78.27,241.73,-2.7
ORD50332,CUST10332,2024-10-10,Electronics,South,Debit Card,Premium,62,8,90.49,18.03,63.84,3.8,6,No,47.87,723.92,130.52,593.4,146.6
ORD50333,CUST10333,2025-04-25,Fashion,South,Debit Card,Premium,46,5,80.0,17.41,90.05,4.3,8,No,62.91,400.0,69.64,330.36,-74.24
ORD50334,CUST10334,2025-03-28,Sports,East,Net Banking,Premium,21,1,116.63,0.0,89.97,2.5,5,No,90.89,116.63,0.0,116.63,-64.23
ORD50335,CUST10335,2025-10-20,Fashion,Central,Debit Card,Premium,27,9,362.53,6.74,135.18,4.7,9,No,225.55,3262.77,219.91,3042.86,877.73
ORD50336,CUST10336,2025-05-30,Electronics,West,UPI,Premium,42,1,125.99,0.82,124.12,4.5,4,No,62.97,125.99,1.03,124.96,-62.13
ORD50337,CUST10337,2025-06-30,Sports,Central,COD,New,48,6,80.0,6.62,124.18,4.7,8,No,36.4,480.0,31.78,448.22,105.64
ORD50338,CUST10338,2024-07-10,Fashion,West,UPI,Wholesale,20,1,210.04,17.56,79.73,4.6,3,No,128.59,210.04,36.88,173.16,-35.16
ORD50339,CUST10339,2024-02-18,Home & Kitchen,East,COD,Premium,64,3,213.59,9.25,120.44,4.2,5,No,99.27,640.77,59.27,581.5,163.25
ORD50340,CUST10340,2025-05-26,Electronics,South,Net Banking,Wholesale,19,10,93.59,19.51,125.16,3.6,8,No,63.22,935.9,182.59,753.31,-4.05
ORD50341,CUST10341,2024-01-17,Electronics,South,Debit Card,Regular,42,5,130.46,16.85,86.43,4.3,10,No,88.08,652.3,109.91,542.39,15.56
ORD50342,CUST10342,2024-06-20,Electronics,Central,Debit Card,Premium,23,10,199.91,12.35,102.56,4.2,7,No,156.45,1999.1,246.89,1752.21,85.15
ORD50343,CUST10343,2024-08-07,Home & Kitchen,South,Debit Card,Premium,43,7,294.39,19.67,125.1,4.6,1,No,153.18,2060.73,405.35,1655.38,458.02
ORD50344,CUST10344,2024-06-06,Home & Kitchen,East,COD,Wholesale,25,10,118.89,21.55,99.5,4.4,4,No,69.84,1188.9,256.21,932.69,134.79
ORD50345,CUST10345,2025-04-21,Beauty,Central,Debit Card,Premium,52,8,108.26,15.18,103.8,4.1,2,No,83.15,866.08,131.47,734.61,-34.39
ORD50346,CUST10346,2024-02-15,Grocery,West,UPI,Premium,44,9,628.39,13.61,153.32,4.3,2,No,393.05,5655.51,769.71,4885.8,1195.03
ORD50347,CUST10347,2025-01-07,Fashion,South,Debit Card,Premium,42,6,151.7,16.43,99.86,4.3,7,No,71.62,910.2,149.55,760.65,231.07
ORD50348,CUST10348,2025-06-01,Beauty,North,Net Banking,New,35,9,213.18,2.15,62.65,4.7,3,No,104.67,1918.62,41.25,1877.37,872.69
ORD50349,CUST10349,2024-04-08,Fashion,South,UPI,New,18,8,276.29,11.18,29.44,5.0,3,No,207.49,2210.32,247.11,1963.21,273.85
ORD50350,CUST10350,2024-02-06,Grocery,West,Debit Card,Premium,65,9,80.0,11.83,95.09,4.4,6,No,58.01,720.0,85.18,634.82,17.64
ORD50351,CUST10351,2024-10-06,Home & Kitchen,Central,Debit Card,New,56,10,179.1,9.42,75.08,4.3,6,No,138.64,1791.0,168.71,1622.29,160.81
ORD50352,CUST10352,2024-12-14,Grocery,West,Credit Card,Regular,20,4,80.0,6.47,126.37,3.9,1,No,39.52,320.0,20.7,299.3,14.85
ORD50353,CUST10353,2025-05-11,Home & Kitchen,North,COD,Premium,21,9,166.5,18.99,161.0,3.8,1,No,121.77,1498.5,284.57,1213.93,-43.0
ORD50354,CUST10354,2024-10-28,Grocery,East,UPI,Regular,58,7,442.54,13.19,43.66,3.5,6,No,306.41,3097.78,408.6,2689.18,500.65
ORD50355,CUST10355,2024-06-29,Beauty,South,Credit Card,Wholesale,54,5,94.73,13.83,50.14,1.9,7,Yes,50.77,473.65,65.51,408.14,104.15
ORD50356,CUST10356,2025-08-29,Sports,Central,Net Banking,Regular,32,5,80.0,21.97,88.91,3.5,9,No,64.83,400.0,87.88,312.12,-100.94
ORD50357,CUST10357,2024-04-08,Beauty,East,COD,Wholesale,25,1,618.31,10.63,54.0,3.9,4,No,408.72,618.31,65.73,552.58,89.86
ORD50358,CUST10358,2025-11-30,Fashion,West,UPI,Premium,55,2,86.01,9.28,80.01,3.8,10,No,67.56,172.02,15.96,156.06,-59.07
ORD50359,CUST10359,2024-04-25,Beauty,Central,Debit Card,Wholesale,36,10,80.0,21.53,65.87,4.3,6,No,61.43,800.0,172.24,627.76,-52.41
ORD50360,CUST10360,2024-07-09,Electronics,East,UPI,Wholesale,64,3,519.24,1.56,44.65,3.5,3,No,297.66,1557.72,24.3,1533.42,595.79
ORD50361,CUST10361,2024-09-09,Fashion,Central,Debit Card,Regular,43,8,83.83,12.36,127.16,3.5,4,No,54.35,670.64,82.89,587.75,25.79
ORD50362,CUST10362,2024-06-09,Grocery,North,COD,Regular,56,6,528.05,,93.39,2.6,9,No,321.9,3168.3,216.71,2951.59,926.8
ORD50363,CUST10363,2024-09-12,Fashion,North,Debit Card,Regular,27,10,216.62,14.05,172.37,4.3,1,No,154.31,2166.2,304.35,1861.85,146.38
ORD50364,CUST10364,2024-11-18,Sports,South,Net Banking,Premium,55,5,417.62,16.0,106.16,3.4,5,No,278.79,2088.1,334.1,1754.0,253.89
ORD50365,CUST10365,2024-05-07,Home & Kitchen,South,Debit Card,Premium,31,1,204.58,16.39,147.98,3.5,7,Yes,151.47,204.58,33.53,171.05,-128.4
ORD50366,CUST10366,2024-01-18,Grocery,North,Net Banking,Regular,58,9,365.7,19.18,57.2,4.4,3,No,166.16,3291.3,631.27,2660.03,1107.39
ORD50367,CUST10367,2025-07-19,Fashion,Central,COD,Premium,36,3,99.78,10.23,56.65,3.4,2,No,70.29,299.34,30.62,268.72,1.2
ORD50368,CUST10368,2025-07-23,Grocery,North,COD,Premium,47,3,121.65,10.67,189.94,4.2,2,No,69.1,364.95,38.94,326.01,-71.23
ORD50369,CUST10369,2024-11-18,Grocery,South,UPI,Wholesale,22,2,80.0,15.69,62.6,3.2,1,Yes,42.64,160.0,25.1,134.9,-12.98
ORD50370,CUST10370,2025-11-16,Grocery,North,Net Banking,Wholesale,48,4,340.92,18.21,47.29,4.0,5,No,254.48,1363.68,248.33,1115.35,50.14
ORD50371,CUST10371,2025-09-17,Home & Kitchen,North,Net Banking,Regular,24,2,238.11,2.9,37.29,3.6,3,No,115.01,476.22,13.81,462.41,195.1
ORD50372,CUST10372,2024-10-14,Beauty,Central,Credit Card,Premium,36,9,94.18,14.2,176.21,3.8,7,No,50.34,847.62,120.36,727.26,97.99
ORD50373,CUST10373,2025-10-24,Grocery,East,Credit Card,Wholesale,48,10,80.0,9.23,77.64,5.0,1,No,42.03,800.0,73.84,726.16,228.22
ORD50374,CUST10374,2025-09-30,Electronics,South,Credit Card,New,56,7,217.71,12.61,108.15,2.9,9,No,131.79,1523.97,192.17,1331.8,301.12
ORD50375,CUST10375,2024-06-03,Sports,Central,Debit Card,Premium,41,8,538.81,9.5,96.81,4.9,2,No,306.73,4310.48,409.5,3900.98,1350.33
ORD50376,CUST10376,2025-05-04,Home & Kitchen,North,Credit Card,New,51,3,165.72,6.94,57.45,,8,No,118.75,497.16,34.5,462.66,48.96
ORD50377,CUST10377,2025-01-20,Fashion,North,Net Banking,Regular,40,6,118.16,4.87,76.67,4.6,10,No,83.75,708.96,34.53,674.43,95.26
ORD50378,CUST10378,2024-04-13,Home & Kitchen,East,Debit Card,Premium,65,10,98.58,10.94,128.06,4.7,4,No,56.23,985.8,107.85,877.95,187.59
ORD50379,CUST10379,2025-01-27,Fashion,South,COD,Regular,62,6,408.33,14.51,34.84,4.3,6,No,249.77,2449.98,355.49,2094.49,561.03
ORD50380,CUST10380,2024-09-02,Home & Kitchen,South,UPI,Regular,57,1,109.23,7.78,120.34,3.2,9,No,57.56,109.23,8.5,100.73,-77.17
ORD50381,CUST10381,2024-06-24,Fashion,West,Credit Card,Regular,23,6,142.41,20.33,154.53,4.2,7,No,99.43,854.46,173.71,680.75,-70.36
ORD50382,CUST10382,2024-02-08,Grocery,South,COD,Regular,55,3,356.78,29.21,103.16,,8,No,212.86,1070.34,312.65,757.69,15.95
ORD50383,CUST10383,2025-04-21,Beauty,East,Net Banking,Regular,58,3,274.34,14.89,150.0,4.0,7,No,136.94,823.02,122.55,700.47,139.65
ORD50384,CUST10384,2025-11-12,Fashion,West,UPI,Premium,53,3,146.0,11.71,28.29,3.9,2,No,72.57,438.0,51.29,386.71,140.71
ORD50385,CUST10385,2025-06-21,Fashion,West,COD,New,44,10,115.08,5.61,20.0,3.9,9,No,65.51,1150.8,64.56,1086.24,411.14
ORD50386,CUST10386,2025-02-11,Electronics,North,UPI,Premium,28,10,469.95,14.59,100.92,4.3,1,No,341.42,4699.5,685.66,4013.84,498.72
ORD50387,CUST10387,2025-06-08,Fashion,North,Credit Card,Premium,22,8,87.74,22.34,63.61,3.9,2,No,40.31,701.92,156.81,545.11,159.02
ORD50388,CUST10388,2025-05-20,Electronics,South,Net Banking,Premium,34,5,158.11,25.64,129.54,4.2,3,No,86.23,790.55,202.7,587.85,27.16
ORD50389,CUST10389,2024-02-05,Sports,West,UPI,Wholesale,24,4,80.0,21.77,76.03,3.8,3,No,40.81,320.0,69.66,250.34,11.07
ORD50390,CUST10390,2025-11-15,Grocery,North,COD,Wholesale,44,9,392.59,17.9,96.62,3.3,10,No,315.6,3533.31,632.46,2900.85,-36.17
ORD50391,CUST10391,2024-01-20,Electronics,East,Credit Card,Premium,64,9,133.13,14.87,93.64,5.0,4,No,94.65,1198.17,178.17,1020.0,74.51
ORD50392,CUST10392,2024-11-16,Beauty,North,Credit Card,New,32,1,115.04,4.66,95.08,3.9,5,No,61.7,115.04,5.36,109.68,-47.1
ORD50393,CUST10393,2025-05-26,Grocery,North,COD,Premium,63,2,278.68,11.3,65.58,5.0,6,Yes,146.8,557.36,62.98,494.38,135.2
ORD50394,CUST10394,2025-02-03,Electronics,West,COD,Regular,30,8,80.0,10.49,28.59,4.3,1,No,61.4,640.0,67.14,572.86,53.07
ORD50395,CUST10395,2025-10-15,Grocery,West,UPI,Wholesale,28,5,273.96,11.35,80.14,4.4,8,No,142.56,1369.8,155.47,1214.33,421.39
ORD50396,CUST10396,2025-04-15,Grocery,Central,Debit Card,Wholesale,62,7,143.4,6.96,155.25,3.8,6,No,117.43,1003.8,69.86,933.94,-43.32
ORD50397,CUST10397,2024-05-22,Grocery,East,Credit Card,Premium,43,1,82.81,17.31,62.6,3.6,10,No,45.91,82.81,14.33,68.48,-40.03
ORD50398,CUST10398,2024-04-01,Sports,West,UPI,Premium,39,10,95.23,10.08,62.35,3.8,9,No,45.82,952.3,95.99,856.31,335.76
ORD50399,CUST10399,2024-12-19,Beauty,South,COD,New,45,5,116.2,9.51,97.09,3.5,5,No,82.0,581.0,55.25,525.75,18.66
ORD50400,CUST10400,2025-12-27,Home & Kitchen,East,UPI,New,41,3,135.83,6.99,37.03,3.4,7,No,91.76,407.49,28.48,379.01,66.7
ORD50401,CUST10401,2024-02-20,Home & Kitchen,East,COD,Regular,46,10,83.18,,135.16,5.0,4,No,68.2,831.8,113.37,718.43,-98.73
ORD50402,CUST10402,2025-10-26,Electronics,West,Net Banking,Premium,26,2,219.52,22.48,41.32,4.5,6,No,163.93,439.04,98.7,340.34,-28.84
ORD50403,CUST10403,2025-11-28,Grocery,East,COD,Premium,59,2,81.77,11.93,76.98,5.0,6,No,49.77,163.54,19.51,144.03,-32.49
ORD50404,CUST10404,2025-07-28,Electronics,West,COD,Premium,21,9,80.0,13.97,204.25,4.7,4,No,56.03,720.0,100.58,619.42,-89.1
ORD50405,CUST10405,2024-07-08,Sports,North,COD,Wholesale,63,4,631.28,25.55,38.58,3.6,6,No,475.1,2525.12,645.17,1879.95,-59.03
ORD50406,CUST10406,2024-05-04,Sports,Central,Debit Card,Regular,35,4,206.16,20.42,156.26,3.0,8,No,131.96,824.64,168.39,656.25,-27.85
ORD50407,CUST10407,2024-05-29,Fashion,North,COD,New,60,7,669.26,16.11,95.46,3.7,5,No,368.74,4684.82,754.72,3930.1,1253.46
ORD50408,CUST10408,2024-11-09,Sports,West,Credit Card,Wholesale,33,10,91.98,15.82,101.8,4.1,2,No,48.54,919.8,145.51,774.29,187.09
ORD50409,CUST10409,2025-07-23,Fashion,West,Credit Card,Wholesale,50,10,247.61,7.78,53.58,4.7,9,No,138.48,2476.1,192.64,2283.46,845.08
ORD50410,CUST10410,2024-12-07,Beauty,North,UPI,Wholesale,46,2,324.24,7.09,125.94,4.0,4,No,247.65,648.48,45.98,602.5,-18.74
ORD50411,CUST10411,2024-10-31,Electronics,South,Debit Card,Wholesale,56,3,160.28,12.99,73.53,5.0,4,No,94.69,480.84,62.46,418.38,60.78
ORD50412,CUST10412,2025-11-22,Beauty,South,UPI,Regular,27,3,80.0,13.17,38.35,3.7,7,No,44.49,240.0,31.61,208.39,36.57
ORD50413,CUST10413,2025-11-12,Sports,South,Credit Card,Premium,26,6,152.64,6.05,155.5,4.4,10,No,114.2,915.84,55.41,860.43,19.73
ORD50414,CUST10414,2024-02-23,Beauty,West,Credit Card,New,48,3,272.37,16.92,72.64,3.6,10,No,125.78,817.11,138.26,678.85,228.87
ORD50415,CUST10415,2025-03-19,Beauty,East,Net Banking,New,45,5,265.69,10.06,20.0,4.3,6,No,177.95,1328.45,133.64,1194.81,285.06
ORD50416,CUST10416,2025-09-04,Beauty,West,COD,Wholesale,20,4,181.08,19.89,77.91,3.9,4,No,140.02,724.32,144.07,580.25,-57.74
ORD50417,CUST10417,2024-09-20,Sports,East,Credit Card,Wholesale,31,3,324.81,11.61,126.36,3.8,6,No,195.45,974.43,113.13,861.3,148.59
ORD50418,CUST10418,2024-02-22,Grocery,North,UPI,Regular,42,8,314.99,10.99,119.18,3.6,3,No,173.13,2519.92,276.94,2242.98,738.76
ORD50419,CUST10419,2025-07-25,Beauty,Central,UPI,Wholesale,32,10,128.97,5.44,61.16,4.1,7,No,81.5,1289.7,70.16,1219.54,343.38
ORD50420,CUST10420,2025-09-11,Fashion,East,COD,New,19,3,80.0,,46.01,4.5,6,No,57.24,240.0,14.88,225.12,7.39
ORD50421,CUST10421,2024-01-05,Sports,South,COD,New,41,6,205.16,21.22,28.52,3.4,3,Yes,131.54,1230.96,261.21,969.75,151.99
ORD50422,CUST10422,2024-04-12,Beauty,West,Net Banking,Premium,31,7,111.57,13.88,88.98,4.0,1,No,50.52,780.99,108.4,672.59,229.97
ORD50423,CUST10423,2024-07-14,Grocery,North,Debit Card,Premium,65,7,199.03,14.73,96.79,4.3,10,No,95.33,1393.21,205.22,1187.99,423.89
ORD50424,CUST10424,2024-12-15,Sports,South,UPI,New,24,2,434.67,23.2,121.9,4.4,5,No,311.61,869.34,201.69,667.65,-77.47
ORD50425,CUST10425,2024-02-16,Home & Kitchen,North,COD,New,53,3,240.9,2.78,83.29,5.0,10,No,144.05,722.7,20.09,702.61,187.17
ORD50426,CUST10426,2025-10-17,Grocery,Central,UPI,Regular,41,10,420.97,16.7,81.96,4.4,2,No,311.67,4209.7,703.02,3506.68,308.02
ORD50427,CUST10427,2024-09-25,Fashion,West,COD,Regular,44,10,93.93,0.88,77.47,3.7,7,No,64.84,939.3,8.27,931.03,205.16
ORD50428,CUST10428,2025-01-04,Beauty,West,Credit Card,New,54,4,367.55,8.94,96.87,3.6,7,Yes,244.48,1470.2,131.44,1338.76,263.97
ORD50429,CUST10429,2025-09-27,Home & Kitchen,Central,UPI,Wholesale,55,7,539.04,3.98,83.99,3.6,4,No,422.34,3773.28,150.18,3623.1,582.73
ORD50430,CUST10430,2024-04-15,Home & Kitchen,West,Credit Card,Premium,47,2,189.01,18.01,132.26,3.6,6,Yes,86.55,378.02,68.08,309.94,4.58
ORD50431,CUST10431,2025-10-31,Sports,East,UPI,New,44,3,820.02,0.0,103.99,4.1,1,No,416.05,2460.06,0.0,2460.06,1107.92
ORD50432,CUST10432,2025-10-20,Home & Kitchen,North,Debit Card,Wholesale,56,7,103.82,10.39,94.86,4.3,2,No,70.7,726.74,75.51,651.23,61.47
ORD50433,CUST10433,2025-10-18,Fashion,South,Net Banking,New,32,7,119.67,3.89,88.12,4.5,6,No,56.77,837.69,32.59,805.1,319.59
ORD50434,CUST10434,2024-04-29,Fashion,Central,Credit Card,Premium,43,10,276.57,6.02,47.62,4.4,2,Yes,190.46,2765.7,166.5,2599.2,646.98
ORD50435,CUST10435,2025-08-26,Electronics,East,COD,Premium,18,3,187.8,7.1,89.97,4.8,4,No,152.89,563.4,40.0,523.4,-25.24
ORD50436,CUST10436,2024-02-27,Fashion,South,Debit Card,Regular,21,1,111.84,21.23,60.91,3.6,4,No,86.69,111.84,23.74,88.1,-59.5
ORD50437,CUST10437,2024-12-11,Grocery,South,UPI,Regular,46,3,271.08,9.65,105.59,,10,No,181.25,813.24,78.48,734.76,85.42
ORD50438,CUST10438,2025-04-18,Home & Kitchen,Central,Credit Card,Regular,18,5,228.4,24.09,80.6,3.6,9,No,178.33,1142.0,275.11,866.89,-105.36
ORD50439,CUST10439,2024-04-26,Fashion,East,UPI,Regular,60,7,123.83,25.56,164.89,4.2,10,No,61.05,866.81,221.56,645.25,53.01
ORD50440,CUST10440,2024-05-06,Sports,South,UPI,Premium,63,4,204.97,26.8,33.21,3.9,7,No,126.72,819.88,219.73,600.15,60.06
ORD50441,CUST10441,2025-01-27,Electronics,South,UPI,Wholesale,39,1,296.89,11.59,20.0,4.0,7,No,180.69,296.89,34.41,262.48,61.79
ORD50442,CUST10442,2025-10-02,Home & Kitchen,East,Net Banking,Wholesale,28,6,122.06,13.47,102.04,4.4,1,No,70.12,732.36,98.65,633.71,110.95
ORD50443,CUST10443,2024-02-27,Electronics,West,Net Banking,Wholesale,27,2,253.67,,61.05,3.1,5,No,114.17,507.34,74.33,433.01,143.62
ORD50444,CUST10444,2025-09-25,Home & Kitchen,South,COD,New,34,3,103.17,9.43,97.25,3.5,3,No,80.44,309.51,29.19,280.32,-58.25
ORD50445,CUST10445,2025-05-27,Sports,North,Credit Card,Regular,53,4,116.98,14.97,34.4,4.5,3,No,86.3,467.92,70.05,397.87,18.27
ORD50446,CUST10446,2024-04-05,Electronics,East,Debit Card,Regular,64,6,373.36,5.45,175.9,4.0,6,No,258.2,2240.16,122.09,2118.07,392.97
ORD50447,CUST10447,2025-09-29,Beauty,South,Debit Card,Premium,43,6,270.14,0.0,72.61,3.8,4,No,134.45,1620.84,0.0,1620.84,741.53
ORD50448,CUST10448,2024-04-27,Grocery,Central,Debit Card,Premium,65,7,80.0,17.0,58.14,3.3,8,No,47.19,560.0,95.2,464.8,76.33
ORD50449,CUST10449,2025-07-13,Grocery,North,UPI,New,38,5,142.13,9.55,175.07,3.8,4,No,112.57,710.65,67.87,642.78,-95.14
ORD50450,CUST10450,2025-08-23,Home & Kitchen,South,Net Banking,New,30,7,249.21,5.16,127.82,4.4,8,No,169.03,1744.47,90.01,1654.46,343.43
ORD50451,CUST10451,2025-05-02,Beauty,North,Credit Card,Wholesale,26,2,198.4,6.05,152.53,3.6,4,No,133.58,396.8,24.01,372.79,-46.9
ORD50452,CUST10452,2024-08-24,Electronics,North,UPI,Premium,28,1,270.92,22.61,82.25,4.9,3,No,213.45,270.92,61.26,209.66,-86.04
ORD50453,CUST10453,2024-09-28,Beauty,West,Net Banking,Regular,28,10,195.47,15.25,92.11,4.7,5,No,128.45,1954.7,298.09,1656.61,280.0
ORD50454,CUST10454,2024-07-07,Beauty,North,Net Banking,Wholesale,23,8,166.3,,63.15,3.8,5,No,111.61,1330.4,17.83,1312.57,356.54
ORD50455,CUST10455,2025-12-04,Electronics,West,Credit Card,Regular,18,1,163.03,3.69,57.89,3.6,10,No,94.22,163.03,6.02,157.01,4.9
ORD50456,CUST10456,2025-03-22,Sports,East,Credit Card,Wholesale,23,2,368.44,9.96,107.92,2.2,10,No,216.43,736.88,73.39,663.49,122.71
ORD50457,CUST10457,2025-08-03,Beauty,West,Credit Card,Regular,30,10,284.78,15.33,73.42,3.3,1,No,200.39,2847.8,436.57,2411.23,333.91
ORD50458,CUST10458,2024-09-03,Beauty,Central,UPI,New,39,6,235.82,6.44,189.94,3.3,8,No,134.08,1414.92,91.12,1323.8,329.38
ORD50459,CUST10459,2024-03-16,Sports,South,COD,Wholesale,48,1,192.05,10.79,127.91,3.1,8,No,126.15,192.05,20.72,171.33,-82.73
ORD50460,CUST10460,2024-06-02,Beauty,East,Credit Card,Regular,39,10,126.88,12.8,174.75,4.0,8,No,70.2,1268.8,162.41,1106.39,229.64
ORD50461,CUST10461,2025-10-17,Beauty,East,COD,Regular,54,3,148.5,12.95,20.0,4.2,10,No,75.95,445.5,57.69,387.81,139.96
ORD50462,CUST10462,2025-03-10,Beauty,Central,UPI,Premium,64,7,362.14,0.0,175.29,5.0,4,No,223.85,2534.98,0.0,2534.98,792.74
ORD50463,CUST10463,2024-03-26,Grocery,West,COD,Wholesale,44,8,340.64,13.55,20.0,4.0,9,No,180.69,2725.12,369.25,2355.87,890.35
ORD50464,CUST10464,2025-11-27,Fashion,South,Debit Card,Regular,31,4,118.92,0.0,33.26,2.7,10,No,93.05,475.68,0.0,475.68,70.22
ORD50465,CUST10465,2024-10-11,Sports,West,COD,Premium,64,3,193.44,10.0,20.0,3.5,3,No,108.78,580.32,58.03,522.29,175.95
ORD50466,CUST10466,2024-08-07,Beauty,North,Credit Card,Regular,22,1,250.64,8.49,100.94,4.4,7,No,168.19,250.64,21.28,229.36,-39.77
ORD50467,CUST10467,2024-03-09,Grocery,West,UPI,Wholesale,53,9,240.22,4.45,89.18,3.9,6,No,131.51,2161.98,96.21,2065.77,793.0
ORD50468,CUST10468,2024-02-16,Sports,East,Credit Card,New,49,10,239.02,17.9,125.77,,9,No,130.38,2390.2,427.85,1962.35,532.78
ORD50469,CUST10469,2024-04-03,Home & Kitchen,South,Debit Card,Wholesale,51,6,87.98,4.13,86.02,3.7,4,No,51.01,527.88,21.8,506.08,114.0
ORD50470,CUST10470,2025-03-28,Home & Kitchen,West,Credit Card,Wholesale,24,6,84.65,8.34,145.13,4.7,4,No,66.78,507.9,42.36,465.54,-80.27
ORD50471,CUST10471,2024-07-22,Beauty,South,Credit Card,Regular,59,9,387.85,18.15,48.03,4.2,6,No,230.71,3490.65,633.55,2857.1,732.68
ORD50472,CUST10472,2024-08-05,Grocery,South,Credit Card,Regular,65,1,483.41,8.14,146.17,4.2,8,No,364.43,483.41,39.35,444.06,-66.54
ORD50473,CUST10473,2025-04-18,Grocery,North,Net Banking,Wholesale,27,6,80.0,6.69,88.62,4.1,3,No,41.84,480.0,32.11,447.89,108.23
ORD50474,CUST10474,2025-03-07,Sports,North,Debit Card,Premium,34,5,178.03,10.12,196.01,3.5,8,No,83.29,890.15,90.08,800.07,187.61
ORD50475,CUST10475,2024-12-06,Sports,East,Credit Card,Premium,47,6,307.7,15.78,129.24,4.0,8,No,227.46,1846.2,291.33,1554.87,60.87
ORD50476,CUST10476,2025-07-04,Grocery,Central,Credit Card,Premium,38,8,80.0,22.12,76.34,4.2,7,No,52.04,640.0,141.57,498.43,5.77
ORD50477,CUST10477,2025-09-03,Sports,South,Credit Card,Regular,30,5,90.23,5.45,88.47,,7,Yes,57.42,451.15,24.59,426.56,50.99
ORD50478,CUST10478,2024-10-15,Grocery,Central,UPI,Regular,18,2,170.73,6.01,44.59,4.1,5,No,94.02,341.46,20.52,320.94,88.31
ORD50479,CUST10479,2024-09-10,Fashion,East,Net Banking,Wholesale,18,2,122.95,10.07,106.17,4.8,2,No,58.62,245.9,24.76,221.14,-2.27
ORD50480,CUST10480,2024-12-22,Grocery,South,UPI,New,64,10,207.67,13.61,76.31,4.3,2,No,130.55,2076.7,282.64,1794.06,412.25
ORD50481,CUST10481,2024-01-23,Home & Kitchen,South,Net Banking,Regular,50,5,471.45,6.61,122.59,4.9,10,No,363.43,2357.25,155.81,2201.44,261.7
ORD50482,CUST10482,2025-06-05,Sports,Central,Credit Card,Wholesale,55,3,104.13,16.82,29.79,4.3,8,No,51.48,312.39,52.54,259.85,75.62
ORD50483,CUST10483,2024-04-09,Grocery,West,Debit Card,Wholesale,42,10,187.29,5.58,75.16,3.4,6,No,148.67,1872.9,104.51,1768.39,206.53
ORD50484,CUST10484,2024-06-28,Grocery,North,COD,New,43,3,144.88,0.0,37.82,4.5,8,No,79.92,434.64,0.0,434.64,157.06
ORD50485,CUST10485,2024-08-10,Sports,West,COD,Premium,30,8,198.07,15.72,40.62,3.3,3,No,128.13,1584.56,249.09,1335.47,269.81
ORD50486,CUST10486,2025-10-20,Fashion,Central,Credit Card,Wholesale,45,7,181.96,16.53,117.27,3.9,1,No,86.36,1273.72,210.55,1063.17,341.38
ORD50487,CUST10487,2025-03-17,Fashion,North,UPI,Wholesale,50,1,1006.44,19.31,140.6,3.8,6,No,611.18,1006.44,194.34,812.1,60.32
ORD50488,CUST10488,2025-08-30,Sports,West,Debit Card,Wholesale,54,5,477.34,0.0,20.0,3.6,2,No,237.04,2386.7,0.0,2386.7,1181.5
ORD50489,CUST10489,2024-11-20,Electronics,North,Net Banking,Premium,58,9,80.0,7.34,173.78,,9,No,37.42,720.0,52.85,667.15,156.59
ORD50490,CUST10490,2025-05-30,Sports,South,Credit Card,Premium,47,4,100.98,10.24,,4.0,5,No,81.55,403.92,41.36,362.56,-116.82
ORD50491,CUST10491,2024-01-16,Sports,West,Debit Card,New,65,1,109.33,24.3,29.4,5.0,5,No,78.73,109.33,26.57,82.76,-25.37
ORD50492,CUST10492,2024-12-01,Fashion,North,Debit Card,Regular,25,8,81.27,10.89,127.21,4.2,10,Yes,58.19,650.16,70.8,579.36,-13.37
ORD50493,CUST10493,2024-09-14,Fashion,North,Net Banking,Premium,64,5,80.0,2.57,69.29,3.5,8,No,38.68,400.0,10.28,389.72,127.03
ORD50494,CUST10494,2025-05-11,Sports,North,Debit Card,Regular,18,2,161.43,14.08,85.59,3.7,6,No,128.15,322.86,45.46,277.4,-64.49
ORD50495,CUST10495,2024-06-08,Sports,West,UPI,Regular,29,1,112.08,21.17,117.09,4.0,3,No,69.9,112.08,23.73,88.35,-98.64
ORD50496,CUST10496,2025-04-19,Sports,East,UPI,Premium,22,3,101.59,19.68,111.6,3.8,9,No,77.75,304.77,59.98,244.79,-100.06
ORD50497,CUST10497,2025-10-25,Fashion,West,UPI,Wholesale,41,9,674.05,15.93,64.22,3.8,10,No,306.47,6066.45,966.39,5100.06,2277.61
ORD50498,CUST10498,2025-11-20,Sports,Central,Debit Card,New,23,1,117.21,13.84,64.02,4.4,4,No,65.68,117.21,16.22,100.99,-28.71
ORD50499,CUST10499,2025-11-05,Sports,West,UPI,Regular,42,4,135.9,0.0,66.68,4.2,10,No,111.24,543.6,0.0,543.6,31.96
ORD50500,CUST10500,2025-01-14,Beauty,North,Net Banking,Wholesale,18,8,293.52,12.18,141.43,4.4,4,Yes,178.55,2348.16,286.01,2062.15,492.32
ORD50501,CUST10501,2025-06-28,Electronics,South,Debit Card,Premium,42,8,135.61,13.25,20.0,5.0,2,No,105.61,1084.88,143.75,941.13,76.25
ORD50502,CUST10502,2025-11-21,Home & Kitchen,West,COD,Regular,18,10,84.97,10.88,82.71,3.7,3,No,48.55,849.7,92.45,757.25,189.04
ORD50503,CUST10503,2025-03-02,Electronics,West,Debit Card,Regular,49,8,153.29,16.95,160.76,4.7,4,No,98.78,1226.32,207.86,1018.46,67.46
ORD50504,CUST10504,2025-09-04,Beauty,North,Net Banking,Regular,59,10,668.93,10.77,121.67,4.9,7,No,512.44,6689.3,720.44,5968.86,722.79
ORD50505,CUST10505,2024-09-24,Home & Kitchen,South,COD,Wholesale,59,8,132.56,9.42,137.29,4.8,3,No,89.37,1060.48,99.9,960.58,108.33
ORD50506,CUST10506,2025-07-30,Sports,South,Debit Card,Wholesale,20,4,100.22,19.27,83.34,2.9,8,No,71.99,400.88,77.25,323.63,-47.67
ORD50507,CUST10507,2025-02-20,Beauty,Central,UPI,Wholesale,36,8,238.21,9.1,37.64,5.0,8,No,127.36,1905.68,173.42,1732.26,675.74
ORD50508,CUST10508,2024-06-16,Sports,West,Credit Card,Regular,60,9,148.58,12.45,92.51,3.6,10,No,75.43,1337.22,166.48,1170.74,399.36
ORD50509,CUST10509,2024-02-12,Fashion,South,Credit Card,Regular,46,7,1075.29,18.28,59.0,2.8,2,No,575.51,7527.03,1375.94,6151.09,2063.52
ORD50510,CUST10510,2025-07-09,Grocery,South,UPI,New,19,2,108.69,4.93,190.38,5.0,4,Yes,68.74,217.38,10.72,206.66,-121.2
ORD50511,CUST10511,2024-10-11,Beauty,East,Credit Card,New,26,9,559.43,4.17,82.88,4.3,8,No,417.53,5034.87,209.95,4824.92,984.27
ORD50512,CUST10512,2025-01-31,Fashion,East,Credit Card,Wholesale,34,8,386.14,21.51,118.69,4.4,1,Yes,224.34,3089.12,664.47,2424.65,511.24
ORD50513,CUST10513,2024-01-12,Beauty,South,UPI,Wholesale,63,5,141.48,7.85,166.61,3.8,1,No,93.23,707.4,55.53,651.87,19.11
ORD50514,CUST10514,2025-08-29,Beauty,Central,UPI,Premium,53,3,180.86,16.85,40.65,4.1,4,No,135.24,542.58,91.42,451.16,4.79
ORD50515,CUST10515,2024-10-28,Fashion,South,Debit Card,Wholesale,34,7,92.81,0.0,20.0,3.9,2,No,49.96,649.67,0.0,649.67,279.95
ORD50516,CUST10516,2024-09-09,Home & Kitchen,North,Debit Card,New,29,2,127.74,0.0,112.05,3.6,1,No,99.22,255.48,0.0,255.48,-55.01
ORD50517,CUST10517,2025-05-13,Electronics,West,UPI,New,37,3,140.82,14.55,120.52,4.0,8,No,113.03,422.46,61.47,360.99,-98.62
ORD50518,CUST10518,2024-02-04,Sports,Central,Net Banking,New,20,9,200.86,11.11,71.37,4.1,2,No,93.28,1807.74,200.84,1606.9,696.01
ORD50519,CUST10519,2025-12-27,Beauty,North,Credit Card,Regular,60,4,80.0,14.62,37.97,3.1,4,No,37.75,320.0,46.78,273.22,84.25
ORD50520,CUST10520,2024-03-30,Sports,Central,Debit Card,Regular,21,4,221.95,25.12,103.94,4.0,3,No,107.35,887.8,223.02,664.78,131.44
ORD50521,CUST10521,2025-08-27,Grocery,North,Credit Card,Wholesale,34,3,164.87,3.34,88.93,2.8,2,No,121.58,494.61,16.52,478.09,24.42
ORD50522,CUST10522,2025-08-24,Fashion,West,COD,Premium,54,5,234.81,,104.5,5.0,8,No,122.11,1174.05,144.06,1029.99,314.94
ORD50523,CUST10523,2025-02-21,Sports,West,UPI,Premium,63,3,258.72,22.34,39.02,3.9,3,No,185.89,776.16,173.39,602.77,6.08
ORD50524,CUST10524,2024-04-24,Fashion,East,Net Banking,Premium,59,9,156.51,4.35,104.62,3.3,9,No,95.98,1408.59,61.27,1347.32,378.88
ORD50525,CUST10525,2025-09-08,Sports,North,COD,Regular,32,3,248.97,7.91,126.88,4.3,10,Yes,189.07,746.91,59.08,687.83,-6.26
ORD50526,CUST10526,2024-07-14,Electronics,East,COD,New,50,2,171.29,0.0,22.24,3.5,5,No,128.32,342.58,0.0,342.58,63.7
ORD50527,CUST10527,2025-05-15,Electronics,North,COD,New,33,5,293.91,27.66,155.72,4.0,9,No,236.62,1469.55,406.48,1063.07,-275.75
ORD50528,CUST10528,2025-09-17,Electronics,East,UPI,Regular,28,6,222.62,0.0,101.45,4.3,3,No,120.86,1335.72,0.0,1335.72,509.11
ORD50529,CUST10529,2025-05-07,Electronics,West,Debit Card,Premium,37,1,203.91,17.59,128.29,3.3,5,No,109.05,203.91,35.87,168.04,-69.3
ORD50530,CUST10530,2024-03-15,Electronics,Central,UPI,Premium,55,6,169.59,2.76,32.45,5.0,10,No,78.29,1017.54,28.08,989.46,487.27
ORD50531,CUST10531,2025-02-16,Electronics,East,Debit Card,Wholesale,41,10,420.85,4.64,120.72,5.0,6,No,253.29,4208.5,195.27,4013.23,1359.61
ORD50532,CUST10532,2025-01-10,Fashion,North,COD,Wholesale,33,3,235.89,19.45,20.0,3.7,9,No,146.22,707.67,137.64,570.03,111.37
ORD50533,CUST10533,2025-02-23,Beauty,North,COD,Premium,47,4,80.0,6.8,47.33,3.3,8,No,64.55,320.0,21.76,298.24,-7.29
ORD50534,CUST10534,2025-12-29,Sports,West,Net Banking,Regular,51,6,133.38,16.56,101.85,3.7,2,No,101.02,800.28,132.53,667.75,-40.22
ORD50535,CUST10535,2024-10-03,Electronics,North,Debit Card,Premium,18,8,156.24,21.66,77.58,3.7,2,No,79.95,1249.92,270.73,979.19,262.01
ORD50536,CUST10536,2025-11-06,Fashion,South,COD,Wholesale,41,9,181.14,13.4,91.24,4.7,5,No,135.03,1630.26,218.45,1411.81,105.3
ORD50537,CUST10537,2025-01-28,Fashion,Central,Credit Card,Premium,41,6,203.34,18.23,176.73,3.7,5,No,104.92,1220.04,222.41,997.63,191.38
ORD50538,CUST10538,2025-04-01,Fashion,East,Net Banking,Regular,26,7,98.13,12.56,90.53,3.2,5,No,46.98,686.91,86.28,600.63,181.24
ORD50539,CUST10539,2024-07-10,Beauty,Central,UPI,New,39,5,173.43,12.89,121.94,4.1,4,No,131.76,867.15,111.78,755.37,-25.37
ORD50540,CUST10540,2025-11-19,Sports,West,Net Banking,Regular,29,9,147.79,7.56,87.0,3.0,8,No,119.87,1330.11,100.56,1229.55,63.72
ORD50541,CUST10541,2024-04-08,Beauty,East,Credit Card,Regular,34,4,366.9,25.5,85.66,4.7,5,Yes,177.07,1467.6,374.24,1093.36,299.42
ORD50542,CUST10542,2025-07-01,Home & Kitchen,East,Debit Card,Wholesale,42,10,94.94,17.2,45.98,4.4,1,No,71.31,949.4,163.3,786.1,27.02
ORD50543,CUST10543,2024-04-05,Fashion,South,UPI,Regular,45,6,179.24,15.65,106.57,3.6,10,No,137.64,1075.44,168.31,907.13,-25.28
ORD50544,CUST10544,2025-10-25,Home & Kitchen,West,UPI,Regular,32,5,116.11,17.39,204.1,3.7,5,No,57.35,580.55,100.96,479.59,-11.26
ORD50545,CUST10545,2025-10-24,Grocery,North,Debit Card,Wholesale,47,1,608.47,7.26,93.95,4.2,1,Yes,337.58,608.47,44.17,564.3,132.77
ORD50546,CUST10546,2024-07-08,Electronics,South,Net Banking,Wholesale,44,5,410.26,18.52,77.98,3.3,4,No,295.98,2051.3,379.9,1671.4,113.52
ORD50547,CUST10547,2024-02-06,Electronics,South,COD,New,39,5,80.0,22.89,141.31,3.5,1,No,59.91,400.0,91.56,308.44,-132.42
ORD50548,CUST10548,2025-01-03,Beauty,Central,Net Banking,Premium,27,9,108.04,2.34,136.03,3.9,6,No,62.77,972.36,22.75,949.61,248.65
ORD50549,CUST10549,2025-11-25,Sports,Central,Credit Card,Regular,48,1,319.29,15.79,109.76,3.1,6,No,162.57,319.29,50.42,268.87,-3.46
ORD50550,CUST10550,2025-06-08,Home & Kitchen,Central,COD,Wholesale,44,5,244.02,12.44,76.12,3.7,1,No,168.35,1220.1,151.78,1068.32,150.45
ORD50551,CUST10551,2024-10-05,Sports,South,Net Banking,New,29,7,239.09,8.37,141.5,3.3,8,No,169.69,1673.63,140.08,1533.55,204.22
ORD50552,CUST10552,2024-08-04,Beauty,North,Debit Card,Premium,63,6,205.21,4.35,95.44,4.9,4,No,130.58,1231.26,53.56,1177.7,298.78
ORD50553,CUST10553,2024-09-29,Electronics,East,Credit Card,Wholesale,48,6,336.39,19.36,131.12,3.7,2,No,169.42,2018.34,390.75,1627.59,479.95
ORD50554,CUST10554,2024-03-02,Sports,Central,Credit Card,Premium,49,7,301.16,13.46,53.13,3.4,1,No,229.62,2108.12,283.75,1824.37,163.9
ORD50555,CUST10555,2025-08-18,Sports,North,Credit Card,Premium,49,6,150.08,10.55,63.6,4.4,3,Yes,103.37,900.48,95.0,805.48,121.66
ORD50556,CUST10556,2025-12-29,Electronics,West,COD,Regular,58,5,83.14,15.8,94.36,3.6,7,No,64.15,415.7,65.68,350.02,-65.09
ORD50557,CUST10557,2024-12-07,Home & Kitchen,Central,UPI,Regular,62,10,80.0,11.11,34.42,3.3,10,No,63.62,800.0,88.88,711.12,40.5
ORD50558,CUST10558,2025-01-31,Electronics,East,COD,Wholesale,52,5,169.46,7.07,73.35,4.6,10,Yes,126.77,847.3,59.9,787.4,80.2
ORD50559,CUST10559,2025-11-29,Sports,West,Net Banking,Premium,63,9,80.0,12.9,32.42,3.8,8,No,64.38,720.0,92.88,627.12,15.28
ORD50560,CUST10560,2024-01-19,Home & Kitchen,West,UPI,Wholesale,38,8,213.4,11.8,20.49,4.5,5,No,171.38,1707.2,201.45,1505.75,114.22
ORD50561,CUST10561,2024-06-25,Home & Kitchen,East,Net Banking,Wholesale,27,10,148.38,0.0,199.62,4.0,7,No,100.77,1483.8,0.0,1483.8,276.48
ORD50562,CUST10562,2025-09-03,Electronics,Central,UPI,Premium,33,4,641.33,7.59,62.6,4.1,2,No,461.39,2565.32,194.71,2370.61,462.45
ORD50563,CUST10563,2025-01-30,Sports,South,COD,Wholesale,24,4,226.57,3.15,66.55,4.4,4,No,160.59,906.28,28.55,877.73,168.82
ORD50564,CUST10564,2025-03-20,Beauty,East,Credit Card,Premium,21,10,177.86,0.44,93.61,3.6,6,No,120.91,1778.6,7.83,1770.77,468.06
ORD50565,CUST10565,2024-08-20,Sports,East,Debit Card,Premium,44,5,80.0,15.27,42.22,3.5,5,No,36.57,400.0,61.08,338.92,113.85
ORD50566,CUST10566,2024-03-16,Fashion,East,Credit Card,Premium,42,3,80.0,7.32,67.42,4.8,6,No,46.53,240.0,17.57,222.43,15.42
ORD50567,CUST10567,2024-09-21,Grocery,West,COD,Premium,48,8,282.27,19.29,172.55,4.4,2,No,137.47,2258.16,435.6,1822.56,550.25
ORD50568,CUST10568,2025-03-30,Beauty,North,UPI,New,28,7,147.89,0.0,106.11,4.0,7,No,82.98,1035.23,0.0,1035.23,348.26
ORD50569,CUST10569,2025-12-18,Home & Kitchen,South,Credit Card,Premium,65,5,941.99,9.92,134.37,4.5,8,No,447.79,4709.95,467.23,4242.72,1869.4
ORD50570,CUST10570,2025-01-18,Beauty,Central,COD,Regular,37,10,171.75,7.69,160.81,4.4,9,Yes,135.75,1717.5,132.08,1585.42,67.11
ORD50571,CUST10571,2025-07-17,Home & Kitchen,Central,Net Banking,Regular,53,3,202.31,0.95,99.48,4.6,6,No,124.82,606.93,5.77,601.16,127.22
ORD50572,CUST10572,2025-05-20,Home & Kitchen,North,Debit Card,Regular,34,5,80.0,12.04,80.04,3.3,7,No,41.61,400.0,48.16,351.84,63.75
ORD50573,CUST10573,2025-01-01,Beauty,East,Credit Card,Premium,62,3,335.57,1.57,25.48,4.0,1,No,223.61,1006.71,15.81,990.9,294.59
ORD50574,CUST10574,2024-05-23,Home & Kitchen,South,UPI,Regular,28,10,99.31,13.56,72.77,4.7,9,No,51.91,993.1,134.66,858.44,266.57
ORD50575,CUST10575,2024-03-09,Home & Kitchen,Central,Net Banking,New,47,5,254.9,17.05,82.69,5.0,6,No,190.57,1274.5,217.3,1057.2,21.66
ORD50576,CUST10576,2024-04-08,Fashion,Central,COD,Wholesale,52,1,307.25,13.87,53.67,3.7,4,No,173.04,307.25,42.62,264.63,37.92
ORD50577,CUST10577,2025-01-30,Sports,East,Debit Card,Premium,58,6,192.84,14.76,159.54,4.1,10,No,109.25,1157.04,170.78,986.26,171.22
ORD50578,CUST10578,2024-01-25,Sports,North,UPI,Regular,55,10,567.95,19.22,139.6,4.0,9,No,438.39,5679.5,1091.6,4587.9,64.4
ORD50579,CUST10579,2025-04-13,Grocery,South,COD,New,39,4,121.88,11.81,134.35,3.2,1,Yes,80.06,487.52,57.58,429.94,-24.65
ORD50580,CUST10580,2025-04-28,Grocery,North,COD,Wholesale,60,4,538.67,6.22,84.77,3.8,2,No,419.25,2154.68,134.02,2020.66,258.89
ORD50581,CUST10581,2025-07-18,Fashion,North,Credit Card,New,65,8,80.0,7.74,43.51,3.0,3,No,48.22,640.0,49.54,590.46,161.19
ORD50582,CUST10582,2024-05-30,Grocery,South,Credit Card,Regular,44,2,304.71,7.89,149.76,3.9,1,No,175.89,609.42,48.08,561.34,59.8
ORD50583,CUST10583,2024-05-23,Beauty,South,UPI,New,54,4,165.25,4.7,105.09,3.3,2,No,105.31,661.0,31.07,629.93,103.6
ORD50584,CUST10584,2025-07-22,Electronics,Central,COD,Wholesale,63,2,114.4,17.49,124.79,4.1,2,No,54.08,228.8,40.02,188.78,-44.17
ORD50585,CUST10585,2024-02-08,Electronics,Central,Credit Card,Regular,52,1,80.0,15.69,117.87,3.8,7,Yes,40.56,80.0,12.55,67.45,-90.98
ORD50586,CUST10586,2024-04-18,Electronics,South,Debit Card,Wholesale,21,10,153.02,0.34,103.98,3.8,10,No,81.29,1530.2,5.2,1525.0,608.12
ORD50587,CUST10587,2025-11-23,Fashion,West,Debit Card,New,33,3,146.87,6.22,179.98,5.0,6,No,110.47,440.61,27.41,413.2,-98.19
ORD50588,CUST10588,2024-02-11,Fashion,Central,COD,Premium,33,8,202.83,4.36,60.42,4.0,9,No,146.34,1622.64,70.75,1551.89,320.75
ORD50589,CUST10589,2024-07-04,Home & Kitchen,West,Credit Card,Premium,38,6,290.36,14.22,76.1,5.0,5,No,151.43,1742.16,247.74,1494.42,509.74
ORD50590,CUST10590,2025-02-01,Electronics,South,UPI,Premium,43,7,107.18,19.54,163.85,4.3,9,No,59.21,750.26,146.6,603.66,25.34
ORD50591,CUST10591,2024-08-10,Beauty,Central,UPI,Premium,53,2,568.43,15.14,93.69,4.5,10,No,454.39,1136.86,172.12,964.74,-37.73
ORD50592,CUST10592,2025-09-25,Grocery,North,UPI,Wholesale,36,6,127.73,7.09,84.33,3.4,9,No,61.53,766.38,54.34,712.04,258.53
ORD50593,CUST10593,2024-05-12,Beauty,South,Debit Card,Premium,34,8,268.12,9.77,78.61,3.5,2,No,174.96,2144.96,209.56,1935.4,457.11
ORD50594,CUST10594,2024-06-11,Grocery,East,Credit Card,Wholesale,62,8,192.21,2.25,120.57,4.0,9,No,123.62,1537.68,34.6,1503.08,393.55
ORD50595,CUST10595,2024-08-02,Electronics,West,Credit Card,Regular,43,4,159.31,2.79,79.68,4.8,3,No,114.47,637.24,17.78,619.46,81.9
ORD50596,CUST10596,2024-08-22,Electronics,South,Debit Card,Premium,39,6,186.05,17.92,74.63,3.8,3,No,101.72,1116.3,200.04,916.26,231.31
ORD50597,CUST10597,2025-10-19,Electronics,South,UPI,Wholesale,45,5,98.38,22.11,119.83,3.1,9,No,78.3,491.9,108.76,383.14,-128.19
ORD50598,CUST10598,2025-08-10,Fashion,Central,UPI,Premium,18,9,140.9,7.0,94.2,4.3,7,No,84.81,1268.1,88.77,1179.33,321.84
ORD50599,CUST10599,2024-01-09,Grocery,Central,COD,Premium,61,8,80.0,12.34,44.57,4.0,8,No,44.46,640.0,78.98,561.02,160.77
ORD50600,CUST10600,2024-03-14,Fashion,Central,Net Banking,Premium,53,2,126.85,17.04,91.44,3.6,7,No,72.89,253.7,43.23,210.47,-26.75
ORD50601,CUST10601,2025-05-06,Fashion,East,Credit Card,Wholesale,60,7,133.84,0.35,152.75,3.8,9,No,77.5,936.88,3.28,933.6,238.35
ORD50602,CUST10602,2024-09-09,Sports,Central,Credit Card,New,54,7,314.0,4.66,124.44,3.4,8,No,164.41,2198.0,102.43,2095.57,820.26
ORD50603,CUST10603,2024-08-17,Beauty,South,Credit Card,Premium,19,1,146.09,25.96,158.31,4.6,4,No,115.9,146.09,37.92,108.17,-166.04
ORD50604,CUST10604,2025-06-02,Beauty,Central,Net Banking,Premium,34,1,135.47,5.3,57.09,4.0,2,No,69.73,135.47,7.18,128.29,1.47
ORD50605,CUST10605,2024-06-22,Home & Kitchen,North,COD,Regular,57,4,209.14,9.47,138.16,4.2,5,No,162.43,836.56,79.22,757.34,-30.54
ORD50606,CUST10606,2025-10-14,Fashion,Central,Net Banking,New,55,5,203.88,7.78,60.82,3.6,2,No,122.29,1019.4,79.31,940.09,267.82
ORD50607,CUST10607,2024-06-16,Grocery,East,UPI,Wholesale,38,4,123.45,0.0,34.54,4.9,4,No,67.85,493.8,0.0,493.8,187.86
ORD50608,CUST10608,2024-06-18,Sports,North,UPI,Regular,26,7,234.22,12.58,53.86,4.1,2,Yes,122.6,1639.54,206.25,1433.29,521.23
ORD50609,CUST10609,2025-01-27,Sports,South,Credit Card,Premium,30,3,161.4,11.82,95.91,2.6,5,No,102.75,484.2,57.23,426.97,22.81
ORD50610,CUST10610,2025-09-25,Beauty,South,Debit Card,Regular,28,7,123.32,13.27,136.26,4.3,6,Yes,86.03,863.24,114.55,748.69,10.22
ORD50611,CUST10611,2024-07-12,Fashion,West,Credit Card,Regular,33,8,131.36,11.41,103.97,3.8,1,No,102.77,1050.88,119.91,930.97,4.84
ORD50612,CUST10612,2025-05-31,Home & Kitchen,North,Debit Card,Premium,33,6,335.99,8.78,83.1,3.9,8,No,232.31,2015.94,177.0,1838.94,361.98
ORD50613,CUST10613,2024-01-29,Fashion,West,Net Banking,New,19,6,133.95,8.38,43.55,4.6,2,No,84.25,803.7,67.35,736.35,187.3
ORD50614,CUST10614,2024-06-13,Electronics,North,UPI,New,59,8,214.81,8.5,121.74,4.1,5,No,99.33,1718.48,146.07,1572.41,656.03
ORD50615,CUST10615,2025-02-25,Fashion,North,Debit Card,Regular,61,8,80.0,5.08,133.36,5.0,8,No,63.1,640.0,32.51,607.49,-30.67
ORD50616,CUST10616,2024-12-04,Electronics,East,Net Banking,Premium,25,7,374.26,6.16,103.42,4.1,5,Yes,293.37,2619.82,161.38,2458.44,301.43
ORD50617,CUST10617,2025-10-09,Electronics,West,UPI,Wholesale,60,6,124.1,5.2,42.65,3.7,3,No,73.23,744.6,38.72,705.88,223.85
ORD50618,CUST10618,2025-05-10,Home & Kitchen,East,Debit Card,Regular,59,6,235.14,16.01,126.39,2.8,6,No,108.34,1410.84,225.88,1184.96,408.53
ORD50619,CUST10619,2024-12-30,Grocery,North,Credit Card,Wholesale,30,10,153.93,14.14,145.23,3.5,1,No,111.04,1539.3,217.66,1321.64,66.01
ORD50620,CUST10620,2024-12-07,Beauty,South,Credit Card,Regular,34,6,233.4,12.19,158.99,3.8,1,No,173.4,1400.4,170.71,1229.69,30.3
ORD50621,CUST10621,2025-05-14,Fashion,North,Credit Card,Regular,56,8,241.83,25.6,70.3,5.0,8,No,157.36,1934.64,495.27,1439.37,110.19
ORD50622,CUST10622,2025-10-18,Electronics,East,Net Banking,Premium,41,1,165.0,5.52,109.63,3.7,7,No,98.85,165.0,9.11,155.89,-52.59
ORD50623,CUST10623,2025-05-25,Fashion,West,Credit Card,Premium,20,5,80.0,19.83,65.95,5.0,10,No,61.19,400.0,79.32,320.68,-51.22
ORD50624,CUST10624,2024-11-22,Grocery,West,COD,Wholesale,47,3,368.4,10.18,48.49,3.3,10,No,192.02,1105.2,112.51,992.69,368.14
ORD50625,CUST10625,2024-08-04,Beauty,East,UPI,Wholesale,30,8,165.52,13.1,161.24,3.5,3,No,101.4,1324.16,173.46,1150.7,178.26
ORD50626,CUST10626,2024-10-27,Grocery,West,Net Banking,New,36,6,230.26,16.7,115.41,4.7,8,No,105.7,1381.56,230.72,1150.84,401.23
ORD50627,CUST10627,2024-05-11,Beauty,Central,Credit Card,Premium,24,2,284.18,8.66,148.17,3.6,8,No,145.13,568.36,49.22,519.14,80.71
ORD50628,CUST10628,2024-03-10,Sports,South,UPI,Regular,26,7,134.67,4.6,34.88,4.7,1,No,107.48,942.69,43.36,899.33,112.09
ORD50629,CUST10629,2024-09-08,Beauty,South,Debit Card,Regular,36,7,253.7,5.76,102.98,3.5,10,No,168.43,1775.9,102.29,1673.61,391.62
ORD50630,CUST10630,2025-02-18,Home & Kitchen,South,Credit Card,New,62,5,111.5,0.0,112.87,3.5,7,No,83.41,557.5,0.0,557.5,27.58
ORD50631,CUST10631,2025-03-20,Grocery,West,UPI,Premium,57,8,233.2,16.25,52.55,4.4,2,No,146.92,1865.6,303.16,1562.44,334.53
ORD50632,CUST10632,2024-06-30,Electronics,West,COD,Regular,39,5,183.61,16.08,156.95,3.5,2,No,139.34,918.05,147.62,770.43,-83.22
ORD50633,CUST10633,2024-06-15,Sports,North,Debit Card,New,35,1,137.74,23.09,78.95,3.8,2,No,89.45,137.74,31.8,105.94,-62.46
ORD50634,CUST10634,2024-03-31,Home & Kitchen,North,COD,New,40,9,186.89,14.9,110.41,4.3,5,No,84.41,1682.01,250.62,1431.39,561.29
ORD50635,CUST10635,2025-12-14,Fashion,South,UPI,Regular,19,4,91.3,16.59,65.24,3.8,7,No,71.48,365.2,60.59,304.61,-46.55
ORD50636,CUST10636,2025-06-14,Grocery,Central,COD,Regular,28,2,221.6,11.43,36.25,3.6,4,No,111.9,443.2,50.66,392.54,132.49
ORD50637,CUST10637,2024-02-08,Electronics,North,UPI,Wholesale,48,4,237.06,15.25,131.09,3.2,4,No,146.2,948.24,144.61,803.63,87.74
ORD50638,CUST10638,2024-05-05,Beauty,North,UPI,Premium,50,9,226.94,19.63,107.06,4.9,9,No,142.15,2042.46,400.93,1641.53,255.12
ORD50639,CUST10639,2025-03-26,Electronics,West,COD,Wholesale,31,2,481.26,13.27,100.68,5.0,10,No,224.98,962.52,127.73,834.79,284.15
ORD50640,CUST10640,2024-06-21,Fashion,Central,UPI,New,33,4,170.42,8.35,77.48,4.2,9,No,80.04,681.68,56.92,624.76,227.12
ORD50641,CUST10641,2025-10-14,Sports,South,Credit Card,Regular,28,2,178.22,10.46,105.83,3.8,7,No,130.48,356.44,37.28,319.16,-47.63
ORD50642,CUST10642,2024-08-07,Sports,North,UPI,Wholesale,50,5,84.72,17.26,146.98,3.9,10,No,47.54,423.6,73.11,350.49,-34.19
ORD50643,CUST10643,2025-09-29,Grocery,Central,Net Banking,New,24,3,503.76,8.56,59.23,4.5,4,No,303.04,1511.28,129.37,1381.91,413.56
ORD50644,CUST10644,2024-02-27,Sports,Central,UPI,Premium,48,10,80.0,,115.21,4.7,8,Yes,52.7,800.0,145.76,654.24,12.03
ORD50645,CUST10645,2025-10-21,Grocery,South,Net Banking,Regular,65,2,210.31,25.36,99.11,3.6,10,No,123.69,420.62,106.67,313.95,-32.54
ORD50646,CUST10646,2025-04-20,Grocery,Central,UPI,Wholesale,63,9,121.56,18.31,81.7,4.7,3,No,89.56,1094.04,200.32,893.72,5.98
ORD50647,CUST10647,2025-03-31,Grocery,Central,UPI,Premium,64,5,188.77,17.23,20.0,4.4,3,No,146.72,943.85,162.63,781.22,27.62
ORD50648,CUST10648,2024-12-26,Beauty,Central,COD,Wholesale,31,10,80.0,14.43,89.46,4.7,7,No,37.77,800.0,115.44,684.56,217.4
ORD50649,CUST10649,2024-01-01,Home & Kitchen,North,Credit Card,New,45,5,323.62,6.56,120.27,3.0,9,No,221.71,1618.1,106.15,1511.95,283.13
ORD50650,CUST10650,2025-01-21,Grocery,South,Credit Card,Premium,60,1,97.43,5.93,104.58,3.7,4,No,55.29,97.43,5.78,91.65,-68.22
ORD50651,CUST10651,2024-12-13,Grocery,Central,Debit Card,Wholesale,33,6,386.86,5.86,25.26,3.9,4,No,257.58,2321.16,136.02,2185.14,614.4
ORD50652,CUST10652,2024-07-08,Home & Kitchen,Central,COD,Premium,36,7,99.19,15.88,146.12,3.7,1,No,62.4,694.33,110.26,584.07,1.15
ORD50653,CUST10653,2025-05-19,Electronics,North,COD,New,34,1,341.68,9.27,164.16,5.0,1,No,195.94,341.68,31.67,310.01,-50.09
ORD50654,CUST10654,2024-07-09,Grocery,South,Credit Card,Premium,43,9,105.62,11.8,85.07,3.7,3,No,51.23,950.58,112.17,838.41,292.27
ORD50655,CUST10655,2025-05-22,Beauty,West,COD,Wholesale,23,8,121.57,14.93,194.0,4.3,7,No,79.87,972.56,145.2,827.36,-5.6
ORD50656,CUST10656,2025-01-03,Sports,North,Credit Card,New,60,8,181.05,6.12,52.67,4.1,9,No,89.03,1448.4,88.64,1359.76,594.85
ORD50657,CUST10657,2025-02-12,Sports,South,COD,Regular,26,7,104.46,8.49,32.76,3.8,4,Yes,53.04,731.22,62.08,669.14,265.1
ORD50658,CUST10658,2024-04-26,Fashion,Central,UPI,Wholesale,34,5,102.48,14.26,44.33,3.5,2,No,83.36,512.4,73.07,439.33,-21.8
ORD50659,CUST10659,2024-05-13,Fashion,South,Credit Card,Wholesale,48,3,105.25,9.96,101.03,5.0,6,No,59.7,315.75,31.45,284.3,4.17
ORD50660,CUST10660,2024-02-27,Sports,South,Credit Card,New,29,9,223.02,10.62,20.0,3.9,6,No,148.59,2007.18,213.16,1794.02,436.71
ORD50661,CUST10661,2025-07-09,Sports,South,Net Banking,New,40,7,181.22,4.77,76.01,4.6,9,No,99.8,1268.54,60.51,1208.03,433.42
ORD50662,CUST10662,2025-11-15,Beauty,West,COD,Regular,22,10,187.58,10.71,222.05,4.0,4,No,144.48,1875.8,200.9,1674.9,8.05
ORD50663,CUST10663,2025-11-02,Home & Kitchen,South,COD,Wholesale,60,10,146.79,,22.33,3.7,8,No,81.44,1467.9,345.98,1121.92,285.19
ORD50664,CUST10664,2024-06-21,Fashion,West,Credit Card,New,53,8,258.96,8.88,65.38,4.1,3,No,151.69,2071.68,183.97,1887.71,608.81
ORD50665,CUST10665,2024-05-28,Home & Kitchen,Central,UPI,Regular,53,6,358.72,3.97,43.38,4.2,2,No,242.17,2152.32,85.45,2066.87,570.47
ORD50666,CUST10666,2024-03-20,Beauty,West,UPI,Regular,20,5,263.53,18.71,77.18,3.7,9,No,203.42,1317.65,246.53,1071.12,-23.16
ORD50667,CUST10667,2024-07-31,Sports,Central,UPI,New,41,8,158.25,15.66,74.33,3.5,6,No,119.0,1266.0,198.26,1067.74,41.41
ORD50668,CUST10668,2024-07-21,Grocery,Central,COD,Wholesale,34,3,81.98,13.49,59.87,4.3,8,Yes,44.89,245.94,33.18,212.76,18.22
ORD50669,CUST10669,2024-08-16,Home & Kitchen,West,Net Banking,Premium,56,7,80.0,2.77,82.97,4.1,10,No,60.55,560.0,15.51,544.49,37.67
ORD50670,CUST10670,2025-11-06,Sports,North,Credit Card,Premium,43,2,173.79,3.76,118.49,3.6,9,No,123.29,347.58,13.07,334.51,-30.56
ORD50671,CUST10671,2024-08-14,Sports,East,Debit Card,Regular,21,3,80.0,1.24,152.34,3.4,1,No,65.3,240.0,2.98,237.02,-111.22
ORD50672,CUST10672,2025-10-20,Electronics,South,Net Banking,Premium,62,2,159.25,15.02,77.2,4.2,1,No,126.78,318.5,47.84,270.66,-60.1
ORD50673,CUST10673,2025-06-15,Home & Kitchen,East,Debit Card,Premium,29,5,451.11,19.14,90.26,2.8,5,No,291.99,2255.55,431.71,1823.84,273.63
ORD50674,CUST10674,2025-03-16,Grocery,South,Net Banking,New,18,7,85.65,15.26,110.85,3.8,9,Yes,62.31,599.55,91.49,508.06,-38.96
ORD50675,CUST10675,2025-02-05,Home & Kitchen,South,UPI,Regular,38,10,80.0,25.65,34.39,4.1,7,No,52.88,800.0,205.2,594.8,31.61
ORD50676,CUST10676,2024-02-16,Sports,Central,COD,Wholesale,36,10,274.24,8.91,83.13,5.0,7,No,183.78,2742.4,244.35,2498.05,577.12
ORD50677,CUST10677,2024-08-20,Grocery,South,Debit Card,Regular,38,1,80.0,9.73,,4.0,2,No,39.0,80.0,7.78,72.22,-34.03
ORD50678,CUST10678,2024-10-31,Beauty,South,Net Banking,New,35,10,232.33,12.75,132.84,3.8,3,Yes,104.74,2323.3,296.22,2027.08,846.84
ORD50679,CUST10679,2025-06-09,Electronics,West,COD,Premium,60,9,470.85,10.39,168.83,4.2,4,No,220.28,4237.65,440.29,3797.36,1646.01
ORD50680,CUST10680,2024-05-22,Sports,East,Debit Card,Wholesale,20,1,102.81,15.49,55.03,3.5,2,No,83.03,102.81,15.93,86.88,-51.18
ORD50681,CUST10681,2025-02-18,Fashion,West,Credit Card,Regular,61,1,91.95,7.52,147.6,3.9,10,No,45.67,91.95,6.91,85.04,-108.23
ORD50682,CUST10682,2025-05-27,Fashion,South,Net Banking,Premium,49,10,266.01,2.24,24.37,4.0,9,No,124.07,2660.1,59.59,2600.51,1335.44
ORD50683,CUST10683,2025-01-07,Electronics,Central,Credit Card,Regular,27,8,84.69,0.0,99.03,4.4,5,Yes,47.81,677.52,0.0,677.52,196.01
ORD50684,CUST10684,2025-07-19,Beauty,West,UPI,Wholesale,57,6,307.06,15.36,101.7,3.6,7,No,205.0,1842.36,282.99,1559.37,227.67
ORD50685,CUST10685,2024-09-15,Sports,West,Credit Card,Regular,32,6,89.3,8.32,23.22,4.0,9,No,71.52,535.8,44.58,491.22,38.88
ORD50686,CUST10686,2025-10-17,Home & Kitchen,North,Credit Card,Regular,22,9,572.18,3.81,52.72,2.8,5,No,405.65,5149.62,196.2,4953.42,1249.85
ORD50687,CUST10687,2025-04-15,Electronics,South,Net Banking,Regular,21,4,278.8,7.67,48.34,4.3,6,No,153.97,1115.2,85.54,1029.66,365.44
ORD50688,CUST10688,2024-01-12,Beauty,Central,UPI,Premium,45,8,185.81,25.67,30.99,3.9,4,No,148.17,1486.48,381.58,1104.9,-111.45
ORD50689,CUST10689,2024-11-25,Home & Kitchen,West,Credit Card,Wholesale,21,4,551.14,4.22,20.0,5.0,8,No,255.36,2204.56,93.03,2111.53,1070.09
ORD50690,CUST10690,2024-12-23,Fashion,West,COD,Wholesale,32,2,354.43,17.09,80.67,4.2,1,No,287.89,708.86,121.14,587.72,-68.73
ORD50691,CUST10691,2025-02-11,Fashion,Central,Debit Card,Premium,34,8,230.35,14.95,86.1,3.4,1,No,108.66,1842.8,275.5,1567.3,611.92
ORD50692,CUST10692,2025-10-29,Home & Kitchen,South,Credit Card,Premium,61,7,80.0,21.39,85.74,3.3,5,Yes,58.31,560.0,119.78,440.22,-53.69
ORD50693,CUST10693,2025-01-07,Electronics,North,UPI,Premium,20,4,114.9,11.14,124.46,4.4,10,No,53.63,459.6,51.2,408.4,69.42
ORD50694,CUST10694,2024-01-08,Fashion,West,Credit Card,New,27,9,367.06,1.08,20.0,5.0,9,No,291.69,3303.54,35.68,3267.86,622.65
ORD50695,CUST10695,2024-05-01,Sports,North,Debit Card,Regular,64,9,80.0,18.95,72.85,5.0,2,No,39.22,720.0,136.44,583.56,157.73
ORD50696,CUST10696,2024-12-13,Grocery,East,UPI,Regular,59,8,110.2,10.25,205.2,3.2,3,No,51.65,881.6,90.36,791.24,172.84
ORD50697,CUST10697,2025-11-06,Home & Kitchen,South,Net Banking,Wholesale,40,1,93.28,20.92,129.9,4.1,8,No,72.67,93.28,19.51,73.77,-128.8
ORD50698,CUST10698,2024-03-30,Home & Kitchen,East,UPI,Regular,35,7,235.46,17.71,130.16,4.7,5,No,114.3,1648.22,291.9,1356.32,426.06
ORD50699,CUST10699,2025-10-09,Fashion,East,Net Banking,New,18,5,339.12,18.97,44.25,3.1,3,Yes,252.72,1695.6,321.66,1373.94,66.09
ORD50700,CUST10700,2025-11-28,Electronics,East,UPI,Premium,52,7,339.34,28.58,81.18,4.7,6,No,246.5,2375.38,678.88,1696.5,-110.18
ORD50701,CUST10701,2024-11-11,Sports,South,Debit Card,Wholesale,48,9,104.13,13.97,20.0,3.5,6,No,69.93,937.17,130.92,806.25,156.88
ORD50702,CUST10702,2024-06-26,Electronics,South,Debit Card,Wholesale,61,2,233.37,22.1,116.35,3.9,5,No,137.65,466.74,103.15,363.59,-28.06
ORD50703,CUST10703,2025-06-23,Beauty,Central,UPI,Regular,18,4,101.0,9.17,153.01,4.2,5,No,79.67,404.0,37.05,366.95,-104.74
ORD50704,CUST10704,2024-02-10,Beauty,North,Credit Card,Wholesale,20,4,158.09,15.78,24.76,4.7,6,No,122.09,632.36,99.79,532.57,19.45
ORD50705,CUST10705,2025-12-04,Grocery,North,Debit Card,Premium,20,2,254.2,8.48,37.85,,2,Yes,154.48,508.4,43.11,465.29,118.48
ORD50706,CUST10706,2025-05-16,Fashion,Central,Net Banking,Wholesale,54,3,361.37,15.35,88.56,3.8,6,No,193.6,1084.11,166.41,917.7,248.34
ORD50707,CUST10707,2024-05-24,Fashion,Central,Net Banking,Premium,36,8,80.0,14.62,96.9,3.7,2,No,44.07,640.0,93.57,546.43,96.97
ORD50708,CUST10708,2024-07-19,Fashion,East,COD,New,46,9,193.27,0.0,65.62,3.6,3,No,102.73,1739.43,0.0,1739.43,749.24
ORD50709,CUST10709,2025-12-24,Grocery,Central,Net Banking,New,42,6,452.48,7.72,53.31,4.5,2,Yes,294.23,2714.88,209.59,2505.29,686.6
ORD50710,CUST10710,2025-04-05,Beauty,West,COD,Premium,50,10,210.81,13.61,53.79,4.6,1,No,162.61,2108.1,286.91,1821.19,141.3
ORD50711,CUST10711,2025-07-11,Electronics,North,UPI,Regular,53,2,191.27,0.0,87.79,4.6,1,No,140.82,382.54,0.0,382.54,13.11
ORD50712,CUST10712,2025-06-30,Grocery,Central,UPI,Wholesale,46,2,125.72,11.33,116.38,4.2,9,No,93.58,251.44,28.49,222.95,-80.59
ORD50713,CUST10713,2024-09-09,Grocery,West,UPI,Regular,43,7,444.74,19.06,87.78,4.2,4,No,273.9,3113.18,593.37,2519.81,514.73
ORD50714,CUST10714,2025-01-24,Electronics,West,Credit Card,Wholesale,21,8,129.55,21.1,83.48,3.9,5,No,73.75,1036.4,218.68,817.72,144.24
ORD50715,CUST10715,2025-08-16,Fashion,West,Credit Card,New,31,8,169.85,6.52,20.0,3.9,10,No,124.03,1358.8,88.59,1270.21,257.97
ORD50716,CUST10716,2024-09-12,Sports,West,COD,New,44,6,133.53,21.55,129.02,4.6,7,No,99.28,801.18,172.65,628.53,-96.17
ORD50717,CUST10717,2025-12-09,Electronics,East,Net Banking,New,50,10,194.48,20.46,87.69,4.2,2,No,137.55,1944.8,397.91,1546.89,83.7
ORD50718,CUST10718,2025-03-25,Beauty,West,Net Banking,Wholesale,39,8,457.91,0.0,70.35,3.7,10,No,211.5,3663.28,0.0,3663.28,1900.93
ORD50719,CUST10719,2024-01-10,Home & Kitchen,East,UPI,New,65,1,100.59,12.81,101.48,4.7,9,Yes,67.21,100.59,12.89,87.7,-80.99
ORD50720,CUST10720,2024-08-29,Home & Kitchen,East,Debit Card,New,20,9,195.03,13.59,52.03,3.6,4,No,112.81,1755.27,238.54,1516.73,449.41
ORD50721,CUST10721,2024-09-07,Grocery,West,Credit Card,New,40,1,233.74,22.63,71.29,4.1,10,No,122.15,233.74,52.9,180.84,-12.6
ORD50722,CUST10722,2024-01-05,Home & Kitchen,North,Credit Card,New,38,3,106.91,14.0,94.84,3.2,10,No,75.58,320.73,44.9,275.83,-45.75
ORD50723,CUST10723,2024-04-28,Sports,West,UPI,Regular,58,9,174.45,21.76,59.47,3.4,1,No,95.83,1570.05,341.64,1228.41,306.47
ORD50724,CUST10724,2025-01-08,Fashion,West,Credit Card,New,40,5,603.88,6.53,20.0,4.0,8,No,475.71,3019.4,197.17,2822.23,423.68
ORD50725,CUST10725,2024-03-05,Beauty,West,UPI,New,21,9,80.0,0.81,20.0,3.5,4,No,44.82,720.0,5.83,714.17,290.79
ORD50726,CUST10726,2024-05-25,Sports,North,COD,Regular,38,9,137.86,7.47,110.06,3.9,7,No,90.36,1240.74,92.68,1148.06,224.76
ORD50727,CUST10727,2024-08-11,Beauty,South,Net Banking,Regular,54,6,213.33,23.04,88.6,4.8,3,No,161.34,1279.98,294.91,985.07,-71.57
ORD50728,CUST10728,2024-08-26,Beauty,South,Debit Card,Wholesale,60,1,141.97,18.48,87.01,3.9,9,No,85.01,141.97,26.24,115.73,-56.29
ORD50729,CUST10729,2024-06-25,Fashion,East,Net Banking,Premium,48,10,1183.3,28.26,37.72,4.6,5,No,895.29,11833.0,3344.01,8488.99,-501.63
ORD50730,CUST10730,2024-10-08,Grocery,East,Net Banking,New,38,7,258.95,1.9,89.08,3.5,5,No,185.87,1812.65,34.44,1778.21,388.04
ORD50731,CUST10731,2024-03-03,Home & Kitchen,North,COD,New,43,6,91.94,19.29,71.98,4.4,3,No,72.7,551.64,106.41,445.23,-62.95
ORD50732,CUST10732,2024-08-04,Fashion,Central,Credit Card,New,58,9,80.0,17.28,63.0,3.3,9,No,45.64,720.0,124.42,595.58,121.82
ORD50733,CUST10733,2025-11-19,Sports,South,Debit Card,Wholesale,52,7,226.15,10.0,86.62,3.8,3,Yes,110.56,1583.05,158.3,1424.75,564.21
ORD50734,CUST10734,2025-04-05,Grocery,East,Credit Card,New,55,4,110.92,17.43,103.34,4.4,2,No,67.58,443.68,77.33,366.35,-7.31
ORD50735,CUST10735,2025-09-01,Sports,South,Net Banking,Premium,41,7,418.96,12.98,168.75,4.0,9,Yes,310.35,2932.72,380.67,2552.05,210.85
ORD50736,CUST10736,2024-04-14,Grocery,North,UPI,Regular,28,2,151.61,15.22,115.44,4.6,9,No,93.49,303.22,46.15,257.07,-45.35
ORD50737,CUST10737,2024-04-08,Sports,North,Net Banking,Wholesale,58,6,125.28,16.76,128.59,4.4,10,No,68.52,751.68,125.98,625.7,85.99
ORD50738,CUST10738,2025-05-25,Fashion,Central,Credit Card,Regular,46,6,123.91,18.86,139.71,3.8,4,No,57.03,743.46,140.22,603.24,121.35
ORD50739,CUST10739,2025-01-19,Grocery,Central,Net Banking,New,64,2,344.2,12.61,55.62,4.8,4,No,194.75,688.4,86.81,601.59,156.47
ORD50740,CUST10740,2025-02-08,Grocery,North,UPI,New,20,4,237.49,24.44,75.56,4.3,10,No,169.56,949.96,232.17,717.79,-36.01
ORD50741,CUST10741,2025-06-01,Beauty,East,COD,New,18,8,567.57,10.49,49.28,3.8,6,No,286.41,4540.56,476.3,4064.26,1723.7
ORD50742,CUST10742,2025-04-20,Beauty,South,Credit Card,Premium,36,8,157.62,25.19,59.32,4.1,9,No,90.81,1260.96,317.64,943.32,157.52
ORD50743,CUST10743,2025-12-09,Electronics,West,Net Banking,Premium,63,8,317.5,4.11,70.73,4.1,8,No,145.25,2540.0,104.39,2435.61,1202.88
ORD50744,CUST10744,2025-10-06,Sports,Central,Credit Card,Wholesale,39,8,321.05,5.1,58.25,4.1,10,No,230.21,2568.4,130.99,2437.41,537.48
ORD50745,CUST10745,2025-03-12,Beauty,West,COD,Regular,31,1,280.89,5.51,100.08,3.9,3,No,217.93,280.89,15.48,265.41,-52.6
ORD50746,CUST10746,2024-01-23,Electronics,East,Net Banking,New,31,2,130.14,18.7,109.48,4.2,6,No,85.94,260.28,48.67,211.61,-69.75
ORD50747,CUST10747,2025-07-18,Beauty,Central,Net Banking,New,61,4,246.59,6.36,31.22,4.5,7,No,113.33,986.36,62.73,923.63,439.09
ORD50748,CUST10748,2025-11-07,Sports,West,Credit Card,New,33,9,170.17,22.43,75.96,,6,No,90.28,1531.53,343.52,1188.01,299.53
ORD50749,CUST10749,2025-12-14,Grocery,East,Credit Card,New,50,3,167.29,8.31,76.45,4.3,3,No,102.42,501.87,41.71,460.16,76.45
ORD50750,CUST10750,2025-04-02,Home & Kitchen,South,UPI,Premium,30,6,107.36,14.79,23.74,3.9,9,Yes,71.65,644.16,95.27,548.89,95.25
ORD50751,CUST10751,2024-03-23,Sports,East,COD,Regular,55,7,80.0,16.48,55.52,3.4,4,No,50.69,560.0,92.29,467.71,57.36
ORD50752,CUST10752,2024-05-24,Fashion,Central,UPI,Regular,29,8,408.07,4.89,129.31,3.3,2,No,321.91,3264.56,159.64,3104.92,400.33
ORD50753,CUST10753,2024-03-25,Beauty,North,Net Banking,Wholesale,55,7,239.97,2.26,128.73,3.5,9,No,191.33,1679.79,37.96,1641.83,173.79
ORD50754,CUST10754,2024-03-18,Beauty,South,Credit Card,Premium,56,3,80.0,13.98,20.0,3.7,3,No,39.17,240.0,33.55,206.45,68.94
ORD50755,CUST10755,2025-04-01,Grocery,West,Net Banking,New,50,6,289.02,10.06,111.25,5.0,6,No,144.86,1734.12,174.45,1559.67,579.26
ORD50756,CUST10756,2024-01-01,Fashion,Central,Net Banking,Regular,50,5,413.35,15.49,23.84,4.8,5,No,240.77,2066.75,320.14,1746.61,518.92
ORD50757,CUST10757,2024-02-20,Grocery,North,Debit Card,Regular,46,10,300.51,2.58,71.93,3.6,2,No,182.07,3005.1,77.53,2927.57,1034.94
ORD50758,CUST10758,2025-11-15,Fashion,East,Debit Card,Premium,22,4,101.54,9.5,85.62,4.3,1,No,67.71,406.16,38.59,367.57,11.11
ORD50759,CUST10759,2025-12-17,Home & Kitchen,North,Net Banking,Wholesale,23,1,112.64,10.73,123.87,4.0,9,No,82.91,112.64,12.09,100.55,-106.23
ORD50760,CUST10760,2025-03-21,Beauty,Central,Credit Card,Wholesale,48,7,126.96,0.0,82.14,4.2,3,No,63.51,888.72,0.0,888.72,362.01
ORD50761,CUST10761,2025-03-24,Beauty,Central,Net Banking,New,33,8,317.25,18.97,44.38,3.6,7,No,236.98,2538.0,481.46,2056.54,116.32
ORD50762,CUST10762,2025-05-02,Home & Kitchen,North,Debit Card,Wholesale,48,2,247.48,6.7,36.72,5.0,9,No,167.22,494.96,33.16,461.8,90.64
ORD50763,CUST10763,2024-02-03,Electronics,East,Credit Card,Regular,42,7,1111.75,22.49,97.56,5.0,9,Yes,903.77,7782.25,1750.23,6032.02,-391.93
ORD50764,CUST10764,2024-12-13,Grocery,North,Net Banking,Wholesale,65,6,80.0,7.15,61.48,3.8,10,No,55.27,480.0,34.32,445.68,52.58
ORD50765,CUST10765,2024-04-04,Home & Kitchen,Central,COD,New,63,5,175.18,8.35,71.61,3.6,6,No,125.25,875.9,73.14,802.76,104.9
ORD50766,CUST10766,2024-03-12,Grocery,Central,COD,Regular,50,4,80.0,3.31,133.67,4.6,8,No,41.78,320.0,10.59,309.41,8.62
ORD50767,CUST10767,2025-07-04,Sports,West,Net Banking,Wholesale,30,2,267.15,20.03,109.57,,9,No,196.22,534.3,107.02,427.28,-74.73
ORD50768,CUST10768,2024-06-02,Beauty,West,Credit Card,Wholesale,27,10,362.67,,161.41,4.5,3,No,173.84,3626.7,550.53,3076.17,1176.36
ORD50769,CUST10769,2024-09-06,Grocery,South,Net Banking,Premium,41,6,462.83,21.8,44.18,4.1,6,No,320.7,2776.98,605.38,2171.6,203.22
ORD50770,CUST10770,2025-11-04,Fashion,Central,Net Banking,New,27,5,204.9,10.55,58.09,3.1,5,No,96.42,1024.5,108.08,916.42,376.23
ORD50771,CUST10771,2025-03-13,Grocery,West,Debit Card,Wholesale,58,2,80.0,11.71,98.27,3.9,7,No,39.41,160.0,18.74,141.26,-35.83
ORD50772,CUST10772,2024-04-27,Sports,North,COD,Premium,48,10,175.46,0.23,171.85,3.6,7,No,85.96,1754.6,4.04,1750.56,719.11
ORD50773,CUST10773,2024-11-01,Beauty,East,Debit Card,Regular,30,7,240.79,7.63,54.23,4.1,9,No,113.03,1685.53,128.61,1556.92,711.48
ORD50774,CUST10774,2024-09-24,Home & Kitchen,North,Debit Card,Premium,20,6,94.32,13.19,91.73,4.0,1,No,53.65,565.92,74.64,491.28,77.65
ORD50775,CUST10775,2024-02-23,Sports,East,Net Banking,Premium,51,9,152.59,14.71,149.46,3.1,6,No,124.8,1373.31,202.01,1171.3,-101.36
ORD50776,CUST10776,2024-08-23,Beauty,West,Debit Card,Wholesale,45,10,80.0,24.77,92.25,3.8,5,No,46.31,800.0,198.16,601.84,46.49
ORD50777,CUST10777,2025-01-23,Grocery,South,COD,Wholesale,36,5,121.72,0.0,135.9,4.4,4,No,89.04,608.6,0.0,608.6,27.5
ORD50778,CUST10778,2025-02-04,Electronics,North,Debit Card,Wholesale,40,9,328.03,13.61,178.09,4.5,10,No,163.67,2952.27,401.8,2550.47,899.35
ORD50779,CUST10779,2025-09-15,Electronics,North,COD,Premium,62,9,282.06,9.37,103.28,3.8,1,No,174.36,2538.54,237.86,2300.68,628.16
ORD50780,CUST10780,2024-10-29,Fashion,North,Debit Card,Regular,49,1,80.0,12.53,110.63,4.3,4,No,41.48,80.0,10.02,69.98,-82.13
ORD50781,CUST10781,2024-07-25,Beauty,East,COD,New,30,5,114.64,12.72,123.43,4.2,10,No,59.74,573.2,72.91,500.29,78.16
ORD50782,CUST10782,2024-08-16,Electronics,West,Debit Card,Premium,50,9,188.13,10.66,49.3,4.0,7,No,91.6,1693.17,180.49,1512.68,638.98
ORD50783,CUST10783,2025-07-31,Home & Kitchen,North,Debit Card,Wholesale,51,7,210.03,4.07,23.33,4.3,4,No,128.09,1470.21,59.84,1410.37,490.41
ORD50784,CUST10784,2024-03-15,Beauty,North,Credit Card,New,50,6,117.82,2.77,97.13,3.4,1,No,56.31,706.92,19.58,687.34,252.35
ORD50785,CUST10785,2025-03-10,Home & Kitchen,South,COD,Regular,22,6,247.08,10.15,61.87,4.0,10,No,194.36,1482.48,150.47,1332.01,103.98
ORD50786,CUST10786,2024-04-12,Home & Kitchen,South,COD,New,20,7,177.16,2.06,137.37,3.0,1,No,109.08,1240.12,25.55,1214.57,313.64
ORD50787,CUST10787,2025-02-25,Electronics,West,COD,Wholesale,24,1,80.0,11.21,104.14,4.0,1,No,60.82,80.0,8.97,71.03,-93.93
ORD50788,CUST10788,2025-12-04,Beauty,West,UPI,Premium,41,4,125.01,10.23,136.61,4.9,10,No,101.56,500.04,51.15,448.89,-93.96
ORD50789,CUST10789,2024-11-01,Grocery,Central,Debit Card,Premium,39,1,122.71,0.0,35.93,3.8,5,No,85.99,122.71,0.0,122.71,0.79
ORD50790,CUST10790,2024-04-07,Sports,South,COD,Wholesale,62,6,281.71,25.54,135.07,4.9,7,No,220.74,1690.26,431.69,1258.57,-200.94
ORD50791,CUST10791,2024-11-30,Electronics,Central,UPI,Premium,40,4,284.99,12.54,20.0,3.8,9,No,142.52,1139.96,142.95,997.01,406.93
ORD50792,CUST10792,2025-03-10,Electronics,East,Credit Card,Wholesale,47,1,80.0,0.0,39.62,3.3,8,No,60.57,80.0,0.0,80.0,-20.19
ORD50793,CUST10793,2025-03-22,Grocery,Central,COD,Premium,35,9,241.05,13.73,118.45,4.4,2,No,132.66,2169.45,297.87,1871.58,559.19
ORD50794,CUST10794,2024-11-03,Beauty,North,COD,Premium,49,4,172.76,10.58,67.38,4.3,9,No,107.95,691.04,73.11,617.93,118.75
ORD50795,CUST10795,2024-09-05,Beauty,Central,UPI,Premium,24,6,196.8,2.78,71.72,5.0,4,No,135.64,1180.8,32.83,1147.97,262.41
ORD50796,CUST10796,2024-06-14,Home & Kitchen,West,Debit Card,Regular,50,7,121.63,14.17,94.83,3.4,10,No,95.4,851.41,120.64,730.77,-31.86
ORD50797,CUST10797,2025-04-25,Grocery,East,Credit Card,Regular,22,8,174.13,5.4,153.99,4.2,5,No,137.05,1393.04,75.22,1317.82,67.43
ORD50798,CUST10798,2024-11-30,Grocery,North,COD,Wholesale,45,9,382.88,13.35,20.0,4.3,5,No,185.34,3445.92,460.03,2985.89,1297.83
ORD50799,CUST10799,2025-06-25,Beauty,Central,Debit Card,Regular,25,9,194.98,7.09,146.19,4.7,4,No,114.04,1754.82,124.42,1630.4,457.85
ORD50800,CUST10800,2024-04-15,Home & Kitchen,East,Credit Card,Wholesale,32,8,176.34,5.66,148.84,4.3,6,No,131.1,1410.72,79.85,1330.87,133.23
ORD50801,CUST10801,2025-07-16,Electronics,East,Net Banking,New,21,10,132.76,11.89,67.3,3.8,1,No,94.28,1327.6,157.85,1169.75,159.65
ORD50802,CUST10802,2024-03-21,Fashion,North,Net Banking,New,51,3,359.23,0.65,58.73,3.3,2,No,165.16,1077.69,7.0,1070.69,516.48
ORD50803,CUST10803,2024-05-12,Sports,Central,Credit Card,Regular,22,2,80.0,11.42,84.69,4.2,4,No,49.32,160.0,18.27,141.73,-41.6
ORD50804,CUST10804,2024-05-17,Electronics,East,UPI,New,50,5,107.63,16.6,57.77,4.2,4,No,81.46,538.15,89.33,448.82,-16.25
ORD50805,CUST10805,2024-07-02,Beauty,East,Credit Card,New,22,1,80.0,20.89,105.51,4.4,8,No,57.84,80.0,16.71,63.29,-100.06
ORD50806,CUST10806,2025-02-04,Sports,South,Credit Card,Premium,55,3,206.53,19.62,111.38,3.8,9,No,124.41,619.59,121.56,498.03,13.42
ORD50807,CUST10807,2024-11-25,Fashion,East,UPI,Premium,51,1,390.27,21.47,20.07,4.2,4,No,281.78,390.27,83.79,306.48,4.63
ORD50808,CUST10808,2025-05-22,Fashion,South,UPI,Wholesale,43,3,146.39,8.82,48.58,3.0,6,No,95.73,439.17,38.73,400.44,64.67
ORD50809,CUST10809,2024-03-09,Home & Kitchen,Central,Debit Card,New,18,4,90.46,4.83,36.67,3.3,4,No,71.25,361.84,17.48,344.36,22.69
ORD50810,CUST10810,2025-06-29,Sports,Central,Debit Card,Wholesale,21,7,525.15,17.71,99.66,4.6,4,Yes,350.4,3676.05,651.03,3025.02,472.56
ORD50811,CUST10811,2024-02-22,Home & Kitchen,Central,UPI,Wholesale,56,5,243.07,8.38,129.25,4.1,9,Yes,145.42,1215.35,101.85,1113.5,257.15
ORD50812,CUST10812,2025-03-25,Electronics,West,Net Banking,New,43,5,217.11,12.04,41.7,4.3,4,No,167.02,1085.55,130.7,954.85,78.05
ORD50813,CUST10813,2024-07-23,Grocery,Central,Net Banking,Regular,50,1,160.19,17.23,128.94,3.6,6,No,75.04,160.19,27.6,132.59,-71.39
ORD50814,CUST10814,2024-05-05,Grocery,East,Credit Card,New,50,8,280.02,26.15,48.38,3.5,9,No,219.31,2240.16,585.8,1654.36,-148.5
ORD50815,CUST10815,2024-02-12,Grocery,North,COD,Premium,25,4,214.91,15.7,122.34,3.7,3,No,152.08,859.64,134.96,724.68,-5.98
ORD50816,CUST10816,2024-04-20,Sports,South,Credit Card,New,37,10,132.58,13.44,77.23,,7,No,105.8,1325.8,178.19,1147.61,12.38
ORD50817,CUST10817,2025-10-24,Grocery,West,Credit Card,Regular,33,5,147.82,4.15,70.12,4.4,7,Yes,80.22,739.1,30.67,708.43,237.21
ORD50818,CUST10818,2024-07-01,Electronics,Central,COD,Wholesale,38,2,93.42,20.19,141.41,3.8,1,No,66.06,186.84,37.72,149.12,-124.41
ORD50819,CUST10819,2024-04-04,Home & Kitchen,Central,UPI,Wholesale,62,1,86.15,14.86,170.45,2.9,2,No,64.57,86.15,12.8,73.35,-161.67
ORD50820,CUST10820,2025-01-08,Sports,North,Net Banking,Premium,43,9,149.48,9.57,20.0,4.3,5,No,106.1,1345.32,128.75,1216.57,241.67
ORD50821,CUST10821,2025-06-03,Home & Kitchen,North,Credit Card,Premium,40,2,383.85,8.85,116.97,4.2,8,No,202.61,767.7,67.94,699.76,177.57
ORD50822,CUST10822,2024-12-25,Sports,West,COD,Premium,35,6,92.55,9.15,97.98,4.3,6,Yes,51.08,555.3,50.81,504.49,100.03
ORD50823,CUST10823,2025-11-26,Home & Kitchen,South,Debit Card,Wholesale,48,1,312.2,12.31,119.6,4.6,7,No,205.96,312.2,38.43,273.77,-51.79
ORD50824,CUST10824,2024-10-07,Fashion,Central,Credit Card,Premium,59,1,107.84,,25.27,4.5,3,No,66.35,107.84,1.93,105.91,14.29
ORD50825,CUST10825,2024-07-13,Home & Kitchen,West,Net Banking,New,29,9,80.0,20.53,41.21,4.9,6,No,57.76,720.0,147.82,572.18,11.13
ORD50826,CUST10826,2024-07-13,Grocery,East,UPI,Wholesale,18,4,258.6,19.24,59.79,4.0,9,No,152.6,1034.4,199.02,835.38,165.19
ORD50827,CUST10827,2025-10-28,Fashion,East,Credit Card,Regular,59,9,522.54,10.83,99.59,3.7,3,No,401.31,4702.86,509.32,4193.54,482.16
ORD50828,CUST10828,2024-04-02,Home & Kitchen,West,Credit Card,Wholesale,26,5,103.94,9.17,57.03,4.7,6,No,63.38,519.7,47.66,472.04,98.11
ORD50829,CUST10829,2025-11-02,Sports,Central,COD,New,20,7,80.0,11.84,75.46,4.6,7,No,37.19,560.0,66.3,493.7,157.91
ORD50830,CUST10830,2024-03-01,Sports,West,Debit Card,New,43,1,243.64,13.03,127.37,3.8,5,No,111.2,243.64,31.75,211.89,-26.68
ORD50831,CUST10831,2025-09-25,Sports,Central,Debit Card,Premium,26,6,99.48,9.9,182.2,4.7,10,No,68.57,596.88,59.09,537.79,-55.83
ORD50832,CUST10832,2024-02-20,Beauty,North,UPI,Wholesale,59,8,256.93,18.99,124.16,4.0,8,No,167.01,2055.44,390.33,1665.11,204.87
ORD50833,CUST10833,2025-02-06,Electronics,West,Net Banking,Wholesale,33,1,383.16,2.03,128.67,4.8,8,Yes,249.37,383.16,7.78,375.38,-2.66
ORD50834,CUST10834,2024-01-05,Sports,Central,UPI,Wholesale,41,9,224.73,7.02,81.82,5.0,6,No,166.82,2022.57,141.98,1880.59,297.39
ORD50835,CUST10835,2025-04-10,Fashion,West,Credit Card,Regular,31,3,306.85,17.43,49.92,5.0,7,No,180.74,920.55,160.45,760.1,167.96
ORD50836,CUST10836,2025-08-26,Sports,West,Credit Card,Premium,20,1,308.22,14.27,75.33,4.0,3,No,252.22,308.22,43.98,264.24,-63.31
ORD50837,CUST10837,2025-11-12,Beauty,Central,Debit Card,New,51,1,344.97,7.24,87.39,4.9,7,No,275.92,344.97,24.98,319.99,-43.32
ORD50838,CUST10838,2025-06-17,Grocery,Central,Net Banking,New,50,6,186.68,14.8,37.79,4.6,7,No,84.9,1120.08,165.77,954.31,407.12
ORD50839,CUST10839,2025-02-08,Fashion,South,COD,Premium,41,6,300.79,6.45,126.68,4.6,4,No,235.04,1804.74,116.41,1688.33,151.41
ORD50840,CUST10840,2025-05-27,Beauty,West,Net Banking,New,26,1,201.72,9.83,158.38,4.3,10,No,141.57,201.72,19.83,181.89,-118.06
ORD50841,CUST10841,2025-10-06,Grocery,East,Credit Card,New,30,3,233.77,19.31,95.51,4.6,4,No,148.62,701.31,135.42,565.89,24.52
ORD50842,CUST10842,2024-08-20,Fashion,West,COD,Premium,19,7,1317.66,18.53,138.78,3.1,3,No,877.06,9223.62,1709.14,7514.48,1236.28
ORD50843,CUST10843,2025-06-07,Home & Kitchen,West,Net Banking,New,24,10,212.1,14.02,144.38,4.0,10,No,161.51,2121.0,297.36,1823.64,64.16
ORD50844,CUST10844,2024-12-11,Electronics,Central,Net Banking,Wholesale,65,3,80.0,4.64,43.44,3.6,7,No,64.15,240.0,11.14,228.86,-7.03
ORD50845,CUST10845,2024-02-15,Electronics,West,COD,Regular,38,3,159.44,9.36,20.0,3.5,5,No,104.8,478.32,44.77,433.55,99.15
ORD50846,CUST10846,2025-06-29,Beauty,West,Credit Card,Premium,36,3,148.14,12.68,,3.1,3,No,76.6,444.42,56.35,388.07,90.73
ORD50847,CUST10847,2024-03-18,Grocery,East,Net Banking,Regular,42,7,152.61,22.19,94.31,3.7,6,No,104.8,1068.27,237.05,831.22,3.31
ORD50848,CUST10848,2025-12-30,Electronics,Central,COD,New,64,4,336.88,0.0,36.17,3.9,6,No,161.1,1347.52,0.0,1347.52,666.95
ORD50849,CUST10849,2024-03-13,Grocery,West,Credit Card,New,39,4,378.0,5.89,154.0,4.1,6,No,258.93,1512.0,89.06,1422.94,233.22
ORD50850,CUST10850,2024-09-05,Grocery,North,COD,Wholesale,28,3,169.24,19.9,177.7,4.0,2,No,126.79,507.72,101.04,406.68,-151.39
ORD50851,CUST10851,2024-02-16,Beauty,South,COD,Premium,50,10,80.0,21.52,98.06,4.7,10,No,46.46,800.0,172.16,627.84,65.18
ORD50852,CUST10852,2024-04-30,Beauty,East,Net Banking,New,49,9,193.33,11.51,45.82,3.4,7,No,92.09,1739.97,200.27,1539.7,665.07
ORD50853,CUST10853,2024-08-01,Beauty,West,Credit Card,Premium,38,2,127.33,,111.88,2.7,7,No,89.91,254.66,57.99,196.67,-95.03
ORD50854,CUST10854,2024-08-26,Electronics,North,Net Banking,Premium,56,4,207.84,6.87,45.68,,10,No,119.62,831.36,57.11,774.25,250.09
ORD50855,CUST10855,2024-02-25,Beauty,West,UPI,Premium,37,8,167.57,1.44,141.44,4.0,4,No,90.85,1340.56,19.3,1321.26,453.02
ORD50856,CUST10856,2024-12-15,Electronics,West,UPI,Premium,25,6,399.67,17.53,79.59,4.0,6,No,281.77,2398.02,420.37,1977.65,207.44
ORD50857,CUST10857,2024-04-16,Beauty,Central,Credit Card,Premium,59,7,216.72,21.06,122.73,3.5,4,No,175.27,1517.04,319.49,1197.55,-152.07
ORD50858,CUST10858,2024-02-17,Sports,Central,COD,Regular,54,7,127.6,,130.59,4.6,4,No,92.61,893.2,187.13,706.07,-72.79
ORD50859,CUST10859,2025-07-26,Grocery,Central,Net Banking,Wholesale,26,2,80.0,5.96,114.21,3.7,6,No,50.54,160.0,9.54,150.46,-64.83
ORD50860,CUST10860,2024-12-02,Beauty,North,Net Banking,Premium,42,4,175.7,13.4,170.34,3.4,9,No,118.1,702.8,94.18,608.62,-34.12
ORD50861,CUST10861,2024-01-26,Fashion,West,Credit Card,Regular,42,10,176.11,17.88,98.02,5.0,7,No,88.52,1761.1,314.88,1446.22,463.0
ORD50862,CUST10862,2024-09-13,Grocery,South,Credit Card,New,50,10,152.84,14.11,67.36,4.4,2,No,114.77,1528.4,215.66,1312.74,97.68
ORD50863,CUST10863,2024-01-08,Grocery,East,UPI,Premium,19,6,300.05,22.12,20.0,4.0,6,No,202.11,1800.3,398.23,1402.07,169.41
ORD50864,CUST10864,2025-09-16,Beauty,Central,Debit Card,New,36,3,80.0,9.16,20.0,2.4,5,No,64.59,240.0,21.98,218.02,4.25
ORD50865,CUST10865,2024-09-09,Home & Kitchen,Central,Credit Card,Premium,63,9,110.43,11.51,119.34,3.8,6,No,89.71,993.87,114.39,879.48,-47.25
ORD50866,CUST10866,2025-11-22,Beauty,West,Debit Card,Regular,37,4,187.62,13.65,81.73,4.0,8,No,109.04,750.48,102.44,648.04,130.15
ORD50867,CUST10867,2025-12-19,Grocery,West,Credit Card,Regular,59,10,126.0,17.83,53.31,5.0,8,No,102.79,1260.0,224.66,1035.34,-45.87
ORD50868,CUST10868,2024-10-29,Fashion,North,COD,Regular,58,2,143.76,10.64,39.87,2.9,3,No,115.59,287.52,30.59,256.93,-14.12
ORD50869,CUST10869,2025-09-30,Grocery,North,COD,Wholesale,59,6,174.31,18.49,123.34,5.0,9,No,119.71,1045.86,193.38,852.48,10.88
ORD50870,CUST10870,2024-02-25,Fashion,Central,UPI,New,46,1,283.12,23.23,45.74,,6,No,162.34,283.12,65.77,217.35,9.27
ORD50871,CUST10871,2025-12-26,Electronics,West,UPI,Wholesale,23,6,169.8,8.37,163.38,3.2,7,No,123.74,1018.8,85.27,933.53,27.71
ORD50872,CUST10872,2025-06-09,Sports,South,Debit Card,Premium,34,10,80.0,10.85,195.79,4.6,9,No,44.03,800.0,86.8,713.2,77.11
ORD50873,CUST10873,2025-04-18,Grocery,East,Credit Card,New,42,1,122.51,18.77,49.5,3.8,7,No,83.68,122.51,23.0,99.51,-33.67
ORD50874,CUST10874,2024-01-28,Beauty,West,Net Banking,Regular,55,8,250.2,25.49,120.14,2.9,10,No,114.87,2001.6,510.21,1491.39,452.29
ORD50875,CUST10875,2024-03-18,Electronics,West,UPI,New,21,5,297.6,16.45,,3.7,9,No,203.13,1488.0,244.78,1243.22,117.77
ORD50876,CUST10876,2024-08-03,Sports,North,Net Banking,Regular,47,6,308.46,6.5,45.56,4.2,1,No,247.41,1850.76,120.3,1730.46,200.44
ORD50877,CUST10877,2025-01-20,Beauty,East,Net Banking,Wholesale,37,2,370.84,13.39,45.81,4.0,1,Yes,199.14,741.68,99.31,642.37,198.28
ORD50878,CUST10878,2024-12-30,Home & Kitchen,Central,Credit Card,Wholesale,20,2,195.78,18.72,84.48,4.4,3,No,144.47,391.56,73.3,318.26,-55.16
ORD50879,CUST10879,2025-10-27,Beauty,West,Debit Card,Regular,40,9,215.09,6.31,38.77,4.7,9,No,120.14,1935.81,122.15,1813.66,693.63
ORD50880,CUST10880,2025-06-09,Fashion,Central,Credit Card,Regular,35,3,93.78,4.45,139.11,3.3,1,No,66.76,281.34,12.52,268.82,-70.57
ORD50881,CUST10881,2025-11-29,Fashion,West,UPI,Premium,43,6,80.0,9.59,78.93,4.0,1,No,56.72,480.0,46.03,433.97,14.72
ORD50882,CUST10882,2024-11-07,Home & Kitchen,Central,Net Banking,Wholesale,53,10,80.0,16.62,39.57,3.6,5,No,41.47,800.0,132.96,667.04,212.77
ORD50883,CUST10883,2024-01-07,Electronics,East,Credit Card,Wholesale,25,5,114.87,2.42,86.0,3.2,8,No,77.07,574.35,13.9,560.45,89.1
ORD50884,CUST10884,2024-01-03,Sports,North,Credit Card,Premium,34,4,80.0,7.15,110.99,4.0,2,No,61.43,320.0,22.88,297.12,-59.59
ORD50885,CUST10885,2025-09-14,Beauty,East,Credit Card,Wholesale,48,10,149.84,13.92,57.4,4.3,4,No,88.64,1498.4,208.58,1289.82,346.02
ORD50886,CUST10886,2024-12-28,Fashion,South,UPI,Regular,54,2,134.24,19.63,20.0,4.3,6,No,95.69,268.48,52.7,215.78,4.4
ORD50887,CUST10887,2025-05-22,Electronics,North,Debit Card,New,62,8,333.48,14.03,95.69,3.7,1,No,233.28,2667.84,374.3,2293.54,331.61
ORD50888,CUST10888,2024-09-30,Home & Kitchen,East,Credit Card,New,50,10,96.55,14.62,35.24,3.3,4,No,52.65,965.5,141.16,824.34,262.6
ORD50889,CUST10889,2025-05-20,Grocery,South,UPI,Wholesale,44,7,198.62,19.03,54.28,3.6,4,No,156.89,1390.34,264.58,1125.76,-26.75
ORD50890,CUST10890,2024-01-15,Fashion,West,Net Banking,Premium,62,2,137.99,23.18,111.11,2.8,9,No,90.87,275.98,63.97,212.01,-80.84
ORD50891,CUST10891,2024-07-10,Home & Kitchen,West,COD,Regular,21,6,94.23,22.4,63.54,3.2,9,No,54.79,565.38,126.65,438.73,46.45
ORD50892,CUST10892,2025-09-22,Beauty,Central,UPI,New,39,8,112.95,0.0,83.65,3.3,6,No,57.7,903.6,0.0,903.6,358.35
ORD50893,CUST10893,2025-04-29,Sports,North,COD,Regular,43,7,80.0,12.69,155.39,4.5,8,No,50.01,560.0,71.06,488.94,-16.52
ORD50894,CUST10894,2024-01-28,Fashion,West,Credit Card,Wholesale,49,1,294.84,18.39,74.16,4.5,10,No,212.33,294.84,54.22,240.62,-45.87
ORD50895,CUST10895,2025-12-14,Fashion,North,Credit Card,Wholesale,41,5,451.0,23.9,180.96,5.0,4,No,307.02,2255.0,538.95,1716.05,-0.01
ORD50896,CUST10896,2024-02-08,Beauty,West,UPI,New,63,2,152.34,16.49,123.3,4.2,10,No,109.53,304.68,50.24,254.44,-87.92
ORD50897,CUST10897,2024-09-29,Grocery,Central,COD,Wholesale,52,6,184.73,5.99,48.09,3.7,8,No,137.25,1108.38,66.39,1041.99,170.4
ORD50898,CUST10898,2024-08-18,Electronics,East,Credit Card,Premium,54,7,149.56,6.91,68.56,4.0,3,No,91.71,1046.92,72.34,974.58,264.05
ORD50899,CUST10899,2024-03-26,Sports,Central,Net Banking,Wholesale,49,7,106.37,7.11,33.18,3.9,2,No,68.34,744.59,52.94,691.65,180.09
ORD50900,CUST10900,2025-04-18,Fashion,South,Debit Card,Wholesale,24,3,286.63,14.15,118.69,3.6,6,No,233.6,859.89,121.67,738.22,-81.27
ORD50901,CUST10901,2024-05-05,Sports,West,Debit Card,Wholesale,50,7,223.05,8.64,149.6,4.2,5,No,180.26,1561.35,134.9,1426.45,15.03
ORD50902,CUST10902,2025-06-20,Fashion,South,Credit Card,Regular,48,5,80.0,0.0,73.87,4.1,8,No,48.28,400.0,0.0,400.0,84.73
ORD50903,CUST10903,2024-05-24,Sports,South,COD,Regular,29,8,92.53,3.75,20.0,3.9,1,No,65.1,740.24,27.76,712.48,171.68
ORD50904,CUST10904,2025-06-08,Home & Kitchen,North,Credit Card,New,28,8,80.0,8.89,106.22,3.8,10,No,43.92,640.0,56.9,583.1,125.52
ORD50905,CUST10905,2024-07-30,Fashion,West,COD,New,41,7,498.21,2.46,51.21,4.4,3,No,252.34,3487.47,85.79,3401.68,1584.09
ORD50906,CUST10906,2024-01-25,Sports,South,Net Banking,New,25,6,162.12,3.51,58.02,3.6,7,No,119.05,972.72,34.14,938.58,166.26
ORD50907,CUST10907,2025-08-02,Electronics,East,COD,Wholesale,49,2,211.97,26.36,104.02,3.7,10,No,129.6,423.94,111.75,312.19,-51.03
ORD50908,CUST10908,2025-01-28,Home & Kitchen,South,Credit Card,Regular,55,6,144.08,11.94,145.44,4.3,4,No,74.27,864.48,103.22,761.26,170.2
ORD50909,CUST10909,2024-03-07,Home & Kitchen,East,Net Banking,Premium,39,9,371.2,9.3,123.28,4.7,10,No,271.26,3340.8,310.69,3030.11,465.49
ORD50910,CUST10910,2024-08-20,Electronics,North,UPI,Wholesale,51,2,317.18,16.67,109.33,4.6,5,No,250.13,634.36,105.75,528.61,-80.98
ORD50911,CUST10911,2024-04-18,Sports,South,Debit Card,Wholesale,36,1,157.58,20.02,82.92,3.8,8,No,125.33,157.58,31.55,126.03,-82.22
ORD50912,CUST10912,2024-05-25,Beauty,Central,Credit Card,Wholesale,37,5,553.74,27.68,30.58,3.2,1,No,371.36,2768.7,766.38,2002.32,114.94
ORD50913,CUST10913,2024-04-20,Electronics,North,Credit Card,Premium,31,6,204.48,23.94,105.66,3.8,1,No,128.3,1226.88,293.72,933.16,57.7
ORD50914,CUST10914,2024-08-15,Sports,East,Credit Card,New,50,3,80.0,15.04,122.3,4.0,7,No,40.2,240.0,36.1,203.9,-39.0
ORD50915,CUST10915,2024-04-20,Electronics,North,Net Banking,Premium,27,8,193.45,1.27,63.22,3.3,9,No,143.8,1547.6,19.65,1527.95,314.33
ORD50916,CUST10916,2025-04-14,Electronics,South,UPI,New,33,7,253.75,4.98,73.51,3.8,4,Yes,202.94,1776.25,88.46,1687.79,193.7
ORD50917,CUST10917,2024-02-03,Fashion,West,COD,Premium,21,2,166.24,9.19,139.95,4.8,8,No,129.52,332.48,30.55,301.93,-97.06
ORD50918,CUST10918,2025-09-14,Sports,West,UPI,Regular,44,7,138.73,15.55,72.34,4.1,10,No,101.02,971.11,151.01,820.1,40.62
ORD50919,CUST10919,2025-01-03,Beauty,East,Net Banking,Wholesale,45,1,570.68,12.66,77.82,3.6,7,No,257.77,570.68,72.25,498.43,162.84
ORD50920,CUST10920,2025-08-17,Fashion,East,Credit Card,Wholesale,60,9,83.86,1.69,86.02,4.0,2,No,50.39,754.74,12.76,741.98,202.45
ORD50921,CUST10921,2025-07-07,Electronics,West,Debit Card,Wholesale,33,7,80.0,0.44,119.95,4.1,5,No,48.16,560.0,2.46,557.54,100.47
ORD50922,CUST10922,2025-02-28,Grocery,East,Credit Card,New,50,6,519.25,13.81,103.2,3.8,9,No,405.49,3115.5,430.25,2685.25,149.11
ORD50923,CUST10923,2025-09-04,Electronics,North,COD,Premium,65,2,81.7,12.84,99.87,4.5,9,No,38.75,163.4,20.98,142.42,-34.95
ORD50924,CUST10924,2025-06-01,Electronics,Central,Debit Card,Regular,36,3,150.46,10.53,158.3,2.8,3,No,97.28,451.38,47.53,403.85,-46.29
ORD50925,CUST10925,2025-11-22,Sports,Central,Credit Card,Premium,38,1,141.84,15.38,71.57,4.3,3,No,70.97,141.84,21.81,120.03,-22.51
ORD50926,CUST10926,2024-10-08,Sports,North,Debit Card,Wholesale,39,10,403.69,20.73,47.23,3.6,2,No,280.58,4036.9,836.85,3200.05,347.02
ORD50927,CUST10927,2024-11-15,Fashion,Central,UPI,Regular,26,5,460.66,14.17,135.99,4.7,7,No,342.33,2303.3,326.38,1976.92,129.28
ORD50928,CUST10928,2025-03-18,Beauty,South,Net Banking,Regular,26,9,80.0,5.41,100.39,3.2,6,No,55.0,720.0,38.95,681.05,85.66
ORD50929,CUST10929,2024-11-10,Fashion,North,Credit Card,Wholesale,26,6,437.9,25.41,63.48,4.6,5,No,325.8,2627.4,667.62,1959.78,-58.5
ORD50930,CUST10930,2025-01-11,Home & Kitchen,East,COD,Premium,44,5,432.67,10.77,73.81,3.5,7,No,291.95,2163.35,232.99,1930.36,396.8
ORD50931,CUST10931,2024-10-15,Electronics,North,UPI,Wholesale,34,3,183.57,12.35,32.67,4.2,4,No,95.5,550.71,68.01,482.7,163.53
ORD50932,CUST10932,2025-03-12,Grocery,West,Credit Card,Premium,61,5,332.34,7.42,,3.7,5,No,196.61,1661.7,123.3,1538.4,454.92
ORD50933,CUST10933,2025-10-23,Electronics,East,UPI,Regular,62,8,354.72,4.48,24.24,4.7,9,No,285.21,2837.76,127.13,2710.63,404.71
ORD50934,CUST10934,2024-10-03,Electronics,West,COD,Regular,25,2,153.84,5.05,120.69,3.9,9,No,85.63,307.68,15.54,292.14,0.19
ORD50935,CUST10935,2025-12-10,Fashion,East,Credit Card,Wholesale,33,5,163.63,3.51,66.49,3.5,4,No,77.44,818.15,28.72,789.43,335.74
ORD50936,CUST10936,2025-08-04,Grocery,Central,COD,Regular,35,6,265.88,0.0,27.27,4.9,6,No,157.5,1595.28,0.0,1595.28,623.01
ORD50937,CUST10937,2025-05-17,Grocery,North,Debit Card,New,50,10,80.0,10.91,139.38,3.8,2,No,46.84,800.0,87.28,712.72,104.94
ORD50938,CUST10938,2025-09-15,Grocery,South,COD,Regular,18,8,144.03,19.72,191.54,4.3,3,No,89.88,1152.24,227.22,925.02,14.44
ORD50939,CUST10939,2025-05-30,Fashion,East,Debit Card,New,29,8,83.08,5.11,109.68,4.6,9,No,54.61,664.64,33.96,630.68,84.12
ORD50940,CUST10940,2024-12-15,Electronics,East,Credit Card,Regular,23,5,457.29,29.92,77.16,3.4,6,No,373.7,2286.45,684.11,1602.34,-343.32
ORD50941,CUST10941,2025-03-21,Fashion,West,Debit Card,Wholesale,58,9,142.93,21.7,46.8,4.3,8,No,104.31,1286.37,279.14,1007.23,21.64
ORD50942,CUST10942,2024-12-15,Sports,Central,Credit Card,Wholesale,22,4,216.94,11.87,101.78,4.4,5,No,100.5,867.76,103.0,764.76,260.98
ORD50943,CUST10943,2025-08-29,Sports,West,Credit Card,New,33,9,157.28,4.22,118.65,3.0,2,No,112.25,1415.52,59.73,1355.79,226.89
ORD50944,CUST10944,2025-10-25,Fashion,West,Net Banking,Wholesale,35,7,150.77,0.82,90.31,4.2,7,No,113.83,1055.39,8.65,1046.74,159.62
ORD50945,CUST10945,2024-05-16,Grocery,Central,Credit Card,Regular,35,6,207.91,11.2,130.29,3.8,6,No,162.46,1247.46,139.72,1107.74,2.69
ORD50946,CUST10946,2024-08-30,Electronics,South,Debit Card,Regular,18,4,112.74,12.48,158.13,5.0,2,No,68.42,450.96,56.28,394.68,-37.13
ORD50947,CUST10947,2025-06-26,Fashion,West,Net Banking,Wholesale,36,2,159.33,10.57,33.31,4.6,6,No,90.19,318.66,33.68,284.98,71.29
ORD50948,CUST10948,2024-02-09,Fashion,West,Net Banking,Regular,25,8,158.57,19.49,103.23,4.3,8,No,120.6,1268.56,247.24,1021.32,-46.71
ORD50949,CUST10949,2024-08-16,Fashion,East,Credit Card,Premium,20,6,137.68,22.48,20.0,2.7,1,No,101.57,826.08,185.7,640.38,10.96
ORD50950,CUST10950,2025-07-01,Home & Kitchen,Central,COD,Premium,42,3,233.73,15.31,53.37,4.3,4,No,151.54,701.19,107.35,593.84,85.85
ORD50951,CUST10951,2024-08-10,Sports,North,COD,Regular,22,7,135.57,15.69,122.39,3.5,1,No,66.92,948.99,148.9,800.09,209.26
ORD50952,CUST10952,2024-01-06,Grocery,South,Net Banking,Wholesale,57,10,516.58,9.79,87.89,4.6,2,No,357.04,5165.8,505.73,4660.07,1001.78
ORD50953,CUST10953,2024-11-17,Beauty,South,Credit Card,New,36,7,272.82,11.97,20.0,3.9,1,No,129.4,1909.74,228.6,1681.14,755.34
ORD50954,CUST10954,2025-04-12,Grocery,Central,COD,Wholesale,35,6,80.0,14.88,137.25,3.7,6,No,38.97,480.0,71.42,408.58,37.51
ORD50955,CUST10955,2024-03-15,Beauty,East,Credit Card,New,48,2,259.32,9.78,65.55,3.7,6,No,148.47,518.64,50.72,467.92,105.43
ORD50956,CUST10956,2024-01-04,Home & Kitchen,East,Credit Card,Wholesale,50,8,115.8,16.63,128.29,3.8,1,No,68.01,926.4,154.06,772.34,99.97
ORD50957,CUST10957,2025-10-07,Fashion,Central,Net Banking,Regular,64,1,197.99,4.61,113.07,3.1,4,Yes,122.94,197.99,9.13,188.86,-47.15
ORD50958,CUST10958,2024-04-27,Home & Kitchen,East,Net Banking,Premium,35,1,112.7,6.87,52.51,3.2,4,No,64.86,112.7,7.74,104.96,-12.41
ORD50959,CUST10959,2025-08-28,Home & Kitchen,South,UPI,Wholesale,56,6,80.0,4.67,129.1,3.8,8,No,37.0,480.0,22.42,457.58,106.48
ORD50960,CUST10960,2025-05-18,Electronics,South,COD,New,33,5,178.73,7.32,104.34,5.0,6,No,90.84,893.65,65.42,828.23,269.69
ORD50961,CUST10961,2025-07-27,Sports,North,COD,Premium,33,9,80.0,9.99,97.88,4.5,2,Yes,39.41,720.0,71.93,648.07,195.5
ORD50962,CUST10962,2025-03-16,Beauty,Central,COD,New,64,7,238.13,19.2,68.93,4.5,5,Yes,145.15,1666.91,320.05,1346.86,261.88
ORD50963,CUST10963,2024-07-12,Fashion,West,Debit Card,Regular,55,2,203.08,12.29,40.38,4.8,4,No,107.33,406.16,49.92,356.24,101.2
ORD50964,CUST10964,2025-12-15,Beauty,West,Credit Card,Premium,58,7,122.42,3.01,71.16,4.2,10,No,68.39,856.94,25.79,831.15,281.26
ORD50965,CUST10965,2025-01-26,Grocery,North,Net Banking,New,24,3,593.83,2.19,70.18,3.7,4,No,370.83,1781.49,39.01,1742.48,559.81
ORD50966,CUST10966,2024-01-26,Beauty,North,COD,Wholesale,31,1,81.0,9.09,128.32,3.7,8,No,43.51,81.0,7.36,73.64,-98.19
ORD50967,CUST10967,2025-03-10,Grocery,East,UPI,Regular,60,8,120.81,17.84,20.0,3.5,5,No,65.36,966.48,172.42,794.06,251.18
ORD50968,CUST10968,2024-06-21,Sports,North,COD,Regular,65,3,87.49,,156.18,4.5,3,No,66.34,262.47,57.27,205.2,-150.0
ORD50969,CUST10969,2024-10-26,Grocery,North,Credit Card,Regular,42,8,683.25,0.86,158.65,3.4,10,No,446.02,5466.0,47.01,5418.99,1692.18
ORD50970,CUST10970,2025-10-06,Beauty,West,Credit Card,Wholesale,49,7,436.57,14.61,61.15,5.0,4,No,334.85,3055.99,446.48,2609.51,204.41
ORD50971,CUST10971,2024-11-21,Beauty,East,Net Banking,Wholesale,55,2,80.0,9.19,153.07,3.4,1,No,51.23,160.0,14.7,145.3,-110.23
ORD50972,CUST10972,2025-02-13,Grocery,North,Debit Card,Premium,39,1,105.99,9.73,44.75,4.8,6,No,83.35,105.99,10.31,95.68,-32.42
ORD50973,CUST10973,2024-04-27,Home & Kitchen,North,Net Banking,Wholesale,33,7,108.36,4.55,140.72,4.8,10,No,58.98,758.52,34.51,724.01,170.43
ORD50974,CUST10974,2025-12-24,Sports,East,COD,Premium,46,1,126.73,10.46,53.12,4.4,4,No,85.94,126.73,13.26,113.47,-25.59
ORD50975,CUST10975,2024-08-12,Electronics,Central,UPI,Regular,33,6,92.04,4.24,136.5,5.0,6,Yes,58.56,552.24,23.41,528.83,40.97
ORD50976,CUST10976,2025-06-15,Fashion,East,Net Banking,Premium,29,10,122.27,10.14,25.32,3.9,2,Yes,96.58,1222.7,123.98,1098.72,107.6
ORD50977,CUST10977,2024-04-22,Beauty,West,Debit Card,New,34,10,348.34,20.04,138.73,4.1,5,No,210.69,3483.4,698.07,2785.33,539.7
ORD50978,CUST10978,2024-05-19,Fashion,Central,Net Banking,Regular,54,8,642.58,16.42,147.99,4.1,9,Yes,492.4,5140.64,844.09,4296.55,209.36
ORD50979,CUST10979,2025-07-12,Electronics,South,Credit Card,Regular,44,7,80.0,25.4,23.87,4.4,8,No,52.69,560.0,142.24,417.76,25.06
ORD50980,CUST10980,2024-01-01,Fashion,East,COD,Premium,42,4,92.14,15.68,169.08,2.8,3,No,65.62,368.56,57.79,310.77,-120.79
ORD50981,CUST10981,2024-03-30,Electronics,West,COD,Regular,30,1,208.27,13.22,135.83,3.9,1,No,162.07,208.27,27.53,180.74,-117.16
ORD50982,CUST10982,2025-10-15,Grocery,Central,COD,Wholesale,25,1,80.0,15.87,20.0,4.6,10,No,65.51,80.0,12.7,67.3,-18.21
ORD50983,CUST10983,2024-11-15,Home & Kitchen,East,COD,New,22,4,211.8,6.57,67.95,3.8,3,Yes,152.61,847.2,55.66,791.54,113.15
ORD50984,CUST10984,2025-07-03,Beauty,North,COD,Premium,29,5,257.51,0.0,136.69,5.0,8,No,145.85,1287.55,0.0,1287.55,421.61
ORD50985,CUST10985,2024-05-18,Electronics,East,COD,Premium,58,7,285.84,,122.54,4.1,3,No,160.25,2000.88,351.55,1649.33,405.04
ORD50986,CUST10986,2025-05-25,Fashion,South,UPI,Regular,20,4,252.87,0.0,95.03,4.3,5,No,142.71,1011.48,0.0,1011.48,345.61
ORD50987,CUST10987,2024-09-15,Beauty,East,Debit Card,Wholesale,52,10,128.01,19.85,131.76,5.0,2,No,62.24,1280.1,254.1,1026.0,271.84
ORD50988,CUST10988,2025-11-03,Home & Kitchen,Central,COD,Regular,50,1,161.08,17.26,50.67,4.1,1,Yes,75.68,161.08,27.8,133.28,6.93
ORD50989,CUST10989,2025-11-20,Grocery,Central,Debit Card,Regular,39,10,84.21,6.05,92.13,5.0,10,No,55.99,842.1,50.95,791.15,139.12
ORD50990,CUST10990,2024-01-10,Beauty,East,COD,Premium,61,7,245.14,8.95,51.95,4.4,5,No,183.83,1715.98,153.58,1562.4,223.64
ORD50991,CUST10991,2024-09-17,Electronics,Central,Net Banking,Regular,26,2,513.98,11.92,96.07,4.4,5,Yes,238.16,1027.96,122.53,905.43,333.04
ORD50992,CUST10992,2025-10-11,Home & Kitchen,North,COD,New,58,2,244.8,5.54,135.05,3.4,6,No,161.48,489.6,27.12,462.48,4.47
ORD50993,CUST10993,2024-06-20,Fashion,East,Credit Card,Regular,35,8,115.38,15.78,125.17,4.7,2,No,67.79,923.04,145.66,777.38,109.89
ORD50994,CUST10994,2024-01-13,Home & Kitchen,North,UPI,Regular,46,10,346.06,16.4,100.03,3.6,9,No,270.0,3460.6,567.54,2893.06,93.03
ORD50995,CUST10995,2024-06-16,Home & Kitchen,North,Net Banking,Premium,56,10,843.59,1.9,134.54,3.9,2,No,424.99,8435.9,160.28,8275.62,3891.18
ORD50996,CUST10996,2025-10-03,Sports,West,Net Banking,Regular,44,10,212.31,6.24,138.97,,2,No,139.8,2123.1,132.48,1990.62,453.65
ORD50997,CUST10997,2025-08-18,Home & Kitchen,East,Credit Card,Wholesale,53,5,259.93,11.74,170.88,3.8,5,No,210.35,1299.65,152.58,1147.07,-75.56
ORD50998,CUST10998,2024-11-16,Home & Kitchen,Central,COD,Premium,62,10,281.61,19.98,142.54,4.2,9,No,162.68,2816.1,562.66,2253.44,484.1
ORD50999,CUST10999,2024-11-14,Beauty,North,UPI,Regular,34,2,80.0,16.57,119.54,4.0,4,No,57.96,160.0,26.51,133.49,-101.97
ORD51000,CUST11000,2025-09-04,Fashion,West,Net Banking,New,51,5,138.76,0.0,132.03,4.0,6,No,107.75,693.8,0.0,693.8,23.02
ORD51001,CUST11001,2024-11-24,Beauty,East,UPI,New,63,8,129.8,9.96,100.96,3.9,2,No,67.35,1038.4,103.42,934.98,295.22
ORD51002,CUST11002,2025-07-03,Beauty,East,Net Banking,Premium,20,6,311.89,15.31,77.4,3.3,4,No,254.89,1871.34,286.5,1584.84,-21.9
ORD51003,CUST11003,2025-02-22,Electronics,South,COD,Premium,22,3,289.15,6.4,129.04,4.4,9,No,216.71,867.45,55.52,811.93,32.76
ORD51004,CUST11004,2025-08-28,Beauty,South,Net Banking,Regular,31,8,167.59,5.86,124.07,4.4,2,No,83.95,1340.72,78.57,1262.15,466.48
ORD51005,CUST11005,2024-04-04,Sports,North,Net Banking,Wholesale,20,9,124.83,6.77,103.14,3.6,1,No,70.53,1123.47,76.06,1047.41,309.5
ORD51006,CUST11006,2025-08-03,Sports,South,Debit Card,Regular,40,5,80.0,9.84,81.24,3.7,4,No,54.5,400.0,39.36,360.64,6.9
ORD51007,CUST11007,2024-11-13,Electronics,North,COD,New,56,2,179.47,5.15,78.75,4.6,4,No,139.52,358.94,18.49,340.45,-17.34
ORD51008,CUST11008,2024-08-23,Grocery,Central,Credit Card,Wholesale,47,2,97.47,16.62,71.61,3.8,1,No,50.89,194.94,32.4,162.54,-10.85
ORD51009,CUST11009,2024-11-29,Fashion,North,Credit Card,Wholesale,62,7,89.92,5.98,146.51,4.1,4,No,64.79,629.44,37.64,591.8,-8.24
ORD51010,CUST11010,2025-01-10,Fashion,South,COD,Wholesale,40,1,330.99,4.75,143.03,,3,No,182.09,330.99,15.72,315.27,-9.85
ORD51011,CUST11011,2025-04-03,Beauty,Central,Credit Card,Regular,44,10,309.28,9.21,141.1,4.0,2,No,231.34,3092.8,284.85,2807.95,353.45
ORD51012,CUST11012,2024-05-16,Beauty,South,COD,New,27,2,131.95,22.35,42.67,3.4,10,No,92.74,263.9,58.98,204.92,-23.23
ORD51013,CUST11013,2025-08-10,Grocery,North,Credit Card,Premium,42,10,80.0,15.68,73.83,3.6,4,No,51.48,800.0,125.44,674.56,85.93
ORD51014,CUST11014,2025-06-30,Beauty,West,Debit Card,Regular,30,4,105.98,16.12,78.42,3.5,8,No,73.17,423.92,68.34,355.58,-15.52
ORD51015,CUST11015,2025-05-27,Fashion,East,Credit Card,Premium,33,1,345.72,14.0,62.72,4.6,7,No,267.69,345.72,48.4,297.32,-33.09
ORD51016,CUST11016,2024-10-22,Home & Kitchen,South,Net Banking,Wholesale,58,4,245.68,5.37,173.82,3.1,9,Yes,145.68,982.72,52.77,929.95,173.41
ORD51017,CUST11017,2024-11-15,Sports,North,COD,Wholesale,51,10,133.4,7.52,108.02,4.2,8,No,98.0,1334.0,100.32,1233.68,145.66
ORD51018,CUST11018,2025-07-25,Home & Kitchen,Central,UPI,Regular,54,5,188.33,6.33,104.79,3.9,1,No,95.82,941.65,59.61,882.04,298.15
ORD51019,CUST11019,2024-12-14,Home & Kitchen,South,UPI,New,39,9,80.0,19.64,69.03,4.9,2,No,56.76,720.0,141.41,578.59,-1.28
ORD51020,CUST11020,2024-08-16,Fashion,South,COD,Wholesale,34,1,80.0,14.07,128.79,4.5,2,No,58.22,80.0,11.26,68.74,-118.27
ORD51021,CUST11021,2024-09-26,Home & Kitchen,East,Debit Card,Premium,40,5,655.33,0.33,188.62,3.2,8,No,402.31,3276.65,10.81,3265.84,1065.67
ORD51022,CUST11022,2024-10-17,Grocery,North,Credit Card,Premium,53,2,251.95,22.17,93.64,3.6,4,No,187.36,503.9,111.71,392.19,-76.17
ORD51023,CUST11023,2025-12-25,Electronics,West,Debit Card,Regular,26,9,181.47,9.68,79.49,4.0,9,Yes,119.07,1633.23,158.1,1475.13,324.01
ORD51024,CUST11024,2024-06-13,Beauty,Central,UPI,Premium,19,6,140.05,16.57,85.92,3.6,2,No,111.54,840.3,139.24,701.06,-54.1
ORD51025,CUST11025,2024-01-05,Electronics,North,COD,New,49,2,80.0,19.37,75.51,4.6,4,No,39.33,160.0,30.99,129.01,-25.16
ORD51026,CUST11026,2025-01-13,Sports,Central,COD,Wholesale,39,3,345.71,0.0,89.87,4.1,1,No,172.3,1037.13,0.0,1037.13,430.36
ORD51027,CUST11027,2024-03-18,Beauty,South,Debit Card,Premium,60,8,86.58,15.18,62.48,3.9,3,Yes,65.95,692.64,105.14,587.5,-2.58
ORD51028,CUST11028,2025-02-13,Home & Kitchen,East,Debit Card,Premium,30,1,286.49,10.23,50.11,4.6,6,No,218.21,286.49,29.31,257.18,-11.14
ORD51029,CUST11029,2025-07-27,Sports,East,Credit Card,Wholesale,25,3,197.51,0.0,89.04,3.2,9,No,123.32,592.53,0.0,592.53,133.53
ORD51030,CUST11030,2024-05-11,Beauty,West,Net Banking,Regular,18,10,175.24,4.07,93.65,3.8,1,No,141.36,1752.4,71.32,1681.08,173.83
ORD51031,CUST11031,2025-08-23,Grocery,East,Net Banking,Premium,34,1,80.0,8.82,77.71,4.2,5,No,56.11,80.0,7.06,72.94,-60.88
ORD51032,CUST11032,2024-02-11,Grocery,South,Credit Card,Regular,29,8,80.0,17.92,155.56,3.9,2,No,65.09,640.0,114.69,525.31,-150.97
ORD51033,CUST11033,2024-03-29,Grocery,West,Net Banking,Regular,21,1,233.56,10.77,108.7,2.0,7,No,151.11,233.56,25.15,208.41,-51.4
ORD51034,CUST11034,2025-02-05,Grocery,North,UPI,Premium,30,5,190.85,13.04,123.41,4.2,4,No,100.12,954.25,124.43,829.82,205.81
ORD51035,CUST11035,2024-10-22,Home & Kitchen,East,Net Banking,New,48,4,186.92,9.51,124.61,4.3,5,No,114.85,747.68,71.1,676.58,92.57
ORD51036,CUST11036,2024-10-21,Electronics,West,Credit Card,Regular,58,7,218.31,19.62,94.71,3.3,8,No,177.44,1528.17,299.83,1228.34,-108.45
ORD51037,CUST11037,2025-09-07,Beauty,South,Net Banking,Premium,24,5,80.0,15.65,99.84,2.6,2,No,46.96,400.0,62.6,337.4,2.76
ORD51038,CUST11038,2025-06-09,Home & Kitchen,Central,COD,Regular,40,8,350.67,13.14,51.29,3.6,3,No,281.97,2805.36,368.62,2436.74,129.69
ORD51039,CUST11039,2025-11-21,Grocery,Central,Debit Card,Wholesale,41,1,143.83,4.0,119.52,3.9,5,No,107.14,143.83,5.75,138.08,-88.58
ORD51040,CUST11040,2025-09-28,Electronics,South,UPI,New,22,5,387.71,12.84,75.0,3.9,10,No,237.89,1938.55,248.91,1689.64,425.19
ORD51041,CUST11041,2025-02-25,Sports,South,COD,New,22,4,80.0,31.47,61.21,2.7,4,No,52.04,320.0,100.7,219.3,-50.07
ORD51042,CUST11042,2024-01-23,Sports,Central,COD,Wholesale,34,3,262.4,17.57,148.59,4.1,5,No,177.06,787.2,138.31,648.89,-30.88
ORD51043,CUST11043,2025-07-28,Sports,West,Credit Card,Wholesale,47,5,260.79,6.82,30.05,4.7,3,No,181.6,1303.95,88.93,1215.02,276.97
ORD51044,CUST11044,2024-05-22,Grocery,Central,Debit Card,Regular,26,10,80.0,24.97,167.36,4.6,9,No,38.27,800.0,199.76,600.24,50.18
ORD51045,CUST11045,2025-10-26,Sports,South,Debit Card,Wholesale,23,3,119.64,6.52,163.8,4.8,8,No,95.16,358.92,23.4,335.52,-113.76
ORD51046,CUST11046,2024-05-24,Fashion,East,UPI,New,42,8,91.04,17.0,80.0,3.2,6,No,61.08,728.32,123.81,604.51,35.87
ORD51047,CUST11047,2024-08-12,Beauty,North,Credit Card,Wholesale,36,3,317.69,11.68,170.33,4.6,1,No,252.41,953.07,111.32,841.75,-85.81
ORD51048,CUST11048,2025-05-17,Beauty,East,UPI,Premium,33,1,221.58,13.27,50.02,3.4,4,No,151.52,221.58,29.4,192.18,-9.36
ORD51049,CUST11049,2025-09-07,Grocery,East,Net Banking,Premium,38,9,512.47,13.53,134.73,4.5,7,No,312.34,4612.23,624.03,3988.2,1042.41
ORD51050,CUST11050,2024-04-13,Fashion,South,COD,Regular,19,9,206.83,10.27,90.76,3.5,10,Yes,136.46,1861.47,191.17,1670.3,351.4
ORD51051,CUST11051,2024-02-08,Home & Kitchen,Central,UPI,New,27,6,291.77,9.27,20.0,4.2,5,No,220.85,1750.62,162.28,1588.34,243.24
ORD51052,CUST11052,2024-07-16,Home & Kitchen,West,COD,Premium,33,10,388.31,2.78,61.6,5.0,4,No,221.6,3883.1,107.95,3775.15,1497.55
ORD51053,CUST11053,2025-10-07,Sports,East,Credit Card,Wholesale,54,1,259.92,4.12,82.15,4.6,9,No,208.95,259.92,10.71,249.21,-41.89
ORD51054,CUST11054,2025-08-01,Electronics,Central,Net Banking,Premium,32,8,141.21,14.34,125.06,3.4,8,No,87.89,1129.68,162.0,967.68,139.5
ORD51055,CUST11055,2025-01-25,Home & Kitchen,West,Credit Card,Premium,30,2,125.12,7.22,68.53,3.3,3,No,100.57,250.24,18.07,232.17,-37.5
ORD51056,CUST11056,2024-06-27,Electronics,East,Net Banking,Regular,30,9,172.12,5.63,77.71,4.5,6,No,133.54,1549.08,87.21,1461.87,182.3
ORD51057,CUST11057,2025-07-07,Beauty,West,Net Banking,Wholesale,49,8,304.23,31.79,114.34,4.9,4,No,223.32,2433.84,773.72,1660.12,-240.78
ORD51058,CUST11058,2025-03-23,Electronics,Central,COD,Wholesale,62,3,110.17,29.43,111.96,4.3,7,No,68.63,330.51,97.27,233.24,-84.61
ORD51059,CUST11059,2025-05-14,Beauty,North,Credit Card,Wholesale,64,5,276.97,16.07,85.87,3.7,1,No,184.79,1384.85,222.55,1162.3,152.48
ORD51060,CUST11060,2024-01-15,Fashion,Central,Credit Card,Regular,63,9,223.57,17.05,76.37,4.0,1,No,169.93,2012.13,343.07,1669.06,63.32
ORD51061,CUST11061,2025-09-14,Fashion,South,UPI,Wholesale,25,1,80.27,6.31,132.27,4.3,6,No,52.28,80.27,5.07,75.2,-109.35
ORD51062,CUST11062,2025-10-30,Grocery,West,Credit Card,Wholesale,60,9,268.35,3.7,76.12,3.9,10,No,194.05,2415.15,89.36,2325.79,503.22
ORD51063,CUST11063,2024-10-15,Grocery,North,UPI,Premium,35,4,198.79,9.62,36.48,3.4,7,No,147.61,795.16,76.49,718.67,91.75
ORD51064,CUST11064,2025-04-22,Sports,West,Debit Card,Premium,53,4,126.74,12.0,72.25,4.7,9,No,81.09,506.96,60.84,446.12,49.51
ORD51065,CUST11065,2024-08-18,Home & Kitchen,West,Debit Card,Wholesale,43,4,196.93,16.99,114.61,5.0,7,No,127.69,787.72,133.83,653.89,28.52
ORD51066,CUST11066,2025-02-23,Sports,East,Debit Card,New,27,10,129.99,0.0,83.28,4.9,9,No,68.01,1299.9,0.0,1299.9,536.52
ORD51067,CUST11067,2024-06-05,Beauty,South,Credit Card,New,48,9,212.93,,67.38,2.6,10,Yes,115.1,1916.37,517.99,1398.38,295.1
ORD51068,CUST11068,2025-07-03,Sports,West,Credit Card,Wholesale,50,6,162.52,13.74,33.53,4.8,9,No,127.55,975.12,133.98,841.14,42.31
ORD51069,CUST11069,2025-03-16,Electronics,Central,UPI,New,46,8,80.0,1.15,83.52,4.4,8,Yes,60.87,640.0,7.36,632.64,62.16
ORD51070,CUST11070,2024-04-06,Beauty,Central,Net Banking,Regular,22,4,165.72,13.1,100.26,3.6,7,No,75.19,662.88,86.84,576.04,175.02
ORD51071,CUST11071,2025-02-14,Grocery,East,UPI,Premium,30,3,135.95,5.68,44.67,2.7,3,No,104.91,407.85,23.17,384.68,25.28
ORD51072,CUST11072,2024-10-15,Fashion,South,Debit Card,Regular,18,1,274.0,5.19,81.48,3.9,3,No,125.86,274.0,14.22,259.78,52.44
ORD51073,CUST11073,2024-09-10,Grocery,South,UPI,Premium,40,10,321.13,4.56,40.77,4.2,5,Yes,198.96,3211.3,146.44,3064.86,1034.49
ORD51074,CUST11074,2024-07-14,Home & Kitchen,Central,Net Banking,New,57,7,130.21,10.2,84.2,3.3,7,No,61.84,911.47,92.97,818.5,301.42
ORD51075,CUST11075,2025-08-20,Beauty,North,Credit Card,New,20,4,108.52,26.72,167.65,4.8,10,No,87.73,434.08,115.99,318.09,-200.48
ORD51076,CUST11076,2025-06-05,Beauty,East,UPI,Wholesale,20,8,80.0,12.65,97.73,4.8,7,No,64.78,640.0,80.96,559.04,-56.93
ORD51077,CUST11077,2025-05-31,Electronics,East,Debit Card,New,24,3,106.79,16.86,20.0,4.3,1,No,72.19,320.37,54.01,266.36,29.79
ORD51078,CUST11078,2025-09-26,Home & Kitchen,Central,Debit Card,New,53,1,146.92,18.57,104.9,3.1,8,Yes,87.43,146.92,27.28,119.64,-72.69
ORD51079,CUST11079,2024-04-27,Fashion,Central,Credit Card,Wholesale,52,5,80.0,10.99,149.03,3.8,1,No,51.15,400.0,43.96,356.04,-48.74
ORD51080,CUST11080,2024-06-07,Beauty,North,UPI,Wholesale,32,2,323.93,3.87,27.72,4.5,4,No,237.13,647.86,25.07,622.79,120.81
ORD51081,CUST11081,2024-08-15,Beauty,North,Net Banking,Premium,57,3,214.95,0.81,42.95,4.4,2,No,114.48,644.85,5.22,639.63,253.24
ORD51082,CUST11082,2024-08-03,Electronics,South,Credit Card,New,20,6,167.62,9.29,101.63,3.5,5,Yes,102.82,1005.72,93.43,912.29,193.74
ORD51083,CUST11083,2025-11-26,Sports,East,UPI,Premium,46,3,179.32,20.01,86.08,3.6,6,No,129.61,537.96,107.65,430.31,-44.6
ORD51084,CUST11084,2024-01-15,Fashion,East,COD,Premium,47,3,221.17,18.55,144.5,3.5,4,No,131.88,663.51,123.08,540.43,0.29
ORD51085,CUST11085,2024-06-05,Grocery,Central,Debit Card,Regular,56,6,273.56,13.79,81.87,3.8,4,No,126.34,1641.36,226.34,1415.02,575.11
ORD51086,CUST11086,2025-10-09,Home & Kitchen,South,Net Banking,New,35,5,306.7,14.72,127.15,3.7,7,No,195.59,1533.5,225.73,1307.77,202.67
ORD51087,CUST11087,2024-09-17,Beauty,East,Net Banking,New,28,10,148.27,11.04,158.76,3.6,4,Yes,107.18,1482.7,163.69,1319.01,88.45
ORD51088,CUST11088,2024-06-05,Beauty,South,Net Banking,Regular,60,9,165.3,8.63,50.96,3.9,2,No,134.13,1487.7,128.39,1359.31,101.18
ORD51089,CUST11089,2024-02-16,Grocery,South,Debit Card,Premium,55,1,202.84,6.83,123.65,4.0,4,No,94.06,202.84,13.85,188.99,-28.72
ORD51090,CUST11090,2024-11-19,Fashion,Central,UPI,New,57,3,160.97,1.7,71.96,4.7,7,No,104.59,482.91,8.21,474.7,88.97
ORD51091,CUST11091,2025-11-15,Sports,South,Credit Card,Premium,18,3,319.58,24.58,20.0,2.8,1,No,197.01,958.74,235.66,723.08,112.05
ORD51092,CUST11092,2024-05-09,Beauty,North,UPI,Regular,46,6,402.53,13.2,111.44,4.8,4,No,217.25,2415.18,318.8,2096.38,681.44
ORD51093,CUST11093,2025-02-14,Fashion,North,Credit Card,Wholesale,27,8,226.7,8.9,116.97,3.5,6,No,155.51,1813.6,161.41,1652.19,291.14
ORD51094,CUST11094,2024-04-04,Grocery,West,Net Banking,Premium,45,3,100.45,24.75,20.28,5.0,8,No,51.28,301.35,74.58,226.77,52.65
ORD51095,CUST11095,2025-09-18,Electronics,Central,UPI,New,48,3,252.26,26.08,69.57,4.4,8,No,140.01,756.78,197.37,559.41,69.81
ORD51096,CUST11096,2024-10-18,Sports,West,Net Banking,Wholesale,36,6,232.62,31.22,61.96,4.4,9,No,171.96,1395.72,435.74,959.98,-133.74
ORD51097,CUST11097,2024-10-09,Home & Kitchen,North,COD,Premium,20,8,95.12,10.26,126.45,3.9,5,No,59.01,760.96,78.07,682.89,84.36
ORD51098,CUST11098,2024-03-09,Beauty,West,Net Banking,Premium,53,6,232.45,12.74,20.29,5.0,2,Yes,190.06,1394.7,177.68,1217.02,56.37
ORD51099,CUST11099,2025-10-21,Fashion,Central,Net Banking,Wholesale,60,10,127.27,16.56,94.8,4.0,3,No,75.47,1272.7,210.76,1061.94,212.44
ORD51100,CUST11100,2024-01-11,Electronics,Central,Credit Card,Wholesale,32,3,294.41,23.64,20.0,5.0,2,No,182.95,883.23,208.8,674.43,105.58
ORD51101,CUST11101,2024-09-10,Home & Kitchen,South,COD,Wholesale,50,4,250.93,12.43,107.08,3.6,9,No,140.8,1003.72,124.76,878.96,208.68
ORD51102,CUST11102,2025-07-03,Fashion,East,Net Banking,New,58,1,209.55,5.12,95.63,4.5,6,No,112.62,209.55,10.73,198.82,-9.43
ORD51103,CUST11103,2024-05-13,Fashion,South,Net Banking,New,60,8,185.87,6.73,67.01,5.0,1,No,147.07,1486.96,100.07,1386.89,143.32
ORD51104,CUST11104,2025-12-12,Home & Kitchen,Central,COD,Premium,62,4,80.0,20.24,154.27,3.4,3,No,58.17,320.0,64.77,255.23,-131.72
ORD51105,CUST11105,2024-01-23,Electronics,North,COD,Premium,43,6,82.33,16.35,20.0,4.3,7,No,47.2,493.98,80.77,413.21,110.01
ORD51106,CUST11106,2024-12-11,Grocery,North,UPI,Regular,33,3,166.5,10.79,89.18,3.5,7,No,118.06,499.5,53.9,445.6,2.24
ORD51107,CUST11107,2024-10-28,Electronics,South,Credit Card,New,53,6,486.68,10.33,143.89,4.3,5,No,392.92,2920.08,301.64,2618.44,117.03
ORD51108,CUST11108,2024-12-28,Sports,Central,COD,Premium,50,9,261.66,10.79,95.8,5.0,3,No,124.92,2354.94,254.1,2100.84,880.76
ORD51109,CUST11109,2025-01-30,Beauty,North,COD,Wholesale,37,9,589.41,20.67,151.47,3.4,7,No,322.92,5304.69,1096.48,4208.21,1150.46
ORD51110,CUST11110,2024-08-05,Home & Kitchen,Central,Debit Card,Wholesale,30,10,191.32,6.48,69.72,4.1,5,No,100.29,1913.2,123.98,1789.22,716.6
ORD51111,CUST11111,2024-05-20,Grocery,North,COD,New,50,3,177.67,3.51,82.48,3.5,6,No,137.13,533.01,18.71,514.3,20.43
ORD51112,CUST11112,2025-09-07,Home & Kitchen,Central,Credit Card,Wholesale,22,3,457.75,24.72,145.5,3.9,3,No,236.34,1373.25,339.47,1033.78,179.26
ORD51113,CUST11113,2024-07-28,Home & Kitchen,West,Net Banking,Regular,54,4,163.45,12.18,130.25,4.4,6,No,92.18,653.8,79.63,574.17,75.2
ORD51114,CUST11114,2025-09-14,Electronics,Central,Net Banking,Premium,31,7,95.47,11.44,197.97,3.8,7,Yes,62.17,668.29,76.45,591.84,-41.32
ORD51115,CUST11115,2025-09-07,Beauty,Central,Net Banking,Premium,44,3,222.71,16.7,94.63,5.0,8,No,151.4,668.13,111.58,556.55,7.72
ORD51116,CUST11116,2025-11-13,Sports,South,Net Banking,Premium,40,10,376.02,5.08,99.01,4.3,2,No,281.65,3760.2,191.02,3569.18,653.67
ORD51117,CUST11117,2025-04-04,Fashion,West,Debit Card,New,31,8,105.97,17.25,69.24,3.1,2,No,63.66,847.76,146.24,701.52,123.0
ORD51118,CUST11118,2024-12-21,Fashion,East,COD,Wholesale,57,8,265.84,9.32,80.82,,6,No,172.18,2126.72,198.21,1928.51,470.25
ORD51119,CUST11119,2024-11-19,Home & Kitchen,South,Net Banking,Regular,21,6,170.61,19.88,138.51,4.9,8,No,137.72,1023.66,203.5,820.16,-144.67
ORD51120,CUST11120,2024-05-12,Beauty,East,UPI,New,56,4,243.08,1.26,89.99,4.4,5,No,136.13,972.32,12.25,960.07,325.56
ORD51121,CUST11121,2024-05-06,Grocery,North,Net Banking,Premium,36,5,222.25,15.15,53.67,4.2,1,No,120.41,1111.25,168.35,942.9,287.18
ORD51122,CUST11122,2024-04-15,Electronics,East,COD,Regular,64,2,138.48,10.38,73.08,3.8,1,No,98.73,276.96,28.75,248.21,-22.33
ORD51123,CUST11123,2025-08-26,Beauty,Central,Net Banking,Premium,21,6,169.18,7.07,85.94,3.9,10,No,124.4,1015.08,71.77,943.31,110.97
ORD51124,CUST11124,2025-01-12,Beauty,East,Debit Card,Premium,47,3,144.08,17.4,56.59,4.0,9,No,86.95,432.24,75.21,357.03,39.59
ORD51125,CUST11125,2024-02-20,Electronics,South,Credit Card,New,36,6,195.82,10.96,69.39,2.4,4,No,103.55,1174.92,128.77,1046.15,355.46
ORD51126,CUST11126,2024-01-29,Home & Kitchen,South,Credit Card,Premium,48,5,104.59,15.26,45.01,4.3,10,Yes,77.21,522.95,79.8,443.15,12.09
ORD51127,CUST11127,2025-04-06,Beauty,East,COD,Regular,48,2,122.17,20.86,70.98,4.6,1,No,85.28,244.34,50.97,193.37,-48.17
ORD51128,CUST11128,2024-10-22,Fashion,South,Credit Card,Premium,26,5,138.51,17.54,142.48,3.5,8,No,107.24,692.55,121.47,571.08,-107.6
ORD51129,CUST11129,2024-10-23,Electronics,South,Credit Card,Wholesale,30,5,233.83,4.44,92.18,4.2,2,No,178.27,1169.15,51.91,1117.24,133.71
ORD51130,CUST11130,2025-12-26,Grocery,East,UPI,Premium,31,9,80.0,8.21,,4.2,2,No,42.07,720.0,59.11,660.89,81.5
ORD51131,CUST11131,2025-02-10,Sports,West,COD,New,63,8,169.08,15.22,,4.5,1,No,128.16,1352.64,205.87,1146.77,65.86
ORD51132,CUST11132,2025-09-04,Home & Kitchen,West,COD,Regular,27,7,114.4,17.56,111.85,4.0,1,No,58.89,800.8,140.62,660.18,136.1
ORD51133,CUST11133,2025-02-08,Electronics,North,Credit Card,New,65,3,138.74,9.26,100.0,4.4,9,No,106.77,416.22,38.54,377.68,-42.63
ORD51134,CUST11134,2024-12-11,Sports,South,Credit Card,Wholesale,48,10,118.02,13.38,119.27,3.2,1,No,86.75,1180.2,157.91,1022.29,35.52
ORD51135,CUST11135,2025-09-13,Sports,East,Credit Card,Premium,54,4,205.71,13.34,62.73,3.3,6,No,135.94,822.84,109.77,713.07,106.58
ORD51136,CUST11136,2025-02-23,Grocery,South,Debit Card,New,40,6,163.67,14.32,73.42,4.3,7,No,112.54,982.02,140.63,841.39,92.73
ORD51137,CUST11137,2024-06-30,Beauty,Central,Net Banking,New,44,3,287.88,3.75,108.33,3.9,4,No,140.63,863.64,32.39,831.25,301.03
ORD51138,CUST11138,2024-01-01,Grocery,South,Debit Card,New,23,9,235.36,2.09,67.29,3.0,5,No,109.39,2118.24,44.27,2073.97,1022.17
ORD51139,CUST11139,2025-07-20,Beauty,South,COD,New,43,8,80.0,0.0,20.0,4.2,4,No,45.79,640.0,0.0,640.0,253.68
ORD51140,CUST11140,2025-01-05,Beauty,West,UPI,Wholesale,19,6,97.13,12.74,148.97,3.2,4,No,73.23,582.78,74.25,508.53,-79.82
ORD51141,CUST11141,2025-10-22,Electronics,East,Net Banking,Wholesale,62,4,161.98,2.45,129.96,5.0,10,No,100.81,647.92,15.87,632.05,98.85
ORD51142,CUST11142,2025-03-06,Electronics,South,UPI,Premium,30,7,176.28,26.96,71.23,2.6,1,No,93.9,1233.96,332.68,901.28,172.75
ORD51143,CUST11143,2024-11-04,Home & Kitchen,West,COD,Premium,36,3,102.86,16.58,99.82,,6,No,78.05,308.58,51.16,257.42,-76.55
ORD51144,CUST11144,2024-05-16,Beauty,North,COD,Regular,18,10,423.09,3.73,135.31,3.3,10,No,226.18,4230.9,157.81,4073.09,1675.98
ORD51145,CUST11145,2024-07-20,Sports,West,UPI,Wholesale,57,8,318.0,19.95,150.49,4.6,10,No,239.05,2544.0,507.53,2036.47,-26.42
ORD51146,CUST11146,2025-03-11,Fashion,West,UPI,New,49,1,80.0,19.96,94.69,3.7,7,No,49.41,80.0,15.97,64.03,-80.07
ORD51147,CUST11147,2024-11-08,Home & Kitchen,West,UPI,New,39,3,226.9,20.53,63.66,4.7,7,No,141.02,680.7,139.75,540.95,54.23
ORD51148,CUST11148,2024-04-26,Electronics,South,COD,Regular,65,5,175.96,6.34,155.89,4.5,8,No,96.94,879.8,55.78,824.02,183.43
ORD51149,CUST11149,2025-10-27,Grocery,South,Credit Card,New,46,5,406.88,17.01,94.26,3.3,7,No,318.61,2034.4,346.05,1688.35,1.04
ORD51150,CUST11150,2025-07-28,Home & Kitchen,North,UPI,Regular,19,10,80.0,20.65,83.38,3.5,6,No,38.63,800.0,165.2,634.8,165.12
ORD51151,CUST11151,2024-08-31,Home & Kitchen,Central,Net Banking,Premium,57,2,691.53,23.0,101.84,3.8,8,No,348.14,1383.06,318.1,1064.96,266.84
ORD51152,CUST11152,2025-06-20,Home & Kitchen,Central,COD,Wholesale,55,10,104.8,1.33,141.96,4.0,3,Yes,71.82,1048.0,13.94,1034.06,173.9
ORD51153,CUST11153,2025-08-24,Home & Kitchen,Central,Debit Card,Regular,65,8,231.84,10.48,88.25,3.9,9,Yes,177.25,1854.72,194.37,1660.35,154.1
ORD51154,CUST11154,2024-03-15,Fashion,North,Debit Card,New,28,5,122.23,6.09,134.37,4.5,3,No,59.32,611.15,37.22,573.93,142.96
ORD51155,CUST11155,2025-01-20,Grocery,Central,Net Banking,Regular,34,7,141.95,25.05,80.62,4.2,4,No,102.42,993.65,248.91,744.74,-52.82
ORD51156,CUST11156,2024-07-28,Grocery,Central,Credit Card,Premium,60,7,80.0,15.44,117.41,3.6,10,No,57.98,560.0,86.46,473.54,-49.73
ORD51157,CUST11157,2025-04-19,Grocery,West,UPI,New,25,5,394.64,18.24,47.34,3.4,6,No,262.5,1973.2,359.91,1613.29,253.45
ORD51158,CUST11158,2025-02-21,Beauty,South,COD,Premium,39,8,152.13,15.33,138.13,3.5,8,No,95.86,1217.04,186.57,1030.47,125.46
ORD51159,CUST11159,2024-12-12,Sports,South,UPI,Premium,21,9,159.0,14.63,59.58,4.2,3,No,90.44,1431.0,209.36,1221.64,348.1
ORD51160,CUST11160,2025-06-12,Grocery,West,COD,Regular,28,4,814.94,5.96,110.67,3.9,10,No,472.7,3259.76,194.28,3065.48,1064.01
ORD51161,CUST11161,2025-10-01,Home & Kitchen,West,Debit Card,Premium,25,4,338.2,8.87,23.1,5.0,6,No,236.58,1352.8,119.99,1232.81,263.39
ORD51162,CUST11162,2024-06-27,Home & Kitchen,West,UPI,New,26,8,117.4,12.5,91.12,4.0,5,Yes,55.67,939.2,117.4,821.8,285.32
ORD51163,CUST11163,2024-06-30,Grocery,South,Net Banking,Premium,43,1,121.92,7.46,98.47,4.1,5,No,81.25,121.92,9.1,112.82,-66.9
ORD51164,CUST11164,2025-10-25,Grocery,Central,Credit Card,Premium,19,4,214.62,6.17,59.34,2.8,5,No,118.71,858.48,52.97,805.51,271.33
ORD51165,CUST11165,2024-01-25,Home & Kitchen,West,Net Banking,Regular,33,6,299.16,10.56,85.06,3.1,9,No,186.27,1794.96,189.55,1605.41,402.73
ORD51166,CUST11166,2024-06-28,Beauty,North,Credit Card,Premium,48,4,566.28,7.76,101.79,3.3,7,No,371.95,2265.12,175.77,2089.35,499.76
ORD51167,CUST11167,2025-12-10,Electronics,West,UPI,Wholesale,23,6,80.0,12.35,115.35,3.7,9,No,62.22,480.0,59.28,420.72,-67.95
ORD51168,CUST11168,2025-05-15,Electronics,East,UPI,Regular,38,5,290.78,8.9,94.51,3.0,9,No,193.15,1453.9,129.4,1324.5,264.24
ORD51169,CUST11169,2024-06-09,Grocery,West,Credit Card,Regular,43,9,322.78,7.21,149.96,3.2,6,No,172.38,2905.02,209.45,2695.57,994.19
ORD51170,CUST11170,2024-06-25,Fashion,South,Debit Card,New,36,10,108.51,5.51,142.12,4.4,6,No,52.02,1085.1,59.79,1025.31,362.99
ORD51171,CUST11171,2024-10-11,Grocery,West,COD,New,45,9,143.43,12.04,88.62,3.4,4,Yes,97.82,1290.87,155.42,1135.45,166.45
ORD51172,CUST11172,2024-03-03,Grocery,East,Net Banking,New,25,4,80.0,18.22,30.14,4.0,8,No,52.13,320.0,58.3,261.7,23.04
ORD51173,CUST11173,2025-10-23,Electronics,North,Net Banking,New,31,4,130.9,16.56,68.08,4.4,2,No,91.44,523.6,86.71,436.89,3.05
ORD51174,CUST11174,2025-10-27,Home & Kitchen,Central,Net Banking,Wholesale,41,8,210.79,1.31,20.0,4.6,5,Yes,130.68,1686.32,22.09,1664.23,598.79
ORD51175,CUST11175,2024-06-04,Grocery,West,UPI,Regular,65,10,510.9,18.02,81.76,4.2,1,No,385.88,5109.0,920.64,4188.36,247.8
ORD51176,CUST11176,2025-04-13,Home & Kitchen,East,Net Banking,Premium,61,4,542.47,16.51,153.08,4.2,10,No,428.8,2169.88,358.25,1811.63,-56.65
ORD51177,CUST11177,2024-02-18,Home & Kitchen,East,COD,New,54,2,92.85,18.21,125.6,4.6,2,No,43.16,185.7,33.82,151.88,-60.04
ORD51178,CUST11178,2024-03-24,Fashion,North,COD,New,43,2,467.6,19.59,93.76,4.3,1,No,339.16,935.2,183.21,751.99,-20.09
ORD51179,CUST11179,2024-12-26,Home & Kitchen,South,Credit Card,New,48,1,80.0,6.91,57.26,4.7,6,No,37.04,80.0,5.53,74.47,-19.83
ORD51180,CUST11180,2025-11-19,Electronics,West,UPI,Premium,49,5,123.94,9.9,95.5,2.6,2,Yes,76.18,619.7,61.35,558.35,81.95
ORD51181,CUST11181,2024-05-27,Beauty,East,COD,New,58,6,148.98,24.53,185.91,3.9,4,No,92.49,893.88,219.27,674.61,-66.24
ORD51182,CUST11182,2025-09-21,Beauty,North,Debit Card,Premium,19,9,213.51,24.12,156.95,4.0,5,No,151.08,1921.59,463.49,1458.1,-58.57
ORD51183,CUST11183,2024-12-07,Sports,Central,UPI,Regular,42,5,194.27,11.46,83.24,3.9,7,Yes,112.75,971.35,111.32,860.03,213.04
ORD51184,CUST11184,2025-04-20,Grocery,East,UPI,Regular,61,6,229.91,16.22,23.31,4.1,10,No,173.29,1379.46,223.75,1155.71,92.66
ORD51185,CUST11185,2024-03-03,Electronics,North,COD,Regular,19,6,160.95,16.83,189.36,3.7,1,No,92.85,965.7,162.53,803.17,56.71
ORD51186,CUST11186,2025-12-01,Home & Kitchen,South,Debit Card,Wholesale,59,3,338.23,24.3,57.2,4.5,5,No,195.07,1014.69,246.57,768.12,125.71
ORD51187,CUST11187,2024-12-25,Beauty,South,Credit Card,Premium,18,4,284.2,14.42,113.85,3.7,4,No,151.31,1136.8,163.93,972.87,253.78
ORD51188,CUST11188,2025-07-14,Electronics,East,COD,New,53,1,150.17,3.51,20.0,3.9,7,No,105.57,150.17,5.27,144.9,19.33
ORD51189,CUST11189,2024-11-22,Beauty,East,Debit Card,New,29,4,313.42,8.67,75.46,4.9,10,No,149.92,1253.68,108.69,1144.99,469.85
ORD51190,CUST11190,2024-05-20,Home & Kitchen,West,UPI,New,26,1,695.4,33.93,20.0,4.8,7,No,406.34,695.4,235.95,459.45,33.11
ORD51191,CUST11191,2024-08-02,Beauty,North,Debit Card,New,53,5,117.02,3.19,37.72,4.1,8,No,64.21,585.1,18.66,566.44,207.67
ORD51192,CUST11192,2025-03-10,Grocery,East,UPI,Wholesale,58,8,538.6,12.35,48.39,3.6,4,No,288.07,4308.8,532.14,3776.66,1423.71
ORD51193,CUST11193,2025-12-23,Grocery,West,COD,New,45,8,124.06,28.19,111.47,2.9,4,No,58.63,992.48,279.78,712.7,132.19
ORD51194,CUST11194,2024-11-13,Sports,West,COD,Wholesale,55,5,453.37,6.4,85.68,3.9,10,No,235.95,2266.85,145.08,2121.77,856.34
ORD51195,CUST11195,2024-02-01,Sports,East,Net Banking,Premium,50,10,127.12,0.0,212.05,4.3,5,No,78.19,1271.2,0.0,1271.2,277.25
ORD51196,CUST11196,2025-10-31,Beauty,South,Net Banking,Regular,59,2,298.18,0.0,141.02,3.5,5,Yes,189.76,596.36,0.0,596.36,75.82
ORD51197,CUST11197,2024-10-11,Electronics,North,Net Banking,New,63,6,203.72,6.44,142.0,4.0,3,No,111.99,1222.32,78.72,1143.6,329.66
ORD51198,CUST11198,2024-10-31,Grocery,North,COD,Regular,39,1,80.0,0.0,112.67,3.8,5,No,55.25,80.0,0.0,80.0,-87.92
ORD51199,CUST11199,2025-03-04,Electronics,South,Credit Card,Premium,42,7,629.62,19.26,102.42,2.9,5,No,361.56,4407.34,848.85,3558.49,925.15
ORD51200,CUST11200,2025-04-21,Electronics,East,COD,Premium,35,4,101.29,13.88,,4.1,8,No,59.34,405.16,56.24,348.92,-31.95
ORD51201,CUST11201,2024-10-12,Beauty,North,Debit Card,New,23,5,80.0,,20.0,4.3,7,Yes,59.17,400.0,0.0,400.0,84.15
ORD51202,CUST11202,2024-05-23,Electronics,East,COD,Premium,35,6,119.63,0.83,62.0,4.1,8,No,78.27,717.78,5.96,711.82,180.2
ORD51203,CUST11203,2025-02-27,Grocery,East,COD,Regular,33,1,939.47,20.68,28.78,5.0,5,No,754.09,939.47,194.28,745.19,-37.68
ORD51204,CUST11204,2024-01-19,Home & Kitchen,West,UPI,New,32,9,80.25,13.35,20.0,3.8,2,No,46.78,722.25,96.42,625.83,184.81
ORD51205,CUST11205,2024-01-18,Sports,South,UPI,Wholesale,65,10,203.54,22.04,55.41,3.7,8,No,153.94,2035.4,448.6,1586.8,-8.01
ORD51206,CUST11206,2025-08-12,Home & Kitchen,East,UPI,New,25,4,87.35,19.83,38.35,5.0,9,No,63.17,349.4,69.29,280.11,-10.92
ORD51207,CUST11207,2025-01-05,Electronics,Central,COD,Regular,30,8,97.65,3.95,143.74,3.2,2,No,76.11,781.2,30.86,750.34,-2.28
ORD51208,CUST11208,2024-06-23,Home & Kitchen,South,Credit Card,New,60,5,80.0,18.17,94.12,3.6,1,No,64.32,400.0,72.68,327.32,-88.4
ORD51209,CUST11209,2024-07-12,Grocery,North,Debit Card,New,24,8,222.48,15.94,20.0,4.2,6,No,100.75,1779.84,283.71,1496.13,670.13
ORD51210,CUST11210,2025-05-16,Grocery,West,Debit Card,Regular,34,1,163.24,0.0,104.13,4.7,3,No,78.79,163.24,0.0,163.24,-19.68
ORD51211,CUST11211,2024-04-22,Electronics,North,Credit Card,New,49,8,86.89,2.47,44.45,4.6,1,No,60.78,695.12,17.17,677.95,147.26
ORD51212,CUST11212,2024-04-23,Beauty,North,Credit Card,New,39,4,319.76,29.06,92.8,3.3,6,Yes,190.06,1279.04,371.69,907.35,54.31
ORD51213,CUST11213,2024-08-09,Home & Kitchen,South,Debit Card,Regular,30,2,342.46,5.51,107.72,5.0,8,No,257.9,684.92,37.74,647.18,23.66
ORD51214,CUST11214,2025-11-08,Beauty,North,Net Banking,Premium,64,6,236.2,14.88,56.23,4.3,9,No,107.34,1417.2,210.88,1206.32,506.05
ORD51215,CUST11215,2025-10-05,Beauty,East,UPI,Regular,40,2,387.97,10.67,99.78,3.5,6,No,290.43,775.94,82.79,693.15,12.51
ORD51216,CUST11216,2024-09-20,Fashion,North,UPI,New,46,5,144.48,13.29,108.09,3.5,6,No,72.25,722.4,96.01,626.39,157.05
ORD51217,CUST11217,2024-02-24,Electronics,West,Debit Card,Wholesale,39,2,223.53,11.13,82.61,4.0,1,Yes,124.59,447.06,49.76,397.3,65.51
ORD51218,CUST11218,2025-10-04,Sports,West,Credit Card,Wholesale,18,3,144.84,18.76,57.62,5.0,5,No,117.11,434.52,81.52,353.0,-55.95
ORD51219,CUST11219,2025-04-02,Grocery,Central,Net Banking,Regular,46,6,80.0,18.57,90.14,4.1,3,No,37.53,480.0,89.14,390.86,75.54
ORD51220,CUST11220,2024-06-10,Grocery,West,Debit Card,Wholesale,65,1,209.04,12.83,83.72,5.0,7,No,121.06,209.04,26.82,182.22,-22.56
ORD51221,CUST11221,2025-01-14,Electronics,North,UPI,New,22,6,200.97,5.67,104.24,4.6,9,No,96.72,1205.82,68.37,1137.45,452.89
ORD51222,CUST11222,2024-03-27,Sports,West,COD,New,52,3,177.75,8.02,78.13,3.2,6,No,136.13,533.25,42.77,490.48,3.96
ORD51223,CUST11223,2024-02-24,Grocery,South,Credit Card,Regular,27,7,231.14,0.97,36.36,4.9,5,No,164.14,1617.98,15.69,1602.29,416.95
ORD51224,CUST11224,2025-04-20,Electronics,West,COD,New,36,2,453.84,9.66,82.39,3.4,7,No,338.62,907.68,87.68,820.0,60.37
ORD51225,CUST11225,2024-06-26,Grocery,East,Debit Card,Premium,54,6,158.72,0.0,104.7,3.6,9,No,102.39,952.32,0.0,952.32,233.28
ORD51226,CUST11226,2025-01-25,Beauty,South,UPI,New,24,8,97.3,13.53,98.33,4.2,5,No,56.66,778.4,105.32,673.08,121.47
ORD51227,CUST11227,2024-12-14,Home & Kitchen,Central,Net Banking,Regular,63,1,154.31,14.07,85.01,4.0,5,No,69.57,154.31,21.71,132.6,-21.98
ORD51228,CUST11228,2024-01-08,Home & Kitchen,East,COD,Premium,52,9,165.85,19.04,68.1,4.6,10,No,91.69,1492.65,284.2,1208.45,315.14
ORD51229,CUST11229,2024-11-08,Grocery,North,Net Banking,Premium,62,5,343.55,3.46,65.77,4.3,4,No,220.0,1717.75,59.43,1658.32,492.55
ORD51230,CUST11230,2025-03-18,Fashion,North,UPI,Wholesale,30,5,194.29,3.93,70.45,3.9,5,Yes,135.19,971.45,38.18,933.27,186.87
ORD51231,CUST11231,2024-11-23,Sports,North,COD,New,27,5,85.94,22.67,138.43,5.0,7,No,45.95,429.7,97.41,332.29,-35.89
ORD51232,CUST11232,2024-02-23,Sports,East,Net Banking,Regular,19,6,305.99,2.42,47.35,3.7,3,No,153.42,1835.94,44.43,1791.51,823.64
ORD51233,CUST11233,2024-08-26,Sports,East,Net Banking,Wholesale,23,2,275.71,26.36,94.09,3.3,4,No,144.64,551.42,145.35,406.07,22.7
ORD51234,CUST11234,2024-08-16,Beauty,East,COD,Wholesale,25,6,194.34,5.53,33.39,4.3,9,No,112.91,1166.04,64.48,1101.56,390.71
ORD51235,CUST11235,2025-08-01,Sports,South,UPI,New,53,4,335.75,5.58,124.41,4.0,2,No,169.52,1343.0,74.94,1268.06,465.57
ORD51236,CUST11236,2024-02-20,Home & Kitchen,South,Net Banking,New,42,8,374.33,17.9,65.87,4.2,8,No,190.17,2994.64,536.04,2458.6,871.37
ORD51237,CUST11237,2025-08-31,Beauty,North,Debit Card,Regular,61,9,141.83,15.85,52.85,4.5,9,No,66.12,1276.47,202.32,1074.15,426.22
ORD51238,CUST11238,2025-08-26,Electronics,West,COD,Wholesale,64,9,100.98,23.49,99.7,3.9,5,No,77.45,908.82,213.48,695.34,-101.41
ORD51239,CUST11239,2024-09-20,Sports,North,Credit Card,Regular,57,8,179.88,0.0,20.0,5.0,7,No,95.57,1439.04,0.0,1439.04,654.48
ORD51240,CUST11240,2025-02-21,Sports,Central,Credit Card,Wholesale,24,3,256.93,15.74,31.52,4.2,6,No,193.75,770.79,121.32,649.47,36.7
ORD51241,CUST11241,2024-04-05,Electronics,South,UPI,Wholesale,63,10,169.27,11.68,106.24,3.7,1,No,103.62,1692.7,197.71,1494.99,352.55
ORD51242,CUST11242,2024-03-28,Sports,East,Debit Card,Wholesale,40,4,95.35,4.46,135.66,4.4,8,No,65.22,381.4,17.01,364.39,-32.15
ORD51243,CUST11243,2024-03-18,Electronics,South,Net Banking,New,36,1,201.49,25.17,110.29,3.9,9,No,96.31,201.49,50.72,150.77,-55.83
ORD51244,CUST11244,2024-10-14,Beauty,East,Credit Card,Wholesale,63,9,80.0,13.65,96.27,4.1,10,No,53.27,720.0,98.28,621.72,46.02
ORD51245,CUST11245,2024-04-29,Home & Kitchen,Central,UPI,Wholesale,39,5,146.8,11.56,198.47,3.3,1,No,81.81,734.0,84.85,649.15,41.63
ORD51246,CUST11246,2025-05-05,Electronics,Central,Debit Card,Wholesale,30,6,315.22,15.18,112.11,3.4,8,No,152.95,1891.32,287.1,1604.22,574.41
ORD51247,CUST11247,2025-03-27,Fashion,South,Debit Card,Premium,38,3,326.53,0.0,43.0,4.7,3,No,256.67,979.59,0.0,979.59,166.58
ORD51248,CUST11248,2025-05-14,Electronics,East,UPI,New,18,10,80.0,3.26,136.11,3.2,6,No,53.87,800.0,26.08,773.92,99.11
ORD51249,CUST11249,2024-06-13,Sports,Central,UPI,Premium,36,8,159.94,9.67,61.15,3.9,10,No,86.28,1279.52,123.73,1155.79,404.4
ORD51250,CUST11250,2024-06-30,Beauty,North,Net Banking,New,50,7,267.61,14.21,58.13,4.2,8,Yes,161.98,1873.27,266.19,1607.08,415.09
ORD51251,CUST11251,2025-04-13,Grocery,North,UPI,Regular,21,1,84.4,20.92,27.86,4.9,5,No,49.13,84.4,17.66,66.74,-10.25
ORD51252,CUST11252,2024-01-07,Beauty,East,Net Banking,Premium,59,10,142.34,5.81,71.49,3.7,8,No,100.95,1423.4,82.7,1340.7,259.71
ORD51253,CUST11253,2024-11-25,Grocery,South,Net Banking,Regular,20,5,397.43,4.21,34.67,4.5,7,No,268.17,1987.15,83.66,1903.49,527.97
ORD51254,CUST11254,2025-11-03,Electronics,Central,COD,Wholesale,44,10,132.33,15.51,115.08,3.9,7,No,60.52,1323.3,205.24,1118.06,397.78
ORD51255,CUST11255,2024-05-30,Home & Kitchen,South,Debit Card,Regular,58,9,512.41,11.05,84.36,2.6,7,No,268.09,4611.69,509.59,4102.1,1604.93
ORD51256,CUST11256,2024-03-25,Fashion,North,Debit Card,Regular,52,6,111.97,0.0,28.76,4.0,9,No,70.19,671.82,0.0,671.82,221.92
ORD51257,CUST11257,2024-05-26,Beauty,Central,Debit Card,Regular,45,8,453.24,5.57,86.35,4.0,6,No,278.67,3625.92,201.96,3423.96,1108.25
ORD51258,CUST11258,2025-09-15,Sports,South,COD,Regular,23,10,185.27,10.73,134.72,4.3,6,No,118.79,1852.7,198.79,1653.91,331.29
ORD51259,CUST11259,2025-01-15,Grocery,West,Net Banking,New,23,1,102.42,10.92,163.0,3.6,9,No,73.18,102.42,11.18,91.24,-144.94
ORD51260,CUST11260,2025-07-01,Sports,East,Net Banking,Premium,61,10,454.22,12.63,20.0,3.7,6,No,319.02,4542.2,573.68,3968.52,758.32
ORD51261,CUST11261,2024-10-11,Home & Kitchen,East,UPI,New,40,7,82.75,2.9,54.97,4.8,7,No,48.65,579.25,16.8,562.45,166.93
ORD51262,CUST11262,2025-11-30,Grocery,West,COD,New,50,3,108.05,11.08,31.98,3.8,7,No,83.71,324.15,35.92,288.23,5.12
ORD51263,CUST11263,2024-03-22,Beauty,North,UPI,New,33,9,249.25,18.63,105.91,,2,No,117.97,2243.25,417.92,1825.33,657.69
ORD51264,CUST11264,2025-05-28,Electronics,Central,COD,Regular,41,6,191.05,0.0,26.6,4.3,8,No,127.29,1146.3,0.0,1146.3,355.96
ORD51265,CUST11265,2025-12-09,Sports,East,UPI,New,22,5,216.61,10.02,137.67,4.6,6,No,173.59,1083.05,108.52,974.53,-31.09
ORD51266,CUST11266,2025-06-06,Home & Kitchen,West,Credit Card,Premium,58,8,142.68,0.37,144.17,4.6,4,No,93.19,1141.44,4.22,1137.22,247.53
ORD51267,CUST11267,2025-01-20,Beauty,West,Debit Card,New,59,8,83.13,11.77,126.82,3.6,7,No,51.41,665.04,78.28,586.76,48.66
ORD51268,CUST11268,2025-12-07,Beauty,North,Debit Card,Wholesale,30,3,118.63,1.47,57.72,4.0,8,No,59.26,355.89,5.23,350.66,115.16
ORD51269,CUST11269,2025-04-15,Beauty,North,Net Banking,Regular,64,2,427.63,12.94,60.56,4.3,1,No,320.62,855.26,110.67,744.59,42.79
ORD51270,CUST11270,2024-04-28,Beauty,South,Credit Card,Wholesale,29,2,80.0,23.39,69.45,4.6,10,No,47.06,160.0,37.42,122.58,-40.99
ORD51271,CUST11271,2025-01-30,Grocery,East,Debit Card,Premium,22,5,527.9,5.14,139.73,4.3,4,No,374.52,2639.5,135.67,2503.83,491.5
ORD51272,CUST11272,2025-06-15,Beauty,South,Net Banking,Premium,54,10,222.58,6.16,20.0,4.5,4,No,116.43,2225.8,137.11,2088.69,904.39
ORD51273,CUST11273,2024-09-17,Sports,West,Credit Card,Premium,48,7,122.99,8.71,107.38,3.5,10,No,57.25,860.93,74.99,785.94,277.81
ORD51274,CUST11274,2024-09-12,Home & Kitchen,Central,Debit Card,Premium,45,8,80.0,14.23,47.99,2.5,9,No,45.04,640.0,91.07,548.93,140.62
ORD51275,CUST11275,2024-08-13,Grocery,Central,UPI,New,45,10,80.0,4.87,71.13,4.7,6,No,44.33,800.0,38.96,761.04,246.61
ORD51276,CUST11276,2024-02-22,Beauty,North,COD,Regular,47,8,143.84,9.34,123.13,3.4,4,Yes,111.22,1150.72,107.48,1043.24,30.35
ORD51277,CUST11277,2025-05-14,Fashion,Central,Credit Card,Premium,35,8,132.94,7.31,21.8,,1,No,102.35,1063.52,77.74,985.78,145.18
ORD51278,CUST11278,2025-05-20,Fashion,Central,Net Banking,Wholesale,61,10,195.69,8.73,77.5,4.5,8,No,126.72,1956.9,170.84,1786.06,441.36
ORD51279,CUST11279,2024-12-29,Home & Kitchen,Central,Credit Card,Premium,44,3,554.15,14.31,84.2,4.0,9,No,253.26,1662.45,237.9,1424.55,580.57
ORD51280,CUST11280,2024-10-06,Electronics,West,Net Banking,Regular,52,2,257.09,15.86,88.32,4.5,5,No,137.41,514.18,81.55,432.63,69.49
ORD51281,CUST11281,2025-08-15,Electronics,Central,Credit Card,Wholesale,43,4,166.73,1.66,85.36,5.0,5,No,114.45,666.92,11.07,655.85,112.69
ORD51282,CUST11282,2025-12-14,Grocery,Central,Net Banking,Wholesale,56,1,399.79,14.29,115.05,4.4,10,No,194.91,399.79,57.13,342.66,32.7
ORD51283,CUST11283,2024-06-06,Grocery,Central,Debit Card,Wholesale,35,3,199.92,34.02,69.66,3.5,8,No,141.79,599.76,204.04,395.72,-99.31
ORD51284,CUST11284,2025-09-23,Grocery,South,UPI,New,50,9,512.76,22.81,106.44,3.1,8,No,233.01,4614.84,1052.65,3562.19,1358.66
ORD51285,CUST11285,2024-02-28,Electronics,West,Debit Card,Premium,42,7,117.11,7.51,104.84,4.4,5,No,82.27,819.77,61.56,758.21,77.48
ORD51286,CUST11286,2025-12-27,Fashion,North,UPI,New,48,7,85.96,12.92,102.87,4.1,4,No,65.54,601.72,77.74,523.98,-37.67
ORD51287,CUST11287,2024-05-07,Electronics,South,Debit Card,Wholesale,54,1,80.0,11.76,113.75,3.1,6,No,49.89,80.0,9.41,70.59,-93.05
ORD51288,CUST11288,2025-12-21,Sports,East,Debit Card,New,19,7,169.27,15.22,102.69,4.8,10,No,128.1,1184.89,180.34,1004.55,5.16
ORD51289,CUST11289,2024-04-24,Beauty,West,Credit Card,New,50,10,81.25,9.04,85.96,4.5,5,No,60.06,812.5,73.45,739.05,52.49
ORD51290,CUST11290,2024-07-27,Grocery,West,COD,New,56,7,80.5,10.12,32.9,4.0,8,No,56.22,563.5,57.03,506.47,80.03
ORD51291,CUST11291,2025-06-09,Fashion,East,Net Banking,Premium,60,4,355.07,6.88,151.07,5.0,9,No,218.26,1420.28,97.72,1322.56,298.45
ORD51292,CUST11292,2025-06-04,Home & Kitchen,East,Net Banking,Wholesale,60,7,80.0,19.67,166.26,4.7,1,No,44.05,560.0,110.15,449.85,-24.76
ORD51293,CUST11293,2025-07-05,Home & Kitchen,East,Net Banking,Wholesale,49,8,193.89,14.18,73.83,3.4,9,No,149.01,1551.12,219.95,1331.17,65.26
ORD51294,CUST11294,2024-08-24,Beauty,North,UPI,Premium,35,3,171.73,14.23,110.54,4.8,9,No,118.49,515.19,73.31,441.88,-24.13
ORD51295,CUST11295,2024-10-07,Fashion,Central,Net Banking,New,34,10,192.46,20.53,65.36,4.2,6,No,143.43,1924.6,395.12,1529.48,29.82
ORD51296,CUST11296,2024-12-24,Electronics,West,Net Banking,New,51,2,445.71,20.63,57.59,5.0,10,No,291.6,891.42,183.9,707.52,66.73
ORD51297,CUST11297,2024-07-19,Electronics,Central,Credit Card,Regular,56,7,105.99,19.31,92.49,4.6,5,No,54.44,741.93,143.27,598.66,125.09
ORD51298,CUST11298,2024-10-04,Sports,Central,Debit Card,Regular,24,5,445.95,20.42,216.34,4.3,7,No,362.29,2229.75,455.31,1774.44,-253.35
ORD51299,CUST11299,2024-08-22,Sports,East,Net Banking,Regular,59,5,80.0,22.94,161.79,4.3,8,No,41.41,400.0,91.76,308.24,-60.6
ORD51300,CUST11300,2025-05-08,Electronics,North,COD,Premium,52,5,276.71,5.23,,3.2,9,No,217.81,1383.55,72.36,1311.19,67.09
ORD51301,CUST11301,2024-01-04,Home & Kitchen,South,Net Banking,Wholesale,47,7,473.26,9.91,113.34,3.7,9,No,249.41,3312.82,328.3,2984.52,1125.31
ORD51302,CUST11302,2025-10-27,Grocery,North,UPI,Regular,29,9,80.0,16.96,48.71,4.1,10,No,47.06,720.0,122.11,597.89,125.64
ORD51303,CUST11303,2025-03-17,Home & Kitchen,Central,UPI,Wholesale,52,8,177.15,5.8,136.66,3.1,3,No,108.56,1417.2,82.2,1335.0,329.86
ORD51304,CUST11304,2024-01-29,Sports,North,UPI,Wholesale,28,6,168.03,9.46,20.0,4.3,8,No,132.9,1008.18,95.37,912.81,95.41
ORD51305,CUST11305,2024-04-18,Beauty,East,Net Banking,Wholesale,61,7,189.94,,107.59,3.5,1,No,147.89,1329.58,177.63,1151.95,9.13
ORD51306,CUST11306,2025-09-01,Electronics,South,Credit Card,Premium,21,9,551.43,10.39,139.4,3.7,7,No,416.1,4962.87,515.64,4447.23,562.93
ORD51307,CUST11307,2025-12-27,Sports,East,COD,Premium,42,6,110.35,12.46,96.82,4.5,5,No,65.04,662.1,82.5,579.6,92.54
ORD51308,CUST11308,2024-03-15,Sports,South,Net Banking,Premium,65,1,83.94,3.98,164.67,3.6,2,No,37.91,83.94,3.34,80.6,-121.98
ORD51309,CUST11309,2024-05-25,Grocery,Central,Credit Card,Premium,49,4,190.84,11.74,25.84,4.3,2,No,134.01,763.36,89.62,673.74,111.86
ORD51310,CUST11310,2024-05-07,Electronics,South,Credit Card,Regular,37,8,376.46,12.94,162.03,4.1,8,No,226.65,3011.68,389.71,2621.97,646.74
ORD51311,CUST11311,2024-02-11,Grocery,South,Net Banking,New,48,7,260.63,23.31,82.9,3.3,5,No,190.29,1824.41,425.27,1399.14,-15.79
ORD51312,CUST11312,2024-12-21,Electronics,South,Net Banking,New,21,3,185.36,10.12,155.29,4.6,3,Yes,137.93,556.08,56.28,499.8,-69.28
ORD51313,CUST11313,2024-02-10,Grocery,North,Credit Card,New,55,10,156.18,7.45,135.91,4.6,1,No,95.69,1561.8,116.35,1445.45,352.64
ORD51314,CUST11314,2024-02-03,Home & Kitchen,North,Credit Card,Regular,64,3,80.0,16.99,158.13,4.6,7,No,58.14,240.0,40.78,199.22,-133.33
ORD51315,CUST11315,2024-01-17,Beauty,Central,Credit Card,New,18,3,265.29,0.0,133.9,5.0,3,No,201.83,795.87,0.0,795.87,56.48
ORD51316,CUST11316,2025-11-07,Beauty,South,Net Banking,Regular,20,1,286.71,9.78,121.14,3.7,7,Yes,227.51,286.71,28.04,258.67,-89.98
ORD51317,CUST11317,2024-06-01,Electronics,West,Credit Card,Regular,54,10,115.58,8.4,151.48,2.7,2,No,76.92,1155.8,97.09,1058.71,138.03
ORD51318,CUST11318,2025-01-12,Fashion,Central,UPI,Regular,39,1,134.01,13.83,92.5,3.6,4,No,98.9,134.01,18.53,115.48,-75.92
ORD51319,CUST11319,2025-08-10,Sports,South,Net Banking,New,34,6,91.71,20.72,117.11,4.6,2,No,58.05,550.26,114.01,436.25,-29.16
ORD51320,CUST11320,2025-08-21,Sports,South,UPI,Wholesale,31,1,318.71,22.86,89.84,3.9,4,No,148.33,318.71,72.86,245.85,7.68
ORD51321,CUST11321,2025-09-20,Electronics,North,Debit Card,New,58,5,142.91,13.73,59.14,3.1,5,No,72.52,714.55,98.11,616.44,194.7
ORD51322,CUST11322,2024-12-07,Grocery,Central,Net Banking,New,52,4,164.51,1.14,113.71,2.9,8,No,81.83,658.04,7.5,650.54,209.51
ORD51323,CUST11323,2024-01-27,Fashion,South,Debit Card,Premium,30,5,272.88,8.4,98.85,4.9,2,No,140.14,1364.4,114.61,1249.79,450.24
ORD51324,CUST11324,2024-10-13,Home & Kitchen,South,Credit Card,Regular,52,7,224.2,9.17,146.56,4.4,10,Yes,101.74,1569.4,143.91,1425.49,566.75
ORD51325,CUST11325,2025-10-07,Grocery,Central,Credit Card,Wholesale,60,6,261.42,14.57,81.35,3.7,3,No,200.7,1568.52,228.53,1339.99,54.44
ORD51326,CUST11326,2025-12-31,Grocery,West,COD,Premium,19,9,203.09,12.39,55.77,5.0,10,No,133.48,1827.81,226.47,1601.34,344.25
ORD51327,CUST11327,2024-06-16,Electronics,Central,Credit Card,Wholesale,64,6,206.05,7.18,145.94,5.0,5,No,121.93,1236.3,88.77,1147.53,270.01
ORD51328,CUST11328,2025-09-01,Electronics,Central,Debit Card,Wholesale,30,9,204.79,3.24,92.85,4.7,9,No,123.21,1843.11,59.72,1783.39,581.65
ORD51329,CUST11329,2024-09-24,Sports,West,Credit Card,Regular,33,4,243.32,5.92,54.39,4.5,10,No,151.21,973.28,57.62,915.66,256.43
ORD51330,CUST11330,2025-03-30,Electronics,Central,Net Banking,New,35,1,251.13,5.66,152.51,4.3,5,No,119.87,251.13,14.21,236.92,-35.46
ORD51331,CUST11331,2025-11-15,Electronics,South,Credit Card,Regular,24,1,81.77,23.35,131.7,4.6,9,No,45.11,81.77,19.09,62.68,-114.13
ORD51332,CUST11332,2025-02-04,Electronics,Central,COD,Regular,62,10,122.96,6.61,173.2,5.0,4,No,94.08,1229.6,81.28,1148.32,34.32
ORD51333,CUST11333,2025-04-20,Sports,West,Credit Card,Premium,53,7,158.83,12.42,74.66,3.4,10,No,115.18,1111.81,138.09,973.72,92.8
ORD51334,CUST11334,2025-12-02,Home & Kitchen,East,Debit Card,Regular,58,3,243.15,18.78,68.36,3.8,5,No,160.1,729.45,136.99,592.46,43.8
ORD51335,CUST11335,2025-09-25,Home & Kitchen,Central,Debit Card,New,47,2,512.0,13.36,41.1,4.0,9,No,321.46,1024.0,136.81,887.19,203.17
ORD51336,CUST11336,2025-07-11,Electronics,North,Credit Card,Wholesale,59,6,106.85,4.4,64.49,4.4,4,No,58.32,641.1,28.21,612.89,198.48
ORD51337,CUST11337,2025-07-29,Sports,South,Debit Card,Regular,58,6,320.9,18.9,72.61,5.0,5,No,200.36,1925.4,363.9,1561.5,286.73
ORD51338,CUST11338,2024-05-09,Home & Kitchen,South,Debit Card,Wholesale,24,7,125.23,14.48,120.74,4.3,5,No,84.06,876.61,126.93,749.68,40.52
ORD51339,CUST11339,2024-12-28,Grocery,North,COD,Regular,32,5,441.79,0.0,48.18,4.4,4,Yes,315.29,2208.95,0.0,2208.95,584.32
ORD51340,CUST11340,2025-12-05,Home & Kitchen,North,Net Banking,Wholesale,57,8,628.3,20.72,60.15,4.4,4,No,321.47,5026.4,1041.47,3984.93,1353.02
ORD51341,CUST11341,2025-11-23,Home & Kitchen,Central,COD,Regular,36,7,80.0,18.11,166.35,4.0,5,No,60.07,560.0,101.42,458.58,-128.26
ORD51342,CUST11342,2024-10-18,Sports,North,UPI,Premium,60,2,146.63,14.37,20.0,3.7,6,Yes,84.74,293.26,42.14,251.12,61.64
ORD51343,CUST11343,2025-01-05,Grocery,East,COD,Wholesale,54,1,80.0,23.44,111.61,4.0,7,No,50.9,80.0,18.75,61.25,-101.26
ORD51344,CUST11344,2024-01-29,Sports,West,Credit Card,Regular,19,9,80.0,17.95,31.93,3.6,6,No,53.99,720.0,129.24,590.76,72.92
ORD51345,CUST11345,2024-05-28,Electronics,North,Net Banking,Regular,59,5,80.0,19.9,53.76,3.6,1,Yes,50.45,400.0,79.6,320.4,14.39
ORD51346,CUST11346,2024-10-22,Beauty,North,Credit Card,Premium,65,5,271.96,19.25,154.05,4.2,2,No,179.94,1359.8,261.76,1098.04,44.29
ORD51347,CUST11347,2024-01-11,Home & Kitchen,East,UPI,Premium,30,10,240.82,17.3,93.22,3.7,7,No,118.31,2408.2,416.62,1991.58,715.26
ORD51348,CUST11348,2025-05-26,Beauty,South,Net Banking,Premium,57,4,305.15,0.0,209.57,5.0,3,No,186.11,1220.6,0.0,1220.6,266.59
ORD51349,CUST11349,2025-11-06,Sports,South,Debit Card,Wholesale,58,2,269.12,0.3,118.21,4.1,10,No,149.03,538.24,1.61,536.63,120.36
ORD51350,CUST11350,2024-04-22,Sports,Central,COD,Wholesale,60,5,248.46,17.96,52.66,4.9,2,No,119.72,1242.3,223.12,1019.18,367.92
ORD51351,CUST11351,2024-07-05,Sports,East,Credit Card,Premium,60,2,194.94,20.62,115.1,3.2,6,No,101.55,389.88,80.39,309.49,-8.71
ORD51352,CUST11352,2024-08-14,Beauty,West,UPI,New,48,7,166.49,7.06,140.85,3.2,4,No,112.03,1165.43,82.28,1083.15,158.09
ORD51353,CUST11353,2024-11-05,Sports,West,Debit Card,New,33,9,351.69,4.2,113.49,3.9,5,No,183.85,3165.21,132.94,3032.27,1264.13
ORD51354,CUST11354,2024-04-07,Electronics,East,COD,Regular,59,9,182.72,13.84,,4.6,6,No,94.47,1644.48,227.6,1416.88,486.34
ORD51355,CUST11355,2024-02-24,Sports,West,Debit Card,New,61,6,255.03,1.84,20.0,3.7,3,No,166.93,1530.18,28.16,1502.02,480.44
ORD51356,CUST11356,2025-09-14,Fashion,South,COD,Regular,23,1,80.0,10.82,75.49,3.9,1,No,62.78,80.0,8.66,71.34,-66.93
ORD51357,CUST11357,2025-10-25,Beauty,West,Net Banking,Wholesale,45,6,84.45,9.51,165.04,4.6,3,No,62.65,506.7,48.19,458.51,-82.43
ORD51358,CUST11358,2025-02-09,Fashion,West,Debit Card,Wholesale,49,5,342.8,10.43,54.15,3.7,3,No,269.06,1714.0,178.77,1535.23,135.78
ORD51359,CUST11359,2024-03-09,Sports,East,Debit Card,New,61,4,117.39,25.19,71.47,3.5,6,No,78.15,469.56,118.28,351.28,-32.79
ORD51360,CUST11360,2024-11-07,Electronics,East,Debit Card,Wholesale,27,6,80.0,7.56,134.7,4.5,4,No,48.13,480.0,36.29,443.71,20.23
ORD51361,CUST11361,2024-10-15,Home & Kitchen,West,Net Banking,Premium,35,6,275.02,12.37,117.89,3.2,7,No,198.01,1650.12,204.12,1446.0,140.05
ORD51362,CUST11362,2025-07-01,Grocery,North,UPI,Premium,21,6,181.43,2.81,31.05,3.8,2,No,99.19,1088.58,30.59,1057.99,431.8
ORD51363,CUST11363,2024-05-27,Grocery,East,COD,New,26,2,139.14,18.58,85.11,4.1,4,No,66.63,278.28,51.7,226.58,8.21
ORD51364,CUST11364,2025-04-11,Sports,Central,Debit Card,New,24,7,483.44,10.74,153.31,4.3,8,No,279.19,3384.08,363.45,3020.63,912.99
ORD51365,CUST11365,2024-08-31,Electronics,Central,Net Banking,Regular,25,4,432.39,20.25,91.19,4.5,6,No,242.45,1729.56,350.24,1379.32,318.33
ORD51366,CUST11366,2025-05-05,Beauty,South,UPI,Wholesale,60,9,160.44,0.0,154.41,4.6,10,No,112.3,1443.96,0.0,1443.96,278.85
ORD51367,CUST11367,2025-05-21,Fashion,West,COD,Regular,24,10,289.9,11.59,156.95,3.8,3,No,189.6,2899.0,335.99,2563.01,510.06
ORD51368,CUST11368,2024-12-30,Fashion,North,Net Banking,Regular,58,2,80.0,12.92,48.26,4.6,10,No,40.09,160.0,20.67,139.33,10.89
ORD51369,CUST11369,2025-04-26,Fashion,South,COD,Premium,57,5,368.96,18.38,76.72,4.3,2,No,290.06,1844.8,339.07,1505.73,-21.29
ORD51370,CUST11370,2024-07-19,Beauty,West,Debit Card,Premium,20,4,89.45,7.51,119.59,,3,No,59.89,357.8,26.87,330.93,-28.22
ORD51371,CUST11371,2024-06-02,Grocery,East,UPI,Premium,34,9,80.0,17.51,20.8,3.6,1,No,49.55,720.0,126.07,593.93,127.18
ORD51372,CUST11372,2025-03-25,Electronics,Central,Net Banking,Premium,19,4,80.0,8.31,79.96,4.4,1,Yes,63.74,320.0,26.59,293.41,-41.51
ORD51373,CUST11373,2025-05-15,Beauty,North,UPI,Regular,32,8,80.0,12.66,114.58,3.9,2,No,38.88,640.0,81.02,558.98,133.36
ORD51374,CUST11374,2024-03-13,Fashion,Central,Debit Card,Premium,63,8,365.85,18.45,62.0,4.0,3,No,271.52,2926.8,539.99,2386.81,152.65
ORD51375,CUST11375,2025-12-13,Sports,East,UPI,Wholesale,46,6,273.21,5.49,116.46,4.1,9,No,159.81,1639.26,90.0,1549.26,473.94
ORD51376,CUST11376,2024-10-22,Home & Kitchen,West,UPI,Premium,65,6,110.19,17.18,62.99,5.0,8,No,77.94,661.14,113.58,547.56,16.93
ORD51377,CUST11377,2024-01-17,Beauty,East,Credit Card,Premium,39,8,315.98,14.34,62.49,3.4,9,No,251.0,2527.84,362.49,2165.35,94.86
ORD51378,CUST11378,2025-10-02,Beauty,East,UPI,Premium,21,10,123.13,9.66,123.49,4.8,7,No,78.99,1231.3,118.94,1112.36,198.97
ORD51379,CUST11379,2024-08-04,Electronics,Central,COD,New,23,9,223.71,7.32,151.56,4.9,7,No,102.54,2013.39,147.38,1866.01,791.59
ORD51380,CUST11380,2024-03-01,Electronics,North,Net Banking,Wholesale,55,5,132.49,0.0,58.02,4.5,5,No,61.03,662.45,0.0,662.45,299.28
ORD51381,CUST11381,2025-09-07,Beauty,East,Credit Card,Wholesale,43,1,167.67,11.44,35.49,3.7,7,No,95.96,167.67,19.18,148.49,17.04
ORD51382,CUST11382,2024-02-11,Fashion,Central,Net Banking,Regular,28,1,100.45,9.68,88.32,5.0,4,No,74.25,100.45,9.72,90.73,-71.84
ORD51383,CUST11383,2024-01-25,Home & Kitchen,North,Net Banking,Regular,43,2,110.62,16.47,111.01,3.8,5,No,61.58,221.24,36.44,184.8,-49.37
ORD51384,CUST11384,2024-02-08,Electronics,West,Debit Card,Premium,34,10,258.18,15.77,57.57,4.4,1,No,148.13,2581.8,407.15,2174.65,635.78
ORD51385,CUST11385,2024-05-10,Fashion,West,Debit Card,New,41,10,286.61,19.49,164.73,4.1,4,No,212.16,2866.1,558.6,2307.5,21.17
ORD51386,CUST11386,2025-05-12,Sports,South,Credit Card,Regular,45,5,138.49,19.75,83.39,3.8,3,No,68.27,692.45,136.76,555.69,130.95
ORD51387,CUST11387,2024-08-16,Electronics,Central,Debit Card,Regular,52,4,80.0,34.09,57.18,4.4,2,Yes,61.07,320.0,109.09,210.91,-90.55
ORD51388,CUST11388,2024-04-17,Fashion,North,Debit Card,Premium,48,1,903.53,15.6,176.93,5.0,2,No,495.44,903.53,140.95,762.58,90.21
ORD51389,CUST11389,2024-06-20,Fashion,East,Debit Card,Premium,30,4,185.65,5.98,146.99,4.2,8,No,87.06,742.6,44.41,698.19,202.96
ORD51390,CUST11390,2025-03-10,Home & Kitchen,West,Net Banking,Regular,52,4,222.05,17.78,57.27,5.0,1,No,109.56,888.2,157.92,730.28,234.77
ORD51391,CUST11391,2025-04-22,Home & Kitchen,North,Credit Card,Regular,33,10,80.0,23.24,138.02,3.9,8,No,64.2,800.0,185.92,614.08,-165.94
ORD51392,CUST11392,2024-04-11,Sports,Central,Net Banking,Wholesale,32,4,399.38,15.32,60.49,4.1,9,No,246.41,1597.52,244.74,1352.78,306.65
ORD51393,CUST11393,2025-06-07,Fashion,South,COD,New,60,1,441.04,0.0,124.54,3.2,6,No,240.31,441.04,0.0,441.04,76.19
ORD51394,CUST11394,2024-10-01,Grocery,West,Net Banking,Wholesale,35,9,80.0,15.89,169.98,3.6,1,Yes,51.43,720.0,114.41,605.59,-27.26
ORD51395,CUST11395,2025-09-04,Fashion,North,COD,Regular,64,3,169.6,7.59,35.6,3.9,10,No,119.14,508.8,38.62,470.18,77.16
ORD51396,CUST11396,2024-02-13,Home & Kitchen,North,UPI,Wholesale,54,4,161.21,2.75,65.8,3.8,7,No,91.56,644.84,17.73,627.11,195.07
ORD51397,CUST11397,2024-01-17,Grocery,North,UPI,Wholesale,65,5,856.19,13.31,66.79,3.4,5,No,615.04,4280.95,569.79,3711.16,569.17
ORD51398,CUST11398,2024-11-25,Electronics,Central,COD,Regular,65,7,463.29,1.32,101.95,3.5,9,Yes,251.72,3243.03,42.81,3200.22,1336.23
ORD51399,CUST11399,2025-07-22,Electronics,Central,COD,Premium,58,6,80.0,19.16,111.3,3.8,7,No,39.33,480.0,91.97,388.03,40.75
ORD51400,CUST11400,2025-05-11,Beauty,Central,Net Banking,Regular,44,5,112.93,17.12,85.99,4.8,5,No,73.79,564.65,96.67,467.98,13.04
ORD51401,CUST11401,2024-01-12,Home & Kitchen,East,COD,Premium,52,8,101.45,11.39,20.0,3.0,2,No,51.32,811.6,92.44,719.16,288.6
ORD51402,CUST11402,2024-11-13,Beauty,North,Credit Card,Regular,62,1,230.81,8.15,34.6,2.6,4,No,184.18,230.81,18.81,212.0,-6.78
ORD51403,CUST11403,2025-08-14,Grocery,West,UPI,Regular,52,7,503.68,10.71,50.24,2.9,2,No,226.74,3525.76,377.61,3148.15,1510.73
ORD51404,CUST11404,2024-08-03,Home & Kitchen,Central,UPI,Regular,45,6,194.6,4.92,115.2,3.4,9,Yes,141.98,1167.6,57.45,1110.15,143.07
ORD51405,CUST11405,2024-12-04,Sports,Central,COD,New,56,5,251.08,11.46,27.22,4.4,2,No,138.95,1255.4,143.87,1111.53,389.56
ORD51406,CUST11406,2025-10-22,Fashion,North,Debit Card,Premium,55,7,117.71,0.0,48.88,3.8,2,No,89.82,823.97,0.0,823.97,146.35
ORD51407,CUST11407,2024-03-21,Sports,Central,Debit Card,New,26,3,250.2,12.62,38.99,,2,No,118.16,750.6,94.73,655.87,262.4
ORD51408,CUST11408,2025-12-27,Grocery,East,COD,Regular,29,1,133.39,12.8,105.36,3.7,1,No,107.06,133.39,17.07,116.32,-96.1
ORD51409,CUST11409,2025-04-29,Home & Kitchen,East,Credit Card,Wholesale,32,9,80.0,17.92,140.93,2.8,9,No,39.0,720.0,129.02,590.98,99.05
ORD51410,CUST11410,2025-01-08,Grocery,Central,Debit Card,New,38,2,239.86,14.1,96.94,4.6,8,No,177.86,479.72,67.64,412.08,-40.58
ORD51411,CUST11411,2025-12-10,Fashion,North,COD,Premium,52,10,180.12,18.84,179.71,4.9,2,No,115.53,1801.2,339.35,1461.85,126.84
ORD51412,CUST11412,2024-07-18,Electronics,North,Credit Card,Regular,59,3,88.84,15.83,96.93,3.8,2,No,54.13,266.52,42.19,224.33,-34.99
ORD51413,CUST11413,2025-06-20,Electronics,North,Credit Card,New,50,8,528.21,19.26,85.76,4.1,5,No,292.45,4225.68,813.87,3411.81,986.45
ORD51414,CUST11414,2025-04-10,Grocery,South,Net Banking,Wholesale,36,10,110.15,30.35,54.71,4.1,4,No,83.86,1101.5,334.31,767.19,-126.12
ORD51415,CUST11415,2024-03-29,Beauty,Central,Credit Card,New,40,9,269.32,14.94,99.13,3.3,2,No,141.1,2423.88,362.13,2061.75,692.72
ORD51416,CUST11416,2024-09-24,Home & Kitchen,North,Debit Card,Premium,30,3,143.21,13.29,52.8,3.7,8,No,102.66,429.63,57.1,372.53,11.75
ORD51417,CUST11417,2025-10-16,Home & Kitchen,East,Debit Card,New,61,6,494.39,20.31,45.95,5.0,8,Yes,304.02,2966.34,602.46,2363.88,493.81
ORD51418,CUST11418,2025-07-24,Electronics,West,COD,Wholesale,18,7,155.33,8.72,44.66,4.0,4,No,127.28,1087.31,94.81,992.5,56.88
ORD51419,CUST11419,2025-05-03,Sports,West,COD,Wholesale,46,1,80.0,11.17,79.91,4.1,4,No,54.1,80.0,8.94,71.06,-62.95
ORD51420,CUST11420,2025-06-21,Fashion,North,Credit Card,Premium,41,7,306.89,14.95,67.5,3.5,9,No,149.93,2148.23,321.16,1827.07,710.06
ORD51421,CUST11421,2024-02-16,Sports,West,UPI,Wholesale,33,4,493.1,12.51,209.46,,4,No,298.44,1972.4,246.75,1725.65,322.43
ORD51422,CUST11422,2024-10-14,Sports,West,Net Banking,Regular,42,5,137.28,12.48,99.42,4.4,10,Yes,65.14,686.4,85.66,600.74,175.62
ORD51423,CUST11423,2024-01-16,Grocery,South,UPI,Wholesale,40,8,281.82,18.3,98.68,3.5,9,No,156.61,2254.56,412.58,1841.98,490.42
ORD51424,CUST11424,2025-12-11,Electronics,East,Credit Card,Regular,45,4,197.18,0.13,,5.0,3,No,113.78,788.72,1.03,787.69,267.41
ORD51425,CUST11425,2025-02-04,Electronics,East,Credit Card,New,64,4,141.35,26.23,227.95,2.9,2,No,108.23,565.4,148.3,417.1,-243.77
ORD51426,CUST11426,2024-03-26,Electronics,South,UPI,Regular,33,8,313.09,15.4,48.42,3.6,8,No,237.97,2504.72,385.73,2118.99,166.81
ORD51427,CUST11427,2024-09-06,Grocery,South,Net Banking,Regular,60,5,107.77,9.2,68.68,3.0,3,No,48.96,538.85,49.57,489.28,175.8
ORD51428,CUST11428,2025-01-25,Beauty,West,UPI,New,55,6,185.14,23.4,134.96,4.9,2,No,119.78,1110.84,259.94,850.9,-2.74
ORD51429,CUST11429,2024-11-30,Sports,Central,COD,Wholesale,28,5,214.28,12.72,99.11,4.0,8,No,114.15,1071.4,136.28,935.12,265.26
ORD51430,CUST11430,2025-09-20,Grocery,West,Debit Card,Regular,20,1,209.29,12.91,32.71,3.8,8,No,118.97,209.29,27.02,182.27,30.59
ORD51431,CUST11431,2025-06-02,Home & Kitchen,South,COD,Wholesale,32,7,109.51,10.5,91.23,4.3,5,No,50.16,766.57,80.49,686.08,243.73
ORD51432,CUST11432,2024-05-16,Fashion,East,Debit Card,New,18,6,691.42,22.27,120.59,4.9,9,Yes,502.94,4148.52,923.88,3224.64,86.41
ORD51433,CUST11433,2025-11-18,Beauty,West,Credit Card,Premium,24,2,411.77,11.93,113.04,4.1,6,No,330.12,823.54,98.25,725.29,-47.99
ORD51434,CUST11434,2025-05-12,Home & Kitchen,Central,Net Banking,Wholesale,18,7,345.08,8.09,119.75,4.7,5,No,183.28,2415.56,195.42,2220.14,817.43
ORD51435,CUST11435,2025-12-27,Sports,West,UPI,Wholesale,49,6,460.17,18.99,188.36,3.8,3,No,265.27,2761.02,524.32,2236.7,456.72
ORD51436,CUST11436,2025-04-21,Electronics,North,Net Banking,Premium,26,5,189.56,20.28,102.22,3.4,7,Yes,99.78,947.8,192.21,755.59,154.47
ORD51437,CUST11437,2025-08-16,Sports,West,UPI,Premium,46,8,142.4,23.25,125.8,4.2,9,No,113.08,1139.2,264.86,874.34,-156.1
ORD51438,CUST11438,2024-08-10,Grocery,South,COD,New,43,5,89.31,16.44,20.0,3.5,4,No,40.5,446.55,73.41,373.14,150.64
ORD51439,CUST11439,2025-01-06,Fashion,East,COD,Wholesale,40,2,114.75,20.02,173.95,4.4,7,No,76.43,229.5,45.95,183.55,-143.26
ORD51440,CUST11440,2025-02-05,Grocery,East,UPI,Wholesale,62,6,93.77,10.19,92.92,3.7,3,No,72.41,562.62,57.33,505.29,-22.09
ORD51441,CUST11441,2025-03-18,Beauty,South,Net Banking,New,60,1,128.6,19.18,50.94,3.9,2,No,66.73,128.6,24.67,103.93,-13.74
ORD51442,CUST11442,2025-05-04,Beauty,North,UPI,Wholesale,46,5,216.96,17.2,81.21,2.5,1,Yes,144.99,1084.8,186.59,898.21,92.05
ORD51443,CUST11443,2025-09-06,Fashion,South,Credit Card,Regular,55,6,328.36,15.71,119.81,3.9,6,No,153.92,1970.16,309.51,1660.65,617.32
ORD51444,CUST11444,2024-09-29,Home & Kitchen,West,COD,Regular,50,7,322.51,1.1,136.56,3.8,5,No,242.33,2257.57,24.83,2232.74,399.87
ORD51445,CUST11445,2025-06-09,Home & Kitchen,South,Credit Card,Regular,24,2,84.65,9.28,85.71,4.8,2,Yes,46.69,169.3,15.71,153.59,-25.5
ORD51446,CUST11446,2024-06-07,Beauty,South,COD,Wholesale,29,1,283.7,11.68,117.06,4.6,3,No,231.45,283.7,33.14,250.56,-97.95
ORD51447,CUST11447,2024-05-31,Beauty,North,COD,Regular,48,6,381.27,15.72,78.16,4.0,9,No,301.64,2287.62,359.61,1928.01,40.01
ORD51448,CUST11448,2025-09-11,Electronics,West,Debit Card,Regular,49,3,153.66,28.81,112.12,2.9,3,No,110.79,460.98,132.81,328.17,-116.32
ORD51449,CUST11449,2024-07-06,Home & Kitchen,Central,Credit Card,New,37,5,394.86,18.01,99.28,3.7,7,Yes,250.27,1974.3,355.57,1618.73,268.1
ORD51450,CUST11450,2024-04-07,Fashion,Central,Credit Card,New,34,2,320.3,6.33,103.54,4.8,1,No,234.98,640.6,40.55,600.05,26.55
ORD51451,CUST11451,2024-05-10,Home & Kitchen,East,Debit Card,Premium,53,1,80.0,8.64,76.01,3.9,7,No,39.87,80.0,6.91,73.09,-42.79
ORD51452,CUST11452,2024-06-19,Electronics,South,Net Banking,Premium,20,1,753.42,21.73,108.16,3.3,9,No,425.51,753.42,163.72,589.7,56.03
ORD51453,CUST11453,2024-07-01,Grocery,East,Credit Card,Premium,18,4,113.84,8.33,52.81,4.7,8,No,52.36,455.36,37.93,417.43,155.18
ORD51454,CUST11454,2024-12-29,Beauty,North,UPI,Premium,44,10,337.76,19.13,98.76,2.9,7,No,232.6,3377.6,646.13,2731.47,306.71
ORD51455,CUST11455,2024-02-08,Beauty,Central,Debit Card,New,64,2,329.9,12.82,61.45,3.9,10,No,246.78,659.8,84.59,575.21,20.2
ORD51456,CUST11456,2025-06-10,Electronics,South,Credit Card,New,57,1,81.81,10.84,45.29,4.4,8,No,65.46,81.81,8.87,72.94,-37.81
ORD51457,CUST11457,2025-05-11,Fashion,North,Net Banking,New,50,6,203.64,8.44,58.25,4.1,4,No,143.36,1221.84,103.12,1118.72,200.31
ORD51458,CUST11458,2025-05-30,Beauty,North,Credit Card,Regular,37,4,327.27,0.0,80.64,3.2,2,Yes,235.92,1309.08,0.0,1309.08,284.76
ORD51459,CUST11459,2024-12-14,Sports,South,COD,Regular,31,10,81.25,15.78,66.22,3.4,9,No,63.48,812.5,128.21,684.29,-16.73
ORD51460,CUST11460,2025-01-31,Beauty,North,UPI,Premium,53,7,193.4,4.64,107.83,3.5,3,Yes,154.04,1353.8,62.82,1290.98,104.87
ORD51461,CUST11461,2025-12-22,Sports,South,Debit Card,Regular,22,6,345.58,2.07,93.59,4.5,4,Yes,218.33,2073.48,42.92,2030.56,626.99
ORD51462,CUST11462,2024-06-09,Electronics,South,COD,Wholesale,40,5,360.4,13.73,,4.1,7,No,176.82,1802.0,247.41,1554.59,534.83
ORD51463,CUST11463,2024-01-16,Electronics,West,Net Banking,New,62,10,140.04,19.21,86.2,3.7,2,No,87.19,1400.4,269.02,1131.38,173.28
ORD51464,CUST11464,2025-05-07,Beauty,East,COD,Premium,32,2,494.64,0.12,98.13,4.3,8,No,324.36,989.28,1.19,988.09,241.24
ORD51465,CUST11465,2025-03-01,Home & Kitchen,North,COD,Premium,23,5,423.52,19.02,173.97,3.5,10,Yes,289.55,2117.6,402.77,1714.83,93.11
ORD51466,CUST11466,2024-04-17,Sports,North,Net Banking,Wholesale,50,9,212.04,5.68,70.25,4.5,8,No,173.03,1908.36,108.39,1799.97,172.45
ORD51467,CUST11467,2025-03-25,Fashion,West,COD,Regular,36,9,118.12,16.54,77.17,4.3,5,No,93.26,1063.08,175.83,887.25,-29.26
ORD51468,CUST11468,2024-11-06,Beauty,West,Debit Card,Premium,30,2,84.96,16.05,144.16,3.9,9,No,50.69,169.92,27.27,142.65,-102.89
ORD51469,CUST11469,2024-06-18,Fashion,West,Credit Card,Regular,46,7,231.69,10.55,46.94,3.9,8,No,113.99,1621.83,171.1,1450.73,605.86
ORD51470,CUST11470,2025-06-29,Beauty,Central,COD,Regular,23,10,469.62,12.21,149.19,3.8,1,No,248.65,4696.2,573.41,4122.79,1487.1
ORD51471,CUST11471,2025-02-17,Home & Kitchen,Central,Debit Card,Wholesale,32,4,164.74,9.23,79.34,4.6,9,No,84.73,658.96,60.82,598.14,179.88
ORD51472,CUST11472,2024-09-07,Home & Kitchen,Central,Credit Card,Premium,33,3,103.71,13.84,52.5,4.1,5,No,60.33,311.13,43.06,268.07,34.58
ORD51473,CUST11473,2024-05-20,Home & Kitchen,South,Credit Card,Regular,41,1,309.88,13.78,130.73,3.9,9,No,239.94,309.88,42.7,267.18,-103.49
ORD51474,CUST11474,2024-09-30,Grocery,North,COD,Regular,40,3,203.05,5.53,78.7,3.4,9,No,124.28,609.15,33.69,575.46,123.92
ORD51475,CUST11475,2025-02-19,Home & Kitchen,East,Debit Card,Wholesale,65,9,253.49,2.5,172.09,4.4,10,No,167.28,2281.41,57.04,2224.37,546.76
ORD51476,CUST11476,2025-08-30,Electronics,South,COD,Wholesale,27,9,128.84,19.06,93.65,4.4,10,Yes,66.52,1159.56,221.01,938.55,246.22
ORD51477,CUST11477,2024-02-08,Electronics,North,Net Banking,Regular,58,7,142.54,13.43,93.32,3.7,3,No,90.14,997.78,134.0,863.78,139.48
ORD51478,CUST11478,2024-01-29,Grocery,North,Credit Card,Wholesale,58,3,128.45,18.09,63.63,3.7,8,No,99.32,385.35,69.71,315.64,-45.95
ORD51479,CUST11479,2025-04-21,Sports,West,COD,Regular,34,3,250.75,7.31,83.4,3.9,7,No,184.6,752.25,54.99,697.26,60.06
ORD51480,CUST11480,2024-11-13,Fashion,West,Credit Card,Premium,61,4,145.39,6.23,77.73,3.3,7,Yes,69.79,581.56,36.23,545.33,188.44
ORD51481,CUST11481,2024-09-01,Beauty,South,Debit Card,New,62,7,266.42,4.92,149.91,4.0,10,No,204.87,1864.94,91.76,1773.18,189.18
ORD51482,CUST11482,2025-11-27,Beauty,West,UPI,Wholesale,47,7,121.04,10.73,103.03,2.9,2,No,66.73,847.28,90.91,756.37,186.23
ORD51483,CUST11483,2024-09-28,Grocery,North,COD,New,61,2,250.48,13.63,121.75,3.2,2,No,174.41,500.96,68.28,432.68,-37.89
ORD51484,CUST11484,2025-03-15,Electronics,West,COD,Regular,63,5,286.42,8.19,94.43,3.7,2,Yes,144.4,1432.1,117.29,1314.81,498.38
ORD51485,CUST11485,2024-08-26,Beauty,Central,Credit Card,Regular,27,7,224.87,22.95,71.51,3.6,2,No,157.32,1574.09,361.25,1212.84,40.09
ORD51486,CUST11486,2025-01-11,Electronics,West,Debit Card,Regular,36,7,329.01,7.5,106.69,4.3,4,No,152.4,2303.07,172.73,2130.34,956.85
ORD51487,CUST11487,2024-09-22,Sports,North,Net Banking,New,46,6,132.56,13.74,161.58,4.2,7,No,89.11,795.36,109.28,686.08,-10.16
ORD51488,CUST11488,2024-12-24,Fashion,South,Debit Card,Regular,19,10,284.35,5.82,42.82,4.9,2,No,195.92,2843.5,165.49,2678.01,675.99
ORD51489,CUST11489,2024-12-05,Sports,East,COD,Wholesale,53,10,210.96,7.29,108.88,4.1,5,No,114.02,2109.6,153.79,1955.81,706.73
ORD51490,CUST11490,2025-01-23,Grocery,West,Net Banking,Premium,36,8,107.09,11.4,157.35,4.1,7,No,85.32,856.72,97.67,759.05,-80.86
ORD51491,CUST11491,2025-07-30,Home & Kitchen,North,Debit Card,Premium,24,3,80.0,6.17,53.34,3.2,9,No,37.36,240.0,14.81,225.19,59.77
ORD51492,CUST11492,2025-11-19,Home & Kitchen,East,UPI,Wholesale,43,1,80.0,12.63,131.49,3.2,8,No,62.39,80.0,10.1,69.9,-123.98
ORD51493,CUST11493,2024-01-03,Home & Kitchen,East,Credit Card,Premium,32,3,80.0,15.08,131.54,4.0,9,No,47.3,240.0,36.19,203.81,-69.63
ORD51494,CUST11494,2025-03-04,Sports,Central,Debit Card,New,64,2,239.12,19.65,31.76,4.1,7,No,170.77,478.24,93.97,384.27,10.97
ORD51495,CUST11495,2024-05-21,Beauty,East,Debit Card,Regular,55,2,146.77,4.44,139.97,4.2,3,Yes,101.43,293.54,13.03,280.51,-62.32
ORD51496,CUST11496,2025-01-10,Fashion,North,UPI,Regular,20,2,191.85,13.17,63.26,4.8,1,No,98.28,383.7,50.53,333.17,73.35
ORD51497,CUST11497,2025-10-31,Home & Kitchen,North,COD,Regular,55,5,161.22,11.57,106.15,3.3,10,No,91.58,806.1,93.27,712.83,148.78
ORD51498,CUST11498,2024-11-19,Grocery,West,Credit Card,New,33,1,264.56,0.0,136.09,5.0,7,No,170.9,264.56,0.0,264.56,-42.43
ORD51499,CUST11499,2024-05-25,Grocery,West,Debit Card,New,19,10,269.64,4.1,144.0,3.0,6,No,205.79,2696.4,110.55,2585.85,383.95
ORD51500,CUST11500,2024-10-19,Home & Kitchen,West,Net Banking,New,48,4,186.4,15.32,20.89,4.2,2,Yes,149.73,745.6,114.23,631.37,11.56
ORD51501,CUST11501,2025-10-26,Home & Kitchen,East,Debit Card,Wholesale,45,10,193.88,2.53,170.49,3.2,1,No,88.72,1938.8,49.05,1889.75,832.06
ORD51502,CUST11502,2025-03-07,Fashion,East,Credit Card,New,24,5,198.98,11.49,153.81,4.5,10,No,115.5,994.9,114.31,880.59,149.28
ORD51503,CUST11503,2025-12-05,Home & Kitchen,Central,Debit Card,Premium,47,2,447.94,0.0,,3.0,4,No,312.31,895.88,0.0,895.88,133.92
ORD51504,CUST11504,2025-08-07,Fashion,West,UPI,Wholesale,60,5,80.0,11.28,106.27,2.2,4,Yes,51.62,400.0,45.12,354.88,-9.49
ORD51505,CUST11505,2025-02-02,Grocery,South,Debit Card,Wholesale,24,10,117.23,0.0,70.39,4.1,6,No,93.66,1172.3,0.0,1172.3,165.31
ORD51506,CUST11506,2024-12-09,Home & Kitchen,Central,Debit Card,Wholesale,53,4,318.12,7.77,41.26,3.9,5,No,145.15,1272.48,98.87,1173.61,551.75
ORD51507,CUST11507,2024-05-19,Sports,South,Net Banking,New,46,8,372.46,8.94,20.0,4.7,9,No,227.93,2979.68,266.38,2713.3,869.86
ORD51508,CUST11508,2024-07-05,Sports,East,UPI,Wholesale,41,1,239.29,,119.0,4.1,8,No,166.89,239.29,30.77,208.52,-77.37
ORD51509,CUST11509,2024-03-01,Grocery,Central,UPI,New,56,5,160.83,10.23,137.31,3.5,9,No,85.32,804.15,82.26,721.89,157.98
ORD51510,CUST11510,2025-01-14,Fashion,Central,Debit Card,New,21,10,607.9,,86.19,3.6,10,Yes,436.82,6079.0,203.65,5875.35,1420.96
ORD51511,CUST11511,2025-12-10,Sports,North,Net Banking,Wholesale,46,1,203.48,3.48,69.26,5.0,7,No,97.68,203.48,7.08,196.4,29.46
ORD51512,CUST11512,2025-03-15,Fashion,East,Debit Card,Regular,61,10,184.94,0.7,93.15,3.4,9,No,114.09,1849.4,12.95,1836.45,602.4
ORD51513,CUST11513,2024-11-14,Sports,East,Debit Card,Regular,22,10,430.81,13.45,61.18,4.3,3,No,301.66,4308.1,579.44,3728.66,650.88
ORD51514,CUST11514,2024-10-28,Sports,Central,Credit Card,Wholesale,46,4,246.93,13.14,90.97,4.3,9,No,135.49,987.72,129.79,857.93,225.0
ORD51515,CUST11515,2024-12-09,Fashion,East,Credit Card,Regular,47,8,333.92,16.69,58.6,4.4,2,No,159.39,2671.36,445.85,2225.51,891.79
ORD51516,CUST11516,2024-01-11,Beauty,Central,Net Banking,Premium,46,1,360.33,8.5,117.54,4.3,9,Yes,289.74,360.33,30.63,329.7,-77.58
ORD51517,CUST11517,2024-03-02,Sports,North,COD,Premium,43,2,142.29,0.0,145.97,3.8,6,No,112.14,284.58,0.0,284.58,-85.67
ORD51518,CUST11518,2024-08-13,Home & Kitchen,Central,Credit Card,New,36,1,571.94,9.79,112.88,2.9,4,No,453.41,571.94,55.99,515.95,-50.34
ORD51519,CUST11519,2024-06-01,Grocery,East,COD,Regular,43,7,80.0,12.08,86.38,4.1,2,No,64.96,560.0,67.65,492.35,-48.75
ORD51520,CUST11520,2025-12-11,Beauty,East,UPI,Premium,54,2,80.0,3.85,134.51,4.0,10,No,41.47,160.0,6.16,153.84,-63.61
ORD51521,CUST11521,2025-07-17,Fashion,Central,Credit Card,Wholesale,44,1,116.5,4.51,90.85,4.1,3,No,59.23,116.5,5.25,111.25,-38.83
ORD51522,CUST11522,2025-07-24,Beauty,Central,Credit Card,Regular,47,6,137.66,15.16,133.08,4.4,5,No,63.69,825.96,125.22,700.74,185.52
ORD51523,CUST11523,2025-08-06,Electronics,Central,Net Banking,Premium,47,6,229.45,12.7,61.37,3.7,9,Yes,178.97,1376.7,174.84,1201.86,66.67
ORD51524,CUST11524,2025-10-21,Electronics,West,COD,Premium,20,10,115.8,19.93,67.2,3.6,7,No,84.36,1158.0,230.79,927.21,16.41
ORD51525,CUST11525,2025-07-28,Sports,East,Credit Card,Wholesale,60,2,179.87,24.05,45.5,4.6,3,No,123.09,359.74,86.52,273.22,-18.46
ORD51526,CUST11526,2024-11-05,Sports,East,Credit Card,New,24,1,158.64,1.48,69.05,3.8,4,No,125.84,158.64,2.35,156.29,-38.6
ORD51527,CUST11527,2024-08-30,Home & Kitchen,West,Net Banking,Wholesale,26,10,667.07,9.07,134.16,3.7,2,No,442.12,6670.7,605.03,6065.67,1510.31
ORD51528,CUST11528,2025-05-07,Grocery,Central,Net Banking,New,58,3,107.42,12.87,50.77,3.6,8,No,53.5,322.26,41.47,280.79,69.52
ORD51529,CUST11529,2024-12-31,Beauty,North,COD,Premium,59,10,80.0,14.55,20.0,4.4,6,No,41.24,800.0,116.4,683.6,251.2
ORD51530,CUST11530,2024-11-25,Electronics,Central,UPI,New,30,5,375.16,19.11,71.35,3.9,3,No,187.17,1875.8,358.47,1517.33,510.13
ORD51531,CUST11531,2024-04-16,Sports,Central,UPI,Premium,32,6,113.97,17.1,37.18,5.0,5,No,64.26,683.82,116.93,566.89,144.15
ORD51532,CUST11532,2024-08-13,Grocery,West,Debit Card,Premium,22,3,170.79,19.97,67.3,4.0,5,No,100.84,512.37,102.32,410.05,40.23
ORD51533,CUST11533,2024-08-05,Beauty,East,Credit Card,Regular,46,9,119.1,12.43,184.81,3.2,1,No,88.71,1071.9,133.24,938.66,-44.54
ORD51534,CUST11534,2025-05-20,Sports,Central,COD,New,52,5,292.7,7.6,50.0,3.7,5,No,152.43,1463.5,111.23,1352.27,540.12
ORD51535,CUST11535,2024-09-15,Sports,East,Credit Card,New,44,2,80.0,25.65,118.51,4.4,6,No,57.47,160.0,41.04,118.96,-114.49
ORD51536,CUST11536,2025-05-31,Electronics,South,COD,New,44,10,80.0,13.07,86.39,3.6,10,No,50.54,800.0,104.56,695.44,103.65
ORD51537,CUST11537,2024-02-23,Electronics,East,COD,Wholesale,25,6,420.82,,106.76,4.0,10,No,345.02,2524.92,260.32,2264.6,87.72
ORD51538,CUST11538,2024-02-16,Sports,North,COD,Regular,49,8,212.91,4.49,67.08,4.6,2,No,156.99,1703.28,76.48,1626.8,303.8
ORD51539,CUST11539,2025-12-27,Fashion,North,Credit Card,Regular,37,6,364.02,13.12,142.26,4.7,3,No,294.31,2184.12,286.56,1897.56,-10.56
ORD51540,CUST11540,2025-11-19,Sports,Central,Net Banking,Regular,27,4,411.76,19.03,109.21,3.7,10,No,237.45,1647.04,313.43,1333.61,274.6
ORD51541,CUST11541,2025-06-04,Grocery,East,Credit Card,Wholesale,30,6,99.91,8.5,110.46,3.8,5,No,49.51,599.46,50.95,548.51,140.99
ORD51542,CUST11542,2024-04-08,Sports,Central,COD,New,46,8,188.56,11.07,94.45,4.1,3,No,120.15,1508.48,166.99,1341.49,285.84
ORD51543,CUST11543,2024-01-20,Home & Kitchen,West,Debit Card,New,52,8,251.77,13.74,146.52,4.9,5,No,124.87,2014.16,276.75,1737.41,591.93
ORD51544,CUST11544,2025-07-26,Home & Kitchen,North,UPI,New,25,10,168.95,15.31,115.21,3.3,5,No,106.81,1689.5,258.66,1430.84,247.53
ORD51545,CUST11545,2025-05-04,Home & Kitchen,Central,COD,Regular,46,2,147.98,10.18,106.69,4.2,8,No,81.37,295.96,30.13,265.83,-3.6
ORD51546,CUST11546,2025-02-22,Fashion,West,Debit Card,Regular,48,8,157.77,9.24,119.37,4.0,10,No,99.66,1262.16,116.62,1145.54,228.89
ORD51547,CUST11547,2025-11-20,Fashion,Central,Net Banking,Premium,58,6,366.61,8.42,20.0,3.4,9,No,293.79,2199.66,185.21,2014.45,231.71
ORD51548,CUST11548,2024-03-02,Sports,East,COD,Wholesale,47,2,153.18,4.25,98.45,4.8,8,No,85.31,306.36,13.02,293.34,24.27
ORD51549,CUST11549,2024-05-24,Home & Kitchen,East,Debit Card,Wholesale,39,1,267.78,6.61,87.12,4.6,3,No,218.93,267.78,17.7,250.08,-55.97
ORD51550,CUST11550,2024-08-03,Fashion,East,COD,Regular,38,6,227.12,6.42,142.59,5.0,1,No,121.48,1362.72,87.49,1275.23,403.76
ORD51551,CUST11551,2024-01-03,Electronics,East,Credit Card,Premium,29,7,96.86,1.2,58.45,4.8,3,No,51.05,678.02,8.14,669.88,254.08
ORD51552,CUST11552,2024-06-08,Sports,South,Debit Card,New,28,10,220.58,18.95,99.05,,1,No,143.72,2205.8,418.0,1787.8,251.55
ORD51553,CUST11553,2024-04-29,Grocery,West,Credit Card,Regular,19,5,80.0,14.52,176.57,4.4,9,Yes,60.92,400.0,58.08,341.92,-139.25
ORD51554,CUST11554,2024-03-29,Beauty,West,Credit Card,Wholesale,58,10,235.32,13.0,88.84,4.2,3,No,171.15,2353.2,305.92,2047.28,246.94
ORD51555,CUST11555,2024-11-24,Sports,East,Debit Card,Wholesale,19,8,323.51,21.13,30.14,3.4,8,Yes,232.19,2588.08,546.86,2041.22,153.56
ORD51556,CUST11556,2025-08-02,Beauty,South,UPI,Wholesale,51,9,375.75,17.02,187.83,3.2,6,No,208.38,3381.75,575.57,2806.18,742.93
ORD51557,CUST11557,2024-12-22,Home & Kitchen,East,Debit Card,New,20,4,97.59,6.47,57.8,4.2,3,No,44.73,390.36,25.26,365.1,128.38
ORD51558,CUST11558,2025-09-01,Beauty,South,UPI,Wholesale,33,7,127.93,20.21,43.21,4.1,9,Yes,65.22,895.51,180.98,714.53,214.78
ORD51559,CUST11559,2024-09-23,Home & Kitchen,East,COD,New,21,8,218.03,18.81,44.98,3.8,8,No,126.31,1744.24,328.09,1416.15,360.69
ORD51560,CUST11560,2025-09-08,Electronics,North,COD,New,40,6,133.04,4.17,122.74,3.9,3,No,107.7,798.24,33.29,764.95,-3.99
ORD51561,CUST11561,2024-11-18,Beauty,North,Debit Card,New,37,2,80.0,18.32,148.4,5.0,7,No,63.23,160.0,29.31,130.69,-144.17
ORD51562,CUST11562,2025-09-26,Sports,Central,COD,Regular,42,7,127.47,8.73,169.22,2.6,5,No,66.82,892.29,77.9,814.39,177.43
ORD51563,CUST11563,2025-06-24,Home & Kitchen,East,Net Banking,New,47,9,217.49,18.98,90.69,4.4,2,Yes,156.26,1957.41,371.52,1585.89,88.86
ORD51564,CUST11564,2025-10-10,Sports,West,Credit Card,Premium,35,5,362.82,9.63,45.59,4.5,8,No,241.0,1814.1,174.7,1639.4,388.81
ORD51565,CUST11565,2024-07-13,Fashion,Central,Credit Card,Wholesale,59,2,543.48,8.27,64.35,4.6,1,Yes,254.59,1086.96,89.89,997.07,423.54
ORD51566,CUST11566,2024-11-27,Home & Kitchen,North,UPI,Regular,28,4,196.61,8.99,91.51,3.1,4,No,115.51,786.44,70.7,715.74,162.19
ORD51567,CUST11567,2024-06-18,Beauty,East,COD,Wholesale,46,3,261.97,5.19,89.05,3.8,4,No,165.0,785.91,40.79,745.12,161.07
ORD51568,CUST11568,2025-06-04,Home & Kitchen,Central,UPI,New,34,4,338.5,1.64,148.87,3.8,10,No,235.94,1354.0,22.21,1331.79,239.16
ORD51569,CUST11569,2025-04-07,Sports,East,Credit Card,Regular,43,10,80.0,0.0,30.71,4.2,5,No,44.73,800.0,0.0,800.0,321.99
ORD51570,CUST11570,2024-02-09,Electronics,North,Credit Card,Premium,40,7,93.46,4.62,39.8,3.3,4,No,74.35,654.22,30.22,624.0,63.75
ORD51571,CUST11571,2025-06-20,Home & Kitchen,Central,COD,New,65,10,193.77,30.41,76.06,4.2,1,No,119.59,1937.7,589.25,1348.45,76.49
ORD51572,CUST11572,2024-09-17,Beauty,North,Net Banking,Wholesale,37,8,498.38,15.35,106.61,3.4,7,No,270.1,3987.04,612.01,3375.03,1107.62
ORD51573,CUST11573,2025-01-29,Fashion,South,Net Banking,Premium,62,1,272.97,25.05,70.08,3.8,10,No,154.8,272.97,68.38,204.59,-20.29
ORD51574,CUST11574,2024-08-13,Grocery,North,COD,New,19,8,224.6,9.77,66.42,4.9,2,No,163.55,1796.8,175.55,1621.25,246.43
ORD51575,CUST11575,2024-05-03,Electronics,East,COD,Premium,41,5,156.29,8.72,142.82,4.5,10,No,107.36,781.45,68.14,713.31,33.69
ORD51576,CUST11576,2024-02-07,Fashion,West,UPI,New,48,7,239.23,24.02,111.24,4.1,3,No,173.35,1674.61,402.24,1272.37,-52.32
ORD51577,CUST11577,2024-11-23,Home & Kitchen,North,COD,Regular,44,1,123.02,14.63,45.69,,5,No,68.67,123.02,18.0,105.02,-9.34
ORD51578,CUST11578,2024-09-07,Sports,West,Net Banking,New,19,2,109.19,5.31,67.06,4.2,8,No,62.34,218.38,11.6,206.78,15.04
ORD51579,CUST11579,2024-06-24,Sports,South,COD,Regular,31,1,115.54,16.43,113.26,4.3,10,Yes,68.95,115.54,18.98,96.56,-85.65
ORD51580,CUST11580,2025-08-24,Beauty,Central,UPI,New,21,5,433.25,20.76,33.25,2.6,8,No,225.19,2166.25,449.71,1716.54,557.34
ORD51581,CUST11581,2025-03-29,Sports,Central,UPI,New,30,6,104.99,2.0,112.98,4.2,2,No,74.09,629.94,12.6,617.34,59.82
ORD51582,CUST11582,2024-02-06,Electronics,West,UPI,Wholesale,53,10,139.88,15.25,74.53,3.3,9,No,79.99,1398.8,213.32,1185.48,311.05
ORD51583,CUST11583,2024-11-11,Sports,Central,UPI,Premium,52,9,246.2,2.47,106.33,3.0,6,No,140.51,2215.8,54.73,2161.07,790.15
ORD51584,CUST11584,2025-11-18,Beauty,North,Debit Card,Premium,61,8,102.3,20.38,95.39,3.3,9,No,56.23,818.4,166.79,651.61,106.38
ORD51585,CUST11585,2025-08-15,Grocery,West,COD,Premium,25,7,209.98,13.61,39.72,2.6,4,No,129.67,1469.86,200.05,1269.81,322.4
ORD51586,CUST11586,2024-04-23,Home & Kitchen,East,Credit Card,New,19,5,209.93,16.41,61.35,3.7,3,No,154.43,1049.65,172.25,877.4,43.9
ORD51587,CUST11587,2024-02-09,Home & Kitchen,North,COD,New,23,3,120.8,10.48,155.13,3.3,5,No,91.71,362.4,37.98,324.42,-105.84
ORD51588,CUST11588,2024-10-27,Sports,North,Debit Card,New,48,9,153.21,0.0,196.71,4.7,5,No,114.55,1378.89,0.0,1378.89,151.23
ORD51589,CUST11589,2024-08-11,Fashion,North,UPI,Regular,27,5,98.17,8.91,20.0,3.8,4,No,66.74,490.85,43.73,447.12,93.42
ORD51590,CUST11590,2024-11-13,Home & Kitchen,East,Debit Card,Regular,61,3,445.32,18.51,136.94,3.5,7,No,246.6,1335.96,247.29,1088.67,211.93
ORD51591,CUST11591,2024-12-14,Grocery,South,Net Banking,Wholesale,38,3,214.31,25.96,103.3,3.0,8,No,154.71,642.93,166.9,476.03,-91.4
ORD51592,CUST11592,2024-04-24,Sports,Central,Net Banking,New,59,3,91.69,13.98,183.7,3.7,5,No,42.6,275.07,38.45,236.62,-74.88
ORD51593,CUST11593,2025-11-28,Beauty,West,COD,Premium,27,6,196.78,7.2,64.87,4.9,9,Yes,146.66,1180.68,85.01,1095.67,150.84
ORD51594,CUST11594,2024-11-18,Grocery,South,COD,Premium,40,1,202.66,15.75,130.42,5.0,7,No,149.7,202.66,31.92,170.74,-109.38
ORD51595,CUST11595,2025-07-21,Sports,West,Credit Card,Wholesale,20,4,80.0,17.88,76.38,3.8,7,No,55.83,320.0,57.22,262.78,-36.92
ORD51596,CUST11596,2024-02-09,Grocery,Central,Credit Card,Premium,49,8,433.24,12.93,147.66,4.0,8,Yes,210.66,3465.92,448.14,3017.78,1184.84
ORD51597,CUST11597,2024-02-09,Home & Kitchen,East,Net Banking,Wholesale,37,3,95.27,12.5,194.01,4.5,4,No,78.03,285.81,35.73,250.08,-178.02
ORD51598,CUST11598,2024-10-15,Beauty,North,UPI,New,27,5,705.31,13.5,99.59,3.3,10,No,514.79,3526.55,476.08,3050.47,376.93
ORD51599,CUST11599,2024-09-18,Sports,North,Debit Card,Premium,46,2,303.97,12.3,38.75,4.2,6,Yes,219.43,607.94,74.78,533.16,55.55
ORD51600,CUST11600,2024-08-03,Electronics,East,Credit Card,New,58,2,87.14,14.08,153.62,,5,No,41.28,174.28,24.54,149.74,-86.44
ORD51601,CUST11601,2024-05-26,Beauty,South,Credit Card,Regular,63,7,147.78,24.79,115.45,4.5,1,No,88.3,1034.46,256.44,778.02,44.47
ORD51602,CUST11602,2024-12-01,Electronics,South,UPI,Premium,51,10,330.2,,107.01,4.5,9,No,159.12,3302.0,0.0,3302.0,1603.79
ORD51603,CUST11603,2024-06-16,Grocery,West,UPI,Regular,54,3,155.32,10.33,161.25,4.9,2,No,90.64,465.96,48.13,417.83,-15.34
ORD51604,CUST11604,2024-04-01,Fashion,East,COD,Premium,37,5,389.89,5.47,38.81,4.6,6,No,257.75,1949.45,106.63,1842.82,515.26
ORD51605,CUST11605,2024-12-18,Beauty,South,Debit Card,New,25,3,141.96,20.27,57.77,3.8,8,No,110.04,425.88,86.33,339.55,-48.34
ORD51606,CUST11606,2025-07-24,Grocery,East,UPI,Wholesale,24,6,172.24,11.01,116.74,3.2,3,No,95.54,1033.44,113.78,919.66,229.68
ORD51607,CUST11607,2025-07-24,Electronics,Central,Credit Card,New,23,10,336.16,15.92,56.77,3.9,5,No,228.81,3361.6,535.17,2826.43,481.56
ORD51608,CUST11608,2025-11-11,Home & Kitchen,North,Credit Card,New,28,3,268.33,21.99,75.78,3.4,7,No,137.1,804.99,177.02,627.97,140.89
ORD51609,CUST11609,2024-12-28,Home & Kitchen,North,Net Banking,New,61,8,99.35,4.43,147.36,3.8,4,No,57.72,794.8,35.21,759.59,150.47
ORD51610,CUST11610,2025-07-10,Fashion,North,UPI,Premium,35,2,240.36,8.31,109.48,3.4,5,No,192.4,480.72,39.95,440.77,-53.51
ORD51611,CUST11611,2024-12-10,Beauty,East,COD,Wholesale,59,3,202.12,21.27,36.95,3.7,1,No,146.87,606.36,128.97,477.39,-0.17
ORD51612,CUST11612,2025-11-23,Beauty,East,Debit Card,Regular,46,8,100.22,4.15,108.36,3.0,4,No,65.34,801.76,33.27,768.49,137.41
ORD51613,CUST11613,2024-06-18,Beauty,West,COD,New,42,8,80.0,8.54,145.76,3.5,7,No,43.45,640.0,54.66,585.34,91.98
ORD51614,CUST11614,2024-12-21,Grocery,North,Credit Card,Premium,38,1,80.0,0.8,97.72,4.3,10,No,47.24,80.0,0.64,79.36,-65.6
ORD51615,CUST11615,2024-07-09,Fashion,West,COD,Regular,63,8,149.7,21.54,129.23,4.4,7,No,76.04,1197.6,257.96,939.64,202.09
ORD51616,CUST11616,2025-10-28,Beauty,North,Credit Card,New,20,10,175.02,7.93,66.73,4.3,10,No,101.65,1750.2,138.79,1611.41,528.18
ORD51617,CUST11617,2025-02-25,Grocery,West,Credit Card,Regular,35,2,251.63,14.46,101.69,3.8,10,No,127.26,503.26,72.77,430.49,74.28
ORD51618,CUST11618,2025-11-30,Home & Kitchen,West,Credit Card,New,41,7,308.99,16.73,20.0,4.1,4,No,229.97,2162.93,361.86,1801.07,171.28
ORD51619,CUST11619,2024-01-07,Electronics,Central,Credit Card,Regular,64,6,138.52,6.38,118.34,5.0,6,No,66.47,831.12,53.03,778.09,260.93
ORD51620,CUST11620,2024-05-12,Grocery,West,Credit Card,Regular,55,2,171.74,0.0,106.21,3.5,5,No,89.32,343.48,0.0,343.48,58.63
ORD51621,CUST11621,2025-07-10,Home & Kitchen,East,Net Banking,Wholesale,27,5,110.7,10.46,31.94,5.0,1,No,78.12,553.5,57.9,495.6,73.06
ORD51622,CUST11622,2024-01-31,Home & Kitchen,West,COD,Wholesale,44,7,191.85,10.35,158.44,3.1,8,No,150.4,1342.95,139.0,1203.95,-7.29
ORD51623,CUST11623,2025-06-18,Electronics,North,Net Banking,New,29,8,340.2,11.58,115.7,2.9,7,No,274.51,2721.6,315.16,2406.44,94.66
ORD51624,CUST11624,2025-03-01,Home & Kitchen,West,Net Banking,Premium,24,3,193.59,11.62,58.83,3.9,5,No,147.0,580.77,67.49,513.28,13.45
ORD51625,CUST11625,2025-01-28,Fashion,South,UPI,Wholesale,34,1,386.13,8.51,119.53,4.0,10,No,203.97,386.13,32.86,353.27,29.77
ORD51626,CUST11626,2025-11-02,Electronics,North,UPI,Regular,18,7,336.52,8.24,45.7,3.3,10,No,187.01,2355.64,194.1,2161.54,806.77
ORD51627,CUST11627,2024-12-28,Home & Kitchen,South,UPI,Wholesale,43,5,467.55,14.08,51.92,3.8,7,No,361.03,2337.75,329.16,2008.59,151.52
ORD51628,CUST11628,2025-03-12,Sports,North,Debit Card,Wholesale,32,5,197.16,6.23,45.93,4.3,10,No,153.6,985.8,61.42,924.38,110.45
ORD51629,CUST11629,2025-10-31,Grocery,East,UPI,New,50,7,128.24,11.33,44.64,3.4,3,No,88.11,897.68,101.71,795.97,134.56
ORD51630,CUST11630,2025-07-04,Home & Kitchen,East,COD,Wholesale,54,1,271.46,8.06,109.69,4.7,8,No,153.66,271.46,21.88,249.58,-13.77
ORD51631,CUST11631,2024-03-22,Fashion,East,Net Banking,Wholesale,64,8,142.25,14.07,94.25,4.7,5,No,75.81,1138.0,160.12,977.88,277.15
ORD51632,CUST11632,2024-12-21,Beauty,South,COD,Regular,48,10,265.98,19.76,123.67,4.8,2,No,203.57,2659.8,525.58,2134.22,-25.15
ORD51633,CUST11633,2024-09-14,Home & Kitchen,Central,UPI,Wholesale,52,5,117.82,20.05,20.0,3.4,2,No,61.97,589.1,118.11,470.99,141.14
ORD51634,CUST11634,2025-12-18,Beauty,North,Debit Card,Regular,18,8,105.8,21.03,72.38,3.5,4,No,73.52,846.4,178.0,668.4,7.86
ORD51635,CUST11635,2025-08-11,Sports,East,Debit Card,Wholesale,25,10,399.69,9.66,73.02,3.9,7,No,323.01,3996.9,386.1,3610.8,307.68
ORD51636,CUST11636,2025-06-07,Home & Kitchen,North,Net Banking,Wholesale,29,10,93.86,10.25,92.37,3.8,10,No,66.73,938.6,96.21,842.39,82.72
ORD51637,CUST11637,2024-10-21,Electronics,South,COD,Premium,36,5,352.29,3.12,91.2,3.8,4,No,192.12,1761.45,54.96,1706.49,654.69
ORD51638,CUST11638,2024-08-11,Beauty,Central,Credit Card,Wholesale,42,7,265.32,9.6,100.26,4.5,9,No,147.13,1857.24,178.3,1678.94,548.77
ORD51639,CUST11639,2025-06-08,Sports,South,COD,Regular,49,10,192.73,9.85,94.0,4.4,2,No,93.35,1927.3,189.84,1737.46,709.96
ORD51640,CUST11640,2024-02-15,Electronics,North,UPI,Regular,29,3,80.0,7.68,69.35,3.4,6,No,56.31,240.0,18.43,221.57,-16.71
ORD51641,CUST11641,2025-10-28,Electronics,Central,Credit Card,New,30,2,476.12,7.65,72.02,3.3,4,No,305.58,952.24,72.85,879.39,196.21
ORD51642,CUST11642,2024-04-22,Electronics,Central,Debit Card,New,45,6,98.73,0.12,87.62,3.2,6,No,51.97,592.38,0.71,591.67,192.23
ORD51643,CUST11643,2024-08-20,Electronics,South,Net Banking,Premium,18,5,336.82,2.61,112.71,3.4,10,No,179.94,1684.1,43.96,1640.14,627.73
ORD51644,CUST11644,2024-01-17,Home & Kitchen,East,Net Banking,Regular,23,9,115.69,12.31,93.83,4.5,9,No,52.45,1041.21,128.17,913.04,347.16
ORD51645,CUST11645,2024-12-25,Grocery,North,Debit Card,Regular,25,10,109.81,12.57,54.67,4.1,10,No,89.17,1098.1,138.03,960.07,13.7
ORD51646,CUST11646,2024-08-10,Home & Kitchen,West,UPI,Regular,21,4,279.95,15.38,52.28,4.6,9,Yes,211.74,1119.8,172.23,947.57,48.33
ORD51647,CUST11647,2025-11-30,Home & Kitchen,West,Debit Card,Premium,22,3,257.24,10.19,112.95,2.9,9,Yes,153.27,771.72,78.64,693.08,120.32
ORD51648,CUST11648,2025-03-23,Sports,South,UPI,Regular,42,9,86.12,12.08,124.08,4.2,9,No,68.9,775.08,93.63,681.45,-62.73
ORD51649,CUST11649,2024-12-30,Sports,North,Credit Card,New,39,8,461.23,20.75,138.2,4.2,3,No,323.11,3689.84,765.64,2924.2,201.12
ORD51650,CUST11650,2025-11-05,Grocery,North,Debit Card,Premium,45,6,158.55,11.63,67.91,4.8,9,No,115.43,951.3,110.64,840.66,80.17
ORD51651,CUST11651,2024-11-21,Sports,South,UPI,New,56,1,189.58,7.58,20.0,3.7,3,No,133.01,189.58,14.37,175.21,22.2
ORD51652,CUST11652,2025-04-11,Fashion,North,Credit Card,New,40,10,149.44,3.66,107.17,3.7,10,Yes,109.1,1494.4,54.7,1439.7,241.53
ORD51653,CUST11653,2025-02-17,Grocery,East,Debit Card,Premium,21,1,88.52,17.58,57.8,5.0,3,No,45.43,88.52,15.56,72.96,-30.27
ORD51654,CUST11654,2025-03-30,Sports,South,Net Banking,Wholesale,21,6,292.33,0.08,85.35,3.9,5,No,192.38,1753.98,1.4,1752.58,512.95
ORD51655,CUST11655,2025-08-08,Grocery,East,Debit Card,Wholesale,64,3,218.81,6.13,96.67,4.1,6,No,167.23,656.43,40.24,616.19,17.83
ORD51656,CUST11656,2024-08-20,Home & Kitchen,North,COD,New,38,3,107.41,14.93,114.91,4.3,9,No,49.11,322.23,48.11,274.12,11.88
ORD51657,CUST11657,2024-08-11,Home & Kitchen,South,Debit Card,Wholesale,54,6,334.85,0.0,130.19,,1,No,165.98,2009.1,0.0,2009.1,883.03
ORD51658,CUST11658,2025-02-15,Grocery,North,COD,Regular,58,3,187.85,7.7,142.63,4.0,8,No,101.61,563.55,43.39,520.16,72.7
ORD51659,CUST11659,2025-07-25,Fashion,South,Credit Card,Premium,19,10,190.5,12.9,149.37,3.2,4,No,106.5,1905.0,245.74,1659.26,444.89
ORD51660,CUST11660,2024-11-30,Fashion,North,Debit Card,New,24,6,575.21,9.32,94.68,3.9,10,No,297.73,3451.26,321.66,3129.6,1248.54
ORD51661,CUST11661,2024-08-09,Grocery,East,Credit Card,Regular,33,5,80.0,5.12,20.0,3.8,7,No,54.48,400.0,20.48,379.52,87.12
ORD51662,CUST11662,2024-02-06,Sports,East,Credit Card,Wholesale,34,4,80.0,7.85,62.57,3.7,6,No,44.7,320.0,25.12,294.88,53.51
ORD51663,CUST11663,2024-10-04,Beauty,North,UPI,Regular,37,8,80.0,17.72,153.37,4.4,6,No,40.68,640.0,113.41,526.59,47.78
ORD51664,CUST11664,2024-07-14,Fashion,South,Credit Card,Wholesale,40,2,229.61,24.82,96.69,4.1,7,No,180.28,459.22,113.98,345.24,-112.01
ORD51665,CUST11665,2025-04-28,Electronics,West,Credit Card,New,51,7,143.54,12.98,188.03,3.3,4,No,101.51,1004.78,130.42,874.36,-24.24
ORD51666,CUST11666,2024-08-29,Home & Kitchen,East,Debit Card,Regular,28,4,151.15,0.0,72.95,3.3,6,No,81.78,604.6,0.0,604.6,204.53
ORD51667,CUST11667,2024-11-19,Grocery,East,Debit Card,Premium,51,2,98.24,15.98,194.08,4.5,3,No,57.33,196.48,31.4,165.08,-143.66
ORD51668,CUST11668,2025-12-31,Electronics,West,Net Banking,New,50,7,535.08,9.23,89.93,,5,No,387.45,3745.56,345.72,3399.84,597.76
ORD51669,CUST11669,2024-07-10,Grocery,North,UPI,Regular,43,1,665.58,4.33,71.11,3.1,2,Yes,494.28,665.58,28.82,636.76,71.37
ORD51670,CUST11670,2024-01-17,Home & Kitchen,South,Credit Card,Regular,19,4,325.15,6.4,57.98,3.7,3,No,167.54,1300.6,83.24,1217.36,489.22
ORD51671,CUST11671,2025-06-07,Home & Kitchen,North,UPI,Wholesale,40,9,80.0,6.7,119.69,3.9,9,Yes,63.72,720.0,48.24,671.76,-21.41
ORD51672,CUST11672,2025-02-04,Fashion,Central,COD,New,58,4,132.09,2.12,26.41,3.2,6,Yes,97.82,528.36,11.2,517.16,99.47
ORD51673,CUST11673,2025-12-05,Fashion,East,Credit Card,New,39,3,310.4,11.56,65.26,3.6,3,No,238.08,931.2,107.65,823.55,44.05
ORD51674,CUST11674,2024-01-22,Electronics,Central,UPI,New,51,10,175.95,24.8,87.63,4.6,2,No,88.54,1759.5,436.36,1323.14,350.11
ORD51675,CUST11675,2025-04-18,Grocery,East,Net Banking,New,32,10,325.85,4.31,20.0,5.0,5,No,163.92,3258.5,140.44,3118.06,1458.86
ORD51676,CUST11676,2024-04-29,Home & Kitchen,East,Net Banking,Wholesale,27,2,407.92,24.58,85.62,4.2,10,No,229.65,815.84,200.53,615.31,70.39
ORD51677,CUST11677,2024-07-28,Electronics,Central,Credit Card,Premium,32,3,626.2,13.46,167.42,,5,No,296.77,1878.6,252.86,1625.74,568.01
ORD51678,CUST11678,2024-11-01,Beauty,Central,COD,New,59,1,118.43,11.35,109.44,3.9,1,No,57.28,118.43,13.44,104.99,-61.73
ORD51679,CUST11679,2024-09-26,Electronics,North,Net Banking,Wholesale,46,10,191.11,9.75,60.39,4.1,3,No,96.13,1911.1,186.33,1724.77,703.08
ORD51680,CUST11680,2025-12-04,Sports,Central,Net Banking,Premium,40,8,136.12,6.36,68.5,4.5,7,No,97.14,1088.96,69.26,1019.7,174.08
ORD51681,CUST11681,2025-11-17,Electronics,North,COD,Premium,34,1,80.0,14.04,105.17,4.5,9,No,36.89,80.0,11.23,68.77,-73.29
ORD51682,CUST11682,2024-10-11,Sports,North,UPI,Wholesale,26,3,286.01,15.65,67.02,4.9,5,No,137.51,858.03,134.28,723.75,244.2
ORD51683,CUST11683,2025-12-16,Sports,North,Net Banking,New,53,3,261.45,0.0,111.09,4.0,4,No,208.99,784.35,0.0,784.35,46.29
ORD51684,CUST11684,2025-11-06,Sports,East,Debit Card,Premium,26,2,127.05,29.8,65.75,4.0,3,No,61.11,254.1,75.72,178.38,-9.59
ORD51685,CUST11685,2024-08-14,Beauty,East,Net Banking,New,33,5,80.0,0.0,43.91,2.8,10,No,51.91,400.0,0.0,400.0,96.54
ORD51686,CUST11686,2025-01-15,Electronics,Central,UPI,New,53,10,141.22,8.34,143.14,3.3,9,Yes,97.12,1412.2,117.78,1294.42,180.08
ORD51687,CUST11687,2025-04-04,Electronics,East,UPI,Regular,65,3,291.56,0.0,121.91,3.1,7,No,234.61,874.68,0.0,874.68,48.94
ORD51688,CUST11688,2024-01-07,Beauty,Central,Credit Card,New,50,3,432.36,10.12,20.0,3.5,7,No,338.51,1297.08,131.26,1165.82,130.29
ORD51689,CUST11689,2024-01-29,Home & Kitchen,East,Debit Card,Regular,48,8,114.07,8.77,74.84,3.3,8,No,69.93,912.56,80.03,832.53,198.25
ORD51690,CUST11690,2024-02-02,Fashion,South,UPI,Premium,23,4,372.41,8.42,136.93,3.3,10,No,297.41,1489.64,125.43,1364.21,37.64
ORD51691,CUST11691,2025-10-07,Electronics,South,COD,Wholesale,27,4,271.67,14.13,82.52,4.7,1,No,165.7,1086.68,153.55,933.13,187.81
ORD51692,CUST11692,2024-03-19,Fashion,Central,Debit Card,Regular,33,3,237.13,10.29,63.88,2.7,4,No,165.49,711.39,73.2,638.19,77.84
ORD51693,CUST11693,2025-04-03,Grocery,East,Debit Card,Wholesale,21,1,80.0,15.77,78.64,3.9,5,No,43.68,80.0,12.62,67.38,-54.94
ORD51694,CUST11694,2025-07-23,Grocery,East,COD,Premium,39,8,80.43,3.34,94.99,4.6,5,No,55.14,643.44,21.49,621.95,85.84
ORD51695,CUST11695,2025-06-21,Beauty,North,Net Banking,New,30,1,105.63,12.54,81.92,3.8,1,No,68.57,105.63,13.25,92.38,-58.11
ORD51696,CUST11696,2025-04-26,Grocery,West,COD,Premium,33,7,146.62,7.58,86.28,4.9,3,No,98.9,1026.34,77.8,948.54,169.96
ORD51697,CUST11697,2025-03-05,Grocery,Central,COD,Wholesale,46,5,584.34,9.41,83.25,3.6,2,No,410.55,2921.7,274.93,2646.77,510.77
ORD51698,CUST11698,2024-10-11,Home & Kitchen,West,Net Banking,Premium,23,4,117.87,13.89,46.19,5.0,7,No,60.61,471.48,65.49,405.99,117.36
ORD51699,CUST11699,2025-05-30,Home & Kitchen,West,Net Banking,New,43,4,299.26,8.47,43.87,3.0,5,No,168.02,1197.04,101.39,1095.65,379.7
ORD51700,CUST11700,2024-04-08,Home & Kitchen,Central,Net Banking,Premium,28,8,134.01,11.26,40.95,4.9,3,No,96.81,1072.08,120.72,951.36,135.93
ORD51701,CUST11701,2025-01-31,Grocery,East,Net Banking,New,41,6,246.47,3.92,94.12,3.4,8,Yes,125.85,1478.82,57.97,1420.85,571.63
ORD51702,CUST11702,2025-05-03,Beauty,Central,Net Banking,Regular,46,1,174.0,19.67,116.22,4.9,1,No,100.46,174.0,34.23,139.77,-76.91
ORD51703,CUST11703,2024-02-08,Sports,West,COD,Wholesale,20,10,203.38,17.1,47.64,3.7,1,No,141.67,2033.8,347.78,1686.02,221.68
ORD51704,CUST11704,2024-09-27,Sports,East,Credit Card,New,27,8,230.5,12.7,22.49,4.7,6,No,183.69,1844.0,234.19,1609.81,117.8
ORD51705,CUST11705,2024-06-05,Fashion,South,Credit Card,New,18,2,154.14,10.3,50.79,4.8,1,No,73.66,308.28,31.75,276.53,78.42
ORD51706,CUST11706,2024-03-15,Sports,Central,UPI,Premium,60,6,231.23,11.27,153.11,3.6,4,No,148.25,1387.38,156.36,1231.02,188.41
ORD51707,CUST11707,2024-05-09,Sports,Central,Credit Card,Regular,43,9,404.25,19.52,75.91,4.7,6,Yes,194.16,3638.25,710.19,2928.06,1104.71
ORD51708,CUST11708,2025-11-17,Home & Kitchen,East,Credit Card,New,29,1,111.03,16.6,80.37,4.0,1,No,65.54,111.03,18.43,92.6,-53.31
ORD51709,CUST11709,2024-03-24,Home & Kitchen,South,COD,Regular,31,6,391.82,19.64,54.1,3.0,9,No,201.75,2350.92,461.72,1889.2,624.6
ORD51710,CUST11710,2024-01-22,Grocery,South,Net Banking,Regular,42,8,152.57,9.61,115.73,4.3,4,No,105.32,1220.56,117.3,1103.26,144.97
ORD51711,CUST11711,2025-04-03,Fashion,East,Net Banking,Premium,25,10,142.43,15.38,84.45,3.3,9,No,104.03,1424.3,219.06,1205.24,80.49
ORD51712,CUST11712,2025-06-22,Electronics,North,COD,New,60,2,285.63,20.32,57.3,,9,No,154.67,571.26,116.08,455.18,88.54
ORD51713,CUST11713,2025-12-07,Fashion,Central,Credit Card,Premium,21,5,145.22,5.52,43.61,3.4,6,No,103.65,726.1,40.08,686.02,124.16
ORD51714,CUST11714,2025-01-16,Fashion,Central,COD,Wholesale,45,6,223.06,5.08,107.0,4.2,7,No,137.25,1338.36,67.99,1270.37,339.87
ORD51715,CUST11715,2025-03-15,Beauty,West,UPI,Wholesale,24,5,209.92,13.93,101.88,3.4,1,No,116.49,1049.6,146.21,903.39,219.06
ORD51716,CUST11716,2025-08-26,Grocery,East,Net Banking,New,27,3,80.0,3.36,34.28,3.2,5,No,51.49,240.0,8.06,231.94,43.19
ORD51717,CUST11717,2024-01-21,Beauty,West,Debit Card,Regular,53,4,237.8,0.0,145.23,3.3,3,No,140.41,951.2,0.0,951.2,244.33
ORD51718,CUST11718,2024-10-29,Fashion,West,UPI,New,19,7,80.0,20.22,61.12,,10,No,42.81,560.0,113.23,446.77,85.98
ORD51719,CUST11719,2024-03-24,Fashion,South,UPI,New,43,4,80.0,21.44,,4.3,10,No,58.4,320.0,68.61,251.39,-2.21
ORD51720,CUST11720,2025-10-20,Fashion,Central,COD,Wholesale,31,9,230.03,3.74,158.79,4.6,6,No,171.39,2070.27,77.43,1992.84,291.54
ORD51721,CUST11721,2025-03-28,Sports,West,Credit Card,Wholesale,33,10,256.92,1.98,85.39,4.6,4,No,191.69,2569.2,50.87,2518.33,516.04
ORD51722,CUST11722,2025-01-21,Beauty,South,Net Banking,Regular,60,2,396.74,7.43,109.55,4.0,9,No,234.63,793.48,58.96,734.52,155.71
ORD51723,CUST11723,2025-05-21,Fashion,East,Debit Card,Regular,59,5,89.29,20.77,165.25,4.0,7,Yes,45.78,446.45,92.73,353.72,-40.43
ORD51724,CUST11724,2024-09-13,Home & Kitchen,West,UPI,New,34,8,111.96,9.12,44.88,3.9,4,No,85.2,895.68,81.69,813.99,87.51
ORD51725,CUST11725,2025-07-23,Grocery,Central,Debit Card,Premium,63,5,245.14,12.66,111.57,4.3,6,No,140.18,1225.7,155.17,1070.53,258.06
ORD51726,CUST11726,2025-06-10,Grocery,West,Credit Card,New,39,10,401.73,14.27,142.89,4.7,2,No,291.97,4017.3,573.27,3444.03,381.44
ORD51727,CUST11727,2024-06-10,Home & Kitchen,East,Credit Card,Regular,21,8,205.39,13.22,47.95,3.9,3,No,154.55,1643.12,217.22,1425.9,141.55
ORD51728,CUST11728,2024-06-11,Grocery,West,Debit Card,Premium,36,8,102.44,22.46,155.73,4.3,7,No,75.21,819.52,184.06,635.46,-121.95
ORD51729,CUST11729,2025-06-07,Sports,Central,Net Banking,Wholesale,19,9,482.59,6.96,26.59,3.2,4,No,286.77,4343.31,302.29,4041.02,1433.5
ORD51730,CUST11730,2024-09-27,Sports,South,Credit Card,Regular,56,10,152.85,11.28,85.71,4.6,10,No,121.83,1528.5,172.41,1356.09,52.08
ORD51731,CUST11731,2025-05-06,Electronics,Central,Debit Card,Regular,26,6,155.98,13.63,41.61,4.1,7,Yes,108.29,935.88,127.56,808.32,116.97
ORD51732,CUST11732,2024-07-26,Electronics,South,UPI,Premium,36,4,80.0,11.66,121.31,3.3,9,No,53.04,320.0,37.31,282.69,-50.78
ORD51733,CUST11733,2025-06-22,Electronics,North,Debit Card,Regular,33,3,290.23,3.47,46.56,4.7,5,No,205.55,870.69,30.21,840.48,177.27
ORD51734,CUST11734,2025-08-06,Grocery,Central,Debit Card,Regular,42,5,315.51,1.69,62.22,3.2,1,No,147.2,1577.55,26.66,1550.89,752.67
ORD51735,CUST11735,2024-02-29,Sports,Central,COD,Regular,65,6,114.57,1.55,50.45,2.5,5,No,68.11,687.42,10.66,676.76,217.65
ORD51736,CUST11736,2025-03-05,Sports,East,Credit Card,Regular,35,3,565.82,17.08,35.91,4.6,6,No,439.1,1697.46,289.93,1407.53,54.32
ORD51737,CUST11737,2025-10-18,Sports,West,Net Banking,Regular,40,2,123.76,6.26,55.49,4.3,2,No,63.07,247.52,15.49,232.03,50.4
ORD51738,CUST11738,2025-08-27,Home & Kitchen,South,Net Banking,Regular,38,7,272.17,15.28,87.96,3.2,8,No,164.21,1905.19,291.11,1614.08,376.65
ORD51739,CUST11739,2024-11-04,Sports,South,COD,Regular,28,5,209.64,12.61,85.49,4.2,2,No,125.77,1048.2,132.18,916.02,201.68
ORD51740,CUST11740,2025-06-03,Home & Kitchen,East,Net Banking,Regular,56,9,80.0,5.18,80.26,4.8,9,No,46.54,720.0,37.3,682.7,183.58
ORD51741,CUST11741,2025-08-13,Electronics,East,Debit Card,Wholesale,58,3,258.15,5.35,60.01,4.2,2,No,169.88,774.45,41.43,733.02,163.37
ORD51742,CUST11742,2024-01-27,Electronics,West,COD,Regular,21,8,243.52,12.94,73.98,5.0,3,No,199.34,1948.16,252.09,1696.07,27.37
ORD51743,CUST11743,2025-11-16,Grocery,West,UPI,Wholesale,42,6,80.0,12.54,20.0,3.4,8,No,43.57,480.0,60.19,419.81,138.39
ORD51744,CUST11744,2025-07-15,Electronics,Central,Credit Card,Wholesale,49,4,488.56,15.44,58.55,2.5,6,No,347.29,1954.24,301.73,1652.51,204.8
ORD51745,CUST11745,2024-07-17,Grocery,North,Credit Card,New,47,9,244.16,8.8,80.02,3.1,1,No,178.35,2197.44,193.37,2004.07,318.9
ORD51746,CUST11746,2025-01-21,Fashion,West,Credit Card,New,62,5,405.7,6.07,103.25,2.5,4,No,270.3,2028.5,123.13,1905.37,450.62
ORD51747,CUST11747,2024-12-14,Fashion,East,Debit Card,Wholesale,43,10,80.0,12.77,97.75,5.0,5,No,38.89,800.0,102.16,697.84,211.19
ORD51748,CUST11748,2025-11-23,Beauty,West,UPI,Wholesale,53,6,138.83,21.94,34.74,4.0,3,No,91.87,832.98,182.76,650.22,64.26
ORD51749,CUST11749,2025-06-19,Grocery,South,COD,Regular,51,9,390.49,0.0,109.25,5.0,1,No,313.48,3514.41,0.0,3514.41,583.84
ORD51750,CUST11750,2025-01-12,Beauty,North,COD,New,26,7,80.0,6.41,95.5,3.8,3,No,46.12,560.0,35.9,524.1,105.76
ORD51751,CUST11751,2025-07-11,Beauty,Central,Credit Card,Premium,29,5,141.5,16.13,154.81,3.4,9,No,97.17,707.5,114.12,593.38,-47.28
ORD51752,CUST11752,2025-06-10,Fashion,South,UPI,New,19,2,236.09,13.52,22.75,2.9,2,No,190.05,472.18,63.84,408.34,5.49
ORD51753,CUST11753,2024-06-01,Grocery,South,UPI,Wholesale,55,4,80.0,16.24,83.86,3.7,1,No,59.62,320.0,51.97,268.03,-54.31
ORD51754,CUST11754,2024-07-24,Fashion,North,UPI,Wholesale,22,2,80.0,8.99,136.41,4.5,7,No,56.37,160.0,14.38,145.62,-103.53
ORD51755,CUST11755,2025-03-30,Beauty,Central,Net Banking,Regular,22,3,445.12,0.72,76.66,3.9,7,No,360.25,1335.36,9.61,1325.75,168.34
ORD51756,CUST11756,2024-09-29,Grocery,East,Net Banking,Regular,39,10,188.46,23.7,48.89,3.0,5,No,96.7,1884.6,446.65,1437.95,422.06
ORD51757,CUST11757,2024-08-23,Beauty,Central,Credit Card,New,22,3,389.5,19.59,53.28,4.4,2,No,286.64,1168.5,228.91,939.59,26.39
ORD51758,CUST11758,2025-06-04,Sports,West,UPI,Regular,21,4,204.05,11.83,125.32,4.5,1,Yes,122.54,816.2,96.56,719.64,104.16
ORD51759,CUST11759,2025-11-08,Grocery,South,UPI,Premium,26,6,894.56,6.11,20.34,3.7,5,No,521.85,5367.36,327.95,5039.41,1887.97
ORD51760,CUST11760,2025-12-26,Grocery,West,COD,Premium,46,3,241.09,8.57,75.0,3.6,10,No,154.94,723.27,61.98,661.29,121.47
ORD51761,CUST11761,2025-05-15,Beauty,East,COD,Regular,39,10,413.79,13.6,50.58,2.9,4,No,191.37,4137.9,562.75,3575.15,1610.87
ORD51762,CUST11762,2024-04-26,Sports,West,Credit Card,Premium,44,1,154.48,10.24,53.96,4.4,9,No,87.38,154.48,15.82,138.66,-2.68
ORD51763,CUST11763,2025-01-20,Home & Kitchen,Central,UPI,Premium,27,1,207.88,11.9,109.87,3.7,5,No,106.33,207.88,24.74,183.14,-33.06
ORD51764,CUST11764,2024-12-09,Fashion,West,Credit Card,New,33,9,275.12,23.27,72.21,2.3,10,No,137.92,2476.08,576.18,1899.9,586.41
ORD51765,CUST11765,2025-08-06,Beauty,East,COD,Premium,59,9,306.46,18.47,100.49,3.0,2,No,176.16,2758.14,509.43,2248.71,562.78
ORD51766,CUST11766,2025-01-29,Grocery,East,COD,Wholesale,59,5,176.74,3.8,34.11,4.4,4,Yes,132.0,883.7,33.58,850.12,156.01
ORD51767,CUST11767,2024-03-04,Fashion,East,Net Banking,Wholesale,27,9,181.6,12.54,127.35,3.8,9,No,95.23,1634.4,204.95,1429.45,445.03
ORD51768,CUST11768,2025-12-17,Fashion,Central,Credit Card,New,23,7,251.2,8.36,99.57,3.3,8,No,162.43,1758.4,147.0,1611.4,374.82
ORD51769,CUST11769,2025-12-21,Fashion,East,Credit Card,Regular,22,9,251.09,14.09,145.71,4.0,3,No,182.54,2259.81,318.41,1941.4,152.83
ORD51770,CUST11770,2024-03-12,Home & Kitchen,South,UPI,New,23,7,93.1,11.56,71.69,3.5,8,No,50.2,651.7,75.34,576.36,153.27
ORD51771,CUST11771,2024-09-30,Electronics,East,UPI,Regular,64,9,209.81,32.77,110.23,3.6,2,No,166.16,1888.29,618.79,1269.5,-336.17
ORD51772,CUST11772,2024-11-15,Beauty,West,Net Banking,Regular,42,2,223.3,15.0,125.25,3.8,3,No,172.08,446.6,66.99,379.61,-89.8
ORD51773,CUST11773,2024-12-03,Electronics,West,Debit Card,Regular,21,8,96.1,11.06,109.35,5.0,5,No,52.18,768.8,85.03,683.77,156.98
ORD51774,CUST11774,2024-12-31,Electronics,West,Debit Card,Regular,57,7,326.64,24.9,166.4,5.0,10,No,266.59,2286.48,569.33,1717.15,-315.38
ORD51775,CUST11775,2025-05-09,Electronics,Central,Debit Card,Regular,65,6,237.05,13.44,20.0,2.7,10,Yes,165.36,1422.3,191.16,1231.14,218.98
ORD51776,CUST11776,2025-08-29,Fashion,West,Credit Card,New,49,5,824.62,1.37,97.86,4.0,8,No,458.37,4123.1,56.49,4066.61,1676.9
ORD51777,CUST11777,2024-06-14,Sports,Central,Credit Card,Regular,52,4,178.23,11.13,71.74,3.1,1,No,125.11,712.92,79.35,633.57,61.39
ORD51778,CUST11778,2025-06-27,Fashion,Central,COD,Premium,27,7,379.35,16.3,68.5,3.3,4,No,264.22,2655.45,432.84,2222.61,304.57
ORD51779,CUST11779,2024-01-11,Fashion,East,Credit Card,Premium,51,3,257.35,15.39,157.21,2.8,1,No,173.53,772.05,118.82,653.23,-24.57
ORD51780,CUST11780,2024-10-27,Grocery,South,Credit Card,Regular,53,8,632.03,19.04,62.09,,1,No,450.84,5056.24,962.71,4093.53,424.72
ORD51781,CUST11781,2025-12-29,Grocery,East,Credit Card,Premium,23,2,96.5,13.08,128.38,3.2,5,No,53.01,193.0,25.24,167.76,-66.64
ORD51782,CUST11782,2024-04-11,Electronics,East,Net Banking,Wholesale,60,1,131.37,12.58,42.57,4.7,6,No,106.7,131.37,16.53,114.84,-34.43
ORD51783,CUST11783,2025-02-28,Fashion,Central,Credit Card,New,63,2,98.67,2.18,135.88,3.5,1,No,75.72,197.34,4.3,193.04,-94.28
ORD51784,CUST11784,2025-01-26,Electronics,Central,UPI,New,33,9,172.32,22.7,88.99,2.7,6,No,125.09,1550.88,352.05,1198.83,-15.97
ORD51785,CUST11785,2024-08-01,Grocery,West,UPI,Regular,36,5,87.26,9.86,77.28,4.0,5,No,40.12,436.3,43.02,393.28,115.4
ORD51786,CUST11786,2025-11-21,Sports,West,COD,Regular,51,8,80.0,5.14,20.85,3.9,4,No,53.48,640.0,32.9,607.1,158.41
ORD51787,CUST11787,2024-03-28,Beauty,East,Net Banking,Wholesale,42,3,80.0,30.4,77.37,3.8,10,No,56.91,240.0,72.96,167.04,-81.06
ORD51788,CUST11788,2025-07-06,Electronics,North,UPI,Regular,48,7,80.0,23.76,59.1,4.4,5,No,61.28,560.0,133.06,426.94,-61.12
ORD51789,CUST11789,2025-02-04,Sports,North,Net Banking,Premium,58,2,277.73,8.87,168.64,4.8,8,No,222.21,555.46,49.27,506.19,-106.87
ORD51790,CUST11790,2025-08-10,Beauty,West,Net Banking,Wholesale,34,8,134.82,0.0,92.32,3.8,9,No,106.35,1078.56,0.0,1078.56,135.44
ORD51791,CUST11791,2024-02-15,Home & Kitchen,North,COD,Premium,64,7,81.29,6.97,63.16,4.2,2,No,48.79,569.03,39.66,529.37,124.68
ORD51792,CUST11792,2025-11-02,Electronics,West,Net Banking,New,47,5,118.11,23.05,61.25,3.8,6,No,92.33,590.55,136.12,454.43,-68.47
ORD51793,CUST11793,2025-04-07,Electronics,Central,Credit Card,Premium,56,4,128.62,13.24,28.8,4.3,3,Yes,57.91,514.48,68.12,446.36,185.92
ORD51794,CUST11794,2025-08-14,Home & Kitchen,East,Net Banking,New,48,1,96.84,2.55,158.5,3.0,2,No,56.17,96.84,2.47,94.37,-120.3
ORD51795,CUST11795,2024-11-05,Home & Kitchen,South,COD,Premium,36,5,514.71,17.49,146.53,4.4,1,No,253.31,2573.55,450.11,2123.44,710.36
ORD51796,CUST11796,2024-03-26,Electronics,East,COD,New,52,9,455.29,10.53,86.99,4.2,4,No,353.64,4097.61,431.48,3666.13,396.38
ORD51797,CUST11797,2024-04-01,Home & Kitchen,West,COD,Regular,46,10,509.04,7.46,188.07,3.4,8,No,403.85,5090.4,379.74,4710.66,484.09
ORD51798,CUST11798,2025-10-21,Fashion,West,UPI,Premium,18,4,203.67,7.99,89.41,5.0,3,No,110.94,814.68,65.09,749.59,216.42
ORD51799,CUST11799,2025-11-03,Beauty,East,Credit Card,New,21,9,217.52,21.14,139.34,3.1,5,No,127.45,1957.68,413.85,1543.83,257.44
ORD51800,CUST11800,2025-12-14,Beauty,West,UPI,Premium,45,2,118.61,15.83,115.48,4.2,10,No,96.55,237.22,37.55,199.67,-108.91
ORD51801,CUST11801,2024-08-29,Beauty,North,Debit Card,Wholesale,35,4,104.52,1.6,64.15,3.4,5,No,68.93,418.08,6.69,411.39,71.52
ORD51802,CUST11802,2024-01-02,Fashion,North,Credit Card,Regular,43,9,183.85,14.57,98.21,4.4,5,No,116.54,1654.65,241.08,1413.57,266.5
ORD51803,CUST11803,2024-08-12,Home & Kitchen,West,Net Banking,New,57,4,277.0,12.75,106.77,5.0,9,No,175.94,1108.0,141.27,966.73,156.2
ORD51804,CUST11804,2025-08-11,Sports,West,COD,Wholesale,36,5,394.35,9.06,31.31,4.5,8,No,279.04,1971.75,178.64,1793.11,366.6
ORD51805,CUST11805,2024-04-25,Home & Kitchen,North,Debit Card,Premium,23,8,127.12,9.43,102.96,3.9,8,No,102.1,1016.96,95.9,921.06,1.3
ORD51806,CUST11806,2025-10-27,Electronics,West,Credit Card,Wholesale,18,1,80.3,5.94,141.34,4.6,1,No,47.03,80.3,4.77,75.53,-112.84
ORD51807,CUST11807,2024-04-12,Grocery,West,UPI,Premium,25,1,292.1,7.36,58.88,3.6,1,No,150.11,292.1,21.5,270.6,61.61
ORD51808,CUST11808,2024-07-12,Beauty,East,COD,Regular,50,9,80.0,14.03,80.53,4.3,2,No,41.48,720.0,101.02,618.98,165.13
ORD51809,CUST11809,2024-06-14,Home & Kitchen,South,UPI,Wholesale,60,9,176.71,10.06,40.07,4.1,8,No,80.85,1590.39,159.99,1430.4,662.68
ORD51810,CUST11810,2024-03-30,Sports,North,Credit Card,Regular,38,4,192.11,15.82,68.27,3.2,10,No,125.93,768.44,121.57,646.87,74.88
ORD51811,CUST11811,2025-11-16,Electronics,East,Credit Card,New,41,2,141.71,6.51,71.77,5.0,1,No,112.49,283.42,18.45,264.97,-31.78
ORD51812,CUST11812,2024-05-01,Fashion,South,Debit Card,Premium,42,9,80.0,16.95,161.02,4.8,4,No,57.11,720.0,122.04,597.96,-77.05
ORD51813,CUST11813,2024-05-22,Fashion,West,Net Banking,Premium,64,4,142.93,21.2,75.73,3.4,9,No,116.83,571.72,121.2,450.52,-92.53
ORD51814,CUST11814,2024-04-15,Sports,West,UPI,Regular,60,6,527.24,11.95,66.14,4.7,2,No,414.69,3163.44,378.03,2785.41,231.13
ORD51815,CUST11815,2025-03-03,Electronics,East,Debit Card,Regular,36,1,266.3,15.64,85.77,3.2,3,No,168.3,266.3,41.65,224.65,-29.42
ORD51816,CUST11816,2024-10-31,Beauty,West,COD,New,46,9,385.72,15.92,20.0,4.3,6,Yes,243.01,3471.48,552.66,2918.82,711.73
ORD51817,CUST11817,2024-11-12,Home & Kitchen,Central,Net Banking,Wholesale,27,5,82.17,8.49,20.0,4.0,10,No,56.08,410.85,34.88,375.97,75.57
ORD51818,CUST11818,2025-09-26,Electronics,East,Debit Card,Premium,29,3,214.05,15.94,27.8,5.0,3,No,105.11,642.15,102.36,539.79,196.66
ORD51819,CUST11819,2024-01-09,Fashion,South,UPI,Premium,50,4,191.99,0.0,104.58,4.2,4,No,129.56,767.96,0.0,767.96,145.14
ORD51820,CUST11820,2024-03-13,Sports,East,Credit Card,New,24,1,194.42,0.0,89.88,3.0,9,No,120.87,194.42,0.0,194.42,-16.33
ORD51821,CUST11821,2024-12-24,Sports,North,COD,New,34,9,260.16,9.69,129.11,4.7,9,Yes,178.94,2341.44,226.89,2114.55,374.98
ORD51822,CUST11822,2024-08-10,Home & Kitchen,East,UPI,Regular,27,8,199.49,16.43,21.58,3.7,10,Yes,131.49,1595.92,262.21,1333.71,260.21
ORD51823,CUST11823,2025-02-19,Sports,West,Net Banking,Regular,48,4,83.67,11.4,80.82,3.7,5,No,47.26,334.68,38.15,296.53,26.67
ORD51824,CUST11824,2025-07-06,Sports,West,Net Banking,Wholesale,23,2,270.05,17.22,20.0,4.0,7,No,182.25,540.1,93.01,447.09,62.59
ORD51825,CUST11825,2025-01-04,Electronics,Central,Credit Card,New,34,9,313.12,3.59,102.03,3.6,9,No,183.31,2818.08,101.17,2716.91,965.09
ORD51826,CUST11826,2025-12-16,Beauty,Central,Credit Card,Wholesale,54,4,427.37,18.18,27.99,5.0,8,No,223.09,1709.48,310.78,1398.7,478.35
ORD51827,CUST11827,2024-09-20,Home & Kitchen,Central,COD,New,35,9,439.82,23.4,79.05,4.5,7,No,307.78,3958.38,926.26,3032.12,183.05
ORD51828,CUST11828,2025-11-20,Electronics,South,COD,Premium,43,10,247.07,7.13,99.29,3.3,8,No,139.19,2470.7,176.16,2294.54,803.35
ORD51829,CUST11829,2024-11-13,Beauty,Central,Credit Card,New,33,3,86.24,17.4,72.4,3.5,5,No,67.18,258.72,45.02,213.7,-60.24
ORD51830,CUST11830,2024-03-24,Electronics,South,Credit Card,New,25,7,80.0,12.16,20.0,3.1,5,No,41.9,560.0,68.1,491.9,178.6
ORD51831,CUST11831,2024-11-13,Grocery,Central,Net Banking,Premium,41,7,156.4,15.09,164.8,4.6,5,No,105.11,1094.8,165.21,929.59,29.02
ORD51832,CUST11832,2024-04-20,Electronics,South,Credit Card,New,30,10,329.53,23.39,67.62,4.0,1,No,217.98,3295.3,770.77,2524.53,277.11
ORD51833,CUST11833,2024-09-07,Sports,East,Debit Card,Wholesale,46,4,316.01,14.29,20.0,3.4,6,No,165.33,1264.04,180.63,1083.41,402.09
ORD51834,CUST11834,2025-01-17,Beauty,East,UPI,Regular,49,2,216.61,17.35,124.25,5.0,5,No,132.73,433.22,75.16,358.06,-31.65
ORD51835,CUST11835,2024-01-07,Home & Kitchen,West,Credit Card,Regular,41,9,177.02,3.16,125.94,4.3,8,No,123.91,1593.18,50.34,1542.84,301.71
ORD51836,CUST11836,2025-04-03,Home & Kitchen,South,COD,Wholesale,33,4,624.8,17.14,76.4,4.1,8,No,354.8,2499.2,428.36,2070.84,575.24
ORD51837,CUST11837,2024-03-24,Beauty,North,Debit Card,Premium,28,8,263.25,23.27,159.13,4.1,2,No,129.55,2106.0,490.07,1615.93,420.4
ORD51838,CUST11838,2024-07-26,Sports,West,COD,New,49,2,171.28,5.54,56.67,3.1,6,No,116.07,342.56,18.98,323.58,34.77
ORD51839,CUST11839,2025-01-24,Fashion,East,Debit Card,Wholesale,23,8,119.16,9.74,97.9,4.4,10,No,63.5,953.28,92.85,860.43,254.53
ORD51840,CUST11840,2024-11-09,Electronics,South,Credit Card,Regular,52,10,94.1,16.8,112.99,3.7,10,No,66.07,941.0,158.09,782.91,9.22
ORD51841,CUST11841,2024-01-22,Sports,Central,UPI,Regular,50,5,88.27,15.13,158.13,4.6,6,No,67.14,441.35,66.78,374.57,-119.26
ORD51842,CUST11842,2025-02-13,Grocery,North,COD,Wholesale,35,7,94.11,2.48,20.0,4.4,3,No,46.64,658.77,16.34,642.43,295.95
ORD51843,CUST11843,2025-05-29,Beauty,East,Debit Card,Regular,54,7,217.59,13.15,193.13,4.0,1,No,133.15,1523.13,200.29,1322.84,197.66
ORD51844,CUST11844,2024-05-06,Electronics,West,Net Banking,Wholesale,30,9,179.16,9.67,142.82,3.9,7,No,110.12,1612.44,155.92,1456.52,322.62
ORD51845,CUST11845,2025-11-30,Home & Kitchen,South,Credit Card,Regular,27,3,146.67,5.22,110.23,5.0,10,Yes,100.33,440.01,22.97,417.04,5.82
ORD51846,CUST11846,2024-01-14,Fashion,North,UPI,Wholesale,54,10,292.57,21.5,54.02,3.1,5,No,167.86,2925.7,629.03,2296.67,564.05
ORD51847,CUST11847,2024-01-12,Grocery,South,Credit Card,New,43,4,587.55,12.04,50.23,3.6,10,Yes,355.39,2350.2,282.96,2067.24,595.45
ORD51848,CUST11848,2024-03-27,Home & Kitchen,Central,Net Banking,New,63,10,106.15,18.88,102.95,4.7,5,No,48.24,1061.5,200.41,861.09,275.74
ORD51849,CUST11849,2025-06-07,Beauty,West,UPI,New,34,4,116.95,3.79,112.22,5.0,8,No,57.93,467.8,17.73,450.07,106.13
ORD51850,CUST11850,2025-06-20,Electronics,South,Net Banking,New,18,10,80.0,16.12,106.42,3.9,5,No,52.87,800.0,128.96,671.04,35.92
ORD51851,CUST11851,2024-10-27,Beauty,East,Credit Card,Regular,42,5,178.2,19.43,97.19,3.5,5,No,94.42,891.0,173.12,717.88,148.59
ORD51852,CUST11852,2024-08-30,Electronics,West,Debit Card,Premium,51,6,166.84,10.3,109.44,3.6,1,No,84.0,1001.04,103.11,897.93,284.49
ORD51853,CUST11853,2024-05-01,Sports,East,Credit Card,Wholesale,56,3,323.86,8.52,20.0,3.1,2,Yes,184.61,971.58,82.78,888.8,314.97
ORD51854,CUST11854,2024-05-26,Fashion,South,Credit Card,Premium,27,4,171.33,2.87,78.03,5.0,5,No,87.47,685.32,19.67,665.65,237.74
ORD51855,CUST11855,2025-07-20,Sports,West,Credit Card,Regular,37,3,123.68,5.92,27.75,3.9,7,No,58.38,371.04,21.97,349.07,146.18
ORD51856,CUST11856,2024-12-21,Sports,East,COD,Regular,24,2,205.46,8.83,88.18,4.3,3,No,114.04,410.92,36.28,374.64,58.38
ORD51857,CUST11857,2025-11-15,Beauty,Central,Net Banking,Premium,33,10,260.37,5.17,148.79,4.3,1,No,133.0,2603.7,134.61,2469.09,990.3
ORD51858,CUST11858,2025-09-22,Fashion,Central,Net Banking,Premium,54,9,80.0,6.62,49.11,5.0,2,No,59.66,720.0,47.66,672.34,86.29
ORD51859,CUST11859,2024-11-04,Electronics,South,Net Banking,Regular,46,1,348.79,,58.08,3.7,3,No,165.04,348.79,45.73,303.06,79.94
ORD51860,CUST11860,2025-11-25,Electronics,West,COD,Regular,29,2,423.73,13.94,51.77,3.8,9,No,307.86,847.46,118.14,729.32,61.83
ORD51861,CUST11861,2024-10-14,Grocery,North,Debit Card,Wholesale,34,8,258.75,19.64,57.78,4.5,8,No,153.09,2070.0,406.55,1663.45,380.95
ORD51862,CUST11862,2024-11-02,Home & Kitchen,West,Credit Card,New,65,7,98.74,,114.93,2.8,4,No,69.11,691.18,46.1,645.08,46.38
ORD51863,CUST11863,2025-08-16,Grocery,Central,Debit Card,New,37,1,146.65,12.16,125.42,5.0,8,Yes,68.85,146.65,17.83,128.82,-65.45
ORD51864,CUST11864,2025-12-23,Grocery,East,COD,Wholesale,43,5,391.06,9.08,156.11,5.0,9,No,309.2,1955.3,177.54,1777.76,75.65
ORD51865,CUST11865,2025-10-23,Electronics,North,Net Banking,Premium,65,10,95.98,8.58,44.77,4.2,3,No,70.44,959.8,82.35,877.45,128.28
ORD51866,CUST11866,2025-07-02,Beauty,South,Credit Card,Regular,36,6,272.77,9.79,120.78,3.4,6,No,136.89,1636.62,160.23,1476.39,534.27
ORD51867,CUST11867,2024-12-17,Sports,North,UPI,Premium,64,5,175.39,10.63,128.27,4.6,8,No,93.12,876.95,93.22,783.73,189.86
ORD51868,CUST11868,2024-11-07,Sports,South,UPI,New,29,4,201.17,13.75,164.4,3.9,10,No,138.46,804.68,110.64,694.04,-24.2
ORD51869,CUST11869,2024-02-28,Sports,North,Debit Card,New,38,1,105.29,9.69,48.13,4.1,7,No,83.28,105.29,10.2,95.09,-36.32
ORD51870,CUST11870,2025-10-04,Fashion,South,Net Banking,Premium,59,7,224.74,20.59,20.0,4.1,9,No,138.21,1573.18,323.92,1249.26,261.79
ORD51871,CUST11871,2025-12-14,Electronics,South,UPI,New,51,9,214.52,0.07,77.52,3.6,7,No,135.08,1930.68,1.35,1929.33,636.09
ORD51872,CUST11872,2024-02-04,Beauty,North,Debit Card,Regular,24,6,80.0,19.38,216.39,4.2,1,No,43.04,480.0,93.02,386.98,-87.65
ORD51873,CUST11873,2025-03-20,Fashion,North,COD,Wholesale,62,3,180.75,9.42,40.71,3.0,9,No,106.95,542.25,51.08,491.17,129.61
ORD51874,CUST11874,2024-04-02,Home & Kitchen,South,Debit Card,Premium,52,10,270.17,10.68,111.91,2.6,5,No,150.17,2701.7,288.54,2413.16,799.55
ORD51875,CUST11875,2024-07-25,Beauty,Central,Debit Card,Regular,32,4,141.11,11.93,20.0,4.2,6,No,81.8,564.44,67.34,497.1,149.9
ORD51876,CUST11876,2024-12-18,Grocery,North,Debit Card,Regular,18,10,80.0,16.94,171.67,4.7,2,No,36.61,800.0,135.52,664.48,126.71
ORD51877,CUST11877,2024-11-27,Beauty,West,Credit Card,New,43,5,168.24,5.84,20.0,3.7,2,No,78.26,841.2,49.13,792.07,380.77
ORD51878,CUST11878,2025-12-25,Beauty,East,Debit Card,Regular,52,1,470.22,7.4,20.0,3.6,4,No,330.03,470.22,34.8,435.42,85.39
ORD51879,CUST11879,2024-06-07,Sports,South,Debit Card,Premium,42,5,144.91,15.5,94.45,4.4,4,No,101.77,724.55,112.31,612.24,8.94
ORD51880,CUST11880,2024-01-24,Beauty,South,Credit Card,Regular,59,1,458.8,0.11,95.33,4.0,5,No,262.52,458.8,0.5,458.3,100.45
ORD51881,CUST11881,2025-02-07,Grocery,East,Credit Card,Wholesale,32,9,106.91,11.76,153.87,3.6,7,No,83.14,962.19,113.15,849.04,-53.09
ORD51882,CUST11882,2025-05-30,Grocery,Central,COD,Regular,39,7,85.23,6.42,128.23,4.2,1,No,46.75,596.61,38.3,558.31,102.83
ORD51883,CUST11883,2024-12-29,Electronics,East,Net Banking,Regular,23,3,180.67,4.94,20.0,4.0,10,No,107.76,542.01,26.78,515.23,171.95
ORD51884,CUST11884,2025-01-16,Beauty,North,UPI,Wholesale,32,9,106.2,0.53,83.17,3.2,4,No,76.53,955.8,5.07,950.73,178.79
ORD51885,CUST11885,2025-06-15,Sports,East,UPI,Regular,41,2,224.62,17.41,58.63,3.9,9,No,162.88,449.24,78.21,371.03,-13.36
ORD51886,CUST11886,2024-05-31,Beauty,South,Debit Card,Regular,38,7,142.28,13.11,29.92,4.1,8,No,109.36,995.96,130.57,865.39,69.95
ORD51887,CUST11887,2025-07-15,Home & Kitchen,East,COD,New,24,9,472.5,7.29,109.52,3.7,3,Yes,217.71,4252.5,310.01,3942.49,1873.58
ORD51888,CUST11888,2025-11-19,Home & Kitchen,West,Debit Card,Premium,46,6,136.04,10.85,136.93,4.6,6,No,70.47,816.24,88.56,727.68,167.93
ORD51889,CUST11889,2025-08-30,Sports,North,UPI,New,49,10,192.16,4.35,53.76,4.3,9,No,132.02,1921.6,83.59,1838.01,464.05
ORD51890,CUST11890,2025-09-08,Electronics,East,Credit Card,Premium,49,5,267.1,8.25,75.02,3.8,8,No,153.62,1335.5,110.18,1225.32,382.2
ORD51891,CUST11891,2025-02-23,Electronics,South,Net Banking,Wholesale,22,7,337.51,10.61,78.02,4.1,7,No,157.32,2362.57,250.67,2111.9,932.64
ORD51892,CUST11892,2024-09-06,Grocery,North,COD,Wholesale,21,6,474.27,12.45,60.25,3.8,7,No,316.33,2845.62,354.28,2491.34,533.11
ORD51893,CUST11893,2024-04-26,Grocery,South,Credit Card,Wholesale,39,5,155.61,14.74,70.77,3.9,1,No,92.66,778.05,114.68,663.37,129.3
ORD51894,CUST11894,2025-05-26,Fashion,Central,Net Banking,Premium,35,2,139.83,0.0,60.22,3.9,5,No,81.76,279.66,0.0,279.66,55.92
ORD51895,CUST11895,2025-07-31,Sports,West,COD,Premium,52,8,80.0,14.77,95.61,2.8,7,No,43.83,640.0,94.53,545.47,99.22
ORD51896,CUST11896,2024-11-30,Beauty,Central,COD,Premium,34,7,683.42,0.0,63.61,4.0,2,No,309.06,4783.94,0.0,4783.94,2556.91
ORD51897,CUST11897,2025-02-21,Sports,West,UPI,Wholesale,41,6,229.21,15.02,,4.2,6,No,118.61,1375.26,206.56,1168.7,347.82
ORD51898,CUST11898,2024-10-21,Fashion,East,Credit Card,Premium,19,5,295.5,10.51,63.45,5.0,2,No,184.83,1477.5,155.29,1322.21,334.61
ORD51899,CUST11899,2025-01-05,Grocery,North,COD,Regular,30,5,260.14,19.64,119.1,4.3,3,No,143.6,1300.7,255.46,1045.24,208.14
ORD51900,CUST11900,2024-07-04,Sports,East,COD,New,32,9,187.2,7.28,62.47,3.6,1,No,144.8,1684.8,122.65,1562.15,196.48
ORD51901,CUST11901,2024-09-02,Sports,West,Net Banking,Wholesale,22,1,227.63,17.47,117.26,2.9,3,No,114.48,227.63,39.77,187.86,-43.88
ORD51902,CUST11902,2025-09-28,Grocery,West,UPI,New,20,9,125.99,3.83,51.81,3.3,7,No,97.5,1133.91,43.43,1090.48,161.17
ORD51903,CUST11903,2024-09-24,Fashion,West,Debit Card,Regular,54,6,148.95,12.74,129.84,3.7,5,Yes,89.34,893.7,113.86,779.84,113.96
ORD51904,CUST11904,2025-10-04,Grocery,South,UPI,Premium,54,4,97.75,0.0,20.0,3.7,4,No,53.96,391.0,0.0,391.0,155.16
ORD51905,CUST11905,2024-08-24,Electronics,North,Debit Card,New,54,10,498.8,18.18,89.74,3.8,8,No,280.62,4988.0,906.82,4081.18,1185.24
ORD51906,CUST11906,2025-06-13,Beauty,East,Credit Card,Regular,20,7,261.12,24.09,64.48,3.7,8,Yes,149.39,1827.84,440.33,1387.51,277.3
ORD51907,CUST11907,2025-07-05,Grocery,East,Credit Card,Regular,52,9,654.92,7.11,87.92,3.8,1,No,417.46,5894.28,419.08,5475.2,1630.14
ORD51908,CUST11908,2024-01-21,Fashion,Central,COD,New,40,5,806.46,12.86,36.63,3.7,9,No,468.5,4032.3,518.55,3513.75,1134.62
ORD51909,CUST11909,2025-06-03,Home & Kitchen,West,Credit Card,Wholesale,45,5,80.0,15.11,81.24,4.0,9,No,55.16,400.0,60.44,339.56,-17.48
ORD51910,CUST11910,2024-04-09,Electronics,West,COD,New,47,8,343.92,1.15,,3.4,2,No,208.87,2751.36,31.64,2719.72,1008.68
ORD51911,CUST11911,2025-04-22,Home & Kitchen,West,UPI,Wholesale,35,7,80.0,6.76,79.28,3.2,2,No,55.88,560.0,37.86,522.14,51.7
ORD51912,CUST11912,2025-08-21,Grocery,East,Credit Card,Premium,53,8,203.43,6.32,75.1,3.8,8,No,137.04,1627.44,102.85,1524.59,353.17
ORD51913,CUST11913,2024-10-24,Electronics,Central,UPI,Wholesale,50,10,222.42,28.85,104.85,4.3,6,No,120.21,2224.2,641.68,1582.52,275.57
ORD51914,CUST11914,2025-06-09,Beauty,South,UPI,Premium,43,2,80.0,19.32,92.96,3.3,3,No,60.06,160.0,30.91,129.09,-83.99
ORD51915,CUST11915,2024-11-29,Grocery,North,Credit Card,New,65,9,112.24,10.48,174.52,3.6,2,No,83.69,1010.16,105.86,904.3,-23.43
ORD51916,CUST11916,2024-01-02,Beauty,South,UPI,Premium,57,3,229.12,17.45,67.05,3.9,5,No,186.94,687.36,119.94,567.42,-60.45
ORD51917,CUST11917,2025-01-09,Sports,East,Credit Card,Regular,34,6,203.28,13.48,84.03,3.9,8,No,104.64,1219.68,164.41,1055.27,343.4
ORD51918,CUST11918,2024-10-19,Home & Kitchen,West,Credit Card,Premium,57,6,93.51,16.15,233.29,4.5,6,No,71.41,561.06,90.61,470.45,-191.3
ORD51919,CUST11919,2025-07-06,Electronics,North,Credit Card,Wholesale,24,2,115.16,4.63,79.94,4.6,3,No,88.98,230.32,10.66,219.66,-38.24
ORD51920,CUST11920,2024-11-13,Beauty,East,Debit Card,Wholesale,25,7,80.0,21.61,132.89,4.1,9,No,55.01,560.0,121.02,438.98,-78.98
ORD51921,CUST11921,2025-05-16,Fashion,East,UPI,Wholesale,48,9,82.94,6.63,115.94,4.8,8,No,52.86,746.46,49.49,696.97,105.29
ORD51922,CUST11922,2025-01-15,Beauty,East,Net Banking,Premium,29,10,142.39,6.99,195.07,3.8,10,No,114.51,1423.9,99.53,1324.37,-15.8
ORD51923,CUST11923,2025-09-14,Fashion,North,Credit Card,Wholesale,65,1,344.41,16.13,25.62,4.5,6,No,278.94,344.41,55.55,288.86,-15.7
ORD51924,CUST11924,2024-01-14,Grocery,North,UPI,Wholesale,48,8,374.0,14.42,20.49,3.6,1,No,257.1,2992.0,431.45,2560.55,483.26
ORD51925,CUST11925,2025-05-18,Electronics,Central,COD,Regular,61,2,596.89,12.16,39.7,4.2,2,No,348.01,1193.78,145.16,1048.62,312.9
ORD51926,CUST11926,2024-08-18,Beauty,Central,Credit Card,Premium,36,1,238.83,17.88,97.78,4.4,4,No,179.68,238.83,42.7,196.13,-81.33
ORD51927,CUST11927,2024-03-24,Beauty,South,Credit Card,Regular,27,8,204.87,3.87,44.85,4.0,2,No,98.96,1638.96,63.43,1575.53,739.0
ORD51928,CUST11928,2024-05-09,Electronics,North,Net Banking,Wholesale,56,2,250.1,24.91,20.0,3.4,3,No,139.44,500.2,124.6,375.6,76.72
ORD51929,CUST11929,2024-05-24,Beauty,North,Debit Card,Wholesale,29,6,248.54,8.5,48.4,2.9,8,No,202.47,1491.24,126.76,1364.48,101.26
ORD51930,CUST11930,2024-01-28,Fashion,North,Debit Card,Wholesale,37,6,80.0,11.38,106.59,4.4,9,No,60.1,480.0,54.62,425.38,-41.81
ORD51931,CUST11931,2024-03-06,Beauty,Central,Credit Card,Premium,54,5,618.79,25.02,49.34,3.8,6,No,493.58,3093.95,774.11,2319.84,-197.4
ORD51932,CUST11932,2024-06-11,Home & Kitchen,East,UPI,New,65,8,80.0,7.03,141.41,3.9,4,Yes,53.61,640.0,44.99,595.01,24.72
ORD51933,CUST11933,2024-08-16,Grocery,West,COD,Wholesale,58,3,382.49,19.16,39.36,5.0,2,No,229.81,1147.47,219.86,927.61,198.82
ORD51934,CUST11934,2024-09-17,Sports,Central,COD,Wholesale,24,10,188.04,10.5,90.64,3.4,7,No,152.78,1880.4,197.44,1682.96,64.52
ORD51935,CUST11935,2025-03-24,Fashion,North,UPI,Wholesale,31,4,89.28,6.11,72.41,4.5,10,No,50.4,357.12,21.82,335.3,61.29
ORD51936,CUST11936,2025-02-27,Home & Kitchen,Central,Credit Card,Wholesale,28,7,256.06,9.31,98.48,3.5,7,Yes,186.99,1792.42,166.87,1625.55,218.14
ORD51937,CUST11937,2025-04-04,Grocery,South,COD,Premium,24,7,167.87,15.96,103.0,3.9,10,No,110.21,1175.09,187.54,987.55,113.08
ORD51938,CUST11938,2025-11-06,Electronics,North,Debit Card,New,46,8,116.32,19.1,161.33,3.3,9,No,62.18,930.56,177.74,752.82,94.05
ORD51939,CUST11939,2024-10-27,Fashion,South,UPI,New,27,2,80.0,13.58,121.04,3.5,5,No,36.52,160.0,21.73,138.27,-55.81
ORD51940,CUST11940,2024-10-29,Sports,North,Net Banking,New,46,2,80.0,0.81,71.07,4.3,10,No,47.36,160.0,1.3,158.7,-7.09
ORD51941,CUST11941,2024-10-13,Grocery,Central,Credit Card,Wholesale,26,4,121.86,16.45,117.58,4.8,4,No,79.53,487.44,80.18,407.26,-28.44
ORD51942,CUST11942,2025-01-29,Sports,East,UPI,Wholesale,53,10,140.96,11.01,123.76,4.3,10,No,72.99,1409.6,155.2,1254.4,400.74
ORD51943,CUST11943,2024-01-10,Electronics,West,COD,New,65,9,82.53,4.28,182.02,4.2,6,No,49.8,742.77,31.79,710.98,80.76
ORD51944,CUST11944,2025-12-07,Electronics,South,Credit Card,New,27,10,185.86,14.42,82.93,5.0,2,No,125.94,1858.6,268.01,1590.59,248.26
ORD51945,CUST11945,2025-09-21,Fashion,Central,Debit Card,Wholesale,36,9,90.53,19.94,86.27,4.4,2,No,64.69,814.77,162.47,652.3,-16.18
ORD51946,CUST11946,2024-09-26,Beauty,East,Credit Card,Wholesale,48,4,229.1,12.05,149.05,3.4,9,No,107.57,916.4,110.43,805.97,226.64
ORD51947,CUST11947,2025-08-14,Electronics,Central,Credit Card,Regular,34,9,403.59,18.46,20.0,2.9,7,No,280.8,3632.31,670.52,2961.79,414.59
ORD51948,CUST11948,2025-08-27,Grocery,South,Debit Card,Regular,26,3,218.79,15.24,80.79,4.2,7,No,103.04,656.37,100.03,556.34,166.43
ORD51949,CUST11949,2024-12-26,Beauty,West,Debit Card,Regular,62,5,170.55,15.33,121.24,3.1,5,No,78.53,852.75,130.73,722.02,208.13
ORD51950,CUST11950,2024-09-13,Home & Kitchen,Central,Credit Card,New,50,10,128.04,9.86,137.12,3.3,7,No,64.84,1280.4,126.25,1154.15,368.63
ORD51951,CUST11951,2024-05-12,Sports,North,Debit Card,Premium,51,9,464.04,17.73,20.0,4.2,9,No,321.05,4176.36,740.47,3435.89,526.44
ORD51952,CUST11952,2024-10-02,Beauty,East,UPI,Wholesale,62,6,159.85,18.4,29.78,4.7,10,No,75.06,959.1,176.47,782.63,302.49
ORD51953,CUST11953,2025-11-13,Sports,Central,Debit Card,Regular,41,3,914.75,17.55,20.0,3.8,5,No,418.71,2744.25,481.62,2262.63,986.5
ORD51954,CUST11954,2025-05-27,Beauty,East,Debit Card,Premium,26,10,84.02,9.8,129.28,3.2,9,No,41.48,840.2,82.34,757.86,213.78
ORD51955,CUST11955,2024-11-08,Home & Kitchen,North,Credit Card,Wholesale,24,9,218.86,18.9,99.2,3.9,1,No,175.39,1969.74,372.28,1597.46,-80.25
ORD51956,CUST11956,2025-07-29,Electronics,West,UPI,Premium,33,6,454.08,14.7,153.86,3.8,3,Yes,356.77,2724.48,400.5,2323.98,29.5
ORD51957,CUST11957,2024-10-10,Home & Kitchen,West,Net Banking,New,36,4,115.75,5.19,91.31,4.1,7,No,55.79,463.0,24.03,438.97,124.5
ORD51958,CUST11958,2024-04-30,Electronics,North,Net Banking,New,56,4,155.48,,190.84,3.2,4,No,87.46,621.92,58.03,563.89,23.21
ORD51959,CUST11959,2024-04-16,Electronics,East,COD,New,23,8,272.32,8.29,47.56,3.5,2,No,217.99,2178.56,180.6,1997.96,206.48
ORD51960,CUST11960,2025-11-17,Sports,Central,Debit Card,Regular,28,7,233.25,0.0,73.48,4.7,3,No,113.39,1632.75,0.0,1632.75,765.54
ORD51961,CUST11961,2024-07-22,Grocery,North,Debit Card,Wholesale,29,1,260.81,19.02,108.58,,7,No,126.49,260.81,49.61,211.2,-23.87
ORD51962,CUST11962,2024-06-13,Home & Kitchen,South,UPI,New,59,6,385.36,33.71,57.93,4.8,8,Yes,185.67,2312.16,779.43,1532.73,360.78
ORD51963,CUST11963,2024-10-31,Beauty,East,Net Banking,Regular,30,8,144.69,20.46,108.77,2.8,9,No,117.39,1157.52,236.83,920.69,-127.2
ORD51964,CUST11964,2025-05-11,Home & Kitchen,West,COD,Regular,29,3,461.31,13.14,85.02,3.4,6,No,334.43,1383.93,181.85,1202.08,113.77
ORD51965,CUST11965,2025-09-23,Sports,North,UPI,Regular,38,9,80.0,8.39,82.4,4.6,10,Yes,42.35,720.0,60.41,659.59,196.04
ORD51966,CUST11966,2025-07-09,Electronics,West,Debit Card,Regular,27,10,365.16,5.52,84.36,4.4,9,No,170.53,3651.6,201.57,3450.03,1660.37
ORD51967,CUST11967,2024-06-04,Sports,East,Net Banking,New,37,2,382.1,13.05,121.74,4.3,4,No,308.41,764.2,99.73,664.47,-74.09
ORD51968,CUST11968,2025-01-01,Fashion,West,COD,Regular,53,6,109.57,18.78,74.57,3.8,5,No,66.56,657.42,123.46,533.96,60.03
ORD51969,CUST11969,2025-12-19,Fashion,North,Credit Card,New,45,1,80.0,7.28,39.6,3.6,1,No,53.71,80.0,5.82,74.18,-19.13
ORD51970,CUST11970,2025-09-11,Beauty,East,Net Banking,New,41,2,155.88,29.95,93.02,4.0,9,No,86.25,311.76,93.37,218.39,-47.13
ORD51971,CUST11971,2024-09-07,Sports,South,COD,Regular,22,5,235.68,2.31,61.47,3.7,9,No,172.19,1178.4,27.22,1151.18,228.76
ORD51972,CUST11972,2024-11-29,Beauty,North,UPI,New,54,1,145.79,13.57,45.04,4.3,9,No,76.22,145.79,19.78,126.01,4.75
ORD51973,CUST11973,2025-10-03,Beauty,Central,Credit Card,Wholesale,29,8,251.2,12.49,20.0,4.0,3,No,186.18,2009.6,251.0,1758.6,249.16
ORD51974,CUST11974,2025-05-25,Fashion,North,COD,Wholesale,52,1,638.76,12.05,131.9,3.4,10,No,341.94,638.76,76.97,561.79,87.95
ORD51975,CUST11975,2024-10-19,Beauty,East,COD,Premium,57,9,80.0,8.02,119.81,4.4,10,No,38.9,720.0,57.74,662.26,192.35
ORD51976,CUST11976,2024-01-20,Fashion,North,Debit Card,Wholesale,19,10,80.0,12.58,153.33,4.8,10,No,50.17,800.0,100.64,699.36,44.33
ORD51977,CUST11977,2024-10-08,Electronics,South,Net Banking,New,58,3,173.29,8.85,90.12,4.9,8,No,130.12,519.87,46.01,473.86,-6.62
ORD51978,CUST11978,2024-01-01,Sports,South,Debit Card,New,62,2,116.5,21.02,138.53,4.4,3,No,69.01,233.0,48.98,184.02,-92.53
ORD51979,CUST11979,2024-04-28,Beauty,Central,Credit Card,Wholesale,56,1,132.66,23.35,47.53,4.4,6,No,61.11,132.66,30.98,101.68,-6.96
ORD51980,CUST11980,2024-02-04,Fashion,West,COD,Regular,59,9,413.02,9.28,20.0,3.2,5,No,270.41,3717.18,344.95,3372.23,918.54
ORD51981,CUST11981,2024-07-16,Home & Kitchen,East,Debit Card,Regular,26,4,167.6,0.49,56.18,3.6,8,No,117.62,670.4,3.28,667.12,140.46
ORD51982,CUST11982,2025-04-29,Beauty,East,Net Banking,New,39,1,177.89,14.22,80.73,3.9,3,No,128.8,177.89,25.3,152.59,-56.94
ORD51983,CUST11983,2024-02-28,Grocery,West,Credit Card,Regular,64,1,136.47,13.97,106.22,4.4,1,Yes,81.71,136.47,19.06,117.41,-70.52
ORD51984,CUST11984,2024-06-09,Electronics,South,UPI,Premium,22,7,176.76,12.74,147.64,3.6,9,No,85.89,1237.32,157.63,1079.69,330.82
ORD51985,CUST11985,2025-11-21,Electronics,South,Debit Card,Premium,29,2,215.84,15.73,104.49,3.8,10,No,143.79,431.68,67.9,363.78,-28.29
ORD51986,CUST11986,2024-07-24,Home & Kitchen,North,Credit Card,Wholesale,18,7,1107.63,21.67,191.58,4.4,9,No,633.49,7753.41,1680.16,6073.25,1447.24
ORD51987,CUST11987,2024-01-12,Fashion,Central,UPI,Wholesale,61,7,217.41,17.83,95.39,4.1,3,No,174.0,1521.87,271.35,1250.52,-62.87
ORD51988,CUST11988,2025-05-04,Beauty,Central,Debit Card,Regular,39,10,385.97,15.72,94.53,4.2,2,Yes,245.48,3859.7,606.74,3252.96,703.63
ORD51989,CUST11989,2024-10-02,Fashion,Central,Credit Card,New,55,9,204.62,17.28,105.22,3.5,4,No,127.83,1841.58,318.23,1523.35,267.66
ORD51990,CUST11990,2025-11-23,Electronics,North,Credit Card,Wholesale,36,7,80.0,13.76,107.05,3.8,8,No,45.15,560.0,77.06,482.94,59.84
ORD51991,CUST11991,2024-08-29,Fashion,Central,Debit Card,Premium,33,1,125.39,5.38,106.41,3.7,6,No,72.14,125.39,6.75,118.64,-59.91
ORD51992,CUST11992,2024-08-03,Electronics,West,Credit Card,Wholesale,48,8,217.3,22.15,34.55,4.0,10,No,139.01,1738.4,385.06,1353.34,206.71
ORD51993,CUST11993,2024-09-07,Fashion,North,COD,Wholesale,20,8,290.1,12.72,128.35,3.7,1,No,163.46,2320.8,295.21,2025.59,589.56
ORD51994,CUST11994,2024-05-05,Home & Kitchen,West,Debit Card,Premium,40,4,207.82,5.38,202.76,3.6,8,No,162.13,831.28,44.72,786.56,-64.72
ORD51995,CUST11995,2024-08-04,Sports,North,Credit Card,New,59,8,329.71,4.1,50.27,4.1,5,No,201.93,2637.68,108.14,2529.54,863.83
ORD51996,CUST11996,2024-11-01,Home & Kitchen,Central,UPI,Wholesale,35,4,80.0,5.58,88.14,5.0,6,No,44.64,320.0,17.86,302.14,35.44
ORD51997,CUST11997,2024-07-03,Home & Kitchen,West,UPI,Wholesale,43,8,187.11,3.37,28.22,4.4,5,No,94.96,1496.88,50.44,1446.44,658.54
ORD51998,CUST11998,2024-02-08,Sports,West,COD,Wholesale,30,5,429.74,16.68,123.84,2.8,10,No,300.29,2148.7,358.4,1790.3,165.01
ORD51999,CUST11999,2024-08-10,Sports,West,Debit Card,Regular,35,4,96.4,10.77,123.79,4.2,5,No,44.3,385.6,41.53,344.07,43.08
ORD52000,CUST12000,2024-07-02,Beauty,North,Credit Card,Wholesale,20,6,375.55,17.43,22.32,3.7,3,No,231.53,2253.3,392.75,1860.55,449.05
