Customer_ID,Age,Gender,Tenure_Months,Plan_Type,Contract_Type,Payment_Method,Internet_Service,Device_Type,Monthly_Charges,Total_Charges,Data_Usage_GB,Call_Minutes,Support_Calls,Contract_Months,Service_Satisfaction,Promotional_Discount,Customer_Region,Account_Manager,Churn,Constant_Feature,Monthly_Charges_Copy
CUST00001,69,Male,52,Basic,One Year,Credit Card,None,Laptop,3931.17,130591.87,39.65,1779.3,9,24,1.0,20,South,Manager_D,Yes,1,3931.17
CUST00002,39,Female,15,Family,One Year,UPI,DSL,Router,2595.92,26081.24,110.58,364.1,10,12,6.0,20,Central,Manager_C,No,1,2595.92
CUST00003,21,Female,72,Basic,One Year,Net Banking,None,Laptop,1897.68,92162.77,83.16,252.2,1,12,2.0,10,West,Manager_A,No,1,1897.68
CUST00004,69,Male,61,Premium,Monthly,Debit Card,Fiber,Router,4402.56,176228.53,47.64,55.3,0,1,10.0,15,North,Manager_C,No,1,4402.56
CUST00005,23,Female,21,Family,Two Year,Auto Pay,Fiber,Router,765.03,2943.28,24.93,662.3,0,24,5.0,5,East,Manager_B,Yes,1,765.03
CUST00006,55,Male,24,Family,Monthly,Credit Card,None,Smartphone,2074.7,41924.56,134.49,337.5,3,12,8.0,10,Central,Manager_C,No,1,2074.7
CUST00007,43,Male,3,Premium,Two Year,Debit Card,None,Tablet,476.5,7949.42,89.72,479.0,1,24,4.0,5,South,Manager_B,No,1,476.5
CUST00008,28,Female,22,Family,Two Year,Auto Pay,None,Laptop,3407.6,48068.47,123.92,71.9,5,1,5.0,5,West,Manager_D,Yes,1,3407.6
CUST00009,43,Male,53,Premium,Monthly,Auto Pay,Fiber,Smartphone,4155.92,149393.64,82.26,493.0,8,1,9.0,10,North,Manager_B,No,1,4155.92
CUST00010,34,Male,2,Standard,Monthly,Net Banking,5G,Router,1476.16,1476.16,33.78,698.8,9,24,2.0,20,West,Manager_A,Yes,1,1476.16
CUST00011,41,Male,30,Premium,Two Year,UPI,5G,Smartphone,3905.04,73123.78,51.29,111.6,10,12,2.0,15,Central,Manager_C,No,1,3905.04
CUST00012,45,Male,38,Family,One Year,UPI,None,Laptop,1527.32,47828.41,57.85,1235.4,9,36,6.0,10,West,Manager_B,No,1,1527.32
CUST00013,52,Male,2,Premium,One Year,Debit Card,DSL,Tablet,4125.23,4125.23,145.97,1159.2,7,36,6.0,5,North,Manager_D,No,1,4125.23
CUST00014,48,Male,64,Standard,One Year,Net Banking,DSL,Smartphone,3466.64,146482.45,1.84,239.2,3,1,3.0,0,Central,Manager_C,No,1,3466.64
CUST00015,30,Female,60,Basic,One Year,Auto Pay,5G,Laptop,3680.61,147646.02,147.86,1210.3,1,12,9.0,0,South,Manager_A,Yes,1,3680.61
CUST00016,52,Male,21,Basic,Two Year,Net Banking,None,Router,375.63,13515.0,147.09,1997.4,0,36,1.0,5,North,Manager_B,No,1,375.63
CUST00017,33,Female,33,Basic,One Year,Net Banking,Fiber,Smartphone,4343.8,100046.54,149.43,1891.7,6,12,3.0,10,West,Manager_A,No,1,4343.8
CUST00018,32,Male,58,Family,One Year,Debit Card,DSL,Tablet,3352.02,121250.19,72.01,55.2,9,24,8.0,20,North,Manager_D,No,1,3352.02
CUST00019,60,Male,22,Standard,One Year,UPI,DSL,Laptop,1579.95,23158.85,144.61,1601.0,2,1,8.0,10,Central,Manager_C,No,1,1579.95
CUST00020,35,Male,49,Premium,Two Year,Net Banking,Fiber,Tablet,3783.46,123698.33,59.94,739.5,5,24,4.0,15,West,Manager_C,No,1,3783.46
CUST00021,64,Female,59,Premium,Monthly,Net Banking,Fiber,Router,1482.39,57165.65,4.92,174.1,4,24,8.0,0,South,Manager_C,No,1,1482.39
CUST00022,54,Female,42,Premium,One Year,Net Banking,None,Tablet,3965.57,114135.01,34.43,627.2,4,24,10.0,5,East,Manager_D,Yes,1,3965.57
CUST00023,65,Female,60,Premium,Two Year,Credit Card,Fiber,Router,772.84,23868.07,141.85,677.4,1,12,8.0,20,South,Manager_B,No,1,772.84
CUST00024,65,Male,15,Family,Two Year,Net Banking,Fiber,Router,3255.48,30511.62,3.05,1070.3,8,36,1.0,10,North,Manager_B,No,1,3255.48
CUST00025,66,Female,62,Family,One Year,Net Banking,Fiber,Smartphone,2570.93,108659.2,82.35,1339.1,10,24,3.0,15,East,Manager_B,No,1,2570.93
CUST00026,58,Male,62,Standard,Monthly,Auto Pay,5G,Router,705.44,32556.07,12.26,1510.7,3,1,1.0,10,Central,Manager_A,No,1,705.44
CUST00027,44,Male,47,Premium,Monthly,Credit Card,Fiber,Tablet,1315.95,41980.2,43.67,529.5,9,12,2.0,15,West,Manager_D,Yes,1,1315.95
CUST00028,52,Female,62,Basic,Monthly,Net Banking,DSL,Smartphone,352.1,13111.51,14.13,677.5,0,36,4.0,10,West,Manager_C,No,1,352.1
CUST00029,69,Male,51,Family,Two Year,Net Banking,None,Router,2268.83,76540.51,129.07,651.3,1,24,3.0,20,Central,Manager_D,No,1,2268.83
CUST00030,62,Other,55,Standard,One Year,Debit Card,None,Laptop,1565.31,61096.74,89.07,757.3,8,1,6.0,20,North,Manager_D,Yes,1,1565.31
CUST00031,52,Male,64,Standard,One Year,Debit Card,None,Laptop,2813.1,120195.1,135.41,1999.3,6,24,5.0,5,South,Manager_D,No,1,2813.1
CUST00032,45,Other,3,Family,Two Year,Credit Card,5G,Router,1548.4,1548.4,103.56,1567.0,9,36,5.0,20,East,Manager_C,Yes,1,1548.4
CUST00033,56,Female,51,Basic,One Year,Auto Pay,DSL,Smartphone,1559.66,46860.95,145.68,1951.2,1,36,10.0,15,Central,Manager_C,No,1,1559.66
CUST00034,55,Female,7,Basic,One Year,Credit Card,Fiber,Smartphone,3421.41,8518.39,76.97,1401.6,6,24,7.0,5,North,Manager_A,No,1,3421.41
CUST00035,26,Male,21,Premium,Monthly,Credit Card,DSL,Smartphone,502.2,14308.7,96.17,842.2,3,24,7.0,20,North,Manager_D,No,1,502.2
CUST00036,29,Male,39,Family,One Year,Debit Card,None,Tablet,4092.16,110433.47,86.87,810.0,9,12,9.0,0,East,Manager_B,No,1,4092.16
CUST00037,32,Female,18,Basic,One Year,Debit Card,Fiber,Laptop,3879.51,46021.68,73.15,1002.7,1,36,8.0,15,Central,Manager_A,Yes,1,3879.51
CUST00038,38,Male,4,Family,Two Year,Auto Pay,None,Router,3104.78,6010.45,127.05,862.9,3,36,3.0,5,South,Manager_C,Yes,1,3104.78
CUST00039,69,Female,60,Standard,Two Year,Net Banking,None,Router,2791.53,108791.55,97.03,1665.2,4,24,2.0,15,South,Manager_C,No,1,2791.53
CUST00040,52,Other,14,Standard,Monthly,Auto Pay,None,Laptop,4047.67,43244.44,120.4,956.8,3,1,1.0,5,Central,Manager_A,No,1,4047.67
CUST00041,59,Male,9,Standard,Two Year,Net Banking,DSL,Tablet,1078.39,15992.51,118.17,626.4,2,24,10.0,15,West,Manager_B,No,1,1078.39
CUST00042,50,Female,53,Family,Monthly,UPI,DSL,Smartphone,631.67,19292.04,29.47,1561.0,5,24,6.0,0,South,Manager_D,No,1,631.67
CUST00043,68,Female,2,Premium,Monthly,Debit Card,None,Laptop,1305.94,7433.33,97.87,1716.1,0,36,4.0,20,West,Manager_D,No,1,1305.94
CUST00044,36,Male,60,Premium,One Year,UPI,None,Router,3637.23,145629.26,30.75,869.8,7,12,3.0,10,Central,Manager_B,No,1,3637.23
CUST00045,40,Male,71,Basic,Monthly,UPI,Fiber,Tablet,445.62,20030.54,87.91,1352.2,4,24,2.0,10,North,Manager_D,No,1,445.62
CUST00046,30,Male,44,Family,One Year,Debit Card,None,Router,2747.79,88122.91,101.94,164.7,7,1,2.0,10,Central,Manager_C,No,1,2747.79
CUST00047,61,Male,8,Premium,Monthly,UPI,None,Smartphone,4480.84,23846.98,149.59,1082.5,9,1,4.0,5,North,Manager_A,Yes,1,4480.84
CUST00048,18,Female,47,Family,Two Year,Credit Card,None,Laptop,3893.92,123491.32,5.55,137.7,3,24,1.0,20,Central,Manager_B,No,1,3893.92
CUST00049,68,Male,35,Premium,Two Year,Net Banking,None,Smartphone,2490.07,59343.0,14.6,106.9,3,1,6.0,5,West,Manager_A,No,1,2490.07
CUST00050,46,Female,36,Standard,Two Year,Auto Pay,DSL,Tablet,567.29,5486.96,12.48,1245.2,4,1,10.0,5,West,Manager_D,No,1,567.29
CUST00051,41,Male,50,Standard,Monthly,Debit Card,None,Laptop,3791.77,127834.39,60.36,641.5,4,24,5.0,5,Central,Manager_D,No,1,3791.77
CUST00052,33,Female,4,Basic,Monthly,Credit Card,5G,Smartphone,2815.71,4695.1,123.42,1497.9,10,1,10.0,5,North,Manager_C,No,1,2815.71
CUST00053,42,Female,2,Standard,One Year,Auto Pay,None,Smartphone,782.72,782.72,126.76,1797.4,5,1,9.0,20,Central,Manager_C,Yes,1,782.72
CUST00054,40,Male,6,Premium,One Year,Auto Pay,DSL,Smartphone,694.2,694.2,110.81,321.8,4,24,2.0,10,North,Manager_D,No,1,694.2
CUST00055,45,Male,54,Basic,One Year,Auto Pay,5G,Tablet,,145708.54,134.63,1462.8,4,36,9.0,15,West,Manager_D,No,1,4120.43
CUST00056,64,Female,4,Basic,One Year,UPI,5G,Smartphone,3110.64,13444.45,49.11,1053.3,7,12,9.0,5,East,Manager_C,No,1,3110.64
CUST00057,33,Female,54,Standard,Monthly,UPI,None,Router,3783.0,130869.05,14.14,268.6,5,12,10.0,20,South,Manager_C,No,1,3783.0
CUST00058,60,Male,63,Family,Monthly,UPI,None,Laptop,3991.71,163702.58,9.66,1320.6,1,36,9.0,0,West,Manager_B,No,1,3991.71
CUST00059,55,Male,18,Standard,One Year,UPI,DSL,Laptop,2701.44,33594.22,127.97,1238.5,3,24,10.0,15,Central,Manager_C,No,1,2701.44
CUST00060,28,Male,44,Standard,Monthly,Credit Card,5G,Smartphone,2473.27,65920.28,109.84,1055.5,3,36,10.0,5,Central,Manager_B,No,1,2473.27
CUST00061,20,Male,34,Basic,Monthly,UPI,5G,Tablet,2107.8,44481.77,105.09,1856.6,4,12,4.0,5,North,Manager_B,No,1,2107.8
CUST00062,32,Female,62,Standard,Monthly,Debit Card,DSL,Router,1631.18,59099.72,51.61,1066.1,5,12,5.0,15,South,Manager_A,No,1,1631.18
CUST00063,18,Female,14,Premium,Monthly,Auto Pay,None,Router,2125.3,24436.19,57.61,1981.5,10,12,8.0,15,West,Manager_C,Yes,1,2125.3
CUST00064,24,Male,48,Basic,One Year,Credit Card,Fiber,Laptop,3550.29,112102.46,143.76,1043.0,4,12,8.0,5,South,Manager_B,Yes,1,3550.29
CUST00065,18,Other,15,Standard,One Year,UPI,Fiber,Laptop,2828.08,28201.21,10.51,275.9,10,24,1.0,20,South,Manager_A,Yes,1,2828.08
CUST00066,66,Male,72,Family,Monthly,Auto Pay,5G,Router,4048.6,198912.85,116.29,967.4,5,12,10.0,0,West,Manager_A,No,1,4048.6
CUST00067,49,Female,62,Premium,Two Year,Credit Card,5G,Laptop,2162.2,85759.59,47.14,405.5,7,12,1.0,20,North,Manager_C,Yes,1,2162.2
CUST00068,26,Male,40,Family,One Year,Auto Pay,None,Smartphone,2849.78,74434.2,6.82,1214.4,3,24,10.0,10,North,Manager_C,No,1,2849.78
CUST00069,46,Male,53,Premium,One Year,Credit Card,Fiber,Router,2951.49,99004.34,111.64,1401.6,10,36,6.0,10,North,Manager_A,No,1,2951.49
CUST00070,43,Male,24,Family,Two Year,Net Banking,5G,Laptop,2785.13,39269.56,50.31,963.4,2,24,7.0,10,East,Manager_B,No,1,2785.13
CUST00071,40,Male,26,Standard,One Year,Credit Card,None,Smartphone,3251.06,51748.79,108.6,240.5,8,12,2.0,5,South,Manager_C,Yes,1,3251.06
CUST00072,62,Female,60,Premium,Two Year,UPI,Fiber,Smartphone,1297.22,49426.35,106.44,963.9,2,1,2.0,0,East,Manager_A,No,1,1297.22
CUST00073,60,Female,41,Basic,Two Year,Auto Pay,DSL,Router,2451.93,65095.44,80.68,208.8,10,24,5.0,0,North,Manager_A,No,1,2451.93
CUST00074,46,Male,29,Basic,Monthly,Auto Pay,5G,Smartphone,737.74,15706.13,116.83,1380.1,7,24,9.0,5,West,Manager_B,No,1,737.74
CUST00075,69,Female,15,Family,One Year,Auto Pay,DSL,Router,1914.95,14693.42,87.57,1591.2,9,36,5.0,5,South,Manager_D,Yes,1,1914.95
CUST00076,55,Male,45,Family,Two Year,Debit Card,Fiber,Smartphone,2348.2,72044.16,43.71,1926.6,4,12,8.0,5,West,Manager_B,No,1,2348.2
CUST00077,50,Female,65,Family,Monthly,Debit Card,None,Router,3039.34,134129.74,110.38,340.2,8,1,8.0,0,Central,Manager_A,No,1,3039.34
CUST00078,24,Male,71,Premium,One Year,UPI,None,Router,4292.23,200826.44,88.78,1088.2,2,24,5.0,5,South,Manager_B,No,1,4292.23
CUST00079,29,Male,9,Basic,Monthly,Net Banking,Fiber,Router,2822.73,12912.76,2.9,1156.7,9,24,8.0,15,West,Manager_C,Yes,1,2822.73
CUST00080,48,Male,1,Standard,Monthly,Debit Card,DSL,Router,3423.09,3423.09,135.34,1848.8,9,24,8.0,15,North,Manager_A,No,1,3423.09
CUST00081,49,Female,8,Premium,Two Year,Credit Card,None,Smartphone,2426.32,11925.79,82.3,1273.2,7,1,5.0,15,East,Manager_B,Yes,1,2426.32
CUST00082,37,Female,63,Family,One Year,UPI,5G,Router,2963.24,125557.84,130.43,333.7,6,24,5.0,5,West,Manager_B,No,1,2963.24
CUST00083,68,Male,11,Basic,Monthly,Net Banking,DSL,Laptop,597.92,12234.08,132.53,900.9,6,24,4.0,15,Central,Manager_B,No,1,597.92
CUST00084,34,Male,8,Family,Two Year,Credit Card,DSL,Smartphone,1368.44,7641.53,67.3,1326.8,10,1,1.0,5,North,Manager_B,Yes,1,1368.44
CUST00085,53,Male,35,Standard,Two Year,Auto Pay,5G,Router,1819.78,39265.38,76.64,1415.6,9,24,9.0,15,Central,Manager_A,No,1,1819.78
CUST00086,20,Female,35,Standard,Monthly,Debit Card,Fiber,Smartphone,2284.47,48849.85,62.95,1733.0,8,1,2.0,5,East,Manager_B,No,1,2284.47
CUST00087,18,Female,33,Basic,Monthly,Credit Card,None,Smartphone,491.72,6556.83,67.97,402.0,7,36,1.0,20,Central,Manager_C,Yes,1,491.72
CUST00088,67,Male,5,Premium,Two Year,Net Banking,DSL,Smartphone,888.1,888.1,134.38,1905.5,2,1,6.0,10,West,Manager_D,Yes,1,888.1
CUST00089,44,Male,41,Standard,Monthly,UPI,None,Smartphone,1462.62,44642.0,118.43,165.3,5,36,5.0,20,West,Manager_D,No,1,1462.62
CUST00090,70,Female,28,Standard,Monthly,Credit Card,None,Router,4380.44,70601.82,19.85,1968.3,10,1,1.0,10,North,Manager_D,Yes,1,4380.44
CUST00091,64,Male,7,Standard,One Year,UPI,DSL,Smartphone,1691.66,10334.94,91.94,1722.6,5,12,7.0,10,East,Manager_C,No,1,1691.66
CUST00092,57,Male,72,Standard,Two Year,Auto Pay,Fiber,Laptop,2324.57,107239.04,149.39,1337.5,4,24,7.0,15,East,Manager_D,No,1,2324.57
CUST00093,50,Male,12,Family,Monthly,Net Banking,DSL,Smartphone,1123.61,6426.85,89.74,1483.2,2,36,3.0,10,South,Manager_A,No,1,1123.61
CUST00094,37,Male,34,Family,Two Year,Net Banking,Fiber,Smartphone,2865.28,60456.41,118.09,191.7,8,24,8.0,10,South,Manager_A,Yes,1,2865.28
CUST00095,31,Female,33,Premium,One Year,Debit Card,5G,Laptop,1478.87,39764.46,115.59,130.9,6,24,6.0,20,West,Manager_C,No,1,1478.87
CUST00096,53,Female,48,Basic,Two Year,Net Banking,Fiber,Router,1169.37,37501.42,53.2,248.4,3,1,4.0,10,Central,Manager_C,Yes,1,1169.37
CUST00097,22,Male,23,Basic,Two Year,Credit Card,Fiber,Laptop,2469.61,41819.25,56.41,220.4,5,12,10.0,5,Central,Manager_A,No,1,2469.61
CUST00098,40,Female,62,Basic,Two Year,Credit Card,DSL,Tablet,323.12,19858.26,108.89,1117.4,4,1,10.0,5,North,Manager_C,No,1,323.12
CUST00099,62,Male,37,Standard,One Year,Credit Card,None,Laptop,332.19,9011.05,75.5,470.1,0,24,10.0,15,East,Manager_C,No,1,332.19
CUST00100,32,Female,44,Family,One Year,Auto Pay,None,Router,1220.09,29811.19,86.02,1727.4,1,1,3.0,20,West,Manager_A,Yes,1,1220.09
CUST00101,23,Female,35,Family,Two Year,Net Banking,Fiber,Laptop,454.23,9495.49,107.22,919.2,0,36,1.0,0,Central,Manager_A,No,1,454.23
CUST00102,50,Female,65,Premium,Two Year,Net Banking,Fiber,Smartphone,753.71,28949.53,116.86,1406.2,8,12,2.0,20,South,Manager_B,No,1,753.71
CUST00103,36,Male,47,Basic,One Year,Credit Card,DSL,Router,1723.21,51476.39,41.46,1323.1,8,24,2.0,0,West,Manager_B,No,1,1723.21
CUST00104,30,Male,3,Family,Monthly,Debit Card,Fiber,Tablet,3670.86,6868.6,22.87,673.7,4,1,5.0,10,North,Manager_D,No,1,3670.86
CUST00105,46,Male,1,Premium,One Year,Debit Card,DSL,Router,2702.6,2702.6,44.48,524.2,7,36,4.0,0,West,Manager_C,No,1,2702.6
CUST00106,23,Female,5,Basic,Two Year,Net Banking,5G,Smartphone,2453.2,10237.88,76.62,717.8,9,12,2.0,10,Central,Manager_A,No,1,2453.2
CUST00107,32,Male,14,Standard,Monthly,Net Banking,Fiber,Tablet,1532.65,17091.25,51.98,1603.5,3,1,9.0,20,North,Manager_D,No,1,1532.65
CUST00108,33,Female,27,Family,Monthly,UPI,5G,Router,4213.37,75169.93,85.69,1193.2,0,1,7.0,20,South,Manager_B,No,1,4213.37
CUST00109,41,Other,9,Family,Monthly,Net Banking,Fiber,Router,1967.46,13822.1,8.97,544.4,3,24,8.0,15,South,Manager_C,No,1,1967.46
CUST00110,40,Female,15,Basic,One Year,Credit Card,Fiber,Smartphone,665.79,3911.1,76.95,1644.8,6,36,8.0,15,Central,Manager_D,Yes,1,665.79
CUST00111,65,Female,42,Standard,One Year,Auto Pay,5G,Laptop,2891.68,87540.94,55.83,156.8,10,12,2.0,10,North,Manager_C,No,1,2891.68
CUST00112,27,Male,51,Standard,One Year,Net Banking,5G,Laptop,778.12,23628.52,80.67,1413.4,1,1,5.0,10,South,Manager_D,No,1,778.12
CUST00113,58,Male,63,Family,One Year,Net Banking,DSL,Tablet,1749.94,79483.41,63.96,906.2,1,12,3.0,5,North,Manager_C,No,1,1749.94
CUST00114,58,Male,52,Basic,Two Year,Credit Card,DSL,Smartphone,2431.13,76898.84,43.35,1476.0,5,36,10.0,5,West,Manager_C,No,1,2431.13
CUST00115,66,Female,4,Premium,Monthly,UPI,5G,Smartphone,3971.73,8689.24,135.71,1858.5,8,24,9.0,5,East,Manager_A,No,1,3971.73
CUST00116,34,Male,23,Family,Two Year,Net Banking,Fiber,Laptop,2372.9,34729.58,28.53,1512.6,2,24,9.0,20,East,Manager_C,No,1,2372.9
CUST00117,66,Female,15,Standard,One Year,Debit Card,DSL,Laptop,3249.49,33889.86,102.52,911.8,6,24,6.0,0,East,Manager_B,No,1,3249.49
CUST00118,61,Male,43,Premium,One Year,Debit Card,Fiber,Tablet,4469.83,132444.21,138.77,344.4,9,12,4.0,10,South,Manager_A,No,1,4469.83
CUST00119,62,Male,29,Basic,Two Year,Debit Card,None,Laptop,852.25,10229.86,81.26,1622.4,8,12,8.0,15,Central,Manager_C,No,1,852.25
CUST00120,47,Female,36,Standard,Monthly,Auto Pay,DSL,Tablet,1453.87,29352.96,131.58,948.4,10,1,5.0,10,East,Manager_B,No,1,1453.87
CUST00121,61,Male,13,Premium,Monthly,Auto Pay,DSL,Router,1957.22,9953.03,19.6,196.9,8,36,3.0,0,Central,Manager_B,No,1,1957.22
CUST00122,63,Male,32,Family,One Year,Net Banking,DSL,Tablet,2071.68,50796.76,74.57,1452.2,10,36,8.0,10,East,Manager_D,No,1,2071.68
CUST00123,27,Female,71,Standard,One Year,Net Banking,None,Tablet,2026.29,97399.08,69.1,619.1,3,36,6.0,15,West,Manager_A,No,1,2026.29
CUST00124,36,Male,59,Basic,One Year,Net Banking,5G,Tablet,4111.97,156315.63,2.21,145.3,1,12,5.0,15,East,Manager_A,No,1,4111.97
CUST00125,46,Male,28,Standard,One Year,Auto Pay,Fiber,Router,3298.94,59364.74,67.05,1810.4,0,24,1.0,0,Central,Manager_D,No,1,3298.94
CUST00126,19,Male,66,Family,Monthly,Net Banking,None,Laptop,2853.2,131449.61,55.99,992.0,5,36,3.0,15,South,Manager_D,No,1,2853.2
CUST00127,53,Female,42,Basic,Two Year,Credit Card,5G,Tablet,1599.37,43391.76,100.8,597.9,4,1,7.0,20,West,Manager_D,No,1,1599.37
CUST00128,36,Female,45,Family,Monthly,UPI,DSL,Laptop,3759.92,111111.66,140.81,1447.0,5,12,3.0,15,Central,Manager_A,No,1,3759.92
CUST00129,24,Female,62,Premium,Two Year,Debit Card,5G,Tablet,4311.25,174291.85,13.78,1777.5,6,24,1.0,0,North,Manager_B,No,1,4311.25
CUST00130,43,Male,57,Standard,One Year,Debit Card,5G,Laptop,3749.03,137338.18,49.79,50.6,8,36,8.0,0,East,Manager_B,No,1,3749.03
CUST00131,32,Male,6,Family,One Year,Credit Card,5G,Tablet,306.57,7142.9,67.17,1391.3,9,24,7.0,10,West,Manager_C,No,1,306.57
CUST00132,64,Male,28,Premium,Two Year,Net Banking,Fiber,Laptop,2972.89,63863.45,68.82,1545.7,9,1,5.0,15,South,Manager_A,No,1,2972.89
CUST00133,55,Female,28,Basic,One Year,Auto Pay,5G,Smartphone,514.77,4683.07,116.45,459.4,10,36,10.0,15,North,Manager_A,No,1,514.77
CUST00134,20,Male,44,Basic,Monthly,Net Banking,5G,Router,1381.95,47561.91,67.07,1004.8,5,36,5.0,0,East,Manager_D,No,1,1381.95
CUST00135,55,Male,30,Premium,One Year,Net Banking,5G,Tablet,550.0,8563.05,5.05,224.1,5,24,6.0,10,West,Manager_A,No,1,550.0
CUST00136,33,Female,62,Premium,One Year,Debit Card,5G,Router,2835.94,119887.09,106.81,1506.2,2,12,7.0,10,Central,Manager_A,No,1,2835.94
CUST00137,19,Female,62,Basic,One Year,Debit Card,None,Tablet,3183.68,138643.18,132.84,1702.5,7,24,3.0,20,East,Manager_B,No,1,3183.68
CUST00138,48,Male,1,Family,One Year,Auto Pay,None,Smartphone,780.85,780.85,77.57,261.0,8,1,4.0,20,West,Manager_A,No,1,780.85
CUST00139,45,Male,27,Premium,Monthly,Debit Card,5G,Smartphone,1912.12,32778.45,87.59,1642.1,0,24,1.0,0,East,Manager_B,No,1,1912.12
CUST00140,24,Male,62,Family,Two Year,Net Banking,5G,Router,2216.19,95607.92,25.28,1554.6,5,24,7.0,10,West,Manager_B,No,1,2216.19
CUST00141,47,Male,3,Basic,One Year,Credit Card,5G,Tablet,1850.02,1850.02,33.88,726.5,6,36,10.0,10,Central,Manager_A,No,1,1850.02
CUST00142,60,Female,70,Family,One Year,Auto Pay,DSL,Laptop,808.31,43456.44,36.04,1396.1,10,12,2.0,20,East,Manager_B,No,1,808.31
CUST00143,24,Female,72,Family,Monthly,Credit Card,5G,Tablet,2059.58,99573.89,65.18,50.1,7,12,7.0,20,West,Manager_D,No,1,2059.58
CUST00144,53,Female,27,Premium,Monthly,Net Banking,5G,Laptop,3454.95,59300.35,139.29,1867.0,9,12,6.0,0,North,Manager_B,No,1,3454.95
CUST00145,46,Male,9,Family,Monthly,Auto Pay,None,Router,598.23,598.23,78.75,1123.2,10,12,4.0,10,South,Manager_A,No,1,598.23
CUST00146,41,Male,62,Family,One Year,Credit Card,None,Router,636.76,19402.1,29.62,1259.7,7,24,2.0,0,West,Manager_D,No,1,636.76
CUST00147,69,Male,37,Family,Two Year,Auto Pay,None,Smartphone,1790.04,41473.46,40.65,1346.1,6,36,7.0,20,West,Manager_D,No,1,1790.04
CUST00148,56,Male,51,Basic,Monthly,Net Banking,Fiber,Laptop,4255.25,143358.31,58.22,1144.7,7,36,7.0,15,West,Manager_A,No,1,4255.25
CUST00149,21,Female,44,Basic,Monthly,Auto Pay,DSL,Tablet,3108.01,85861.83,93.87,1720.7,10,12,5.0,20,East,Manager_C,No,1,3108.01
CUST00150,46,Male,24,Standard,Monthly,Net Banking,5G,Smartphone,3150.41,50179.24,66.56,1238.9,8,24,9.0,10,South,Manager_B,No,1,3150.41
CUST00151,61,Male,59,Basic,Two Year,Auto Pay,None,Router,1820.06,73953.61,59.47,1820.1,9,12,3.0,0,East,Manager_B,No,1,1820.06
CUST00152,22,Male,32,Basic,One Year,Auto Pay,Fiber,Smartphone,2793.38,58524.75,85.14,1185.5,6,12,9.0,10,West,Manager_C,No,1,2793.38
CUST00153,46,Male,52,Standard,One Year,Debit Card,5G,Tablet,342.55,15188.7,37.03,383.7,2,36,5.0,20,West,Manager_D,No,1,342.55
CUST00154,47,Male,62,Standard,One Year,Net Banking,5G,Tablet,2971.6,118790.43,12.76,1831.4,8,36,2.0,20,South,Manager_C,No,1,2971.6
CUST00155,46,Female,58,Premium,Monthly,UPI,None,Router,4135.81,164934.9,4.64,1379.2,0,12,9.0,5,North,Manager_A,Yes,1,4135.81
CUST00156,43,Male,52,Premium,One Year,Auto Pay,5G,Smartphone,2872.81,100199.82,38.44,1413.5,7,24,1.0,20,East,Manager_C,No,1,2872.81
CUST00157,36,Female,12,Basic,Monthly,Credit Card,5G,Laptop,3969.53,39482.53,14.65,1971.7,5,12,1.0,10,North,Manager_D,No,1,3969.53
CUST00158,43,Male,39,Family,Two Year,Debit Card,5G,Laptop,3340.69,98929.03,51.11,196.6,10,36,7.0,0,West,Manager_A,No,1,3340.69
CUST00159,54,Male,2,Premium,Two Year,Debit Card,None,Laptop,806.35,806.35,116.17,885.8,2,36,3.0,0,West,Manager_A,No,1,806.35
CUST00160,44,Female,3,Premium,One Year,Auto Pay,Fiber,Tablet,4090.3,6035.28,107.73,516.2,8,24,8.0,5,Central,Manager_A,No,1,4090.3
CUST00161,47,Male,56,Basic,Monthly,UPI,5G,Smartphone,579.06,20387.03,92.03,1279.3,5,12,7.0,10,Central,Manager_B,No,1,579.06
CUST00162,68,Female,59,Family,Monthly,Debit Card,Fiber,Laptop,2542.66,102989.8,128.02,1623.3,6,12,7.0,20,North,Manager_B,No,1,2542.66
CUST00163,70,Male,2,Standard,One Year,Net Banking,5G,Smartphone,896.98,7825.82,43.03,1934.3,10,1,1.0,15,Central,Manager_A,Yes,1,896.98
CUST00164,47,Female,2,Standard,Two Year,Auto Pay,None,Router,349.17,349.17,132.87,936.5,1,12,1.0,0,South,Manager_C,No,1,349.17
CUST00165,20,Female,54,Basic,Two Year,Auto Pay,Fiber,Laptop,2072.54,76517.66,60.49,1583.1,0,24,2.0,10,North,Manager_B,No,1,2072.54
CUST00166,60,Female,1,Basic,Two Year,UPI,None,Smartphone,1539.17,1539.17,60.73,1838.3,0,36,2.0,5,Central,Manager_D,Yes,1,1539.17
CUST00167,24,Female,19,Family,Two Year,Net Banking,DSL,Tablet,2341.2,32745.75,61.4,1382.5,2,1,5.0,15,Central,Manager_B,No,1,2341.2
CUST00168,66,Female,2,Basic,Two Year,Net Banking,5G,Router,2724.24,11179.61,15.62,523.3,10,24,9.0,10,South,Manager_C,Yes,1,2724.24
CUST00169,26,Male,53,Basic,One Year,UPI,DSL,Router,483.7,15889.09,146.35,1235.3,2,24,7.0,20,South,Manager_B,No,1,483.7
CUST00170,70,Female,44,Basic,One Year,Credit Card,DSL,Router,816.61,15604.55,21.64,1941.4,7,1,2.0,0,North,Manager_C,No,1,816.61
CUST00171,58,Female,32,Family,One Year,Net Banking,DSL,Router,2646.3,60173.91,51.79,1975.7,6,12,5.0,20,East,Manager_C,No,1,2646.3
CUST00172,59,Male,70,Basic,Two Year,Credit Card,5G,Tablet,1741.3,77097.14,48.58,1302.6,9,1,5.0,5,South,Manager_B,Yes,1,1741.3
CUST00173,30,Male,32,Premium,Two Year,Credit Card,None,Tablet,3362.53,71018.39,12.13,1779.6,7,24,8.0,0,Central,Manager_C,No,1,3362.53
CUST00174,32,Female,68,Family,One Year,Auto Pay,DSL,Laptop,3039.62,141731.26,23.69,440.7,0,12,9.0,15,North,Manager_C,No,1,3039.62
CUST00175,22,Male,55,Premium,One Year,Auto Pay,Fiber,Tablet,3851.54,142710.11,7.68,529.9,3,36,8.0,0,East,Manager_D,No,1,3851.54
CUST00176,46,Male,56,Family,Two Year,Debit Card,5G,Tablet,3208.47,119274.28,44.57,1908.1,7,1,2.0,20,North,Manager_A,No,1,3208.47
CUST00177,52,Female,17,Premium,Monthly,Auto Pay,None,Router,2105.71,20985.3,130.13,313.7,9,24,4.0,10,Central,Manager_A,Yes,1,2105.71
CUST00178,44,Male,38,Family,One Year,Net Banking,None,Tablet,3126.46,64704.18,51.58,422.7,1,12,2.0,10,East,Manager_B,No,1,3126.46
CUST00179,44,Male,24,Standard,Two Year,Net Banking,DSL,Router,1456.6,26797.2,19.43,870.1,6,24,6.0,10,East,Manager_C,No,1,1456.6
CUST00180,25,Female,69,Basic,Two Year,Credit Card,5G,Smartphone,1586.52,71715.16,97.21,1199.7,7,12,4.0,5,South,Manager_B,No,1,1586.52
CUST00181,49,Male,70,Basic,One Year,Net Banking,DSL,Smartphone,3613.74,176207.88,149.49,1227.4,8,12,7.0,5,West,Manager_B,No,1,3613.74
CUST00182,37,Female,11,Family,Monthly,Auto Pay,Fiber,Smartphone,2174.96,17939.85,35.62,619.4,6,1,2.0,10,Central,Manager_A,No,1,2174.96
CUST00183,27,Male,16,Premium,Two Year,Auto Pay,None,Smartphone,3653.2,36261.84,42.66,1845.2,8,36,9.0,15,West,Manager_C,No,1,3653.2
CUST00184,30,Male,59,Standard,One Year,Auto Pay,None,Smartphone,3754.17,152998.37,145.81,1834.4,1,12,5.0,20,Central,Manager_B,No,1,3754.17
CUST00185,46,Male,70,Premium,Two Year,UPI,5G,Smartphone,3901.76,187837.78,27.64,814.5,10,24,1.0,15,North,Manager_B,No,1,3901.76
CUST00186,52,Female,3,Basic,Two Year,Net Banking,None,Smartphone,4149.87,7204.58,77.17,896.9,0,12,3.0,10,West,Manager_A,No,1,4149.87
CUST00187,25,Male,20,Basic,Two Year,Debit Card,5G,Router,2110.14,34103.42,36.71,1419.9,0,36,4.0,20,East,Manager_A,No,1,2110.14
CUST00188,46,Male,59,Premium,Two Year,Net Banking,DSL,Router,1639.24,61700.23,139.92,1342.8,10,24,3.0,5,South,Manager_A,No,1,1639.24
CUST00189,48,Male,36,Family,Monthly,Net Banking,Fiber,Router,2745.23,66683.76,147.25,795.5,3,12,6.0,0,Central,Manager_B,No,1,2745.23
CUST00190,58,Male,19,Family,One Year,UPI,5G,Router,1858.92,26403.36,122.39,857.8,0,12,6.0,0,South,Manager_C,No,1,1858.92
CUST00191,47,Male,67,Premium,One Year,Net Banking,DSL,Tablet,2824.51,130085.35,47.9,728.7,6,1,10.0,20,Central,Manager_A,No,1,2824.51
CUST00192,39,Male,19,Basic,One Year,Credit Card,Fiber,Tablet,3263.46,44444.77,61.12,509.0,7,36,7.0,15,East,Manager_A,No,1,3263.46
CUST00193,38,Female,20,Premium,One Year,Auto Pay,None,Laptop,3191.3,40887.38,37.1,943.4,2,12,9.0,20,East,Manager_C,No,1,3191.3
CUST00194,29,Male,71,Basic,One Year,Auto Pay,Fiber,Tablet,1873.12,94129.5,133.72,1388.5,0,36,10.0,15,East,Manager_B,No,1,1873.12
CUST00195,28,Female,52,Premium,Monthly,UPI,Fiber,Router,1000.81,34072.61,137.27,1496.8,2,12,9.0,15,East,Manager_B,No,1,1000.81
CUST00196,19,Female,33,Family,Two Year,Auto Pay,Fiber,Router,2108.22,43535.7,63.41,1568.8,1,24,7.0,0,East,Manager_C,Yes,1,2108.22
CUST00197,67,Male,40,Standard,Two Year,Credit Card,None,Smartphone,898.9,21198.98,98.82,780.7,5,36,1.0,5,South,Manager_A,No,1,898.9
CUST00198,58,Male,39,Basic,One Year,UPI,5G,Smartphone,4038.41,114698.6,25.67,1541.0,10,24,3.0,10,North,Manager_D,No,1,4038.41
CUST00199,19,Female,1,Standard,Two Year,Debit Card,5G,Laptop,1752.69,1752.69,65.81,62.7,6,36,5.0,5,West,Manager_C,No,1,1752.69
CUST00200,51,Female,11,Family,Two Year,Auto Pay,Fiber,Tablet,948.73,13415.53,95.09,980.2,8,24,10.0,10,South,Manager_D,No,1,948.73
CUST00201,20,Male,57,Premium,Two Year,Net Banking,DSL,Router,406.88,9784.11,58.43,1598.1,4,12,6.0,0,West,Manager_B,No,1,406.88
CUST00202,33,Female,50,Family,One Year,Credit Card,DSL,Tablet,3012.45,102854.53,54.28,1278.6,3,24,6.0,10,North,Manager_B,No,1,3012.45
CUST00203,68,Male,23,Standard,One Year,Credit Card,Fiber,Laptop,2974.99,47101.93,1.15,974.4,0,24,5.0,15,Central,Manager_D,No,1,2974.99
CUST00204,21,Male,31,Family,Monthly,Auto Pay,Fiber,Smartphone,1730.54,43870.63,120.84,1307.1,10,12,6.0,20,North,Manager_A,No,1,1730.54
CUST00205,40,Male,42,Family,One Year,Debit Card,DSL,Router,601.19,13561.31,133.51,1818.5,5,36,9.0,10,North,Manager_D,No,1,601.19
CUST00206,67,Female,7,Premium,Monthly,Net Banking,Fiber,Smartphone,2020.44,4775.4,145.45,1154.4,10,24,1.0,5,Central,Manager_A,Yes,1,2020.44
CUST00207,37,Female,16,Standard,One Year,Debit Card,Fiber,Router,1607.11,16559.95,108.17,1609.6,7,1,1.0,0,West,Manager_C,No,1,1607.11
CUST00208,42,Female,60,Standard,Two Year,Debit Card,5G,Smartphone,3143.91,134080.41,82.77,1962.4,3,1,9.0,0,East,Manager_B,No,1,3143.91
CUST00209,47,Male,2,Standard,Monthly,Auto Pay,5G,Smartphone,2844.27,2844.27,41.12,1425.9,0,24,8.0,20,Central,Manager_B,No,1,2844.27
CUST00210,35,Female,1,Basic,Monthly,Net Banking,Fiber,Laptop,1831.29,1831.29,149.9,1168.0,4,24,9.0,15,Central,Manager_D,Yes,1,1831.29
CUST00211,59,Male,48,Family,Monthly,Auto Pay,Fiber,Tablet,1215.15,39183.64,88.87,123.1,9,24,7.0,15,North,Manager_C,No,1,1215.15
CUST00212,28,Female,12,Standard,One Year,Auto Pay,None,Smartphone,4449.75,40345.61,102.49,780.2,4,36,10.0,0,Central,Manager_D,No,1,4449.75
CUST00213,46,Male,69,Family,Monthly,Credit Card,5G,Router,2206.81,96444.23,102.68,1152.6,1,12,6.0,15,South,Manager_D,No,1,2206.81
CUST00214,34,Male,37,Premium,One Year,Auto Pay,Fiber,Tablet,3190.75,82944.83,126.94,1604.6,5,1,9.0,20,East,Manager_D,No,1,3190.75
CUST00215,43,Male,32,Premium,Monthly,UPI,None,Tablet,890.32,13813.94,2.44,904.3,9,1,2.0,0,North,Manager_A,No,1,890.32
CUST00216,40,Female,9,Basic,One Year,Net Banking,None,Smartphone,2339.48,13304.09,33.82,1922.1,8,36,4.0,15,West,Manager_B,Yes,1,2339.48
CUST00217,69,Male,19,Basic,Monthly,Credit Card,None,Smartphone,415.65,9028.31,100.16,580.0,5,24,2.0,10,West,Manager_B,No,1,415.65
CUST00218,65,Male,48,Premium,Two Year,Net Banking,None,Smartphone,2422.91,71595.79,134.38,1501.9,7,24,6.0,10,West,Manager_D,No,1,2422.91
CUST00219,37,Male,3,Standard,Two Year,Credit Card,5G,Tablet,4348.87,9605.31,103.12,867.1,9,12,1.0,15,West,Manager_A,No,1,4348.87
CUST00220,62,Female,20,Premium,Monthly,UPI,None,Laptop,1913.67,31590.47,62.61,997.7,2,12,7.0,10,West,Manager_B,No,1,1913.67
CUST00221,19,Female,24,Family,One Year,Auto Pay,5G,Smartphone,463.78,9790.15,54.87,1614.9,9,1,7.0,20,North,Manager_A,No,1,463.78
CUST00222,41,Female,54,Basic,One Year,Credit Card,None,Tablet,430.01,11877.23,110.95,627.6,1,12,7.0,5,South,Manager_C,No,1,430.01
CUST00223,48,Male,33,Basic,One Year,Credit Card,None,Tablet,1929.54,50043.47,111.44,238.8,3,1,4.0,20,South,Manager_A,No,1,1929.54
CUST00224,44,Male,24,Premium,Two Year,Credit Card,DSL,Router,972.1,18845.56,91.45,1064.5,8,36,8.0,20,West,Manager_A,Yes,1,972.1
CUST00225,19,Female,72,Standard,Two Year,UPI,5G,Smartphone,398.08,9805.6,44.43,1081.1,8,24,5.0,15,South,Manager_C,No,1,398.08
CUST00226,31,Male,36,Standard,Two Year,Net Banking,DSL,Laptop,3476.1,87747.62,138.85,1604.5,2,24,2.0,20,East,Manager_B,No,1,3476.1
CUST00227,21,Male,38,Family,One Year,UPI,DSL,Router,2225.8,53530.06,83.23,1938.2,0,1,5.0,15,South,Manager_B,No,1,2225.8
CUST00228,66,Male,25,Basic,One Year,Credit Card,None,Smartphone,1514.83,26229.98,118.78,157.8,0,24,10.0,0,Central,Manager_A,No,1,1514.83
CUST00229,30,Female,18,Premium,One Year,Credit Card,5G,Router,4080.35,54004.22,32.93,1203.8,3,36,9.0,15,West,Manager_A,No,1,4080.35
CUST00230,53,Male,66,Premium,Monthly,Auto Pay,Fiber,Smartphone,787.78,31914.3,52.26,1378.5,3,12,10.0,15,Central,Manager_C,No,1,787.78
CUST00231,52,Female,54,Basic,Monthly,UPI,None,Router,4314.86,147107.0,131.31,1972.3,10,36,1.0,0,Central,Manager_C,No,1,4314.86
CUST00232,61,Female,35,Premium,Monthly,UPI,5G,Laptop,1618.66,45296.46,8.47,1888.1,9,24,2.0,5,West,Manager_B,No,1,1618.66
CUST00233,25,Male,61,Basic,Two Year,Debit Card,DSL,Router,4031.3,169762.45,77.33,1439.3,5,36,10.0,0,North,Manager_B,No,1,4031.3
CUST00234,19,Male,41,Standard,Two Year,Net Banking,5G,Router,2832.36,76981.56,72.77,1067.5,4,24,8.0,15,South,Manager_C,No,1,2832.36
CUST00235,23,Other,33,Standard,One Year,Debit Card,None,Router,3772.17,87254.85,112.93,365.0,5,1,5.0,10,East,Manager_A,No,1,3772.17
CUST00236,48,Female,68,Premium,Monthly,Debit Card,5G,Smartphone,4432.86,199109.39,43.0,799.1,9,12,9.0,15,North,Manager_C,No,1,4432.86
CUST00237,27,Female,33,Standard,One Year,Net Banking,DSL,Smartphone,1511.3,33733.45,33.64,1191.0,6,12,6.0,0,East,Manager_B,No,1,1511.3
CUST00238,61,Female,14,Standard,Monthly,Auto Pay,5G,Laptop,4336.77,39755.08,138.99,1464.1,6,24,8.0,15,West,Manager_A,No,1,4336.77
CUST00239,38,Male,21,Family,Monthly,Auto Pay,5G,Router,1935.82,25456.76,86.18,1289.0,9,24,1.0,0,South,Manager_D,No,1,1935.82
CUST00240,59,Female,48,Basic,One Year,Net Banking,DSL,Tablet,1919.15,63209.31,16.6,1442.5,9,12,9.0,20,North,Manager_D,No,1,1919.15
CUST00241,27,Male,20,Basic,One Year,Net Banking,None,Router,1729.63,17020.84,29.76,886.8,8,36,9.0,5,West,Manager_C,No,1,1729.63
CUST00242,40,Female,8,Premium,Monthly,UPI,Fiber,Tablet,2573.91,12469.62,149.83,1468.9,5,36,3.0,5,North,Manager_B,No,1,2573.91
CUST00243,20,Female,7,Basic,Monthly,UPI,DSL,Tablet,947.41,5993.64,30.15,330.3,7,36,1.0,0,Central,Manager_A,No,1,947.41
CUST00244,49,Female,67,Family,Two Year,UPI,DSL,Router,2625.59,126466.86,91.96,367.0,1,12,8.0,5,South,Manager_D,No,1,2625.59
CUST00245,37,Female,17,Premium,One Year,UPI,None,Tablet,2575.16,23347.48,63.6,367.5,7,1,8.0,10,South,Manager_A,No,1,2575.16
CUST00246,27,Female,33,Premium,One Year,Credit Card,None,Tablet,3499.99,79602.55,132.95,1787.2,8,24,9.0,10,West,Manager_A,No,1,3499.99
CUST00247,46,Male,48,Basic,One Year,Credit Card,5G,Router,3801.33,124793.3,113.52,198.3,3,24,6.0,5,West,Manager_A,No,1,3801.33
CUST00248,58,Female,59,Standard,One Year,Auto Pay,DSL,Smartphone,2149.85,75177.17,89.95,1612.9,4,12,9.0,0,West,Manager_A,No,1,2149.85
CUST00249,69,Male,22,Standard,Monthly,Credit Card,5G,Router,1569.8,25076.39,2.6,505.5,4,1,10.0,10,South,Manager_C,No,1,1569.8
CUST00250,68,Female,30,Standard,Two Year,Credit Card,5G,Laptop,1389.21,32185.63,132.09,963.4,1,12,9.0,5,Central,Manager_A,No,1,1389.21
CUST00251,63,Male,38,Standard,One Year,UPI,None,Tablet,1117.42,31251.24,67.26,1836.1,4,36,4.0,15,South,Manager_D,No,1,1117.42
CUST00252,51,Male,51,Family,Monthly,UPI,None,Laptop,542.12,18012.44,139.81,1192.6,8,36,5.0,10,West,Manager_D,No,1,542.12
CUST00253,54,Female,54,Premium,Monthly,Net Banking,5G,Tablet,1738.28,64244.28,74.84,459.7,3,24,6.0,20,East,Manager_C,No,1,1738.28
CUST00254,37,Other,8,Standard,Monthly,UPI,DSL,Smartphone,1435.04,8502.77,104.44,604.0,9,24,6.0,10,Central,Manager_D,No,1,1435.04
CUST00255,25,Male,27,Family,Monthly,Net Banking,DSL,Tablet,4358.95,70013.81,11.32,1844.9,2,24,10.0,5,South,Manager_A,No,1,4358.95
CUST00256,24,Female,27,Premium,Monthly,Net Banking,5G,Router,2642.38,48529.44,112.03,882.9,6,24,2.0,5,East,Manager_D,No,1,2642.38
CUST00257,23,Female,21,Basic,One Year,Credit Card,Fiber,Tablet,1758.56,22784.49,51.36,1194.6,7,36,4.0,5,Central,Manager_B,Yes,1,1758.56
CUST00258,28,Female,30,Basic,One Year,UPI,Fiber,Laptop,2737.96,51235.09,53.35,946.9,9,36,9.0,0,South,Manager_A,No,1,2737.96
CUST00259,61,Male,28,Family,Two Year,Credit Card,None,Router,884.63,28937.94,18.68,788.0,5,1,7.0,0,West,Manager_C,No,1,884.63
CUST00260,35,Female,64,Premium,One Year,UPI,DSL,Laptop,2164.98,98635.56,22.88,485.4,5,24,9.0,15,South,Manager_B,No,1,2164.98
CUST00261,68,Female,69,Standard,Monthly,Credit Card,5G,Smartphone,2930.18,129037.42,28.68,1388.1,4,12,6.0,15,Central,Manager_D,No,1,2930.18
CUST00262,59,Male,61,Premium,Two Year,Credit Card,5G,Laptop,2353.37,97436.89,49.9,1450.6,10,1,7.0,10,West,Manager_B,No,1,2353.37
CUST00263,46,Female,48,Standard,Monthly,Credit Card,DSL,Laptop,1987.47,70889.17,133.9,586.0,5,1,9.0,5,North,Manager_D,No,1,1987.47
CUST00264,42,Female,19,Family,Monthly,Auto Pay,None,Laptop,4474.16,49191.7,55.87,1588.6,8,36,4.0,15,East,Manager_D,No,1,4474.16
CUST00265,38,Female,4,Standard,One Year,Credit Card,None,Router,3997.32,11044.44,108.93,1716.3,1,24,9.0,5,West,Manager_D,No,1,3997.32
CUST00266,63,Male,35,Family,Monthly,Debit Card,Fiber,Smartphone,2918.31,68714.26,13.33,1845.3,9,1,3.0,10,West,Manager_C,No,1,2918.31
CUST00267,20,Male,64,Premium,One Year,Debit Card,DSL,Smartphone,2691.38,108459.75,89.07,364.4,10,24,8.0,0,Central,Manager_B,No,1,2691.38
CUST00268,35,Female,49,Premium,Monthly,Debit Card,DSL,Smartphone,2906.77,96852.24,72.8,642.7,2,36,3.0,15,Central,Manager_C,No,1,2906.77
CUST00269,41,Male,17,Standard,Two Year,Net Banking,5G,Laptop,1145.51,18563.68,146.72,1727.7,0,1,3.0,20,East,Manager_D,No,1,1145.51
CUST00270,64,Female,44,Premium,Monthly,Credit Card,DSL,Router,1959.58,65021.25,127.08,437.2,3,1,3.0,20,Central,Manager_A,No,1,1959.58
CUST00271,55,Male,30,Standard,One Year,Debit Card,Fiber,Router,465.73,8067.78,68.77,56.8,1,12,9.0,20,West,Manager_A,No,1,465.73
CUST00272,27,Male,46,Premium,Monthly,Net Banking,DSL,Router,2297.29,82958.45,116.5,1748.1,5,36,10.0,20,East,Manager_C,No,1,2297.29
CUST00273,44,Male,6,Basic,One Year,Debit Card,5G,Laptop,2580.7,2580.7,29.76,686.6,0,12,3.0,20,East,Manager_A,No,1,2580.7
CUST00274,29,Female,37,Standard,One Year,UPI,Fiber,Smartphone,1256.55,32775.98,84.79,858.3,7,36,6.0,20,South,Manager_B,No,1,1256.55
CUST00275,24,Male,24,Family,Two Year,Auto Pay,5G,Laptop,4348.92,62521.25,12.12,920.4,9,12,4.0,20,West,Manager_A,No,1,4348.92
CUST00276,34,Female,46,Basic,One Year,Credit Card,DSL,Router,4119.71,126788.69,52.87,1704.1,5,36,2.0,15,West,Manager_A,No,1,4119.71
CUST00277,18,Female,53,Family,Two Year,Auto Pay,None,Laptop,3333.0,115156.47,34.65,708.9,8,36,3.0,20,Central,Manager_D,No,1,3333.0
CUST00278,67,Female,60,Premium,Two Year,Auto Pay,DSL,Tablet,2540.22,104143.19,108.12,1789.9,5,1,5.0,20,West,Manager_B,No,1,2540.22
CUST00279,43,Female,63,Basic,Monthly,UPI,DSL,Smartphone,3953.87,165428.14,74.02,1253.0,9,12,10.0,10,Central,Manager_B,No,1,3953.87
CUST00280,32,Male,32,Premium,Two Year,UPI,5G,Smartphone,848.74,13976.53,112.91,1078.2,6,12,4.0,15,West,Manager_A,No,1,848.74
CUST00281,68,Male,33,Standard,One Year,UPI,None,Router,3620.14,75841.63,77.78,684.9,4,12,5.0,10,South,Manager_D,No,1,3620.14
CUST00282,50,Male,67,Family,One Year,Net Banking,DSL,Laptop,824.25,46478.8,13.89,525.2,7,1,1.0,5,West,Manager_A,Yes,1,824.25
CUST00283,54,Female,18,Premium,Two Year,Debit Card,Fiber,Router,3635.68,45845.78,110.57,1266.9,7,24,4.0,20,South,Manager_A,No,1,3635.68
CUST00284,64,Female,25,Family,Monthly,Credit Card,Fiber,Laptop,1458.22,15793.02,125.15,921.4,9,36,10.0,0,West,Manager_C,No,1,1458.22
CUST00285,48,Male,54,Family,Two Year,UPI,5G,Tablet,3983.78,146170.02,135.63,1825.5,8,12,3.0,20,West,Manager_D,No,1,3983.78
CUST00286,52,Male,58,Premium,Two Year,Credit Card,5G,Smartphone,4264.98,163939.18,86.23,1008.7,5,36,2.0,20,North,Manager_C,No,1,4264.98
CUST00287,18,Female,67,Standard,One Year,Credit Card,None,Smartphone,924.94,41336.99,113.28,1048.0,0,1,7.0,10,West,Manager_A,No,1,924.94
CUST00288,25,Male,46,Family,Monthly,Credit Card,5G,Laptop,2243.24,72892.13,113.05,862.6,8,36,10.0,5,South,Manager_A,No,1,2243.24
CUST00289,29,Female,24,Premium,Monthly,UPI,None,Smartphone,4420.15,76638.54,24.21,1589.1,2,1,9.0,10,East,Manager_D,No,1,4420.15
CUST00290,36,Male,32,Standard,Monthly,UPI,DSL,Laptop,2330.31,45419.22,25.47,878.4,8,24,1.0,15,South,Manager_B,No,1,2330.31
CUST00291,42,Female,47,Premium,Monthly,Debit Card,Fiber,Router,3926.9,122894.16,11.56,575.2,6,12,7.0,5,West,Manager_A,Yes,1,3926.9
CUST00292,49,Male,23,Standard,One Year,UPI,Fiber,Tablet,2772.67,39783.72,48.67,1731.0,2,1,1.0,5,Central,Manager_A,No,1,2772.67
CUST00293,29,Male,66,Family,Monthly,UPI,Fiber,Laptop,1876.39,85545.47,71.55,1213.8,8,36,5.0,5,North,Manager_C,No,1,1876.39
CUST00294,30,Male,27,Basic,Monthly,Credit Card,5G,Tablet,1500.29,25843.7,149.69,1203.4,6,1,1.0,10,Central,Manager_C,No,1,1500.29
CUST00295,45,Male,2,Premium,Monthly,Debit Card,5G,Router,1153.54,1684.31,65.22,1241.1,6,1,3.0,20,North,Manager_D,Yes,1,1153.54
CUST00296,18,Male,17,Family,One Year,Auto Pay,DSL,Router,3499.55,38310.18,109.21,1451.7,6,24,8.0,20,North,Manager_C,No,1,3499.55
CUST00297,68,Male,33,Premium,One Year,UPI,5G,Router,1923.47,41785.74,104.32,660.5,1,12,4.0,20,Central,Manager_B,No,1,1923.47
CUST00298,23,Female,9,Premium,Monthly,UPI,None,Laptop,2447.36,23207.42,31.47,116.0,10,1,1.0,20,West,Manager_A,No,1,2447.36
CUST00299,25,Male,43,Standard,One Year,Auto Pay,Fiber,Tablet,2367.77,79829.9,9.72,1630.7,3,1,1.0,20,South,Manager_C,No,1,2367.77
CUST00300,21,Female,48,Premium,Two Year,Credit Card,DSL,Tablet,2724.57,89071.7,82.36,301.4,9,36,8.0,15,Central,Manager_B,No,1,2724.57
CUST00301,22,Male,39,Standard,Monthly,Debit Card,None,Smartphone,3935.42,101821.07,105.35,1457.5,7,1,8.0,0,East,Manager_A,No,1,3935.42
CUST00302,42,Female,42,Family,One Year,Credit Card,None,Laptop,4419.11,115756.9,149.74,210.5,1,1,4.0,5,North,Manager_A,Yes,1,4419.11
CUST00303,39,Female,26,Premium,Monthly,Net Banking,5G,Smartphone,2011.85,31069.98,54.43,781.9,3,12,4.0,0,South,Manager_B,No,1,2011.85
CUST00304,45,Male,50,Family,Monthly,UPI,5G,Smartphone,3775.58,125218.99,134.56,172.9,9,12,10.0,15,East,Manager_A,Yes,1,3775.58
CUST00305,56,Male,25,Basic,One Year,Net Banking,Fiber,Laptop,3511.02,54941.68,57.91,1068.3,7,36,2.0,20,South,Manager_B,No,1,3511.02
CUST00306,40,Male,24,Family,Two Year,UPI,DSL,Smartphone,2708.82,40291.62,103.72,1323.6,2,1,2.0,15,West,Manager_B,No,1,2708.82
CUST00307,21,Male,13,Premium,Monthly,Net Banking,None,Smartphone,4315.4,45277.08,90.14,384.3,5,1,6.0,15,East,Manager_C,No,1,4315.4
CUST00308,69,Female,60,Basic,Two Year,Auto Pay,5G,Smartphone,1141.99,45823.55,8.89,774.7,1,1,8.0,0,Central,Manager_D,No,1,1141.99
CUST00309,21,Female,7,Standard,One Year,UPI,5G,Router,758.91,4132.64,12.68,1864.0,7,24,7.0,5,South,Manager_B,No,1,758.91
CUST00310,64,Female,57,Basic,Monthly,UPI,DSL,Laptop,3886.64,144321.37,4.09,912.7,7,24,7.0,10,Central,Manager_C,No,1,3886.64
CUST00311,38,Female,36,Premium,One Year,Net Banking,DSL,Router,2144.43,57354.04,56.25,1615.0,0,36,3.0,10,Central,Manager_A,No,1,2144.43
CUST00312,54,Female,45,Premium,One Year,Debit Card,5G,Smartphone,3857.27,114655.21,112.12,1858.0,2,24,2.0,5,South,Manager_C,No,1,3857.27
CUST00313,58,Female,20,Family,One Year,Net Banking,5G,Smartphone,4050.98,51408.75,26.74,1950.0,1,36,10.0,20,South,Manager_B,No,1,4050.98
CUST00314,19,Female,65,Standard,One Year,UPI,Fiber,Router,562.32,16463.45,91.27,1801.7,6,1,7.0,15,North,Manager_C,No,1,562.32
CUST00315,24,Female,8,Premium,Monthly,UPI,DSL,Smartphone,4010.55,21084.09,44.04,668.9,6,24,4.0,20,North,Manager_D,Yes,1,4010.55
CUST00316,66,Male,16,Premium,Two Year,Debit Card,None,Laptop,2182.94,20524.4,119.75,1927.0,3,12,1.0,15,East,Manager_A,No,1,2182.94
CUST00317,33,Male,14,Standard,Two Year,Credit Card,5G,Tablet,2443.82,31231.89,119.96,1634.2,7,24,1.0,10,East,Manager_C,No,1,2443.82
CUST00318,34,Female,15,Standard,Monthly,Debit Card,5G,Router,2931.69,38536.39,116.54,1682.5,2,1,4.0,5,East,Manager_A,Yes,1,2931.69
CUST00319,37,Male,66,Family,Monthly,Credit Card,5G,Tablet,4190.81,178219.24,79.2,79.6,8,12,5.0,0,North,Manager_B,No,1,4190.81
CUST00320,40,Male,32,Basic,Two Year,UPI,5G,Tablet,380.29,2502.09,43.4,1910.8,4,36,5.0,0,Central,Manager_D,No,1,380.29
CUST00321,51,Male,63,Standard,Two Year,Auto Pay,Fiber,Tablet,2302.74,95333.48,121.61,1567.3,1,1,1.0,5,West,Manager_D,No,1,2302.74
CUST00322,28,Male,51,Premium,Monthly,Auto Pay,DSL,Router,3188.43,104326.43,28.73,1547.5,8,12,3.0,10,West,Manager_C,No,1,3188.43
CUST00323,51,Female,25,Standard,One Year,Net Banking,5G,Smartphone,3335.37,56676.58,44.17,209.0,0,24,6.0,15,South,Manager_A,No,1,3335.37
CUST00324,50,Male,58,Premium,Monthly,Debit Card,DSL,Laptop,3208.64,122434.3,28.41,503.5,10,36,10.0,0,North,Manager_A,No,1,3208.64
CUST00325,43,Female,63,Family,Two Year,Debit Card,None,Smartphone,864.63,37717.12,101.46,1926.4,7,24,7.0,10,South,Manager_C,No,1,864.63
CUST00326,19,Female,62,Basic,One Year,Auto Pay,None,Laptop,1557.46,69455.48,103.25,1026.3,5,12,1.0,5,West,Manager_C,No,1,1557.46
CUST00327,40,Male,22,Family,Two Year,Credit Card,None,Smartphone,,21175.84,98.22,825.8,0,12,8.0,20,South,Manager_C,Yes,1,1806.61
CUST00328,58,Female,58,Standard,One Year,Debit Card,None,Tablet,3678.64,147216.8,62.92,1687.9,3,1,4.0,10,North,Manager_C,No,1,3678.64
CUST00329,39,Female,58,Premium,Two Year,Credit Card,DSL,Tablet,1470.79,53227.28,15.93,220.3,2,36,9.0,10,North,Manager_D,No,1,1470.79
CUST00330,51,Male,49,Standard,One Year,Credit Card,None,Laptop,1184.96,49451.11,136.76,863.0,6,36,6.0,20,North,Manager_C,No,1,1184.96
CUST00331,32,Male,52,Standard,Monthly,Credit Card,None,Router,4321.28,157909.25,76.65,782.6,6,12,1.0,10,West,Manager_A,No,1,4321.28
CUST00332,27,Male,42,Standard,Monthly,Credit Card,5G,Smartphone,337.23,8877.04,61.64,732.2,5,1,2.0,0,North,Manager_B,Yes,1,337.23
CUST00333,32,Female,70,Standard,One Year,Net Banking,5G,Tablet,4490.85,204755.08,88.73,650.0,9,12,3.0,0,East,Manager_A,No,1,4490.85
CUST00334,59,Female,15,Basic,One Year,Net Banking,5G,Laptop,3142.65,25652.17,29.73,459.6,9,12,2.0,0,East,Manager_C,No,1,3142.65
CUST00335,46,Male,54,Premium,Monthly,Auto Pay,Fiber,Smartphone,3779.57,140432.66,20.75,387.2,7,36,10.0,10,North,Manager_D,No,1,3779.57
CUST00336,40,Male,60,Standard,Monthly,Net Banking,5G,Laptop,1537.4,61343.99,61.42,1298.8,6,24,7.0,10,East,Manager_C,Yes,1,1537.4
CUST00337,34,Male,8,Premium,One Year,Debit Card,None,Router,360.12,6554.97,34.86,1842.8,3,24,1.0,10,North,Manager_B,Yes,1,360.12
CUST00338,26,Female,53,Basic,One Year,Net Banking,DSL,Router,3399.05,131120.91,37.4,1042.3,6,36,9.0,5,West,Manager_C,No,1,3399.05
CUST00339,67,Male,60,Premium,Monthly,Debit Card,None,Smartphone,3803.41,148284.49,133.98,631.1,0,1,2.0,20,East,Manager_B,Yes,1,3803.41
CUST00340,53,Female,5,Premium,Two Year,Debit Card,DSL,Router,3410.0,5215.98,80.08,360.4,2,36,4.0,10,West,Manager_C,No,1,3410.0
CUST00341,26,Male,68,Basic,Monthly,Credit Card,None,Smartphone,899.97,41761.44,73.04,1668.8,1,1,8.0,20,East,Manager_D,No,1,899.97
CUST00342,33,Female,6,Standard,One Year,Auto Pay,Fiber,Smartphone,3464.4,19581.4,103.73,1944.4,6,36,3.0,15,Central,Manager_A,No,1,3464.4
CUST00343,53,Female,47,Premium,One Year,Credit Card,5G,Router,3529.48,105888.07,142.78,730.9,8,1,9.0,0,Central,Manager_B,No,1,3529.48
CUST00344,65,Female,55,Family,Two Year,Credit Card,None,Laptop,3065.87,112588.36,17.72,617.4,4,12,7.0,5,West,Manager_A,No,1,3065.87
CUST00345,68,Male,40,Premium,Monthly,Net Banking,5G,Laptop,3517.69,100655.28,125.2,1222.9,8,12,10.0,20,East,Manager_C,Yes,1,3517.69
CUST00346,50,Female,52,Standard,One Year,Net Banking,Fiber,Smartphone,3852.87,125401.77,88.02,1561.9,7,1,3.0,0,Central,Manager_A,Yes,1,3852.87
CUST00347,48,Male,16,Family,Monthly,Debit Card,Fiber,Tablet,2877.14,31866.08,22.78,938.0,0,36,3.0,5,North,Manager_D,No,1,2877.14
CUST00348,23,Male,13,Standard,One Year,Net Banking,5G,Smartphone,672.14,3124.7,45.28,1278.6,10,12,5.0,0,South,Manager_D,Yes,1,672.14
CUST00349,27,Female,30,Premium,Two Year,Net Banking,5G,Laptop,2348.04,47581.58,72.87,1447.3,1,36,5.0,10,Central,Manager_A,No,1,2348.04
CUST00350,33,Female,19,Basic,Monthly,UPI,DSL,Smartphone,626.13,11479.9,103.99,1923.2,5,24,10.0,10,Central,Manager_A,No,1,626.13
CUST00351,21,Female,17,Standard,Monthly,Debit Card,5G,Laptop,2011.68,23903.08,37.15,371.8,4,12,5.0,0,North,Manager_D,No,1,2011.68
CUST00352,39,Male,63,Standard,Two Year,Debit Card,5G,Router,2009.85,79362.59,80.7,1994.9,10,36,9.0,5,Central,Manager_B,No,1,2009.85
CUST00353,30,Female,19,Basic,One Year,UPI,DSL,Smartphone,577.24,4805.48,103.02,814.7,6,36,9.0,0,Central,Manager_B,No,1,577.24
CUST00354,33,Female,58,Premium,One Year,Debit Card,None,Smartphone,1765.05,75381.56,67.86,1460.2,8,24,6.0,15,Central,Manager_D,Yes,1,1765.05
CUST00355,69,Female,55,Standard,Monthly,Auto Pay,DSL,Router,766.19,29738.3,129.59,1166.2,3,36,7.0,5,East,Manager_D,No,1,766.19
CUST00356,46,Female,62,Premium,Two Year,Auto Pay,None,Router,3694.59,156911.32,130.55,999.0,7,1,10.0,5,Central,Manager_B,No,1,3694.59
CUST00357,23,Female,23,Premium,Monthly,UPI,None,Tablet,4280.29,66882.59,71.13,1411.2,3,12,8.0,0,South,Manager_A,No,1,4280.29
CUST00358,43,Male,9,Premium,Monthly,Net Banking,None,Router,603.73,7667.96,145.97,821.7,2,1,9.0,20,East,Manager_A,Yes,1,603.73
CUST00359,28,Female,12,Basic,One Year,Auto Pay,DSL,Tablet,4311.48,32511.11,12.26,295.9,1,24,6.0,0,East,Manager_C,No,1,4311.48
CUST00360,41,Female,1,Premium,One Year,UPI,DSL,Router,2494.82,2494.82,1.5,1003.3,7,1,8.0,20,West,Manager_B,No,1,2494.82
CUST00361,46,Other,58,Premium,One Year,Auto Pay,Fiber,Laptop,1558.18,64068.12,57.72,1067.7,10,36,2.0,5,Central,Manager_D,No,1,1558.18
CUST00362,20,Male,1,Family,One Year,Credit Card,None,Smartphone,622.82,6052.08,90.56,443.7,7,24,10.0,10,South,Manager_C,No,1,622.82
CUST00363,69,Male,34,Family,One Year,UPI,DSL,Router,2402.62,49887.98,94.75,1874.5,10,24,8.0,10,South,Manager_A,No,1,2402.62
CUST00364,27,Male,48,Family,Two Year,Debit Card,Fiber,Laptop,3636.97,113503.32,71.99,493.6,2,1,2.0,0,West,Manager_B,No,1,3636.97
CUST00365,18,Female,1,Standard,Monthly,Auto Pay,None,Router,3269.76,3269.76,19.61,848.0,0,24,8.0,20,South,Manager_C,Yes,1,3269.76
CUST00366,69,Female,16,Standard,Two Year,Debit Card,DSL,Smartphone,510.95,13549.26,26.4,352.1,5,1,2.0,0,East,Manager_A,No,1,510.95
CUST00367,60,Male,61,Family,Monthly,UPI,DSL,Router,606.19,27467.4,127.97,1094.8,4,1,3.0,15,North,Manager_D,No,1,606.19
CUST00368,43,Female,64,Basic,One Year,Auto Pay,DSL,Router,1992.07,78374.55,130.32,649.9,7,1,7.0,0,East,Manager_A,No,1,1992.07
CUST00369,29,Female,63,Basic,Two Year,Debit Card,5G,Smartphone,1540.22,64224.33,101.41,1004.1,5,24,9.0,0,North,Manager_A,No,1,1540.22
CUST00370,31,Female,69,Family,Monthly,Net Banking,Fiber,Router,1276.01,57467.07,99.97,488.0,3,24,3.0,0,South,Manager_B,No,1,1276.01
CUST00371,42,Male,22,Standard,One Year,Net Banking,DSL,Smartphone,1480.22,15843.55,90.05,154.9,9,12,5.0,0,Central,Manager_D,No,1,1480.22
CUST00372,25,Female,67,Standard,One Year,Credit Card,5G,Tablet,3674.63,163609.51,31.24,1569.5,9,1,9.0,20,North,Manager_B,No,1,3674.63
CUST00373,60,Male,26,Basic,Two Year,UPI,Fiber,Router,4202.76,71397.65,64.81,1300.1,10,1,7.0,20,East,Manager_D,No,1,4202.76
CUST00374,21,Female,16,Premium,Two Year,Debit Card,Fiber,Laptop,2001.43,19540.42,104.69,714.4,1,1,2.0,20,East,Manager_C,No,1,2001.43
CUST00375,45,Male,51,Basic,Two Year,Credit Card,5G,Router,4105.67,137555.87,81.05,142.6,7,1,5.0,15,East,Manager_A,No,1,4105.67
CUST00376,24,Male,57,Premium,One Year,UPI,Fiber,Smartphone,1650.28,70067.61,3.77,1737.9,4,1,5.0,15,East,Manager_B,Yes,1,1650.28
CUST00377,27,Female,29,Standard,Monthly,Net Banking,5G,Smartphone,2301.04,42668.26,143.08,381.1,7,1,9.0,0,West,Manager_D,Yes,1,2301.04
CUST00378,68,Male,69,Standard,Monthly,Debit Card,None,Laptop,1249.32,57717.08,126.88,1864.9,4,1,2.0,20,South,Manager_B,No,1,1249.32
CUST00379,53,Male,47,Family,Two Year,Auto Pay,DSL,Laptop,2990.0,93392.84,39.82,983.3,5,12,1.0,15,Central,Manager_A,No,1,2990.0
CUST00380,19,Female,62,Standard,Monthly,Net Banking,5G,Smartphone,4411.72,179826.01,92.85,713.8,9,12,4.0,10,West,Manager_A,No,1,4411.72
CUST00381,43,Female,69,Premium,One Year,Auto Pay,Fiber,Tablet,2834.67,130792.34,138.56,1496.4,4,36,4.0,0,South,Manager_C,No,1,2834.67
CUST00382,70,Female,16,Basic,Monthly,Auto Pay,Fiber,Tablet,1802.82,19556.83,15.31,1759.8,10,1,1.0,5,North,Manager_D,Yes,1,1802.82
CUST00383,67,Male,48,Family,One Year,Debit Card,None,Smartphone,3020.83,97065.34,75.95,772.9,2,1,10.0,20,West,Manager_D,No,1,3020.83
CUST00384,31,Male,39,Premium,Two Year,Debit Card,None,Tablet,816.27,16926.85,68.98,844.3,9,12,7.0,0,West,Manager_C,No,1,816.27
CUST00385,33,Male,33,Basic,Monthly,Auto Pay,None,Laptop,4032.37,87681.52,62.12,894.7,7,12,2.0,0,West,Manager_C,Yes,1,4032.37
CUST00386,60,Male,23,Basic,One Year,Credit Card,None,Tablet,2412.95,40800.18,125.5,1848.5,2,1,9.0,5,West,Manager_D,No,1,2412.95
CUST00387,59,Female,10,Basic,Two Year,Auto Pay,None,Laptop,2187.27,13682.72,57.72,1400.5,3,1,7.0,10,North,Manager_D,No,1,2187.27
CUST00388,34,Male,69,Standard,Two Year,Auto Pay,DSL,Router,2760.63,127797.89,10.49,532.9,5,12,7.0,15,East,Manager_B,No,1,2760.63
CUST00389,63,Male,34,Basic,Two Year,Debit Card,5G,Laptop,2924.09,67114.56,10.81,410.7,1,12,1.0,15,West,Manager_D,No,1,2924.09
CUST00390,39,Male,52,Standard,Two Year,UPI,None,Router,601.46,22937.59,7.37,499.2,6,36,9.0,5,South,Manager_B,No,1,601.46
CUST00391,21,Male,10,Basic,Monthly,Net Banking,None,Laptop,3166.99,23906.52,61.96,563.9,4,36,10.0,5,East,Manager_B,No,1,3166.99
CUST00392,36,Female,19,Basic,One Year,Debit Card,DSL,Laptop,1316.11,15799.97,108.04,498.9,9,1,9.0,15,North,Manager_B,Yes,1,1316.11
CUST00393,19,Female,58,Standard,Monthly,Credit Card,5G,Tablet,3298.6,122989.19,31.35,1334.1,4,12,2.0,10,Central,Manager_B,No,1,3298.6
CUST00394,56,Male,1,Standard,One Year,Net Banking,None,Laptop,3754.65,3754.65,97.32,276.1,4,36,10.0,10,North,Manager_A,No,1,3754.65
CUST00395,26,Male,69,Premium,Two Year,Debit Card,5G,Smartphone,3676.63,174213.41,103.38,805.3,1,1,9.0,0,Central,Manager_C,No,1,3676.63
CUST00396,36,Male,4,Basic,Monthly,Debit Card,5G,Router,2620.5,10839.25,39.03,1268.9,10,36,2.0,5,South,Manager_C,No,1,2620.5
CUST00397,33,Female,16,Standard,Two Year,UPI,DSL,Router,2484.71,29750.4,90.48,617.2,9,36,2.0,5,Central,Manager_D,No,1,2484.71
CUST00398,42,Female,24,Premium,One Year,Credit Card,DSL,Laptop,900.08,18457.3,103.05,177.3,8,36,8.0,5,West,Manager_C,No,1,900.08
CUST00399,65,Male,2,Premium,Two Year,Credit Card,None,Smartphone,3556.45,3934.15,70.53,209.6,2,24,3.0,15,East,Manager_C,Yes,1,3556.45
CUST00400,35,Male,32,Standard,Monthly,Debit Card,Fiber,Laptop,1439.92,27593.91,51.17,295.6,6,1,3.0,15,East,Manager_A,Yes,1,1439.92
CUST00401,40,Female,24,Basic,Monthly,UPI,DSL,Laptop,2386.12,33275.88,93.25,1679.9,4,36,7.0,15,West,Manager_B,No,1,2386.12
CUST00402,70,Female,12,Premium,One Year,Debit Card,5G,Tablet,1493.95,6504.85,146.7,1332.8,9,1,10.0,10,East,Manager_B,Yes,1,1493.95
CUST00403,38,Female,50,Basic,One Year,Auto Pay,5G,Laptop,862.08,34796.79,64.6,175.8,9,1,6.0,15,North,Manager_B,No,1,862.08
CUST00404,28,Male,35,Basic,Monthly,Auto Pay,None,Laptop,2944.14,66230.88,59.37,812.6,4,12,7.0,0,West,Manager_C,No,1,2944.14
CUST00405,56,Male,33,Premium,Monthly,UPI,None,Tablet,528.19,16894.48,70.18,593.2,3,1,6.0,15,West,Manager_C,No,1,528.19
CUST00406,58,Male,33,Standard,Monthly,Debit Card,None,Tablet,3444.31,74840.39,12.36,1177.2,9,36,9.0,10,East,Manager_D,No,1,3444.31
CUST00407,21,Female,61,Basic,Monthly,UPI,5G,Smartphone,1633.86,63062.43,83.42,1069.5,5,1,2.0,5,Central,Manager_A,No,1,1633.86
CUST00408,42,Female,51,Family,One Year,Debit Card,DSL,Tablet,300.57,4747.56,49.98,988.2,6,12,8.0,0,South,Manager_A,No,1,300.57
CUST00409,49,Male,43,Standard,Monthly,Debit Card,Fiber,Router,2446.74,67199.11,19.09,663.3,6,24,6.0,10,Central,Manager_D,No,1,2446.74
CUST00410,47,Male,12,Premium,One Year,Auto Pay,DSL,Router,496.78,11065.43,70.47,318.7,10,24,4.0,20,North,Manager_D,Yes,1,496.78
CUST00411,62,Male,67,Family,Monthly,Net Banking,Fiber,Smartphone,1459.91,59788.26,1.5,1497.6,7,12,6.0,5,West,Manager_D,No,1,1459.91
CUST00412,43,Male,65,Basic,Monthly,Credit Card,DSL,Laptop,3269.3,152253.4,60.87,1765.7,4,36,6.0,15,West,Manager_B,No,1,3269.3
CUST00413,53,Male,33,Standard,Two Year,Credit Card,None,Smartphone,563.3,8189.56,16.75,1891.1,6,36,10.0,10,North,Manager_B,No,1,563.3
CUST00414,68,Female,40,Family,Two Year,UPI,5G,Tablet,3825.22,105755.62,4.62,164.3,3,36,3.0,20,South,Manager_B,No,1,3825.22
CUST00415,51,Male,43,Standard,Monthly,Credit Card,Fiber,Laptop,316.04,8333.56,123.85,1492.8,8,1,8.0,10,West,Manager_B,Yes,1,316.04
CUST00416,26,Male,44,Basic,One Year,Auto Pay,DSL,Smartphone,1336.66,37605.9,137.52,1466.7,4,24,5.0,15,Central,Manager_D,No,1,1336.66
CUST00417,29,Female,29,Standard,Monthly,Net Banking,5G,Smartphone,3411.8,59604.36,31.94,1896.9,2,36,10.0,10,North,Manager_D,No,1,3411.8
CUST00418,19,Male,13,Family,Two Year,Debit Card,Fiber,Router,1628.33,13620.23,81.36,543.2,4,24,4.0,20,West,Manager_D,No,1,1628.33
CUST00419,55,Male,12,Standard,Monthly,Debit Card,Fiber,Smartphone,727.95,727.95,42.42,1497.2,8,12,2.0,10,Central,Manager_B,No,1,727.95
CUST00420,22,Male,46,Premium,Two Year,Auto Pay,5G,Laptop,1812.98,47190.17,74.54,156.5,10,24,10.0,0,North,Manager_B,Yes,1,1812.98
CUST00421,22,Female,2,Premium,Monthly,Credit Card,None,Smartphone,1435.65,2512.19,66.06,1280.9,7,36,1.0,0,North,Manager_C,No,1,1435.65
CUST00422,69,Female,35,Family,Monthly,Debit Card,5G,Smartphone,3839.39,86408.65,41.09,734.2,0,24,7.0,15,North,Manager_D,No,1,3839.39
CUST00423,39,Male,8,Standard,One Year,Credit Card,None,Tablet,1616.06,17040.73,105.36,1549.4,4,12,10.0,20,South,Manager_A,No,1,1616.06
CUST00424,22,Female,26,Family,Two Year,Auto Pay,DSL,Smartphone,3613.52,67634.46,19.85,1733.4,5,24,3.0,20,North,Manager_A,No,1,3613.52
CUST00425,21,Male,34,Standard,Two Year,Debit Card,DSL,Laptop,4045.86,100193.32,8.91,761.4,9,1,3.0,20,East,Manager_C,Yes,1,4045.86
CUST00426,26,Female,7,Basic,Two Year,UPI,5G,Router,2122.03,6498.39,115.38,1074.9,10,12,3.0,20,East,Manager_B,No,1,2122.03
CUST00427,46,Female,68,Premium,One Year,Net Banking,None,Router,4121.76,187533.81,100.22,278.9,1,1,10.0,20,North,Manager_D,No,1,4121.76
CUST00428,39,Female,58,Basic,Monthly,Credit Card,DSL,Router,1884.74,59773.26,75.28,863.0,5,1,3.0,5,West,Manager_B,No,1,1884.74
CUST00429,44,Male,29,Standard,One Year,Credit Card,None,Router,4349.13,82674.17,70.7,753.6,8,36,2.0,10,East,Manager_B,No,1,4349.13
CUST00430,27,Other,36,Basic,Monthly,Credit Card,None,Tablet,675.02,16692.97,75.11,407.1,3,36,6.0,20,Central,Manager_A,No,1,675.02
CUST00431,33,Female,21,Family,One Year,Credit Card,None,Laptop,3185.48,45366.96,66.12,1794.2,2,12,10.0,0,Central,Manager_A,No,1,3185.48
CUST00432,59,Female,36,Family,One Year,Auto Pay,5G,Tablet,2374.02,56764.64,59.54,338.8,8,36,3.0,10,West,Manager_D,No,1,2374.02
CUST00433,59,Female,10,Standard,Two Year,Auto Pay,None,Router,1928.12,13187.1,75.45,1289.7,1,24,1.0,15,Central,Manager_D,No,1,1928.12
CUST00434,68,Male,24,Premium,One Year,Auto Pay,5G,Tablet,2957.39,33752.03,79.75,1785.8,8,12,10.0,15,West,Manager_B,No,1,2957.39
CUST00435,27,Male,64,Family,Monthly,Auto Pay,DSL,Smartphone,3256.2,140212.31,104.09,1828.3,10,36,9.0,20,Central,Manager_B,No,1,3256.2
CUST00436,23,Male,49,Premium,One Year,Debit Card,DSL,Laptop,318.33,12815.98,106.97,1596.8,9,36,6.0,5,North,Manager_C,No,1,318.33
CUST00437,66,Male,36,Standard,One Year,Auto Pay,Fiber,Smartphone,1001.2,30718.93,57.27,393.5,10,24,6.0,5,Central,Manager_B,No,1,1001.2
CUST00438,22,Female,24,Premium,Monthly,Debit Card,Fiber,Tablet,3294.79,54560.33,62.62,1644.0,10,1,10.0,10,North,Manager_C,No,1,3294.79
CUST00439,23,Female,23,Standard,Two Year,UPI,DSL,Smartphone,3098.82,46861.55,56.68,589.3,1,24,9.0,5,Central,Manager_B,Yes,1,3098.82
CUST00440,64,Female,62,Basic,Monthly,Auto Pay,None,Tablet,4357.4,185630.58,80.94,1848.7,10,1,2.0,15,Central,Manager_B,No,1,4357.4
CUST00441,42,Male,37,Standard,Monthly,UPI,None,Tablet,3496.36,74456.88,68.55,1432.7,9,36,10.0,20,Central,Manager_B,Yes,1,3496.36
CUST00442,68,Male,12,Basic,Monthly,Auto Pay,DSL,Laptop,4293.25,31771.26,133.55,1581.3,2,1,9.0,0,North,Manager_D,No,1,4293.25
CUST00443,67,Female,55,Standard,One Year,UPI,DSL,Laptop,3250.67,115362.18,104.76,215.8,6,1,3.0,15,Central,Manager_D,Yes,1,3250.67
CUST00444,21,Male,13,Family,One Year,Net Banking,Fiber,Laptop,1551.82,13276.5,134.9,1186.4,1,36,3.0,15,Central,Manager_D,No,1,1551.82
CUST00445,57,Male,23,Family,Monthly,UPI,None,Router,742.53,742.53,106.66,1651.2,0,12,3.0,10,South,Manager_C,No,1,742.53
CUST00446,65,Other,30,Premium,Monthly,Debit Card,DSL,Laptop,3583.66,78271.38,145.68,1730.1,8,24,1.0,5,North,Manager_C,Yes,1,3583.66
CUST00447,49,Female,17,Standard,Two Year,Credit Card,Fiber,Smartphone,3005.43,32812.49,95.72,105.8,5,36,10.0,0,East,Manager_D,No,1,3005.43
CUST00448,68,Male,62,Standard,One Year,UPI,Fiber,Laptop,502.38,22359.02,144.57,1881.4,8,24,7.0,0,West,Manager_C,No,1,502.38
CUST00449,69,Female,13,Standard,One Year,Credit Card,None,Laptop,1812.21,16821.28,24.57,134.5,2,24,10.0,5,South,Manager_D,No,1,1812.21
CUST00450,52,Female,59,Premium,One Year,Net Banking,Fiber,Laptop,4318.56,176175.81,8.82,1248.3,2,1,7.0,20,Central,Manager_A,No,1,4318.56
CUST00451,27,Female,19,Family,One Year,Net Banking,Fiber,Tablet,2401.68,21111.53,87.29,1402.1,9,36,2.0,5,East,Manager_D,No,1,2401.68
CUST00452,51,Female,49,Standard,Monthly,Debit Card,5G,Tablet,2117.46,69731.97,147.54,259.3,2,12,6.0,20,East,Manager_A,No,1,2117.46
CUST00453,53,Male,12,Premium,Monthly,Debit Card,DSL,Laptop,2222.34,23509.61,63.22,143.6,1,24,4.0,0,Central,Manager_B,No,1,2222.34
CUST00454,23,Female,61,Standard,Two Year,UPI,None,Tablet,1177.31,47387.34,32.59,1580.6,10,24,7.0,10,Central,Manager_C,No,1,1177.31
CUST00455,60,Male,19,Basic,One Year,Auto Pay,DSL,Tablet,1848.57,18658.87,78.71,800.1,5,12,7.0,15,South,Manager_C,No,1,1848.57
CUST00456,63,Male,9,Standard,One Year,Net Banking,5G,Router,1853.22,8099.87,97.67,258.9,2,24,4.0,0,North,Manager_D,No,1,1853.22
CUST00457,33,Female,71,Basic,Monthly,Credit Card,None,Smartphone,519.89,22643.42,47.96,1537.2,4,36,3.0,0,South,Manager_B,No,1,519.89
CUST00458,70,Female,28,Premium,Two Year,Auto Pay,DSL,Tablet,3523.78,62171.98,107.5,1705.9,10,12,7.0,0,North,Manager_B,No,1,3523.78
CUST00459,36,Female,52,Premium,Monthly,Net Banking,Fiber,Smartphone,2049.32,70279.04,146.29,1195.4,4,36,9.0,15,East,Manager_B,No,1,2049.32
CUST00460,51,Female,16,Family,One Year,UPI,None,Tablet,3753.16,47574.94,134.65,364.4,9,12,4.0,20,West,Manager_B,No,1,3753.16
CUST00461,42,Female,69,Standard,One Year,Net Banking,5G,Laptop,3871.46,175100.34,44.45,79.7,2,24,6.0,10,Central,Manager_C,No,1,3871.46
CUST00462,48,Female,12,Premium,Two Year,Debit Card,Fiber,Tablet,1190.38,7084.67,49.68,1416.6,2,12,7.0,10,South,Manager_D,No,1,1190.38
CUST00463,66,Male,25,Family,Monthly,Credit Card,5G,Tablet,3060.88,53313.57,56.36,1122.8,0,36,10.0,10,East,Manager_D,No,1,3060.88
CUST00464,58,Male,52,Standard,One Year,Credit Card,Fiber,Smartphone,2283.58,78290.0,59.79,1319.1,5,12,3.0,20,South,Manager_A,No,1,2283.58
CUST00465,34,Male,53,Premium,One Year,Debit Card,DSL,Laptop,3996.66,134569.39,15.95,1635.7,2,24,5.0,5,North,Manager_C,No,1,3996.66
CUST00466,64,Male,23,Basic,Two Year,Auto Pay,DSL,Router,1206.11,18187.74,114.53,896.7,0,1,1.0,5,Central,Manager_A,No,1,1206.11
CUST00467,47,Male,16,Premium,One Year,Debit Card,DSL,Smartphone,3146.82,33071.62,55.44,292.8,9,24,6.0,10,North,Manager_B,No,1,3146.82
CUST00468,56,Female,57,Basic,One Year,Credit Card,5G,Laptop,2852.56,113275.67,132.09,1883.0,8,24,5.0,0,North,Manager_D,No,1,2852.56
CUST00469,48,Female,39,Family,Monthly,UPI,None,Laptop,1540.27,35186.26,139.11,1113.3,10,1,7.0,0,North,Manager_A,No,1,1540.27
CUST00470,36,Female,53,Family,Two Year,Auto Pay,DSL,Smartphone,873.72,35783.04,4.64,1249.8,0,12,9.0,15,East,Manager_C,No,1,873.72
CUST00471,52,Female,42,Standard,Two Year,Net Banking,5G,Tablet,3036.89,84543.77,148.29,1870.2,4,24,4.0,5,Central,Manager_D,Yes,1,3036.89
CUST00472,46,Female,58,Standard,Two Year,UPI,Fiber,Laptop,3402.11,126008.54,106.79,1866.6,4,1,9.0,0,West,Manager_C,No,1,3402.11
CUST00473,18,Male,39,Standard,Monthly,Auto Pay,DSL,Router,1625.63,35722.49,78.54,1165.6,1,36,6.0,10,South,Manager_D,No,1,1625.63
CUST00474,21,Male,14,Family,Two Year,Credit Card,Fiber,Tablet,3008.3,37749.41,59.04,630.3,0,1,5.0,15,North,Manager_C,No,1,3008.3
CUST00475,45,Male,5,Basic,One Year,Credit Card,DSL,Smartphone,1959.55,5732.25,78.26,1994.4,5,24,2.0,5,Central,Manager_C,No,1,1959.55
CUST00476,35,Female,35,Standard,Two Year,UPI,Fiber,Smartphone,3295.47,81576.82,49.37,1377.6,6,36,1.0,15,South,Manager_D,No,1,3295.47
CUST00477,43,Male,18,Standard,One Year,Auto Pay,5G,Smartphone,1136.7,5099.8,93.78,846.5,10,24,8.0,0,Central,Manager_C,No,1,1136.7
CUST00478,57,Female,9,Family,Two Year,Net Banking,DSL,Smartphone,4038.9,37421.87,14.85,1141.7,10,1,6.0,10,South,Manager_C,No,1,4038.9
CUST00479,36,Female,58,Basic,Two Year,Net Banking,5G,Router,1507.12,62741.53,93.55,860.9,8,36,7.0,10,Central,Manager_B,No,1,1507.12
CUST00480,23,Male,17,Premium,Monthly,Debit Card,5G,Router,1844.7,19629.4,42.03,1782.2,7,24,6.0,10,West,Manager_D,No,1,1844.7
CUST00481,18,Male,7,Standard,Two Year,UPI,Fiber,Laptop,543.99,1007.79,3.63,990.9,9,1,10.0,0,Central,Manager_A,No,1,543.99
CUST00482,25,Female,46,Premium,Two Year,Auto Pay,DSL,Router,768.35,27235.72,83.35,1655.9,2,36,7.0,20,Central,Manager_D,No,1,768.35
CUST00483,50,Male,13,Premium,Monthly,UPI,None,Smartphone,2466.62,24763.28,87.19,1688.3,8,24,9.0,10,North,Manager_D,No,1,2466.62
CUST00484,68,Female,40,Standard,One Year,Net Banking,None,Router,1423.89,38883.05,64.56,1657.4,0,1,5.0,20,North,Manager_B,No,1,1423.89
CUST00485,60,Female,42,Family,Two Year,Auto Pay,5G,Tablet,3809.02,106706.95,11.77,1458.3,5,24,1.0,10,North,Manager_A,No,1,3809.02
CUST00486,38,Female,9,Standard,Two Year,Credit Card,Fiber,Tablet,361.71,4975.6,134.11,1717.0,9,24,1.0,20,Central,Manager_A,No,1,361.71
CUST00487,41,Female,50,Basic,One Year,Credit Card,Fiber,Laptop,1892.2,54364.82,92.1,805.1,1,24,9.0,5,West,Manager_A,No,1,1892.2
CUST00488,42,Female,27,Basic,Monthly,Auto Pay,Fiber,Smartphone,1716.85,29046.93,18.24,273.6,9,12,5.0,5,South,Manager_C,No,1,1716.85
CUST00489,64,Female,66,Standard,Two Year,UPI,DSL,Router,381.18,8537.6,77.13,1692.8,8,24,2.0,10,North,Manager_C,No,1,381.18
CUST00490,60,Male,5,Premium,Monthly,UPI,DSL,Laptop,822.35,5764.13,75.09,1021.4,8,36,3.0,15,East,Manager_C,No,1,822.35
CUST00491,36,Female,29,Basic,One Year,Credit Card,Fiber,Laptop,2037.3,36008.73,10.0,298.4,7,1,1.0,15,Central,Manager_A,No,1,2037.3
CUST00492,46,Male,37,Basic,One Year,Credit Card,None,Router,2370.03,50602.85,91.42,274.9,10,1,6.0,0,West,Manager_D,No,1,2370.03
CUST00493,70,Male,38,Standard,Monthly,Net Banking,None,Laptop,1998.02,46647.57,121.44,360.5,6,12,6.0,5,West,Manager_D,No,1,1998.02
CUST00494,27,Male,8,Standard,One Year,Auto Pay,DSL,Smartphone,2529.94,14239.79,112.6,1514.4,5,12,3.0,5,North,Manager_A,Yes,1,2529.94
CUST00495,29,Female,65,Family,One Year,UPI,Fiber,Router,2799.55,120287.69,31.24,1436.2,1,12,3.0,15,North,Manager_A,No,1,2799.55
CUST00496,50,Male,17,Standard,Two Year,Net Banking,None,Tablet,341.68,341.68,129.48,447.4,3,24,7.0,10,East,Manager_B,No,1,341.68
CUST00497,24,Male,71,Standard,Monthly,UPI,None,Tablet,2249.2,97937.79,52.04,1701.5,9,24,1.0,0,East,Manager_C,No,1,2249.2
CUST00498,34,Other,45,Basic,Two Year,Credit Card,DSL,Router,4346.7,130770.66,142.03,598.5,6,36,5.0,5,North,Manager_C,No,1,4346.7
CUST00499,27,Female,4,Basic,Monthly,Auto Pay,DSL,Laptop,2479.94,3709.33,11.69,1596.3,5,1,3.0,0,South,Manager_C,No,1,2479.94
CUST00500,48,Female,36,Basic,Two Year,Debit Card,None,Laptop,3145.68,74205.92,73.45,1003.2,8,1,5.0,5,North,Manager_B,No,1,3145.68
CUST00501,23,Female,70,Premium,One Year,Auto Pay,Fiber,Tablet,1609.83,74326.97,89.97,1476.5,4,24,4.0,20,North,Manager_B,No,1,1609.83
CUST00502,34,Female,31,Basic,Monthly,Debit Card,None,Tablet,3550.76,75532.7,37.9,793.7,5,1,6.0,20,West,Manager_B,No,1,3550.76
CUST00503,67,Female,19,Basic,Monthly,Net Banking,None,Smartphone,3546.27,49154.15,115.94,726.9,9,24,9.0,0,North,Manager_A,Yes,1,3546.27
CUST00504,54,Male,61,Standard,Monthly,Debit Card,Fiber,Laptop,2489.44,101969.77,94.41,1690.7,5,12,2.0,15,North,Manager_B,No,1,2489.44
CUST00505,35,Female,54,Family,Monthly,Debit Card,DSL,Smartphone,4399.26,156771.05,3.7,118.8,7,24,10.0,15,North,Manager_D,Yes,1,4399.26
CUST00506,43,Female,39,Basic,One Year,Net Banking,Fiber,Tablet,827.31,21633.88,91.65,1950.7,7,36,8.0,5,South,Manager_A,Yes,1,827.31
CUST00507,66,Male,19,Family,One Year,Auto Pay,Fiber,Tablet,371.18,3005.43,74.23,1314.0,5,24,2.0,20,West,Manager_A,No,1,371.18
CUST00508,33,Male,39,Basic,One Year,Net Banking,Fiber,Tablet,3534.66,83688.39,30.21,893.3,7,24,4.0,20,Central,Manager_C,No,1,3534.66
CUST00509,25,Male,67,Basic,Two Year,Credit Card,Fiber,Tablet,3690.05,170281.96,149.37,1274.7,6,1,9.0,0,Central,Manager_C,No,1,3690.05
CUST00510,41,Female,45,Family,One Year,Credit Card,DSL,Smartphone,804.87,28663.29,134.68,289.3,0,24,4.0,0,Central,Manager_B,No,1,804.87
CUST00511,30,Male,13,Standard,Two Year,Debit Card,None,Tablet,1415.45,22208.9,44.58,1052.4,4,36,7.0,15,Central,Manager_D,No,1,1415.45
CUST00512,46,Female,58,Basic,Two Year,Net Banking,5G,Router,373.72,25853.0,81.62,1970.9,10,24,5.0,15,West,Manager_A,No,1,373.72
CUST00513,49,Female,20,Family,One Year,Net Banking,DSL,Laptop,1531.9,14545.23,48.16,508.8,9,24,2.0,15,North,Manager_A,Yes,1,1531.9
CUST00514,41,Female,72,Basic,One Year,Net Banking,Fiber,Tablet,3547.2,168588.6,116.55,1458.4,9,12,8.0,10,Central,Manager_A,Yes,1,3547.2
CUST00515,33,Female,61,Premium,One Year,Auto Pay,None,Laptop,2475.43,113225.18,139.62,898.2,9,24,10.0,20,North,Manager_C,No,1,2475.43
CUST00516,28,Male,39,Premium,Two Year,UPI,None,Tablet,1762.0,45609.25,54.47,1322.3,4,24,10.0,20,Central,Manager_C,No,1,1762.0
CUST00517,49,Male,1,Premium,Monthly,UPI,Fiber,Smartphone,1861.31,2461.93,121.03,449.5,9,24,2.0,0,South,Manager_D,No,1,1861.31
CUST00518,23,Male,3,Premium,One Year,UPI,DSL,Laptop,305.69,305.69,75.26,967.4,8,36,3.0,20,North,Manager_C,No,1,305.69
CUST00519,52,Female,62,Standard,Two Year,Auto Pay,Fiber,Smartphone,1559.16,65196.72,60.09,1961.2,6,1,10.0,0,West,Manager_D,No,1,1559.16
CUST00520,50,Male,63,Premium,Two Year,Net Banking,None,Tablet,3015.13,136295.16,140.82,430.8,6,12,7.0,10,South,Manager_C,No,1,3015.13
CUST00521,35,Male,25,Family,One Year,UPI,None,Router,4391.62,79626.8,77.05,1291.1,9,12,5.0,15,South,Manager_D,No,1,4391.62
CUST00522,54,Male,56,Basic,Two Year,Net Banking,DSL,Router,3857.66,140969.38,70.64,1172.4,1,24,10.0,10,West,Manager_C,No,1,3857.66
CUST00523,30,Female,33,Family,One Year,Debit Card,5G,Router,399.1,6798.62,101.19,1151.9,7,24,3.0,15,South,Manager_C,No,1,399.1
CUST00524,27,Male,38,Premium,Two Year,UPI,Fiber,Router,4073.95,97552.23,39.92,1249.5,2,1,2.0,15,North,Manager_B,No,1,4073.95
CUST00525,54,Female,6,Standard,Monthly,Debit Card,5G,Router,3589.43,10101.9,49.39,1029.4,8,24,6.0,0,East,Manager_B,Yes,1,3589.43
CUST00526,43,Male,58,Premium,Two Year,Auto Pay,None,Smartphone,3577.58,128782.03,139.87,83.0,5,36,10.0,15,East,Manager_B,No,1,3577.58
CUST00527,63,Female,44,Premium,One Year,Credit Card,5G,Router,2223.58,64800.91,102.1,1805.2,8,1,1.0,10,Central,Manager_D,No,1,2223.58
CUST00528,34,Male,45,Standard,Monthly,Auto Pay,Fiber,Tablet,1971.62,66699.15,124.17,1662.6,8,24,8.0,5,Central,Manager_D,No,1,1971.62
CUST00529,18,Female,32,Standard,One Year,Auto Pay,Fiber,Smartphone,1572.25,35318.49,41.4,389.6,6,1,5.0,0,North,Manager_D,No,1,1572.25
CUST00530,42,Female,45,Standard,Two Year,Auto Pay,None,Smartphone,575.92,24108.79,82.02,855.9,9,12,5.0,15,West,Manager_D,No,1,575.92
CUST00531,51,Male,61,Standard,Monthly,UPI,DSL,Router,1258.59,56548.91,145.74,1552.6,7,24,2.0,15,North,Manager_B,No,1,1258.59
CUST00532,56,Female,47,Standard,Monthly,Debit Card,DSL,Laptop,1335.74,39119.15,48.49,1961.1,1,1,7.0,20,Central,Manager_A,Yes,1,1335.74
CUST00533,27,Female,21,Standard,Two Year,UPI,None,Tablet,2333.12,28866.15,24.91,1904.7,4,1,5.0,0,South,Manager_C,No,1,2333.12
CUST00534,37,Female,36,Basic,Monthly,Credit Card,Fiber,Smartphone,3439.27,78936.56,77.12,1803.8,2,24,8.0,0,North,Manager_C,No,1,3439.27
CUST00535,24,Female,19,Premium,Monthly,Auto Pay,DSL,Tablet,2290.0,20421.36,58.79,358.8,0,1,5.0,10,North,Manager_D,Yes,1,2290.0
CUST00536,33,Male,20,Premium,Monthly,Net Banking,5G,Laptop,542.95,7400.98,24.78,1833.2,5,24,9.0,5,West,Manager_B,No,1,542.95
CUST00537,54,Female,57,Standard,One Year,Credit Card,None,Smartphone,4322.72,149741.04,133.39,1763.0,8,24,5.0,10,Central,Manager_A,No,1,4322.72
CUST00538,46,Other,18,Family,One Year,Debit Card,5G,Tablet,4259.44,54070.36,148.62,785.1,1,36,3.0,10,North,Manager_B,Yes,1,4259.44
CUST00539,29,Female,47,Standard,Monthly,Credit Card,Fiber,Router,3597.8,113090.47,85.72,819.3,8,36,2.0,10,South,Manager_C,Yes,1,3597.8
CUST00540,34,Female,49,Basic,Two Year,UPI,DSL,Smartphone,4463.58,148167.48,116.43,946.8,7,1,5.0,5,South,Manager_D,No,1,4463.58
CUST00541,65,Male,14,Family,Two Year,Net Banking,Fiber,Smartphone,2586.83,29428.83,129.0,1329.5,10,1,10.0,10,East,Manager_D,No,1,2586.83
CUST00542,37,Female,15,Basic,One Year,UPI,5G,Smartphone,4343.63,44430.27,105.45,558.6,8,1,10.0,0,Central,Manager_B,Yes,1,4343.63
CUST00543,43,Female,31,Family,Two Year,Auto Pay,Fiber,Smartphone,617.54,20920.35,7.58,94.7,4,12,5.0,5,South,Manager_D,No,1,617.54
CUST00544,65,Male,1,Family,Monthly,Auto Pay,Fiber,Router,1835.86,4333.64,24.49,325.4,1,24,6.0,15,West,Manager_A,No,1,1835.86
CUST00545,36,Female,54,Standard,Two Year,Credit Card,None,Laptop,1246.6,41091.97,11.58,908.2,9,24,2.0,20,Central,Manager_C,No,1,1246.6
CUST00546,64,Female,3,Basic,One Year,Auto Pay,None,Laptop,1122.5,1122.5,2.47,599.9,9,12,5.0,20,South,Manager_A,No,1,1122.5
CUST00547,29,Male,16,Family,One Year,Auto Pay,Fiber,Tablet,891.37,891.37,46.59,1540.8,5,12,1.0,0,North,Manager_B,No,1,891.37
CUST00548,38,Male,57,Basic,Monthly,Debit Card,None,Router,2914.14,106226.37,59.46,258.0,6,1,3.0,20,Central,Manager_C,No,1,2914.14
CUST00549,59,Female,12,Standard,One Year,Debit Card,Fiber,Router,3581.55,26747.42,36.91,1839.1,2,24,3.0,20,South,Manager_A,No,1,3581.55
CUST00550,51,Male,16,Standard,One Year,UPI,5G,Tablet,2728.85,31839.1,10.63,1795.9,5,36,3.0,20,North,Manager_A,No,1,2728.85
CUST00551,24,Male,72,Standard,One Year,UPI,None,Router,917.24,40275.71,79.95,1822.1,5,36,3.0,15,East,Manager_A,No,1,917.24
CUST00552,62,Male,24,Standard,Two Year,Debit Card,Fiber,Router,3706.72,53076.2,41.72,1492.2,7,12,8.0,20,Central,Manager_C,Yes,1,3706.72
CUST00553,52,Male,28,Premium,One Year,Credit Card,None,Smartphone,2971.01,46021.19,119.61,258.6,0,12,1.0,10,Central,Manager_C,Yes,1,2971.01
CUST00554,32,Female,8,Family,Two Year,Debit Card,Fiber,Smartphone,1930.3,7312.85,2.2,904.4,3,24,6.0,0,South,Manager_D,Yes,1,1930.3
CUST00555,18,Male,36,Premium,One Year,UPI,None,Smartphone,3131.35,84906.66,126.54,306.2,0,24,6.0,0,East,Manager_B,Yes,1,3131.35
CUST00556,43,Female,8,Standard,One Year,Net Banking,DSL,Router,1391.6,8777.4,143.26,1976.0,7,36,1.0,0,West,Manager_D,No,1,1391.6
CUST00557,52,Female,58,Family,Two Year,Auto Pay,Fiber,Router,1749.81,72357.22,107.7,699.4,1,24,1.0,15,South,Manager_B,No,1,1749.81
CUST00558,42,Female,60,Family,Two Year,Net Banking,DSL,Laptop,4153.44,161637.33,110.31,1191.4,7,1,3.0,15,South,Manager_C,Yes,1,4153.44
CUST00559,59,Male,50,Basic,Monthly,Net Banking,Fiber,Smartphone,1520.12,42803.42,140.1,1569.8,2,12,8.0,20,West,Manager_A,No,1,1520.12
CUST00560,32,Female,28,Standard,Monthly,Auto Pay,DSL,Tablet,2273.95,36341.68,32.15,1845.2,7,36,6.0,10,West,Manager_D,Yes,1,2273.95
CUST00561,39,Male,41,Premium,Two Year,Debit Card,Fiber,Router,4038.59,109902.47,149.19,1523.3,5,36,4.0,20,West,Manager_C,No,1,4038.59
CUST00562,23,Male,64,Basic,One Year,Credit Card,None,Smartphone,3272.43,129653.04,116.25,1365.3,0,1,5.0,0,West,Manager_C,No,1,3272.43
CUST00563,69,Female,27,Family,Monthly,Net Banking,DSL,Laptop,561.25,5069.55,109.26,958.7,6,24,10.0,10,West,Manager_C,No,1,561.25
CUST00564,32,Female,63,Premium,Two Year,Credit Card,None,Smartphone,918.67,35652.34,54.8,1230.5,6,24,3.0,0,North,Manager_D,No,1,918.67
CUST00565,41,Female,17,Standard,Two Year,UPI,Fiber,Laptop,332.93,332.93,82.32,233.6,5,12,6.0,10,North,Manager_C,No,1,332.93
CUST00566,38,Female,33,Premium,One Year,Net Banking,None,Laptop,2949.87,54278.72,98.43,1773.6,0,1,6.0,5,West,Manager_B,Yes,1,2949.87
CUST00567,24,Female,29,Premium,Two Year,UPI,Fiber,Router,2180.23,43599.38,93.43,1110.4,4,36,6.0,15,East,Manager_B,No,1,2180.23
CUST00568,46,Female,13,Premium,Monthly,Debit Card,None,Laptop,863.95,7716.92,106.04,128.3,0,1,9.0,15,East,Manager_A,No,1,863.95
CUST00569,49,Female,46,Basic,One Year,Net Banking,DSL,Laptop,4323.32,136476.96,13.27,1843.8,0,36,10.0,0,West,Manager_D,No,1,4323.32
CUST00570,49,Male,35,Family,Two Year,UPI,Fiber,Tablet,2524.57,53354.5,53.99,1004.1,5,1,8.0,0,North,Manager_D,No,1,2524.57
CUST00571,70,Male,6,Premium,Two Year,UPI,None,Laptop,1315.95,9063.41,65.67,1743.7,7,24,6.0,5,East,Manager_D,No,1,1315.95
CUST00572,22,Female,69,Family,One Year,Debit Card,Fiber,Tablet,2402.53,118162.9,39.83,1720.9,0,36,2.0,20,North,Manager_D,No,1,2402.53
CUST00573,21,Female,47,Basic,One Year,Credit Card,Fiber,Tablet,3154.41,100149.25,26.72,1640.7,1,12,4.0,10,South,Manager_D,No,1,3154.41
CUST00574,39,Male,25,Standard,One Year,Credit Card,Fiber,Smartphone,620.2,7286.99,21.7,169.7,4,1,6.0,5,North,Manager_C,No,1,620.2
CUST00575,35,Male,66,Standard,Monthly,Net Banking,5G,Smartphone,1453.76,64690.84,55.59,531.8,7,24,9.0,5,West,Manager_C,Yes,1,1453.76
CUST00576,52,Male,10,Premium,Monthly,Debit Card,Fiber,Router,3689.26,21306.13,74.52,1757.3,10,36,2.0,0,Central,Manager_B,Yes,1,3689.26
CUST00577,34,Female,56,Basic,Two Year,Net Banking,None,Router,2230.59,79153.94,10.38,1803.0,3,24,6.0,0,West,Manager_D,No,1,2230.59
CUST00578,67,Female,30,Standard,Two Year,Credit Card,5G,Router,2595.62,55328.7,142.02,943.2,4,1,10.0,20,South,Manager_D,No,1,2595.62
CUST00579,67,Female,5,Basic,One Year,Debit Card,None,Laptop,2117.83,6364.18,115.02,908.1,9,12,10.0,20,North,Manager_D,No,1,2117.83
CUST00580,41,Female,33,Basic,Two Year,Auto Pay,5G,Smartphone,484.38,16681.84,109.9,391.5,4,12,10.0,0,East,Manager_B,Yes,1,484.38
CUST00581,19,Female,65,Premium,Two Year,Debit Card,Fiber,Laptop,996.15,40954.39,26.76,1938.4,2,1,7.0,15,West,Manager_D,Yes,1,996.15
CUST00582,30,Male,18,Premium,One Year,Debit Card,DSL,Smartphone,2171.27,24349.37,90.97,465.6,5,36,8.0,20,East,Manager_D,No,1,2171.27
CUST00583,32,Male,49,Basic,Monthly,Auto Pay,DSL,Laptop,1178.58,35667.73,79.93,422.3,4,24,9.0,5,North,Manager_C,No,1,1178.58
CUST00584,22,Male,11,Basic,Monthly,UPI,Fiber,Router,509.91,509.91,147.39,1338.4,1,24,5.0,0,South,Manager_B,No,1,509.91
CUST00585,20,Female,26,Premium,Monthly,UPI,5G,Smartphone,3843.33,70689.84,112.4,523.5,9,36,9.0,10,West,Manager_C,No,1,3843.33
CUST00586,54,Male,63,Basic,Two Year,UPI,None,Smartphone,4421.01,196610.98,86.79,1880.6,3,1,9.0,10,East,Manager_A,No,1,4421.01
CUST00587,54,Female,59,Premium,One Year,Credit Card,DSL,Tablet,3631.2,140916.06,127.77,71.3,10,24,7.0,15,West,Manager_D,Yes,1,3631.2
CUST00588,54,Female,27,Family,Monthly,Debit Card,Fiber,Smartphone,3885.9,66543.72,24.11,61.2,3,24,2.0,0,West,Manager_A,Yes,1,3885.9
CUST00589,20,Male,49,Basic,Two Year,Auto Pay,Fiber,Smartphone,1316.3,39272.52,3.27,1034.5,6,1,8.0,5,East,Manager_D,Yes,1,1316.3
CUST00590,52,Female,33,Premium,One Year,Credit Card,5G,Laptop,4334.63,91963.19,103.84,1001.7,6,24,5.0,15,South,Manager_A,No,1,4334.63
CUST00591,69,Female,1,Basic,Monthly,Auto Pay,DSL,Router,1127.09,9000.31,15.65,368.6,8,36,8.0,5,West,Manager_C,Yes,1,1127.09
CUST00592,40,Male,21,Premium,Monthly,Credit Card,Fiber,Tablet,4296.01,56551.74,18.2,1014.3,9,36,2.0,10,South,Manager_B,No,1,4296.01
CUST00593,45,Male,55,Basic,One Year,Credit Card,DSL,Laptop,4478.24,161275.8,111.96,852.7,1,1,7.0,5,South,Manager_A,No,1,4478.24
CUST00594,47,Female,6,Standard,Two Year,Credit Card,None,Smartphone,3289.24,6955.19,41.31,1786.1,5,1,5.0,10,North,Manager_C,Yes,1,3289.24
CUST00595,35,Male,69,Standard,Two Year,Auto Pay,Fiber,Laptop,4420.8,204825.04,94.67,68.0,1,36,4.0,20,East,Manager_A,No,1,4420.8
CUST00596,69,Male,5,Basic,Monthly,Net Banking,Fiber,Router,2692.07,8637.42,137.69,1953.7,8,1,10.0,10,North,Manager_A,No,1,2692.07
CUST00597,53,Female,3,Standard,One Year,Credit Card,None,Tablet,1390.08,1390.08,48.15,1267.6,1,36,6.0,10,Central,Manager_B,No,1,1390.08
CUST00598,50,Female,53,Basic,Two Year,UPI,Fiber,Laptop,2135.38,70985.95,33.35,346.1,5,36,5.0,15,North,Manager_C,No,1,2135.38
CUST00599,43,Male,23,Basic,One Year,Debit Card,5G,Smartphone,2792.96,50490.05,16.88,141.2,7,36,6.0,15,West,Manager_B,No,1,2792.96
CUST00600,65,Female,53,Family,One Year,Net Banking,None,Laptop,606.94,21608.75,20.44,1099.3,5,24,9.0,0,West,Manager_D,No,1,606.94
CUST00601,57,Female,37,Family,Monthly,Net Banking,5G,Smartphone,2913.84,72383.15,10.27,508.0,2,1,1.0,0,West,Manager_B,Yes,1,2913.84
CUST00602,34,Male,17,Standard,One Year,Auto Pay,None,Tablet,4420.95,50632.37,14.06,637.3,4,24,1.0,10,Central,Manager_B,No,1,4420.95
CUST00603,57,Female,1,Family,One Year,Net Banking,None,Tablet,1098.45,7705.43,65.37,528.0,3,1,6.0,20,South,Manager_A,No,1,1098.45
CUST00604,24,Male,51,Family,One Year,Auto Pay,5G,Laptop,3628.9,118156.53,48.81,1317.8,0,12,2.0,0,West,Manager_A,No,1,3628.9
CUST00605,25,Male,45,Basic,Two Year,Auto Pay,None,Tablet,4113.17,121413.12,106.28,1129.4,4,24,8.0,10,North,Manager_A,No,1,4113.17
CUST00606,70,Female,4,Premium,Monthly,UPI,DSL,Router,4263.55,10524.64,130.67,202.1,9,24,7.0,15,South,Manager_C,No,1,4263.55
CUST00607,48,Female,62,Basic,Monthly,Credit Card,5G,Laptop,4332.57,170473.68,117.93,1076.7,4,24,6.0,0,North,Manager_B,No,1,4332.57
CUST00608,29,Male,65,Family,One Year,Net Banking,None,Smartphone,2490.13,103324.93,80.06,1592.8,6,12,4.0,0,North,Manager_D,No,1,2490.13
CUST00609,65,Female,32,Basic,One Year,Credit Card,5G,Laptop,4404.69,99200.09,16.26,208.3,6,1,9.0,10,West,Manager_A,Yes,1,4404.69
CUST00610,48,Female,34,Standard,Two Year,Credit Card,None,Smartphone,3480.7,82696.93,106.76,1785.0,1,12,7.0,10,North,Manager_D,No,1,3480.7
CUST00611,61,Female,72,Premium,Monthly,Credit Card,None,Tablet,979.02,51678.29,55.06,1177.7,3,1,7.0,5,Central,Manager_B,No,1,979.02
CUST00612,36,Male,39,Family,Two Year,Auto Pay,DSL,Smartphone,2302.98,56932.03,13.76,1903.7,0,1,5.0,5,South,Manager_B,Yes,1,2302.98
CUST00613,27,Female,26,Family,Monthly,Credit Card,DSL,Smartphone,3316.99,55166.02,126.53,338.9,4,1,1.0,20,West,Manager_B,No,1,3316.99
CUST00614,56,Male,34,Basic,Two Year,Net Banking,DSL,Smartphone,1338.83,21406.49,51.39,1987.5,4,1,2.0,0,West,Manager_D,No,1,1338.83
CUST00615,29,Male,54,Basic,One Year,Auto Pay,None,Smartphone,2990.58,112320.55,33.52,1306.3,3,1,8.0,5,North,Manager_D,No,1,2990.58
CUST00616,37,Female,3,Basic,Two Year,Net Banking,DSL,Router,3099.72,11682.7,130.85,1156.6,9,12,5.0,10,North,Manager_D,No,1,3099.72
CUST00617,54,Female,50,Basic,One Year,Auto Pay,5G,Smartphone,983.34,38197.6,135.42,1054.8,6,24,2.0,0,East,Manager_B,No,1,983.34
CUST00618,65,Female,12,Family,Monthly,Debit Card,None,Laptop,2673.36,29407.34,51.51,96.1,5,12,5.0,5,East,Manager_B,Yes,1,2673.36
CUST00619,58,Male,65,Basic,Monthly,Debit Card,5G,Router,3540.83,155546.51,53.87,1882.3,9,24,8.0,20,West,Manager_A,Yes,1,3540.83
CUST00620,24,Male,54,Family,One Year,Debit Card,DSL,Smartphone,2395.36,94017.37,87.36,1305.8,2,24,4.0,20,West,Manager_C,Yes,1,2395.36
CUST00621,69,Female,5,Basic,Monthly,Debit Card,None,Smartphone,350.83,350.83,110.28,228.7,1,36,3.0,20,North,Manager_D,Yes,1,350.83
CUST00622,31,Male,57,Premium,Two Year,Auto Pay,5G,Smartphone,337.96,4007.43,10.41,90.9,3,24,5.0,20,Central,Manager_C,No,1,337.96
CUST00623,28,Female,17,Premium,One Year,Credit Card,Fiber,Router,1799.52,24698.18,89.41,149.0,8,12,7.0,10,Central,Manager_D,No,1,1799.52
CUST00624,24,Male,47,Basic,Monthly,UPI,5G,Smartphone,4190.02,122267.85,142.97,1238.3,9,36,2.0,20,North,Manager_D,No,1,4190.02
CUST00625,46,Female,23,Basic,Two Year,UPI,None,Smartphone,1260.44,20177.76,40.05,1247.3,4,1,1.0,15,East,Manager_C,No,1,1260.44
CUST00626,27,Female,14,Standard,Two Year,Debit Card,Fiber,Smartphone,2964.33,32443.7,136.42,1024.4,0,1,5.0,20,East,Manager_C,Yes,1,2964.33
CUST00627,46,Female,66,Premium,Monthly,Credit Card,DSL,Tablet,1232.72,55860.97,142.58,648.2,10,24,7.0,5,Central,Manager_D,No,1,1232.72
CUST00628,26,Female,51,Family,Monthly,Net Banking,DSL,Laptop,1651.01,67525.56,41.1,1086.9,2,1,8.0,0,West,Manager_B,No,1,1651.01
CUST00629,53,Female,38,Premium,Two Year,Credit Card,5G,Smartphone,3861.78,88002.12,113.38,1056.8,8,1,8.0,5,North,Manager_A,No,1,3861.78
CUST00630,65,Male,64,Family,One Year,Net Banking,DSL,Laptop,3361.22,142997.75,36.58,87.9,6,36,10.0,0,West,Manager_D,No,1,3361.22
CUST00631,27,Male,38,Basic,Monthly,UPI,5G,Tablet,700.68,17837.84,110.9,600.8,2,12,9.0,10,East,Manager_A,No,1,700.68
CUST00632,36,Female,50,Premium,Monthly,Credit Card,5G,Tablet,2100.55,63297.82,119.82,153.7,0,1,1.0,0,Central,Manager_B,Yes,1,2100.55
CUST00633,48,Male,30,Premium,One Year,Credit Card,5G,Smartphone,422.51,2681.54,37.83,1805.3,3,1,7.0,15,West,Manager_B,Yes,1,422.51
CUST00634,34,Female,51,Standard,One Year,UPI,5G,Laptop,2319.74,74645.52,107.66,1464.2,8,12,10.0,20,East,Manager_A,No,1,2319.74
CUST00635,26,Male,63,Standard,Monthly,Credit Card,None,Router,3082.22,123955.0,122.0,1992.4,6,36,8.0,5,East,Manager_D,No,1,3082.22
CUST00636,62,Male,52,Premium,One Year,Net Banking,None,Smartphone,797.71,27113.97,54.43,639.2,4,36,6.0,0,East,Manager_A,No,1,797.71
CUST00637,50,Female,38,Premium,Two Year,Credit Card,Fiber,Router,1513.32,35322.62,25.99,1763.0,10,1,10.0,5,West,Manager_D,No,1,1513.32
CUST00638,51,Female,30,Premium,Two Year,Net Banking,Fiber,Tablet,1970.91,41007.74,14.7,1226.0,5,24,4.0,20,South,Manager_C,No,1,1970.91
CUST00639,62,Female,51,Family,Two Year,Debit Card,DSL,Tablet,4162.03,144756.17,86.73,933.6,0,12,7.0,10,Central,Manager_D,No,1,4162.03
CUST00640,41,Female,5,Basic,Monthly,Credit Card,None,Laptop,4471.67,17814.46,146.74,484.0,6,36,3.0,20,East,Manager_C,No,1,4471.67
CUST00641,26,Female,29,Standard,One Year,Net Banking,Fiber,Router,488.63,7396.22,123.62,1489.9,4,1,2.0,10,West,Manager_C,Yes,1,488.63
CUST00642,24,Male,4,Basic,Two Year,UPI,None,Router,3496.23,10745.66,65.94,1813.1,6,36,6.0,5,North,Manager_A,No,1,3496.23
CUST00643,33,Male,10,Standard,One Year,Debit Card,None,Smartphone,1861.24,17583.91,80.96,508.9,4,1,2.0,10,Central,Manager_C,Yes,1,1861.24
CUST00644,36,Female,56,Standard,Two Year,Credit Card,DSL,Laptop,1948.32,74965.1,42.65,392.0,4,12,6.0,10,North,Manager_A,Yes,1,1948.32
CUST00645,56,Female,17,Standard,One Year,Net Banking,DSL,Laptop,3467.91,48597.87,25.3,1407.6,2,24,10.0,10,North,Manager_A,No,1,3467.91
CUST00646,23,Female,17,Premium,Two Year,Credit Card,5G,Router,4157.39,52027.98,72.83,1955.1,4,12,3.0,10,West,Manager_B,No,1,4157.39
CUST00647,67,Other,69,Standard,Two Year,Net Banking,None,Tablet,4293.9,206111.44,70.06,1512.4,7,36,2.0,10,South,Manager_A,Yes,1,4293.9
CUST00648,68,Male,34,Basic,Two Year,Credit Card,5G,Laptop,2723.91,49280.24,78.77,604.9,7,36,8.0,0,West,Manager_B,No,1,2723.91
CUST00649,28,Male,6,Standard,Two Year,Debit Card,5G,Tablet,1799.91,7683.02,142.97,868.9,1,36,4.0,10,West,Manager_B,Yes,1,1799.91
CUST00650,29,Female,53,Basic,Two Year,Debit Card,5G,Smartphone,3607.71,125852.76,90.98,799.4,10,24,4.0,10,Central,Manager_A,Yes,1,3607.71
CUST00651,59,Male,66,Standard,Two Year,Credit Card,None,Laptop,1354.21,58960.34,91.26,1711.6,0,12,7.0,20,West,Manager_D,No,1,1354.21
CUST00652,30,Male,43,Standard,Two Year,Credit Card,None,Laptop,2669.11,72489.69,20.08,1554.2,1,1,8.0,20,Central,Manager_D,No,1,2669.11
CUST00653,29,Male,23,Premium,Two Year,Auto Pay,5G,Smartphone,1806.03,29673.46,149.48,1198.5,10,12,9.0,20,East,Manager_A,No,1,1806.03
CUST00654,38,Male,55,Basic,Two Year,Credit Card,None,Laptop,3057.85,103079.38,116.15,586.2,6,12,10.0,10,Central,Manager_C,No,1,3057.85
CUST00655,27,Female,16,Standard,One Year,Credit Card,5G,Router,1309.68,15987.1,131.7,1879.1,2,24,8.0,20,West,Manager_A,No,1,1309.68
CUST00656,37,Female,8,Standard,One Year,Debit Card,Fiber,Router,1104.69,2033.12,62.73,1324.0,7,12,4.0,0,East,Manager_C,Yes,1,1104.69
CUST00657,67,Female,4,Basic,Monthly,Credit Card,None,Smartphone,4156.6,8582.34,75.82,1942.4,3,36,2.0,5,East,Manager_D,No,1,4156.6
CUST00658,53,Female,4,Standard,Two Year,UPI,DSL,Tablet,727.58,4132.72,78.79,1181.2,9,24,10.0,20,South,Manager_C,No,1,727.58
CUST00659,45,Male,56,Family,One Year,Credit Card,DSL,Tablet,2425.02,90927.97,29.92,1651.3,9,36,5.0,20,West,Manager_A,No,1,2425.02
CUST00660,41,Female,25,Premium,One Year,Auto Pay,5G,Laptop,1227.58,25729.27,103.73,1635.6,7,36,7.0,0,North,Manager_C,Yes,1,1227.58
CUST00661,22,Male,67,Basic,One Year,Net Banking,Fiber,Tablet,463.51,15855.93,135.54,707.8,1,12,2.0,15,West,Manager_B,No,1,463.51
CUST00662,54,Male,67,Premium,One Year,Debit Card,None,Tablet,451.28,19753.65,25.39,1929.8,4,1,4.0,15,North,Manager_B,No,1,451.28
CUST00663,29,Male,27,Family,One Year,UPI,5G,Smartphone,1035.93,23090.61,13.86,92.8,5,12,6.0,0,South,Manager_A,No,1,1035.93
CUST00664,52,Female,32,Family,One Year,Net Banking,Fiber,Tablet,3940.44,85868.72,110.99,1549.0,0,1,8.0,20,West,Manager_A,No,1,3940.44
CUST00665,57,Female,50,Family,Monthly,UPI,Fiber,Tablet,1486.41,51674.97,41.71,1932.8,0,24,10.0,5,South,Manager_A,No,1,1486.41
CUST00666,19,Female,61,Basic,One Year,Debit Card,None,Tablet,4291.93,180078.7,93.96,710.9,8,24,6.0,20,North,Manager_D,Yes,1,4291.93
CUST00667,67,Female,51,Family,Monthly,Auto Pay,DSL,Router,2742.81,91224.33,104.67,1313.8,4,24,6.0,0,Central,Manager_D,No,1,2742.81
CUST00668,58,Male,19,Basic,Monthly,Debit Card,DSL,Router,2133.78,23943.73,48.96,1146.3,3,36,6.0,0,West,Manager_D,Yes,1,2133.78
CUST00669,62,Female,21,Basic,Two Year,UPI,Fiber,Smartphone,2736.37,41188.7,122.46,1534.9,0,36,4.0,10,East,Manager_B,No,1,2736.37
CUST00670,56,Female,5,Standard,Two Year,UPI,DSL,Laptop,2470.13,7486.61,82.95,1739.0,2,24,3.0,0,East,Manager_C,No,1,2470.13
CUST00671,59,Male,42,Basic,Two Year,Debit Card,Fiber,Smartphone,3486.86,103243.1,130.48,1225.9,3,12,1.0,10,South,Manager_B,No,1,3486.86
CUST00672,26,Male,61,Family,One Year,Credit Card,Fiber,Laptop,1486.48,62299.05,114.73,1641.0,10,36,2.0,0,Central,Manager_C,No,1,1486.48
CUST00673,39,Female,22,Basic,Two Year,Debit Card,Fiber,Laptop,1782.81,23031.13,130.42,659.0,10,36,2.0,10,East,Manager_C,No,1,1782.81
CUST00674,64,Female,21,Basic,One Year,Auto Pay,DSL,Tablet,4055.2,58464.72,4.0,495.7,4,12,10.0,10,East,Manager_A,No,1,4055.2
CUST00675,22,Female,70,Premium,One Year,Debit Card,5G,Tablet,4275.12,194992.1,37.28,889.8,9,36,7.0,20,West,Manager_A,Yes,1,4275.12
CUST00676,29,Female,1,Family,Two Year,Net Banking,DSL,Smartphone,4048.74,7433.8,14.41,1371.6,4,12,6.0,10,East,Manager_D,No,1,4048.74
CUST00677,18,Other,5,Basic,Two Year,Credit Card,5G,Smartphone,2061.68,2061.68,66.87,415.1,9,1,8.0,15,North,Manager_A,No,1,2061.68
CUST00678,61,Male,12,Standard,Monthly,Net Banking,DSL,Smartphone,3577.54,34730.65,133.6,1376.7,7,12,9.0,0,South,Manager_B,No,1,3577.54
CUST00679,39,Male,46,Basic,Monthly,Debit Card,None,Router,2300.61,72156.42,70.66,818.5,2,1,5.0,5,East,Manager_B,No,1,2300.61
CUST00680,55,Male,34,Basic,One Year,Credit Card,None,Router,2389.67,53343.05,127.61,1601.4,6,36,3.0,0,West,Manager_B,No,1,2389.67
CUST00681,68,Male,49,Premium,One Year,Net Banking,DSL,Router,1159.66,41698.9,49.75,121.8,5,1,4.0,20,North,Manager_A,No,1,1159.66
CUST00682,36,Female,45,Family,Two Year,Net Banking,None,Router,2782.75,86039.13,51.6,1352.6,9,12,8.0,20,East,Manager_A,No,1,2782.75
CUST00683,33,Female,27,Family,Two Year,Credit Card,None,Router,1081.77,26123.77,134.44,1317.2,10,1,3.0,10,South,Manager_C,Yes,1,1081.77
CUST00684,48,Female,26,Standard,Monthly,Credit Card,None,Tablet,1692.57,35943.19,64.45,1884.8,9,24,2.0,20,South,Manager_C,Yes,1,1692.57
CUST00685,68,Male,47,Standard,Two Year,UPI,None,Laptop,3891.13,123683.53,118.68,1441.1,9,12,7.0,20,South,Manager_A,No,1,3891.13
CUST00686,20,Female,56,Standard,One Year,Credit Card,5G,Router,1169.72,39310.69,36.26,1602.8,10,12,4.0,0,East,Manager_B,No,1,1169.72
CUST00687,40,Male,63,Basic,Two Year,Debit Card,Fiber,Smartphone,598.86,22444.57,142.37,1814.0,5,1,8.0,15,North,Manager_A,Yes,1,598.86
CUST00688,59,Male,48,Basic,Monthly,Auto Pay,5G,Laptop,589.83,18516.33,86.61,1366.4,9,36,1.0,15,Central,Manager_D,No,1,589.83
CUST00689,35,Female,61,Standard,One Year,UPI,Fiber,Router,4251.29,178294.4,114.14,615.8,8,36,8.0,10,South,Manager_D,No,1,4251.29
CUST00690,43,Female,26,Family,Monthly,Credit Card,Fiber,Router,2429.07,39821.95,14.34,1746.1,6,12,5.0,20,North,Manager_B,No,1,2429.07
CUST00691,30,Male,36,Family,Monthly,Auto Pay,DSL,Tablet,2019.53,46604.02,74.41,1507.8,10,12,2.0,20,West,Manager_D,No,1,2019.53
CUST00692,35,Male,1,Standard,One Year,UPI,DSL,Tablet,3705.69,11712.21,135.25,877.7,6,1,1.0,15,West,Manager_A,No,1,3705.69
CUST00693,20,Female,8,Premium,Monthly,Debit Card,DSL,Tablet,3810.47,19801.01,131.68,1435.5,10,12,6.0,10,North,Manager_A,No,1,3810.47
CUST00694,40,Male,52,Family,Two Year,Auto Pay,DSL,Router,1695.2,55593.27,7.98,1742.0,0,12,9.0,20,West,Manager_C,Yes,1,1695.2
CUST00695,20,Male,47,Family,Two Year,Credit Card,DSL,Tablet,3213.2,104563.5,46.25,1952.5,0,36,9.0,10,West,Manager_D,No,1,3213.2
CUST00696,42,Female,56,Standard,Monthly,Credit Card,5G,Router,3538.72,131831.54,67.05,1907.1,8,12,9.0,0,South,Manager_D,Yes,1,3538.72
CUST00697,44,Male,14,Family,Two Year,Debit Card,5G,Laptop,3049.53,21514.28,26.67,684.4,8,1,4.0,20,East,Manager_D,Yes,1,3049.53
CUST00698,61,Male,28,Basic,Monthly,UPI,None,Laptop,936.7,22689.64,109.77,872.3,10,12,6.0,20,East,Manager_D,No,1,936.7
CUST00699,44,Male,2,Basic,Two Year,Auto Pay,5G,Router,3978.71,3978.71,28.49,263.6,9,12,10.0,20,East,Manager_B,Yes,1,3978.71
CUST00700,69,Female,26,Family,Monthly,Debit Card,5G,Smartphone,2564.2,44664.06,52.65,532.7,2,12,6.0,15,East,Manager_B,No,1,2564.2
CUST00701,56,Female,14,Basic,Two Year,UPI,DSL,Router,1486.38,13532.18,99.83,1770.7,10,24,5.0,15,North,Manager_A,Yes,1,1486.38
CUST00702,42,Male,59,Premium,One Year,Net Banking,None,Laptop,2085.96,83198.27,72.83,753.7,10,12,2.0,20,South,Manager_D,No,1,2085.96
CUST00703,41,Male,56,Family,One Year,Net Banking,5G,Laptop,457.8,6135.83,111.05,1260.1,7,1,7.0,20,North,Manager_C,Yes,1,457.8
CUST00704,25,Male,7,Standard,Two Year,UPI,5G,Router,837.04,2230.69,144.22,1348.6,8,36,1.0,0,West,Manager_A,Yes,1,837.04
CUST00705,26,Male,3,Basic,Monthly,Credit Card,None,Router,3515.3,12654.79,18.37,1574.6,0,36,6.0,0,South,Manager_A,No,1,3515.3
CUST00706,63,Female,23,Premium,Two Year,Credit Card,Fiber,Router,300.05,10927.99,106.73,406.5,2,24,5.0,10,Central,Manager_B,No,1,300.05
CUST00707,54,Female,18,Premium,Monthly,Net Banking,DSL,Laptop,2049.58,19638.51,35.32,644.4,5,1,5.0,10,East,Manager_A,No,1,2049.58
CUST00708,47,Male,38,Basic,Two Year,Credit Card,5G,Smartphone,2494.54,67798.0,62.76,924.3,3,36,8.0,15,West,Manager_C,No,1,2494.54
CUST00709,70,Male,15,Premium,Two Year,Credit Card,5G,Router,529.46,1487.45,5.9,761.4,7,36,9.0,5,East,Manager_D,No,1,529.46
CUST00710,36,Male,64,Family,One Year,UPI,None,Laptop,4386.93,185303.02,21.25,1966.7,8,12,7.0,0,East,Manager_A,No,1,4386.93
CUST00711,70,Male,28,Premium,Monthly,UPI,5G,Router,1249.73,21718.37,48.65,1678.1,6,12,10.0,10,East,Manager_C,No,1,1249.73
CUST00712,33,Male,39,Basic,Monthly,Credit Card,DSL,Laptop,1577.63,41562.4,51.96,985.4,10,12,8.0,0,Central,Manager_B,No,1,1577.63
CUST00713,41,Female,57,Premium,Monthly,UPI,5G,Router,1576.56,64916.11,135.04,1764.6,0,24,2.0,0,West,Manager_B,No,1,1576.56
CUST00714,61,Female,17,Basic,Monthly,Auto Pay,Fiber,Laptop,1267.75,15690.76,111.53,727.9,1,12,2.0,5,East,Manager_D,No,1,1267.75
CUST00715,38,Female,44,Basic,Monthly,Net Banking,DSL,Router,306.19,8350.91,145.86,1582.4,0,1,8.0,0,East,Manager_A,No,1,306.19
CUST00716,53,Male,25,Premium,One Year,Auto Pay,Fiber,Tablet,3363.25,60890.72,90.26,486.2,8,24,6.0,5,South,Manager_C,No,1,3363.25
CUST00717,57,Female,17,Basic,Two Year,Auto Pay,None,Router,4360.75,45408.53,37.02,1556.0,3,36,8.0,5,East,Manager_B,Yes,1,4360.75
CUST00718,56,Male,13,Basic,Monthly,Credit Card,DSL,Laptop,1242.03,10378.17,49.82,940.1,9,36,9.0,0,South,Manager_C,No,1,1242.03
CUST00719,64,Male,25,Standard,Monthly,Credit Card,5G,Router,3084.8,56392.24,48.66,259.6,7,1,9.0,0,West,Manager_B,No,1,3084.8
CUST00720,23,Female,68,Family,Two Year,Auto Pay,DSL,Smartphone,3415.96,157503.38,49.65,582.9,4,1,6.0,10,West,Manager_B,No,1,3415.96
CUST00721,22,Male,10,Basic,One Year,Auto Pay,DSL,Router,3863.39,23424.41,101.27,834.4,4,36,8.0,0,West,Manager_D,No,1,3863.39
CUST00722,31,Female,67,Family,One Year,Debit Card,DSL,Router,2075.04,85120.34,80.09,1511.1,4,1,2.0,0,South,Manager_C,No,1,2075.04
CUST00723,70,Female,18,Standard,One Year,Debit Card,Fiber,Router,1572.31,20422.01,58.43,192.3,10,1,8.0,0,Central,Manager_C,No,1,1572.31
CUST00724,62,Female,34,Standard,Two Year,Net Banking,None,Smartphone,1666.24,29874.73,23.21,1336.1,4,1,3.0,10,Central,Manager_C,No,1,1666.24
CUST00725,59,Female,8,Standard,Two Year,Auto Pay,DSL,Smartphone,3293.01,16500.21,4.3,1446.2,2,12,1.0,5,East,Manager_B,No,1,3293.01
CUST00726,67,Male,40,Standard,One Year,UPI,5G,Smartphone,3730.47,105373.94,33.61,1325.1,5,36,7.0,10,West,Manager_D,No,1,3730.47
CUST00727,21,Other,42,Family,One Year,Debit Card,DSL,Tablet,1062.78,32741.63,17.01,1533.3,0,1,1.0,0,North,Manager_C,No,1,1062.78
CUST00728,25,Female,41,Premium,Two Year,Credit Card,DSL,Smartphone,1857.95,40665.7,118.03,397.4,7,1,1.0,20,East,Manager_A,Yes,1,1857.95
CUST00729,41,Female,6,Premium,One Year,Auto Pay,None,Tablet,4088.15,17354.86,17.76,1194.9,3,12,1.0,0,Central,Manager_C,Yes,1,4088.15
CUST00730,28,Male,52,Family,Monthly,UPI,5G,Router,3688.11,126258.63,108.91,1885.2,5,36,4.0,10,Central,Manager_B,Yes,1,3688.11
CUST00731,34,Female,26,Basic,Two Year,UPI,5G,Tablet,4436.41,70529.19,58.46,1241.0,1,24,4.0,10,West,Manager_D,No,1,4436.41
CUST00732,67,Male,64,Family,One Year,UPI,Fiber,Router,3467.84,149636.28,11.93,1242.1,1,36,10.0,15,South,Manager_C,No,1,3467.84
CUST00733,38,Female,59,Basic,Monthly,Credit Card,5G,Tablet,1951.42,74297.16,122.1,1486.1,7,36,6.0,20,East,Manager_C,No,1,1951.42
CUST00734,43,Male,56,Basic,Two Year,Debit Card,5G,Smartphone,2780.68,101384.38,87.36,699.7,0,36,10.0,10,South,Manager_C,No,1,2780.68
CUST00735,60,Female,59,Premium,Two Year,UPI,5G,Smartphone,3076.26,121619.79,36.13,1415.9,7,12,3.0,5,Central,Manager_A,No,1,3076.26
CUST00736,65,Male,70,Standard,Monthly,Debit Card,DSL,Tablet,629.51,26247.71,134.31,1836.7,9,36,10.0,0,West,Manager_B,No,1,629.51
CUST00737,61,Male,33,Premium,Two Year,Net Banking,Fiber,Tablet,2586.89,57390.26,7.74,71.2,9,24,6.0,5,Central,Manager_A,Yes,1,2586.89
CUST00738,62,Male,53,Premium,One Year,Credit Card,5G,Smartphone,3279.15,112896.68,31.07,1746.7,0,1,7.0,10,West,Manager_A,No,1,3279.15
CUST00739,44,Male,22,Family,Two Year,Debit Card,5G,Router,1002.75,12014.69,113.05,476.3,8,36,1.0,10,North,Manager_B,No,1,1002.75
CUST00740,33,Male,21,Family,One Year,Debit Card,5G,Router,3578.65,55065.75,106.7,939.1,0,12,6.0,5,South,Manager_B,No,1,3578.65
CUST00741,43,Male,70,Basic,Monthly,UPI,DSL,Router,2751.85,133893.02,44.1,1712.1,3,36,10.0,5,East,Manager_C,No,1,2751.85
CUST00742,70,Female,70,Family,Monthly,UPI,DSL,Router,4299.33,192092.13,10.24,1656.6,8,36,1.0,15,West,Manager_B,No,1,4299.33
CUST00743,50,Female,4,Basic,Two Year,Credit Card,Fiber,Laptop,478.17,5010.48,128.85,1789.3,0,24,7.0,0,North,Manager_C,No,1,478.17
CUST00744,48,Female,62,Basic,Monthly,Debit Card,None,Router,1414.37,65453.58,47.74,1883.8,8,24,10.0,5,North,Manager_A,No,1,1414.37
CUST00745,65,Male,62,Standard,Monthly,Auto Pay,Fiber,Laptop,2826.53,124616.79,30.16,922.0,7,12,5.0,0,South,Manager_C,No,1,2826.53
CUST00746,64,Male,24,Standard,Two Year,UPI,DSL,Laptop,1545.55,27330.7,77.89,1329.9,4,12,10.0,20,West,Manager_B,No,1,1545.55
CUST00747,23,Male,55,Premium,One Year,UPI,5G,Smartphone,3300.58,115734.28,136.62,811.4,5,12,4.0,10,East,Manager_C,No,1,3300.58
CUST00748,61,Female,9,Standard,Two Year,Net Banking,5G,Smartphone,3487.82,24076.82,7.49,733.9,4,12,1.0,5,East,Manager_A,No,1,3487.82
CUST00749,25,Female,3,Basic,Two Year,Credit Card,Fiber,Tablet,730.57,730.57,115.1,891.6,3,12,9.0,20,East,Manager_B,No,1,730.57
CUST00750,24,Male,31,Family,One Year,Debit Card,5G,Router,2458.19,49087.77,86.3,1499.0,9,1,7.0,10,Central,Manager_B,No,1,2458.19
CUST00751,51,Male,40,Standard,One Year,Debit Card,DSL,Router,2437.34,66911.14,64.39,1027.8,3,1,2.0,15,Central,Manager_D,No,1,2437.34
CUST00752,61,Female,36,Standard,One Year,Debit Card,Fiber,Smartphone,1850.98,40399.72,111.87,1637.4,9,12,4.0,10,West,Manager_C,No,1,1850.98
CUST00753,70,Female,24,Standard,Two Year,UPI,None,Smartphone,4218.28,61760.48,144.91,1503.2,7,12,4.0,5,East,Manager_C,No,1,4218.28
CUST00754,31,Female,6,Standard,One Year,Credit Card,DSL,Smartphone,3775.53,17430.99,35.15,89.9,7,1,8.0,20,North,Manager_C,No,1,3775.53
CUST00755,33,Female,66,Basic,Monthly,Debit Card,DSL,Tablet,3228.28,151380.44,22.4,1279.0,8,24,2.0,20,East,Manager_A,No,1,3228.28
CUST00756,60,Male,4,Basic,One Year,Auto Pay,5G,Router,3300.17,15016.62,137.02,901.3,2,1,5.0,20,West,Manager_A,Yes,1,3300.17
CUST00757,69,Male,6,Premium,Monthly,Net Banking,DSL,Tablet,2239.21,12492.77,100.67,940.4,9,12,10.0,10,East,Manager_B,No,1,2239.21
CUST00758,26,Male,51,Family,One Year,Net Banking,DSL,Laptop,4168.18,146614.05,66.26,1645.8,7,24,8.0,0,South,Manager_B,No,1,4168.18
CUST00759,27,Female,62,Premium,Monthly,Debit Card,None,Laptop,3217.3,136170.33,86.42,1117.8,2,12,6.0,0,East,Manager_A,No,1,3217.3
CUST00760,34,Male,57,Premium,Monthly,UPI,5G,Router,3361.72,129994.86,112.1,1777.0,1,36,4.0,10,North,Manager_C,No,1,3361.72
CUST00761,29,Female,66,Standard,Monthly,Net Banking,DSL,Smartphone,3919.1,176933.49,116.18,1440.0,1,24,5.0,5,West,Manager_C,No,1,3919.1
CUST00762,23,Male,8,Family,Monthly,Net Banking,5G,Smartphone,1451.1,1451.1,138.06,1128.0,8,12,2.0,10,West,Manager_A,No,1,1451.1
CUST00763,36,Male,26,Standard,Monthly,Net Banking,DSL,Tablet,3689.7,64952.23,64.6,1521.3,3,1,5.0,0,North,Manager_C,No,1,3689.7
CUST00764,60,Male,51,Basic,One Year,Net Banking,None,Laptop,1120.01,37675.6,44.72,124.8,4,12,3.0,10,West,Manager_A,No,1,1120.01
CUST00765,58,Male,45,Premium,Two Year,Debit Card,5G,Laptop,1750.44,52907.71,96.31,102.8,1,1,3.0,20,East,Manager_C,No,1,1750.44
CUST00766,70,Male,44,Family,Two Year,Credit Card,5G,Router,1709.56,47840.23,62.94,212.5,8,24,7.0,5,West,Manager_C,No,1,1709.56
CUST00767,46,Female,5,Basic,Two Year,Credit Card,None,Laptop,4409.81,17301.81,89.6,903.3,6,1,3.0,5,East,Manager_D,No,1,4409.81
CUST00768,23,Female,70,Premium,Two Year,UPI,Fiber,Smartphone,3897.46,177791.83,63.58,509.1,2,24,4.0,15,West,Manager_B,No,1,3897.46
CUST00769,42,Male,26,Family,Two Year,Auto Pay,DSL,Smartphone,3244.91,53575.83,23.8,1969.3,5,12,7.0,10,East,Manager_C,No,1,3244.91
CUST00770,41,Female,68,Premium,Monthly,Credit Card,DSL,Smartphone,3353.64,148762.28,70.94,1107.5,6,1,3.0,20,East,Manager_C,No,1,3353.64
CUST00771,42,Male,19,Family,One Year,Auto Pay,Fiber,Router,2660.71,38022.06,103.95,1341.7,5,24,10.0,10,North,Manager_A,No,1,2660.71
CUST00772,33,Female,20,Premium,Monthly,Credit Card,5G,Tablet,4277.78,56978.45,120.09,593.7,9,24,10.0,15,North,Manager_D,No,1,4277.78
CUST00773,69,Male,12,Standard,One Year,Credit Card,5G,Laptop,2384.29,16770.16,74.51,677.5,10,24,2.0,15,Central,Manager_D,Yes,1,2384.29
CUST00774,33,Male,47,Premium,One Year,UPI,None,Router,1898.17,57608.84,25.62,704.2,9,36,10.0,10,North,Manager_A,No,1,1898.17
CUST00775,23,Female,1,Premium,One Year,Net Banking,None,Tablet,984.75,984.75,62.79,1412.5,5,24,7.0,10,East,Manager_A,No,1,984.75
CUST00776,54,Male,14,Family,One Year,UPI,None,Router,3602.06,41730.1,118.16,973.7,7,12,5.0,10,East,Manager_A,Yes,1,3602.06
CUST00777,38,Male,64,Family,Two Year,Credit Card,Fiber,Laptop,3384.66,138229.56,62.52,1059.5,7,12,1.0,0,West,Manager_C,No,1,3384.66
CUST00778,21,Male,38,Standard,One Year,Net Banking,Fiber,Smartphone,1914.29,51872.9,104.78,1204.4,4,12,10.0,15,West,Manager_A,No,1,1914.29
CUST00779,51,Male,37,Family,One Year,Net Banking,5G,Tablet,405.81,12369.29,76.57,1549.2,3,24,8.0,5,Central,Manager_B,No,1,405.81
CUST00780,45,Male,11,Premium,Two Year,Net Banking,None,Tablet,3823.79,23626.3,36.94,226.2,10,12,3.0,0,East,Manager_A,Yes,1,3823.79
CUST00781,55,Female,3,Family,Monthly,Auto Pay,5G,Router,347.96,8030.29,119.63,1564.9,4,24,7.0,20,Central,Manager_C,Yes,1,347.96
CUST00782,58,Female,33,Family,Monthly,Credit Card,Fiber,Router,3255.54,74318.28,13.55,1148.3,8,24,6.0,5,East,Manager_B,No,1,3255.54
CUST00783,45,Female,6,Family,Monthly,Debit Card,DSL,Smartphone,4375.08,14961.65,79.21,1354.7,9,24,10.0,5,North,Manager_C,No,1,4375.08
CUST00784,34,Male,50,Standard,Monthly,UPI,5G,Router,2138.18,61975.6,32.12,688.7,5,36,6.0,5,West,Manager_B,No,1,2138.18
CUST00785,31,Male,10,Standard,One Year,Auto Pay,Fiber,Laptop,1286.89,9725.0,10.99,848.3,2,1,8.0,15,Central,Manager_B,Yes,1,1286.89
CUST00786,24,Male,5,Basic,Two Year,UPI,None,Laptop,3260.46,10644.47,75.94,500.8,2,12,4.0,20,South,Manager_B,No,1,3260.46
CUST00787,39,Male,23,Standard,Two Year,Debit Card,DSL,Laptop,3731.94,52069.52,75.43,1959.6,0,36,4.0,0,East,Manager_C,Yes,1,3731.94
CUST00788,68,Female,10,Standard,Monthly,Net Banking,DSL,Laptop,2595.01,12081.99,106.33,1019.2,4,12,3.0,20,North,Manager_B,Yes,1,2595.01
CUST00789,18,Male,44,Standard,Two Year,Debit Card,DSL,Smartphone,4361.55,132281.35,111.97,1992.3,5,36,1.0,0,South,Manager_D,No,1,4361.55
CUST00790,46,Female,2,Premium,One Year,UPI,None,Smartphone,517.01,517.01,109.44,1005.1,7,1,10.0,15,North,Manager_D,Yes,1,517.01
CUST00791,69,Male,13,Basic,Monthly,Debit Card,DSL,Smartphone,2420.14,22545.96,62.02,478.5,10,1,3.0,20,North,Manager_C,No,1,2420.14
CUST00792,48,Male,40,Premium,One Year,Credit Card,Fiber,Router,3317.51,87529.75,95.12,1039.5,8,1,1.0,5,East,Manager_D,No,1,3317.51
CUST00793,47,Male,2,Standard,One Year,Debit Card,5G,Smartphone,3923.09,7716.56,86.96,127.2,6,1,6.0,20,North,Manager_B,Yes,1,3923.09
CUST00794,32,Male,65,Standard,One Year,Credit Card,DSL,Tablet,1052.87,44152.84,63.81,1814.3,0,24,8.0,15,Central,Manager_A,No,1,1052.87
CUST00795,35,Male,63,Basic,One Year,Debit Card,DSL,Tablet,3660.01,155186.79,89.98,1646.2,6,12,3.0,15,South,Manager_A,No,1,3660.01
CUST00796,52,Male,17,Basic,One Year,Credit Card,Fiber,Tablet,2621.37,25994.99,142.14,1465.4,9,12,4.0,15,North,Manager_B,No,1,2621.37
CUST00797,67,Male,9,Family,Monthly,Credit Card,None,Router,1965.53,11547.16,29.74,1239.2,8,12,5.0,0,North,Manager_D,No,1,1965.53
CUST00798,47,Female,15,Standard,One Year,Debit Card,DSL,Router,853.2,10977.42,135.96,1180.7,3,24,7.0,20,West,Manager_B,No,1,853.2
CUST00799,51,Female,24,Standard,Monthly,Auto Pay,Fiber,Smartphone,3934.24,63702.2,8.96,1993.6,10,12,6.0,5,West,Manager_A,Yes,1,3934.24
CUST00800,59,Male,38,Premium,Two Year,Net Banking,Fiber,Laptop,960.55,26235.47,46.95,592.1,6,1,2.0,5,Central,Manager_A,No,1,960.55
CUST00801,28,Male,35,Family,One Year,Net Banking,None,Tablet,1601.11,32719.63,43.93,1570.4,8,12,7.0,10,West,Manager_C,No,1,1601.11
CUST00802,44,Female,49,Standard,One Year,Net Banking,None,Router,1518.19,46640.83,94.33,1183.7,0,12,8.0,15,North,Manager_A,Yes,1,1518.19
CUST00803,41,Other,69,Premium,Two Year,Credit Card,5G,Tablet,3959.94,179290.54,20.55,1953.0,9,36,1.0,5,North,Manager_C,No,1,3959.94
CUST00804,52,Female,62,Basic,Monthly,Net Banking,DSL,Smartphone,3125.35,127798.68,132.47,1664.2,8,24,6.0,15,South,Manager_D,No,1,3125.35
CUST00805,56,Male,60,Premium,One Year,Credit Card,5G,Router,3646.06,152635.31,124.45,1997.1,3,1,9.0,5,West,Manager_B,Yes,1,3646.06
CUST00806,25,Female,50,Standard,Two Year,Auto Pay,Fiber,Laptop,1351.97,43294.77,98.16,1197.2,7,1,7.0,20,East,Manager_C,No,1,1351.97
CUST00807,68,Female,9,Premium,Two Year,Debit Card,DSL,Laptop,2924.47,11829.02,69.3,448.9,2,1,5.0,10,West,Manager_B,No,1,2924.47
CUST00808,35,Male,34,Premium,One Year,Debit Card,Fiber,Router,2701.33,63938.38,140.01,1032.2,1,12,10.0,15,North,Manager_C,Yes,1,2701.33
CUST00809,30,Female,35,Family,Monthly,Credit Card,Fiber,Laptop,3797.89,95350.65,124.78,1436.7,7,1,10.0,0,South,Manager_D,Yes,1,3797.89
CUST00810,62,Male,1,Family,Monthly,Credit Card,Fiber,Smartphone,4105.57,4105.57,75.4,1560.0,7,1,9.0,0,West,Manager_D,Yes,1,4105.57
CUST00811,41,Female,40,Basic,One Year,Auto Pay,None,Laptop,351.06,19225.65,105.58,51.0,2,36,2.0,5,South,Manager_C,Yes,1,351.06
CUST00812,68,Female,64,Family,Two Year,Net Banking,None,Tablet,3130.88,135660.1,85.47,1034.8,7,12,7.0,20,West,Manager_C,No,1,3130.88
CUST00813,40,Female,22,Premium,One Year,Auto Pay,DSL,Tablet,517.71,12762.53,88.6,508.7,10,36,9.0,15,Central,Manager_D,No,1,517.71
CUST00814,29,Female,60,Family,Monthly,Debit Card,Fiber,Tablet,2605.21,111543.76,50.32,1756.1,10,24,2.0,10,North,Manager_B,No,1,2605.21
CUST00815,66,Male,64,Standard,Two Year,Debit Card,Fiber,Router,1508.06,69206.98,69.85,348.2,5,12,10.0,20,North,Manager_D,No,1,1508.06
CUST00816,47,Female,72,Premium,One Year,Net Banking,DSL,Router,1588.46,75693.4,12.64,1349.6,9,36,6.0,5,East,Manager_B,No,1,1588.46
CUST00817,48,Female,11,Premium,Two Year,Debit Card,5G,Router,1782.43,19159.64,54.24,568.8,8,24,9.0,20,North,Manager_C,No,1,1782.43
CUST00818,45,Female,14,Premium,Monthly,Credit Card,Fiber,Router,2909.43,28427.68,104.68,745.3,9,36,3.0,10,East,Manager_B,No,1,2909.43
CUST00819,39,Female,60,Standard,Monthly,Debit Card,None,Router,1703.01,73572.82,143.03,1884.1,5,24,8.0,20,North,Manager_C,No,1,1703.01
CUST00820,61,Female,30,Premium,Monthly,UPI,5G,Smartphone,3377.34,73546.18,144.5,518.9,7,1,5.0,15,West,Manager_B,No,1,3377.34
CUST00821,45,Female,35,Family,One Year,Net Banking,5G,Router,1999.02,41189.32,83.8,235.3,1,1,7.0,5,West,Manager_C,No,1,1999.02
CUST00822,30,Female,37,Standard,Two Year,Net Banking,5G,Laptop,587.08,18452.81,91.39,185.1,0,12,3.0,10,Central,Manager_A,No,1,587.08
CUST00823,42,Female,5,Premium,One Year,Net Banking,5G,Smartphone,3591.79,11063.17,28.67,1034.0,9,36,8.0,5,West,Manager_A,No,1,3591.79
CUST00824,61,Male,26,Family,One Year,UPI,5G,Router,1500.18,26694.07,104.6,1301.3,9,36,2.0,15,South,Manager_D,Yes,1,1500.18
CUST00825,68,Female,62,Family,One Year,Auto Pay,5G,Laptop,2117.62,88163.76,11.53,688.2,1,24,8.0,10,West,Manager_D,No,1,2117.62
CUST00826,63,Male,4,Basic,One Year,Credit Card,DSL,Smartphone,3178.86,8911.81,43.42,1396.0,3,12,2.0,10,East,Manager_C,No,1,3178.86
CUST00827,24,Male,42,Family,Two Year,Net Banking,DSL,Tablet,1696.32,55114.59,100.59,169.0,9,1,7.0,5,Central,Manager_B,No,1,1696.32
CUST00828,62,Male,18,Family,Two Year,Debit Card,5G,Smartphone,537.66,537.66,47.24,1721.8,8,36,2.0,20,South,Manager_C,No,1,537.66
CUST00829,23,Female,40,Basic,One Year,Credit Card,None,Router,1870.47,41267.48,8.43,1642.3,6,24,7.0,20,South,Manager_A,No,1,1870.47
CUST00830,41,Female,72,Basic,One Year,Debit Card,DSL,Smartphone,4266.68,195134.19,124.95,1971.7,8,1,1.0,0,North,Manager_A,Yes,1,4266.68
CUST00831,36,Female,39,Standard,Monthly,Credit Card,DSL,Smartphone,2995.28,83223.0,47.24,1876.2,8,1,6.0,0,East,Manager_C,No,1,2995.28
CUST00832,36,Male,14,Family,Monthly,Credit Card,5G,Tablet,3120.21,25254.77,10.4,744.6,8,1,10.0,10,West,Manager_A,No,1,3120.21
CUST00833,53,Female,32,Standard,Two Year,Debit Card,None,Smartphone,2955.59,63713.52,12.14,828.6,7,24,7.0,5,West,Manager_D,No,1,2955.59
CUST00834,68,Female,51,Standard,Monthly,Debit Card,5G,Smartphone,1135.77,38042.59,38.51,1504.6,5,24,4.0,10,North,Manager_C,Yes,1,1135.77
CUST00835,26,Male,38,Premium,Two Year,Credit Card,None,Tablet,2057.0,47678.79,27.52,311.5,10,1,1.0,5,West,Manager_D,Yes,1,2057.0
CUST00836,65,Male,23,Standard,Two Year,Net Banking,None,Router,3453.95,57217.95,116.37,662.3,9,24,6.0,15,South,Manager_D,No,1,3453.95
CUST00837,53,Male,63,Standard,Two Year,Debit Card,Fiber,Laptop,725.77,29845.03,48.93,281.2,6,1,4.0,0,West,Manager_D,No,1,725.77
CUST00838,55,Female,15,Standard,Monthly,UPI,DSL,Smartphone,1466.98,13481.12,120.9,937.0,1,1,3.0,10,West,Manager_A,No,1,1466.98
CUST00839,57,Female,25,Standard,Monthly,UPI,5G,Tablet,1460.54,25506.69,26.9,1126.4,10,1,4.0,15,South,Manager_B,Yes,1,1460.54
CUST00840,46,Male,17,Basic,Two Year,Credit Card,DSL,Smartphone,2114.48,27567.97,74.44,461.8,0,24,6.0,20,East,Manager_B,No,1,2114.48
CUST00841,41,Female,66,Family,Two Year,Auto Pay,DSL,Router,4417.55,189577.32,103.52,101.9,4,12,5.0,0,East,Manager_B,No,1,4417.55
CUST00842,65,Male,53,Premium,One Year,Credit Card,None,Router,583.51,24981.95,98.15,1452.7,7,12,2.0,5,South,Manager_D,No,1,583.51
CUST00843,22,Male,51,Basic,Two Year,Credit Card,DSL,Tablet,2478.54,91519.63,90.57,89.0,2,24,2.0,20,South,Manager_C,No,1,2478.54
CUST00844,70,Male,39,Premium,Two Year,Net Banking,Fiber,Laptop,1053.33,20255.97,138.8,1948.1,6,36,3.0,20,Central,Manager_D,No,1,1053.33
CUST00845,59,Male,51,Premium,One Year,Net Banking,5G,Laptop,4376.84,150204.05,35.05,482.1,4,24,6.0,15,Central,Manager_D,No,1,4376.84
CUST00846,62,Male,70,Basic,Two Year,Auto Pay,DSL,Smartphone,775.87,34682.66,74.56,1344.6,9,36,1.0,10,West,Manager_C,No,1,775.87
CUST00847,43,Male,6,Standard,Two Year,Auto Pay,5G,Tablet,1995.12,11476.63,132.71,897.8,7,1,7.0,10,West,Manager_B,No,1,1995.12
CUST00848,31,Female,67,Basic,Two Year,Auto Pay,DSL,Laptop,3399.12,145744.06,12.61,166.4,5,36,8.0,15,Central,Manager_B,No,1,3399.12
CUST00849,56,Male,7,Premium,One Year,Auto Pay,5G,Router,3259.13,23353.96,9.33,970.8,5,1,7.0,20,West,Manager_B,No,1,3259.13
CUST00850,46,Female,51,Premium,Monthly,Auto Pay,5G,Laptop,2075.46,62526.17,35.76,1057.7,6,12,3.0,0,East,Manager_D,No,1,2075.46
CUST00851,69,Female,72,Standard,Two Year,Credit Card,5G,Tablet,1755.4,83037.8,95.32,1716.6,6,1,6.0,20,East,Manager_D,No,1,1755.4
CUST00852,23,Male,42,Basic,One Year,Credit Card,DSL,Router,1969.97,57330.64,39.72,1478.1,3,36,4.0,15,North,Manager_A,No,1,1969.97
CUST00853,24,Female,64,Family,Two Year,UPI,Fiber,Smartphone,1409.96,56726.61,29.35,204.6,9,12,5.0,20,Central,Manager_B,No,1,1409.96
CUST00854,54,Male,15,Premium,One Year,UPI,5G,Router,1162.4,7406.99,69.36,457.9,9,12,3.0,20,East,Manager_D,No,1,1162.4
CUST00855,70,Female,29,Basic,Two Year,Debit Card,None,Laptop,2328.77,46134.06,92.43,658.2,9,24,5.0,20,North,Manager_A,No,1,2328.77
CUST00856,35,Female,33,Standard,One Year,Credit Card,None,Laptop,1427.84,31801.28,38.04,277.0,7,36,6.0,20,South,Manager_D,No,1,1427.84
CUST00857,40,Male,27,Standard,Monthly,Auto Pay,None,Laptop,1507.34,27161.81,45.8,941.0,5,36,8.0,0,East,Manager_D,No,1,1507.34
CUST00858,61,Female,36,Family,Monthly,Debit Card,Fiber,Smartphone,3058.38,77694.56,92.42,1969.4,10,24,6.0,5,North,Manager_B,Yes,1,3058.38
CUST00859,55,Female,29,Premium,Monthly,Net Banking,5G,Laptop,4367.86,82472.93,141.92,1053.5,7,24,9.0,5,West,Manager_C,No,1,4367.86
CUST00860,18,Female,38,Family,Two Year,Credit Card,Fiber,Tablet,2835.28,73425.06,101.54,1496.7,6,12,10.0,10,North,Manager_D,No,1,2835.28
CUST00861,21,Female,57,Family,One Year,UPI,5G,Smartphone,623.31,21152.77,117.65,1381.7,0,24,10.0,5,East,Manager_D,No,1,623.31
CUST00862,68,Male,27,Family,Two Year,Credit Card,Fiber,Router,617.45,6867.45,55.65,1707.3,3,12,10.0,5,West,Manager_D,Yes,1,617.45
CUST00863,61,Female,55,Family,Two Year,Credit Card,5G,Laptop,4295.98,156095.47,41.57,470.7,6,36,10.0,5,West,Manager_B,No,1,4295.98
CUST00864,64,Male,33,Standard,One Year,Credit Card,None,Tablet,1548.62,31575.81,68.69,1520.0,8,24,4.0,20,North,Manager_D,No,1,1548.62
CUST00865,52,Male,68,Premium,Two Year,Credit Card,5G,Tablet,686.68,28885.47,121.26,1768.6,1,36,2.0,20,North,Manager_A,Yes,1,686.68
CUST00866,40,Male,66,Family,One Year,Net Banking,Fiber,Smartphone,2815.99,129730.2,68.99,384.4,4,12,9.0,0,East,Manager_B,No,1,2815.99
CUST00867,44,Male,10,Premium,One Year,UPI,5G,Tablet,2919.32,18191.62,127.16,726.3,8,1,3.0,20,West,Manager_A,Yes,1,2919.32
CUST00868,43,Female,5,Standard,Monthly,Credit Card,DSL,Smartphone,3023.72,6764.53,148.33,1941.7,8,1,7.0,20,Central,Manager_B,No,1,3023.72
CUST00869,69,Female,38,Standard,Monthly,Net Banking,5G,Smartphone,1423.09,36192.01,11.73,1572.5,5,36,4.0,5,North,Manager_D,No,1,1423.09
CUST00870,25,Female,13,Basic,Monthly,Debit Card,None,Smartphone,363.46,3671.13,7.77,601.1,6,12,1.0,0,Central,Manager_D,No,1,363.46
CUST00871,60,Male,31,Basic,One Year,Credit Card,5G,Router,4353.06,84028.83,23.29,1149.7,8,12,8.0,0,Central,Manager_A,No,1,4353.06
CUST00872,33,Female,47,Premium,Monthly,Net Banking,DSL,Router,1353.75,40925.47,58.27,838.4,9,1,4.0,5,West,Manager_A,Yes,1,1353.75
CUST00873,58,Female,52,Basic,One Year,Auto Pay,DSL,Tablet,3139.31,107135.99,20.53,1005.4,7,12,6.0,5,East,Manager_B,Yes,1,3139.31
CUST00874,20,Male,56,Family,Two Year,Debit Card,DSL,Router,3267.85,121139.01,130.73,742.6,9,12,7.0,0,Central,Manager_B,No,1,3267.85
CUST00875,49,Male,15,Premium,Monthly,UPI,Fiber,Smartphone,2862.03,32247.94,4.45,594.7,5,36,8.0,15,East,Manager_C,No,1,2862.03
CUST00876,22,Female,29,Standard,One Year,Credit Card,DSL,Smartphone,1614.21,31891.42,48.05,1365.8,5,1,10.0,5,North,Manager_C,No,1,1614.21
CUST00877,37,Female,8,Standard,One Year,Credit Card,Fiber,Router,1438.6,13812.22,28.52,1568.2,6,12,2.0,5,West,Manager_C,No,1,1438.6
CUST00878,31,Female,5,Family,One Year,Net Banking,DSL,Tablet,2810.21,9309.06,139.8,1754.2,6,36,9.0,0,South,Manager_D,Yes,1,2810.21
CUST00879,49,Female,29,Basic,One Year,UPI,Fiber,Smartphone,3937.6,85007.37,100.75,352.9,1,24,10.0,15,West,Manager_A,No,1,3937.6
CUST00880,43,Female,47,Premium,Monthly,Auto Pay,DSL,Router,4276.28,131686.23,136.89,1654.6,8,1,3.0,15,South,Manager_A,No,1,4276.28
CUST00881,64,Male,68,Premium,Monthly,Debit Card,DSL,Laptop,744.8,29916.45,145.88,546.9,3,36,1.0,10,North,Manager_C,No,1,744.8
CUST00882,23,Female,45,Family,Monthly,UPI,5G,Tablet,950.28,31244.91,75.07,883.3,9,24,2.0,15,East,Manager_C,No,1,950.28
CUST00883,53,Male,2,Basic,One Year,Credit Card,DSL,Tablet,4267.89,12510.93,35.91,1807.8,8,12,8.0,5,North,Manager_B,Yes,1,4267.89
CUST00884,57,Female,27,Premium,Two Year,Net Banking,5G,Tablet,3393.45,54188.08,29.87,936.3,10,12,10.0,20,West,Manager_C,No,1,3393.45
CUST00885,68,Female,36,Family,One Year,Auto Pay,DSL,Laptop,4008.57,95220.73,34.21,434.3,9,24,6.0,0,South,Manager_A,No,1,4008.57
CUST00886,22,Female,36,Premium,Two Year,Net Banking,DSL,Smartphone,1151.06,24571.53,106.58,361.7,2,36,1.0,5,South,Manager_B,No,1,1151.06
CUST00887,30,Other,26,Standard,Monthly,Debit Card,5G,Tablet,2767.86,48690.5,7.03,972.3,4,12,9.0,0,West,Manager_C,No,1,2767.86
CUST00888,49,Male,43,Premium,One Year,UPI,5G,Router,3244.79,93067.4,8.65,1537.2,4,12,7.0,15,West,Manager_D,No,1,3244.79
CUST00889,33,Female,27,Premium,One Year,Net Banking,Fiber,Tablet,3156.47,63543.37,91.61,1994.6,6,36,10.0,0,North,Manager_C,No,1,3156.47
CUST00890,18,Female,69,Premium,Monthly,Net Banking,None,Router,2014.24,92113.02,96.67,1585.4,3,36,3.0,5,Central,Manager_D,No,1,2014.24
CUST00891,30,Other,20,Basic,One Year,Credit Card,5G,Tablet,364.66,11736.05,100.12,1760.2,10,24,7.0,20,South,Manager_C,Yes,1,364.66
CUST00892,28,Female,11,Basic,Two Year,Net Banking,Fiber,Router,2748.29,18578.62,56.41,1508.3,3,12,6.0,5,West,Manager_B,No,1,2748.29
CUST00893,70,Male,38,Family,Two Year,Auto Pay,DSL,Router,1363.03,39162.5,121.09,1796.1,0,36,3.0,10,North,Manager_D,No,1,1363.03
CUST00894,25,Female,6,Basic,Two Year,UPI,5G,Router,2191.07,9907.6,80.51,198.8,5,1,8.0,0,Central,Manager_D,No,1,2191.07
CUST00895,42,Female,72,Premium,One Year,Debit Card,5G,Laptop,4321.84,216097.75,16.71,1863.4,3,24,1.0,5,East,Manager_B,No,1,4321.84
CUST00896,57,Male,23,Premium,One Year,Net Banking,DSL,Laptop,1975.95,22912.83,119.77,823.0,10,24,5.0,15,West,Manager_D,No,1,1975.95
CUST00897,49,Female,47,Basic,Two Year,Auto Pay,DSL,Laptop,3827.17,114098.7,143.01,1847.1,9,24,8.0,15,Central,Manager_B,No,1,3827.17
CUST00898,41,Female,46,Basic,One Year,Debit Card,DSL,Smartphone,1091.87,42642.12,9.95,197.7,9,24,3.0,5,East,Manager_C,No,1,1091.87
CUST00899,45,Female,12,Premium,Two Year,Auto Pay,DSL,Router,3124.33,21328.31,59.31,1444.7,4,1,10.0,10,East,Manager_B,No,1,3124.33
CUST00900,31,Male,13,Premium,Monthly,Net Banking,None,Smartphone,4403.43,34814.04,73.64,1484.6,10,24,6.0,0,North,Manager_B,No,1,4403.43
CUST00901,62,Female,62,Standard,Two Year,Net Banking,5G,Laptop,727.95,25709.98,22.82,1994.0,8,24,10.0,10,South,Manager_B,Yes,1,727.95
CUST00902,20,Female,60,Family,Monthly,UPI,DSL,Router,334.94,19139.83,130.29,1549.3,3,36,2.0,20,West,Manager_B,No,1,334.94
CUST00903,53,Female,43,Basic,Monthly,Credit Card,DSL,Smartphone,2121.05,54536.15,43.34,796.0,0,12,9.0,5,Central,Manager_A,No,1,2121.05
CUST00904,44,Male,68,Family,Monthly,Auto Pay,None,Laptop,689.03,31348.28,117.67,1136.6,10,24,2.0,10,East,Manager_D,No,1,689.03
CUST00905,37,Male,5,Premium,Two Year,Credit Card,5G,Smartphone,3443.21,10149.26,100.98,764.8,8,36,5.0,20,South,Manager_C,No,1,3443.21
CUST00906,64,Female,37,Family,Two Year,Credit Card,Fiber,Smartphone,4141.1,107329.71,90.11,432.2,4,36,3.0,10,East,Manager_B,No,1,4141.1
CUST00907,32,Female,72,Basic,One Year,Debit Card,5G,Laptop,2122.89,99080.31,29.63,534.6,9,12,10.0,20,West,Manager_A,No,1,2122.89
CUST00908,44,Male,31,Basic,One Year,Debit Card,Fiber,Router,1386.59,30732.56,33.88,482.9,10,36,9.0,15,West,Manager_A,No,1,1386.59
CUST00909,70,Male,9,Family,Monthly,Auto Pay,None,Tablet,2124.49,6890.86,8.05,1120.2,6,36,9.0,15,North,Manager_C,No,1,2124.49
CUST00910,62,Male,51,Basic,Two Year,Credit Card,DSL,Tablet,3338.48,124878.03,36.87,1817.0,2,24,7.0,5,West,Manager_D,No,1,3338.48
CUST00911,58,Female,29,Standard,One Year,UPI,None,Smartphone,338.03,5337.29,52.47,1829.8,3,24,10.0,10,West,Manager_C,No,1,338.03
CUST00912,45,Male,40,Premium,One Year,Credit Card,5G,Smartphone,2775.71,74062.75,125.14,156.8,9,36,5.0,15,West,Manager_B,Yes,1,2775.71
CUST00913,42,Male,41,Premium,One Year,Debit Card,DSL,Smartphone,2875.83,86879.79,55.59,205.8,8,1,9.0,0,South,Manager_D,No,1,2875.83
CUST00914,59,Male,11,Basic,Two Year,Credit Card,5G,Router,2978.29,18907.43,113.44,528.0,9,12,7.0,15,Central,Manager_D,Yes,1,2978.29
CUST00915,61,Female,23,Premium,One Year,Net Banking,Fiber,Smartphone,1316.49,28523.09,66.48,547.4,0,36,2.0,15,Central,Manager_C,No,1,1316.49
CUST00916,63,Male,1,Standard,Monthly,Net Banking,5G,Smartphone,3299.02,3299.02,117.95,235.0,10,36,10.0,10,West,Manager_C,No,1,3299.02
CUST00917,50,Male,46,Basic,Two Year,UPI,None,Smartphone,683.84,24329.58,146.46,807.5,4,1,1.0,20,Central,Manager_D,No,1,683.84
CUST00918,63,Female,21,Standard,One Year,Auto Pay,None,Laptop,1136.94,13053.75,36.74,1196.1,7,12,10.0,0,West,Manager_C,No,1,1136.94
CUST00919,31,Male,36,Standard,One Year,Credit Card,None,Tablet,3985.37,88868.7,129.49,1177.4,9,36,10.0,0,Central,Manager_D,No,1,3985.37
CUST00920,25,Male,54,Premium,Two Year,Net Banking,DSL,Tablet,3402.64,124568.01,93.65,1109.7,6,36,4.0,20,Central,Manager_C,Yes,1,3402.64
CUST00921,65,Female,57,Premium,One Year,Auto Pay,5G,Laptop,357.73,16793.26,122.78,710.4,3,24,10.0,10,East,Manager_D,No,1,357.73
CUST00922,31,Male,1,Family,One Year,Net Banking,DSL,Router,1343.18,1343.18,98.09,1427.6,6,36,8.0,15,South,Manager_B,No,1,1343.18
CUST00923,18,Female,63,Standard,Monthly,Auto Pay,5G,Router,1200.51,48886.13,64.17,1661.6,0,1,6.0,20,East,Manager_A,No,1,1200.51
CUST00924,33,Male,54,Premium,Two Year,Auto Pay,Fiber,Router,1437.39,57749.83,34.98,725.2,5,36,2.0,0,East,Manager_C,Yes,1,1437.39
CUST00925,35,Female,55,Standard,One Year,Net Banking,5G,Laptop,1339.75,52124.76,11.44,216.8,8,12,,0,Central,Manager_D,No,1,1339.75
CUST00926,24,Male,40,Family,Two Year,Debit Card,5G,Tablet,562.61,13026.86,80.79,627.8,2,12,9.0,15,North,Manager_A,No,1,562.61
CUST00927,32,Female,15,Standard,Two Year,Auto Pay,5G,Tablet,2227.55,19287.87,148.56,317.9,3,1,6.0,15,North,Manager_A,Yes,1,2227.55
CUST00928,41,Male,21,Basic,Monthly,Credit Card,5G,Smartphone,3377.48,57025.94,110.97,961.3,7,36,6.0,5,South,Manager_A,No,1,3377.48
CUST00929,66,Male,47,Family,Monthly,Net Banking,Fiber,Tablet,2848.27,82011.13,49.77,354.1,4,36,7.0,20,West,Manager_C,No,1,2848.27
CUST00930,68,Female,53,Family,Two Year,Debit Card,DSL,Router,3126.06,110158.13,124.25,952.5,4,36,5.0,15,Central,Manager_C,No,1,3126.06
CUST00931,30,Female,9,Standard,Monthly,Net Banking,None,Router,640.83,640.83,115.58,481.0,0,36,3.0,5,South,Manager_B,No,1,640.83
CUST00932,26,Male,52,Standard,Monthly,UPI,5G,Smartphone,4296.26,155511.09,42.96,1490.5,5,36,3.0,10,East,Manager_C,No,1,4296.26
CUST00933,32,Female,57,Premium,One Year,Credit Card,None,Smartphone,3821.67,145187.84,3.13,103.8,1,12,5.0,0,Central,Manager_C,No,1,3821.67
CUST00934,52,Male,26,Basic,Monthly,UPI,None,Tablet,3681.38,64701.46,18.61,1131.8,0,24,4.0,20,East,Manager_C,No,1,3681.38
CUST00935,41,Female,41,Family,Monthly,Auto Pay,None,Smartphone,3756.53,116522.95,131.72,380.5,5,12,5.0,10,South,Manager_A,No,1,3756.53
CUST00936,50,Male,35,Family,One Year,Auto Pay,None,Smartphone,4217.38,95438.17,125.65,51.9,4,24,9.0,20,North,Manager_B,No,1,4217.38
CUST00937,33,Female,63,Family,One Year,UPI,5G,Laptop,2585.87,117349.42,44.99,1744.9,4,12,5.0,20,South,Manager_A,No,1,2585.87
CUST00938,25,Male,25,Premium,Two Year,UPI,None,Tablet,1141.18,17066.01,43.49,1359.5,8,1,4.0,15,Central,Manager_B,Yes,1,1141.18
CUST00939,46,Male,38,Basic,Monthly,Auto Pay,5G,Router,2890.49,72058.18,119.14,242.9,9,36,4.0,5,Central,Manager_C,No,1,2890.49
CUST00940,40,Male,2,Family,One Year,Debit Card,Fiber,Laptop,3420.1,17751.01,140.72,1344.9,9,24,1.0,20,West,Manager_D,No,1,3420.1
CUST00941,62,Male,7,Family,Monthly,Credit Card,DSL,Router,3399.25,15057.71,117.09,1242.7,2,12,10.0,10,North,Manager_C,No,1,3399.25
CUST00942,48,Female,34,Premium,Two Year,Net Banking,DSL,Smartphone,2490.09,49570.18,91.23,973.0,0,24,4.0,20,Central,Manager_A,No,1,2490.09
CUST00943,57,Other,17,Standard,Monthly,UPI,5G,Smartphone,587.53,8068.27,37.16,867.6,7,36,4.0,5,North,Manager_A,No,1,587.53
CUST00944,66,Female,43,Family,Monthly,Credit Card,5G,Router,1858.67,52418.19,79.34,1779.8,4,1,9.0,0,Central,Manager_A,No,1,1858.67
CUST00945,31,Male,59,Basic,Monthly,Net Banking,DSL,Laptop,4167.22,165746.13,35.79,528.0,10,36,4.0,20,North,Manager_B,No,1,4167.22
CUST00946,70,Male,51,Basic,One Year,Net Banking,None,Laptop,2754.69,92991.47,121.39,826.7,4,12,7.0,10,South,Manager_A,No,1,2754.69
CUST00947,47,Female,54,Basic,One Year,UPI,5G,Laptop,2560.99,103273.36,58.66,691.8,7,12,1.0,0,North,Manager_D,No,1,2560.99
CUST00948,70,Female,24,Basic,Two Year,Debit Card,None,Smartphone,1429.18,25650.56,125.22,1553.8,7,24,7.0,0,East,Manager_D,No,1,1429.18
CUST00949,56,Male,25,Premium,Monthly,Debit Card,5G,Tablet,1847.49,25416.68,57.86,1837.1,10,1,2.0,15,South,Manager_C,Yes,1,1847.49
CUST00950,44,Female,71,Family,Two Year,Credit Card,5G,Smartphone,4060.45,192817.37,123.8,1707.1,1,1,8.0,15,Central,Manager_B,No,1,4060.45
CUST00951,64,Female,52,Premium,Two Year,Credit Card,Fiber,Router,3099.14,103438.7,50.66,1605.5,2,12,1.0,20,Central,Manager_B,No,1,3099.14
CUST00952,33,Female,70,Basic,One Year,Auto Pay,Fiber,Laptop,3607.03,167089.5,66.58,1974.2,9,24,10.0,10,West,Manager_C,No,1,3607.03
CUST00953,68,Male,33,Basic,Monthly,Debit Card,DSL,Tablet,2208.25,44029.3,92.71,1409.4,9,36,3.0,15,East,Manager_A,No,1,2208.25
CUST00954,23,Male,49,Basic,Monthly,Credit Card,Fiber,Laptop,2947.04,106805.57,11.47,1514.6,0,36,8.0,5,West,Manager_A,No,1,2947.04
CUST00955,50,Female,29,Premium,Two Year,Auto Pay,Fiber,Smartphone,1343.21,22511.8,142.28,1966.5,2,12,10.0,5,South,Manager_C,No,1,1343.21
CUST00956,61,Female,63,Basic,Monthly,Net Banking,DSL,Tablet,3262.94,140481.3,86.47,63.6,3,12,8.0,0,West,Manager_C,No,1,3262.94
CUST00957,35,Male,22,Family,One Year,Credit Card,None,Tablet,2095.93,29122.91,76.67,1286.4,10,36,5.0,0,South,Manager_C,No,1,2095.93
CUST00958,33,Male,26,Basic,Two Year,Auto Pay,Fiber,Smartphone,2158.69,31625.23,126.07,1491.0,6,36,5.0,0,West,Manager_C,No,1,2158.69
CUST00959,29,Female,28,Family,Two Year,Debit Card,None,Laptop,3027.15,57495.05,130.0,1839.8,8,36,8.0,5,North,Manager_B,Yes,1,3027.15
CUST00960,37,Male,49,Family,One Year,Net Banking,DSL,Laptop,4232.38,140261.21,78.82,1773.5,4,24,10.0,15,South,Manager_B,No,1,4232.38
CUST00961,62,Male,71,Basic,One Year,Credit Card,5G,Laptop,568.83,29717.75,139.16,1691.8,0,1,5.0,15,South,Manager_A,No,1,568.83
CUST00962,57,Female,49,Premium,One Year,Debit Card,None,Smartphone,3763.92,109843.62,10.65,1894.3,1,12,9.0,20,North,Manager_B,No,1,3763.92
CUST00963,46,Female,20,Standard,One Year,Net Banking,DSL,Router,1528.01,14199.24,17.87,1097.9,9,12,1.0,10,North,Manager_B,No,1,1528.01
CUST00964,47,Female,63,Standard,One Year,UPI,None,Router,2164.46,95695.09,89.92,63.5,1,24,5.0,5,East,Manager_B,No,1,2164.46
CUST00965,43,Male,61,Family,One Year,Debit Card,DSL,Laptop,392.04,11324.93,53.76,71.6,8,36,3.0,0,North,Manager_C,Yes,1,392.04
CUST00966,39,Female,49,Premium,Two Year,UPI,DSL,Tablet,1564.39,52118.13,70.17,1112.0,9,24,3.0,10,West,Manager_B,No,1,1564.39
CUST00967,50,Female,71,Standard,Monthly,Credit Card,5G,Router,2411.05,107832.91,49.88,898.8,6,36,2.0,0,North,Manager_A,No,1,2411.05
CUST00968,70,Male,1,Basic,Monthly,Auto Pay,None,Laptop,535.94,4015.3,61.3,929.9,1,12,3.0,10,North,Manager_B,No,1,535.94
CUST00969,56,Female,13,Basic,Two Year,Credit Card,5G,Router,2362.6,25132.21,123.57,830.8,0,1,7.0,10,South,Manager_C,No,1,2362.6
CUST00970,64,Male,51,Family,Monthly,Debit Card,5G,Laptop,4193.86,146250.79,89.43,1839.6,4,24,8.0,15,South,Manager_B,No,1,4193.86
CUST00971,46,Male,56,Premium,Monthly,UPI,None,Router,742.65,32888.38,149.6,750.4,0,36,8.0,20,North,Manager_D,No,1,742.65
CUST00972,39,Male,62,Premium,Two Year,UPI,None,Router,3510.65,152926.37,118.25,1719.6,8,12,8.0,20,East,Manager_A,No,1,3510.65
CUST00973,62,Male,32,Standard,Monthly,Net Banking,DSL,Tablet,2020.62,37236.19,41.78,1810.6,2,1,1.0,0,South,Manager_B,No,1,2020.62
CUST00974,30,Male,30,Standard,Monthly,Credit Card,None,Tablet,3051.73,57091.24,40.39,1024.0,1,24,7.0,5,West,Manager_A,No,1,3051.73
CUST00975,26,Female,29,Basic,Two Year,Credit Card,DSL,Router,1392.99,31418.86,51.05,921.5,5,24,2.0,20,West,Manager_C,No,1,1392.99
CUST00976,41,Male,49,Family,Monthly,Debit Card,DSL,Laptop,969.87,37333.52,126.65,1534.0,2,12,10.0,5,North,Manager_A,No,1,969.87
CUST00977,32,Female,45,Premium,One Year,UPI,DSL,Tablet,973.94,25846.49,5.07,1430.5,4,24,4.0,0,North,Manager_D,No,1,973.94
CUST00978,53,Female,30,Standard,Two Year,Debit Card,DSL,Smartphone,596.07,8201.97,35.3,690.6,9,12,5.0,5,East,Manager_D,No,1,596.07
CUST00979,30,Male,16,Standard,Monthly,Debit Card,DSL,Tablet,1079.72,8255.95,135.83,250.0,7,24,1.0,10,North,Manager_A,Yes,1,1079.72
CUST00980,44,Male,40,Family,Monthly,UPI,DSL,Router,3089.72,74367.06,96.34,566.5,9,1,4.0,10,Central,Manager_C,Yes,1,3089.72
CUST00981,61,Female,19,Family,One Year,Debit Card,None,Router,4003.1,44348.88,34.8,305.5,1,1,4.0,0,Central,Manager_A,No,1,4003.1
CUST00982,54,Female,18,Basic,Two Year,UPI,None,Smartphone,3719.33,38395.5,33.65,624.7,4,24,9.0,5,North,Manager_B,No,1,3719.33
CUST00983,24,Male,1,Family,Two Year,Debit Card,Fiber,Tablet,3177.56,3177.56,129.53,560.6,10,12,9.0,5,Central,Manager_B,No,1,3177.56
CUST00984,25,Male,47,Basic,Monthly,Auto Pay,None,Router,763.81,25286.9,134.17,1293.5,7,36,10.0,0,West,Manager_A,No,1,763.81
CUST00985,54,Female,66,Basic,One Year,Debit Card,5G,Smartphone,1514.59,68809.32,39.16,1911.3,0,24,1.0,20,North,Manager_B,No,1,1514.59
CUST00986,58,Male,38,Family,One Year,Debit Card,,Smartphone,1601.19,38020.67,63.66,1387.2,9,36,8.0,15,West,Manager_B,No,1,1601.19
CUST00987,31,Female,51,Family,One Year,Auto Pay,None,Laptop,1349.82,43473.94,125.35,1857.0,9,12,4.0,20,West,Manager_C,No,1,1349.82
CUST00988,29,Female,63,Family,One Year,Credit Card,5G,Tablet,2463.02,104065.15,115.88,1579.1,10,36,4.0,15,Central,Manager_A,Yes,1,2463.02
CUST00989,53,Male,4,Family,One Year,UPI,None,Tablet,2549.33,2549.33,122.27,1469.4,3,24,5.0,5,East,Manager_B,No,1,2549.33
CUST00990,69,Male,1,Family,One Year,Net Banking,DSL,Tablet,1798.92,5996.48,78.24,857.4,4,1,2.0,15,West,Manager_A,No,1,1798.92
CUST00991,57,Male,8,Basic,Two Year,Auto Pay,Fiber,Router,1785.91,15951.78,136.82,683.3,9,12,1.0,15,Central,Manager_A,No,1,1785.91
CUST00992,34,Female,29,Standard,Monthly,Credit Card,DSL,Smartphone,3779.93,69950.74,49.57,1700.2,10,1,5.0,5,East,Manager_B,No,1,3779.93
CUST00993,57,Male,55,Premium,Monthly,Debit Card,Fiber,Laptop,3615.03,130558.92,24.34,1815.5,2,1,7.0,10,Central,Manager_C,No,1,3615.03
CUST00994,70,Male,3,Premium,One Year,Credit Card,Fiber,Tablet,1592.74,9402.04,106.6,931.2,1,1,10.0,15,Central,Manager_C,No,1,1592.74
CUST00995,46,Female,32,Basic,Two Year,Auto Pay,DSL,Laptop,4137.91,87660.16,81.36,67.7,2,24,9.0,0,North,Manager_D,No,1,4137.91
CUST00996,44,Male,10,Basic,Two Year,Debit Card,Fiber,Laptop,4301.82,31620.03,128.33,1595.4,10,12,2.0,20,South,Manager_A,Yes,1,4301.82
CUST00997,18,Female,34,Standard,One Year,Credit Card,Fiber,Smartphone,1672.32,37444.39,13.09,605.9,4,36,8.0,5,East,Manager_D,No,1,1672.32
CUST00998,69,Female,55,Family,Monthly,Net Banking,None,Tablet,1788.58,73362.8,126.71,69.3,6,1,7.0,5,Central,Manager_C,No,1,1788.58
CUST00999,51,Male,32,Basic,One Year,UPI,5G,Laptop,2423.66,54155.14,44.7,1619.7,1,36,2.0,15,West,Manager_B,No,1,2423.66
CUST01000,21,Female,50,Premium,Two Year,UPI,DSL,Tablet,4252.71,144495.28,98.57,1059.0,6,12,5.0,10,West,Manager_B,No,1,4252.71
CUST01001,41,Female,7,Family,One Year,Auto Pay,None,Tablet,3980.54,21407.39,6.98,1386.2,5,12,7.0,10,South,Manager_C,Yes,1,3980.54
CUST01002,38,Male,8,Basic,Monthly,Debit Card,None,Tablet,730.79,1121.98,91.83,1833.6,6,36,3.0,20,East,Manager_C,Yes,1,730.79
CUST01003,50,Male,65,Family,Monthly,Debit Card,DSL,Laptop,1949.47,82160.84,107.87,1105.3,6,36,2.0,20,North,Manager_A,No,1,1949.47
CUST01004,24,Male,57,Premium,Two Year,UPI,Fiber,Smartphone,2624.16,103564.31,55.94,1031.2,8,1,6.0,10,East,Manager_D,Yes,1,2624.16
CUST01005,18,Female,67,Family,One Year,Credit Card,DSL,Smartphone,,108419.88,33.1,616.8,6,36,10.0,10,West,Manager_D,Yes,1,2413.16
CUST01006,58,Male,59,Basic,One Year,Debit Card,5G,Laptop,1114.22,37937.93,81.11,645.1,5,36,6.0,10,West,Manager_C,No,1,1114.22
CUST01007,20,Female,72,Basic,Two Year,Net Banking,5G,Router,3907.03,196902.96,125.15,1603.3,9,24,4.0,15,North,Manager_A,No,1,3907.03
CUST01008,61,Female,54,Premium,One Year,Net Banking,DSL,Tablet,3143.15,118043.76,49.21,925.6,7,1,1.0,0,North,Manager_B,No,1,3143.15
CUST01009,68,Male,67,Standard,Two Year,Debit Card,None,Tablet,3819.22,170779.96,38.62,368.9,6,1,5.0,20,West,Manager_C,No,1,3819.22
CUST01010,32,Female,51,Standard,One Year,Debit Card,DSL,Smartphone,3906.81,131464.04,42.56,234.3,5,12,1.0,5,Central,Manager_D,No,1,3906.81
CUST01011,48,Male,8,Family,Monthly,UPI,5G,Laptop,3443.09,19356.53,142.42,972.2,3,36,8.0,10,Central,Manager_A,Yes,1,3443.09
CUST01012,33,Female,34,Basic,Two Year,Auto Pay,DSL,Laptop,2144.68,51200.35,54.53,956.7,6,24,2.0,10,North,Manager_A,Yes,1,2144.68
CUST01013,27,Female,35,Basic,One Year,UPI,Fiber,Router,2864.3,56668.66,1.54,1324.2,7,12,9.0,0,Central,Manager_A,No,1,2864.3
CUST01014,46,Male,32,Premium,One Year,Auto Pay,DSL,Router,973.53,31330.39,117.47,968.6,7,24,9.0,10,North,Manager_D,No,1,973.53
CUST01015,23,Male,46,Premium,One Year,Net Banking,None,Smartphone,3129.31,92016.09,105.19,329.8,3,1,3.0,20,East,Manager_A,Yes,1,3129.31
CUST01016,46,Female,16,Basic,Two Year,Auto Pay,Fiber,Router,1052.86,11220.98,20.16,1040.2,9,36,6.0,10,East,Manager_B,No,1,1052.86
CUST01017,34,Female,68,Premium,Monthly,UPI,5G,Router,3214.59,145902.41,147.75,1818.2,8,24,9.0,0,East,Manager_D,No,1,3214.59
CUST01018,70,Female,37,Standard,One Year,Debit Card,DSL,Laptop,1264.31,41170.56,91.6,360.9,2,12,7.0,15,North,Manager_C,No,1,1264.31
CUST01019,39,Male,54,Standard,Two Year,Auto Pay,None,Laptop,793.72,28133.3,75.62,1395.0,8,1,4.0,20,North,Manager_A,No,1,793.72
CUST01020,41,Male,14,Family,One Year,UPI,None,Router,994.19,17221.64,57.95,1208.0,2,24,3.0,15,Central,Manager_D,No,1,994.19
CUST01021,34,Male,55,Premium,Monthly,Net Banking,5G,Smartphone,308.37,13340.54,134.9,1509.7,6,24,2.0,5,Central,Manager_C,No,1,308.37
CUST01022,38,Female,48,Family,Monthly,Auto Pay,DSL,Router,3318.71,101389.3,37.35,343.7,3,12,10.0,0,Central,Manager_C,No,1,3318.71
CUST01023,68,Male,7,Premium,Monthly,Net Banking,None,Smartphone,3376.08,16428.58,43.58,1886.1,4,24,10.0,5,South,Manager_B,No,1,3376.08
CUST01024,67,Male,7,Premium,Two Year,Net Banking,Fiber,Router,2462.72,10900.15,19.24,1260.9,2,1,1.0,5,North,Manager_C,Yes,1,2462.72
CUST01025,28,Female,33,Standard,One Year,Credit Card,DSL,Laptop,977.72,16089.49,114.11,1701.8,1,24,10.0,5,East,Manager_B,No,1,977.72
CUST01026,24,Female,23,Basic,Two Year,Auto Pay,5G,Laptop,650.93,11769.54,89.74,530.9,7,36,1.0,5,East,Manager_D,No,1,650.93
CUST01027,59,Male,19,Premium,One Year,UPI,Fiber,Smartphone,380.34,4928.15,91.75,1491.9,6,36,4.0,0,South,Manager_B,No,1,380.34
CUST01028,56,Male,19,Premium,Two Year,Auto Pay,DSL,Router,996.14,15399.88,33.55,1573.0,6,12,4.0,15,South,Manager_D,No,1,996.14
CUST01029,22,Female,36,Premium,One Year,Auto Pay,None,Router,4041.59,97964.92,98.02,825.0,7,36,9.0,10,East,Manager_D,Yes,1,4041.59
CUST01030,61,Male,29,Basic,Two Year,Net Banking,5G,Smartphone,1314.45,22157.19,115.05,798.7,0,36,10.0,5,North,Manager_A,No,1,1314.45
CUST01031,65,Male,60,Family,One Year,Net Banking,5G,Router,1787.94,75359.27,54.33,1332.7,7,24,1.0,10,East,Manager_B,No,1,1787.94
CUST01032,38,Male,2,Family,Two Year,Net Banking,DSL,Tablet,742.45,742.45,120.4,232.1,9,1,4.0,10,East,Manager_D,Yes,1,742.45
CUST01033,35,Female,1,Premium,Monthly,Net Banking,5G,Laptop,1233.92,1233.92,52.97,1484.5,4,1,3.0,5,South,Manager_A,No,1,1233.92
CUST01034,52,Female,47,Premium,Two Year,UPI,Fiber,Laptop,2480.74,78373.12,113.96,133.6,7,24,9.0,20,South,Manager_B,No,1,2480.74
CUST01035,37,Male,69,Family,Monthly,Debit Card,DSL,Smartphone,2852.56,128447.39,6.03,421.7,8,36,5.0,10,Central,Manager_B,No,1,2852.56
CUST01036,32,Male,20,Family,Monthly,Credit Card,Fiber,Router,1330.48,19650.39,83.12,1345.1,1,24,9.0,20,South,Manager_C,No,1,1330.48
CUST01037,22,Female,11,Standard,One Year,Net Banking,5G,Smartphone,542.48,13972.55,145.46,241.7,2,36,10.0,15,East,Manager_A,No,1,542.48
CUST01038,30,Other,2,Premium,Monthly,Net Banking,5G,Tablet,1942.34,12728.49,147.21,1945.1,5,36,6.0,10,Central,Manager_C,No,1,1942.34
CUST01039,68,Female,67,Family,Monthly,Credit Card,5G,Router,1283.65,56510.75,42.98,1743.4,8,36,9.0,0,East,Manager_D,Yes,1,1283.65
CUST01040,29,Other,12,Standard,One Year,Net Banking,Fiber,Tablet,1222.13,5644.46,66.77,1271.3,9,1,1.0,15,North,Manager_B,No,1,1222.13
CUST01041,38,Female,20,Basic,Two Year,Debit Card,5G,Smartphone,4331.42,60675.68,10.38,1647.2,9,12,4.0,15,North,Manager_D,No,1,4331.42
CUST01042,54,Female,5,Premium,Two Year,Auto Pay,DSL,Laptop,2888.46,7777.07,131.13,1780.8,7,1,4.0,20,South,Manager_A,No,1,2888.46
CUST01043,23,Male,37,Family,Monthly,Credit Card,None,Tablet,2638.89,67051.5,85.72,556.0,5,36,10.0,5,Central,Manager_B,No,1,2638.89
CUST01044,24,Male,38,Premium,Two Year,UPI,DSL,Router,2046.26,48534.28,58.38,1706.4,4,24,10.0,0,West,Manager_D,No,1,2046.26
CUST01045,43,Male,9,Standard,Monthly,Credit Card,None,Smartphone,2101.57,13862.88,17.8,429.8,2,24,6.0,0,North,Manager_B,Yes,1,2101.57
CUST01046,59,Female,53,Family,Two Year,Debit Card,5G,Smartphone,2571.8,86810.4,142.07,856.0,3,36,10.0,20,North,Manager_C,No,1,2571.8
CUST01047,65,Female,44,Basic,Two Year,UPI,DSL,Smartphone,3225.01,100521.56,80.0,1138.6,6,12,1.0,20,North,Manager_A,No,1,3225.01
CUST01048,25,Female,24,Basic,Two Year,Auto Pay,Fiber,Laptop,3249.01,49034.27,43.16,1442.1,6,1,10.0,15,North,Manager_A,No,1,3249.01
CUST01049,26,Male,30,Standard,Monthly,Net Banking,None,Smartphone,1021.11,23727.71,53.18,108.8,2,1,5.0,20,South,Manager_A,No,1,1021.11
CUST01050,44,Male,59,Basic,One Year,Credit Card,Fiber,Smartphone,2400.47,88094.65,41.33,616.5,3,36,3.0,5,Central,Manager_B,No,1,2400.47
CUST01051,21,Male,14,Basic,Two Year,UPI,None,Laptop,2030.22,22854.59,90.67,1236.6,2,36,1.0,15,North,Manager_D,No,1,2030.22
CUST01052,38,Male,9,Basic,Two Year,Credit Card,5G,Smartphone,3956.21,18905.34,139.56,746.9,1,12,6.0,15,South,Manager_D,No,1,3956.21
CUST01053,48,Female,40,Basic,Two Year,Auto Pay,DSL,Smartphone,2951.96,80024.82,128.65,1561.3,5,1,3.0,15,Central,Manager_A,No,1,2951.96
CUST01054,38,Female,66,Basic,Monthly,Credit Card,None,Tablet,2536.52,116722.88,69.6,1320.7,6,12,4.0,0,Central,Manager_B,No,1,2536.52
CUST01055,57,Male,25,Basic,One Year,UPI,DSL,Smartphone,784.66,12077.75,124.15,507.1,3,1,9.0,0,West,Manager_B,No,1,784.66
CUST01056,42,Male,22,Basic,Monthly,Debit Card,None,Laptop,2843.68,36561.47,64.04,334.6,4,12,2.0,15,East,Manager_B,No,1,2843.68
CUST01057,56,Female,4,Family,Two Year,UPI,None,Tablet,792.26,4596.76,38.59,1276.6,7,12,1.0,5,North,Manager_D,No,1,792.26
CUST01058,32,Male,26,Basic,Monthly,Credit Card,5G,Smartphone,1716.27,25543.77,147.53,928.4,8,12,10.0,10,South,Manager_A,No,1,1716.27
CUST01059,70,Female,58,Family,Two Year,Auto Pay,None,Laptop,899.94,32776.45,46.28,379.5,6,24,6.0,15,Central,Manager_D,No,1,899.94
CUST01060,52,Male,29,Premium,Two Year,Net Banking,Fiber,Router,3206.71,63323.71,49.23,686.4,9,24,1.0,20,West,Manager_C,No,1,3206.71
CUST01061,66,Male,37,Standard,Monthly,Net Banking,None,Smartphone,1166.26,35571.13,148.46,640.9,0,24,1.0,10,East,Manager_B,No,1,1166.26
CUST01062,60,Male,70,Basic,Two Year,Auto Pay,None,Router,1945.81,90937.23,20.96,260.9,10,1,7.0,0,Central,Manager_C,No,1,1945.81
CUST01063,58,Male,18,Standard,Two Year,Credit Card,None,Tablet,4061.83,48856.25,114.32,1116.5,2,12,2.0,0,Central,Manager_A,No,1,4061.83
CUST01064,54,Female,42,Basic,One Year,Auto Pay,5G,Laptop,1158.13,36115.2,140.44,1539.1,10,36,4.0,10,North,Manager_A,No,1,1158.13
CUST01065,59,Male,41,Family,Monthly,Credit Card,DSL,Tablet,2432.78,66747.85,77.26,1172.2,4,36,4.0,20,East,Manager_D,No,1,2432.78
CUST01066,64,Male,38,Basic,Monthly,UPI,DSL,Router,2060.94,55388.13,1.38,1661.3,2,1,2.0,0,East,Manager_A,No,1,2060.94
CUST01067,45,Male,34,Premium,Two Year,Debit Card,5G,Router,376.12,13918.05,56.88,298.8,0,1,6.0,0,South,Manager_A,No,1,376.12
CUST01068,31,Male,17,Standard,Two Year,Credit Card,Fiber,Router,3629.58,39496.55,17.62,899.4,1,36,10.0,15,West,Manager_D,No,1,3629.58
CUST01069,21,Male,37,Standard,Monthly,Net Banking,Fiber,Laptop,589.99,589.99,63.01,1238.4,7,12,2.0,5,South,Manager_D,Yes,1,589.99
CUST01070,70,Female,25,Premium,Monthly,Net Banking,5G,Router,2291.87,34108.2,118.71,1368.2,6,24,8.0,20,West,Manager_D,No,1,2291.87
CUST01071,37,Female,27,Family,Monthly,Debit Card,DSL,Router,2654.85,53830.71,66.37,1406.8,9,1,4.0,15,South,Manager_D,No,1,2654.85
CUST01072,51,Female,57,Family,Two Year,Credit Card,Fiber,Laptop,2939.39,111528.0,65.36,1471.5,2,1,1.0,5,West,Manager_A,No,1,2939.39
CUST01073,29,Male,31,Premium,One Year,Debit Card,5G,Router,3192.25,64277.52,83.96,1320.3,3,1,7.0,0,North,Manager_C,No,1,3192.25
CUST01074,50,Male,6,Standard,One Year,UPI,DSL,Smartphone,1363.74,11288.88,87.67,233.7,2,36,6.0,5,West,Manager_D,Yes,1,1363.74
CUST01075,41,Male,40,Basic,Two Year,Debit Card,Fiber,Router,341.91,8610.98,128.59,1405.8,3,24,6.0,0,South,Manager_A,No,1,341.91
CUST01076,37,Male,12,Family,Two Year,UPI,Fiber,Laptop,3338.46,16245.01,46.94,1463.3,7,12,3.0,15,East,Manager_A,No,1,3338.46
CUST01077,22,Female,53,Basic,Two Year,Net Banking,5G,Router,2549.76,82565.01,123.43,1987.3,8,12,10.0,0,Central,Manager_A,No,1,2549.76
CUST01078,55,Female,71,Standard,Monthly,UPI,DSL,Laptop,3811.69,182513.23,85.32,1402.1,6,36,7.0,5,West,Manager_A,Yes,1,3811.69
CUST01079,47,Female,10,Basic,Two Year,Credit Card,Fiber,Router,3749.83,24664.41,45.78,1389.3,8,1,6.0,15,West,Manager_A,No,1,3749.83
CUST01080,41,Male,45,Premium,Monthly,Credit Card,5G,Smartphone,3841.97,122532.38,44.97,1053.9,8,36,10.0,5,East,Manager_D,Yes,1,3841.97
CUST01081,60,Male,17,Family,One Year,Credit Card,Fiber,Laptop,2337.4,22824.19,54.81,1742.4,6,36,10.0,5,North,Manager_D,No,1,2337.4
CUST01082,57,Female,26,Family,Two Year,Credit Card,DSL,Laptop,1701.24,27940.66,93.78,1993.8,6,12,9.0,10,South,Manager_B,No,1,1701.24
CUST01083,24,Male,62,Premium,Two Year,Auto Pay,None,Laptop,3624.54,145391.8,35.39,1569.1,7,24,3.0,0,North,Manager_B,No,1,3624.54
CUST01084,53,Female,46,Premium,Monthly,UPI,Fiber,Laptop,2195.44,64723.86,138.13,1244.4,9,12,3.0,0,West,Manager_D,Yes,1,2195.44
CUST01085,55,Female,64,Family,Monthly,Credit Card,DSL,Router,1070.46,36213.44,86.66,204.0,2,36,4.0,5,West,Manager_D,No,1,1070.46
CUST01086,33,Female,2,Family,Monthly,Debit Card,Fiber,Router,3890.89,3890.89,138.08,1467.1,7,36,3.0,0,North,Manager_D,Yes,1,3890.89
CUST01087,69,Female,54,Family,One Year,Debit Card,None,Smartphone,4006.75,143983.66,7.91,1431.7,0,1,4.0,20,South,Manager_C,No,1,4006.75
CUST01088,32,Male,65,Standard,One Year,Auto Pay,None,Smartphone,2258.5,97186.68,52.05,1562.4,5,1,6.0,0,West,Manager_D,No,1,2258.5
CUST01089,63,Male,51,Standard,Two Year,UPI,Fiber,Router,617.94,31757.73,4.4,292.9,1,36,1.0,15,West,Manager_A,No,1,617.94
CUST01090,40,Male,53,Standard,Two Year,UPI,5G,Tablet,1928.87,77320.83,41.57,1324.8,6,12,2.0,0,North,Manager_C,Yes,1,1928.87
CUST01091,29,Female,36,Basic,Monthly,UPI,Fiber,Laptop,3674.86,84442.14,129.44,626.7,2,1,10.0,20,Central,Manager_C,No,1,3674.86
CUST01092,46,Male,26,Standard,One Year,Auto Pay,DSL,Router,4087.45,60629.45,6.45,1532.5,10,24,6.0,5,East,Manager_A,No,1,4087.45
CUST01093,61,Female,29,Family,Two Year,UPI,5G,Smartphone,1154.59,21826.07,65.99,518.7,9,24,6.0,0,West,Manager_A,No,1,1154.59
CUST01094,65,Female,21,Standard,Monthly,UPI,DSL,Laptop,581.29,10020.61,18.52,1383.8,4,36,1.0,15,South,Manager_B,No,1,581.29
CUST01095,32,Female,11,Family,Monthly,Credit Card,DSL,Smartphone,3984.87,24919.96,63.11,625.2,9,24,6.0,20,Central,Manager_A,Yes,1,3984.87
CUST01096,46,Male,40,Premium,One Year,UPI,5G,Tablet,1935.5,47558.46,125.99,67.5,1,24,9.0,10,North,Manager_D,No,1,1935.5
CUST01097,62,Male,11,Basic,One Year,Credit Card,None,Laptop,2575.4,26799.04,93.84,1285.0,0,1,8.0,5,North,Manager_D,No,1,2575.4
CUST01098,60,Female,36,Basic,Two Year,Credit Card,DSL,Tablet,4365.88,103493.36,110.78,270.9,4,1,10.0,5,South,Manager_B,No,1,4365.88
CUST01099,66,Female,59,Premium,Two Year,UPI,Fiber,Tablet,579.57,26107.67,53.02,1335.6,8,12,5.0,5,Central,Manager_C,No,1,579.57
CUST01100,38,Female,39,Family,Monthly,Debit Card,None,Tablet,3022.94,73944.91,141.72,1854.9,8,1,4.0,20,South,Manager_C,No,1,3022.94
CUST01101,32,Male,54,Basic,Monthly,Net Banking,None,Router,611.24,21719.94,106.68,1940.0,6,12,6.0,0,West,Manager_B,No,1,611.24
CUST01102,31,Female,55,Standard,Monthly,Debit Card,5G,Smartphone,1876.97,67140.54,63.85,510.1,8,1,5.0,0,Central,Manager_D,Yes,1,1876.97
CUST01103,59,Female,24,Family,Two Year,UPI,Fiber,Laptop,3676.02,55439.45,64.54,1628.0,3,36,6.0,0,East,Manager_B,Yes,1,3676.02
CUST01104,61,Male,22,Basic,One Year,UPI,Fiber,Router,2120.58,36878.34,137.88,739.4,2,12,10.0,0,East,Manager_D,No,1,2120.58
CUST01105,33,Female,69,Premium,Two Year,Debit Card,None,Smartphone,4488.17,199511.43,86.88,1805.9,10,36,3.0,5,South,Manager_D,No,1,4488.17
CUST01106,32,Female,56,Family,One Year,UPI,DSL,Router,2648.05,100360.82,106.25,1585.6,3,12,7.0,10,East,Manager_A,Yes,1,2648.05
CUST01107,59,Male,33,Basic,Two Year,Credit Card,DSL,Smartphone,1648.88,34499.75,63.14,194.1,6,24,8.0,5,South,Manager_B,Yes,1,1648.88
CUST01108,21,Male,36,Premium,Two Year,Auto Pay,Fiber,Laptop,1224.47,31461.4,34.33,843.9,7,12,5.0,10,West,Manager_B,No,1,1224.47
CUST01109,44,Female,20,Family,One Year,UPI,None,Laptop,1772.19,21921.32,108.81,707.8,1,12,5.0,10,West,Manager_D,No,1,1772.19
CUST01110,40,Male,62,Standard,Two Year,UPI,None,Laptop,1864.64,81407.75,91.57,1581.1,4,12,4.0,0,South,Manager_D,No,1,1864.64
CUST01111,46,Female,26,Family,Two Year,Debit Card,None,Laptop,588.6,5503.89,75.7,850.1,4,12,10.0,15,West,Manager_A,No,1,588.6
CUST01112,58,Female,66,Standard,Monthly,Credit Card,5G,Smartphone,1852.21,87285.01,93.98,1384.9,8,12,5.0,20,East,Manager_D,Yes,1,1852.21
CUST01113,70,Female,40,Family,One Year,Debit Card,Fiber,Router,2249.8,59850.65,32.03,1224.7,2,24,10.0,15,West,Manager_D,No,1,2249.8
CUST01114,69,Female,17,Premium,One Year,Debit Card,Fiber,Laptop,3335.5,31159.82,119.3,1952.5,5,12,8.0,10,East,Manager_C,No,1,3335.5
CUST01115,26,Male,1,Standard,Monthly,UPI,DSL,Laptop,3058.26,5439.92,142.28,1878.7,9,36,5.0,15,East,Manager_B,No,1,3058.26
CUST01116,70,Male,61,Standard,One Year,Credit Card,DSL,Laptop,3276.82,132263.1,133.77,884.0,4,12,9.0,10,North,Manager_A,No,1,3276.82
CUST01117,69,Female,43,Family,Monthly,UPI,Fiber,Tablet,335.13,1067.87,48.89,1461.0,1,12,1.0,5,West,Manager_A,No,1,335.13
CUST01118,60,Male,42,Basic,One Year,UPI,Fiber,Laptop,1214.2,35659.94,61.49,1667.4,1,36,7.0,5,West,Manager_D,No,1,1214.2
CUST01119,60,Female,25,Standard,One Year,UPI,DSL,Laptop,3079.07,56350.81,121.45,1802.8,3,1,5.0,0,South,Manager_B,No,1,3079.07
CUST01120,24,Female,39,Family,One Year,UPI,Fiber,Smartphone,2332.76,67062.44,89.67,182.9,3,1,4.0,20,South,Manager_C,No,1,2332.76
CUST01121,70,Male,35,Premium,One Year,Auto Pay,DSL,Tablet,322.32,5629.04,82.64,639.1,6,24,3.0,5,Central,Manager_A,No,1,322.32
CUST01122,59,Male,3,Family,Monthly,Net Banking,Fiber,Smartphone,3678.88,8084.35,139.07,674.4,0,12,10.0,20,East,Manager_D,Yes,1,3678.88
CUST01123,21,Female,44,Family,Monthly,Credit Card,5G,Router,3545.8,104262.82,80.87,897.2,10,12,7.0,0,North,Manager_B,No,1,3545.8
CUST01124,22,Female,51,Standard,One Year,Auto Pay,5G,Tablet,2603.36,95963.25,77.73,380.1,5,1,2.0,20,East,Manager_C,No,1,2603.36
CUST01125,22,Male,12,Basic,Two Year,Net Banking,None,Smartphone,579.15,580.76,7.26,1017.6,10,12,5.0,5,West,Manager_B,Yes,1,579.15
CUST01126,28,Female,19,Premium,Monthly,Net Banking,Fiber,Smartphone,3519.36,42255.26,11.34,1343.3,8,24,2.0,5,Central,Manager_A,No,1,3519.36
CUST01127,58,Female,44,Standard,One Year,Net Banking,DSL,Router,2751.6,76540.0,2.11,1019.9,1,36,7.0,15,East,Manager_D,No,1,2751.6
CUST01128,45,Other,59,Standard,Monthly,Auto Pay,Fiber,Router,3584.23,133733.96,137.07,1348.3,4,12,6.0,15,Central,Manager_D,No,1,3584.23
CUST01129,33,Male,49,Standard,Two Year,Credit Card,Fiber,Laptop,3457.34,114178.71,61.85,179.6,9,36,10.0,15,East,Manager_A,No,1,3457.34
CUST01130,58,Male,61,Premium,Two Year,Debit Card,None,Laptop,3672.61,157359.3,70.82,1758.2,10,24,7.0,20,West,Manager_A,Yes,1,3672.61
CUST01131,47,Female,17,Basic,Two Year,Net Banking,DSL,Tablet,2475.63,27064.72,126.96,1881.2,9,1,9.0,5,West,Manager_B,No,1,2475.63
CUST01132,21,Female,57,Premium,One Year,Debit Card,Fiber,Tablet,889.36,29386.2,91.78,1254.9,3,24,2.0,0,East,Manager_A,No,1,889.36
CUST01133,19,Male,55,Premium,One Year,Debit Card,DSL,Router,3118.86,115292.5,91.82,1768.7,3,24,9.0,10,North,Manager_B,No,1,3118.86
CUST01134,63,Female,47,Basic,Two Year,UPI,Fiber,Tablet,2905.99,93999.94,45.18,306.3,7,24,7.0,5,West,Manager_D,Yes,1,2905.99
CUST01135,20,Female,12,Premium,Monthly,Debit Card,None,Laptop,3417.46,26557.86,125.25,1605.0,5,24,2.0,15,South,Manager_C,No,1,3417.46
CUST01136,67,Male,62,Family,Monthly,UPI,DSL,Router,1013.5,48909.01,25.71,282.3,6,36,10.0,15,North,Manager_D,No,1,1013.5
CUST01137,38,Female,8,Premium,Two Year,Credit Card,Fiber,Smartphone,1118.9,1905.66,8.92,845.6,10,24,2.0,20,East,Manager_D,No,1,1118.9
CUST01138,23,Female,21,Standard,One Year,Credit Card,5G,Router,4039.72,55121.23,29.55,681.4,8,24,4.0,15,North,Manager_C,Yes,1,4039.72
CUST01139,60,Male,70,Premium,Monthly,UPI,DSL,Tablet,3449.91,162475.74,40.89,1191.9,2,24,2.0,20,South,Manager_C,No,1,3449.91
CUST01140,70,Male,72,Standard,Monthly,Credit Card,None,Laptop,4114.56,199463.7,43.06,638.0,10,24,1.0,0,West,Manager_C,No,1,4114.56
CUST01141,35,Female,25,Premium,Monthly,Net Banking,5G,Laptop,3486.6,58346.14,100.91,1292.8,1,36,6.0,15,West,Manager_D,No,1,3486.6
CUST01142,61,Male,12,Standard,One Year,Credit Card,DSL,Smartphone,2808.05,16072.3,33.46,766.4,2,24,10.0,20,West,Manager_A,Yes,1,2808.05
CUST01143,22,Male,15,Standard,Two Year,UPI,DSL,Smartphone,3047.36,42163.66,101.82,1728.5,7,1,5.0,15,South,Manager_D,No,1,3047.36
CUST01144,26,Female,59,Standard,One Year,Net Banking,DSL,Router,4034.34,157504.19,14.58,1286.1,8,24,3.0,20,North,Manager_A,Yes,1,4034.34
CUST01145,37,Female,26,Basic,Monthly,Debit Card,DSL,Laptop,2730.99,47888.5,22.93,469.8,9,24,1.0,5,East,Manager_B,No,1,2730.99
CUST01146,45,Female,26,Premium,Two Year,Debit Card,Fiber,Smartphone,2956.04,54321.83,76.81,705.5,4,12,9.0,20,East,Manager_D,No,1,2956.04
CUST01147,43,Female,47,Premium,One Year,Debit Card,Fiber,Smartphone,957.2,26809.74,138.36,1702.5,7,12,8.0,10,North,Manager_C,No,1,957.2
CUST01148,35,Male,32,Family,Two Year,UPI,DSL,Router,2290.47,49147.99,129.08,803.6,10,12,6.0,0,West,Manager_D,No,1,2290.47
CUST01149,36,Male,10,Family,Monthly,Debit Card,None,Router,3308.87,18673.18,145.34,1094.8,6,24,6.0,5,East,Manager_D,Yes,1,3308.87
CUST01150,20,Male,16,Family,One Year,Credit Card,Fiber,Laptop,1437.96,17415.99,97.92,1315.4,8,1,4.0,0,West,Manager_C,No,1,1437.96
CUST01151,26,Male,71,Premium,Two Year,Debit Card,DSL,Tablet,1149.47,53028.13,101.7,728.2,3,1,2.0,5,Central,Manager_B,No,1,1149.47
CUST01152,53,Female,17,Basic,One Year,Auto Pay,DSL,Tablet,1618.07,19681.72,94.13,623.3,9,12,4.0,15,Central,Manager_B,No,1,1618.07
CUST01153,48,Female,23,Standard,Monthly,Auto Pay,None,Laptop,1314.3,14919.91,93.8,976.7,2,12,2.0,20,East,Manager_B,No,1,1314.3
CUST01154,66,Female,26,Premium,Two Year,Debit Card,None,Tablet,1202.63,16701.0,22.92,469.0,8,24,7.0,15,North,Manager_B,No,1,1202.63
CUST01155,34,Male,7,Basic,Monthly,Debit Card,None,Laptop,2084.37,2901.36,82.02,604.2,7,1,9.0,0,North,Manager_D,No,1,2084.37
CUST01156,40,Male,14,Basic,Two Year,Auto Pay,5G,Laptop,4112.92,34834.6,58.52,171.1,6,1,2.0,0,North,Manager_D,No,1,4112.92
CUST01157,51,Female,7,Premium,Monthly,Debit Card,DSL,Smartphone,2429.65,2429.65,66.94,642.7,0,12,9.0,5,West,Manager_C,No,1,2429.65
CUST01158,58,Male,9,Standard,Monthly,Net Banking,None,Tablet,1089.27,5000.12,79.02,675.4,1,1,9.0,0,Central,Manager_A,No,1,1089.27
CUST01159,58,Male,48,Basic,One Year,Auto Pay,DSL,Laptop,623.28,17273.76,20.13,1925.6,8,12,8.0,20,West,Manager_C,No,1,623.28
CUST01160,22,Female,72,Premium,Monthly,UPI,Fiber,Tablet,3223.86,155499.83,54.56,1200.0,4,12,1.0,0,South,Manager_B,No,1,3223.86
CUST01161,32,Male,59,Standard,One Year,Auto Pay,DSL,Tablet,1907.75,75261.21,10.45,1585.4,0,36,5.0,15,South,Manager_A,No,1,1907.75
CUST01162,64,Male,39,Family,Monthly,Credit Card,DSL,Router,3751.69,103829.34,146.97,138.5,8,36,10.0,20,East,Manager_C,Yes,1,3751.69
CUST01163,20,Female,18,Basic,Monthly,Net Banking,5G,Tablet,3069.95,49810.95,18.66,257.7,0,24,4.0,0,South,Manager_B,No,1,3069.95
CUST01164,36,Male,59,Basic,Monthly,UPI,Fiber,Laptop,3644.21,149026.62,39.52,1638.3,7,12,7.0,10,North,Manager_A,No,1,3644.21
CUST01165,45,Female,17,Premium,Two Year,Debit Card,Fiber,Smartphone,1442.17,14079.06,133.8,1265.9,4,24,8.0,10,East,Manager_A,No,1,1442.17
CUST01166,20,Male,14,Premium,One Year,Credit Card,5G,Tablet,3207.91,27473.54,72.92,422.4,10,36,10.0,15,Central,Manager_B,No,1,3207.91
CUST01167,55,Male,31,Standard,Two Year,Credit Card,None,Laptop,1409.06,33463.89,21.21,839.4,5,1,8.0,5,Central,Manager_A,No,1,1409.06
CUST01168,21,Male,24,Family,One Year,Net Banking,None,Router,4244.09,59488.72,58.25,1100.4,0,36,2.0,5,South,Manager_C,Yes,1,4244.09
CUST01169,41,Female,60,Family,Monthly,UPI,DSL,Tablet,2972.77,117334.79,18.26,1695.0,1,36,3.0,0,South,Manager_C,No,1,2972.77
CUST01170,48,Female,45,Premium,Two Year,Credit Card,5G,Smartphone,1662.95,48697.74,30.83,167.8,6,36,10.0,20,Central,Manager_C,No,1,1662.95
CUST01171,62,Other,3,Premium,One Year,UPI,None,Tablet,1431.95,5784.56,8.75,1213.6,1,1,10.0,5,South,Manager_A,No,1,1431.95
CUST01172,62,Female,37,Standard,Monthly,UPI,Fiber,Laptop,1101.89,30249.29,66.3,1448.2,4,36,7.0,10,South,Manager_A,No,1,1101.89
CUST01173,28,Female,43,Premium,One Year,Credit Card,5G,Tablet,3217.49,88511.91,121.19,1956.9,10,12,4.0,5,West,Manager_B,No,1,3217.49
CUST01174,54,Male,40,Standard,One Year,UPI,None,Tablet,1218.61,30424.4,88.31,1624.0,8,12,6.0,10,Central,Manager_B,No,1,1218.61
CUST01175,18,Male,55,Standard,Monthly,Net Banking,Fiber,Router,2800.27,104902.09,91.35,588.6,4,36,8.0,5,Central,Manager_A,No,1,2800.27
CUST01176,26,Male,39,Family,Two Year,Credit Card,5G,Tablet,1411.47,32703.62,30.89,1433.7,2,24,8.0,15,South,Manager_C,No,1,1411.47
CUST01177,34,Male,15,Standard,Monthly,Net Banking,DSL,Smartphone,3080.27,36833.29,52.24,1538.4,10,24,7.0,20,North,Manager_A,No,1,3080.27
CUST01178,18,Male,4,Family,Two Year,Net Banking,DSL,Tablet,3722.75,12973.21,126.94,1473.0,5,1,2.0,0,West,Manager_D,No,1,3722.75
CUST01179,20,Male,25,Family,One Year,UPI,Fiber,Router,3567.71,60319.38,14.09,1649.3,6,1,2.0,10,North,Manager_C,No,1,3567.71
CUST01180,64,Male,13,Family,One Year,UPI,None,Laptop,3495.58,32249.73,128.83,1812.3,9,12,3.0,5,South,Manager_D,No,1,3495.58
CUST01181,43,Male,33,Premium,One Year,Credit Card,None,Tablet,1088.43,21611.01,73.07,241.9,10,12,4.0,0,Central,Manager_B,No,1,1088.43
CUST01182,70,Male,16,Family,Two Year,Debit Card,5G,Tablet,671.22,4028.22,125.73,254.3,9,36,1.0,10,North,Manager_A,No,1,671.22
CUST01183,48,Female,42,Standard,Monthly,Credit Card,Fiber,Router,3235.59,88472.91,48.38,1603.0,10,24,5.0,10,East,Manager_D,No,1,3235.59
CUST01184,43,Female,66,Premium,Two Year,Net Banking,None,Router,1847.06,83770.47,51.49,542.1,7,12,7.0,15,North,Manager_A,No,1,1847.06
CUST01185,40,Male,55,Standard,One Year,UPI,DSL,Router,2115.85,78586.24,112.99,164.2,2,24,10.0,5,Central,Manager_D,No,1,2115.85
CUST01186,47,Male,42,Premium,One Year,Net Banking,Fiber,Tablet,430.83,9949.67,117.96,832.4,10,1,5.0,0,South,Manager_A,No,1,430.83
CUST01187,27,Male,34,Standard,Monthly,Auto Pay,DSL,Smartphone,1390.22,35259.56,35.22,1648.8,3,1,7.0,5,North,Manager_C,No,1,1390.22
CUST01188,25,Female,30,Basic,Two Year,Auto Pay,Fiber,Router,441.44,7959.07,145.96,296.8,9,36,5.0,5,South,Manager_B,No,1,441.44
CUST01189,61,Male,13,Basic,One Year,Net Banking,5G,Laptop,3992.58,31135.81,13.59,1360.1,3,36,10.0,20,West,Manager_C,No,1,3992.58
CUST01190,42,Female,13,Basic,Two Year,Debit Card,None,Tablet,1322.27,12731.38,11.21,57.1,1,12,8.0,10,East,Manager_B,Yes,1,1322.27
CUST01191,39,Male,18,Standard,Two Year,Debit Card,None,Laptop,2640.82,26624.69,89.73,264.0,6,24,7.0,10,Central,Manager_C,No,1,2640.82
CUST01192,32,Male,32,Premium,Monthly,Credit Card,None,Laptop,463.71,1456.36,108.69,734.2,3,12,1.0,20,Central,Manager_B,No,1,463.71
CUST01193,58,Male,39,Family,Monthly,Credit Card,DSL,Smartphone,3100.76,80594.24,144.17,213.0,3,12,1.0,20,South,Manager_C,No,1,3100.76
CUST01194,27,Male,46,Family,One Year,Credit Card,None,Laptop,1656.71,47518.7,61.34,1699.5,7,24,5.0,5,East,Manager_A,Yes,1,1656.71
CUST01195,37,Female,29,Standard,Monthly,UPI,Fiber,Router,4071.26,77440.25,4.77,1734.9,5,12,2.0,10,Central,Manager_C,No,1,4071.26
CUST01196,58,Male,62,Standard,Two Year,Debit Card,DSL,Router,4030.1,161743.8,90.83,1523.4,5,36,9.0,0,North,Manager_D,Yes,1,4030.1
CUST01197,64,Female,62,Standard,Monthly,Net Banking,5G,Tablet,1666.22,74915.09,44.16,522.8,10,24,2.0,15,Central,Manager_D,Yes,1,1666.22
CUST01198,40,Female,57,Standard,Two Year,Auto Pay,DSL,Smartphone,4084.04,151886.06,65.51,1070.3,8,24,9.0,20,North,Manager_A,No,1,4084.04
CUST01199,70,Female,16,Family,One Year,Debit Card,5G,Smartphone,4483.86,45667.84,73.78,409.2,3,12,10.0,0,Central,Manager_A,No,1,4483.86
CUST01200,70,Female,56,Premium,Two Year,Debit Card,DSL,Laptop,3766.75,142514.75,10.61,598.5,8,24,2.0,0,North,Manager_A,No,1,3766.75
CUST01201,18,Male,10,Family,Monthly,Debit Card,None,Smartphone,3848.46,18773.33,73.41,1056.2,0,36,4.0,5,West,Manager_D,No,1,3848.46
CUST01202,19,Male,30,Standard,Monthly,Credit Card,5G,Laptop,1345.84,19664.05,64.52,1483.3,10,36,3.0,20,South,Manager_C,No,1,1345.84
CUST01203,36,Male,25,Basic,One Year,UPI,None,Laptop,2722.15,47273.93,107.17,234.6,8,1,6.0,0,West,Manager_A,No,1,2722.15
CUST01204,31,Female,5,Family,Monthly,Net Banking,DSL,Smartphone,582.47,582.47,97.2,628.6,0,1,4.0,15,North,Manager_C,Yes,1,582.47
CUST01205,25,Male,65,Basic,One Year,Credit Card,5G,Tablet,698.66,25767.79,28.6,1856.9,6,1,9.0,0,South,Manager_B,No,1,698.66
CUST01206,55,Female,49,Basic,One Year,UPI,Fiber,Laptop,4495.35,149864.97,31.71,886.8,5,1,9.0,15,East,Manager_C,Yes,1,4495.35
CUST01207,29,Male,3,Standard,Monthly,Debit Card,Fiber,Router,1671.88,1671.88,38.4,1880.8,6,12,10.0,15,North,Manager_C,Yes,1,1671.88
CUST01208,43,Female,45,Family,Two Year,UPI,DSL,Router,3442.37,101898.54,27.66,1983.2,8,1,9.0,15,Central,Manager_D,No,1,3442.37
CUST01209,44,Male,14,Premium,One Year,Credit Card,5G,Smartphone,3687.99,29940.59,98.92,1077.0,9,1,3.0,20,Central,Manager_C,No,1,3687.99
CUST01210,46,Male,30,Family,Two Year,Debit Card,Fiber,Smartphone,3903.7,79591.19,149.17,611.7,3,1,3.0,15,East,Manager_D,No,1,3903.7
CUST01211,32,Female,68,Premium,Monthly,Credit Card,None,Laptop,4490.04,210208.86,98.16,1592.0,8,1,4.0,20,West,Manager_B,Yes,1,4490.04
CUST01212,63,Male,18,Premium,Two Year,Net Banking,None,Laptop,1314.29,6466.28,91.4,360.7,2,12,9.0,0,North,Manager_D,No,1,1314.29
CUST01213,70,Female,62,Standard,Two Year,Debit Card,DSL,Router,469.47,19968.05,62.08,541.5,9,1,6.0,15,Central,Manager_B,No,1,469.47
CUST01214,18,Male,37,Premium,Two Year,UPI,None,Laptop,2027.0,54282.28,47.57,1580.5,10,24,9.0,10,South,Manager_B,No,1,2027.0
CUST01215,60,Male,25,Family,Two Year,Credit Card,None,Router,846.34,11998.28,136.75,895.6,10,36,8.0,0,East,Manager_A,No,1,846.34
CUST01216,45,Female,48,Family,Monthly,Auto Pay,None,Laptop,394.19,6958.87,145.38,443.0,8,24,7.0,10,West,Manager_C,No,1,394.19
CUST01217,20,Female,65,Basic,Monthly,UPI,Fiber,Tablet,1813.79,80702.38,75.02,1319.7,0,12,5.0,10,West,Manager_C,No,1,1813.79
CUST01218,68,Male,53,Premium,Two Year,UPI,5G,Tablet,3591.7,131915.0,44.24,1478.9,4,12,9.0,5,South,Manager_A,Yes,1,3591.7
CUST01219,35,Female,15,Standard,Monthly,Debit Card,DSL,Router,2677.96,31232.21,115.75,293.9,9,12,4.0,20,South,Manager_A,No,1,2677.96
CUST01220,69,Female,49,Standard,Monthly,UPI,5G,Tablet,1613.67,54542.77,20.74,590.1,4,36,4.0,5,East,Manager_C,No,1,1613.67
CUST01221,51,Female,68,Family,One Year,Credit Card,5G,Tablet,3048.24,138676.45,115.07,481.5,0,1,8.0,20,South,Manager_A,No,1,3048.24
CUST01222,49,Male,12,Premium,Monthly,Auto Pay,5G,Smartphone,1274.48,5700.78,123.02,790.7,0,12,4.0,5,Central,Manager_A,No,1,1274.48
CUST01223,46,Male,59,Standard,Two Year,Net Banking,Fiber,Laptop,360.4,18501.96,19.61,1538.7,2,1,7.0,0,West,Manager_B,No,1,360.4
CUST01224,42,Female,37,Premium,Monthly,Auto Pay,None,Smartphone,3510.28,90636.69,146.55,1441.7,8,12,4.0,10,South,Manager_A,Yes,1,3510.28
CUST01225,43,Female,61,Premium,Monthly,Credit Card,DSL,Router,2919.72,113044.99,147.84,1341.9,6,36,1.0,0,North,Manager_A,No,1,2919.72
CUST01226,56,Female,43,Basic,Monthly,Debit Card,5G,Smartphone,3501.67,102203.61,140.57,62.3,5,24,10.0,20,South,Manager_D,No,1,3501.67
CUST01227,25,Male,70,Standard,Monthly,Credit Card,None,Router,463.54,24895.99,74.91,327.2,8,24,9.0,10,West,Manager_C,Yes,1,463.54
CUST01228,36,Male,39,Basic,One Year,UPI,Fiber,Tablet,3815.9,103623.97,37.67,485.4,3,36,4.0,10,Central,Manager_D,No,1,3815.9
CUST01229,64,Female,56,Standard,Two Year,Debit Card,5G,Smartphone,2902.01,107966.76,87.72,580.3,3,1,3.0,20,South,Manager_A,No,1,2902.01
CUST01230,59,Male,63,Premium,Two Year,Net Banking,None,Tablet,2666.26,107695.08,63.57,335.5,2,12,3.0,0,Central,Manager_A,No,1,2666.26
CUST01231,39,Male,46,Standard,Monthly,Net Banking,Fiber,Laptop,2923.38,87139.74,31.69,850.1,4,24,9.0,10,North,Manager_D,No,1,2923.38
CUST01232,46,Male,11,Family,Monthly,Credit Card,None,Tablet,3930.62,23788.3,64.13,196.6,4,36,8.0,0,West,Manager_A,Yes,1,3930.62
CUST01233,50,Female,62,Premium,One Year,UPI,DSL,Laptop,2765.13,114036.74,99.92,1512.5,9,1,10.0,0,East,Manager_B,No,1,2765.13
CUST01234,55,Male,25,Standard,Monthly,Net Banking,None,Tablet,2739.99,44432.07,11.57,1586.1,6,24,7.0,0,West,Manager_D,No,1,2739.99
CUST01235,62,Male,71,Basic,One Year,Auto Pay,None,Smartphone,4460.85,221872.08,50.68,1169.8,6,36,7.0,10,East,Manager_D,Yes,1,4460.85
CUST01236,63,Female,52,Basic,Two Year,Debit Card,DSL,Smartphone,3478.27,125053.41,3.65,224.9,5,12,4.0,15,East,Manager_C,No,1,3478.27
CUST01237,52,Female,4,Premium,Two Year,Auto Pay,DSL,Tablet,2157.63,10601.42,112.67,1785.7,3,36,3.0,5,West,Manager_D,No,1,2157.63
CUST01238,60,Male,59,Basic,One Year,Net Banking,None,Router,3271.07,131018.85,96.46,1933.0,6,1,4.0,20,East,Manager_B,No,1,3271.07
CUST01239,20,Male,72,Premium,Two Year,Net Banking,DSL,Router,1934.77,91032.37,10.34,444.6,1,24,6.0,0,Central,Manager_A,No,1,1934.77
CUST01240,36,Female,20,Premium,Monthly,Credit Card,None,Laptop,1261.28,15440.12,144.75,1424.0,8,12,4.0,10,North,Manager_D,No,1,1261.28
CUST01241,27,Female,63,Premium,Monthly,Credit Card,5G,Laptop,2806.78,116965.41,4.37,1691.8,6,1,4.0,20,South,Manager_D,No,1,2806.78
CUST01242,44,Female,54,Standard,One Year,Debit Card,None,Tablet,4198.36,152082.13,88.9,1102.7,1,36,2.0,15,East,Manager_C,Yes,1,4198.36
CUST01243,32,Female,57,Premium,Two Year,Credit Card,Fiber,Smartphone,4202.39,161636.67,116.68,680.5,9,24,7.0,15,East,Manager_C,No,1,4202.39
CUST01244,28,Female,41,Basic,Two Year,UPI,DSL,Laptop,1736.0,47454.21,118.4,983.2,1,24,6.0,10,West,Manager_A,No,1,1736.0
CUST01245,64,Female,3,Family,One Year,Debit Card,5G,Tablet,2516.25,3579.51,6.11,1048.9,5,1,2.0,0,Central,Manager_D,No,1,2516.25
CUST01246,43,Male,6,Standard,One Year,UPI,DSL,Laptop,1188.87,1784.9,136.06,831.2,10,12,5.0,15,South,Manager_B,Yes,1,1188.87
CUST01247,41,Male,5,Basic,Two Year,Credit Card,DSL,Smartphone,4481.65,7975.59,137.85,1863.2,6,1,6.0,15,East,Manager_A,No,1,4481.65
CUST01248,30,Male,5,Premium,One Year,Debit Card,DSL,Laptop,4420.7,21152.56,84.65,1500.6,8,24,5.0,15,Central,Manager_B,Yes,1,4420.7
CUST01249,49,Male,54,Premium,Monthly,Net Banking,Fiber,Tablet,3027.94,120033.49,72.83,520.5,3,24,4.0,10,South,Manager_D,No,1,3027.94
CUST01250,54,Female,47,Family,Two Year,Auto Pay,Fiber,Laptop,3678.54,121257.6,7.69,1191.8,7,24,9.0,20,West,Manager_A,Yes,1,3678.54
CUST01251,21,Male,49,Basic,One Year,Net Banking,None,Router,3303.42,101616.39,84.73,1392.9,9,12,3.0,5,East,Manager_C,Yes,1,3303.42
CUST01252,30,Female,9,Standard,One Year,UPI,Fiber,Laptop,2791.26,20682.64,62.0,323.3,1,24,2.0,10,West,Manager_C,No,1,2791.26
CUST01253,26,Male,20,Basic,One Year,Net Banking,DSL,Smartphone,524.06,12106.35,116.15,748.9,5,24,9.0,0,West,Manager_B,No,1,524.06
CUST01254,66,Male,61,Premium,Two Year,Net Banking,5G,Smartphone,2210.01,87856.55,61.18,1815.8,3,1,8.0,10,East,Manager_A,No,1,2210.01
CUST01255,51,Other,35,Standard,Monthly,Auto Pay,5G,Smartphone,3134.1,75573.64,102.85,1156.0,7,24,9.0,10,Central,Manager_B,No,1,3134.1
CUST01256,54,Male,50,Premium,Monthly,Auto Pay,5G,Smartphone,3145.63,102572.82,16.11,473.1,8,36,10.0,5,Central,Manager_C,Yes,1,3145.63
CUST01257,65,Male,62,Premium,Two Year,Net Banking,DSL,Tablet,1867.11,84818.52,20.81,289.4,1,1,3.0,5,West,Manager_D,Yes,1,1867.11
CUST01258,24,Male,17,Basic,One Year,Auto Pay,Fiber,Laptop,,50051.43,21.82,1060.5,6,24,1.0,5,West,Manager_C,No,1,4255.11
CUST01259,18,Female,3,Family,Two Year,Net Banking,5G,Laptop,1002.9,1002.9,7.78,1118.0,6,1,1.0,20,North,Manager_D,No,1,1002.9
CUST01260,29,Female,32,Premium,Two Year,Debit Card,DSL,Laptop,2401.51,54581.25,81.66,702.1,7,1,3.0,10,South,Manager_B,No,1,2401.51
CUST01261,38,Female,13,Basic,One Year,Net Banking,DSL,Laptop,3201.71,33042.06,119.3,1279.3,4,36,4.0,0,West,Manager_B,No,1,3201.71
CUST01262,28,Male,68,Standard,Two Year,Credit Card,5G,Tablet,3227.97,147325.3,91.95,183.9,10,1,2.0,5,West,Manager_B,Yes,1,3227.97
CUST01263,61,Female,14,Family,Monthly,Auto Pay,5G,Smartphone,3024.28,30623.82,86.67,333.0,2,1,8.0,5,South,Manager_D,Yes,1,3024.28
CUST01264,68,Male,11,Premium,Two Year,Auto Pay,None,Laptop,1456.21,10330.11,102.41,1115.2,0,12,3.0,10,East,Manager_B,No,1,1456.21
CUST01265,61,Female,56,Premium,One Year,UPI,None,Laptop,956.07,30021.88,51.61,170.5,3,24,4.0,0,Central,Manager_B,No,1,956.07
CUST01266,61,Female,67,Standard,Two Year,UPI,DSL,Smartphone,2970.95,131943.76,54.93,1767.8,2,12,6.0,5,East,Manager_A,Yes,1,2970.95
CUST01267,31,Female,29,Basic,Monthly,Credit Card,None,Router,2817.07,57078.55,47.83,327.2,1,24,10.0,10,South,Manager_D,No,1,2817.07
CUST01268,51,Female,9,Premium,Two Year,Auto Pay,None,Router,1053.3,5679.67,107.1,1364.1,5,1,6.0,15,South,Manager_B,No,1,1053.3
CUST01269,51,Female,67,Standard,Two Year,Auto Pay,5G,Smartphone,3261.58,149687.73,25.08,812.8,6,24,2.0,20,North,Manager_B,No,1,3261.58
CUST01270,42,Female,25,Premium,Two Year,UPI,None,Laptop,2211.72,34901.09,2.94,829.6,9,1,6.0,10,North,Manager_D,No,1,2211.72
CUST01271,21,Male,42,Basic,Two Year,UPI,DSL,Smartphone,3104.59,85295.57,89.83,1541.5,6,24,4.0,5,Central,Manager_D,Yes,1,3104.59
CUST01272,69,Female,9,Family,One Year,Net Banking,5G,Laptop,3816.94,27057.24,141.41,1024.0,7,1,5.0,0,West,Manager_C,No,1,3816.94
CUST01273,43,Male,40,Basic,Monthly,Auto Pay,None,Laptop,1012.86,28118.86,91.8,1465.0,1,24,7.0,15,South,Manager_C,No,1,1012.86
CUST01274,33,Male,25,Basic,Monthly,Auto Pay,None,Router,380.41,4281.56,117.66,1035.1,10,24,7.0,0,North,Manager_A,No,1,380.41
CUST01275,27,Male,5,Basic,Monthly,Net Banking,None,Router,3572.23,17076.46,101.25,1206.2,9,24,6.0,0,East,Manager_B,Yes,1,3572.23
CUST01276,62,Male,11,Standard,Two Year,Auto Pay,Fiber,Laptop,2860.73,17535.01,75.12,1533.4,5,1,10.0,0,North,Manager_D,No,1,2860.73
CUST01277,19,Male,59,Premium,Monthly,Credit Card,,Laptop,3238.49,123745.86,108.04,1234.3,5,24,6.0,10,East,Manager_B,Yes,1,3238.49
CUST01278,52,Female,38,Family,One Year,UPI,None,Laptop,3820.25,82632.42,123.79,1250.4,9,1,6.0,10,North,Manager_C,Yes,1,3820.25
CUST01279,36,Male,72,Standard,Two Year,UPI,DSL,Router,3671.81,173477.04,34.49,1589.0,0,12,4.0,20,East,Manager_C,No,1,3671.81
CUST01280,23,Male,5,Basic,Two Year,UPI,None,Laptop,4335.86,20996.45,51.08,1900.7,1,24,3.0,15,North,Manager_C,No,1,4335.86
CUST01281,36,Female,48,Family,Monthly,Debit Card,Fiber,Smartphone,2550.93,71268.3,34.34,784.6,8,36,1.0,0,North,Manager_D,No,1,2550.93
CUST01282,70,Male,18,Basic,Two Year,Credit Card,5G,Tablet,2351.68,23460.56,68.37,1175.4,7,36,3.0,5,Central,Manager_B,No,1,2351.68
CUST01283,69,Female,70,Basic,Two Year,Credit Card,None,Tablet,1987.93,94965.41,132.87,218.2,3,1,3.0,0,West,Manager_D,No,1,1987.93
CUST01284,68,Female,37,Basic,Monthly,Net Banking,None,Laptop,945.5,12098.0,52.44,749.7,5,36,9.0,15,South,Manager_B,No,1,945.5
CUST01285,25,Female,60,Family,One Year,Debit Card,DSL,Smartphone,2704.95,105644.51,56.8,853.5,1,1,3.0,0,West,Manager_A,No,1,2704.95
CUST01286,31,Female,48,Premium,One Year,Auto Pay,None,Laptop,1463.45,52534.72,129.19,1678.7,4,1,8.0,10,Central,Manager_C,No,1,1463.45
CUST01287,27,Male,28,Basic,Monthly,Credit Card,None,Smartphone,4169.49,88045.61,77.79,1051.1,1,36,8.0,10,East,Manager_C,No,1,4169.49
CUST01288,20,Male,69,Premium,One Year,Debit Card,None,Router,2749.4,127923.63,80.78,1475.6,4,36,3.0,15,West,Manager_C,No,1,2749.4
CUST01289,55,Male,40,Family,One Year,Debit Card,None,Router,2789.93,69765.8,129.26,87.1,6,12,10.0,20,South,Manager_C,No,1,2789.93
CUST01290,46,Female,45,Family,One Year,Credit Card,5G,Laptop,1790.68,48919.76,74.09,955.8,6,1,10.0,0,South,Manager_D,No,1,1790.68
CUST01291,32,Male,62,Basic,Two Year,Net Banking,DSL,Router,518.36,22150.09,102.55,1807.6,8,36,6.0,15,East,Manager_C,No,1,518.36
CUST01292,40,Male,58,Premium,Two Year,Debit Card,5G,Laptop,433.32,18159.86,13.76,487.4,2,12,8.0,5,South,Manager_B,No,1,433.32
CUST01293,40,Male,67,Premium,Two Year,UPI,Fiber,Tablet,2078.01,102107.42,27.62,111.5,3,12,8.0,5,Central,Manager_B,No,1,2078.01
CUST01294,35,Female,56,Basic,One Year,Debit Card,None,Smartphone,655.17,29313.7,61.25,895.1,8,1,10.0,20,West,Manager_C,No,1,655.17
CUST01295,63,Male,40,Standard,Two Year,Auto Pay,Fiber,Smartphone,2848.76,76387.47,74.73,1423.6,7,24,10.0,10,South,Manager_C,No,1,2848.76
CUST01296,36,Other,40,Standard,One Year,Credit Card,5G,Tablet,4000.09,104993.03,144.89,936.2,6,36,9.0,15,West,Manager_D,Yes,1,4000.09
CUST01297,45,Male,33,Family,Monthly,Auto Pay,Fiber,Tablet,4008.24,103254.84,145.63,947.0,7,36,9.0,0,North,Manager_D,Yes,1,4008.24
CUST01298,43,Male,6,Family,One Year,Net Banking,None,Tablet,3067.99,15404.93,127.83,1356.1,8,36,8.0,15,West,Manager_B,No,1,3067.99
CUST01299,27,Male,19,Standard,Two Year,UPI,Fiber,Tablet,1187.17,11693.73,48.02,546.1,3,36,7.0,20,East,Manager_B,No,1,1187.17
CUST01300,64,Female,40,Standard,One Year,Credit Card,5G,Router,3924.59,103532.62,144.64,1516.2,4,36,10.0,15,Central,Manager_A,No,1,3924.59
CUST01301,21,Female,59,Standard,Two Year,Debit Card,None,Smartphone,4021.59,153795.27,103.71,348.6,8,36,3.0,20,South,Manager_B,No,1,4021.59
CUST01302,19,Male,59,Basic,Two Year,UPI,DSL,Smartphone,1125.95,32264.62,59.55,821.7,6,12,7.0,20,Central,Manager_A,No,1,1125.95
CUST01303,20,Male,48,Basic,Monthly,Debit Card,5G,Tablet,3397.19,110273.33,105.55,1329.2,3,1,4.0,20,West,Manager_C,Yes,1,3397.19
CUST01304,24,Female,41,Basic,Monthly,Net Banking,None,Laptop,1503.38,50004.66,3.46,1665.3,5,12,2.0,15,South,Manager_C,No,1,1503.38
CUST01305,33,Male,13,Basic,Two Year,Credit Card,DSL,Laptop,3671.09,23663.33,22.78,1593.5,10,36,8.0,5,Central,Manager_C,No,1,3671.09
CUST01306,48,Male,45,Basic,One Year,Net Banking,Fiber,Laptop,4488.4,134928.31,124.62,1457.3,0,1,2.0,0,East,Manager_B,No,1,4488.4
CUST01307,27,Male,53,Basic,Monthly,Net Banking,Fiber,Laptop,426.11,11521.36,97.19,750.2,0,36,1.0,20,North,Manager_B,No,1,426.11
CUST01308,36,Male,42,Family,Monthly,Net Banking,Fiber,Router,4068.94,116537.83,55.27,288.5,8,1,5.0,10,North,Manager_C,No,1,4068.94
CUST01309,45,Male,63,Premium,Two Year,Net Banking,None,Smartphone,2915.05,121570.45,75.6,472.8,7,12,10.0,20,East,Manager_D,No,1,2915.05
CUST01310,34,Male,27,Family,One Year,Debit Card,Fiber,Smartphone,4388.21,72187.51,135.87,1736.4,0,1,9.0,15,North,Manager_C,No,1,4388.21
CUST01311,45,Male,38,Premium,Monthly,Auto Pay,Fiber,Smartphone,2253.04,52171.49,95.11,1721.8,10,12,5.0,20,East,Manager_A,No,1,2253.04
CUST01312,36,Female,60,Family,Monthly,Debit Card,DSL,Laptop,3859.03,150209.7,60.32,1905.5,1,36,2.0,10,West,Manager_D,No,1,3859.03
CUST01313,54,Male,7,Family,One Year,UPI,DSL,Tablet,562.06,9344.54,18.93,198.2,3,1,10.0,5,East,Manager_D,No,1,562.06
CUST01314,40,Female,5,Basic,Monthly,Net Banking,DSL,Laptop,1708.17,12160.2,44.77,1096.8,0,24,4.0,15,North,Manager_B,No,1,1708.17
CUST01315,37,Male,45,Basic,One Year,UPI,None,Smartphone,581.47,15887.36,146.77,1314.9,1,24,8.0,15,West,Manager_B,No,1,581.47
CUST01316,30,Female,58,Premium,Two Year,Debit Card,5G,Laptop,4396.44,176134.7,66.17,1435.8,4,12,7.0,15,East,Manager_A,No,1,4396.44
CUST01317,30,Male,31,Premium,Monthly,Net Banking,Fiber,Tablet,3731.29,76247.41,71.3,1305.5,7,12,5.0,10,East,Manager_C,No,1,3731.29
CUST01318,60,Female,23,Basic,Two Year,Debit Card,Fiber,Tablet,3880.7,57870.75,75.29,1551.5,5,12,4.0,15,West,Manager_C,No,1,3880.7
CUST01319,28,Male,42,Family,One Year,Net Banking,None,Laptop,4239.45,118990.19,132.73,751.0,5,12,5.0,5,South,Manager_B,No,1,4239.45
CUST01320,65,Female,10,Premium,Two Year,Debit Card,Fiber,Smartphone,657.43,5806.99,90.99,399.9,3,36,7.0,0,North,Manager_B,Yes,1,657.43
CUST01321,32,Male,32,Standard,Two Year,Credit Card,None,Router,1919.51,38172.32,104.36,448.9,1,24,5.0,0,South,Manager_C,No,1,1919.51
CUST01322,34,Male,53,Standard,Two Year,Auto Pay,None,Smartphone,598.35,21251.03,59.02,73.4,2,12,8.0,20,West,Manager_D,No,1,598.35
CUST01323,67,Female,30,Standard,One Year,Auto Pay,None,Router,1185.33,27643.21,5.33,733.1,5,1,7.0,0,West,Manager_A,No,1,1185.33
CUST01324,45,Female,39,Premium,One Year,Net Banking,5G,Smartphone,1263.34,33494.54,139.71,228.9,5,1,7.0,10,Central,Manager_A,No,1,1263.34
CUST01325,36,Male,31,Basic,One Year,Credit Card,None,Laptop,2270.25,47132.41,142.42,676.9,4,36,9.0,0,Central,Manager_A,No,1,2270.25
CUST01326,21,Female,2,Basic,One Year,UPI,5G,Router,1427.96,4374.85,142.42,1275.0,5,12,8.0,10,West,Manager_B,No,1,1427.96
CUST01327,39,Male,12,Basic,One Year,Credit Card,5G,Smartphone,724.11,9126.41,141.61,1794.2,10,1,8.0,10,Central,Manager_D,No,1,724.11
CUST01328,39,Male,39,Premium,Monthly,Net Banking,Fiber,Laptop,1003.46,25776.88,122.47,1687.2,5,12,6.0,20,East,Manager_A,No,1,1003.46
CUST01329,54,Other,66,Premium,Monthly,Credit Card,DSL,Smartphone,918.56,38045.73,103.0,542.7,0,1,7.0,0,South,Manager_D,Yes,1,918.56
CUST01330,56,Male,13,Standard,Monthly,UPI,5G,Tablet,4386.92,38965.99,126.83,311.5,5,36,8.0,20,West,Manager_B,No,1,4386.92
CUST01331,51,Female,46,Premium,Two Year,Net Banking,5G,Tablet,3489.03,99027.1,90.48,426.5,4,1,5.0,15,East,Manager_B,No,1,3489.03
CUST01332,50,Male,27,Standard,Two Year,Auto Pay,DSL,Smartphone,4364.6,77511.19,21.02,1943.4,7,12,10.0,5,North,Manager_C,No,1,4364.6
CUST01333,61,Female,17,Standard,One Year,Credit Card,5G,Laptop,2146.91,11973.85,59.29,1121.5,8,12,2.0,0,North,Manager_D,Yes,1,2146.91
CUST01334,59,Female,60,Basic,One Year,Auto Pay,DSL,Smartphone,1469.15,50387.04,145.72,405.9,5,36,7.0,15,Central,Manager_D,No,1,1469.15
CUST01335,57,Other,64,Premium,Monthly,Auto Pay,Fiber,Laptop,3652.83,146723.15,53.32,1689.5,9,24,10.0,15,Central,Manager_D,Yes,1,3652.83
CUST01336,50,Female,35,Basic,One Year,Debit Card,None,Router,1670.27,44209.73,130.31,820.6,3,12,3.0,20,East,Manager_C,No,1,1670.27
CUST01337,29,Male,70,Basic,Two Year,UPI,DSL,Tablet,1557.41,72749.04,14.89,1803.5,2,24,10.0,20,North,Manager_A,No,1,1557.41
CUST01338,19,Female,30,Premium,One Year,Credit Card,None,Router,1276.53,19220.35,50.79,558.3,9,12,8.0,5,West,Manager_A,No,1,1276.53
CUST01339,45,Male,71,Premium,Monthly,Auto Pay,DSL,Laptop,844.65,42435.43,53.29,816.8,0,36,6.0,5,South,Manager_B,No,1,844.65
CUST01340,27,Female,63,Family,One Year,Auto Pay,None,Smartphone,1377.14,62783.15,8.69,1034.6,6,1,4.0,5,Central,Manager_C,No,1,1377.14
CUST01341,39,Female,28,Standard,Two Year,UPI,Fiber,Tablet,1792.34,35999.44,18.75,1790.6,4,24,2.0,5,East,Manager_D,No,1,1792.34
CUST01342,34,Male,60,Family,Monthly,Auto Pay,5G,Laptop,3130.78,124287.65,29.78,1744.1,3,1,7.0,20,Central,Manager_C,No,1,3130.78
CUST01343,43,Female,37,Standard,One Year,Auto Pay,Fiber,Laptop,562.77,15044.09,125.83,1170.0,8,36,1.0,10,East,Manager_B,No,1,562.77
CUST01344,20,Male,22,Standard,Two Year,Auto Pay,5G,Tablet,1184.13,21874.72,10.45,482.5,6,36,7.0,20,North,Manager_A,Yes,1,1184.13
CUST01345,24,Female,68,Standard,Monthly,Auto Pay,None,Smartphone,3697.9,165291.9,45.51,836.5,9,36,10.0,10,Central,Manager_A,Yes,1,3697.9
CUST01346,61,Male,20,Basic,Monthly,Debit Card,None,Tablet,917.07,12376.93,2.52,1952.5,7,12,10.0,20,East,Manager_B,No,1,917.07
CUST01347,25,Female,68,Basic,Two Year,Debit Card,5G,Smartphone,1739.11,77553.69,104.65,1235.2,3,12,7.0,20,East,Manager_C,No,1,1739.11
CUST01348,37,Male,64,Premium,One Year,Net Banking,DSL,Smartphone,3931.57,159679.91,93.43,1573.1,9,12,10.0,5,Central,Manager_B,Yes,1,3931.57
CUST01349,29,Female,17,Standard,One Year,Credit Card,Fiber,Laptop,950.69,15357.33,97.1,927.2,9,12,3.0,10,South,Manager_D,No,1,950.69
CUST01350,52,Male,12,Standard,One Year,UPI,DSL,Smartphone,647.49,15466.28,56.78,1087.4,7,24,4.0,15,West,Manager_D,No,1,647.49
CUST01351,34,Female,22,Standard,Monthly,Net Banking,None,Smartphone,2335.06,29878.57,32.03,886.5,3,36,4.0,15,North,Manager_B,No,1,2335.06
CUST01352,45,Male,17,Basic,Monthly,Debit Card,Fiber,Tablet,1570.16,22608.55,108.33,1420.7,0,24,4.0,15,Central,Manager_D,No,1,1570.16
CUST01353,58,Female,10,Premium,One Year,Debit Card,Fiber,Tablet,2666.32,13565.5,121.86,1710.4,10,12,9.0,5,Central,Manager_D,No,1,2666.32
CUST01354,27,Male,65,Basic,Monthly,Debit Card,DSL,Smartphone,3675.98,159956.41,21.65,1039.4,7,1,6.0,15,South,Manager_A,No,1,3675.98
CUST01355,39,Female,22,Family,Monthly,Net Banking,5G,Laptop,876.02,20388.35,73.54,987.7,0,24,10.0,20,North,Manager_C,No,1,876.02
CUST01356,55,Male,50,Family,Two Year,Debit Card,5G,Tablet,2738.94,88695.81,38.06,713.6,2,1,9.0,5,Central,Manager_A,No,1,2738.94
CUST01357,50,Female,14,Family,One Year,Net Banking,Fiber,Router,2423.14,22542.54,26.05,395.3,6,12,4.0,15,South,Manager_A,No,1,2423.14
CUST01358,39,Male,64,Premium,One Year,Debit Card,5G,Laptop,905.13,29611.37,110.41,1881.5,2,24,7.0,5,West,Manager_C,No,1,905.13
CUST01359,61,Female,47,Family,One Year,Auto Pay,None,Tablet,2920.79,88197.06,81.18,666.4,7,24,10.0,20,East,Manager_A,No,1,2920.79
CUST01360,54,Male,29,Premium,Monthly,Auto Pay,DSL,Tablet,1449.29,18488.25,33.21,1611.3,4,24,9.0,5,West,Manager_D,No,1,1449.29
CUST01361,30,Female,36,Basic,Monthly,Credit Card,DSL,Router,2348.9,58519.49,47.19,1444.9,2,1,10.0,15,West,Manager_B,No,1,2348.9
CUST01362,44,Male,52,Basic,Monthly,Debit Card,DSL,Smartphone,645.54,26536.91,145.03,1592.3,4,12,3.0,5,West,Manager_B,No,1,645.54
CUST01363,32,Male,7,Premium,One Year,Credit Card,Fiber,Tablet,2230.25,9299.66,127.45,1876.7,4,36,3.0,0,West,Manager_C,No,1,2230.25
CUST01364,39,Female,29,Basic,Monthly,Net Banking,Fiber,Router,1587.15,32114.33,132.11,1265.6,7,36,6.0,15,East,Manager_B,Yes,1,1587.15
CUST01365,47,Male,11,Basic,One Year,Credit Card,5G,Router,3754.0,25900.68,69.54,1801.0,8,12,8.0,20,North,Manager_B,No,1,3754.0
CUST01366,60,Male,33,Premium,Monthly,Debit Card,DSL,Tablet,539.31,15567.55,93.95,377.0,5,24,1.0,10,North,Manager_B,No,1,539.31
CUST01367,57,Female,6,Family,One Year,Net Banking,None,Laptop,2058.15,8879.91,57.14,1272.1,9,36,4.0,5,South,Manager_B,No,1,2058.15
CUST01368,54,Female,32,Premium,Two Year,Net Banking,None,Tablet,2225.41,37547.1,12.58,1555.9,2,24,8.0,5,South,Manager_A,No,1,2225.41
CUST01369,51,Female,51,Standard,Monthly,Auto Pay,DSL,Router,3345.03,118430.92,60.76,579.7,1,12,6.0,15,Central,Manager_D,No,1,3345.03
CUST01370,61,Male,58,Basic,One Year,Net Banking,Fiber,Tablet,2712.01,102916.67,89.5,1494.5,10,1,2.0,15,West,Manager_D,Yes,1,2712.01
CUST01371,51,Male,26,Premium,Two Year,Net Banking,Fiber,Laptop,3102.29,47421.13,43.78,1568.0,2,24,8.0,0,West,Manager_B,No,1,3102.29
CUST01372,65,Female,46,Basic,Two Year,Credit Card,Fiber,Smartphone,3563.61,107089.37,127.34,1670.8,8,1,1.0,20,East,Manager_C,Yes,1,3563.61
CUST01373,70,Male,29,Family,Monthly,Net Banking,None,Smartphone,3921.25,66300.49,23.51,660.1,6,1,1.0,5,West,Manager_A,No,1,3921.25
CUST01374,52,Female,4,Basic,One Year,UPI,,Tablet,1618.28,1618.28,55.7,1379.1,10,12,7.0,5,East,Manager_B,No,1,1618.28
CUST01375,59,Male,13,Premium,Monthly,Auto Pay,None,Tablet,2559.7,22898.81,19.61,643.3,10,12,10.0,10,Central,Manager_B,No,1,2559.7
CUST01376,36,Other,39,Family,Two Year,Auto Pay,DSL,Router,3828.45,100673.26,61.32,1491.1,8,1,3.0,5,South,Manager_C,No,1,3828.45
CUST01377,25,Female,15,Family,Monthly,Net Banking,None,Laptop,4455.69,46089.09,6.91,952.8,5,1,8.0,5,South,Manager_A,Yes,1,4455.69
CUST01378,56,Female,29,Family,One Year,Credit Card,None,Router,4035.98,78045.0,41.61,1215.2,7,36,9.0,0,Central,Manager_B,No,1,4035.98
CUST01379,50,Male,29,Standard,Two Year,Auto Pay,5G,Router,1860.16,32498.77,60.71,860.9,9,36,8.0,10,Central,Manager_C,No,1,1860.16
CUST01380,61,Female,32,Premium,Monthly,Auto Pay,None,Smartphone,1119.7,23614.64,72.25,365.9,10,12,1.0,5,West,Manager_A,No,1,1119.7
CUST01381,45,Male,2,Premium,Monthly,UPI,DSL,Router,2355.45,2355.45,82.01,397.2,8,24,1.0,5,South,Manager_A,No,1,2355.45
CUST01382,54,Female,47,Family,Monthly,Net Banking,None,Router,3414.89,98870.98,41.97,201.3,2,1,6.0,20,North,Manager_B,No,1,3414.89
CUST01383,65,Female,22,Basic,Monthly,Auto Pay,5G,Smartphone,2368.79,30880.18,78.93,1255.2,6,24,1.0,5,Central,Manager_C,No,1,2368.79
CUST01384,42,Male,27,Family,Monthly,Auto Pay,5G,Smartphone,2329.36,46376.19,76.84,1704.8,8,1,8.0,0,South,Manager_C,Yes,1,2329.36
CUST01385,53,Male,67,Standard,Two Year,Auto Pay,DSL,Laptop,3820.57,178593.6,48.11,90.6,1,12,6.0,5,South,Manager_B,Yes,1,3820.57
CUST01386,34,Female,56,Family,Two Year,Auto Pay,5G,Laptop,1817.9,71124.64,124.7,179.2,6,24,5.0,5,East,Manager_B,No,1,1817.9
CUST01387,41,Male,21,Premium,One Year,Credit Card,5G,Laptop,3911.14,62474.45,82.3,942.1,4,12,6.0,15,South,Manager_B,No,1,3911.14
CUST01388,38,Male,47,Family,Monthly,Debit Card,Fiber,Tablet,2008.58,63362.45,50.51,1488.6,7,1,4.0,5,Central,Manager_C,Yes,1,2008.58
CUST01389,19,Male,59,Basic,One Year,UPI,DSL,Smartphone,1678.58,74736.03,142.15,357.5,3,12,1.0,10,West,Manager_A,No,1,1678.58
CUST01390,48,Male,6,Premium,Two Year,Credit Card,5G,Tablet,2206.76,19099.48,126.92,579.7,0,24,7.0,15,South,Manager_B,No,1,2206.76
CUST01391,61,Female,19,Basic,Monthly,UPI,5G,Tablet,3502.28,35694.87,147.41,502.4,10,36,10.0,10,North,Manager_D,No,1,3502.28
CUST01392,50,Female,57,Family,One Year,Auto Pay,5G,Laptop,829.21,32617.45,104.14,828.1,9,12,9.0,10,Central,Manager_D,No,1,829.21
CUST01393,47,Male,69,Premium,Monthly,UPI,DSL,Smartphone,1124.96,52180.31,57.36,488.7,7,24,4.0,0,West,Manager_B,Yes,1,1124.96
CUST01394,29,Female,3,Standard,Monthly,Net Banking,Fiber,Tablet,4296.07,6471.62,42.85,737.6,5,12,4.0,5,West,Manager_D,Yes,1,4296.07
CUST01395,61,Female,1,Premium,One Year,Net Banking,None,Router,1037.06,3150.95,99.83,1470.7,7,12,9.0,10,Central,Manager_A,Yes,1,1037.06
CUST01396,29,Female,58,Basic,Two Year,Debit Card,Fiber,Router,2684.45,104004.36,147.14,1241.5,2,36,4.0,5,West,Manager_A,No,1,2684.45
CUST01397,68,Male,38,Premium,One Year,Debit Card,DSL,Smartphone,2733.12,65561.8,94.38,208.3,7,24,10.0,5,North,Manager_D,No,1,2733.12
CUST01398,66,Male,15,Standard,One Year,UPI,DSL,Tablet,2356.42,23431.17,132.36,1293.6,7,24,4.0,0,South,Manager_C,No,1,2356.42
CUST01399,69,Female,34,Standard,One Year,Credit Card,DSL,Laptop,3007.93,74202.72,50.04,980.3,0,24,8.0,0,Central,Manager_B,No,1,3007.93
CUST01400,41,Female,61,Standard,Monthly,Credit Card,None,Tablet,1265.27,52367.0,61.64,1872.4,3,1,4.0,10,South,Manager_C,No,1,1265.27
CUST01401,41,Male,35,Standard,Two Year,Auto Pay,DSL,Router,2621.18,64295.64,136.04,614.1,6,12,9.0,10,South,Manager_A,No,1,2621.18
CUST01402,28,Female,64,Basic,Two Year,Credit Card,Fiber,Router,1863.13,78108.28,113.77,1466.0,10,36,8.0,15,West,Manager_D,No,1,1863.13
CUST01403,30,Male,25,Premium,Monthly,Debit Card,5G,Laptop,3079.0,53576.99,147.23,1475.2,0,24,5.0,5,Central,Manager_B,No,1,3079.0
CUST01404,44,Male,24,Family,Two Year,Credit Card,,Smartphone,893.14,8244.17,116.44,481.9,2,36,9.0,5,South,Manager_D,No,1,893.14
CUST01405,25,Female,12,Standard,One Year,Auto Pay,DSL,Tablet,2697.69,19082.92,67.83,1811.3,2,1,8.0,0,East,Manager_D,No,1,2697.69
CUST01406,27,Female,18,Family,Two Year,Net Banking,DSL,Router,1078.14,12424.34,80.13,1007.8,5,1,10.0,0,North,Manager_C,No,1,1078.14
CUST01407,25,Male,15,Family,Monthly,Credit Card,None,Tablet,1470.3,8321.32,135.18,1373.8,4,36,4.0,10,West,Manager_C,No,1,1470.3
CUST01408,37,Female,27,Premium,Two Year,Credit Card,5G,Laptop,1218.58,17783.36,83.2,334.4,10,24,4.0,15,Central,Manager_D,No,1,1218.58
CUST01409,25,Female,72,Family,Monthly,Debit Card,None,Laptop,1067.92,52825.72,39.05,552.7,6,36,1.0,15,Central,Manager_A,No,1,1067.92
CUST01410,26,Female,60,Family,One Year,UPI,None,Smartphone,3767.99,151368.76,65.91,1192.9,2,24,4.0,0,West,Manager_B,No,1,3767.99
CUST01411,24,Female,46,Basic,Monthly,Net Banking,None,Laptop,1499.97,50030.91,77.93,672.1,10,24,8.0,0,South,Manager_D,No,1,1499.97
CUST01412,31,Male,17,Family,Two Year,UPI,None,Smartphone,4193.92,44528.54,15.41,1024.4,0,1,5.0,15,West,Manager_D,No,1,4193.92
CUST01413,45,Male,53,Premium,One Year,Auto Pay,Fiber,Tablet,4373.69,154825.06,111.82,779.3,10,36,6.0,15,Central,Manager_D,No,1,4373.69
CUST01414,19,Male,8,Family,Two Year,Auto Pay,DSL,Router,2699.29,11036.88,17.29,1299.1,2,1,4.0,10,East,Manager_D,No,1,2699.29
CUST01415,60,Female,27,Premium,Monthly,UPI,DSL,Router,900.6,19741.44,61.33,999.9,7,12,5.0,15,South,Manager_C,Yes,1,900.6
CUST01416,25,Female,46,Standard,One Year,Debit Card,None,Smartphone,1873.1,63395.46,120.89,59.0,4,1,10.0,5,West,Manager_C,No,1,1873.1
CUST01417,30,Male,50,Family,Monthly,Debit Card,None,Router,3650.48,124099.29,70.67,1316.9,2,24,8.0,15,Central,Manager_A,No,1,3650.48
CUST01418,38,Male,71,Family,Two Year,Debit Card,Fiber,Smartphone,1843.04,92543.2,126.46,873.1,7,36,9.0,20,Central,Manager_B,No,1,1843.04
CUST01419,64,Male,3,Family,Monthly,Net Banking,None,Smartphone,665.47,1493.44,51.94,716.3,5,12,3.0,15,Central,Manager_D,No,1,665.47
CUST01420,45,Male,64,Standard,Two Year,Auto Pay,Fiber,Tablet,2638.5,116603.97,143.69,233.6,2,12,10.0,0,East,Manager_A,No,1,2638.5
CUST01421,52,Female,44,Basic,Two Year,Auto Pay,Fiber,Tablet,3849.51,113296.05,32.21,479.7,4,12,4.0,0,South,Manager_C,No,1,3849.51
CUST01422,40,Female,53,Family,One Year,Auto Pay,None,Laptop,3642.89,123590.81,6.7,486.4,0,12,1.0,20,West,Manager_B,Yes,1,3642.89
CUST01423,63,Male,24,Premium,One Year,Net Banking,DSL,Smartphone,1035.52,17801.93,130.99,1874.0,5,36,5.0,5,South,Manager_A,No,1,1035.52
CUST01424,32,Female,60,Basic,Monthly,Auto Pay,Fiber,Tablet,3125.61,120047.92,113.08,893.4,8,24,4.0,15,Central,Manager_B,No,1,3125.61
CUST01425,19,Female,3,Basic,Two Year,UPI,DSL,Smartphone,1226.12,14147.88,35.57,132.0,6,12,6.0,15,East,Manager_B,No,1,1226.12
CUST01426,68,Female,20,Basic,Two Year,Credit Card,DSL,Smartphone,1216.47,14549.16,147.73,320.7,10,24,6.0,20,East,Manager_B,No,1,1216.47
CUST01427,29,Male,46,Family,One Year,Net Banking,Fiber,Smartphone,3971.1,125005.59,75.84,204.1,7,1,10.0,10,Central,Manager_C,Yes,1,3971.1
CUST01428,69,Male,15,Standard,One Year,Credit Card,5G,Tablet,1348.61,13424.03,142.71,1198.3,5,24,6.0,10,South,Manager_D,No,1,1348.61
CUST01429,53,Male,25,Standard,One Year,UPI,Fiber,Smartphone,1405.64,17259.27,76.25,413.9,10,12,3.0,5,South,Manager_B,No,1,1405.64
CUST01430,20,Female,71,Family,One Year,Debit Card,5G,Smartphone,302.74,4837.08,71.31,1022.2,4,1,7.0,15,East,Manager_A,No,1,302.74
CUST01431,22,Female,17,Premium,Monthly,Debit Card,Fiber,Laptop,3956.81,48588.92,67.92,771.6,5,1,3.0,15,North,Manager_B,No,1,3956.81
CUST01432,20,Female,9,Premium,Monthly,Debit Card,Fiber,Smartphone,3628.9,29520.1,50.9,1617.6,6,1,6.0,15,East,Manager_B,No,1,3628.9
CUST01433,64,Male,38,Premium,Monthly,Net Banking,DSL,Laptop,2934.78,70673.74,80.52,675.0,8,12,10.0,0,East,Manager_C,No,1,2934.78
CUST01434,36,Male,48,Family,Monthly,Debit Card,DSL,Smartphone,3451.12,102152.38,68.43,943.6,7,24,,10,West,Manager_A,No,1,3451.12
CUST01435,19,Male,60,Standard,One Year,Net Banking,None,Laptop,938.6,35918.19,6.48,1456.5,4,36,8.0,20,East,Manager_B,Yes,1,938.6
CUST01436,61,Female,63,Family,Monthly,Net Banking,DSL,Tablet,2224.96,88762.73,39.8,895.0,6,24,7.0,0,North,Manager_C,No,1,2224.96
CUST01437,54,Male,2,Standard,Monthly,Credit Card,DSL,Tablet,1775.12,1775.12,32.76,1596.8,7,12,9.0,0,East,Manager_C,No,1,1775.12
CUST01438,34,Male,72,Basic,Monthly,Debit Card,DSL,Router,693.86,36357.15,130.25,1340.3,0,12,3.0,10,South,Manager_D,No,1,693.86
CUST01439,31,Female,11,Family,One Year,Auto Pay,DSL,Smartphone,2341.75,16920.52,90.23,850.5,7,1,8.0,15,West,Manager_D,Yes,1,2341.75
CUST01440,45,Female,64,Standard,Two Year,Debit Card,None,Router,4167.11,173649.16,114.79,1032.8,10,24,2.0,5,West,Manager_D,Yes,1,4167.11
CUST01441,44,Female,72,Basic,One Year,Debit Card,DSL,Router,468.25,25418.5,143.57,1936.0,6,12,9.0,20,East,Manager_B,No,1,468.25
CUST01442,27,Male,21,Basic,Two Year,Debit Card,5G,Laptop,1524.14,24672.32,96.96,1340.1,10,12,1.0,10,West,Manager_B,No,1,1524.14
CUST01443,20,Female,18,Family,Two Year,Auto Pay,5G,Tablet,1171.67,12374.75,147.41,1814.7,1,36,10.0,5,West,Manager_B,No,1,1171.67
CUST01444,53,Male,64,Standard,Monthly,Auto Pay,None,Smartphone,1300.22,56165.64,47.45,398.6,1,24,7.0,10,East,Manager_C,Yes,1,1300.22
CUST01445,55,Female,38,Basic,Monthly,Net Banking,DSL,Smartphone,4115.43,106860.07,28.75,992.3,5,1,10.0,10,North,Manager_B,No,1,4115.43
CUST01446,42,Male,32,Family,Monthly,Auto Pay,5G,Laptop,2265.89,50469.5,61.09,1821.9,2,1,1.0,10,East,Manager_C,No,1,2265.89
CUST01447,39,Male,11,Basic,One Year,Net Banking,Fiber,Router,2258.46,16765.11,71.15,679.1,0,1,6.0,10,South,Manager_A,No,1,2258.46
CUST01448,65,Female,45,Premium,One Year,Credit Card,5G,Laptop,3494.42,111995.53,134.41,1936.9,7,24,1.0,15,Central,Manager_B,No,1,3494.42
CUST01449,56,Female,33,Family,Monthly,Net Banking,DSL,Router,948.87,23788.54,84.43,239.3,6,12,4.0,0,North,Manager_A,No,1,948.87
CUST01450,64,Female,41,Basic,One Year,Debit Card,5G,Smartphone,2346.51,61884.54,44.53,1810.2,3,12,7.0,10,East,Manager_D,No,1,2346.51
CUST01451,47,Male,8,Family,One Year,UPI,Fiber,Laptop,2105.94,9008.33,111.65,918.2,0,36,2.0,5,North,Manager_A,No,1,2105.94
CUST01452,38,Male,11,Family,Two Year,UPI,5G,Router,2807.02,17794.38,76.37,193.8,1,36,3.0,5,Central,Manager_A,Yes,1,2807.02
CUST01453,47,Female,51,Standard,One Year,Debit Card,DSL,Laptop,4498.14,156097.36,25.16,1765.1,8,12,4.0,5,West,Manager_C,No,1,4498.14
CUST01454,45,Female,41,Standard,Two Year,Net Banking,Fiber,Tablet,3531.69,93419.12,86.95,541.3,3,12,6.0,0,West,Manager_C,No,1,3531.69
CUST01455,48,Female,17,Basic,Monthly,Debit Card,None,Laptop,1971.04,20213.96,136.8,93.4,2,24,9.0,0,Central,Manager_C,No,1,1971.04
CUST01456,69,Female,46,Family,One Year,Auto Pay,Fiber,Smartphone,3775.72,121078.86,126.55,314.8,7,36,4.0,5,West,Manager_C,No,1,3775.72
CUST01457,43,Female,32,Family,Two Year,Net Banking,5G,Laptop,1016.98,22653.73,88.43,1335.3,3,1,6.0,15,North,Manager_D,No,1,1016.98
CUST01458,60,Female,54,Premium,One Year,Debit Card,None,Smartphone,427.95,21398.86,57.19,1956.7,6,1,7.0,0,West,Manager_A,No,1,427.95
CUST01459,39,Male,20,Family,Two Year,Auto Pay,Fiber,Smartphone,1158.68,19439.37,13.96,267.4,4,1,4.0,0,Central,Manager_D,No,1,1158.68
CUST01460,38,Male,33,Standard,Two Year,Auto Pay,Fiber,Laptop,1729.73,32170.7,70.98,950.8,4,1,6.0,15,Central,Manager_D,No,1,1729.73
CUST01461,18,Male,40,Family,One Year,Net Banking,Fiber,Laptop,2444.44,64674.4,113.06,402.2,10,12,3.0,10,Central,Manager_C,No,1,2444.44
CUST01462,54,Male,32,Standard,Monthly,Credit Card,DSL,Laptop,2883.54,66465.27,54.68,1502.8,5,12,5.0,0,South,Manager_A,No,1,2883.54
CUST01463,30,Female,2,Premium,Two Year,Credit Card,None,Tablet,4124.54,4124.54,36.08,280.2,3,24,10.0,5,North,Manager_A,No,1,4124.54
CUST01464,38,Female,33,Basic,Monthly,Auto Pay,None,Tablet,2441.39,55809.13,139.78,517.7,1,1,4.0,5,Central,Manager_D,No,1,2441.39
CUST01465,63,Female,30,Standard,One Year,Credit Card,Fiber,Router,2405.36,47911.02,123.41,433.0,5,12,7.0,15,North,Manager_C,No,1,2405.36
CUST01466,26,Male,33,Basic,One Year,Auto Pay,None,Laptop,511.02,2468.5,96.1,1127.4,4,12,6.0,5,South,Manager_D,No,1,511.02
CUST01467,34,Male,26,Basic,Monthly,Credit Card,5G,Router,446.63,8339.88,21.38,1752.7,2,12,7.0,20,North,Manager_A,No,1,446.63
CUST01468,64,Male,22,Basic,One Year,Auto Pay,5G,Router,2614.87,34164.09,22.59,1046.6,3,1,6.0,5,East,Manager_C,Yes,1,2614.87
CUST01469,38,Female,66,Basic,Two Year,Auto Pay,Fiber,Smartphone,2140.35,88337.14,16.38,163.6,2,12,2.0,15,South,Manager_D,No,1,2140.35
CUST01470,48,Male,38,Standard,Monthly,Auto Pay,5G,Router,3824.56,96934.56,92.83,1148.6,2,36,7.0,15,South,Manager_A,No,1,3824.56
CUST01471,56,Female,46,Premium,One Year,Auto Pay,Fiber,Laptop,974.85,20241.14,18.22,1605.2,3,1,8.0,15,West,Manager_B,No,1,974.85
CUST01472,39,Male,15,Family,One Year,UPI,5G,Tablet,404.88,677.35,126.55,307.7,1,1,7.0,20,Central,Manager_C,No,1,404.88
CUST01473,29,Male,44,Standard,Monthly,Credit Card,Fiber,Router,2185.96,76877.36,148.95,191.8,3,36,4.0,0,South,Manager_A,No,1,2185.96
CUST01474,23,Female,49,Premium,Two Year,Auto Pay,Fiber,Router,1297.41,45633.17,55.59,416.2,9,24,4.0,10,North,Manager_C,No,1,1297.41
CUST01475,70,Female,61,Family,Monthly,Debit Card,None,Tablet,508.38,16267.0,68.6,1504.9,10,24,5.0,5,East,Manager_A,No,1,508.38
CUST01476,33,Male,67,Basic,One Year,Net Banking,None,Router,3343.31,156355.34,107.04,1203.8,1,1,9.0,0,North,Manager_C,No,1,3343.31
CUST01477,43,Female,6,Family,One Year,Debit Card,Fiber,Laptop,768.69,768.69,140.64,1104.2,9,1,5.0,15,North,Manager_B,Yes,1,768.69
CUST01478,22,Other,9,Family,Monthly,Debit Card,None,Router,2854.94,14361.16,134.22,536.5,7,1,2.0,0,East,Manager_D,No,1,2854.94
CUST01479,26,Other,6,Premium,Two Year,UPI,None,Smartphone,1480.41,1480.41,9.58,697.9,9,36,5.0,0,West,Manager_D,No,1,1480.41
CUST01480,63,Female,32,Family,Two Year,Credit Card,DSL,Router,1028.68,23225.57,26.19,1933.5,4,12,3.0,20,Central,Manager_D,No,1,1028.68
CUST01481,57,Female,41,Basic,Two Year,UPI,5G,Smartphone,1894.96,58638.72,113.43,519.2,6,36,10.0,15,South,Manager_B,No,1,1894.96
CUST01482,31,Male,8,Standard,Monthly,Credit Card,None,Tablet,3666.07,14557.34,103.65,1808.2,10,12,8.0,15,Central,Manager_C,No,1,3666.07
CUST01483,61,Female,72,Standard,Two Year,Auto Pay,Fiber,Tablet,1946.79,83143.7,20.85,1182.0,3,12,10.0,5,West,Manager_C,No,1,1946.79
CUST01484,59,Male,50,Premium,Two Year,UPI,DSL,Router,3453.23,120562.5,75.81,290.4,9,24,10.0,5,East,Manager_A,No,1,3453.23
CUST01485,47,Female,62,Basic,Two Year,Net Banking,DSL,Router,827.04,41953.32,117.34,961.3,5,36,2.0,5,Central,Manager_A,No,1,827.04
CUST01486,69,Male,62,Basic,Two Year,Credit Card,None,Tablet,3545.64,136577.72,33.6,1899.7,9,36,4.0,5,North,Manager_C,No,1,3545.64
CUST01487,69,Male,7,Family,One Year,UPI,Fiber,Smartphone,1295.12,8344.17,130.82,866.2,3,1,5.0,0,South,Manager_B,No,1,1295.12
CUST01488,43,Female,4,Premium,Monthly,Net Banking,Fiber,Tablet,3145.05,9519.33,8.89,1733.6,5,36,4.0,0,South,Manager_B,No,1,3145.05
CUST01489,70,Male,6,Basic,Monthly,Debit Card,Fiber,Tablet,2676.28,6767.74,117.55,550.0,0,12,5.0,5,West,Manager_D,No,1,2676.28
CUST01490,62,Male,58,Basic,Two Year,Auto Pay,Fiber,Smartphone,4202.41,155521.41,92.76,1163.3,5,12,10.0,5,West,Manager_D,No,1,4202.41
CUST01491,46,Female,22,Basic,Monthly,Auto Pay,Fiber,Tablet,1926.75,33217.75,47.96,1695.5,5,36,4.0,5,East,Manager_D,No,1,1926.75
CUST01492,36,Female,26,Standard,Monthly,Debit Card,5G,Router,577.89,10912.11,108.42,1845.3,1,24,3.0,10,West,Manager_C,No,1,577.89
CUST01493,64,Female,3,Standard,One Year,UPI,Fiber,Router,380.45,2033.03,117.57,997.4,9,24,1.0,5,Central,Manager_A,No,1,380.45
CUST01494,25,Male,41,Standard,Monthly,Debit Card,Fiber,Tablet,3772.81,100014.63,140.15,1297.4,9,1,,10,South,Manager_C,No,1,3772.81
CUST01495,40,Female,60,Family,One Year,Net Banking,5G,Router,2503.89,96146.05,55.8,55.8,8,1,9.0,5,East,Manager_C,No,1,2503.89
CUST01496,70,Male,14,Family,Monthly,Credit Card,None,Laptop,3556.03,20914.75,103.22,543.8,5,12,1.0,15,West,Manager_B,Yes,1,3556.03
CUST01497,59,Male,12,Family,One Year,UPI,DSL,Tablet,1284.59,9136.58,90.79,593.5,10,36,7.0,20,North,Manager_B,No,1,1284.59
CUST01498,52,Female,12,Basic,One Year,Credit Card,5G,Laptop,1749.35,21188.93,79.26,232.3,6,12,3.0,0,South,Manager_A,No,1,1749.35
CUST01499,48,Female,13,Standard,Monthly,Debit Card,DSL,Tablet,426.44,426.44,133.67,595.4,1,12,8.0,15,East,Manager_A,Yes,1,426.44
CUST01500,70,Male,25,Basic,One Year,Auto Pay,DSL,Tablet,4338.27,64692.43,1.47,676.2,1,36,6.0,20,South,Manager_C,No,1,4338.27
CUST01501,52,Female,45,Basic,One Year,Credit Card,5G,Laptop,3105.05,95329.82,43.03,1939.1,1,12,1.0,10,Central,Manager_C,No,1,3105.05
CUST01502,49,Male,19,Premium,Monthly,Credit Card,Fiber,Tablet,4219.46,56546.89,81.2,1353.8,9,12,10.0,0,West,Manager_C,No,1,4219.46
CUST01503,22,Female,55,Basic,One Year,Auto Pay,DSL,Router,1415.08,48956.74,27.57,880.7,10,24,5.0,10,West,Manager_C,No,1,1415.08
CUST01504,33,Male,45,Family,One Year,Credit Card,Fiber,Laptop,2868.15,84300.68,136.27,1976.7,8,1,8.0,10,West,Manager_B,No,1,2868.15
CUST01505,34,Female,8,Standard,One Year,Credit Card,None,Tablet,3149.7,18117.92,97.49,348.8,2,24,3.0,0,North,Manager_D,Yes,1,3149.7
CUST01506,49,Female,53,Standard,One Year,Auto Pay,5G,Router,1633.71,56946.67,72.2,978.3,3,1,4.0,20,Central,Manager_D,No,1,1633.71
CUST01507,55,Female,55,Basic,One Year,Auto Pay,DSL,Laptop,3862.06,146609.51,122.39,1311.8,0,1,7.0,0,North,Manager_D,No,1,3862.06
CUST01508,49,Female,32,Family,Two Year,Debit Card,Fiber,Laptop,4278.08,103451.92,68.18,158.4,0,1,6.0,5,Central,Manager_A,Yes,1,4278.08
CUST01509,69,Female,51,Family,One Year,Debit Card,DSL,Router,4016.39,128011.44,84.24,1448.1,3,24,7.0,10,Central,Manager_A,No,1,4016.39
CUST01510,37,Female,44,Family,One Year,Credit Card,None,Tablet,3404.08,106001.79,1.41,244.7,1,36,9.0,5,Central,Manager_A,Yes,1,3404.08
CUST01511,65,Male,70,Standard,One Year,UPI,None,Tablet,1465.35,68909.3,55.49,323.6,7,12,9.0,0,West,Manager_A,No,1,1465.35
CUST01512,19,Male,18,Family,One Year,Debit Card,DSL,Laptop,1482.79,24734.48,21.68,361.4,3,36,2.0,0,West,Manager_B,No,1,1482.79
CUST01513,37,Female,22,Family,Monthly,Debit Card,5G,Smartphone,4346.11,67364.72,103.76,1861.3,2,36,3.0,20,West,Manager_C,Yes,1,4346.11
CUST01514,64,Female,37,Basic,Two Year,UPI,None,Tablet,343.19,8771.14,72.38,1382.3,2,1,4.0,10,North,Manager_A,No,1,343.19
CUST01515,35,Male,56,Premium,Monthly,UPI,Fiber,Tablet,3307.41,127276.75,45.96,1328.1,5,1,6.0,15,East,Manager_D,No,1,3307.41
CUST01516,18,Male,59,Family,Two Year,Auto Pay,None,Router,3266.23,126500.93,70.71,1133.2,5,24,5.0,0,Central,Manager_A,No,1,3266.23
CUST01517,46,Male,3,Basic,One Year,Debit Card,Fiber,Smartphone,2915.3,2915.3,32.23,621.0,5,24,6.0,15,North,Manager_D,No,1,2915.3
CUST01518,46,Female,28,Basic,One Year,Net Banking,DSL,Smartphone,4458.46,87278.9,138.84,1260.7,5,12,8.0,10,West,Manager_C,No,1,4458.46
CUST01519,36,Male,35,Family,Two Year,Net Banking,Fiber,Laptop,1609.89,33342.46,9.04,849.8,7,36,2.0,5,West,Manager_B,No,1,1609.89
CUST01520,61,Male,61,Premium,Two Year,Credit Card,DSL,Router,1727.88,73478.98,129.95,333.6,7,36,6.0,10,East,Manager_B,No,1,1727.88
CUST01521,57,Female,54,Standard,Monthly,Debit Card,None,Router,631.55,22889.54,77.19,1394.7,8,12,9.0,20,West,Manager_A,No,1,631.55
CUST01522,23,Female,63,Premium,Two Year,Net Banking,5G,Tablet,2159.75,79062.29,93.22,302.7,0,1,5.0,15,Central,Manager_A,No,1,2159.75
CUST01523,61,Male,7,Family,One Year,Debit Card,None,Laptop,1396.4,3644.62,46.09,421.8,9,24,1.0,15,South,Manager_D,No,1,1396.4
CUST01524,56,Male,49,Premium,Monthly,Debit Card,None,Tablet,1742.22,58586.71,145.04,1644.5,7,12,8.0,5,West,Manager_A,Yes,1,1742.22
CUST01525,67,Female,31,Basic,Two Year,Net Banking,None,Smartphone,3805.2,76610.8,43.0,1337.2,4,36,4.0,5,East,Manager_B,No,1,3805.2
CUST01526,63,Male,58,Basic,Two Year,Debit Card,None,Router,4229.03,150788.83,88.74,1280.4,2,12,8.0,0,South,Manager_A,No,1,4229.03
CUST01527,25,Female,61,Premium,Monthly,UPI,5G,Laptop,1080.08,50527.0,149.02,865.5,10,12,4.0,10,Central,Manager_D,No,1,1080.08
CUST01528,41,Female,24,Standard,Two Year,Credit Card,None,Tablet,1864.54,30679.52,132.28,822.7,9,36,8.0,20,Central,Manager_C,No,1,1864.54
CUST01529,37,Male,20,Premium,One Year,Auto Pay,Fiber,Tablet,4200.25,58222.03,80.91,1396.0,2,36,9.0,0,Central,Manager_B,No,1,4200.25
CUST01530,31,Male,37,Family,Monthly,Net Banking,5G,Smartphone,559.6,11437.09,148.57,1493.0,5,24,5.0,10,East,Manager_B,Yes,1,559.6
CUST01531,22,Male,4,Standard,Two Year,Auto Pay,5G,Router,687.91,4491.88,105.5,1044.9,7,24,5.0,5,South,Manager_C,No,1,687.91
CUST01532,58,Male,20,Premium,One Year,Credit Card,Fiber,Smartphone,983.72,22290.37,32.1,1940.1,9,36,2.0,20,Central,Manager_C,No,1,983.72
CUST01533,57,Female,60,Premium,Two Year,UPI,DSL,Tablet,2799.89,108320.24,61.43,1913.6,1,24,9.0,5,West,Manager_B,No,1,2799.89
CUST01534,51,Female,24,Standard,Monthly,UPI,None,Router,931.98,23246.74,50.84,854.2,8,24,4.0,5,South,Manager_D,Yes,1,931.98
CUST01535,33,Male,50,Premium,Two Year,UPI,5G,Router,4365.92,147523.49,52.26,1650.2,4,24,3.0,15,Central,Manager_D,No,1,4365.92
CUST01536,62,Male,49,Family,Two Year,UPI,None,Smartphone,2176.2,66742.04,114.31,1109.4,4,36,2.0,10,South,Manager_A,No,1,2176.2
CUST01537,24,Male,51,Basic,Two Year,Net Banking,None,Router,2406.38,92878.87,88.06,1047.9,0,1,3.0,0,West,Manager_D,No,1,2406.38
CUST01538,33,Male,36,Family,One Year,Net Banking,Fiber,Smartphone,1335.97,34021.48,6.68,157.2,5,1,4.0,15,North,Manager_B,Yes,1,1335.97
CUST01539,24,Female,66,Premium,One Year,Debit Card,Fiber,Router,2278.03,103615.71,131.74,1169.3,10,24,9.0,10,Central,Manager_A,No,1,2278.03
CUST01540,44,Male,34,Basic,Two Year,Debit Card,Fiber,Router,3080.04,68467.48,45.22,1806.1,10,1,6.0,10,West,Manager_D,No,1,3080.04
CUST01541,31,Female,36,Standard,Two Year,Credit Card,None,Laptop,3454.94,78936.93,149.56,1571.3,4,24,10.0,10,East,Manager_C,No,1,3454.94
CUST01542,31,Male,6,Family,Monthly,Debit Card,5G,Router,3466.25,14704.07,143.17,1583.3,6,1,5.0,20,Central,Manager_D,No,1,3466.25
CUST01543,61,Female,39,Standard,Two Year,Credit Card,5G,Tablet,2727.14,78812.96,141.14,361.9,6,1,9.0,15,North,Manager_A,No,1,2727.14
CUST01544,50,Female,42,Basic,Monthly,Credit Card,DSL,Laptop,4098.31,113204.38,121.86,749.0,3,12,8.0,0,West,Manager_C,No,1,4098.31
CUST01545,50,Male,58,Premium,One Year,Credit Card,None,Smartphone,3733.11,144213.16,33.87,504.7,4,24,6.0,15,West,Manager_A,No,1,3733.11
CUST01546,61,Male,12,Basic,Two Year,UPI,DSL,Tablet,3479.6,35118.44,80.36,666.0,9,1,3.0,5,South,Manager_A,No,1,3479.6
CUST01547,37,Male,3,Basic,Monthly,Auto Pay,DSL,Smartphone,533.54,533.54,34.42,1180.1,7,1,7.0,10,Central,Manager_C,No,1,533.54
CUST01548,70,Male,18,Standard,One Year,Auto Pay,DSL,Smartphone,328.89,6498.06,39.69,761.3,1,12,10.0,5,North,Manager_A,No,1,328.89
CUST01549,64,Female,40,Family,Monthly,Net Banking,DSL,Tablet,1192.28,36180.89,92.03,1143.4,0,1,6.0,15,East,Manager_B,No,1,1192.28
CUST01550,53,Female,21,Basic,One Year,Credit Card,DSL,Smartphone,3086.8,42231.3,7.08,905.1,5,12,8.0,0,South,Manager_A,No,1,3086.8
CUST01551,24,Female,15,Premium,Two Year,UPI,None,Laptop,2027.03,21819.49,145.45,608.9,10,1,6.0,5,Central,Manager_B,No,1,2027.03
CUST01552,49,Female,26,Basic,Monthly,Debit Card,Fiber,Tablet,1990.11,37800.75,137.88,236.0,3,12,10.0,5,North,Manager_C,No,1,1990.11
CUST01553,65,Male,8,Standard,Two Year,Debit Card,DSL,Smartphone,4015.26,19410.14,57.73,1789.1,9,12,4.0,20,South,Manager_A,No,1,4015.26
CUST01554,20,Female,42,Family,Monthly,Net Banking,5G,Smartphone,4061.36,117796.91,77.8,72.2,2,36,10.0,15,North,Manager_D,No,1,4061.36
CUST01555,56,Other,44,Premium,One Year,Net Banking,None,Router,4118.54,118075.58,70.45,53.2,6,24,7.0,5,North,Manager_A,No,1,4118.54
CUST01556,46,Male,14,Standard,Monthly,Credit Card,DSL,Router,1618.29,11728.6,132.45,1662.3,7,36,7.0,15,South,Manager_B,No,1,1618.29
CUST01557,41,Male,2,Basic,Monthly,Credit Card,5G,Smartphone,3202.43,3202.43,103.6,1993.8,10,24,8.0,0,South,Manager_B,Yes,1,3202.43
CUST01558,39,Female,37,Basic,Two Year,Debit Card,DSL,Tablet,1440.86,33023.9,42.44,1467.9,3,1,2.0,5,Central,Manager_D,No,1,1440.86
CUST01559,23,Male,69,Family,Two Year,Debit Card,Fiber,Laptop,1100.56,46548.25,67.58,79.8,9,24,6.0,0,South,Manager_C,No,1,1100.56
CUST01560,65,Male,38,Standard,Two Year,Debit Card,None,Smartphone,1075.46,25240.62,64.92,492.0,10,36,3.0,5,Central,Manager_B,No,1,1075.46
CUST01561,41,Female,41,Standard,One Year,Debit Card,Fiber,Smartphone,1736.85,50533.86,143.94,1945.1,10,24,8.0,10,North,Manager_B,No,1,1736.85
CUST01562,57,Female,62,Family,Two Year,Auto Pay,5G,Smartphone,2105.82,78412.19,27.12,1626.8,5,36,4.0,20,South,Manager_B,No,1,2105.82
CUST01563,40,Male,60,Premium,Monthly,Credit Card,DSL,Router,3789.99,141726.25,14.35,1155.3,10,24,4.0,20,Central,Manager_A,No,1,3789.99
CUST01564,55,Male,14,Standard,One Year,Credit Card,Fiber,Tablet,803.54,3754.31,132.21,511.9,10,1,2.0,20,Central,Manager_A,No,1,803.54
CUST01565,27,Female,2,Family,Two Year,Debit Card,Fiber,Smartphone,3386.69,6821.74,134.61,78.0,1,1,6.0,0,East,Manager_A,No,1,3386.69
CUST01566,33,Female,70,Standard,Monthly,UPI,DSL,Router,2532.11,119609.46,130.89,90.7,7,24,6.0,15,Central,Manager_A,No,1,2532.11
CUST01567,28,Male,17,Family,Monthly,Debit Card,None,Smartphone,1509.37,13280.88,77.14,1243.4,5,24,1.0,20,Central,Manager_A,No,1,1509.37
CUST01568,49,Female,28,Basic,One Year,Net Banking,5G,Smartphone,2369.84,50084.05,99.3,92.6,10,1,8.0,5,East,Manager_D,No,1,2369.84
CUST01569,62,Female,66,Basic,Monthly,UPI,None,Tablet,1559.76,65337.39,84.94,1987.6,8,24,3.0,5,West,Manager_B,No,1,1559.76
CUST01570,23,Female,35,Standard,Two Year,Net Banking,5G,Router,2803.54,67728.2,11.35,407.6,10,12,1.0,10,South,Manager_D,No,1,2803.54
CUST01571,41,Male,5,Standard,Monthly,UPI,5G,Laptop,2122.14,5259.87,89.78,1435.9,5,1,10.0,0,East,Manager_B,No,1,2122.14
CUST01572,50,Male,65,Basic,Two Year,Net Banking,Fiber,Tablet,990.5,38577.78,3.03,352.4,5,1,1.0,5,Central,Manager_A,No,1,990.5
CUST01573,70,Female,40,Premium,Two Year,Debit Card,DSL,Laptop,789.65,18032.0,49.42,1103.2,1,36,1.0,5,Central,Manager_A,No,1,789.65
CUST01574,68,Male,56,Family,One Year,Debit Card,None,Router,,100591.82,139.91,207.2,4,36,5.0,10,South,Manager_C,No,1,2596.12
CUST01575,29,Female,36,Premium,Monthly,UPI,Fiber,Router,4090.13,99968.25,46.3,1545.2,8,12,5.0,10,North,Manager_C,No,1,4090.13
CUST01576,44,Male,45,Premium,One Year,Net Banking,Fiber,Laptop,1744.62,57179.11,141.03,1190.6,0,24,1.0,15,East,Manager_D,No,1,1744.62
CUST01577,55,Male,23,Premium,One Year,Auto Pay,Fiber,Router,3378.6,53610.13,38.27,218.0,3,12,5.0,15,West,Manager_B,No,1,3378.6
CUST01578,35,Male,47,Basic,One Year,UPI,None,Tablet,3066.38,88024.06,47.87,1704.7,9,24,7.0,15,South,Manager_D,Yes,1,3066.38
CUST01579,62,Male,31,Standard,Two Year,UPI,Fiber,Smartphone,4212.53,97631.03,94.63,1116.7,9,36,5.0,5,South,Manager_C,Yes,1,4212.53
CUST01580,56,Female,11,Premium,Two Year,Credit Card,DSL,Laptop,3748.12,29362.06,114.48,1847.1,2,24,9.0,10,East,Manager_B,No,1,3748.12
CUST01581,30,Male,10,Basic,Two Year,UPI,Fiber,Smartphone,2679.74,20438.29,75.71,1837.4,0,36,4.0,0,Central,Manager_D,No,1,2679.74
CUST01582,70,Female,67,Family,Two Year,Auto Pay,Fiber,Laptop,3059.53,134774.82,132.44,1845.0,0,1,9.0,15,Central,Manager_C,No,1,3059.53
CUST01583,57,Female,14,Standard,Monthly,Debit Card,5G,Smartphone,4073.22,43582.61,7.0,201.7,0,1,8.0,20,West,Manager_A,Yes,1,4073.22
CUST01584,47,Male,10,Family,Monthly,Net Banking,Fiber,Smartphone,1977.98,7721.0,138.41,285.9,0,24,1.0,5,East,Manager_D,Yes,1,1977.98
CUST01585,70,Female,1,Premium,Two Year,Credit Card,None,Tablet,1672.54,4164.17,30.25,1976.0,1,36,4.0,0,South,Manager_A,No,1,1672.54
CUST01586,66,Male,5,Standard,Two Year,Net Banking,None,Smartphone,345.41,345.41,132.75,1000.8,10,12,7.0,5,East,Manager_D,No,1,345.41
CUST01587,58,Female,20,Premium,Monthly,Debit Card,DSL,Laptop,3771.51,53672.84,60.73,514.5,4,36,1.0,15,North,Manager_B,No,1,3771.51
CUST01588,69,Female,8,Standard,One Year,UPI,None,Smartphone,3664.12,14144.22,125.08,1550.8,1,36,8.0,5,South,Manager_B,Yes,1,3664.12
CUST01589,30,Male,43,Premium,One Year,Auto Pay,None,Router,738.71,22561.33,101.08,565.4,3,36,2.0,15,West,Manager_B,No,1,738.71
CUST01590,51,Male,1,Family,Two Year,Credit Card,Fiber,Smartphone,2722.8,8601.9,27.22,1468.1,8,1,8.0,5,West,Manager_B,No,1,2722.8
CUST01591,53,Female,57,Family,One Year,Auto Pay,DSL,Smartphone,2248.72,89564.95,137.79,1682.7,2,36,4.0,15,South,Manager_C,No,1,2248.72
CUST01592,47,Female,64,Premium,Two Year,Auto Pay,None,Router,798.58,40194.66,37.58,1579.3,1,24,8.0,10,Central,Manager_A,No,1,798.58
CUST01593,42,Male,28,Standard,Two Year,Auto Pay,DSL,Router,4418.39,88080.86,37.38,584.4,3,1,1.0,10,South,Manager_C,Yes,1,4418.39
CUST01594,19,Female,37,Family,Two Year,Auto Pay,DSL,Laptop,1201.72,27021.01,122.31,833.2,8,1,5.0,10,South,Manager_D,Yes,1,1201.72
CUST01595,53,Male,47,Standard,Monthly,Debit Card,5G,Router,582.38,21239.56,16.78,855.8,3,1,9.0,10,North,Manager_D,No,1,582.38
CUST01596,35,Female,37,Standard,One Year,Auto Pay,5G,Router,2798.36,60401.63,34.08,1008.0,4,36,7.0,10,South,Manager_A,No,1,2798.36
CUST01597,22,Male,49,Family,Monthly,Auto Pay,Fiber,Laptop,3403.24,107737.82,76.05,376.4,3,12,3.0,20,East,Manager_A,No,1,3403.24
CUST01598,36,Female,44,Basic,One Year,Debit Card,None,Laptop,436.26,19760.23,124.74,932.3,7,36,4.0,5,East,Manager_C,No,1,436.26
CUST01599,59,Male,56,Basic,Monthly,Net Banking,Fiber,Smartphone,3066.61,112561.59,22.98,1046.0,3,36,10.0,10,West,Manager_B,No,1,3066.61
CUST01600,35,Female,28,Standard,Monthly,Debit Card,Fiber,Tablet,2535.63,37991.75,82.6,1086.8,1,12,7.0,20,Central,Manager_C,No,1,2535.63
CUST01601,49,Female,6,Family,Two Year,UPI,DSL,Laptop,733.71,13003.33,106.97,1648.8,3,36,6.0,20,West,Manager_C,No,1,733.71
CUST01602,38,Female,61,Basic,Two Year,Debit Card,DSL,Router,1024.6,44478.32,129.23,1058.8,1,24,4.0,5,North,Manager_D,No,1,1024.6
CUST01603,27,Female,20,Premium,Monthly,Net Banking,DSL,Smartphone,2685.49,39628.92,140.4,500.0,8,12,3.0,5,South,Manager_C,No,1,2685.49
CUST01604,54,Female,2,Standard,One Year,UPI,Fiber,Router,1544.7,1544.7,117.91,1343.1,10,24,2.0,15,West,Manager_A,No,1,1544.7
CUST01605,66,Female,37,Basic,One Year,UPI,None,Laptop,4240.93,106029.89,98.27,1604.8,7,24,10.0,15,South,Manager_B,No,1,4240.93
CUST01606,39,Female,20,Family,Two Year,Credit Card,Fiber,Tablet,3738.71,51137.34,65.61,672.8,8,1,9.0,10,West,Manager_D,Yes,1,3738.71
CUST01607,30,Female,26,Family,Two Year,Auto Pay,Fiber,Smartphone,4430.98,72696.23,17.7,1308.3,3,1,3.0,0,South,Manager_A,No,1,4430.98
CUST01608,34,Female,29,Standard,One Year,UPI,Fiber,Laptop,1390.62,26036.22,106.75,336.5,0,12,7.0,15,West,Manager_D,No,1,1390.62
CUST01609,26,Female,1,Family,One Year,UPI,5G,Laptop,4372.84,4372.84,148.92,716.8,2,36,1.0,0,East,Manager_C,Yes,1,4372.84
CUST01610,41,Male,35,Premium,One Year,Net Banking,5G,Router,2111.18,47527.32,110.78,1823.0,6,24,8.0,15,North,Manager_C,Yes,1,2111.18
CUST01611,61,Female,70,Premium,Two Year,UPI,None,Tablet,1759.58,86982.96,3.49,1827.1,0,36,1.0,20,West,Manager_A,No,1,1759.58
CUST01612,31,Male,59,Basic,One Year,Net Banking,5G,Laptop,511.47,16383.58,74.94,1171.9,10,24,2.0,20,East,Manager_A,No,1,511.47
CUST01613,63,Female,69,Family,Two Year,Auto Pay,Fiber,Router,521.61,33530.55,92.58,1419.6,7,1,1.0,20,Central,Manager_D,No,1,521.61
CUST01614,25,Female,33,Premium,Monthly,Credit Card,5G,Smartphone,3206.45,63361.44,103.76,1715.3,8,1,4.0,0,West,Manager_B,No,1,3206.45
CUST01615,54,Other,51,Standard,Monthly,Credit Card,5G,Router,2223.3,74291.32,108.24,1919.2,7,1,2.0,10,South,Manager_D,Yes,1,2223.3
CUST01616,36,Male,12,Family,Monthly,Auto Pay,Fiber,Smartphone,1251.39,6728.97,84.16,1005.3,4,12,1.0,15,North,Manager_C,No,1,1251.39
CUST01617,45,Male,20,Basic,One Year,Auto Pay,None,Router,2878.68,37481.5,34.28,1145.1,10,24,1.0,15,East,Manager_A,No,1,2878.68
CUST01618,63,Female,53,Standard,Two Year,Debit Card,5G,Tablet,1362.0,54981.37,141.39,860.5,8,36,2.0,0,East,Manager_A,No,1,1362.0
CUST01619,58,Male,43,Standard,One Year,UPI,Fiber,Router,2726.05,73224.49,104.8,190.4,3,24,6.0,20,North,Manager_D,No,1,2726.05
CUST01620,47,Male,50,Standard,Two Year,UPI,Fiber,Tablet,1808.68,58032.98,36.29,874.5,8,36,2.0,10,West,Manager_A,No,1,1808.68
CUST01621,24,Female,29,Premium,One Year,UPI,Fiber,Tablet,3758.92,75944.98,49.03,1591.7,0,36,2.0,15,South,Manager_A,No,1,3758.92
CUST01622,43,Female,57,Standard,Monthly,Net Banking,DSL,Smartphone,3746.92,142848.75,138.37,1619.5,10,36,8.0,10,Central,Manager_C,No,1,3746.92
CUST01623,57,Male,39,Premium,Two Year,Debit Card,Fiber,Router,2304.87,60802.49,133.24,1790.1,2,24,5.0,10,West,Manager_B,No,1,2304.87
CUST01624,63,Female,56,Standard,One Year,UPI,5G,Router,1773.44,61382.04,61.37,150.4,3,1,8.0,5,North,Manager_A,No,1,1773.44
CUST01625,63,Male,43,Premium,Two Year,Net Banking,5G,Router,1822.75,51894.25,6.71,1078.0,10,12,8.0,10,West,Manager_A,No,1,1822.75
CUST01626,28,Female,50,Family,Two Year,Net Banking,Fiber,Tablet,3684.0,128457.89,8.23,259.5,9,12,2.0,5,West,Manager_D,No,1,3684.0
CUST01627,31,Male,23,Premium,One Year,Credit Card,DSL,Laptop,1678.35,17687.1,43.3,441.4,0,1,7.0,0,North,Manager_B,Yes,1,1678.35
CUST01628,38,Female,44,Premium,One Year,Net Banking,DSL,Router,1178.05,31069.59,94.74,1805.4,5,12,9.0,20,North,Manager_C,No,1,1178.05
CUST01629,25,Male,38,Family,Two Year,Auto Pay,DSL,Router,655.69,7533.11,88.05,1018.7,3,36,8.0,5,Central,Manager_A,No,1,655.69
CUST01630,20,Female,23,Standard,Two Year,Net Banking,5G,Laptop,2260.11,37339.9,95.44,1529.2,3,12,9.0,10,North,Manager_B,No,1,2260.11
CUST01631,45,Male,45,Family,Monthly,Auto Pay,DSL,Smartphone,2324.95,75875.85,107.88,175.5,0,24,8.0,20,North,Manager_B,No,1,2324.95
CUST01632,46,Female,52,Standard,Two Year,Auto Pay,None,Router,3831.82,131919.38,3.84,862.8,4,1,4.0,10,North,Manager_D,No,1,3831.82
CUST01633,40,Male,50,Premium,Monthly,Credit Card,None,Laptop,1229.2,35945.73,16.66,1364.8,8,1,10.0,10,East,Manager_C,No,1,1229.2
CUST01634,35,Male,8,Standard,Monthly,Credit Card,DSL,Router,1900.16,5252.95,54.56,310.1,5,1,7.0,5,North,Manager_B,No,1,1900.16
CUST01635,52,Female,1,Premium,Monthly,Net Banking,None,Tablet,3695.3,3695.3,24.07,685.3,7,1,9.0,0,North,Manager_C,Yes,1,3695.3
CUST01636,30,Male,8,Standard,Two Year,Credit Card,Fiber,Laptop,3759.22,18544.81,12.22,175.9,10,24,9.0,10,North,Manager_B,Yes,1,3759.22
CUST01637,29,Male,29,Premium,Monthly,Credit Card,DSL,Tablet,1915.37,41589.65,96.5,1320.1,3,36,4.0,5,Central,Manager_A,No,1,1915.37
CUST01638,64,Male,5,Premium,Two Year,UPI,DSL,Laptop,2228.32,4083.35,122.49,1943.2,8,36,7.0,10,West,Manager_C,No,1,2228.32
CUST01639,67,Male,47,Basic,Two Year,Net Banking,DSL,Smartphone,1573.8,51487.79,113.14,1662.7,6,36,6.0,20,North,Manager_D,No,1,1573.8
CUST01640,22,Male,34,Standard,One Year,Net Banking,Fiber,Tablet,4216.73,94051.86,122.74,1950.5,6,12,3.0,0,North,Manager_B,No,1,4216.73
CUST01641,56,Male,65,Standard,Two Year,Net Banking,Fiber,Router,798.3,30869.22,100.21,1698.9,7,36,10.0,10,Central,Manager_A,No,1,798.3
CUST01642,28,Male,55,Basic,Two Year,Credit Card,DSL,Laptop,4221.75,153145.62,110.57,1717.6,1,12,6.0,0,West,Manager_B,No,1,4221.75
CUST01643,28,Female,43,Premium,Monthly,Credit Card,5G,Router,3172.24,92620.24,41.5,1175.5,5,24,8.0,0,Central,Manager_A,Yes,1,3172.24
CUST01644,64,Female,30,Premium,Two Year,Auto Pay,5G,Smartphone,2532.6,55226.67,148.96,1060.6,6,12,2.0,20,South,Manager_C,No,1,2532.6
CUST01645,59,Male,17,Basic,Two Year,Debit Card,None,Laptop,437.17,3694.73,28.29,842.2,2,36,3.0,20,South,Manager_D,No,1,437.17
CUST01646,64,Female,26,Basic,One Year,Debit Card,Fiber,Smartphone,2297.5,33803.64,32.96,1645.3,7,1,8.0,15,South,Manager_A,Yes,1,2297.5
CUST01647,48,Female,8,Family,One Year,Debit Card,None,Laptop,2012.54,15732.12,44.05,405.0,0,24,4.0,0,North,Manager_B,No,1,2012.54
CUST01648,48,Male,47,Premium,Monthly,UPI,None,Tablet,977.12,26125.58,146.32,159.6,0,36,4.0,10,Central,Manager_A,No,1,977.12
CUST01649,30,Male,72,Family,Monthly,Credit Card,DSL,Router,3056.92,148036.28,148.25,1898.4,9,36,2.0,20,North,Manager_A,No,1,3056.92
CUST01650,31,Female,46,Standard,One Year,Auto Pay,,Tablet,4378.83,134159.96,119.44,57.4,2,36,10.0,10,South,Manager_D,No,1,4378.83
CUST01651,66,Male,68,Family,One Year,Auto Pay,None,Tablet,2661.19,119847.76,94.73,1954.8,5,24,1.0,0,West,Manager_C,No,1,2661.19
CUST01652,62,Male,33,Basic,Two Year,Debit Card,DSL,Tablet,3301.96,70208.24,78.49,1471.3,6,1,7.0,20,West,Manager_A,No,1,3301.96
CUST01653,59,Female,1,Basic,Monthly,UPI,Fiber,Tablet,587.49,3492.4,145.62,690.6,1,1,4.0,15,Central,Manager_A,No,1,587.49
CUST01654,42,Female,19,Basic,Monthly,UPI,None,Laptop,2054.2,8109.55,104.65,1410.7,5,1,6.0,0,West,Manager_B,No,1,2054.2
CUST01655,50,Male,31,Basic,Two Year,Debit Card,5G,Router,788.71,21982.36,141.76,1644.9,4,36,8.0,10,South,Manager_B,No,1,788.71
CUST01656,50,Female,14,Family,Two Year,Debit Card,Fiber,Laptop,2873.74,22259.03,48.17,528.5,5,12,7.0,15,Central,Manager_C,No,1,2873.74
CUST01657,32,Female,53,Family,Monthly,Credit Card,DSL,Laptop,4241.63,151910.71,50.73,1553.2,0,36,7.0,0,Central,Manager_C,No,1,4241.63
CUST01658,33,Female,48,Family,One Year,UPI,Fiber,Laptop,3079.47,100318.17,128.35,1618.5,9,1,6.0,20,South,Manager_C,No,1,3079.47
CUST01659,61,Female,69,Basic,One Year,Auto Pay,None,Tablet,622.57,35013.11,23.33,536.2,6,24,4.0,0,South,Manager_B,No,1,622.57
CUST01660,55,Male,62,Basic,Two Year,Debit Card,Fiber,Smartphone,1789.6,74958.88,141.94,131.8,7,12,4.0,5,South,Manager_A,Yes,1,1789.6
CUST01661,23,Female,66,Premium,Monthly,Credit Card,Fiber,Tablet,2612.79,110817.21,76.61,448.0,6,12,9.0,10,South,Manager_C,No,1,2612.79
CUST01662,61,Male,64,Premium,Two Year,Auto Pay,Fiber,Laptop,1993.47,77030.95,139.04,441.3,8,36,5.0,20,Central,Manager_B,No,1,1993.47
CUST01663,42,Male,70,Basic,One Year,UPI,5G,Tablet,3801.3,175649.98,51.18,177.2,0,24,9.0,20,West,Manager_B,No,1,3801.3
CUST01664,32,Male,63,Premium,One Year,Debit Card,None,Router,3721.62,146517.16,107.68,1465.7,9,12,9.0,5,South,Manager_C,Yes,1,3721.62
CUST01665,21,Male,33,Standard,Two Year,Debit Card,DSL,Router,2869.69,59990.75,72.95,791.0,8,1,4.0,15,East,Manager_B,No,1,2869.69
CUST01666,21,Male,41,Standard,One Year,Credit Card,5G,Tablet,1868.52,49609.73,94.39,1774.6,10,36,2.0,20,Central,Manager_A,No,1,1868.52
CUST01667,47,Male,48,Basic,Monthly,Credit Card,None,Tablet,1372.41,40467.54,76.15,541.7,10,36,2.0,15,North,Manager_D,No,1,1372.41
CUST01668,51,Male,13,Family,Two Year,UPI,DSL,Smartphone,744.67,6662.67,145.1,933.8,2,1,9.0,15,West,Manager_B,No,1,744.67
CUST01669,44,Female,31,Standard,Two Year,Debit Card,DSL,Tablet,1790.57,35824.59,104.12,1296.1,1,1,9.0,15,Central,Manager_B,Yes,1,1790.57
CUST01670,48,Male,68,Standard,Two Year,Credit Card,DSL,Tablet,2035.32,90629.41,38.45,1761.1,5,1,3.0,0,South,Manager_D,No,1,2035.32
CUST01671,49,Female,4,Family,One Year,Debit Card,None,Smartphone,3138.46,3138.46,136.54,1073.0,10,12,5.0,5,East,Manager_A,Yes,1,3138.46
CUST01672,61,Male,19,Premium,Monthly,UPI,DSL,Tablet,3064.27,32340.56,44.81,778.4,4,24,5.0,10,North,Manager_C,No,1,3064.27
CUST01673,56,Male,70,Family,Two Year,Debit Card,DSL,Tablet,594.45,30954.28,56.37,1740.7,3,12,2.0,5,West,Manager_B,No,1,594.45
CUST01674,69,Male,13,Premium,Two Year,Auto Pay,5G,Tablet,1960.09,21008.73,16.22,655.0,3,24,2.0,20,South,Manager_A,No,1,1960.09
CUST01675,26,Male,23,Premium,One Year,Debit Card,DSL,Tablet,1063.47,7112.66,135.1,204.9,7,36,10.0,5,Central,Manager_C,No,1,1063.47
CUST01676,58,Female,1,Family,Monthly,Net Banking,Fiber,Tablet,958.61,958.61,43.63,917.8,9,24,1.0,10,Central,Manager_A,No,1,958.61
CUST01677,25,Male,54,Premium,Two Year,Net Banking,5G,Laptop,3774.67,141247.95,39.58,1580.9,2,1,2.0,0,West,Manager_D,No,1,3774.67
CUST01678,31,Female,71,Standard,One Year,UPI,5G,Tablet,476.04,18942.37,138.12,110.0,0,12,7.0,20,East,Manager_B,No,1,476.04
CUST01679,50,Female,15,Basic,Two Year,UPI,None,Smartphone,2060.57,20048.25,121.02,1192.5,4,1,1.0,0,South,Manager_A,No,1,2060.57
CUST01680,40,Male,65,Premium,One Year,UPI,DSL,Tablet,1006.46,50822.29,22.02,1209.2,7,36,1.0,20,West,Manager_C,No,1,1006.46
CUST01681,38,Female,71,Standard,Monthly,Auto Pay,Fiber,Laptop,3993.19,187203.11,115.63,1860.7,2,12,9.0,10,West,Manager_C,No,1,3993.19
CUST01682,29,Male,15,Family,One Year,Auto Pay,Fiber,Smartphone,2639.57,23872.1,137.04,608.6,1,12,2.0,0,Central,Manager_C,No,1,2639.57
CUST01683,19,Female,21,Premium,Two Year,Debit Card,DSL,Smartphone,1271.8,17020.02,12.7,593.7,0,1,4.0,10,West,Manager_D,No,1,1271.8
CUST01684,30,Female,19,Standard,Two Year,Credit Card,DSL,Tablet,2410.19,39796.13,123.96,908.9,3,12,3.0,10,North,Manager_A,No,1,2410.19
CUST01685,21,Male,60,Premium,One Year,Net Banking,None,Router,3372.24,137120.61,82.57,746.0,10,1,4.0,5,North,Manager_A,Yes,1,3372.24
CUST01686,37,Male,33,Family,Monthly,Net Banking,Fiber,Laptop,4324.1,95225.61,100.71,1485.9,1,24,7.0,20,South,Manager_C,No,1,4324.1
CUST01687,67,Male,49,Basic,Monthly,Net Banking,5G,Router,1225.87,37423.29,74.44,1301.4,7,36,10.0,15,West,Manager_C,No,1,1225.87
CUST01688,68,Male,35,Premium,Two Year,Debit Card,None,Tablet,4021.96,96539.82,104.97,1529.9,10,1,2.0,15,Central,Manager_C,Yes,1,4021.96
CUST01689,65,Female,44,Basic,Two Year,Debit Card,None,Laptop,4224.08,127204.85,6.08,1649.1,9,36,2.0,0,South,Manager_D,No,1,4224.08
CUST01690,31,Male,11,Premium,One Year,UPI,5G,Router,4148.97,25059.89,114.64,1849.8,8,12,9.0,10,East,Manager_D,Yes,1,4148.97
CUST01691,47,Male,72,Premium,One Year,Credit Card,None,Laptop,2968.74,145932.66,5.97,890.3,9,36,6.0,5,Central,Manager_B,No,1,2968.74
CUST01692,46,Male,66,Family,One Year,UPI,DSL,Tablet,2945.25,128835.24,68.84,1970.2,0,36,,20,East,Manager_B,No,1,2945.25
CUST01693,25,Female,46,Premium,Monthly,Debit Card,5G,Laptop,1993.48,61257.38,23.49,470.5,1,36,5.0,0,South,Manager_B,No,1,1993.48
CUST01694,29,Male,9,Standard,Monthly,Auto Pay,5G,Tablet,3460.07,16338.97,123.71,1443.0,5,12,5.0,10,North,Manager_C,No,1,3460.07
CUST01695,58,Female,3,Standard,Two Year,UPI,Fiber,Router,2531.43,3062.95,47.74,1091.3,9,24,4.0,15,Central,Manager_D,No,1,2531.43
CUST01696,55,Female,26,Basic,Two Year,Debit Card,5G,Laptop,3145.24,49366.78,68.66,1643.0,6,24,8.0,15,Central,Manager_D,No,1,3145.24
CUST01697,43,Female,72,Basic,Two Year,Debit Card,None,Smartphone,2099.52,95385.87,64.88,979.7,1,24,7.0,20,South,Manager_B,No,1,2099.52
CUST01698,67,Female,48,Standard,One Year,Auto Pay,Fiber,Tablet,3372.29,109798.73,116.1,1578.7,7,1,10.0,20,Central,Manager_C,Yes,1,3372.29
CUST01699,19,Male,66,Basic,Monthly,Auto Pay,None,Laptop,3762.78,163786.74,72.69,1863.8,9,1,2.0,20,Central,Manager_A,No,1,3762.78
CUST01700,57,Male,70,Basic,Two Year,Auto Pay,DSL,Smartphone,915.03,36203.21,118.55,1478.0,8,12,2.0,0,South,Manager_C,No,1,915.03
CUST01701,31,Female,28,Standard,Two Year,Credit Card,DSL,Smartphone,3798.3,81786.86,11.95,1563.4,7,24,6.0,20,West,Manager_C,No,1,3798.3
CUST01702,23,Female,26,Standard,Two Year,Debit Card,Fiber,Smartphone,2569.25,38910.39,29.55,181.0,8,36,1.0,0,South,Manager_B,Yes,1,2569.25
CUST01703,59,Female,25,Standard,Two Year,Auto Pay,Fiber,Smartphone,3847.6,69587.18,83.18,449.7,5,24,7.0,5,Central,Manager_D,Yes,1,3847.6
CUST01704,57,Male,12,Family,Two Year,Credit Card,None,Tablet,2111.47,9509.44,142.12,1949.9,10,1,8.0,10,South,Manager_D,No,1,2111.47
CUST01705,48,Male,5,Family,Two Year,Net Banking,DSL,Laptop,1891.97,8589.08,12.14,1401.7,6,12,10.0,15,Central,Manager_A,Yes,1,1891.97
CUST01706,34,Other,48,Standard,Monthly,Net Banking,Fiber,Smartphone,4143.26,131331.52,7.42,1144.8,5,24,8.0,0,East,Manager_D,No,1,4143.26
CUST01707,42,Male,37,Premium,Two Year,Net Banking,DSL,Laptop,1354.91,30275.83,24.33,765.6,6,1,3.0,10,East,Manager_D,Yes,1,1354.91
CUST01708,49,Male,44,Standard,Monthly,Debit Card,DSL,Laptop,3845.69,113790.62,96.53,136.6,2,1,7.0,20,North,Manager_A,No,1,3845.69
CUST01709,29,Male,15,Family,One Year,Credit Card,DSL,Router,2332.89,23640.2,60.45,769.8,3,36,1.0,15,South,Manager_A,No,1,2332.89
CUST01710,66,Female,43,Basic,Monthly,Credit Card,None,Laptop,2459.2,66434.74,124.01,1022.9,8,24,3.0,0,South,Manager_B,No,1,2459.2
CUST01711,30,Male,48,Premium,One Year,Net Banking,None,Tablet,1595.57,46769.55,11.72,462.3,2,36,6.0,20,East,Manager_B,No,1,1595.57
CUST01712,36,Male,70,Premium,Monthly,UPI,DSL,Tablet,2706.78,118446.83,30.27,387.6,1,24,9.0,10,East,Manager_B,No,1,2706.78
CUST01713,61,Female,46,Basic,Monthly,Net Banking,DSL,Smartphone,1665.89,52615.12,45.7,1041.4,10,12,5.0,5,East,Manager_B,No,1,1665.89
CUST01714,65,Male,43,Premium,Two Year,Debit Card,DSL,Laptop,464.93,7058.97,94.38,1192.5,6,24,5.0,10,North,Manager_D,No,1,464.93
CUST01715,42,Female,21,Basic,Monthly,Net Banking,5G,Tablet,1442.39,20213.33,103.09,517.8,5,36,9.0,0,North,Manager_B,No,1,1442.39
CUST01716,48,Female,23,Family,Monthly,Net Banking,5G,Tablet,326.79,7973.17,19.51,1195.4,2,36,9.0,5,West,Manager_C,No,1,326.79
CUST01717,54,Male,47,Premium,Two Year,Credit Card,None,Tablet,4409.09,139191.76,141.63,1805.7,5,1,6.0,5,South,Manager_A,Yes,1,4409.09
CUST01718,42,Female,15,Premium,One Year,Net Banking,DSL,Smartphone,4356.14,39945.74,51.82,972.7,6,24,5.0,20,North,Manager_B,No,1,4356.14
CUST01719,33,Female,25,Basic,Two Year,Auto Pay,5G,Tablet,1959.65,37204.9,107.26,1721.9,5,24,10.0,10,Central,Manager_A,Yes,1,1959.65
CUST01720,55,Male,36,Basic,Two Year,Auto Pay,Fiber,Laptop,3359.16,78579.98,79.11,1858.2,0,12,2.0,0,South,Manager_D,No,1,3359.16
CUST01721,60,Male,51,Family,Two Year,UPI,Fiber,Tablet,1752.39,52910.46,34.19,230.2,0,1,8.0,5,West,Manager_B,No,1,1752.39
CUST01722,66,Female,15,Basic,One Year,Debit Card,DSL,Tablet,3118.59,29767.26,127.09,236.8,8,36,8.0,20,East,Manager_C,No,1,3118.59
CUST01723,40,Male,68,Basic,Monthly,Debit Card,5G,Smartphone,3682.81,169888.04,122.92,978.3,5,24,7.0,5,West,Manager_A,No,1,3682.81
CUST01724,31,Female,21,Family,Monthly,Credit Card,Fiber,Laptop,4276.38,56497.25,60.01,1196.8,1,1,8.0,10,South,Manager_B,Yes,1,4276.38
CUST01725,23,Female,13,Standard,Two Year,Debit Card,None,Tablet,1980.89,21558.63,88.7,880.5,10,12,3.0,15,East,Manager_C,No,1,1980.89
CUST01726,42,Male,19,Standard,Two Year,UPI,Fiber,Laptop,3589.85,41619.8,39.42,686.6,0,1,3.0,0,West,Manager_D,Yes,1,3589.85
CUST01727,40,Female,34,Basic,Monthly,Auto Pay,None,Laptop,1416.9,28945.33,103.79,1299.9,10,24,2.0,15,West,Manager_C,No,1,1416.9
CUST01728,60,Male,68,Family,Monthly,Credit Card,Fiber,Tablet,4459.4,196929.07,47.04,54.1,1,24,1.0,10,South,Manager_D,No,1,4459.4
CUST01729,29,Female,52,Standard,Monthly,Auto Pay,Fiber,Smartphone,408.23,17570.52,126.77,1937.7,7,12,3.0,15,North,Manager_A,Yes,1,408.23
CUST01730,30,Male,27,Family,One Year,UPI,5G,Laptop,2834.82,50760.55,33.39,502.6,4,12,3.0,10,Central,Manager_B,No,1,2834.82
CUST01731,53,Female,29,Basic,One Year,Credit Card,Fiber,Router,3069.93,54453.17,3.21,1838.3,6,12,7.0,10,West,Manager_C,No,1,3069.93
CUST01732,56,Female,28,Basic,Two Year,Net Banking,Fiber,Tablet,3189.79,57561.69,41.01,262.6,6,36,10.0,20,Central,Manager_C,No,1,3189.79
CUST01733,51,Female,35,Family,One Year,Debit Card,None,Laptop,805.63,3442.28,29.47,514.3,1,1,9.0,15,South,Manager_C,No,1,805.63
CUST01734,23,Female,8,Premium,Two Year,UPI,None,Laptop,4241.83,26512.96,76.73,508.0,3,1,1.0,5,South,Manager_D,No,1,4241.83
CUST01735,55,Female,16,Basic,Monthly,Credit Card,Fiber,Laptop,1060.97,10463.28,31.35,1992.5,1,1,8.0,10,North,Manager_A,No,1,1060.97
CUST01736,67,Male,36,Basic,Monthly,Auto Pay,DSL,Tablet,2915.56,57942.25,114.72,59.0,6,36,1.0,15,East,Manager_A,No,1,2915.56
CUST01737,69,Female,30,Basic,Two Year,Credit Card,Fiber,Router,1235.24,17421.39,36.96,1297.3,4,1,3.0,5,Central,Manager_B,No,1,1235.24
CUST01738,57,Female,18,Basic,Monthly,Net Banking,Fiber,Laptop,1590.31,16975.75,106.34,1745.9,0,12,4.0,0,West,Manager_B,Yes,1,1590.31
CUST01739,25,Female,2,Family,Two Year,UPI,5G,Laptop,2595.13,2595.13,87.19,1360.9,1,1,8.0,5,East,Manager_A,Yes,1,2595.13
CUST01740,25,Female,49,Family,Two Year,Credit Card,Fiber,Smartphone,2052.21,71005.61,147.95,757.3,5,36,1.0,15,Central,Manager_A,Yes,1,2052.21
CUST01741,57,Male,4,Family,Two Year,UPI,Fiber,Tablet,972.95,4687.4,149.99,1918.7,3,36,2.0,15,Central,Manager_A,Yes,1,972.95
CUST01742,50,Male,7,Family,One Year,UPI,None,Tablet,1017.93,6548.02,130.56,1792.4,6,1,5.0,5,East,Manager_C,Yes,1,1017.93
CUST01743,51,Male,39,Premium,Two Year,Auto Pay,None,Laptop,2056.21,40439.73,114.24,896.2,1,36,6.0,5,East,Manager_D,No,1,2056.21
CUST01744,61,Female,13,Family,Two Year,Debit Card,None,Smartphone,3480.59,27537.82,58.58,1168.0,1,36,5.0,10,North,Manager_A,No,1,3480.59
CUST01745,32,Male,31,Family,Two Year,Net Banking,None,Laptop,4071.45,80655.22,113.24,1936.7,5,1,3.0,15,West,Manager_B,No,1,4071.45
CUST01746,53,Female,71,Basic,One Year,Credit Card,Fiber,Laptop,653.34,26154.49,143.54,1966.0,7,36,10.0,10,West,Manager_D,No,1,653.34
CUST01747,52,Male,63,Premium,Monthly,Debit Card,DSL,Tablet,1951.04,79867.8,4.48,927.2,0,36,7.0,10,West,Manager_C,No,1,1951.04
CUST01748,63,Male,56,Basic,One Year,Auto Pay,5G,Smartphone,721.03,21287.26,81.15,1702.3,4,1,1.0,0,East,Manager_D,No,1,721.03
CUST01749,39,Male,42,Premium,Two Year,Debit Card,5G,Laptop,369.69,11427.42,33.48,638.9,0,12,2.0,15,North,Manager_A,No,1,369.69
CUST01750,40,Male,61,Standard,One Year,UPI,DSL,Tablet,3079.22,129054.37,84.12,775.0,10,12,9.0,10,South,Manager_D,No,1,3079.22
CUST01751,57,Female,42,Premium,Monthly,UPI,DSL,Laptop,2830.29,82650.04,70.5,371.4,5,36,4.0,0,North,Manager_B,No,1,2830.29
CUST01752,62,Male,56,Premium,Monthly,Net Banking,5G,Laptop,984.68,36071.83,86.79,457.9,6,24,8.0,10,East,Manager_D,No,1,984.68
CUST01753,68,Male,36,Basic,Two Year,Credit Card,Fiber,Smartphone,1282.01,40764.44,83.09,1330.9,5,24,9.0,10,North,Manager_A,No,1,1282.01
CUST01754,39,Male,68,Premium,Monthly,Credit Card,5G,Smartphone,399.57,23813.72,144.06,1046.0,8,1,7.0,15,East,Manager_D,No,1,399.57
CUST01755,22,Female,7,Premium,One Year,Auto Pay,DSL,Smartphone,3806.78,17257.18,83.28,500.7,2,1,1.0,5,Central,Manager_D,No,1,3806.78
CUST01756,48,Female,54,Basic,One Year,Net Banking,Fiber,Laptop,4393.7,155761.84,127.09,835.7,7,12,5.0,5,Central,Manager_D,No,1,4393.7
CUST01757,30,Male,1,Standard,Monthly,Credit Card,5G,Router,868.93,7269.42,48.65,777.7,2,24,6.0,15,South,Manager_B,Yes,1,868.93
CUST01758,45,Female,44,Standard,Two Year,UPI,Fiber,Smartphone,1272.2,42355.77,66.28,1975.4,10,1,8.0,5,Central,Manager_D,No,1,1272.2
CUST01759,37,Male,45,Standard,Two Year,Net Banking,Fiber,Router,3947.32,111367.46,71.09,1714.5,6,24,10.0,20,South,Manager_D,No,1,3947.32
CUST01760,50,Male,47,Premium,One Year,Debit Card,DSL,Router,4191.15,136751.81,42.53,806.5,4,24,8.0,5,West,Manager_C,No,1,4191.15
CUST01761,33,Female,13,Basic,Monthly,Net Banking,None,Router,2062.44,17102.61,57.59,1832.1,0,36,9.0,10,East,Manager_D,No,1,2062.44
CUST01762,46,Male,22,Standard,One Year,Net Banking,5G,Tablet,512.61,3213.72,90.18,718.1,10,36,9.0,10,West,Manager_D,Yes,1,512.61
CUST01763,40,Female,21,Standard,One Year,Credit Card,DSL,Laptop,465.45,465.45,87.45,1352.4,3,24,4.0,0,West,Manager_C,No,1,465.45
CUST01764,41,Male,9,Standard,One Year,Auto Pay,5G,Smartphone,2710.59,14918.96,95.83,1935.0,10,12,6.0,15,South,Manager_B,Yes,1,2710.59
CUST01765,51,Female,26,Standard,Two Year,Auto Pay,None,Laptop,1950.16,33741.64,53.42,811.0,8,1,3.0,0,East,Manager_B,No,1,1950.16
CUST01766,24,Male,9,Basic,Monthly,Credit Card,None,Laptop,420.34,10458.68,48.06,1375.8,7,1,1.0,10,South,Manager_C,Yes,1,420.34
CUST01767,55,Female,15,Standard,Monthly,Credit Card,None,Tablet,2749.66,32282.77,92.13,627.1,2,12,6.0,10,North,Manager_C,No,1,2749.66
CUST01768,54,Female,10,Premium,Two Year,Credit Card,None,Tablet,347.47,347.47,20.8,569.3,1,36,1.0,0,West,Manager_D,Yes,1,347.47
CUST01769,21,Male,42,Premium,One Year,Auto Pay,5G,Tablet,3606.96,102941.59,38.7,1169.6,10,36,9.0,20,East,Manager_B,No,1,3606.96
CUST01770,51,Female,72,Basic,One Year,Credit Card,Fiber,Laptop,1587.02,80308.21,7.28,1959.6,8,12,6.0,5,West,Manager_B,No,1,1587.02
CUST01771,59,Male,24,Family,Two Year,Debit Card,Fiber,Router,469.08,7935.07,11.82,933.6,0,12,1.0,20,North,Manager_D,No,1,469.08
CUST01772,39,Female,49,Standard,Monthly,Debit Card,None,Laptop,2771.08,87586.18,37.26,1878.4,8,36,3.0,20,North,Manager_A,No,1,2771.08
CUST01773,22,Male,26,Standard,Two Year,UPI,None,Tablet,1970.27,31490.48,3.91,1833.0,6,24,1.0,20,East,Manager_D,No,1,1970.27
CUST01774,67,Male,37,Premium,Monthly,Debit Card,Fiber,Laptop,4389.96,110213.05,37.57,544.8,1,36,2.0,20,East,Manager_A,No,1,4389.96
CUST01775,59,Female,68,Basic,Monthly,Net Banking,DSL,Tablet,2585.63,119280.13,98.59,833.5,10,24,6.0,5,North,Manager_D,No,1,2585.63
CUST01776,40,Male,50,Family,Monthly,UPI,None,Tablet,1456.0,47068.56,10.1,1304.4,4,1,7.0,15,West,Manager_C,No,1,1456.0
CUST01777,32,Female,24,Premium,One Year,Debit Card,Fiber,Smartphone,3279.64,39378.48,66.07,1060.2,1,1,1.0,0,Central,Manager_D,No,1,3279.64
CUST01778,48,Male,19,Family,One Year,Net Banking,DSL,Router,1440.27,11790.81,137.05,237.1,4,24,10.0,20,West,Manager_C,No,1,1440.27
CUST01779,26,Male,60,Basic,Two Year,Debit Card,Fiber,Tablet,4097.82,167011.24,118.9,1987.7,6,24,5.0,20,Central,Manager_A,No,1,4097.82
CUST01780,60,Female,39,Basic,Two Year,Net Banking,DSL,Smartphone,1873.83,38065.39,46.51,1517.7,4,36,6.0,0,South,Manager_A,No,1,1873.83
CUST01781,70,Female,18,Basic,One Year,Credit Card,5G,Router,2609.45,37234.31,138.8,903.5,1,12,4.0,0,East,Manager_C,No,1,2609.45
CUST01782,42,Male,19,Premium,Two Year,Net Banking,DSL,Tablet,512.41,11671.31,50.12,1255.4,10,24,6.0,15,North,Manager_C,No,1,512.41
CUST01783,42,Male,36,Basic,One Year,Credit Card,None,Router,2089.71,50358.52,11.8,220.8,4,1,5.0,10,South,Manager_B,No,1,2089.71
CUST01784,66,Male,55,Premium,One Year,Net Banking,DSL,Router,3795.93,142173.76,149.11,1015.8,9,36,7.0,15,West,Manager_B,No,1,3795.93
CUST01785,38,Male,69,Premium,Monthly,Net Banking,DSL,Laptop,3683.72,172094.99,130.63,1865.1,5,1,4.0,10,Central,Manager_D,No,1,3683.72
CUST01786,26,Male,47,Standard,Monthly,Debit Card,None,Smartphone,1242.14,38336.02,70.42,1798.4,4,36,1.0,5,East,Manager_C,Yes,1,1242.14
CUST01787,65,Male,49,Premium,One Year,Net Banking,5G,Router,1249.53,33948.53,100.29,707.9,1,12,2.0,15,Central,Manager_A,No,1,1249.53
CUST01788,55,Female,33,Premium,Monthly,Debit Card,DSL,Laptop,3732.68,86955.32,101.01,1086.2,5,12,6.0,5,West,Manager_B,No,1,3732.68
CUST01789,39,Female,21,Standard,One Year,Net Banking,5G,Router,4207.67,65943.53,29.98,1409.9,5,1,10.0,0,West,Manager_C,No,1,4207.67
CUST01790,60,Male,22,Family,Monthly,Auto Pay,Fiber,Laptop,,4231.34,30.81,713.0,1,24,2.0,15,North,Manager_A,No,1,700.52
CUST01791,40,Male,48,Standard,Two Year,UPI,Fiber,Tablet,2190.25,63031.72,70.97,176.5,3,24,5.0,0,South,Manager_A,No,1,2190.25
CUST01792,66,Male,37,Standard,Two Year,Debit Card,None,Tablet,1717.31,41676.33,136.82,1035.6,6,1,4.0,20,East,Manager_C,No,1,1717.31
CUST01793,21,Female,15,Basic,One Year,Debit Card,5G,Laptop,3956.89,36437.78,2.49,1223.2,0,24,7.0,0,North,Manager_D,No,1,3956.89
CUST01794,46,Female,35,Basic,One Year,Credit Card,None,Tablet,650.8,15910.08,117.59,61.4,0,24,4.0,20,Central,Manager_B,No,1,650.8
CUST01795,32,Female,71,Standard,Monthly,Auto Pay,None,Tablet,1186.73,62211.86,9.57,236.4,10,1,7.0,10,South,Manager_B,No,1,1186.73
CUST01796,18,Female,32,Basic,Monthly,Credit Card,DSL,Tablet,3460.37,62592.87,72.26,454.2,10,1,8.0,20,East,Manager_C,Yes,1,3460.37
CUST01797,47,Female,11,Standard,One Year,Auto Pay,Fiber,Router,515.43,11686.18,96.04,728.7,5,12,7.0,10,Central,Manager_D,No,1,515.43
CUST01798,46,Male,10,Basic,Two Year,Auto Pay,None,Laptop,2368.65,13757.66,103.33,1105.0,6,1,2.0,20,East,Manager_A,Yes,1,2368.65
CUST01799,37,Male,57,Premium,Two Year,Net Banking,DSL,Smartphone,2156.85,84519.19,9.71,623.0,4,12,1.0,20,East,Manager_D,No,1,2156.85
CUST01800,50,Female,25,Basic,One Year,Credit Card,DSL,Smartphone,1704.48,31501.63,63.37,588.6,9,12,5.0,5,South,Manager_B,No,1,1704.48
CUST01801,58,Male,2,Basic,Two Year,UPI,5G,Laptop,1957.2,6286.31,87.99,1745.2,7,36,7.0,5,Central,Manager_C,No,1,1957.2
CUST01802,61,Female,64,Premium,One Year,Auto Pay,Fiber,Router,2525.75,108074.87,10.84,332.8,10,24,1.0,0,North,Manager_B,No,1,2525.75
CUST01803,53,Female,35,Standard,Monthly,Auto Pay,5G,Tablet,977.74,24291.74,21.13,1016.1,3,1,8.0,5,North,Manager_C,No,1,977.74
CUST01804,39,Female,7,Basic,Two Year,Debit Card,5G,Tablet,2702.38,14056.22,99.88,1908.0,2,24,3.0,10,North,Manager_D,Yes,1,2702.38
CUST01805,30,Male,18,Basic,Two Year,Net Banking,None,Router,3682.82,41042.43,78.72,1268.8,6,36,7.0,5,East,Manager_B,Yes,1,3682.82
CUST01806,24,Female,67,Premium,Monthly,UPI,5G,Smartphone,3492.68,147216.1,25.11,1448.6,3,1,3.0,0,West,Manager_D,No,1,3492.68
CUST01807,25,Female,42,Premium,Monthly,Auto Pay,None,Laptop,946.38,20402.71,80.75,890.9,0,1,4.0,15,South,Manager_B,No,1,946.38
CUST01808,45,Female,39,Premium,Two Year,Debit Card,5G,Laptop,926.85,23576.91,136.99,88.9,10,36,8.0,10,North,Manager_D,No,1,926.85
CUST01809,62,Female,41,Family,Two Year,Credit Card,DSL,Router,1426.33,35052.32,3.32,1310.0,7,24,2.0,15,South,Manager_B,No,1,1426.33
CUST01810,60,Other,24,Premium,One Year,Auto Pay,Fiber,Tablet,1816.51,25141.68,96.75,1282.3,4,12,6.0,10,East,Manager_C,No,1,1816.51
CUST01811,26,Male,60,Standard,One Year,Debit Card,Fiber,Tablet,2015.51,89616.66,11.97,265.3,7,36,10.0,0,South,Manager_D,No,1,2015.51
CUST01812,42,Male,46,Basic,Two Year,Credit Card,Fiber,Tablet,3154.73,101039.53,1.96,951.2,7,36,9.0,5,North,Manager_D,No,1,3154.73
CUST01813,33,Male,19,Basic,One Year,Net Banking,DSL,Laptop,538.06,5555.05,23.45,1834.9,4,1,10.0,15,North,Manager_C,No,1,538.06
CUST01814,27,Male,68,Family,Monthly,Credit Card,DSL,Smartphone,445.63,23562.07,64.01,449.9,7,12,9.0,15,East,Manager_A,No,1,445.63
CUST01815,28,Female,42,Basic,One Year,Auto Pay,5G,Laptop,1946.02,52387.22,120.55,949.1,6,36,5.0,5,East,Manager_B,No,1,1946.02
CUST01816,48,Other,32,Basic,One Year,UPI,5G,Router,3228.09,69419.54,42.99,949.2,2,24,3.0,0,Central,Manager_B,No,1,3228.09
CUST01817,29,Male,39,Standard,Two Year,Credit Card,5G,Laptop,1112.43,31131.32,94.23,1631.0,3,36,6.0,5,East,Manager_C,No,1,1112.43
CUST01818,48,Male,36,Basic,One Year,UPI,5G,Router,2994.32,69775.65,62.26,1657.9,10,24,9.0,20,West,Manager_B,No,1,2994.32
CUST01819,31,Male,36,Standard,Two Year,UPI,Fiber,Laptop,1391.28,29964.47,35.92,1530.6,6,1,6.0,20,West,Manager_D,Yes,1,1391.28
CUST01820,68,Female,3,Family,Two Year,Credit Card,5G,Smartphone,4021.56,14162.78,77.62,762.6,3,36,4.0,20,North,Manager_D,Yes,1,4021.56
CUST01821,61,Male,8,Standard,Two Year,Net Banking,DSL,Router,4061.9,24734.03,119.82,190.5,5,24,5.0,15,East,Manager_C,No,1,4061.9
CUST01822,49,Male,70,Premium,Monthly,Credit Card,DSL,Tablet,1548.61,60995.41,125.04,731.5,1,1,7.0,15,West,Manager_D,Yes,1,1548.61
CUST01823,67,Male,41,Premium,One Year,Debit Card,DSL,Tablet,1265.97,31262.5,127.13,1375.6,1,1,10.0,0,West,Manager_A,No,1,1265.97
CUST01824,70,Male,68,Family,One Year,UPI,None,Laptop,2027.48,88006.06,51.45,1420.4,2,1,3.0,10,Central,Manager_B,No,1,2027.48
CUST01825,34,Female,13,Basic,One Year,Auto Pay,None,Laptop,1310.23,8249.64,119.22,1931.8,9,36,9.0,5,East,Manager_C,No,1,1310.23
CUST01826,52,Male,49,Standard,Two Year,UPI,None,Smartphone,3124.01,106363.0,32.61,934.6,6,1,1.0,10,Central,Manager_C,No,1,3124.01
CUST01827,18,Male,60,Premium,Monthly,Auto Pay,5G,Smartphone,3769.47,150874.83,111.03,1283.2,2,1,8.0,15,South,Manager_B,Yes,1,3769.47
CUST01828,46,Male,2,Standard,Two Year,Debit Card,Fiber,Tablet,3126.99,3126.99,142.31,1101.4,2,24,5.0,5,Central,Manager_A,Yes,1,3126.99
CUST01829,68,Female,60,Premium,One Year,Debit Card,Fiber,Laptop,3762.27,148574.73,3.05,343.7,3,1,10.0,15,South,Manager_C,No,1,3762.27
CUST01830,21,Female,5,Standard,Two Year,Debit Card,5G,Router,1967.37,9266.59,66.61,949.3,9,36,9.0,0,South,Manager_B,No,1,1967.37
CUST01831,40,Male,44,Basic,Two Year,Credit Card,5G,Smartphone,956.53,26959.99,97.52,1112.4,5,12,2.0,5,East,Manager_A,No,1,956.53
CUST01832,45,Male,27,Family,One Year,UPI,None,Router,3399.39,57965.64,105.56,1904.0,0,1,1.0,15,South,Manager_C,No,1,3399.39
CUST01833,33,Female,32,Basic,Two Year,Auto Pay,DSL,Router,1813.99,40354.55,27.24,764.8,5,36,10.0,20,South,Manager_A,Yes,1,1813.99
CUST01834,29,Male,21,Standard,Two Year,Debit Card,DSL,Smartphone,3119.34,51761.72,145.86,1961.2,7,1,7.0,20,Central,Manager_C,No,1,3119.34
CUST01835,70,Female,8,Premium,Monthly,Debit Card,None,Laptop,1436.7,9969.52,92.67,1107.5,7,36,10.0,15,East,Manager_B,No,1,1436.7
CUST01836,38,Male,72,Premium,Two Year,Auto Pay,None,Router,641.16,37280.39,25.49,522.8,5,1,9.0,10,East,Manager_B,No,1,641.16
CUST01837,62,Male,50,Family,Monthly,UPI,Fiber,Laptop,4468.84,146073.26,4.06,423.7,5,24,5.0,0,South,Manager_B,No,1,4468.84
CUST01838,34,Female,67,Basic,One Year,UPI,None,Router,956.05,42661.76,117.71,326.3,2,12,4.0,0,Central,Manager_A,No,1,956.05
CUST01839,57,Female,44,Basic,Monthly,Auto Pay,DSL,Laptop,4451.37,130430.76,12.88,933.2,1,12,4.0,15,Central,Manager_D,Yes,1,4451.37
CUST01840,30,Female,58,Basic,Two Year,Net Banking,DSL,Laptop,4404.58,170903.82,22.02,92.8,6,36,8.0,0,Central,Manager_A,Yes,1,4404.58
CUST01841,69,Male,3,Premium,One Year,UPI,5G,Laptop,3634.04,9470.68,86.65,917.8,7,36,1.0,5,Central,Manager_B,Yes,1,3634.04
CUST01842,49,Male,70,Family,Two Year,Auto Pay,Fiber,Laptop,3069.58,138652.22,90.92,1977.4,9,12,1.0,0,North,Manager_C,No,1,3069.58
CUST01843,54,Male,2,Premium,Two Year,Auto Pay,5G,Smartphone,2726.79,6872.38,103.35,1356.7,5,24,8.0,20,South,Manager_D,No,1,2726.79
CUST01844,67,Female,44,Basic,Monthly,Debit Card,Fiber,Router,3937.63,107364.38,59.63,1531.6,4,24,2.0,15,South,Manager_A,Yes,1,3937.63
CUST01845,32,Female,2,Standard,Two Year,Auto Pay,5G,Laptop,1515.65,1515.65,116.31,282.1,3,1,10.0,5,South,Manager_A,Yes,1,1515.65
CUST01846,29,Male,35,Premium,Monthly,Credit Card,Fiber,Tablet,2264.26,63510.86,146.18,972.5,0,24,6.0,0,East,Manager_C,No,1,2264.26
CUST01847,66,Female,30,Family,One Year,Debit Card,None,Router,2901.44,55478.2,41.39,608.1,8,12,2.0,20,East,Manager_C,No,1,2901.44
CUST01848,32,Female,8,Basic,One Year,Debit Card,DSL,Router,2027.0,14458.26,105.75,1793.5,10,12,5.0,10,Central,Manager_B,No,1,2027.0
CUST01849,51,Male,22,Standard,Two Year,UPI,None,Laptop,2095.44,39224.57,139.34,403.5,9,24,3.0,0,East,Manager_A,No,1,2095.44
CUST01850,23,Female,44,Premium,Monthly,Net Banking,Fiber,Router,1687.2,37918.92,103.26,944.5,3,24,7.0,20,West,Manager_C,No,1,1687.2
CUST01851,34,Male,58,Standard,Two Year,UPI,Fiber,Tablet,2669.77,108862.34,102.49,1196.7,1,12,9.0,20,South,Manager_C,No,1,2669.77
CUST01852,65,Male,36,Standard,Two Year,Credit Card,5G,Tablet,3872.41,96182.56,34.34,1052.4,3,12,2.0,20,South,Manager_D,No,1,3872.41
CUST01853,66,Female,69,Family,Two Year,Debit Card,Fiber,Tablet,1146.42,60937.31,80.73,1669.0,10,12,7.0,20,North,Manager_B,No,1,1146.42
CUST01854,37,Male,31,Premium,Two Year,Debit Card,None,Router,4224.62,81401.2,84.82,501.3,4,12,8.0,10,North,Manager_B,No,1,4224.62
CUST01855,26,Male,47,Family,Monthly,Auto Pay,Fiber,Router,3194.17,107340.27,105.32,785.9,1,12,10.0,15,West,Manager_A,No,1,3194.17
CUST01856,22,Female,55,Basic,Two Year,Net Banking,Fiber,Laptop,3757.75,134087.09,149.53,1594.6,6,24,8.0,20,North,Manager_C,No,1,3757.75
CUST01857,40,Female,62,Standard,One Year,Net Banking,5G,Router,2636.0,114228.56,6.01,1079.7,2,24,7.0,15,Central,Manager_B,No,1,2636.0
CUST01858,50,Other,30,Family,Monthly,Auto Pay,Fiber,Router,3573.97,71299.29,10.72,834.1,7,1,4.0,10,Central,Manager_A,No,1,3573.97
CUST01859,55,Female,55,Family,Two Year,Credit Card,5G,Laptop,368.04,17348.64,12.61,107.4,3,1,4.0,10,South,Manager_B,Yes,1,368.04
CUST01860,31,Male,16,Basic,Monthly,Net Banking,DSL,Tablet,3737.2,40107.81,111.7,1519.1,10,36,10.0,5,Central,Manager_A,No,1,3737.2
CUST01861,34,Female,12,Premium,Two Year,Debit Card,5G,Laptop,468.58,468.58,21.32,1945.8,4,1,9.0,5,North,Manager_C,No,1,468.58
CUST01862,36,Female,17,Family,One Year,Credit Card,Fiber,Smartphone,4037.64,30157.2,93.75,1259.6,2,24,10.0,20,West,Manager_B,Yes,1,4037.64
CUST01863,50,Male,16,Standard,One Year,UPI,DSL,Router,4466.24,48689.47,49.38,1720.3,10,1,9.0,15,Central,Manager_A,No,1,4466.24
CUST01864,18,Female,12,Standard,One Year,UPI,Fiber,Router,1535.08,10961.96,69.14,1057.9,4,1,5.0,10,South,Manager_A,No,1,1535.08
CUST01865,30,Male,8,Standard,Monthly,Credit Card,5G,Smartphone,1183.34,8302.25,33.13,501.8,8,24,7.0,0,South,Manager_C,Yes,1,1183.34
CUST01866,63,Male,3,Standard,One Year,Debit Card,None,Smartphone,3514.53,5768.29,130.05,78.2,10,12,7.0,5,North,Manager_B,No,1,3514.53
CUST01867,44,Female,16,Family,Two Year,UPI,DSL,Smartphone,1362.71,24625.96,88.34,1324.1,1,24,9.0,5,Central,Manager_A,Yes,1,1362.71
CUST01868,23,Female,30,Standard,Two Year,Debit Card,None,Laptop,3935.36,79859.89,141.74,1011.6,6,24,7.0,0,North,Manager_A,No,1,3935.36
CUST01869,23,Male,23,Family,Two Year,Auto Pay,None,Tablet,731.94,8988.34,86.61,1575.1,9,36,8.0,15,South,Manager_A,No,1,731.94
CUST01870,50,Male,5,Premium,Monthly,Net Banking,DSL,Laptop,829.01,4450.18,19.46,1404.6,7,36,7.0,15,West,Manager_A,No,1,829.01
CUST01871,47,Female,65,Standard,Monthly,Credit Card,None,Smartphone,4412.44,189062.36,26.46,1976.5,2,36,4.0,15,Central,Manager_B,No,1,4412.44
CUST01872,63,Male,30,Premium,One Year,Net Banking,None,Laptop,3130.12,63067.05,148.37,1045.1,10,12,2.0,20,West,Manager_D,No,1,3130.12
CUST01873,52,Male,21,Family,Monthly,Auto Pay,None,Router,3856.93,47909.62,109.11,883.0,3,1,3.0,20,Central,Manager_B,No,1,3856.93
CUST01874,40,Female,70,Basic,Two Year,UPI,None,Laptop,1662.18,77525.47,8.34,609.1,10,36,7.0,0,South,Manager_A,No,1,1662.18
CUST01875,27,Female,22,Premium,Two Year,Debit Card,DSL,Smartphone,3141.23,43682.11,105.86,979.9,9,24,9.0,10,Central,Manager_B,Yes,1,3141.23
CUST01876,68,Female,72,Standard,Two Year,Debit Card,Fiber,Router,2795.82,128585.68,62.41,1752.1,1,36,2.0,0,South,Manager_B,No,1,2795.82
CUST01877,36,Female,32,Basic,Monthly,Auto Pay,None,Tablet,2833.23,70320.92,46.77,132.8,9,24,7.0,10,East,Manager_C,No,1,2833.23
CUST01878,68,Female,33,Premium,Two Year,Credit Card,DSL,Laptop,3166.64,64247.4,23.96,1956.9,8,12,4.0,0,South,Manager_C,No,1,3166.64
CUST01879,45,Female,16,Family,One Year,Net Banking,DSL,Laptop,2716.51,29010.93,126.15,1986.9,2,36,7.0,20,South,Manager_A,No,1,2716.51
CUST01880,40,Male,38,Family,Monthly,UPI,DSL,Smartphone,2102.06,49238.15,10.51,1215.8,8,24,5.0,15,Central,Manager_D,No,1,2102.06
CUST01881,21,Female,14,Family,Two Year,Credit Card,DSL,Tablet,1458.88,15101.41,44.19,696.5,6,1,7.0,5,West,Manager_C,No,1,1458.88
CUST01882,37,Male,36,Premium,Two Year,Auto Pay,5G,Router,3528.04,78301.03,46.65,484.9,5,12,6.0,0,South,Manager_B,No,1,3528.04
CUST01883,36,Male,23,Family,Monthly,Auto Pay,Fiber,Smartphone,,23373.66,24.97,589.2,10,24,2.0,0,Central,Manager_A,No,1,1250.34
CUST01884,59,Male,66,Premium,Monthly,Debit Card,Fiber,Smartphone,3207.89,151327.94,76.72,147.7,10,1,7.0,5,South,Manager_D,No,1,3207.89
CUST01885,44,Female,2,Standard,One Year,UPI,None,Laptop,1280.0,1280.0,2.74,976.5,2,1,5.0,0,North,Manager_C,No,1,1280.0
CUST01886,51,Male,65,Standard,Monthly,Credit Card,DSL,Tablet,2926.39,132895.08,45.85,161.8,10,24,9.0,15,North,Manager_A,Yes,1,2926.39
CUST01887,21,Male,67,Premium,Two Year,Debit Card,5G,Smartphone,3437.73,151642.54,140.11,1451.0,6,36,1.0,5,North,Manager_D,No,1,3437.73
CUST01888,55,Female,52,Premium,One Year,UPI,DSL,Laptop,1218.6,49773.76,47.27,775.3,10,1,1.0,5,North,Manager_A,Yes,1,1218.6
CUST01889,24,Female,62,Basic,Two Year,Net Banking,None,Router,551.76,33748.57,54.71,438.8,2,12,2.0,15,West,Manager_D,No,1,551.76
CUST01890,65,Female,23,Family,Two Year,Net Banking,Fiber,Smartphone,850.09,11866.19,71.5,1112.5,10,1,8.0,15,South,Manager_C,Yes,1,850.09
CUST01891,24,Male,26,Standard,Two Year,Debit Card,None,Router,2845.19,41715.3,84.69,1948.8,5,36,9.0,5,North,Manager_B,No,1,2845.19
CUST01892,67,Male,68,Standard,Monthly,Credit Card,None,Router,3867.67,180074.8,121.5,1405.5,7,12,7.0,15,Central,Manager_B,No,1,3867.67
CUST01893,69,Female,55,Basic,Monthly,UPI,None,Laptop,488.99,19051.72,29.36,1008.9,4,12,1.0,15,North,Manager_C,No,1,488.99
CUST01894,43,Male,6,Premium,Two Year,Net Banking,None,Tablet,3383.44,16042.72,130.89,1565.0,10,12,7.0,15,East,Manager_C,Yes,1,3383.44
CUST01895,43,Female,35,Premium,Monthly,Net Banking,None,Router,1733.54,38750.04,113.87,1488.1,10,24,8.0,5,East,Manager_C,No,1,1733.54
CUST01896,36,Male,22,Basic,Two Year,Credit Card,None,Smartphone,2309.82,29454.9,108.67,1788.9,2,1,7.0,0,West,Manager_D,No,1,2309.82
CUST01897,26,Female,43,Family,Monthly,Debit Card,None,Tablet,4201.21,126236.43,13.93,449.1,5,36,5.0,10,East,Manager_D,No,1,4201.21
CUST01898,37,Male,15,Premium,Monthly,Auto Pay,Fiber,Tablet,1694.28,18541.75,4.22,1724.8,7,24,7.0,5,Central,Manager_D,Yes,1,1694.28
CUST01899,59,Male,60,Premium,Monthly,UPI,Fiber,Laptop,2254.42,82959.01,89.51,637.0,9,24,10.0,10,North,Manager_D,No,1,2254.42
CUST01900,62,Female,12,Family,One Year,Net Banking,DSL,Smartphone,357.47,6294.14,129.61,1884.9,2,12,2.0,15,East,Manager_D,No,1,357.47
CUST01901,67,Male,49,Family,Monthly,Auto Pay,DSL,Smartphone,642.71,23426.04,88.08,598.1,10,24,9.0,15,East,Manager_D,No,1,642.71
CUST01902,33,Male,42,Basic,One Year,Credit Card,5G,Laptop,1386.08,37183.75,32.77,1857.4,10,1,2.0,0,West,Manager_D,No,1,1386.08
CUST01903,34,Female,38,Basic,One Year,Debit Card,5G,Laptop,416.98,18662.56,14.49,1929.4,4,24,2.0,15,East,Manager_C,No,1,416.98
CUST01904,39,Male,45,Basic,One Year,UPI,Fiber,Tablet,2951.78,85462.53,105.24,333.7,8,24,5.0,10,North,Manager_D,No,1,2951.78
CUST01905,30,Male,35,Premium,Two Year,Credit Card,Fiber,Router,2090.87,47942.03,108.54,1950.3,9,12,8.0,5,South,Manager_A,No,1,2090.87
CUST01906,29,Male,30,Basic,Monthly,Debit Card,5G,Router,2602.21,55887.44,26.71,217.2,9,12,6.0,5,North,Manager_D,No,1,2602.21
CUST01907,27,Male,30,Premium,Two Year,Credit Card,Fiber,Router,1033.52,21054.21,5.2,476.2,2,24,9.0,0,East,Manager_B,No,1,1033.52
CUST01908,18,Male,6,Standard,One Year,Net Banking,5G,Router,1542.91,1542.91,61.83,916.1,10,12,6.0,10,East,Manager_B,Yes,1,1542.91
CUST01909,49,Female,67,Family,Monthly,Net Banking,DSL,Smartphone,3088.06,138852.34,87.83,1987.5,1,36,5.0,15,East,Manager_C,No,1,3088.06
CUST01910,47,Female,7,Family,Two Year,Auto Pay,Fiber,Smartphone,4354.27,18247.98,106.19,1002.7,10,36,1.0,20,West,Manager_B,No,1,4354.27
CUST01911,25,Male,52,Standard,One Year,Credit Card,Fiber,Laptop,511.75,22025.65,121.68,1123.3,7,36,8.0,0,Central,Manager_B,Yes,1,511.75
CUST01912,38,Male,14,Basic,Two Year,Net Banking,5G,Laptop,4039.61,38459.12,91.97,1404.1,6,24,3.0,0,North,Manager_B,Yes,1,4039.61
CUST01913,39,Female,15,Premium,Two Year,Debit Card,None,Router,2722.9,27701.54,17.52,1938.2,8,1,2.0,20,East,Manager_C,No,1,2722.9
CUST01914,35,Other,21,Premium,Monthly,Auto Pay,None,Laptop,2668.46,32117.18,102.7,1577.5,3,1,7.0,5,South,Manager_C,No,1,2668.46
CUST01915,19,Male,35,Premium,Monthly,UPI,DSL,Smartphone,2401.17,54877.17,147.64,487.1,2,12,2.0,5,West,Manager_D,No,1,2401.17
CUST01916,65,Female,66,Family,Two Year,Credit Card,Fiber,Router,591.46,30874.75,135.93,640.8,9,1,1.0,5,Central,Manager_B,No,1,591.46
CUST01917,61,Female,2,Basic,Monthly,Net Banking,Fiber,Router,677.48,677.48,130.88,240.4,4,1,2.0,20,East,Manager_D,No,1,677.48
CUST01918,26,Male,35,Premium,Monthly,Debit Card,5G,Smartphone,2823.83,65726.62,46.02,1306.7,10,24,6.0,15,North,Manager_C,No,1,2823.83
CUST01919,20,Male,20,Premium,Two Year,Credit Card,None,Tablet,1732.03,18411.5,112.87,402.4,0,12,2.0,15,South,Manager_D,No,1,1732.03
CUST01920,43,Male,10,Premium,Monthly,Debit Card,None,Router,4152.53,21764.32,127.81,551.9,4,1,1.0,10,West,Manager_D,Yes,1,4152.53
CUST01921,38,Female,25,Standard,Monthly,Auto Pay,DSL,Laptop,2007.68,33037.04,102.07,1781.8,2,36,1.0,10,North,Manager_B,No,1,2007.68
CUST01922,47,Female,66,Premium,One Year,Net Banking,None,Tablet,901.78,40547.33,38.33,687.2,0,12,4.0,5,North,Manager_C,No,1,901.78
CUST01923,45,Female,25,Standard,Monthly,Net Banking,None,Smartphone,3301.82,64999.65,143.12,1155.0,2,12,8.0,20,West,Manager_B,No,1,3301.82
CUST01924,53,Male,54,Premium,One Year,Auto Pay,None,Tablet,1532.08,52877.58,68.17,825.3,4,12,6.0,0,North,Manager_D,No,1,1532.08
CUST01925,43,Female,33,Premium,Two Year,Debit Card,5G,Tablet,2506.98,54902.71,20.34,194.4,4,36,4.0,15,South,Manager_C,No,1,2506.98
CUST01926,51,Female,36,Premium,One Year,Credit Card,None,Router,3230.9,71291.23,17.36,757.6,9,1,6.0,20,South,Manager_D,Yes,1,3230.9
CUST01927,25,Female,14,Standard,Two Year,Debit Card,DSL,Tablet,4081.11,41151.56,97.48,845.7,7,36,6.0,10,North,Manager_D,No,1,4081.11
CUST01928,27,Male,65,Premium,Monthly,Credit Card,None,Laptop,3627.2,159169.14,66.22,1796.6,10,12,9.0,15,East,Manager_B,Yes,1,3627.2
CUST01929,65,Female,54,Basic,Monthly,Auto Pay,DSL,Router,3140.72,120507.89,15.08,682.7,0,12,4.0,15,North,Manager_C,No,1,3140.72
CUST01930,60,Male,52,Premium,One Year,UPI,5G,Smartphone,3154.46,114912.72,111.31,789.5,6,24,6.0,20,East,Manager_C,No,1,3154.46
CUST01931,67,Female,3,Standard,Two Year,Credit Card,5G,Laptop,4272.88,10302.79,120.1,1576.6,4,24,10.0,10,North,Manager_B,Yes,1,4272.88
CUST01932,31,Female,41,Standard,Monthly,Net Banking,DSL,Router,1542.46,39810.22,109.09,1530.0,2,24,1.0,20,Central,Manager_A,No,1,1542.46
CUST01933,57,Male,6,Basic,One Year,Net Banking,5G,Tablet,304.67,2242.02,31.14,1606.7,3,24,7.0,0,South,Manager_B,No,1,304.67
CUST01934,32,Female,25,Family,One Year,Net Banking,Fiber,Laptop,1442.21,23481.77,103.78,1909.9,2,12,7.0,15,North,Manager_B,No,1,1442.21
CUST01935,34,Male,13,Basic,One Year,Debit Card,Fiber,Router,1215.14,15298.2,2.6,1601.3,7,36,1.0,20,South,Manager_A,No,1,1215.14
CUST01936,70,Female,8,Basic,Monthly,Debit Card,Fiber,Router,3079.71,20556.28,46.46,844.8,3,24,8.0,20,West,Manager_C,No,1,3079.71
CUST01937,35,Male,21,Standard,Two Year,Debit Card,Fiber,Smartphone,2961.59,39980.18,60.42,1651.9,2,36,5.0,0,Central,Manager_A,No,1,2961.59
CUST01938,49,Female,68,Premium,Monthly,Net Banking,Fiber,Router,2792.54,119285.18,125.45,1041.9,1,24,9.0,20,East,Manager_D,No,1,2792.54
CUST01939,55,Female,25,Premium,Monthly,Credit Card,5G,Smartphone,368.22,12803.94,59.17,591.5,2,1,8.0,15,West,Manager_D,No,1,368.22
CUST01940,40,Male,68,Family,Two Year,Net Banking,DSL,Tablet,3360.87,155268.81,2.68,640.7,6,24,3.0,5,Central,Manager_B,No,1,3360.87
CUST01941,63,Female,45,Family,One Year,Credit Card,5G,Router,1658.83,48167.45,53.5,486.5,5,36,1.0,5,West,Manager_D,No,1,1658.83
CUST01942,40,Male,60,Family,Monthly,Debit Card,None,Router,3093.24,126443.97,75.34,332.7,9,24,3.0,10,South,Manager_A,No,1,3093.24
CUST01943,52,Male,12,Family,One Year,UPI,Fiber,Tablet,2637.63,21475.35,142.4,409.8,4,1,2.0,0,Central,Manager_D,No,1,2637.63
CUST01944,56,Female,32,Basic,One Year,Debit Card,Fiber,Router,1739.47,43701.78,141.21,173.2,7,36,2.0,10,West,Manager_C,Yes,1,1739.47
CUST01945,32,Female,13,Basic,Two Year,Auto Pay,5G,Router,865.22,865.22,27.95,1782.5,10,36,4.0,5,East,Manager_B,No,1,865.22
CUST01946,70,Female,31,Premium,Two Year,Credit Card,None,Laptop,696.56,12409.62,28.59,1865.5,0,36,2.0,0,Central,Manager_B,Yes,1,696.56
CUST01947,41,Female,20,Basic,Two Year,UPI,5G,Smartphone,3792.38,58560.34,25.34,1194.2,2,12,8.0,20,Central,Manager_C,No,1,3792.38
CUST01948,45,Female,18,Premium,One Year,Debit Card,DSL,Router,4157.27,52703.23,118.55,1689.0,1,36,5.0,20,West,Manager_C,Yes,1,4157.27
CUST01949,33,Female,60,Premium,One Year,UPI,Fiber,Router,3029.11,130027.43,1.9,408.0,1,12,1.0,15,North,Manager_B,No,1,3029.11
CUST01950,33,Female,63,Premium,Monthly,Net Banking,5G,Smartphone,734.42,24736.6,19.95,1808.3,10,1,6.0,5,East,Manager_C,Yes,1,734.42
CUST01951,57,Female,6,Premium,One Year,Credit Card,DSL,Laptop,1988.51,13315.02,81.16,1037.4,0,36,7.0,20,East,Manager_D,No,1,1988.51
CUST01952,56,Male,32,Standard,Two Year,Auto Pay,Fiber,Smartphone,3361.54,76773.98,37.89,181.0,4,36,1.0,0,West,Manager_D,No,1,3361.54
CUST01953,23,Male,43,Premium,Two Year,Net Banking,Fiber,Router,3575.25,94081.86,14.76,325.6,4,36,3.0,20,South,Manager_D,No,1,3575.25
CUST01954,19,Female,2,Basic,Two Year,UPI,Fiber,Tablet,796.52,796.52,54.62,652.5,2,1,9.0,10,South,Manager_D,No,1,796.52
CUST01955,30,Female,60,Basic,Two Year,Debit Card,None,Tablet,300.13,11472.55,41.86,134.9,8,12,7.0,10,North,Manager_A,No,1,300.13
CUST01956,61,Female,23,Basic,One Year,Credit Card,5G,Laptop,3290.98,42363.91,77.15,653.1,5,24,4.0,10,North,Manager_A,No,1,3290.98
CUST01957,64,Male,31,Basic,Two Year,Auto Pay,Fiber,Laptop,1797.7,35779.46,146.91,166.9,9,1,6.0,10,West,Manager_A,No,1,1797.7
CUST01958,26,Female,5,Standard,Monthly,Debit Card,Fiber,Router,1368.82,8928.65,19.52,510.3,5,1,6.0,10,South,Manager_A,No,1,1368.82
CUST01959,51,Male,34,Family,One Year,Auto Pay,DSL,Laptop,354.17,6073.24,56.54,568.1,9,1,3.0,15,East,Manager_D,No,1,354.17
CUST01960,34,Female,10,Family,Two Year,Credit Card,5G,Router,2569.26,18339.07,139.87,1989.0,5,12,2.0,10,South,Manager_D,Yes,1,2569.26
CUST01961,44,Male,2,Premium,Monthly,UPI,DSL,Tablet,3874.83,6413.29,131.65,509.3,1,12,5.0,15,West,Manager_C,Yes,1,3874.83
CUST01962,46,Male,11,Premium,Two Year,Auto Pay,5G,Laptop,4322.05,31634.32,59.75,516.4,10,12,8.0,15,South,Manager_A,No,1,4322.05
CUST01963,54,Female,50,Basic,One Year,Credit Card,Fiber,Router,2676.13,85678.42,105.14,1389.2,9,12,3.0,20,Central,Manager_A,No,1,2676.13
CUST01964,60,Female,31,Basic,One Year,Auto Pay,None,Smartphone,2460.74,54149.36,14.09,1725.7,9,12,5.0,0,West,Manager_B,No,1,2460.74
CUST01965,39,Male,56,Family,Monthly,Debit Card,DSL,Laptop,657.24,16601.79,107.17,804.8,7,36,3.0,10,Central,Manager_C,No,1,657.24
CUST01966,68,Male,9,Family,One Year,Auto Pay,None,Router,2605.27,15674.56,145.96,1757.5,5,24,7.0,0,West,Manager_D,No,1,2605.27
CUST01967,41,Male,21,Basic,Monthly,Debit Card,None,Router,1895.91,33470.17,81.09,713.3,2,24,6.0,5,East,Manager_C,No,1,1895.91
CUST01968,24,Male,28,Premium,Two Year,Debit Card,None,Smartphone,2849.97,50962.57,75.28,434.2,9,12,6.0,15,West,Manager_C,No,1,2849.97
CUST01969,51,Male,62,Standard,One Year,Credit Card,5G,Tablet,1932.65,76246.26,28.91,692.8,8,12,1.0,5,West,Manager_B,No,1,1932.65
CUST01970,65,Female,7,Standard,Two Year,Net Banking,5G,Smartphone,1309.26,9737.46,95.43,1238.2,1,36,2.0,15,West,Manager_B,Yes,1,1309.26
CUST01971,29,Female,16,Family,Two Year,Auto Pay,None,Router,698.85,8271.56,88.98,765.9,6,12,6.0,10,West,Manager_C,No,1,698.85
CUST01972,40,Male,4,Family,One Year,UPI,Fiber,Smartphone,1622.66,8054.33,98.14,1362.1,2,36,8.0,5,North,Manager_A,No,1,1622.66
CUST01973,32,Female,4,Family,Two Year,Debit Card,Fiber,Smartphone,705.91,2074.92,4.89,512.0,5,36,5.0,20,Central,Manager_D,Yes,1,705.91
CUST01974,50,Male,40,Standard,Monthly,Net Banking,None,Router,1042.97,15871.07,82.76,1416.9,4,1,2.0,5,West,Manager_B,No,1,1042.97
CUST01975,30,Male,17,Standard,Monthly,Debit Card,DSL,Tablet,4446.81,56296.75,89.65,727.5,5,1,5.0,15,West,Manager_B,No,1,4446.81
CUST01976,40,Male,52,Basic,Monthly,Net Banking,DSL,Smartphone,2165.23,85411.44,31.92,938.9,7,12,9.0,15,North,Manager_D,No,1,2165.23
CUST01977,55,Female,52,Premium,One Year,Net Banking,5G,Smartphone,2533.86,94260.69,32.04,1137.6,2,36,6.0,0,South,Manager_B,Yes,1,2533.86
CUST01978,49,Male,36,Family,Two Year,UPI,DSL,Laptop,3969.2,77566.51,42.16,1388.1,1,12,5.0,5,North,Manager_C,No,1,3969.2
CUST01979,62,Male,38,Basic,Two Year,Net Banking,Fiber,Laptop,4481.39,115783.99,107.05,515.5,7,1,10.0,20,North,Manager_D,No,1,4481.39
CUST01980,67,Male,50,Standard,Two Year,UPI,None,Router,2747.4,89246.27,91.33,1680.1,0,1,6.0,10,North,Manager_A,No,1,2747.4
CUST01981,52,Male,63,Basic,Two Year,Credit Card,DSL,Router,3712.39,150499.16,127.02,1457.6,1,1,9.0,0,West,Manager_B,No,1,3712.39
CUST01982,18,Male,63,Standard,Monthly,Debit Card,None,Router,1673.15,70885.96,45.05,506.5,9,1,7.0,5,North,Manager_B,Yes,1,1673.15
CUST01983,64,Female,62,Premium,One Year,UPI,DSL,Laptop,1584.12,64732.22,136.9,1951.2,0,1,10.0,0,North,Manager_C,No,1,1584.12
CUST01984,62,Female,7,Standard,Monthly,Debit Card,5G,Router,1991.36,11836.3,111.81,1346.4,4,12,3.0,5,North,Manager_A,No,1,1991.36
CUST01985,22,Female,27,Basic,Monthly,Auto Pay,Fiber,Smartphone,3124.53,56524.44,59.86,932.2,7,12,10.0,10,West,Manager_B,No,1,3124.53
CUST01986,30,Male,14,Premium,One Year,Credit Card,5G,Smartphone,3165.21,23937.9,15.19,357.2,1,1,10.0,10,East,Manager_D,Yes,1,3165.21
CUST01987,22,Male,71,Standard,One Year,Auto Pay,None,Tablet,1624.01,73986.8,39.29,1089.8,3,12,5.0,20,East,Manager_D,No,1,1624.01
CUST01988,49,Male,5,Family,Monthly,Auto Pay,Fiber,Router,859.48,859.48,143.56,371.3,3,1,4.0,0,South,Manager_C,No,1,859.48
CUST01989,68,Male,55,Standard,Two Year,Net Banking,Fiber,Smartphone,2956.06,99806.45,47.24,887.5,10,1,5.0,20,West,Manager_C,No,1,2956.06
CUST01990,38,Female,2,Premium,One Year,Net Banking,5G,Smartphone,838.97,838.97,50.16,847.0,10,1,8.0,5,North,Manager_B,No,1,838.97
CUST01991,41,Male,62,Basic,One Year,Auto Pay,DSL,Tablet,2729.67,111771.02,29.25,1453.9,6,12,6.0,10,North,Manager_C,No,1,2729.67
CUST01992,35,Male,21,Premium,Monthly,Net Banking,5G,Smartphone,3212.37,52091.95,121.22,425.1,0,12,4.0,10,North,Manager_D,No,1,3212.37
CUST01993,38,Female,21,Basic,Two Year,Debit Card,None,Tablet,3242.57,42718.19,42.07,1652.6,8,36,5.0,15,East,Manager_C,No,1,3242.57
CUST01994,27,Male,10,Standard,One Year,Net Banking,DSL,Tablet,3464.58,19310.05,50.21,686.0,2,12,7.0,15,North,Manager_D,No,1,3464.58
CUST01995,41,Other,58,Standard,Monthly,Auto Pay,5G,Laptop,3966.01,147445.95,62.74,915.8,5,12,8.0,20,North,Manager_B,No,1,3966.01
CUST01996,57,Male,39,Premium,One Year,Net Banking,5G,Smartphone,2399.83,62548.26,65.63,1556.1,9,24,5.0,0,East,Manager_D,Yes,1,2399.83
CUST01997,64,Female,5,Family,Two Year,Net Banking,DSL,Laptop,3367.05,17119.8,62.29,1269.5,4,1,2.0,5,North,Manager_C,Yes,1,3367.05
CUST01998,38,Male,65,Standard,Monthly,UPI,DSL,Smartphone,2900.53,135703.05,76.06,650.6,3,1,6.0,20,South,Manager_D,No,1,2900.53
CUST01999,42,Other,13,Family,Monthly,UPI,DSL,Laptop,1083.89,10820.71,122.36,803.1,8,12,9.0,10,Central,Manager_D,Yes,1,1083.89
CUST02000,69,Male,53,Family,Two Year,Auto Pay,5G,Tablet,407.9,15112.44,123.07,646.3,10,12,3.0,10,South,Manager_A,Yes,1,407.9
CUST02001,40,Female,45,Premium,Monthly,Debit Card,DSL,Tablet,1495.07,42134.73,119.95,1209.8,8,36,7.0,10,West,Manager_A,No,1,1495.07
CUST02002,39,Male,32,Standard,Two Year,Credit Card,DSL,Tablet,2160.74,44212.95,16.07,698.6,0,24,8.0,5,South,Manager_B,No,1,2160.74
CUST02003,21,Female,36,Family,Monthly,Credit Card,DSL,Tablet,2891.84,72550.04,120.15,1465.1,6,1,6.0,20,South,Manager_D,No,1,2891.84
CUST02004,51,Male,60,Standard,Two Year,Auto Pay,Fiber,Smartphone,3869.83,153218.82,18.92,1180.6,9,1,3.0,5,East,Manager_D,Yes,1,3869.83
CUST02005,23,Male,11,Basic,One Year,Debit Card,None,Router,1124.23,7432.94,19.58,334.1,8,12,1.0,10,West,Manager_D,No,1,1124.23
CUST02006,45,Female,63,Family,One Year,Debit Card,DSL,Smartphone,827.31,34620.28,142.23,655.0,4,12,3.0,15,South,Manager_A,No,1,827.31
CUST02007,48,Female,21,Premium,One Year,Debit Card,None,Laptop,4346.62,57898.54,123.09,481.8,0,24,6.0,20,Central,Manager_D,No,1,4346.62
CUST02008,52,Male,52,Premium,Monthly,UPI,DSL,Smartphone,753.79,25756.49,83.31,811.1,7,1,4.0,15,South,Manager_A,Yes,1,753.79
CUST02009,56,Female,55,Family,Two Year,Auto Pay,DSL,Smartphone,2309.66,74590.5,131.37,1056.2,4,24,1.0,20,North,Manager_B,No,1,2309.66
CUST02010,59,Male,26,Standard,Two Year,Credit Card,Fiber,Laptop,2759.37,50573.26,148.42,1038.2,5,1,6.0,10,East,Manager_D,No,1,2759.37
CUST02011,40,Female,68,Basic,One Year,Debit Card,Fiber,Tablet,2573.77,128436.43,91.99,1521.3,6,12,1.0,15,North,Manager_D,No,1,2573.77
CUST02012,23,Female,34,Basic,One Year,Auto Pay,DSL,Laptop,661.34,12230.16,92.32,418.9,9,24,8.0,15,West,Manager_C,No,1,661.34
CUST02013,33,Male,52,Premium,One Year,Credit Card,DSL,Laptop,539.51,20572.2,113.41,1895.6,6,36,3.0,20,West,Manager_A,No,1,539.51
CUST02014,19,Female,52,Premium,Two Year,UPI,DSL,Router,743.03,30016.25,35.59,718.5,6,12,3.0,15,East,Manager_C,Yes,1,743.03
CUST02015,41,Female,29,Standard,One Year,Net Banking,None,Router,2759.47,59750.83,25.9,635.5,0,36,1.0,15,South,Manager_B,No,1,2759.47
CUST02016,34,Male,38,Premium,Monthly,Credit Card,DSL,Tablet,2586.25,64196.73,114.18,1386.1,6,36,3.0,10,West,Manager_A,No,1,2586.25
CUST02017,62,Female,42,Standard,One Year,Credit Card,None,Laptop,1281.71,26871.29,52.39,1620.8,10,36,7.0,20,Central,Manager_D,No,1,1281.71
CUST02018,18,Male,21,Family,One Year,Credit Card,Fiber,Laptop,2978.65,43037.26,21.13,788.0,2,1,10.0,20,East,Manager_D,No,1,2978.65
CUST02019,23,Female,42,Basic,Two Year,Net Banking,None,Laptop,3744.28,105482.98,47.92,1506.4,4,36,8.0,0,North,Manager_D,No,1,3744.28
CUST02020,22,Female,13,Family,Monthly,Debit Card,DSL,Smartphone,474.63,2385.13,54.44,1773.3,9,1,8.0,20,Central,Manager_D,No,1,474.63
CUST02021,62,Male,64,Premium,Two Year,Net Banking,Fiber,Router,2392.15,101397.51,144.82,1545.3,4,24,3.0,10,East,Manager_B,No,1,2392.15
CUST02022,67,Female,17,Basic,Monthly,Credit Card,5G,Router,3195.1,36929.54,105.0,116.7,7,12,5.0,15,Central,Manager_D,No,1,3195.1
CUST02023,46,Female,9,Basic,Monthly,UPI,Fiber,Tablet,1359.71,9967.07,80.1,1663.4,6,1,1.0,0,East,Manager_D,No,1,1359.71
CUST02024,29,Female,41,Family,One Year,Credit Card,5G,Router,1592.64,45131.21,145.36,1560.2,6,1,9.0,15,North,Manager_D,No,1,1592.64
CUST02025,56,Male,1,Standard,One Year,UPI,None,Router,2877.28,2877.28,135.57,1355.1,5,24,8.0,20,South,Manager_C,No,1,2877.28
CUST02026,64,Male,2,Basic,Two Year,Auto Pay,Fiber,Tablet,4071.33,7349.83,77.29,1532.0,6,24,10.0,5,East,Manager_B,Yes,1,4071.33
CUST02027,20,Female,60,Standard,Two Year,UPI,Fiber,Laptop,3701.68,146642.05,135.95,1959.9,6,12,2.0,15,West,Manager_A,No,1,3701.68
CUST02028,65,Male,48,Family,Two Year,Credit Card,Fiber,Smartphone,2749.15,91182.93,61.24,890.7,4,24,10.0,20,North,Manager_B,No,1,2749.15
CUST02029,18,Male,29,Family,Monthly,Net Banking,None,Tablet,3366.93,61956.77,35.33,181.1,4,1,1.0,10,North,Manager_B,No,1,3366.93
CUST02030,44,Female,10,Standard,Two Year,Credit Card,DSL,Router,1832.25,12580.29,35.67,948.7,3,12,4.0,20,Central,Manager_B,No,1,1832.25
CUST02031,65,Male,58,Family,Monthly,Credit Card,None,Tablet,2992.06,107574.29,99.69,140.5,3,12,9.0,0,West,Manager_D,No,1,2992.06
CUST02032,41,Female,60,Basic,Monthly,Auto Pay,Fiber,Router,2257.96,88468.85,75.66,623.8,4,12,8.0,5,Central,Manager_C,No,1,2257.96
CUST02033,61,Female,21,Family,Monthly,Debit Card,DSL,Laptop,1097.73,18205.66,99.18,1194.4,9,36,3.0,5,North,Manager_C,No,1,1097.73
CUST02034,36,Female,28,Family,Monthly,Credit Card,Fiber,Laptop,3247.3,55447.59,103.23,653.8,8,36,10.0,5,East,Manager_C,No,1,3247.3
CUST02035,25,Male,34,Basic,Monthly,Auto Pay,Fiber,Laptop,,58174.9,4.33,1386.5,10,1,6.0,10,West,Manager_C,No,1,2637.15
CUST02036,61,Male,8,Standard,One Year,Net Banking,5G,Router,1806.21,1806.21,9.05,1652.9,5,36,9.0,5,North,Manager_A,No,1,1806.21
CUST02037,64,Male,59,Family,Monthly,Auto Pay,Fiber,Tablet,4127.62,155512.68,80.37,869.9,7,24,10.0,15,West,Manager_C,Yes,1,4127.62
CUST02038,19,Female,72,Standard,Monthly,Auto Pay,None,Router,387.92,13087.79,29.46,1805.3,8,12,8.0,10,East,Manager_D,No,1,387.92
CUST02039,47,Male,49,Basic,One Year,UPI,None,Laptop,1626.25,53632.92,95.25,205.7,3,1,10.0,20,South,Manager_D,No,1,1626.25
CUST02040,47,Female,17,Standard,One Year,Debit Card,None,Laptop,538.9,7774.58,83.28,1688.2,6,24,5.0,0,Central,Manager_C,No,1,538.9
CUST02041,66,Female,60,Standard,One Year,Debit Card,DSL,Laptop,3519.41,140496.12,88.28,1665.7,4,12,9.0,10,Central,Manager_A,No,1,3519.41
CUST02042,56,Female,45,Premium,Two Year,Net Banking,5G,Router,3248.85,95552.53,46.07,677.9,3,24,9.0,0,North,Manager_C,No,1,3248.85
CUST02043,62,Male,69,Premium,Two Year,Auto Pay,5G,Smartphone,1691.68,75921.77,96.34,632.5,6,36,3.0,10,North,Manager_D,Yes,1,1691.68
CUST02044,49,Male,32,Family,Monthly,Net Banking,Fiber,Laptop,3137.78,70519.54,124.59,644.9,2,24,8.0,20,East,Manager_D,No,1,3137.78
CUST02045,18,Female,44,Premium,Monthly,Net Banking,Fiber,Tablet,1962.94,58643.67,149.71,1632.2,0,36,4.0,0,North,Manager_D,No,1,1962.94
CUST02046,55,Male,65,Premium,Monthly,Debit Card,5G,Laptop,3476.27,148968.64,125.93,1671.7,6,24,,10,North,Manager_B,No,1,3476.27
CUST02047,30,Male,8,Premium,Monthly,Debit Card,DSL,Router,2207.57,18240.2,84.07,693.0,8,1,7.0,0,North,Manager_D,Yes,1,2207.57
CUST02048,28,Male,72,Standard,One Year,Debit Card,None,Tablet,2031.57,107265.24,29.82,1205.6,1,36,10.0,5,West,Manager_C,No,1,2031.57
CUST02049,27,Female,43,Standard,Two Year,Credit Card,Fiber,Router,4225.87,114912.89,102.54,320.9,6,36,8.0,5,West,Manager_D,No,1,4225.87
CUST02050,65,Female,1,Premium,One Year,Auto Pay,5G,Smartphone,1353.69,3515.01,140.71,964.1,9,12,7.0,5,South,Manager_A,No,1,1353.69
CUST02051,43,Female,51,Basic,Two Year,Net Banking,DSL,Smartphone,805.88,42849.37,32.57,1997.6,1,36,5.0,15,West,Manager_B,No,1,805.88
CUST02052,37,Female,24,Premium,One Year,Auto Pay,None,Router,2755.08,45482.31,39.14,359.7,2,12,1.0,5,Central,Manager_A,No,1,2755.08
CUST02053,34,Male,24,Basic,Monthly,Net Banking,Fiber,Laptop,4371.15,70515.61,23.2,1897.7,9,36,8.0,5,South,Manager_D,No,1,4371.15
CUST02054,34,Female,17,Standard,Two Year,Net Banking,None,Tablet,1886.92,21106.42,110.77,1657.3,9,36,5.0,20,North,Manager_B,No,1,1886.92
CUST02055,21,Male,5,Basic,Monthly,Net Banking,None,Laptop,560.55,4319.41,61.58,1945.8,2,36,3.0,0,Central,Manager_B,No,1,560.55
CUST02056,22,Female,20,Standard,Two Year,Net Banking,5G,Router,1725.08,26775.56,10.34,400.2,3,36,2.0,0,South,Manager_B,No,1,1725.08
CUST02057,40,Male,21,Basic,Two Year,UPI,5G,Router,2424.91,27724.91,131.37,466.4,5,12,3.0,5,South,Manager_D,No,1,2424.91
CUST02058,63,Male,58,Standard,Monthly,UPI,None,Laptop,980.08,37764.01,84.09,82.9,2,1,9.0,0,Central,Manager_A,No,1,980.08
CUST02059,69,Female,31,Standard,Monthly,Credit Card,None,Tablet,3064.03,51975.8,50.33,1463.2,8,24,2.0,10,South,Manager_D,No,1,3064.03
CUST02060,27,Male,11,Premium,Monthly,Debit Card,Fiber,Tablet,4490.55,31884.12,52.25,1306.0,1,36,10.0,5,Central,Manager_B,Yes,1,4490.55
CUST02061,63,Female,52,Family,One Year,Net Banking,DSL,Tablet,2197.31,71659.97,44.25,397.2,6,36,1.0,5,South,Manager_D,No,1,2197.31
CUST02062,45,Male,15,Family,Two Year,Auto Pay,DSL,Tablet,1789.86,19594.49,68.87,1592.7,5,1,2.0,15,South,Manager_B,No,1,1789.86
CUST02063,50,Male,7,Standard,Two Year,UPI,None,Tablet,1982.96,1982.96,51.22,633.4,1,12,2.0,10,South,Manager_B,Yes,1,1982.96
CUST02064,60,Male,28,Premium,Two Year,Debit Card,5G,Smartphone,783.61,12065.8,82.64,313.2,10,24,5.0,5,Central,Manager_B,Yes,1,783.61
CUST02065,43,Female,51,Family,Monthly,Credit Card,DSL,Smartphone,4009.75,141164.22,116.25,874.0,2,1,1.0,5,South,Manager_D,No,1,4009.75
CUST02066,67,Male,58,Family,Two Year,Debit Card,None,Router,2042.27,75586.11,101.49,227.4,5,1,10.0,0,West,Manager_D,Yes,1,2042.27
CUST02067,65,Female,5,Premium,Two Year,Net Banking,5G,Smartphone,1926.55,1926.55,44.87,563.3,9,1,8.0,5,West,Manager_B,Yes,1,1926.55
CUST02068,46,Male,5,Premium,Monthly,Debit Card,Fiber,Tablet,3070.7,11523.33,79.78,774.1,3,1,2.0,5,West,Manager_C,Yes,1,3070.7
CUST02069,44,Male,8,Family,Monthly,Net Banking,DSL,Tablet,2156.54,8568.9,126.18,1711.1,0,36,6.0,5,West,Manager_A,No,1,2156.54
CUST02070,35,Male,64,Family,Two Year,UPI,Fiber,Tablet,3022.58,128033.99,11.16,1595.5,0,24,5.0,5,West,Manager_B,No,1,3022.58
CUST02071,57,Female,10,Basic,One Year,UPI,5G,Router,558.07,558.07,12.67,913.4,2,36,2.0,15,North,Manager_B,No,1,558.07
CUST02072,27,Female,38,Basic,Monthly,Net Banking,None,Router,3717.64,104052.2,83.87,1462.9,7,1,10.0,10,South,Manager_B,No,1,3717.64
CUST02073,59,Male,8,Standard,One Year,Auto Pay,Fiber,Laptop,4250.12,14876.94,96.23,1158.9,10,24,1.0,15,East,Manager_B,Yes,1,4250.12
CUST02074,22,Female,25,Family,One Year,UPI,None,Smartphone,3024.81,64580.98,32.5,714.6,3,1,6.0,0,North,Manager_B,No,1,3024.81
CUST02075,27,Female,66,Premium,One Year,Auto Pay,DSL,Smartphone,4309.18,187650.74,112.04,1465.5,10,12,6.0,20,Central,Manager_C,No,1,4309.18
CUST02076,67,Male,50,Premium,One Year,Net Banking,Fiber,Laptop,936.02,32117.9,97.29,1382.8,0,1,3.0,5,North,Manager_D,No,1,936.02
CUST02077,38,Female,67,Family,Monthly,Net Banking,DSL,Laptop,2305.15,100089.38,138.57,1257.2,7,1,8.0,0,East,Manager_C,No,1,2305.15
CUST02078,41,Male,49,Standard,Two Year,UPI,DSL,Smartphone,2827.59,89284.77,26.17,1255.0,9,12,9.0,20,North,Manager_B,No,1,2827.59
CUST02079,55,Female,36,Premium,Two Year,Auto Pay,DSL,Tablet,2743.29,61914.81,112.95,1381.8,5,36,3.0,5,South,Manager_B,No,1,2743.29
CUST02080,20,Female,68,Family,Monthly,Net Banking,DSL,Smartphone,1986.14,93044.64,13.46,799.9,0,24,9.0,5,West,Manager_B,No,1,1986.14
CUST02081,57,Male,41,Family,Monthly,UPI,DSL,Tablet,1719.95,39957.97,85.23,1744.7,9,1,8.0,20,South,Manager_D,Yes,1,1719.95
CUST02082,48,Male,62,Standard,One Year,Net Banking,5G,Router,832.66,36237.16,83.23,366.5,9,1,5.0,15,North,Manager_A,No,1,832.66
CUST02083,58,Other,10,Family,One Year,Debit Card,Fiber,Smartphone,1945.32,2046.34,58.87,1773.6,5,12,6.0,20,East,Manager_A,No,1,1945.32
CUST02084,54,Female,21,Premium,Monthly,Debit Card,None,Smartphone,983.18,15132.16,126.84,717.4,0,24,1.0,20,Central,Manager_C,No,1,983.18
CUST02085,19,Female,36,Basic,Two Year,UPI,None,Router,3384.34,85469.87,1.65,293.8,9,12,5.0,10,South,Manager_C,Yes,1,3384.34
CUST02086,19,Male,12,Standard,One Year,Net Banking,5G,Router,1177.09,3044.12,78.51,1220.1,9,1,10.0,5,East,Manager_A,Yes,1,1177.09
CUST02087,56,Male,2,Family,Monthly,UPI,None,Router,545.97,4121.67,33.36,783.2,2,36,10.0,5,Central,Manager_B,No,1,545.97
CUST02088,66,Male,13,Standard,Monthly,Credit Card,None,Router,2619.94,22963.07,111.78,1640.2,1,36,7.0,15,West,Manager_D,No,1,2619.94
CUST02089,59,Male,53,Family,Monthly,UPI,None,Router,2799.96,106924.05,7.42,890.0,3,24,1.0,15,South,Manager_C,No,1,2799.96
CUST02090,61,Female,32,Basic,One Year,UPI,Fiber,Laptop,3962.03,80247.27,124.9,1353.7,1,1,10.0,10,South,Manager_D,No,1,3962.03
CUST02091,51,Female,16,Standard,Monthly,Debit Card,None,Laptop,2723.32,43128.68,125.88,651.1,10,12,9.0,10,West,Manager_B,No,1,2723.32
CUST02092,59,Female,32,Family,Two Year,Debit Card,Fiber,Router,1751.02,25401.18,125.1,458.4,4,1,7.0,10,West,Manager_B,Yes,1,1751.02
CUST02093,37,Male,32,Basic,Monthly,Net Banking,None,Router,3672.65,76702.35,23.73,806.7,3,12,4.0,15,North,Manager_C,No,1,3672.65
CUST02094,50,Female,11,Premium,One Year,UPI,None,Router,2569.17,10347.73,94.93,1233.3,5,12,4.0,20,Central,Manager_A,No,1,2569.17
CUST02095,21,Female,10,Family,Two Year,UPI,Fiber,Router,632.98,13475.14,3.14,1331.0,6,24,10.0,5,East,Manager_A,No,1,632.98
CUST02096,62,Female,15,Basic,Two Year,Net Banking,5G,Tablet,2676.57,25457.2,127.35,1177.5,1,12,7.0,5,West,Manager_A,No,1,2676.57
CUST02097,61,Female,17,Basic,Monthly,Auto Pay,None,Tablet,4113.68,45763.28,108.72,1976.7,1,24,6.0,0,North,Manager_B,No,1,4113.68
CUST02098,28,Female,40,Standard,Monthly,Net Banking,DSL,Router,1964.51,54603.12,80.14,1397.6,7,36,3.0,15,Central,Manager_B,No,1,1964.51
CUST02099,59,Female,18,Family,Two Year,Debit Card,DSL,Router,1544.57,18510.81,109.86,1866.5,8,24,9.0,15,Central,Manager_D,Yes,1,1544.57
CUST02100,64,Male,55,Premium,Monthly,Debit Card,5G,Smartphone,902.57,30125.43,15.05,280.0,4,24,6.0,10,South,Manager_D,Yes,1,902.57
CUST02101,22,Male,25,Family,One Year,UPI,DSL,Router,936.07,9317.93,79.77,169.7,6,24,2.0,0,North,Manager_D,Yes,1,936.07
CUST02102,42,Female,59,Basic,Two Year,Debit Card,Fiber,Router,2117.64,84136.41,44.4,656.4,8,36,10.0,0,North,Manager_B,No,1,2117.64
CUST02103,66,Male,22,Premium,Monthly,Net Banking,None,Laptop,2801.86,42988.11,145.92,316.3,0,24,2.0,15,South,Manager_A,No,1,2801.86
CUST02104,54,Male,30,Basic,Two Year,UPI,None,Tablet,638.58,16248.49,128.71,1075.4,7,12,1.0,10,East,Manager_B,No,1,638.58
CUST02105,51,Male,44,Standard,Monthly,Net Banking,None,Router,4246.19,134118.54,110.26,1062.0,9,12,5.0,5,West,Manager_D,No,1,4246.19
CUST02106,26,Female,32,Family,Monthly,Net Banking,None,Tablet,3471.56,63191.1,140.13,1171.3,9,24,10.0,10,South,Manager_D,No,1,3471.56
CUST02107,23,Other,51,Basic,One Year,UPI,DSL,Tablet,2763.82,93631.29,52.68,1503.2,8,12,6.0,5,West,Manager_D,Yes,1,2763.82
CUST02108,35,Male,46,Basic,Monthly,Auto Pay,DSL,Smartphone,3779.44,121861.52,135.23,1944.1,8,24,3.0,15,North,Manager_D,No,1,3779.44
CUST02109,31,Female,21,Family,Monthly,Debit Card,DSL,Tablet,636.78,8292.31,49.46,1762.6,9,36,4.0,10,South,Manager_C,No,1,636.78
CUST02110,36,Female,32,Premium,Monthly,Credit Card,Fiber,Tablet,2302.72,37433.83,110.19,280.8,6,12,5.0,0,East,Manager_D,No,1,2302.72
CUST02111,31,Male,39,Basic,One Year,Credit Card,DSL,Router,2946.39,70150.94,110.73,710.1,9,24,4.0,20,West,Manager_B,No,1,2946.39
CUST02112,57,Male,12,Family,Monthly,Credit Card,DSL,Laptop,3780.34,31885.57,3.73,548.9,2,1,9.0,0,West,Manager_C,Yes,1,3780.34
CUST02113,34,Female,47,Standard,Monthly,Debit Card,None,Router,3590.57,113965.51,54.8,394.8,4,36,3.0,5,West,Manager_A,No,1,3590.57
CUST02114,52,Male,18,Standard,Monthly,Auto Pay,DSL,Router,1463.69,20926.88,3.9,1112.2,1,1,5.0,15,North,Manager_B,No,1,1463.69
CUST02115,46,Female,21,Family,Two Year,Net Banking,5G,Laptop,4251.7,55618.76,149.57,1128.9,10,24,7.0,10,West,Manager_B,No,1,4251.7
CUST02116,59,Female,13,Basic,One Year,UPI,5G,Laptop,822.25,8425.58,19.21,493.1,9,12,7.0,15,Central,Manager_A,No,1,822.25
CUST02117,34,Male,21,Family,Two Year,Auto Pay,None,Smartphone,3975.56,50928.52,81.88,1438.2,2,24,6.0,15,West,Manager_B,No,1,3975.56
CUST02118,60,Female,8,Family,One Year,Credit Card,DSL,Laptop,4377.95,24648.86,118.79,1479.2,9,12,9.0,5,North,Manager_C,Yes,1,4377.95
CUST02119,25,Male,46,Basic,One Year,Debit Card,5G,Router,1044.04,32283.29,30.99,90.9,6,24,7.0,15,South,Manager_A,Yes,1,1044.04
CUST02120,18,Male,7,Premium,Two Year,Debit Card,5G,Laptop,3332.68,11448.21,73.27,821.7,0,24,4.0,10,West,Manager_C,No,1,3332.68
CUST02121,62,Male,23,Premium,One Year,UPI,Fiber,Laptop,469.2,14985.32,91.51,1785.8,2,12,10.0,0,West,Manager_D,Yes,1,469.2
CUST02122,70,Male,22,Standard,One Year,Net Banking,None,Laptop,2002.78,20845.93,24.87,1064.6,4,12,9.0,15,South,Manager_A,No,1,2002.78
CUST02123,53,Female,22,Premium,Two Year,Auto Pay,5G,Tablet,2468.39,35494.95,117.0,727.9,10,24,6.0,10,Central,Manager_C,No,1,2468.39
CUST02124,24,Female,29,Family,Monthly,Auto Pay,5G,Smartphone,2738.71,48733.87,45.6,544.7,3,1,1.0,10,North,Manager_D,No,1,2738.71
CUST02125,63,Female,13,Basic,One Year,Auto Pay,None,Tablet,4230.94,45839.16,32.44,524.5,2,36,9.0,5,South,Manager_C,Yes,1,4230.94
CUST02126,22,Male,2,Standard,Two Year,Net Banking,DSL,Tablet,3123.45,7156.59,84.19,244.5,5,1,7.0,15,North,Manager_C,No,1,3123.45
CUST02127,41,Female,29,Premium,One Year,Net Banking,None,Smartphone,2321.37,41633.27,62.14,1643.6,5,1,6.0,5,South,Manager_B,No,1,2321.37
CUST02128,45,Female,52,Family,Two Year,Net Banking,Fiber,Tablet,3700.64,126890.28,138.12,219.0,3,1,6.0,0,East,Manager_D,Yes,1,3700.64
CUST02129,60,Female,27,Standard,Monthly,UPI,Fiber,Laptop,4292.24,86566.61,132.13,620.0,8,1,4.0,0,Central,Manager_B,No,1,4292.24
CUST02130,34,Female,50,Basic,One Year,Debit Card,Fiber,Smartphone,392.68,8357.96,73.02,139.1,10,12,4.0,10,East,Manager_D,No,1,392.68
CUST02131,54,Male,23,Premium,Monthly,Credit Card,5G,Tablet,4426.59,59052.14,54.53,1573.7,5,1,3.0,15,South,Manager_D,No,1,4426.59
CUST02132,37,Male,44,Family,Monthly,Net Banking,DSL,Router,661.75,20866.37,49.5,126.6,8,36,8.0,10,South,Manager_B,No,1,661.75
CUST02133,20,Male,22,Basic,Two Year,Debit Card,Fiber,Tablet,3720.42,56134.36,40.87,651.2,10,12,8.0,15,North,Manager_B,Yes,1,3720.42
CUST02134,54,Female,43,Family,One Year,Net Banking,None,Router,1477.41,45682.59,82.14,1167.9,9,1,2.0,5,South,Manager_B,No,1,1477.41
CUST02135,43,Female,37,Family,One Year,Credit Card,Fiber,Laptop,855.15,24456.83,120.94,848.6,9,12,5.0,0,North,Manager_D,No,1,855.15
CUST02136,32,Male,61,Family,One Year,Net Banking,5G,Router,2147.39,96180.72,47.3,600.4,1,1,9.0,0,North,Manager_D,No,1,2147.39
CUST02137,68,Male,56,Basic,One Year,Debit Card,Fiber,Tablet,3004.62,103581.79,29.32,586.6,5,1,9.0,5,South,Manager_D,No,1,3004.62
CUST02138,65,Male,3,Standard,One Year,UPI,DSL,Tablet,1900.0,1900.0,71.85,1605.7,3,36,7.0,20,North,Manager_D,No,1,1900.0
CUST02139,25,Female,63,Family,Two Year,Credit Card,Fiber,Tablet,529.17,25536.16,11.29,1949.3,1,12,4.0,20,Central,Manager_D,No,1,529.17
CUST02140,30,Male,19,Standard,One Year,Debit Card,DSL,Smartphone,2817.74,30163.25,105.49,728.7,4,12,4.0,20,East,Manager_D,No,1,2817.74
CUST02141,65,Male,23,Standard,Monthly,Auto Pay,DSL,Smartphone,4090.09,55431.77,78.24,126.3,2,24,10.0,15,South,Manager_C,No,1,4090.09
CUST02142,20,Male,29,Premium,Monthly,Auto Pay,None,Tablet,1909.5,46246.22,74.96,121.3,5,1,7.0,5,North,Manager_B,No,1,1909.5
CUST02143,18,Female,30,Premium,One Year,Auto Pay,DSL,Tablet,1208.6,16072.29,45.77,1530.5,10,1,3.0,15,North,Manager_D,No,1,1208.6
CUST02144,26,Female,39,Standard,Two Year,UPI,5G,Laptop,2158.82,54372.96,135.8,1127.1,7,36,3.0,15,North,Manager_C,No,1,2158.82
CUST02145,48,Female,25,Premium,Two Year,Net Banking,5G,Smartphone,503.12,8088.5,14.48,1578.0,3,36,5.0,5,North,Manager_A,Yes,1,503.12
CUST02146,58,Male,8,Premium,One Year,Net Banking,DSL,Smartphone,3746.05,26524.62,130.6,1410.1,3,12,6.0,15,Central,Manager_C,No,1,3746.05
CUST02147,43,Male,58,Standard,Monthly,Net Banking,DSL,Smartphone,3770.63,136453.68,57.13,1819.6,4,36,8.0,5,South,Manager_B,No,1,3770.63
CUST02148,34,Male,16,Basic,One Year,UPI,Fiber,Router,2769.6,31619.78,132.21,1777.4,5,12,1.0,20,South,Manager_A,Yes,1,2769.6
CUST02149,51,Male,72,Premium,One Year,Auto Pay,Fiber,Tablet,1783.03,81133.55,109.59,1587.2,10,1,7.0,20,Central,Manager_D,No,1,1783.03
CUST02150,26,Male,1,Premium,One Year,Net Banking,None,Laptop,3659.09,5577.45,16.52,976.6,6,1,8.0,15,Central,Manager_B,No,1,3659.09
CUST02151,68,Male,5,Basic,Two Year,UPI,Fiber,Laptop,2629.69,4231.59,124.9,650.8,5,12,5.0,0,Central,Manager_A,No,1,2629.69
CUST02152,30,Female,3,Basic,Two Year,UPI,5G,Tablet,3768.92,15399.37,102.64,1038.7,6,36,10.0,5,South,Manager_C,No,1,3768.92
CUST02153,22,Male,65,Basic,Monthly,Debit Card,Fiber,Tablet,2952.13,123420.78,5.81,1029.0,8,36,2.0,10,West,Manager_A,No,1,2952.13
CUST02154,58,Male,4,Standard,Monthly,Net Banking,None,Laptop,3594.5,3594.5,20.92,1240.0,3,12,4.0,10,East,Manager_B,Yes,1,3594.5
CUST02155,30,Female,64,Basic,One Year,Auto Pay,None,Router,2813.96,116118.05,95.71,412.9,9,1,6.0,15,Central,Manager_A,Yes,1,2813.96
CUST02156,18,Female,10,Standard,Monthly,Credit Card,DSL,Laptop,2039.39,12289.43,99.73,1328.5,0,12,9.0,0,Central,Manager_C,No,1,2039.39
CUST02157,42,Female,21,Family,One Year,UPI,None,Router,4323.37,65938.95,112.25,940.4,8,36,2.0,5,South,Manager_A,No,1,4323.37
CUST02158,64,Female,46,Family,Monthly,Debit Card,DSL,Router,2572.68,72603.45,108.32,1259.4,6,12,4.0,20,South,Manager_C,No,1,2572.68
CUST02159,21,Male,27,Basic,One Year,Credit Card,5G,Smartphone,2841.38,44951.61,99.27,517.2,3,1,10.0,15,East,Manager_A,No,1,2841.38
CUST02160,53,Female,66,Basic,Two Year,UPI,5G,Tablet,1226.05,58749.09,115.17,897.1,9,24,5.0,5,North,Manager_C,No,1,1226.05
CUST02161,69,Female,41,Family,One Year,Debit Card,Fiber,Smartphone,2927.73,73148.49,86.69,459.9,7,12,8.0,5,South,Manager_C,No,1,2927.73
CUST02162,27,Male,13,Standard,Two Year,Net Banking,None,Router,2700.75,22511.58,39.86,1756.8,6,24,8.0,5,East,Manager_C,Yes,1,2700.75
CUST02163,45,Male,9,Standard,Two Year,Debit Card,5G,Laptop,1076.32,5664.66,136.94,1001.5,1,12,2.0,0,South,Manager_D,No,1,1076.32
CUST02164,23,Female,36,Basic,Monthly,UPI,DSL,Smartphone,550.27,14294.38,3.71,488.7,0,36,6.0,5,South,Manager_C,Yes,1,550.27
CUST02165,44,Male,58,Basic,Monthly,Net Banking,None,Laptop,2838.31,105998.75,55.62,130.4,8,36,6.0,0,South,Manager_B,No,1,2838.31
CUST02166,29,Male,54,Basic,Two Year,Auto Pay,None,Router,3507.51,121635.39,109.6,1367.7,6,24,5.0,0,West,Manager_C,Yes,1,3507.51
CUST02167,69,Male,12,Family,One Year,Debit Card,DSL,Laptop,2498.29,21660.79,64.65,468.6,9,12,8.0,5,West,Manager_D,No,1,2498.29
CUST02168,65,Male,14,Premium,One Year,Credit Card,None,Smartphone,1252.45,7209.55,4.7,1979.7,0,36,10.0,20,Central,Manager_D,No,1,1252.45
CUST02169,20,Male,34,Basic,Monthly,Net Banking,None,Router,3099.39,63452.99,10.83,1090.7,3,24,2.0,5,West,Manager_B,No,1,3099.39
CUST02170,63,Male,53,Standard,One Year,Net Banking,5G,Tablet,636.44,28626.55,97.65,613.5,4,24,2.0,20,East,Manager_C,No,1,636.44
CUST02171,50,Male,20,Premium,One Year,Auto Pay,DSL,Smartphone,2155.7,31183.14,144.76,1332.5,4,12,7.0,15,South,Manager_D,No,1,2155.7
CUST02172,27,Male,16,Standard,One Year,Debit Card,5G,Smartphone,986.14,19356.34,83.23,586.7,4,36,9.0,10,West,Manager_D,No,1,986.14
CUST02173,48,Female,70,Premium,Two Year,Credit Card,DSL,Tablet,1074.73,54073.9,76.51,1649.5,10,24,3.0,15,South,Manager_A,No,1,1074.73
CUST02174,32,Male,56,Family,Two Year,Auto Pay,Fiber,Router,1149.63,36578.8,48.43,651.1,2,1,7.0,0,North,Manager_A,No,1,1149.63
CUST02175,24,Female,58,Premium,One Year,Debit Card,None,Tablet,1924.17,74883.09,39.25,1977.1,4,1,3.0,15,Central,Manager_B,Yes,1,1924.17
CUST02176,53,Female,4,Standard,Monthly,Credit Card,None,Smartphone,514.83,514.83,4.13,1230.0,3,36,6.0,10,West,Manager_A,Yes,1,514.83
CUST02177,31,Female,4,Premium,One Year,Credit Card,5G,Router,1970.73,1970.73,41.67,1696.6,4,36,3.0,10,South,Manager_C,No,1,1970.73
CUST02178,65,Female,20,Family,Monthly,UPI,None,Laptop,2449.17,30419.6,67.92,192.0,6,1,1.0,20,North,Manager_A,Yes,1,2449.17
CUST02179,31,Male,10,Standard,Two Year,Credit Card,None,Smartphone,2329.84,20439.93,30.49,729.2,4,24,6.0,15,Central,Manager_D,No,1,2329.84
CUST02180,20,Male,24,Basic,One Year,Debit Card,5G,Laptop,1907.69,31897.6,14.01,1488.1,7,12,3.0,0,Central,Manager_B,No,1,1907.69
CUST02181,66,Female,26,Premium,One Year,Auto Pay,5G,Tablet,3824.42,59335.48,107.94,1327.4,7,24,1.0,0,North,Manager_A,Yes,1,3824.42
CUST02182,70,Male,37,Standard,Monthly,Auto Pay,DSL,Router,910.37,20044.09,134.3,428.8,2,36,5.0,20,West,Manager_B,No,1,910.37
CUST02183,63,Female,54,Premium,Monthly,UPI,Fiber,Tablet,2423.93,86547.15,140.58,744.6,4,36,8.0,20,West,Manager_C,No,1,2423.93
CUST02184,67,Female,21,Family,One Year,Debit Card,5G,Laptop,560.57,560.57,93.08,563.7,3,12,8.0,15,South,Manager_C,No,1,560.57
CUST02185,20,Male,38,Standard,One Year,Credit Card,DSL,Smartphone,598.85,18736.73,8.86,1246.1,4,24,8.0,20,East,Manager_A,No,1,598.85
CUST02186,39,Female,46,Basic,Monthly,UPI,5G,Router,2710.24,81970.35,111.39,721.9,7,12,3.0,10,South,Manager_A,No,1,2710.24
CUST02187,36,Female,4,Basic,Two Year,Net Banking,DSL,Tablet,2677.28,2677.28,17.4,652.7,3,24,8.0,0,South,Manager_A,No,1,2677.28
CUST02188,52,Male,60,Premium,Monthly,Debit Card,Fiber,Laptop,3987.74,152273.73,100.79,454.4,4,24,4.0,10,South,Manager_D,No,1,3987.74
CUST02189,29,Male,57,Family,One Year,UPI,DSL,Laptop,2643.07,105939.98,117.13,847.6,6,1,8.0,5,North,Manager_C,No,1,2643.07
CUST02190,22,Female,45,Family,Two Year,Auto Pay,DSL,Smartphone,4331.12,128029.53,109.15,431.2,2,24,3.0,10,Central,Manager_D,No,1,4331.12
CUST02191,27,Female,20,Premium,Two Year,UPI,None,Laptop,504.52,12678.69,142.83,1927.0,5,36,3.0,0,Central,Manager_A,No,1,504.52
CUST02192,58,Male,17,Standard,Two Year,Net Banking,5G,Router,711.63,15925.92,110.98,351.3,8,36,1.0,5,East,Manager_C,Yes,1,711.63
CUST02193,50,Male,71,Standard,Two Year,Debit Card,DSL,Laptop,485.08,28072.69,104.29,1830.9,10,36,8.0,15,West,Manager_D,No,1,485.08
CUST02194,30,Female,4,Premium,One Year,UPI,5G,Smartphone,1078.16,1078.16,40.0,885.5,3,1,8.0,5,South,Manager_D,Yes,1,1078.16
CUST02195,52,Female,14,Standard,Two Year,Credit Card,DSL,Tablet,2573.33,11528.51,138.79,786.8,3,12,9.0,20,North,Manager_B,No,1,2573.33
CUST02196,68,Female,3,Standard,Monthly,Debit Card,None,Router,3011.4,7587.78,27.75,501.1,5,36,6.0,0,North,Manager_D,No,1,3011.4
CUST02197,49,Female,58,Standard,Monthly,UPI,None,Tablet,491.46,29461.0,135.83,1289.7,5,36,2.0,20,South,Manager_A,No,1,491.46
CUST02198,28,Male,55,Premium,Monthly,UPI,Fiber,Tablet,4273.08,156502.65,47.59,1386.8,2,12,1.0,10,North,Manager_A,No,1,4273.08
CUST02199,65,Male,4,Basic,One Year,Debit Card,DSL,Laptop,3837.09,3837.09,20.39,961.8,0,1,8.0,15,North,Manager_D,No,1,3837.09
CUST02200,55,Female,24,Family,Two Year,Auto Pay,None,Laptop,1545.77,21357.93,124.18,158.6,2,24,10.0,0,South,Manager_B,No,1,1545.77
CUST02201,41,Female,34,Basic,Monthly,Credit Card,5G,Smartphone,624.19,13229.64,1.37,1841.1,7,12,4.0,15,East,Manager_B,No,1,624.19
CUST02202,52,Male,30,Standard,Monthly,Debit Card,DSL,Laptop,1013.53,14780.66,124.98,1961.6,7,24,7.0,0,North,Manager_B,No,1,1013.53
CUST02203,36,Male,19,Premium,Monthly,Credit Card,DSL,Laptop,833.17,833.17,40.08,890.5,5,24,10.0,20,Central,Manager_D,No,1,833.17
CUST02204,23,Female,31,Family,Two Year,Credit Card,Fiber,Tablet,817.79,16411.74,132.82,1246.6,6,24,4.0,10,Central,Manager_D,No,1,817.79
CUST02205,57,Male,60,Standard,Monthly,Debit Card,5G,Router,2477.96,95194.02,104.03,928.1,1,12,1.0,5,Central,Manager_B,No,1,2477.96
CUST02206,62,Female,60,Family,Two Year,UPI,Fiber,Laptop,1332.56,62165.86,100.26,677.7,8,12,8.0,15,South,Manager_D,No,1,1332.56
CUST02207,61,Male,19,Family,Two Year,Auto Pay,DSL,Router,1804.19,23358.24,55.43,200.8,2,24,10.0,0,Central,Manager_C,No,1,1804.19
CUST02208,59,Male,49,Basic,Two Year,Credit Card,Fiber,Laptop,4455.92,147907.95,9.85,939.3,1,1,9.0,0,West,Manager_A,No,1,4455.92
CUST02209,52,Male,63,Standard,One Year,Credit Card,DSL,Laptop,3174.12,132717.61,124.68,1645.8,4,1,10.0,15,North,Manager_D,No,1,3174.12
CUST02210,21,Female,22,Family,One Year,UPI,DSL,Smartphone,4285.72,63325.89,26.46,83.2,0,1,9.0,5,East,Manager_C,No,1,4285.72
CUST02211,50,Female,24,Basic,Two Year,Debit Card,Fiber,Laptop,898.74,6118.34,56.47,1185.1,4,36,9.0,10,Central,Manager_D,No,1,898.74
CUST02212,30,Female,30,Premium,Two Year,Auto Pay,Fiber,Smartphone,1904.99,32898.97,90.45,1767.5,9,24,4.0,0,South,Manager_C,No,1,1904.99
CUST02213,53,Female,58,Family,One Year,Credit Card,DSL,Tablet,2629.87,107131.38,72.86,474.2,3,36,9.0,0,East,Manager_B,No,1,2629.87
CUST02214,60,Male,31,Standard,One Year,Credit Card,Fiber,Router,622.38,13909.83,30.6,407.3,5,1,4.0,15,South,Manager_A,No,1,622.38
CUST02215,36,Male,64,Premium,Two Year,Debit Card,Fiber,Laptop,317.59,11557.97,21.95,1555.9,4,12,2.0,15,East,Manager_D,No,1,317.59
CUST02216,60,Female,19,Family,One Year,UPI,DSL,Smartphone,3115.82,41897.91,19.36,547.4,8,1,10.0,0,East,Manager_C,No,1,3115.82
CUST02217,29,Female,48,Family,Monthly,Net Banking,5G,Tablet,2995.64,98389.79,129.59,424.4,4,36,3.0,0,North,Manager_C,No,1,2995.64
CUST02218,28,Female,45,Standard,Two Year,UPI,Fiber,Laptop,2025.31,70713.77,5.7,787.1,7,36,2.0,0,East,Manager_B,No,1,2025.31
CUST02219,23,Female,55,Family,Two Year,Credit Card,Fiber,Smartphone,2356.51,87220.7,146.58,815.4,1,1,1.0,20,West,Manager_A,Yes,1,2356.51
CUST02220,29,Male,55,Standard,One Year,Credit Card,None,Smartphone,2044.86,69665.66,30.58,1754.5,2,24,6.0,0,West,Manager_A,No,1,2044.86
CUST02221,44,Male,18,Standard,Monthly,Auto Pay,5G,Tablet,400.82,4231.36,17.44,1256.0,2,12,4.0,10,West,Manager_A,No,1,400.82
CUST02222,58,Female,63,Standard,One Year,UPI,Fiber,Laptop,1708.56,74797.35,86.97,841.6,2,12,7.0,10,South,Manager_C,No,1,1708.56
CUST02223,42,Male,47,Standard,Monthly,Net Banking,DSL,Laptop,1043.75,37682.46,12.92,1092.1,5,1,7.0,5,North,Manager_D,No,1,1043.75
CUST02224,59,Male,57,Family,Monthly,Auto Pay,None,Router,713.38,19033.28,90.77,1910.2,6,24,10.0,15,South,Manager_D,No,1,713.38
CUST02225,20,Female,45,Premium,Two Year,Net Banking,None,Laptop,4318.23,130815.43,127.74,270.8,6,24,1.0,5,Central,Manager_B,No,1,4318.23
CUST02226,20,Male,33,Premium,Monthly,Auto Pay,None,Smartphone,2817.31,57494.55,8.14,455.0,6,1,9.0,0,West,Manager_A,No,1,2817.31
CUST02227,37,Female,17,Basic,Two Year,UPI,Fiber,Router,3360.36,35250.92,120.18,1926.9,2,12,8.0,15,North,Manager_D,No,1,3360.36
CUST02228,45,Male,70,Standard,Monthly,Credit Card,DSL,Router,1624.53,80040.6,59.78,1916.8,0,12,10.0,0,West,Manager_C,No,1,1624.53
CUST02229,40,Female,4,Family,Two Year,Net Banking,None,Laptop,1951.22,8934.5,24.76,395.5,5,12,1.0,15,North,Manager_C,No,1,1951.22
CUST02230,65,Female,20,Family,Monthly,UPI,5G,Router,1295.08,13876.97,27.24,333.0,2,24,8.0,20,South,Manager_A,Yes,1,1295.08
CUST02231,20,Female,47,Basic,One Year,Net Banking,None,Smartphone,707.26,21371.6,137.9,871.1,2,1,5.0,20,South,Manager_B,No,1,707.26
CUST02232,59,Male,15,Premium,Monthly,UPI,None,Smartphone,1051.93,7838.89,17.48,147.0,2,24,1.0,20,West,Manager_B,No,1,1051.93
CUST02233,41,Male,70,Family,One Year,Auto Pay,5G,Tablet,3649.56,184771.31,130.15,1327.1,8,12,4.0,5,East,Manager_A,No,1,3649.56
CUST02234,60,Male,47,Basic,Monthly,UPI,None,Smartphone,3145.69,99956.74,82.09,201.1,3,24,7.0,15,North,Manager_C,No,1,3145.69
CUST02235,57,Male,9,Premium,Monthly,Auto Pay,None,Tablet,2597.1,11385.19,6.82,163.2,4,12,5.0,5,Central,Manager_B,No,1,2597.1
CUST02236,23,Female,16,Family,Two Year,Credit Card,5G,Router,2295.38,31094.89,70.21,996.1,2,1,3.0,15,East,Manager_C,No,1,2295.38
CUST02237,37,Male,69,Standard,Monthly,Auto Pay,Fiber,Tablet,4174.22,198801.43,122.8,1917.7,9,12,4.0,0,South,Manager_C,No,1,4174.22
CUST02238,28,Male,61,Basic,Monthly,Debit Card,5G,Laptop,605.49,33581.61,109.2,882.3,0,36,2.0,20,North,Manager_D,No,1,605.49
CUST02239,49,Male,10,Family,Monthly,Credit Card,Fiber,Tablet,1478.52,20296.77,73.83,745.1,3,36,8.0,20,East,Manager_B,No,1,1478.52
CUST02240,44,Female,50,Basic,One Year,UPI,Fiber,Laptop,1769.74,62529.91,129.15,1996.0,0,1,2.0,15,Central,Manager_C,No,1,1769.74
CUST02241,38,Male,3,Basic,Two Year,UPI,Fiber,Router,3586.19,5423.12,18.93,1087.3,10,24,6.0,5,East,Manager_D,Yes,1,3586.19
CUST02242,61,Female,70,Basic,Two Year,Debit Card,5G,Tablet,4468.56,207519.72,136.58,781.7,10,24,7.0,5,Central,Manager_C,No,1,4468.56
CUST02243,65,Female,51,Standard,Monthly,UPI,5G,Smartphone,1310.82,43107.5,127.12,802.4,6,24,7.0,10,South,Manager_A,Yes,1,1310.82
CUST02244,67,Female,19,Premium,Monthly,Credit Card,Fiber,Laptop,3972.09,48294.36,106.53,430.2,6,12,1.0,20,North,Manager_B,Yes,1,3972.09
CUST02245,30,Female,42,Premium,One Year,Credit Card,5G,Router,3788.62,112281.04,122.87,1048.8,3,36,8.0,20,South,Manager_C,Yes,1,3788.62
CUST02246,39,Male,35,Family,Monthly,Auto Pay,Fiber,Smartphone,1243.56,29020.0,82.03,905.8,4,1,9.0,5,North,Manager_B,No,1,1243.56
CUST02247,52,Female,46,Standard,Two Year,Net Banking,5G,Laptop,1977.2,65491.24,101.6,578.1,9,24,7.0,20,East,Manager_D,No,1,1977.2
CUST02248,64,Female,26,Premium,Two Year,UPI,DSL,Router,2020.63,38406.84,84.53,363.1,6,24,8.0,5,South,Manager_B,Yes,1,2020.63
CUST02249,39,Female,69,Family,One Year,Debit Card,5G,Router,4408.53,197299.11,53.96,656.9,5,1,4.0,10,North,Manager_C,No,1,4408.53
CUST02250,45,Female,64,Family,One Year,Credit Card,5G,Smartphone,1059.75,36630.12,85.76,1041.9,3,12,8.0,15,Central,Manager_B,No,1,1059.75
CUST02251,38,Male,37,Basic,Two Year,Credit Card,5G,Router,3656.46,84009.37,39.36,163.7,3,24,3.0,15,North,Manager_A,No,1,3656.46
CUST02252,63,Male,49,Standard,One Year,Credit Card,Fiber,Tablet,1703.61,53517.73,66.6,349.8,1,12,1.0,10,South,Manager_A,No,1,1703.61
CUST02253,35,Female,21,Premium,Monthly,Net Banking,Fiber,Router,3369.66,47846.88,42.84,1897.9,9,12,8.0,20,South,Manager_D,No,1,3369.66
CUST02254,48,Female,64,Standard,Monthly,Net Banking,DSL,Laptop,2064.05,84824.63,19.31,1108.6,1,12,6.0,0,East,Manager_C,No,1,2064.05
CUST02255,63,Male,5,Standard,One Year,UPI,DSL,Laptop,2729.11,12612.36,48.96,173.7,3,24,9.0,20,Central,Manager_B,Yes,1,2729.11
CUST02256,54,Male,70,Premium,Two Year,Debit Card,None,Laptop,3796.97,174553.51,127.95,1401.5,4,24,3.0,5,North,Manager_D,No,1,3796.97
CUST02257,38,Male,4,Premium,One Year,Net Banking,DSL,Tablet,3677.5,11091.45,57.78,170.5,3,1,8.0,0,South,Manager_D,No,1,3677.5
CUST02258,31,Female,39,Standard,Two Year,Auto Pay,Fiber,Smartphone,3938.98,103001.39,112.45,1490.8,2,1,9.0,10,North,Manager_C,Yes,1,3938.98
CUST02259,42,Female,35,Family,One Year,Net Banking,DSL,Tablet,550.39,21514.6,27.1,1512.4,10,12,9.0,15,West,Manager_B,No,1,550.39
CUST02260,44,Female,1,Standard,One Year,Credit Card,DSL,Tablet,3206.61,3206.61,64.24,1319.6,1,24,7.0,15,Central,Manager_D,No,1,3206.61
CUST02261,57,Male,24,Premium,One Year,Debit Card,5G,Tablet,887.95,25249.3,18.11,1477.8,3,12,10.0,20,Central,Manager_D,No,1,887.95
CUST02262,40,Male,57,Standard,Monthly,UPI,DSL,Router,2046.44,74792.97,21.65,221.5,10,1,3.0,15,West,Manager_C,No,1,2046.44
CUST02263,48,Male,70,Premium,Monthly,Net Banking,None,Smartphone,2604.07,114822.98,93.0,1467.2,4,12,3.0,20,Central,Manager_C,No,1,2604.07
CUST02264,64,Male,41,Family,Two Year,Credit Card,5G,Router,1991.51,53350.03,91.51,316.5,0,36,2.0,5,West,Manager_D,No,1,1991.51
CUST02265,46,Female,54,Standard,One Year,Auto Pay,Fiber,Tablet,2482.37,105566.02,32.79,712.0,0,12,1.0,5,North,Manager_B,No,1,2482.37
CUST02266,64,Male,46,Family,Monthly,Auto Pay,None,Laptop,4485.41,142028.6,71.69,1888.4,5,24,2.0,10,West,Manager_D,No,1,4485.41
CUST02267,47,Female,60,Standard,One Year,UPI,Fiber,Tablet,867.91,37731.22,129.63,1030.6,4,12,5.0,5,East,Manager_A,No,1,867.91
CUST02268,68,Female,60,Standard,Two Year,UPI,None,Smartphone,3136.92,129452.73,26.96,1936.5,10,12,1.0,20,West,Manager_C,No,1,3136.92
CUST02269,43,Female,57,Premium,Monthly,Net Banking,5G,Laptop,1963.2,70753.63,3.86,223.4,3,24,10.0,15,North,Manager_A,No,1,1963.2
CUST02270,37,Male,31,Basic,Two Year,UPI,None,Smartphone,858.64,19375.45,98.15,981.2,0,36,4.0,5,Central,Manager_B,No,1,858.64
CUST02271,55,Male,24,Premium,Monthly,Credit Card,None,Tablet,966.69,15479.55,8.97,171.7,6,24,10.0,5,East,Manager_C,No,1,966.69
CUST02272,36,Male,36,Standard,One Year,Credit Card,DSL,Smartphone,4286.95,111932.13,147.01,1278.9,3,1,10.0,20,West,Manager_B,No,1,4286.95
CUST02273,44,Female,30,Basic,Two Year,Credit Card,Fiber,Router,3994.33,79343.16,91.83,203.5,2,36,1.0,5,North,Manager_A,No,1,3994.33
CUST02274,42,Female,24,Basic,Monthly,Net Banking,5G,Laptop,4109.58,63861.9,71.09,392.0,6,36,10.0,15,East,Manager_B,No,1,4109.58
CUST02275,57,Male,30,Family,Monthly,Net Banking,None,Smartphone,4464.44,83464.8,65.07,554.7,1,24,8.0,15,East,Manager_C,No,1,4464.44
CUST02276,55,Male,7,Standard,One Year,UPI,Fiber,Laptop,1174.92,6183.03,86.39,1510.1,9,12,5.0,15,East,Manager_A,No,1,1174.92
CUST02277,69,Female,35,Premium,Two Year,Net Banking,Fiber,Laptop,1792.85,43297.93,14.5,369.7,0,1,10.0,15,West,Manager_C,No,1,1792.85
CUST02278,40,Female,55,Basic,Two Year,Credit Card,DSL,Tablet,3110.72,108051.79,139.57,1700.9,10,1,4.0,0,North,Manager_A,Yes,1,3110.72
CUST02279,46,Other,14,Basic,Two Year,Debit Card,Fiber,Tablet,2331.97,24030.87,94.22,307.2,3,36,3.0,15,North,Manager_D,No,1,2331.97
CUST02280,32,Male,10,Premium,One Year,Credit Card,5G,Laptop,2057.24,14880.83,28.41,118.7,7,1,9.0,0,North,Manager_B,No,1,2057.24
CUST02281,20,Male,16,Premium,Monthly,Debit Card,DSL,Smartphone,1802.81,24297.2,84.82,820.3,5,36,6.0,15,South,Manager_B,No,1,1802.81
CUST02282,27,Male,54,Basic,Monthly,UPI,None,Laptop,2793.88,106641.52,20.86,1959.9,8,36,1.0,15,Central,Manager_C,No,1,2793.88
CUST02283,32,Male,70,Premium,Two Year,Auto Pay,5G,Tablet,2717.49,127287.6,3.62,265.2,0,1,8.0,20,North,Manager_D,Yes,1,2717.49
CUST02284,33,Female,44,Family,Monthly,Net Banking,5G,Smartphone,978.12,23509.7,94.95,248.4,0,36,10.0,15,South,Manager_C,No,1,978.12
CUST02285,34,Male,45,Basic,Two Year,Net Banking,5G,Laptop,2281.31,64286.19,97.62,1514.8,10,12,2.0,5,South,Manager_C,No,1,2281.31
CUST02286,36,Male,56,Family,One Year,Credit Card,DSL,Tablet,2624.58,106794.96,87.97,658.7,4,36,9.0,15,East,Manager_A,No,1,2624.58
CUST02287,28,Female,57,Standard,One Year,Credit Card,Fiber,Laptop,2695.21,103245.43,28.34,1448.7,5,12,7.0,10,Central,Manager_D,No,1,2695.21
CUST02288,65,Male,21,Family,One Year,Debit Card,5G,Laptop,1182.45,25285.07,90.91,440.0,7,12,3.0,20,East,Manager_A,No,1,1182.45
CUST02289,22,Female,68,Premium,Two Year,Net Banking,Fiber,Laptop,3417.54,157421.5,9.42,947.1,2,12,4.0,20,Central,Manager_C,No,1,3417.54
CUST02290,22,Male,50,Basic,Monthly,UPI,Fiber,Smartphone,405.84,17296.68,91.78,567.3,5,1,3.0,15,East,Manager_A,No,1,405.84
CUST02291,31,Female,33,Family,One Year,Credit Card,5G,Tablet,1790.29,44080.0,83.55,930.5,2,12,6.0,10,West,Manager_A,No,1,1790.29
CUST02292,67,Male,7,Premium,Two Year,Net Banking,Fiber,Tablet,3576.89,10576.46,98.63,1549.7,7,1,9.0,15,Central,Manager_B,Yes,1,3576.89
CUST02293,43,Female,70,Premium,Two Year,Auto Pay,DSL,Router,2668.35,126057.75,134.43,1535.9,10,24,10.0,5,South,Manager_D,No,1,2668.35
CUST02294,25,Male,15,Family,One Year,Debit Card,DSL,Laptop,1396.88,7783.81,127.7,1055.8,10,12,9.0,20,South,Manager_B,No,1,1396.88
CUST02295,22,Male,32,Basic,One Year,Credit Card,None,Laptop,3218.8,67243.17,147.12,1860.3,3,36,1.0,20,Central,Manager_D,No,1,3218.8
CUST02296,24,Female,20,Family,One Year,Credit Card,Fiber,Router,2683.04,38974.71,146.46,564.4,1,24,10.0,10,East,Manager_B,No,1,2683.04
CUST02297,33,Male,15,Standard,Monthly,UPI,Fiber,Laptop,3644.22,31315.53,116.08,518.6,8,24,6.0,0,West,Manager_C,Yes,1,3644.22
CUST02298,31,Male,48,Family,Monthly,Credit Card,None,Smartphone,3387.11,111184.21,143.51,1246.9,9,12,1.0,10,West,Manager_B,No,1,3387.11
CUST02299,54,Female,71,Family,Two Year,Net Banking,DSL,Router,2862.45,127997.46,130.23,1261.5,7,1,4.0,5,North,Manager_D,No,1,2862.45
CUST02300,58,Female,21,Basic,One Year,Net Banking,None,Tablet,2350.35,38621.5,109.41,140.8,5,24,7.0,10,Central,Manager_D,No,1,2350.35
CUST02301,21,Male,42,Family,One Year,Net Banking,None,Laptop,859.36,20739.89,12.23,1235.2,2,12,4.0,0,West,Manager_D,No,1,859.36
CUST02302,53,Male,26,Premium,Monthly,Auto Pay,None,Tablet,1397.6,19089.48,8.31,780.2,1,24,9.0,5,East,Manager_B,No,1,1397.6
CUST02303,65,Male,14,Basic,One Year,Auto Pay,Fiber,Laptop,2060.22,12051.94,125.8,1507.5,3,24,10.0,5,East,Manager_A,No,1,2060.22
CUST02304,34,Male,57,Premium,Two Year,Credit Card,Fiber,Router,2817.06,104151.51,73.96,1625.8,3,12,5.0,0,South,Manager_B,No,1,2817.06
CUST02305,64,Female,37,Basic,One Year,Auto Pay,Fiber,Tablet,2457.57,51082.0,122.38,1126.7,0,36,9.0,15,West,Manager_A,No,1,2457.57
CUST02306,53,Female,58,Standard,Monthly,Auto Pay,Fiber,Laptop,1510.38,55659.36,47.62,53.3,8,36,1.0,10,West,Manager_B,Yes,1,1510.38
CUST02307,23,Male,21,Standard,Two Year,UPI,5G,Smartphone,327.15,10077.54,60.25,1290.9,9,36,4.0,5,East,Manager_C,No,1,327.15
CUST02308,33,Other,69,Standard,Two Year,Auto Pay,None,Router,2384.2,108729.64,105.33,1510.3,7,24,7.0,10,South,Manager_C,No,1,2384.2
CUST02309,46,Female,3,Family,One Year,Debit Card,None,Laptop,1499.63,1499.63,137.38,535.5,6,1,2.0,0,West,Manager_B,No,1,1499.63
CUST02310,53,Female,37,Standard,Two Year,Debit Card,Fiber,Laptop,3385.35,84636.62,14.08,956.1,5,1,9.0,20,East,Manager_B,No,1,3385.35
CUST02311,55,Male,49,Basic,One Year,Debit Card,DSL,Laptop,400.57,13774.77,129.36,1933.2,2,24,3.0,0,South,Manager_B,No,1,400.57
CUST02312,54,Male,19,Standard,One Year,Credit Card,5G,Router,2756.28,44695.93,119.16,631.3,3,24,4.0,10,South,Manager_C,No,1,2756.28
CUST02313,65,Female,12,Basic,Monthly,Net Banking,5G,Laptop,4254.19,37987.13,48.02,485.1,1,12,4.0,5,East,Manager_A,No,1,4254.19
CUST02314,65,Male,61,Premium,Two Year,UPI,DSL,Laptop,1032.52,43517.14,53.93,461.2,6,1,8.0,10,South,Manager_D,No,1,1032.52
CUST02315,27,Male,41,Family,One Year,Credit Card,Fiber,Tablet,2280.93,66870.75,7.92,1139.7,1,24,2.0,20,South,Manager_A,No,1,2280.93
CUST02316,58,Male,33,Premium,One Year,Net Banking,5G,Tablet,683.97,14375.43,3.35,1902.1,9,36,5.0,5,North,Manager_B,No,1,683.97
CUST02317,53,Male,50,Premium,One Year,UPI,5G,Router,2927.86,97218.27,72.07,1236.9,0,1,2.0,20,South,Manager_C,No,1,2927.86
CUST02318,46,Female,68,Standard,Two Year,UPI,None,Router,2612.23,126715.79,15.24,641.5,5,24,6.0,15,West,Manager_D,No,1,2612.23
CUST02319,31,Female,71,Standard,Two Year,UPI,None,Smartphone,2010.94,87006.6,29.91,1295.2,3,12,9.0,0,South,Manager_A,No,1,2010.94
CUST02320,21,Male,33,Standard,Two Year,Debit Card,Fiber,Laptop,2489.78,59614.89,127.17,1268.4,7,12,9.0,15,West,Manager_B,No,1,2489.78
CUST02321,61,Male,24,Premium,One Year,Debit Card,Fiber,Tablet,4065.61,64495.8,86.08,1214.0,0,1,1.0,10,East,Manager_C,No,1,4065.61
CUST02322,59,Female,61,Family,Two Year,Debit Card,None,Tablet,1124.44,44269.78,95.41,360.9,8,36,4.0,15,South,Manager_C,No,1,1124.44
CUST02323,53,Male,61,Family,One Year,UPI,None,Laptop,394.77,13289.5,28.93,1287.4,5,1,4.0,0,East,Manager_D,No,1,394.77
CUST02324,67,Female,28,Premium,Two Year,UPI,None,Laptop,3918.99,73922.85,124.47,888.8,1,24,1.0,5,Central,Manager_A,No,1,3918.99
CUST02325,62,Female,58,Family,Two Year,Debit Card,DSL,Router,2723.89,105106.1,130.33,86.3,7,36,10.0,20,South,Manager_C,No,1,2723.89
CUST02326,30,Male,43,Premium,One Year,UPI,5G,Smartphone,4040.77,113761.89,78.98,1102.5,4,24,2.0,5,East,Manager_B,No,1,4040.77
CUST02327,63,Female,41,Premium,Two Year,Debit Card,Fiber,Smartphone,2807.17,73216.02,136.97,1979.1,4,36,6.0,15,Central,Manager_B,No,1,2807.17
CUST02328,35,Female,39,Family,One Year,Debit Card,Fiber,Router,3702.68,86743.03,126.88,732.0,4,36,10.0,10,West,Manager_D,Yes,1,3702.68
CUST02329,50,Male,49,Basic,Two Year,Debit Card,DSL,Router,2104.63,65132.23,109.97,1932.8,6,24,3.0,15,West,Manager_A,No,1,2104.63
CUST02330,38,Male,17,Basic,Two Year,Net Banking,None,Tablet,3449.41,36531.84,110.38,237.6,6,1,9.0,0,West,Manager_C,Yes,1,3449.41
CUST02331,33,Female,70,Standard,Two Year,UPI,5G,Router,4134.77,193712.09,16.7,1478.3,9,12,3.0,0,West,Manager_D,Yes,1,4134.77
CUST02332,32,Male,70,Family,Two Year,Credit Card,None,Smartphone,2702.92,135951.7,41.35,272.9,10,36,3.0,10,West,Manager_A,No,1,2702.92
CUST02333,22,Female,65,Standard,Monthly,Debit Card,Fiber,Tablet,1059.3,42823.22,10.96,583.5,6,36,9.0,5,North,Manager_A,No,1,1059.3
CUST02334,23,Female,5,Premium,One Year,Credit Card,DSL,Smartphone,1428.95,1428.95,2.29,1163.1,9,12,3.0,0,East,Manager_C,No,1,1428.95
CUST02335,55,Male,2,Basic,Monthly,Net Banking,5G,Laptop,1134.31,1134.31,24.59,1205.9,1,1,6.0,0,Central,Manager_D,No,1,1134.31
CUST02336,20,Male,22,Family,Two Year,UPI,5G,Smartphone,1336.8,20373.12,132.19,1561.7,7,12,6.0,10,Central,Manager_D,No,1,1336.8
CUST02337,65,Female,57,Family,Two Year,Debit Card,5G,Tablet,1586.94,63246.9,36.74,1249.9,0,1,1.0,5,South,Manager_D,No,1,1586.94
CUST02338,29,Male,66,Family,One Year,Debit Card,5G,Smartphone,2631.56,119430.37,145.55,1207.5,1,36,7.0,15,East,Manager_D,No,1,2631.56
CUST02339,53,Female,16,Basic,One Year,Debit Card,DSL,Tablet,2769.56,33680.51,90.0,1829.1,10,36,9.0,20,North,Manager_A,Yes,1,2769.56
CUST02340,50,Female,51,Standard,One Year,Credit Card,Fiber,Tablet,2091.3,75950.35,36.35,931.7,6,24,9.0,10,North,Manager_D,No,1,2091.3
CUST02341,53,Female,39,Basic,One Year,Net Banking,5G,Router,2884.77,73609.6,75.07,489.3,3,1,9.0,5,East,Manager_D,No,1,2884.77
CUST02342,50,Male,40,Standard,Two Year,UPI,5G,Smartphone,642.61,27401.97,33.65,365.5,10,12,2.0,20,West,Manager_C,No,1,642.61
CUST02343,48,Female,38,Premium,One Year,Net Banking,Fiber,Router,668.71,15166.81,147.61,830.0,9,1,1.0,10,West,Manager_B,No,1,668.71
CUST02344,38,Female,60,Premium,Monthly,Debit Card,None,Router,1021.68,41413.9,127.24,1439.9,9,1,6.0,15,East,Manager_A,No,1,1021.68
CUST02345,44,Female,59,Standard,One Year,Net Banking,5G,Smartphone,2475.93,103865.72,4.91,133.0,8,1,6.0,15,Central,Manager_C,Yes,1,2475.93
CUST02346,44,Male,10,Premium,One Year,Credit Card,5G,Tablet,1198.78,10823.99,142.22,301.7,10,1,4.0,5,West,Manager_C,Yes,1,1198.78
CUST02347,25,Female,64,Premium,Monthly,Auto Pay,None,Laptop,1489.79,52360.14,108.44,256.9,8,12,8.0,5,South,Manager_C,No,1,1489.79
CUST02348,54,Female,63,Family,Monthly,Auto Pay,Fiber,Smartphone,1981.31,83243.2,13.27,1191.2,2,24,5.0,15,North,Manager_A,No,1,1981.31
CUST02349,49,Male,49,Family,Monthly,UPI,Fiber,Router,3709.84,125497.93,100.93,523.6,2,36,7.0,15,West,Manager_B,No,1,3709.84
CUST02350,43,Other,64,Basic,Monthly,UPI,5G,Router,358.22,8566.7,97.39,374.2,8,12,9.0,10,Central,Manager_A,Yes,1,358.22
CUST02351,19,Male,32,Basic,One Year,Net Banking,Fiber,Tablet,3027.39,68337.78,33.6,1205.9,9,12,1.0,5,West,Manager_D,Yes,1,3027.39
CUST02352,29,Male,7,Basic,Monthly,UPI,None,Router,3109.28,16460.74,114.01,1534.6,7,36,9.0,20,West,Manager_B,No,1,3109.28
CUST02353,39,Female,21,Family,Two Year,Credit Card,DSL,Laptop,3654.35,57080.5,13.97,697.7,0,24,4.0,15,North,Manager_A,No,1,3654.35
CUST02354,34,Male,20,Basic,One Year,Debit Card,None,Router,4217.56,52774.48,73.93,1177.5,5,12,7.0,20,South,Manager_A,No,1,4217.56
CUST02355,24,Female,26,Basic,Two Year,Debit Card,None,Tablet,384.58,11645.52,2.48,241.3,6,36,4.0,5,South,Manager_D,No,1,384.58
CUST02356,60,Female,68,Family,One Year,Net Banking,DSL,Smartphone,945.89,43678.39,145.34,1873.6,10,24,4.0,5,Central,Manager_A,No,1,945.89
CUST02357,21,Male,15,Standard,One Year,Debit Card,None,Tablet,4021.92,49049.45,112.98,706.9,7,24,4.0,0,East,Manager_B,No,1,4021.92
CUST02358,54,Male,14,Family,Two Year,Net Banking,5G,Router,2225.78,34704.2,24.67,1995.1,1,1,6.0,15,East,Manager_C,No,1,2225.78
CUST02359,55,Female,27,Standard,Monthly,UPI,5G,Tablet,2671.28,55774.69,51.91,1958.2,0,12,5.0,5,East,Manager_A,No,1,2671.28
CUST02360,49,Female,40,Family,Monthly,UPI,Fiber,Router,3084.71,84661.53,24.92,1568.7,3,24,2.0,5,Central,Manager_A,No,1,3084.71
CUST02361,28,Female,58,Basic,Two Year,Credit Card,Fiber,Tablet,3152.08,133485.45,115.23,89.1,0,12,9.0,15,West,Manager_B,No,1,3152.08
CUST02362,18,Female,28,Premium,Monthly,Debit Card,None,Smartphone,4213.31,81665.84,9.78,1109.8,1,36,6.0,0,South,Manager_A,No,1,4213.31
CUST02363,42,Male,26,Premium,One Year,Credit Card,5G,Router,4487.19,73238.23,126.22,219.3,2,12,10.0,0,South,Manager_C,No,1,4487.19
CUST02364,59,Male,63,Standard,One Year,Auto Pay,5G,Laptop,3324.66,139439.35,141.39,1795.5,3,24,6.0,0,West,Manager_D,No,1,3324.66
CUST02365,69,Female,66,Standard,One Year,Credit Card,DSL,Laptop,1506.33,70086.88,101.82,1589.8,5,36,9.0,0,South,Manager_D,No,1,1506.33
CUST02366,41,Female,25,Standard,Monthly,Net Banking,Fiber,Laptop,3994.96,70712.44,32.73,1946.1,7,36,1.0,10,South,Manager_D,No,1,3994.96
CUST02367,70,Male,3,Premium,Monthly,Net Banking,5G,Laptop,506.73,506.73,54.65,1236.3,8,1,7.0,15,East,Manager_C,Yes,1,506.73
CUST02368,60,Female,72,Standard,Two Year,Credit Card,None,Router,1270.54,55518.26,72.11,1068.2,3,36,3.0,15,East,Manager_D,No,1,1270.54
CUST02369,34,Female,44,Family,One Year,UPI,5G,Router,4069.02,117651.37,91.09,1062.0,0,24,4.0,15,North,Manager_B,Yes,1,4069.02
CUST02370,25,Female,42,Family,Two Year,Auto Pay,Fiber,Smartphone,1376.0,41200.72,100.63,803.6,4,1,1.0,0,North,Manager_B,Yes,1,1376.0
CUST02371,62,Male,6,Premium,Monthly,Credit Card,None,Tablet,1226.73,8219.73,83.58,963.9,4,24,3.0,0,South,Manager_C,No,1,1226.73
CUST02372,44,Female,39,Family,Two Year,UPI,Fiber,Router,880.13,23589.91,53.35,1289.1,8,24,7.0,5,East,Manager_C,No,1,880.13
CUST02373,69,Female,52,Standard,Monthly,Credit Card,5G,Laptop,3908.27,131314.55,133.75,1869.2,5,1,6.0,10,North,Manager_C,No,1,3908.27
CUST02374,35,Female,23,Premium,One Year,Debit Card,5G,Router,2400.24,45488.39,13.13,1212.0,4,1,1.0,15,North,Manager_B,No,1,2400.24
CUST02375,44,Female,50,Standard,One Year,Net Banking,5G,Laptop,3134.55,99124.71,70.47,1721.4,9,12,9.0,10,East,Manager_C,No,1,3134.55
CUST02376,39,Female,43,Family,Monthly,Debit Card,Fiber,Smartphone,1304.08,43895.33,116.56,1732.4,9,24,4.0,15,North,Manager_C,No,1,1304.08
CUST02377,33,Female,19,Standard,Monthly,Debit Card,None,Tablet,3483.77,47821.87,10.07,1061.7,4,12,7.0,0,West,Manager_D,No,1,3483.77
CUST02378,19,Female,69,Premium,Monthly,Auto Pay,5G,Router,3492.02,167034.58,106.09,727.6,7,36,4.0,0,West,Manager_C,No,1,3492.02
CUST02379,22,Male,51,Standard,One Year,UPI,5G,Tablet,1612.91,52616.77,123.14,1297.2,10,36,7.0,15,East,Manager_A,No,1,1612.91
CUST02380,35,Male,11,Family,Monthly,Net Banking,5G,Laptop,2024.87,14135.78,99.46,919.5,0,12,5.0,20,East,Manager_D,No,1,2024.87
CUST02381,20,Female,12,Basic,One Year,Debit Card,DSL,Laptop,1180.7,9720.81,2.93,208.8,4,1,1.0,0,North,Manager_B,No,1,1180.7
CUST02382,44,Male,8,Premium,Two Year,Net Banking,DSL,Tablet,4401.56,21093.0,27.84,786.7,0,36,4.0,5,South,Manager_B,Yes,1,4401.56
CUST02383,34,Male,24,Standard,One Year,UPI,None,Smartphone,3011.53,49310.77,51.97,1988.4,6,1,3.0,0,Central,Manager_B,No,1,3011.53
CUST02384,33,Male,41,Premium,Two Year,Credit Card,Fiber,Tablet,4225.08,123380.97,35.82,144.6,6,12,6.0,5,West,Manager_D,No,1,4225.08
CUST02385,23,Male,36,Standard,One Year,Debit Card,5G,Tablet,1574.22,31297.11,144.44,1408.5,9,1,6.0,10,West,Manager_B,No,1,1574.22
CUST02386,68,Male,72,Basic,One Year,UPI,5G,Router,3583.94,168743.06,98.09,1690.3,7,24,1.0,0,East,Manager_D,Yes,1,3583.94
CUST02387,24,Male,55,Family,Monthly,Net Banking,Fiber,Router,3516.61,125113.64,45.25,1315.0,6,36,2.0,0,South,Manager_D,Yes,1,3516.61
CUST02388,67,Female,9,Standard,One Year,UPI,Fiber,Laptop,3204.95,18757.61,139.52,1161.0,10,1,2.0,10,East,Manager_A,Yes,1,3204.95
CUST02389,31,Female,47,Standard,Monthly,Credit Card,None,Router,4355.68,135800.34,111.35,1429.7,8,1,10.0,5,North,Manager_A,Yes,1,4355.68
CUST02390,55,Female,15,Basic,Monthly,UPI,Fiber,Smartphone,1952.93,23390.87,43.41,887.2,7,24,4.0,20,South,Manager_A,No,1,1952.93
CUST02391,57,Male,48,Premium,Monthly,Net Banking,,Smartphone,849.01,27336.94,57.45,228.2,7,1,9.0,5,North,Manager_A,Yes,1,849.01
CUST02392,32,Female,42,Family,One Year,Debit Card,None,Smartphone,3121.18,88907.46,30.71,1926.6,2,12,2.0,15,West,Manager_A,No,1,3121.18
CUST02393,64,Female,60,Standard,Monthly,Debit Card,DSL,Laptop,3363.1,136516.24,145.69,893.0,9,12,8.0,15,East,Manager_B,No,1,3363.1
CUST02394,64,Female,70,Standard,Two Year,Auto Pay,None,Smartphone,2715.25,127938.69,78.08,1347.5,3,12,1.0,15,East,Manager_B,No,1,2715.25
CUST02395,65,Male,12,Family,Two Year,Net Banking,None,Smartphone,1168.64,12865.69,134.51,1086.1,3,36,8.0,10,Central,Manager_B,No,1,1168.64
CUST02396,50,Male,2,Basic,One Year,Auto Pay,None,Router,2418.71,2613.33,52.63,156.6,0,1,3.0,5,South,Manager_A,No,1,2418.71
CUST02397,60,Female,7,Premium,Monthly,Auto Pay,Fiber,Laptop,1611.2,15750.78,129.27,1907.9,5,36,5.0,0,West,Manager_C,No,1,1611.2
CUST02398,44,Female,3,Family,Two Year,Credit Card,5G,Tablet,2095.36,16898.82,9.03,1595.4,1,36,1.0,15,Central,Manager_B,No,1,2095.36
CUST02399,46,Female,3,Premium,One Year,Net Banking,Fiber,Smartphone,3009.92,9550.99,147.33,340.7,8,1,1.0,5,Central,Manager_B,No,1,3009.92
CUST02400,54,Female,27,Basic,One Year,Debit Card,5G,Router,3429.9,62878.16,136.89,1964.2,0,1,6.0,0,East,Manager_C,No,1,3429.9
CUST02401,22,Male,40,Basic,One Year,Net Banking,Fiber,Tablet,1275.34,37131.98,55.12,1487.0,0,12,3.0,5,South,Manager_A,No,1,1275.34
CUST02402,46,Female,33,Family,One Year,Credit Card,None,Smartphone,2002.37,38546.97,116.43,971.0,10,36,8.0,10,East,Manager_D,Yes,1,2002.37
CUST02403,49,Male,1,Standard,One Year,Net Banking,5G,Tablet,1430.48,1854.18,113.09,1242.2,9,36,4.0,15,South,Manager_C,No,1,1430.48
CUST02404,70,Female,8,Basic,Monthly,Net Banking,Fiber,Tablet,1134.25,2392.71,135.29,258.1,10,1,6.0,20,Central,Manager_C,No,1,1134.25
CUST02405,23,Other,32,Basic,Monthly,Auto Pay,None,Laptop,3590.23,79141.46,46.78,1142.8,5,36,10.0,15,North,Manager_B,Yes,1,3590.23
CUST02406,19,Female,48,Family,Monthly,Net Banking,DSL,Laptop,4118.86,128171.72,70.36,193.6,0,24,9.0,15,West,Manager_B,Yes,1,4118.86
CUST02407,23,Male,4,Family,Monthly,Auto Pay,Fiber,Smartphone,1854.98,3222.73,129.88,1112.5,2,1,8.0,10,Central,Manager_A,No,1,1854.98
CUST02408,63,Male,70,Family,One Year,Auto Pay,Fiber,Smartphone,3455.37,151890.75,117.01,1127.8,9,12,4.0,0,East,Manager_D,No,1,3455.37
CUST02409,60,Female,19,Basic,One Year,UPI,DSL,Laptop,4067.38,45653.92,59.63,1755.2,1,24,10.0,15,West,Manager_D,No,1,4067.38
CUST02410,21,Female,32,Premium,Two Year,Credit Card,Fiber,Smartphone,3853.72,83987.06,127.01,1463.9,10,24,8.0,0,Central,Manager_C,Yes,1,3853.72
CUST02411,46,Female,9,Basic,Two Year,Auto Pay,DSL,Smartphone,1067.82,2062.69,8.0,536.6,8,12,7.0,0,South,Manager_A,No,1,1067.82
CUST02412,42,Female,12,Family,Monthly,Net Banking,5G,Laptop,4316.43,39850.31,117.52,1782.4,4,24,5.0,10,East,Manager_D,Yes,1,4316.43
CUST02413,26,Male,11,Standard,One Year,Auto Pay,DSL,Tablet,1882.04,9032.18,31.81,1167.8,5,24,7.0,15,Central,Manager_C,No,1,1882.04
CUST02414,20,Female,46,Standard,Two Year,Auto Pay,None,Smartphone,1724.81,55160.45,43.63,1232.4,1,24,7.0,10,South,Manager_B,No,1,1724.81
CUST02415,43,Female,16,Family,Two Year,Auto Pay,DSL,Router,562.21,2187.53,74.49,379.5,7,36,10.0,10,South,Manager_D,No,1,562.21
CUST02416,65,Female,1,Standard,Two Year,Debit Card,5G,Laptop,2341.93,3488.64,68.01,1722.7,5,24,2.0,20,South,Manager_C,Yes,1,2341.93
CUST02417,60,Male,63,Basic,Two Year,Debit Card,DSL,Smartphone,757.86,24156.18,78.56,1865.4,10,24,7.0,10,West,Manager_D,No,1,757.86
CUST02418,44,Female,21,Premium,Monthly,Debit Card,DSL,Smartphone,1343.87,16548.27,82.17,1561.2,7,1,3.0,20,East,Manager_A,Yes,1,1343.87
CUST02419,53,Male,30,Basic,One Year,Debit Card,5G,Laptop,1631.16,28392.13,50.4,1884.5,7,12,8.0,0,South,Manager_C,Yes,1,1631.16
CUST02420,49,Female,13,Family,Monthly,UPI,Fiber,Router,3697.07,36457.44,27.11,639.5,0,36,8.0,0,Central,Manager_A,No,1,3697.07
CUST02421,18,Female,34,Basic,Two Year,Auto Pay,Fiber,Router,3977.05,92457.78,115.5,1729.2,6,36,9.0,5,South,Manager_C,No,1,3977.05
CUST02422,70,Male,4,Standard,Two Year,UPI,None,Laptop,1570.36,1570.36,60.6,1003.3,1,12,4.0,5,East,Manager_B,No,1,1570.36
CUST02423,33,Male,28,Basic,One Year,Net Banking,None,Router,3906.53,71905.99,76.37,369.6,10,36,10.0,0,West,Manager_D,No,1,3906.53
CUST02424,68,Female,59,Premium,One Year,Credit Card,DSL,Smartphone,3900.37,149552.96,97.06,1354.2,7,36,3.0,15,South,Manager_B,No,1,3900.37
CUST02425,65,Female,27,Standard,Monthly,UPI,Fiber,Router,3511.53,67958.83,136.54,1384.0,1,36,9.0,5,Central,Manager_A,No,1,3511.53
CUST02426,28,Male,69,Premium,One Year,Debit Card,Fiber,Smartphone,916.12,48499.14,106.43,609.5,3,1,9.0,10,East,Manager_D,No,1,916.12
CUST02427,43,Male,25,Premium,Monthly,Debit Card,DSL,Tablet,3199.36,46114.44,7.77,103.6,1,1,2.0,5,South,Manager_B,No,1,3199.36
CUST02428,57,Female,3,Premium,Monthly,Net Banking,5G,Router,4269.1,12671.71,125.95,439.7,6,36,6.0,0,West,Manager_C,No,1,4269.1
CUST02429,18,Female,68,Basic,Two Year,Auto Pay,Fiber,Tablet,3166.67,139439.23,148.41,829.6,4,12,3.0,15,North,Manager_C,No,1,3166.67
CUST02430,43,Male,25,Basic,Monthly,Credit Card,None,Laptop,1692.79,26948.58,71.4,376.7,10,12,5.0,0,Central,Manager_B,No,1,1692.79
CUST02431,45,Female,20,Basic,Two Year,UPI,DSL,Router,2402.43,32193.67,145.47,428.4,10,1,2.0,15,South,Manager_D,No,1,2402.43
CUST02432,70,Male,34,Basic,Monthly,Auto Pay,5G,Smartphone,3012.05,77356.16,82.55,813.2,8,1,4.0,5,South,Manager_A,No,1,3012.05
CUST02433,26,Male,26,Standard,Monthly,Auto Pay,None,Router,2444.4,37350.35,69.48,1925.5,4,24,3.0,10,North,Manager_C,No,1,2444.4
CUST02434,61,Male,5,Basic,One Year,UPI,Fiber,Laptop,803.8,6853.08,50.38,1540.3,10,1,2.0,10,East,Manager_A,Yes,1,803.8
CUST02435,39,Female,61,Standard,One Year,UPI,5G,Laptop,1610.67,59643.06,98.98,673.5,7,36,6.0,0,North,Manager_D,Yes,1,1610.67
CUST02436,25,Male,9,Premium,Two Year,UPI,None,Smartphone,3670.06,15817.39,35.24,1905.6,1,1,3.0,15,East,Manager_D,No,1,3670.06
CUST02437,66,Female,50,Standard,One Year,UPI,DSL,Router,3917.96,130740.98,16.64,1309.0,2,24,4.0,5,South,Manager_C,No,1,3917.96
CUST02438,59,Male,6,Family,Monthly,Debit Card,5G,Tablet,876.66,3615.29,5.06,938.1,5,24,6.0,15,North,Manager_A,No,1,876.66
CUST02439,44,Other,60,Basic,Two Year,Auto Pay,5G,Laptop,4300.02,157839.21,44.56,963.2,10,12,5.0,15,South,Manager_D,No,1,4300.02
CUST02440,56,Female,44,Family,Two Year,Auto Pay,DSL,Laptop,1681.05,55108.78,59.97,851.0,6,12,4.0,15,North,Manager_A,No,1,1681.05
CUST02441,36,Female,11,Standard,Two Year,Debit Card,Fiber,Smartphone,3081.72,11903.71,83.26,504.3,9,36,4.0,5,South,Manager_C,Yes,1,3081.72
CUST02442,42,Female,66,Basic,Monthly,Auto Pay,Fiber,Router,3457.67,151407.79,44.62,803.9,7,1,2.0,15,South,Manager_C,No,1,3457.67
CUST02443,55,Female,47,Family,One Year,UPI,5G,Tablet,3710.17,122890.07,147.62,1079.4,2,24,10.0,10,South,Manager_D,No,1,3710.17
CUST02444,38,Female,3,Basic,Two Year,Credit Card,5G,Router,4272.15,19590.22,44.47,1079.7,6,24,4.0,0,West,Manager_D,No,1,4272.15
CUST02445,41,Male,30,Standard,Monthly,Auto Pay,5G,Router,1614.26,30469.95,66.71,1535.4,7,12,8.0,20,North,Manager_A,No,1,1614.26
CUST02446,41,Male,21,Family,One Year,Credit Card,None,Tablet,3905.73,47515.47,16.39,749.7,9,12,5.0,15,West,Manager_D,No,1,3905.73
CUST02447,36,Female,28,Standard,One Year,Credit Card,5G,Smartphone,853.08,22376.9,39.83,1447.8,5,1,10.0,10,South,Manager_C,No,1,853.08
CUST02448,67,Male,62,Family,Two Year,Debit Card,Fiber,Laptop,3261.17,139120.81,8.2,1177.3,3,24,10.0,10,Central,Manager_D,No,1,3261.17
CUST02449,64,Male,33,Premium,Monthly,Net Banking,DSL,Smartphone,3416.31,72713.86,84.37,1925.6,5,12,8.0,0,East,Manager_B,No,1,3416.31
CUST02450,19,Female,35,Premium,One Year,Auto Pay,DSL,Smartphone,3146.44,70338.25,112.91,801.3,8,1,6.0,0,North,Manager_C,No,1,3146.44
CUST02451,31,Male,52,Premium,Monthly,Debit Card,DSL,Router,1359.72,43550.0,30.16,1807.4,2,1,10.0,20,North,Manager_A,No,1,1359.72
CUST02452,70,Female,34,Premium,One Year,Debit Card,5G,Tablet,3966.78,88190.75,55.82,1650.3,1,1,5.0,20,East,Manager_D,No,1,3966.78
CUST02453,49,Male,41,Premium,Two Year,Credit Card,5G,Laptop,1009.21,29165.41,3.48,1293.4,4,12,4.0,20,West,Manager_D,No,1,1009.21
CUST02454,59,Female,51,Standard,Two Year,Auto Pay,DSL,Router,525.27,15029.11,126.09,1326.3,6,12,10.0,5,East,Manager_C,No,1,525.27
CUST02455,49,Female,47,Premium,One Year,Debit Card,None,Laptop,3313.35,101620.4,117.21,215.1,2,12,9.0,5,Central,Manager_C,No,1,3313.35
CUST02456,45,Female,58,Standard,Monthly,UPI,None,Router,2297.0,92023.73,10.42,1902.9,4,36,10.0,10,South,Manager_A,No,1,2297.0
CUST02457,65,Male,57,Premium,One Year,Debit Card,None,Tablet,3866.21,139503.91,55.37,258.5,3,36,5.0,0,East,Manager_C,No,1,3866.21
CUST02458,56,Female,23,Basic,Monthly,UPI,None,Laptop,1910.27,27411.13,143.34,1148.3,10,36,10.0,15,East,Manager_A,Yes,1,1910.27
CUST02459,57,Female,48,Premium,One Year,Net Banking,Fiber,Laptop,1006.77,23836.93,59.41,693.6,6,12,6.0,0,South,Manager_D,Yes,1,1006.77
CUST02460,59,Female,22,Basic,Two Year,UPI,DSL,Smartphone,3813.06,56466.94,79.41,888.2,1,12,7.0,5,North,Manager_A,Yes,1,3813.06
CUST02461,64,Female,17,Standard,Monthly,UPI,Fiber,Router,2605.42,19831.07,53.93,1239.9,10,36,1.0,10,Central,Manager_A,No,1,2605.42
CUST02462,57,Male,69,Premium,Two Year,Credit Card,5G,Router,1094.62,54802.57,89.82,1822.3,6,24,9.0,15,East,Manager_A,No,1,1094.62
CUST02463,30,Female,11,Family,Monthly,Debit Card,None,Router,3325.61,17814.62,146.75,942.3,1,24,8.0,20,East,Manager_D,No,1,3325.61
CUST02464,29,Female,15,Standard,One Year,Net Banking,None,Smartphone,2446.68,15603.91,149.63,1976.1,2,24,5.0,20,North,Manager_B,No,1,2446.68
CUST02465,25,Male,35,Premium,Two Year,Debit Card,DSL,Smartphone,2838.11,64404.5,116.43,1206.0,4,24,3.0,5,Central,Manager_B,Yes,1,2838.11
CUST02466,32,Female,33,Standard,Two Year,UPI,None,Laptop,2235.77,57742.48,61.24,363.1,6,36,5.0,10,South,Manager_A,No,1,2235.77
CUST02467,43,Female,16,Family,Monthly,UPI,DSL,Router,3780.58,43882.15,74.67,420.5,5,1,5.0,0,South,Manager_C,No,1,3780.58
CUST02468,29,Female,34,Premium,Monthly,Debit Card,5G,Router,3784.16,76162.72,54.15,1446.4,6,1,9.0,5,West,Manager_B,No,1,3784.16
CUST02469,60,Male,66,Family,Monthly,Net Banking,None,Laptop,3279.43,137579.29,147.85,148.3,10,24,7.0,0,Central,Manager_D,No,1,3279.43
CUST02470,68,Female,40,Premium,Two Year,Net Banking,None,Laptop,742.69,17827.06,106.46,986.7,5,12,2.0,15,Central,Manager_A,No,1,742.69
CUST02471,63,Other,28,Basic,One Year,Credit Card,Fiber,Laptop,3823.19,82557.98,67.89,339.0,0,24,5.0,0,East,Manager_B,Yes,1,3823.19
CUST02472,44,Female,47,Standard,Monthly,UPI,DSL,Tablet,3118.25,93010.4,2.81,894.8,4,24,9.0,15,West,Manager_D,No,1,3118.25
CUST02473,35,Female,39,Family,One Year,UPI,DSL,Tablet,3227.5,79260.57,78.55,1512.3,0,1,2.0,10,South,Manager_A,No,1,3227.5
CUST02474,62,Female,70,Standard,Monthly,Credit Card,None,Laptop,1824.53,92781.88,147.61,944.7,6,12,8.0,5,Central,Manager_B,No,1,1824.53
CUST02475,53,Female,20,Family,One Year,Debit Card,Fiber,Smartphone,3992.97,54214.14,78.94,368.7,3,1,3.0,0,Central,Manager_A,No,1,3992.97
CUST02476,66,Female,1,Standard,Monthly,UPI,None,Smartphone,3346.56,7496.04,28.18,541.3,4,12,4.0,10,North,Manager_B,No,1,3346.56
CUST02477,68,Male,72,Standard,One Year,Debit Card,DSL,Router,772.88,33462.74,4.29,766.7,0,36,2.0,10,South,Manager_B,No,1,772.88
CUST02478,44,Male,63,Standard,Two Year,Net Banking,DSL,Tablet,2012.67,84023.96,53.85,185.6,7,1,9.0,0,North,Manager_C,No,1,2012.67
CUST02479,26,Male,67,Basic,Monthly,Auto Pay,None,Tablet,4022.8,186263.23,137.82,1189.5,3,36,6.0,20,West,Manager_B,No,1,4022.8
CUST02480,56,Male,4,Premium,Monthly,Credit Card,5G,Laptop,498.23,604.41,149.49,1234.7,2,36,9.0,20,Central,Manager_C,No,1,498.23
CUST02481,18,Male,58,Basic,Two Year,UPI,None,Laptop,4337.95,173349.33,141.86,171.2,0,24,8.0,15,West,Manager_D,Yes,1,4337.95
CUST02482,24,Male,25,Standard,Monthly,Credit Card,Fiber,Laptop,3152.48,54477.67,109.68,834.5,3,12,9.0,10,North,Manager_B,No,1,3152.48
CUST02483,43,Female,47,Family,Monthly,Net Banking,DSL,Laptop,2951.78,87290.96,84.16,857.3,2,1,5.0,5,South,Manager_A,No,1,2951.78
CUST02484,24,Male,38,Standard,Two Year,Net Banking,DSL,Laptop,1436.35,36305.95,89.01,700.9,7,24,6.0,5,Central,Manager_C,Yes,1,1436.35
CUST02485,69,Male,15,Premium,Two Year,Net Banking,None,Smartphone,1344.93,18356.22,81.31,1137.6,8,1,7.0,10,South,Manager_B,No,1,1344.93
CUST02486,24,Male,63,Basic,One Year,Net Banking,5G,Smartphone,4256.64,182125.96,106.35,724.6,4,36,5.0,20,West,Manager_C,No,1,4256.64
CUST02487,25,Female,21,Premium,Two Year,Auto Pay,DSL,Laptop,1552.74,21537.1,63.41,862.0,8,1,1.0,10,East,Manager_A,No,1,1552.74
CUST02488,33,Male,57,Family,Two Year,Debit Card,None,Smartphone,3557.12,125711.99,100.71,1605.2,0,1,9.0,15,South,Manager_A,No,1,3557.12
CUST02489,20,Male,53,Premium,Monthly,Debit Card,5G,Laptop,1951.11,59959.26,19.12,366.1,6,24,2.0,10,South,Manager_A,No,1,1951.11
CUST02490,62,Male,46,Basic,Two Year,Auto Pay,None,Laptop,884.87,19219.49,40.59,1257.3,10,12,7.0,0,South,Manager_D,No,1,884.87
CUST02491,27,Female,14,Family,Monthly,Debit Card,None,Tablet,345.0,667.79,125.56,1035.9,6,1,8.0,20,Central,Manager_D,Yes,1,345.0
CUST02492,67,Female,17,Premium,Two Year,Net Banking,None,Smartphone,2585.88,27421.05,135.66,644.9,5,36,8.0,0,West,Manager_A,No,1,2585.88
CUST02493,24,Female,39,Basic,Two Year,Debit Card,DSL,Smartphone,4398.27,106977.96,81.31,1468.7,3,36,1.0,0,West,Manager_D,No,1,4398.27
CUST02494,38,Male,9,Basic,One Year,Credit Card,5G,Tablet,1850.37,16214.78,5.71,1124.8,10,24,10.0,10,Central,Manager_D,No,1,1850.37
CUST02495,70,Female,6,Standard,Two Year,Debit Card,Fiber,Smartphone,1800.21,1800.21,139.12,980.9,8,36,7.0,10,South,Manager_D,No,1,1800.21
CUST02496,54,Female,23,Premium,Two Year,Credit Card,Fiber,Tablet,1745.18,19906.63,105.61,1352.0,2,1,9.0,5,South,Manager_D,Yes,1,1745.18
CUST02497,48,Male,59,Family,Monthly,UPI,DSL,Router,2486.28,98234.86,62.69,1614.5,10,12,3.0,0,East,Manager_D,No,1,2486.28
CUST02498,40,Male,46,Standard,Monthly,Credit Card,DSL,Smartphone,2150.79,70827.09,90.16,1946.7,10,1,8.0,10,South,Manager_D,No,1,2150.79
CUST02499,44,Male,38,Premium,One Year,Credit Card,None,Laptop,3995.64,111497.15,65.04,1277.2,0,24,8.0,5,North,Manager_A,No,1,3995.64
CUST02500,39,Female,14,Premium,Two Year,Net Banking,None,Tablet,2423.19,25529.17,70.34,1755.2,1,36,9.0,0,South,Manager_D,No,1,2423.19
