Customer_ID,Gender,Region,Contract_Type,Internet_Service,Payment_Method,Device_Protection,Tech_Support,Streaming_Service,Customer_Segment,Age,Tenure_Months,Monthly_Charges,Total_Charges,Support_Calls,Data_Usage_GB,Joining_Date,Churn
TEL10001,Male,Other,Two Year,DSL,Net Banking,Yes,Yes,Yes,Premium,43,66,211.96,14261.17,1,62.45,2019-03-27,No
TEL10002,Female,East,Monthly,No Internet,,No,Yes,Yes,Business,34,34,267.54,9015.46,0,191.69,2021-11-20,No
TEL10003,Male,Northeast,One Year,5G,Net Banking,No,No,No,Basic,45,90,1494.7,127141.96,8,416.83,2023-03-31,No
TEL10004,Male,West,Two Year,No Internet,UPI,Yes,No,No,Business,36,95,1953.52,189503.24,4,174.57,2020-07-12,No
TEL10005,Male,Other,Two Year,Fiber Optic,Auto Pay,Yes,No,No,Premium,44,9,1043.27,10110.57,9,18.09,2024-12-01,No
TEL10006,Female,Central,One Year,Fiber Optic,Auto Pay,No,No,Yes,Premium,65,94,1453.05,134636.25,9,137.87,2018-11-12,No
TEL10007,Male,South,Monthly,DSL,Auto Pay,No,Yes,No,Basic,69,84,1386.64,108229.45,3,494.98,2019-11-02,No
TEL10008,Male,Other,Monthly,5G,Debit Card,No,Yes,Yes,Basic,36,21,416.97,8043.61,10,338.66,2019-11-29,No
TEL10009,Male,Central,One Year,No Internet,Credit Card,No,Yes,Yes,Standard,50,93,938.65,82795.83,7,450.53,2020-09-19,No
TEL10010,Female,Northeast,Two Year,DSL,Net Banking,Yes,Yes,Yes,Basic,68,25,243.7,6107.73,4,387.66,2021-10-08,Yes
TEL10011,Male,Northeast,One Year,Fiber Optic,Auto Pay,No,Yes,Yes,Standard,24,102,453.62,49527.75,6,270.31,2025-09-16,No
TEL10012,Male,South,Monthly,Fiber Optic,UPI,Yes,No,No,Premium,46,44,2066.27,86720.09,2,75.2,2021-06-16,Yes
TEL10013,Male,North,Monthly,5G,Auto Pay,Yes,No,Yes,Premium,60,25,2106.65,50294.71,7,174.97,2021-02-01,Yes
TEL10014,Male,South,Monthly,No Internet,Cash,No,No,Yes,Business,22,9,2043.48,18145.1,7,292.29,2020-06-25,Yes
TEL10015,Female,East,One Year,5G,Credit Card,Yes,Yes,No,Business,47,103,1870.68,205269.3,2,435.45,2020-11-18,No
TEL10016,Male,Other,Monthly,No Internet,Credit Card,Yes,No,Yes,Standard,66,62,2023.62,122381.77,8,135.07,2018-03-30,No
TEL10017,Female,West,Two Year,No Internet,Net Banking,No,Yes,No,Basic,60,108,1742.26,176908.35,7,61.49,2024-08-19,Yes
TEL10018,Female,North,One Year,5G,Debit Card,Yes,Yes,Yes,Basic,25,26,1739.62,42035.23,0,279.86,2022-05-06,No
TEL10019,Female,South,Monthly,DSL,Net Banking,Yes,Yes,No,Business,59,57,1733.93,97080.97,7,89.07,2018-12-30,Yes
TEL10020,Male,Central,One Year,5G,Auto Pay,No,No,Yes,Premium,29,37,1381.3,53363.09,10,305.57,2024-01-04,No
TEL10021,Female,North,Monthly,5G,Cash,No,Yes,Yes,Standard,59,16,1034.7,15767.89,3,132.5,2018-11-10,No
TEL10022,Male,Other,One Year,,UPI,No,Yes,No,Premium,30,37,1878.45,68964.29,5,116.25,2019-07-02,Yes
TEL10023,Female,North,One Year,Fiber Optic,Net Banking,No,No,Yes,Premium,43,76,885.89,67902.72,9,200.19,2020-03-06,Yes
TEL10024,Female,Other,One Year,5G,Debit Card,No,Yes,Yes,Basic,35,24,1447.67,34086.88,8,297.0,2022-03-10,No
TEL10025,Female,South,Two Year,5G,Net Banking,No,No,No,Standard,59,26,1195.72,29052.54,4,273.11,2022-02-18,No
TEL10026,Female,Other,Monthly,Fiber Optic,Credit Card,No,Yes,Yes,Premium,68,20,835.23,17805.67,6,123.12,2023-11-19,Yes
TEL10027,Female,North,Monthly,No Internet,Auto Pay,Yes,No,Yes,Business,69,9,2440.79,22006.23,0,445.67,2018-04-17,No
TEL10028,Female,Central,One Year,5G,Auto Pay,Yes,Yes,No,Business,66,87,794.13,71247.95,8,55.83,2020-05-06,No
TEL10029,Female,Northeast,Monthly,DSL,Auto Pay,No,Yes,No,Basic,37,103,910.37,95126.6,5,20.69,2018-10-18,No
TEL10030,Female,North,Monthly,DSL,Auto Pay,Yes,No,No,Business,33,29,570.65,17866.94,10,301.75,2021-10-04,Yes
TEL10031,Male,Other,Monthly,DSL,Auto Pay,Yes,Yes,No,Business,54,31,2091.86,63689.21,3,62.58,2019-09-09,No
TEL10032,Male,Northeast,One Year,5G,Auto Pay,No,No,No,Premium,20,19,1548.16,28723.64,5,252.94,2022-10-23,No
TEL10033,Female,Other,Monthly,No Internet,UPI,Yes,Yes,Yes,Business,44,20,1608.99,31047.88,4,475.93,2025-03-20,No
TEL10034,Female,Central,One Year,No Internet,Debit Card,No,No,No,Business,32,87,2086.29,175171.38,2,349.59,2021-06-04,No
TEL10035,Female,Other,Two Year,Fiber Optic,Auto Pay,Yes,Yes,Yes,Premium,51,107,987.72,100363.55,6,309.11,2025-03-28,No
TEL10036,Male,South,Monthly,5G,Debit Card,No,Yes,No,Basic,62,27,644.36,18728.88,2,287.83,2020-09-03,No
TEL10037,Female,West,Monthly,No Internet,Cash,Yes,Yes,Yes,Basic,39,94,655.33,65096.31,1,90.59,2023-07-30,No
TEL10038,Male,North,Monthly,5G,Auto Pay,Yes,No,Yes,Standard,57,85,1884.03,153256.6,3,216.89,2022-05-31,Yes
TEL10039,Male,West,Two Year,Fiber Optic,Net Banking,Yes,No,No,Business,40,44,1611.46,67709.38,6,171.92,2022-11-26,No
TEL10040,Male,Other,Monthly,Fiber Optic,Auto Pay,No,No,Yes,Premium,66,35,673.58,21657.12,4,476.58,2020-05-17,No
TEL10041,Male,Central,Monthly,Fiber Optic,,Yes,No,Yes,Standard,21,113,532.65,63672.35,8,121.92,2025-08-01,Yes
TEL10042,Male,North,Monthly,DSL,UPI,Yes,No,No,Basic,68,71,476.58,32717.77,9,236.29,2018-06-07,No
TEL10043,Female,Other,One Year,5G,Net Banking,No,Yes,No,Basic,58,22,1642.94,36255.67,6,469.1,2018-11-24,Yes
TEL10044,Female,Northeast,Monthly,Fiber Optic,Net Banking,No,Yes,No,Premium,40,74,199.27,15661.23,8,394.8,2025-08-14,No
TEL10045,Female,East,One Year,5G,Credit Card,Yes,Yes,No,Standard,64,87,241.13,20421.51,8,482.29,2025-05-04,No
TEL10046,Female,Other,Two Year,DSL,Auto Pay,Yes,Yes,Yes,Standard,26,15,1094.97,17167.54,1,304.56,2022-01-17,No
TEL10047,Female,West,Monthly,DSL,UPI,Yes,Yes,Yes,Premium,41,94,1789.1,164383.28,0,167.56,2024-07-02,No
TEL10048,Male,North,One Year,Fiber Optic,Net Banking,Yes,No,Yes,Premium,38,98,1797.59,180773.92,10,413.5,2024-12-30,No
TEL10049,Female,West,Monthly,Fiber Optic,UPI,No,Yes,Yes,Standard,58,13,1188.27,15101.69,3,146.44,2020-05-19,No
TEL10050,Female,North,Two Year,No Internet,Net Banking,Yes,No,Yes,Basic,63,4,1788.47,6944.25,3,83.22,2021-02-04,No
TEL10051,Male,Other,One Year,5G,Auto Pay,Yes,Yes,Yes,Business,70,82,1397.52,123572.73,1,353.44,2018-08-29,No
TEL10052,Female,South,Two Year,Fiber Optic,Cash,No,No,No,Basic,33,56,2445.94,138372.91,2,319.84,2024-10-18,Yes
TEL10053,Male,Northeast,Monthly,No Internet,Net Banking,Yes,No,Yes,Premium,42,23,572.66,12725.08,2,439.6,2025-07-14,No
TEL10054,Female,Other,Monthly,5G,Cash,Yes,No,Yes,Standard,43,97,1580.53,145095.07,4,481.0,2021-10-19,No
TEL10055,Male,West,Monthly,Fiber Optic,Net Banking,Yes,Yes,Yes,Standard,66,98,1328.85,118136.73,0,428.74,2022-10-15,No
TEL10056,Female,East,Monthly,No Internet,Debit Card,No,Yes,No,Business,62,34,646.27,22570.45,8,30.95,2022-04-06,Yes
TEL10057,Female,East,Monthly,No Internet,,No,Yes,No,Standard,26,100,1923.98,186046.62,7,332.59,2022-08-18,No
TEL10058,Male,Central,Monthly,5G,Credit Card,Yes,Yes,No,Business,32,99,832.67,86376.81,7,392.58,2022-04-12,Yes
TEL10059,Male,North,Monthly,No Internet,Cash,Yes,No,No,Basic,56,17,1076.93,17676.12,2,490.98,2025-03-21,No
TEL10060,Male,West,Monthly,5G,Credit Card,No,No,Yes,Basic,50,28,1061.11,28736.53,1,187.96,2019-02-17,No
TEL10061,Male,Central,One Year,5G,Auto Pay,Yes,No,Yes,Standard,18,14,760.67,11078.05,0,85.77,2023-05-13,No
TEL10062,Male,West,Monthly,5G,Credit Card,Yes,No,Yes,Standard,22,34,1189.62,39965.92,5,426.61,2019-07-23,Yes
TEL10063,Male,North,Monthly,DSL,Auto Pay,No,Yes,No,Premium,26,112,1287.7,152772.06,9,159.42,2022-07-13,No
TEL10064,Male,Other,Monthly,No Internet,Credit Card,No,No,Yes,Premium,61,75,1910.71,144195.23,0,299.5,2022-05-19,No
TEL10065,Male,Other,Monthly,5G,Cash,No,Yes,Yes,Standard,23,57,1958.66,105315.22,10,195.56,2024-12-06,No
TEL10066,Female,East,Two Year,Fiber Optic,Debit Card,Yes,No,Yes,Standard,45,77,563.68,43502.71,4,201.76,2025-06-08,No
TEL10067,Female,Other,Monthly,DSL,Credit Card,Yes,No,No,Basic,62,97,1562.38,136504.94,8,366.5,2018-05-31,No
TEL10068,Male,Other,One Year,DSL,Cash,Yes,No,No,Standard,43,55,2260.25,118872.73,10,181.38,2024-03-22,Yes
TEL10069,Female,South,Two Year,No Internet,Net Banking,Yes,Yes,No,Premium,45,66,449.21,27792.84,8,346.84,2021-07-07,No
TEL10070,Female,East,Two Year,5G,Auto Pay,No,Yes,Yes,Basic,57,98,1286.7,128335.3,3,8.15,2018-09-13,No
TEL10071,Female,Central,One Year,No Internet,,Yes,No,Yes,Business,32,117,1924.81,208197.02,6,163.0,2023-10-10,No
TEL10072,Female,Northeast,Two Year,DSL,UPI,Yes,No,Yes,Premium,23,93,1605.43,142170.83,10,160.2,2022-12-01,No
TEL10073,Male,South,Two Year,5G,Auto Pay,No,No,Yes,Premium,44,37,430.35,15280.23,6,374.67,2024-09-09,No
TEL10074,Female,Central,One Year,Fiber Optic,Debit Card,No,Yes,No,Basic,55,68,1111.19,68049.62,3,157.96,2021-11-21,No
TEL10075,Male,North,One Year,5G,Credit Card,Yes,Yes,Yes,Business,21,76,1365.65,94284.16,4,317.03,2021-03-31,Yes
TEL10076,Female,South,One Year,DSL,Debit Card,No,Yes,No,Premium,28,26,2489.44,61877.7,10,344.57,2024-08-24,Yes
TEL10077,Female,Central,One Year,Fiber Optic,UPI,No,No,Yes,Standard,38,61,609.8,34966.83,8,329.55,2018-12-15,No
TEL10078,Female,North,One Year,5G,Cash,Yes,Yes,No,Premium,47,92,2458.57,208329.33,6,302.04,2023-09-10,No
TEL10079,Male,East,Monthly,Fiber Optic,Auto Pay,Yes,No,Yes,Basic,35,67,1064.14,66146.08,6,207.39,2023-10-20,Yes
TEL10080,Female,Northeast,Monthly,Fiber Optic,Auto Pay,Yes,Yes,Yes,Basic,52,84,659.74,58211.05,9,187.28,2019-02-01,No
TEL10081,Male,North,Monthly,DSL,Debit Card,Yes,No,No,Basic,20,74,1151.45,87166.86,6,282.73,2023-08-12,No
TEL10082,Female,Other,Monthly,Fiber Optic,Cash,No,No,No,Premium,29,52,1611.19,82704.54,8,32.79,2025-02-22,Yes
TEL10083,Male,West,Monthly,No Internet,Debit Card,No,Yes,Yes,Business,44,18,690.04,13210.65,4,438.03,2021-03-04,No
TEL10084,Female,North,Monthly,DSL,Credit Card,Yes,No,Yes,Standard,70,53,869.31,41711.17,5,412.83,2018-05-26,Yes
TEL10085,Male,North,One Year,No Internet,Net Banking,Yes,No,Yes,Basic,47,63,2164.46,131191.3,2,173.85,2024-02-05,No
TEL10086,Male,Northeast,Monthly,Fiber Optic,Cash,No,No,No,Business,38,53,2496.72,138705.48,0,283.84,2018-09-21,Yes
TEL10087,Female,West,Two Year,No Internet,Net Banking,Yes,Yes,Yes,Standard,55,117,930.8,110329.37,10,466.18,2021-08-27,No
TEL10088,Male,Other,Monthly,5G,Credit Card,Yes,No,No,Basic,38,27,541.37,15738.17,1,136.55,2018-07-23,Yes
TEL10089,Female,Central,Monthly,Fiber Optic,Net Banking,Yes,Yes,Yes,Standard,55,31,2023.29,67113.33,7,371.49,2023-01-09,No
TEL10090,Female,Central,One Year,5G,UPI,Yes,Yes,Yes,Standard,57,91,1580.05,133804.41,0,42.28,2025-07-09,No
TEL10091,Female,North,One Year,No Internet,Net Banking,No,No,Yes,Business,32,106,429.92,48987.45,9,262.16,2023-10-08,No
TEL10092,Female,West,Monthly,5G,Credit Card,Yes,Yes,Yes,Standard,35,1,2376.57,2543.4,6,442.1,2020-09-14,Yes
TEL10093,Female,West,Two Year,Fiber Optic,Net Banking,No,No,No,Basic,69,6,378.51,2196.68,4,276.3,2021-09-09,No
TEL10094,Female,Other,Two Year,5G,Auto Pay,Yes,Yes,No,Business,46,11,1637.32,19395.86,5,308.51,2024-01-24,No
TEL10095,Female,Northeast,Monthly,No Internet,Debit Card,Yes,No,Yes,Premium,65,34,1174.06,36183.79,7,453.91,2021-09-22,Yes
TEL10096,Female,East,Monthly,No Internet,UPI,No,Yes,Yes,Premium,55,103,1479.24,155246.7,3,357.96,2025-10-09,No
TEL10097,Female,Central,Two Year,No Internet,Auto Pay,Yes,No,Yes,Business,38,84,689.39,54892.1,5,348.24,2022-09-23,Yes
TEL10098,Female,Northeast,One Year,Fiber Optic,Auto Pay,No,No,No,Premium,34,63,1781.65,103635.22,10,293.61,2024-04-08,Yes
TEL10099,Female,South,One Year,No Internet,Credit Card,Yes,No,Yes,Standard,58,53,2406.36,128041.65,2,316.86,2023-06-04,Yes
TEL10100,Male,Central,Two Year,Fiber Optic,Debit Card,Yes,No,No,Basic,68,85,1253.38,101758.36,6,402.05,2022-08-17,Yes
TEL10101,Male,Northeast,Monthly,5G,Debit Card,Yes,Yes,No,Standard,35,85,1401.8,121539.46,1,489.64,2020-06-26,No
TEL10102,Female,Central,Monthly,No Internet,Cash,Yes,Yes,No,Business,54,18,750.57,13472.39,7,397.87,2021-03-29,Yes
TEL10103,Female,East,Monthly,5G,UPI,Yes,No,No,Basic,55,21,2250.3,45870.09,6,354.06,2025-09-25,No
TEL10104,Female,South,One Year,DSL,Credit Card,No,Yes,Yes,Business,29,19,2432.7,43111.9,7,68.64,2021-06-12,No
TEL10105,Female,East,One Year,5G,UPI,No,No,Yes,Business,28,4,2007.48,8095.97,1,408.72,2022-01-16,Yes
TEL10106,Female,Other,One Year,DSL,Cash,Yes,No,No,Business,65,77,1447.38,116938.37,2,368.26,2018-07-18,No
TEL10107,Female,South,Monthly,5G,Net Banking,Yes,Yes,Yes,Standard,69,82,2399.63,198343.98,3,385.45,2022-02-09,No
TEL10108,Female,North,Monthly,Fiber Optic,Auto Pay,No,Yes,Yes,Basic,66,116,552.86,64766.28,8,116.32,2020-11-22,No
TEL10109,Female,Northeast,Monthly,5G,UPI,No,No,Yes,Basic,37,29,1299.53,37389.81,4,451.82,2024-09-21,Yes
TEL10110,Male,South,One Year,Fiber Optic,Auto Pay,Yes,Yes,No,Basic,26,25,1435.49,34806.44,5,49.54,2021-01-17,Yes
TEL10111,Female,Other,One Year,Fiber Optic,Credit Card,Yes,No,Yes,Standard,18,56,1330.41,73187.42,0,127.55,2024-03-18,No
TEL10112,Male,Other,Monthly,No Internet,Net Banking,No,Yes,Yes,Premium,20,77,2044.56,169729.25,3,331.85,2021-06-14,No
TEL10113,Female,East,Two Year,Fiber Optic,Credit Card,Yes,Yes,Yes,Standard,38,63,1740.93,113510.8,3,337.18,2021-03-29,No
TEL10114,Female,Central,Monthly,DSL,Net Banking,No,Yes,Yes,Standard,40,27,490.31,12940.52,9,157.35,2023-01-30,No
TEL10115,Male,South,Two Year,No Internet,Net Banking,Yes,Yes,Yes,Business,26,60,995.84,58693.62,7,351.06,2025-11-27,Yes
TEL10116,Female,Northeast,Monthly,No Internet,,No,Yes,Yes,Basic,36,83,978.88,80429.19,7,194.58,2025-10-06,No
TEL10117,Male,South,One Year,5G,Credit Card,No,No,Yes,Basic,62,49,1499.95,74870.23,9,1.09,2021-08-06,No
TEL10118,Female,West,Monthly,Fiber Optic,Credit Card,Yes,Yes,Yes,Premium,63,65,869.35,55596.42,5,82.14,2023-03-18,Yes
TEL10119,Female,Central,Two Year,Fiber Optic,UPI,No,Yes,Yes,Premium,69,38,468.73,18230.53,7,441.43,2025-02-14,No
TEL10120,Male,Northeast,Monthly,DSL,Credit Card,Yes,No,Yes,Business,36,83,1702.47,135547.37,8,112.12,2019-08-01,Yes
TEL10121,Female,Northeast,Monthly,5G,UPI,Yes,No,No,Basic,40,52,2156.38,109206.82,4,57.34,2025-01-24,No
TEL10122,Male,North,Monthly,5G,Debit Card,Yes,No,Yes,Premium,44,1,2341.7,2471.73,0,341.42,2018-12-01,No
TEL10123,Female,East,Monthly,No Internet,Debit Card,Yes,Yes,No,Premium,44,40,2435.93,93462.06,0,220.91,2020-10-17,No
TEL10124,Male,North,Monthly,No Internet,Debit Card,No,Yes,Yes,Basic,56,81,1995.57,173537.74,1,398.5,2024-04-12,No
TEL10125,Male,Northeast,Two Year,No Internet,Cash,Yes,No,No,Standard,53,21,520.32,10173.33,1,430.86,2021-09-08,No
TEL10126,Female,Central,Monthly,DSL,Credit Card,Yes,No,No,Premium,29,86,2161.16,175359.12,4,423.15,2023-05-17,Yes
TEL10127,Female,South,One Year,DSL,Cash,Yes,No,Yes,Basic,44,15,1118.91,16506.09,6,157.19,2019-09-03,No
TEL10128,Male,South,One Year,No Internet,Credit Card,Yes,No,No,Premium,63,50,1877.8,97977.37,6,253.27,2018-11-25,No
TEL10129,Female,Central,One Year,5G,UPI,No,Yes,No,Business,51,103,1420.92,150991.8,3,325.42,2019-07-01,No
TEL10130,Female,Northeast,Monthly,DSL,Cash,Yes,Yes,No,Premium,50,48,2104.79,94099.66,3,161.67,2018-12-05,Yes
TEL10131,Female,Other,Monthly,5G,Cash,No,Yes,Yes,Basic,45,103,1177.66,114336.82,10,21.51,2020-03-17,No
TEL10132,Male,South,One Year,5G,Cash,No,Yes,No,Premium,48,32,341.13,10954.88,9,248.34,2020-10-30,Yes
TEL10133,Male,Other,Two Year,Fiber Optic,Net Banking,No,Yes,No,Business,49,49,1479.69,69106.48,2,7.4,2025-07-03,No
TEL10134,Male,South,Monthly,No Internet,,Yes,No,Yes,Business,67,68,592.97,39354.98,10,475.37,2019-03-06,No
TEL10135,Male,South,Monthly,Fiber Optic,Debit Card,Yes,Yes,No,Premium,37,108,2419.69,258082.66,1,398.55,2022-03-11,No
TEL10136,Male,East,Monthly,No Internet,UPI,Yes,No,No,Premium,57,45,1411.02,63938.1,2,96.81,2020-03-16,No
TEL10137,Male,East,Two Year,No Internet,Net Banking,Yes,No,No,Business,52,32,1472.19,44527.94,7,144.5,2022-08-24,No
TEL10138,Male,West,Monthly,5G,,No,No,Yes,Business,48,4,2285.71,8497.04,0,491.44,2025-04-13,Yes
TEL10139,Male,North,Monthly,No Internet,UPI,No,Yes,No,Standard,48,117,1635.55,185951.8,3,187.4,2022-06-01,Yes
TEL10140,Male,Central,Two Year,5G,Cash,Yes,No,Yes,Standard,55,65,895.28,53233.09,6,392.08,2023-09-14,No
TEL10141,Female,Central,Monthly,5G,Debit Card,Yes,Yes,No,Business,39,97,880.02,84919.57,4,223.96,2023-06-22,No
TEL10142,Male,Central,Monthly,No Internet,Debit Card,Yes,No,No,Premium,62,71,1352.63,100946.99,1,432.18,2019-07-11,No
TEL10143,Female,West,One Year,5G,Credit Card,Yes,Yes,No,Basic,58,73,2192.2,147454.69,0,352.17,2022-08-13,No
TEL10144,Female,East,Two Year,5G,UPI,Yes,No,No,Premium,26,65,2026.88,121245.83,5,12.43,2019-05-06,Yes
TEL10145,Female,Northeast,Monthly,5G,Net Banking,Yes,Yes,Yes,Premium,69,80,2413.3,176545.29,4,147.9,2022-05-23,No
TEL10146,Male,Other,Monthly,DSL,Credit Card,Yes,No,No,Standard,26,18,364.34,6903.18,2,279.44,2018-09-11,No
TEL10147,Male,Other,Monthly,5G,UPI,No,No,Yes,Standard,32,54,816.15,40305.12,10,463.16,2018-01-17,Yes
TEL10148,Male,Northeast,Monthly,DSL,Auto Pay,No,No,No,Standard,30,47,383.48,19411.79,10,51.91,2018-09-18,No
TEL10149,Male,West,One Year,,Debit Card,No,No,Yes,Business,39,6,1926.48,11148.54,10,300.98,2023-01-23,No
TEL10150,Female,Northeast,Monthly,5G,Net Banking,No,Yes,No,Business,33,66,522.92,33103.81,8,151.79,2021-07-03,No
TEL10151,Male,Central,Monthly,5G,Cash,Yes,Yes,No,Premium,49,9,428.74,3536.44,2,444.77,2025-08-07,No
TEL10152,Male,North,Monthly,DSL,Net Banking,Yes,Yes,Yes,Premium,19,68,1490.85,101926.8,1,382.82,2023-03-02,No
TEL10153,Male,South,One Year,DSL,Cash,Yes,No,Yes,Basic,43,109,1145.41,125531.22,4,185.48,2021-12-18,Yes
TEL10154,Male,Other,One Year,5G,Net Banking,Yes,No,Yes,Premium,31,23,1843.73,41934.45,8,84.38,2019-05-16,Yes
TEL10155,Male,East,Two Year,5G,Debit Card,Yes,No,Yes,Premium,55,118,1319.14,148807.0,7,6.74,2020-10-12,No
TEL10156,Female,East,Monthly,No Internet,Cash,No,No,No,Standard,51,107,1177.27,121728.39,5,310.95,2024-05-22,Yes
TEL10157,Male,West,Two Year,DSL,UPI,Yes,No,Yes,Standard,25,109,1177.65,122932.85,2,203.66,2023-08-17,No
TEL10158,Female,East,Two Year,DSL,Cash,No,No,Yes,Standard,53,43,2204.32,92577.85,5,158.06,2021-05-07,No
TEL10159,Male,Central,Monthly,No Internet,Credit Card,Yes,Yes,Yes,Standard,38,51,1108.02,54334.66,4,492.77,2025-05-30,No
TEL10160,Female,Other,Monthly,DSL,UPI,No,Yes,No,Standard,63,72,965.81,71039.87,0,233.6,2023-08-02,No
TEL10161,Male,Northeast,Monthly,Fiber Optic,Credit Card,Yes,Yes,No,Basic,60,103,977.63,95987.51,4,375.17,2022-08-13,Yes
TEL10162,Male,Central,Monthly,DSL,Net Banking,No,Yes,No,Basic,45,25,651.18,15679.61,6,89.53,2023-10-01,No
TEL10163,Female,West,Monthly,No Internet,UPI,Yes,Yes,No,Basic,63,80,2178.58,170518.81,8,7.71,2024-04-09,Yes
TEL10164,Female,Central,Monthly,Fiber Optic,Net Banking,Yes,Yes,Yes,Standard,61,35,536.25,16905.26,0,209.36,2021-05-27,No
TEL10165,Female,Northeast,Monthly,5G,Auto Pay,Yes,Yes,No,Business,65,17,2288.8,38465.05,2,333.17,2025-01-09,No
TEL10166,Male,North,One Year,No Internet,Net Banking,Yes,Yes,Yes,Standard,23,18,850.98,14491.22,7,253.79,2018-04-19,Yes
TEL10167,Female,West,Monthly,No Internet,Net Banking,No,No,No,Standard,37,27,2267.68,55723.45,5,445.34,2020-07-09,No
TEL10168,Male,North,One Year,5G,Credit Card,Yes,No,Yes,Basic,48,15,2017.89,32205.04,4,217.56,2018-03-07,No
TEL10169,Male,South,One Year,No Internet,Cash,No,No,Yes,Standard,50,81,1537.57,119316.76,9,156.19,2018-07-21,Yes
TEL10170,Female,North,Two Year,DSL,Auto Pay,Yes,No,Yes,Basic,61,107,1738.78,181713.64,1,458.11,2022-12-23,No
TEL10171,Female,South,One Year,5G,Net Banking,No,No,Yes,Standard,24,69,948.44,68643.92,2,203.99,2018-08-02,No
TEL10172,Male,South,Monthly,No Internet,Net Banking,Yes,No,Yes,Premium,25,80,1519.73,113070.59,1,135.55,2023-10-17,No
TEL10173,Male,North,One Year,5G,Auto Pay,Yes,No,No,Business,26,15,871.53,13766.54,0,49.73,2025-09-07,Yes
TEL10174,Female,West,Monthly,5G,Auto Pay,No,Yes,Yes,Business,19,42,1124.23,44549.62,6,396.86,2025-12-23,Yes
TEL10175,Female,Northeast,Monthly,5G,UPI,Yes,Yes,Yes,Basic,34,110,1957.72,216647.07,2,412.72,2018-11-23,No
TEL10176,Female,Central,Two Year,Fiber Optic,Credit Card,Yes,No,Yes,Premium,69,34,760.04,26446.62,6,17.62,2020-12-09,No
TEL10177,Male,Central,Monthly,No Internet,Auto Pay,No,Yes,Yes,Business,62,48,2128.35,108586.97,6,179.96,2020-11-06,Yes
TEL10178,Male,Northeast,Monthly,Fiber Optic,Auto Pay,Yes,Yes,No,Basic,54,83,1063.53,89100.54,7,375.19,2019-06-07,No
TEL10179,Male,Other,One Year,No Internet,Debit Card,No,Yes,No,Standard,59,8,1422.99,11174.25,0,473.24,2020-09-14,No
TEL10180,Male,Other,Two Year,DSL,Cash,Yes,Yes,Yes,Standard,61,111,2365.51,263361.55,4,189.53,2020-09-30,No
TEL10181,Male,South,One Year,DSL,Auto Pay,No,Yes,Yes,Premium,34,10,1765.89,16535.35,9,436.15,2019-05-19,Yes
TEL10182,Male,South,Monthly,DSL,Credit Card,No,No,Yes,Business,70,5,1683.89,8621.8,8,197.47,2021-06-02,No
TEL10183,Female,West,One Year,No Internet,Cash,No,Yes,Yes,Standard,55,116,1835.7,198810.11,10,90.57,2020-01-26,Yes
TEL10184,Male,East,Monthly,5G,Cash,No,No,No,Basic,52,48,2310.66,110945.46,6,2.72,2021-09-03,No
TEL10185,Male,North,One Year,5G,Net Banking,Yes,No,No,Standard,64,117,770.58,91651.65,0,165.76,2024-11-25,No
TEL10186,Male,South,Two Year,Fiber Optic,Net Banking,Yes,No,Yes,Standard,56,26,1609.45,44429.46,7,189.86,2023-02-11,No
TEL10187,Female,Central,One Year,Fiber Optic,Net Banking,No,Yes,Yes,Business,47,86,1119.91,94485.62,2,472.61,2023-03-30,No
TEL10188,Male,West,Two Year,DSL,Net Banking,Yes,No,Yes,Business,23,108,226.27,25403.89,3,103.83,2025-12-15,No
TEL10189,Male,North,Monthly,Fiber Optic,Debit Card,Yes,No,Yes,Basic,21,23,487.19,10422.74,3,191.73,2025-02-01,Yes
TEL10190,Female,West,One Year,No Internet,Auto Pay,Yes,No,Yes,Premium,68,62,946.48,54463.44,9,13.55,2021-10-13,No
TEL10191,Male,North,Two Year,No Internet,Net Banking,No,No,No,Premium,54,13,1498.5,19372.65,7,382.01,2022-02-15,Yes
TEL10192,Male,North,Monthly,Fiber Optic,UPI,Yes,Yes,No,Standard,52,9,2226.39,20184.61,0,457.66,2025-12-26,No
TEL10193,Male,Northeast,Two Year,Fiber Optic,Net Banking,Yes,No,Yes,Basic,26,113,2018.56,231249.9,7,119.67,2021-12-23,Yes
TEL10194,Male,South,Monthly,Fiber Optic,Auto Pay,No,No,No,Premium,23,20,1471.67,30440.65,8,215.07,2025-10-15,Yes
TEL10195,Male,West,One Year,Fiber Optic,Net Banking,Yes,No,No,Premium,30,92,368.9,32346.65,8,61.93,2022-03-01,No
TEL10196,Female,West,One Year,DSL,Debit Card,No,No,No,Standard,39,108,856.58,93627.19,4,228.96,2024-11-24,No
TEL10197,Female,Northeast,One Year,DSL,Credit Card,No,Yes,Yes,Basic,45,57,1042.43,55488.87,3,67.54,2022-05-14,No
TEL10198,Female,Central,Monthly,Fiber Optic,Credit Card,No,No,No,Premium,47,101,1628.95,154557.02,3,262.15,2025-11-25,Yes
TEL10199,Male,Central,One Year,No Internet,Auto Pay,Yes,No,No,Business,69,24,348.32,7624.99,8,367.58,2023-03-03,Yes
TEL10200,Male,Other,One Year,DSL,Credit Card,Yes,No,Yes,Business,53,108,1418.45,158471.63,7,277.12,2021-08-16,No
TEL10201,Male,South,Two Year,No Internet,Credit Card,No,No,No,Standard,19,33,2272.37,74332.72,9,123.36,2023-11-02,No
TEL10202,Female,South,Monthly,5G,UPI,No,No,Yes,Standard,53,20,1821.5,34348.88,9,177.54,2024-08-21,Yes
TEL10203,Male,East,Monthly,No Internet,Auto Pay,No,No,No,Standard,25,60,2032.28,121951.77,6,319.65,2022-07-11,No
TEL10204,Male,Northeast,One Year,Fiber Optic,Auto Pay,No,Yes,Yes,Standard,62,48,1766.85,81735.6,2,295.29,2021-09-05,No
TEL10205,Female,Central,Monthly,5G,Credit Card,No,No,Yes,Premium,59,64,674.15,45332.99,3,69.25,2024-03-01,No
TEL10206,Male,North,One Year,DSL,Credit Card,No,Yes,No,Basic,67,30,453.11,13526.24,8,422.63,2021-10-10,Yes
TEL10207,Female,West,One Year,DSL,Credit Card,Yes,Yes,No,Standard,26,108,2106.83,206004.83,7,238.12,2020-10-05,No
TEL10208,Female,South,Two Year,5G,Cash,No,No,Yes,Standard,18,73,1798.66,141454.09,0,82.02,2021-08-10,No
TEL10209,Female,West,One Year,No Internet,Debit Card,No,Yes,Yes,Premium,30,109,1521.64,151491.04,2,62.29,2024-12-26,No
TEL10210,Male,West,Monthly,DSL,Net Banking,No,No,No,Standard,67,113,634.35,73493.12,9,482.81,2019-06-23,No
TEL10211,Male,East,Monthly,Fiber Optic,Debit Card,Yes,Yes,No,Standard,32,17,1586.69,26399.35,1,141.49,2018-01-17,No
TEL10212,Male,Central,Monthly,5G,Auto Pay,Yes,No,No,Basic,49,100,271.04,25609.95,1,454.39,2019-07-29,No
TEL10213,Male,South,Monthly,Fiber Optic,UPI,Yes,Yes,No,Business,51,14,472.33,6756.53,7,205.88,2022-12-08,No
TEL10214,Male,West,Monthly,5G,Net Banking,Yes,Yes,Yes,Standard,60,19,916.35,16064.14,5,193.57,2025-03-08,No
TEL10215,Male,South,One Year,DSL,UPI,No,No,Yes,Premium,48,71,1219.6,91309.49,5,350.76,2020-11-28,No
TEL10216,Male,North,One Year,No Internet,Cash,Yes,Yes,Yes,Basic,31,59,476.3,26559.2,3,5.93,2018-05-10,No
TEL10217,Female,East,One Year,5G,Auto Pay,No,Yes,No,Premium,64,67,474.86,30704.04,0,169.71,2023-12-03,Yes
TEL10218,Male,North,Two Year,5G,Cash,No,Yes,No,Basic,31,97,1868.56,183765.32,10,152.02,2022-01-13,Yes
TEL10219,Female,South,Two Year,Fiber Optic,Auto Pay,No,Yes,Yes,Basic,65,44,1509.35,59782.56,6,434.18,2020-08-07,No
TEL10220,Male,Other,Two Year,DSL,UPI,No,Yes,Yes,Standard,46,32,1426.61,44971.07,7,265.03,2020-12-04,No
TEL10221,Male,South,One Year,Fiber Optic,UPI,No,No,Yes,Standard,64,111,1239.6,145984.09,1,182.92,2018-08-04,No
TEL10222,Male,Central,One Year,DSL,UPI,No,Yes,Yes,Standard,36,11,2445.05,27500.02,1,133.77,2022-06-12,Yes
TEL10223,Female,West,Monthly,Fiber Optic,Auto Pay,Yes,Yes,Yes,Business,44,106,313.54,32232.27,0,295.66,2025-12-05,No
TEL10224,Female,West,Monthly,5G,Credit Card,Yes,No,Yes,Business,26,2,614.44,1252.08,3,76.68,2021-12-09,Yes
TEL10225,Female,North,Monthly,Fiber Optic,UPI,Yes,No,No,Premium,54,90,1688.27,162365.02,5,123.86,2025-06-29,No
TEL10226,Female,East,Two Year,No Internet,Cash,Yes,No,Yes,Standard,54,68,512.64,32551.99,4,147.51,2020-09-29,No
TEL10227,Male,Other,One Year,DSL,Net Banking,Yes,Yes,Yes,Business,60,17,1554.58,26314.89,3,304.35,2024-05-01,No
TEL10228,Female,Northeast,Monthly,DSL,Auto Pay,No,Yes,Yes,Standard,45,81,1504.85,114853.87,3,187.25,2023-05-01,No
TEL10229,Male,West,Monthly,5G,Cash,Yes,Yes,Yes,Business,69,92,2432.31,235802.63,9,253.39,2022-01-03,No
TEL10230,Male,Central,One Year,DSL,Debit Card,Yes,Yes,Yes,Business,41,94,2230.79,215940.85,6,325.57,2019-09-09,Yes
TEL10231,Female,North,Monthly,No Internet,Debit Card,Yes,No,Yes,Basic,45,40,2373.77,99147.02,6,478.18,2023-02-13,Yes
TEL10232,Female,North,Monthly,Fiber Optic,Net Banking,No,No,Yes,Standard,53,87,460.29,42838.07,1,382.65,2018-10-28,No
TEL10233,Female,Northeast,Two Year,5G,Credit Card,No,Yes,No,Standard,69,46,2195.74,95127.18,6,203.22,2020-09-11,No
TEL10234,Female,Central,Monthly,No Internet,UPI,No,Yes,Yes,Business,35,88,495.91,39658.77,1,374.39,2021-04-09,Yes
TEL10235,Female,East,Monthly,DSL,Auto Pay,Yes,Yes,No,Standard,42,93,1654.74,146559.87,3,474.9,2019-02-10,No
TEL10236,Female,Central,One Year,DSL,Cash,Yes,Yes,No,Business,52,4,1855.18,7211.79,0,250.19,2018-06-10,No
TEL10237,Female,East,Two Year,No Internet,UPI,Yes,No,No,Standard,21,38,568.96,21891.36,4,205.84,2022-12-24,No
TEL10238,Female,Central,One Year,Fiber Optic,Cash,Yes,No,Yes,Basic,31,63,1654.12,108751.72,0,39.93,2022-04-25,Yes
TEL10239,Male,Central,Monthly,Fiber Optic,Auto Pay,Yes,Yes,Yes,Standard,56,29,319.66,8926.82,3,446.29,2018-01-26,No
TEL10240,Female,South,Monthly,5G,Debit Card,No,No,Yes,Basic,43,19,873.51,16351.55,8,123.97,2018-03-24,No
TEL10241,Female,North,Monthly,DSL,UPI,Yes,Yes,Yes,Premium,25,91,2317.66,219635.26,7,32.91,2018-06-22,No
TEL10242,Male,Central,One Year,No Internet,Net Banking,No,Yes,Yes,Standard,41,29,593.98,16201.53,5,269.06,2020-09-25,No
TEL10243,Female,Northeast,One Year,Fiber Optic,Credit Card,Yes,No,Yes,Standard,33,120,349.12,39342.35,7,423.1,2022-09-05,No
TEL10244,Male,Central,Monthly,5G,Net Banking,No,Yes,Yes,Standard,37,100,1219.46,122685.23,4,203.91,2025-10-12,Yes
TEL10245,Male,West,Two Year,DSL,Credit Card,No,No,Yes,Basic,32,35,2155.42,73817.01,6,391.75,2025-11-22,Yes
TEL10246,Female,North,Monthly,DSL,Cash,No,Yes,Yes,Standard,24,116,375.35,46623.34,7,418.36,2018-01-06,No
TEL10247,Male,West,Monthly,5G,UPI,No,No,Yes,Standard,34,70,1016.73,68627.84,6,227.75,2025-10-14,No
TEL10248,Male,North,Monthly,5G,UPI,Yes,Yes,No,Business,39,23,2268.48,54090.91,3,295.89,2019-06-09,Yes
TEL10249,Male,West,Monthly,Fiber Optic,Credit Card,Yes,No,Yes,Premium,39,103,470.76,48728.62,4,267.42,2023-10-12,Yes
TEL10250,Male,Central,One Year,No Internet,Debit Card,Yes,Yes,Yes,Basic,29,46,913.54,38233.38,9,469.66,2023-08-08,No
TEL10251,Female,Central,Monthly,DSL,Auto Pay,No,Yes,Yes,Business,35,44,1989.37,80108.61,5,363.03,2020-01-31,No
TEL10252,Male,South,Monthly,No Internet,Net Banking,Yes,No,No,Basic,63,48,1448.39,65112.77,10,462.75,2018-07-24,No
TEL10253,Female,Northeast,One Year,DSL,Cash,Yes,Yes,Yes,Business,64,52,2113.37,101737.44,5,110.78,2020-06-15,No
TEL10254,Male,West,Monthly,DSL,Net Banking,Yes,No,Yes,Premium,32,8,455.67,3496.95,8,155.81,2022-11-24,Yes
TEL10255,Male,East,One Year,No Internet,Net Banking,Yes,No,No,Business,54,55,2316.27,127932.2,9,36.39,2023-09-19,No
TEL10256,Male,South,Two Year,5G,Cash,No,Yes,Yes,Basic,33,66,2349.3,156360.17,1,250.45,2021-04-03,Yes
TEL10257,Male,West,Monthly,Fiber Optic,Cash,No,Yes,No,Standard,22,77,556.22,43077.27,5,437.09,2023-07-29,Yes
TEL10258,Female,West,Monthly,DSL,UPI,Yes,Yes,No,Standard,19,40,276.91,10203.24,2,164.1,2022-04-02,Yes
TEL10259,Female,South,Monthly,5G,Net Banking,Yes,Yes,No,Premium,69,85,2475.64,212121.37,1,65.01,2020-05-26,Yes
TEL10260,Male,Central,Monthly,DSL,Auto Pay,Yes,No,No,Basic,45,31,1308.18,39489.23,5,35.15,2020-04-04,No
TEL10261,Male,West,Monthly,Fiber Optic,Auto Pay,No,Yes,Yes,Basic,58,116,1514.77,186704.1,3,224.3,2024-09-11,No
TEL10262,Female,Central,One Year,DSL,Credit Card,No,Yes,No,Basic,44,48,1615.58,82523.09,4,82.85,2022-01-22,Yes
TEL10263,Male,South,One Year,Fiber Optic,Cash,No,Yes,No,Premium,48,100,2015.24,209236.58,4,173.71,2022-12-22,No
TEL10264,Male,Central,Monthly,Fiber Optic,UPI,Yes,No,Yes,Standard,58,61,2066.57,129408.85,2,410.17,2025-05-05,Yes
TEL10265,Male,North,Two Year,DSL,Auto Pay,No,Yes,Yes,Business,53,112,645.03,66513.85,3,192.64,2021-01-06,No
TEL10266,Female,East,One Year,DSL,Debit Card,No,No,Yes,Premium,64,52,743.26,35373.78,2,305.33,2020-04-18,No
TEL10267,Female,Other,Two Year,Fiber Optic,UPI,No,Yes,No,Business,60,38,2215.72,88520.9,6,251.58,2019-08-23,No
TEL10268,Female,West,One Year,5G,UPI,No,No,Yes,Standard,18,91,2083.89,185246.4,0,359.55,2025-04-26,No
TEL10269,Male,Northeast,One Year,No Internet,Auto Pay,No,Yes,No,Premium,67,36,1619.52,57209.26,5,78.93,2023-05-16,No
TEL10270,Male,East,Monthly,Fiber Optic,Debit Card,Yes,Yes,No,Standard,46,112,2486.81,293173.78,3,460.3,2020-07-26,No
TEL10271,Female,Other,Monthly,DSL,Credit Card,Yes,No,Yes,Business,18,87,1889.92,166372.7,0,322.17,2019-03-01,No
TEL10272,Female,Central,Two Year,DSL,Auto Pay,Yes,Yes,Yes,Basic,25,55,695.42,35658.45,0,136.21,2024-08-31,No
TEL10273,Female,West,Monthly,5G,Debit Card,Yes,Yes,Yes,Basic,33,85,2146.28,171119.69,4,62.5,2025-12-15,No
TEL10274,Female,Central,Two Year,No Internet,UPI,No,Yes,Yes,Business,45,13,1152.89,13506.02,4,75.71,2025-04-24,No
TEL10275,Male,North,One Year,Fiber Optic,Debit Card,Yes,No,Yes,Basic,39,37,282.15,10731.03,9,391.55,2023-11-08,No
TEL10276,Female,South,Monthly,Fiber Optic,,Yes,Yes,Yes,Business,35,47,938.27,43543.49,6,294.47,2024-08-29,No
TEL10277,Male,West,Monthly,No Internet,Auto Pay,Yes,No,No,Premium,39,90,1955.17,188457.69,3,191.0,2020-09-23,No
TEL10278,Female,Other,Monthly,Fiber Optic,Cash,No,No,No,Premium,58,104,2407.47,257518.21,8,167.12,2025-05-18,No
TEL10279,Male,Other,Two Year,No Internet,Auto Pay,Yes,No,Yes,Premium,29,71,834.11,54399.23,3,428.02,2021-06-21,No
TEL10280,Female,North,Monthly,DSL,Net Banking,No,Yes,No,Basic,36,110,765.99,78283.05,6,437.51,2019-02-26,Yes
TEL10281,Female,North,,No Internet,Net Banking,No,No,No,Standard,42,103,1495.32,152525.59,4,291.05,2021-04-20,No
TEL10282,Female,West,Monthly,Fiber Optic,Net Banking,No,No,No,Basic,67,22,2065.87,48470.48,4,262.75,2025-12-31,Yes
TEL10283,Female,Central,Monthly,No Internet,Auto Pay,Yes,Yes,No,Basic,22,39,1916.01,70577.57,5,408.41,2022-07-16,Yes
TEL10284,Male,Northeast,,5G,,No,No,No,Standard,51,87,1486.91,135648.7,7,374.92,2023-10-02,Yes
TEL10285,Female,Other,Monthly,DSL,Auto Pay,Yes,No,No,Standard,56,58,1651.2,91575.76,4,200.76,2020-10-10,No
TEL10286,Male,Other,Two Year,DSL,,Yes,Yes,Yes,Standard,27,30,755.83,21508.99,2,42.29,2019-11-16,No
TEL10287,Male,North,Monthly,No Internet,Debit Card,Yes,Yes,Yes,Standard,64,18,1193.92,22828.36,5,384.48,2024-02-05,Yes
TEL10288,Male,East,Monthly,Fiber Optic,Auto Pay,No,No,Yes,Basic,24,106,786.34,75725.62,1,85.18,2018-10-20,No
TEL10289,Male,North,Monthly,5G,Auto Pay,No,Yes,No,Business,54,18,2233.16,40957.94,7,9.17,2024-08-19,Yes
TEL10290,Female,Northeast,Monthly,DSL,UPI,Yes,Yes,Yes,Premium,64,110,457.88,45721.48,7,421.81,2020-12-13,No
TEL10291,Male,Central,Two Year,DSL,UPI,No,Yes,Yes,Business,69,74,1762.4,136173.9,2,289.55,2025-10-14,No
TEL10292,Male,Central,One Year,Fiber Optic,UPI,No,No,Yes,Basic,69,39,797.65,32641.77,7,445.94,2018-01-16,No
TEL10293,Male,East,Monthly,Fiber Optic,Auto Pay,No,No,No,Standard,32,94,1292.83,128915.31,8,242.81,2018-06-25,No
TEL10294,Female,Other,One Year,5G,Credit Card,Yes,Yes,Yes,Premium,59,26,887.65,21544.07,4,463.31,2022-04-13,Yes
TEL10295,Female,North,Monthly,No Internet,Debit Card,No,No,No,Premium,41,71,942.46,61722.73,4,177.63,2021-11-30,No
TEL10296,Female,Central,Monthly,Fiber Optic,Debit Card,No,Yes,Yes,Business,43,7,797.9,5533.0,5,362.54,2022-01-30,No
TEL10297,Female,Northeast,,No Internet,Cash,Yes,Yes,Yes,Basic,43,69,1930.42,126391.7,6,151.19,2023-03-19,Yes
TEL10298,Male,West,One Year,5G,Credit Card,No,Yes,Yes,Basic,63,65,1040.15,68227.27,2,1.58,2018-05-09,No
TEL10299,Male,South,Two Year,No Internet,Credit Card,Yes,Yes,No,Basic,43,46,1869.62,85355.31,4,190.49,2020-06-02,No
TEL10300,Female,South,Monthly,,Debit Card,No,Yes,No,Premium,27,18,1247.96,20802.65,0,369.14,2021-06-21,No
TEL10301,Male,South,One Year,No Internet,Net Banking,No,No,No,Business,34,13,1457.67,19576.35,10,75.86,2019-03-02,Yes
TEL10302,Male,Other,Monthly,5G,UPI,No,No,No,Premium,70,25,1448.56,37832.08,9,252.9,2024-07-29,Yes
TEL10303,Male,North,Monthly,5G,UPI,No,No,No,Premium,31,104,2443.46,272758.96,4,106.95,2020-01-20,No
TEL10304,Female,East,Two Year,5G,Debit Card,No,No,Yes,Standard,19,8,1043.24,8105.53,3,38.24,2020-01-14,Yes
TEL10305,Female,Central,Monthly,No Internet,Credit Card,No,Yes,Yes,Business,65,74,676.67,48110.31,0,309.11,2020-10-23,No
TEL10306,Male,West,Two Year,DSL,Cash,Yes,Yes,No,Standard,30,32,2296.12,68671.05,6,476.03,2019-04-24,Yes
TEL10307,Female,Northeast,One Year,Fiber Optic,Net Banking,No,No,No,Basic,44,17,601.13,9529.98,0,156.04,2020-09-02,No
TEL10308,Female,West,Monthly,DSL,Debit Card,No,No,Yes,Premium,26,102,2118.17,206933.64,7,290.74,2018-02-13,No
TEL10309,Female,Northeast,Monthly,No Internet,UPI,No,Yes,No,Business,24,79,544.49,46315.1,9,476.85,2024-01-12,No
TEL10310,Female,Other,One Year,No Internet,Auto Pay,Yes,Yes,Yes,Basic,65,79,1714.07,124119.1,1,325.59,2020-08-04,No
TEL10311,Female,North,Monthly,Fiber Optic,Credit Card,Yes,Yes,No,Business,27,48,545.24,24776.21,9,336.88,2022-04-09,No
TEL10312,Male,South,Two Year,No Internet,Auto Pay,Yes,No,Yes,Premium,26,63,2322.1,133927.11,4,90.29,2023-04-24,Yes
TEL10313,Female,North,One Year,5G,Cash,No,Yes,No,Business,39,40,1498.52,56899.02,5,246.81,2018-04-09,Yes
TEL10314,Male,Other,Monthly,5G,Debit Card,No,Yes,No,Basic,40,115,956.33,100809.34,8,184.17,2018-06-20,No
TEL10315,Male,East,One Year,5G,UPI,Yes,No,Yes,Standard,24,84,521.74,43453.44,6,236.01,2018-05-28,Yes
TEL10316,Female,East,Two Year,5G,Net Banking,Yes,No,Yes,Premium,65,15,1052.74,15457.97,5,400.61,2023-12-11,No
TEL10317,Male,Other,Monthly,5G,Auto Pay,Yes,No,No,Standard,26,99,1820.55,167857.58,4,230.89,2018-04-22,No
TEL10318,Male,Northeast,One Year,No Internet,Net Banking,No,Yes,No,Premium,44,6,1084.39,6060.43,5,32.36,2020-10-19,No
TEL10319,Male,Central,Monthly,Fiber Optic,Cash,Yes,Yes,Yes,Basic,41,94,765.02,72825.13,10,452.87,2018-03-09,No
TEL10320,Female,Central,One Year,Fiber Optic,UPI,No,No,No,Premium,46,63,1527.04,93286.81,3,272.86,2020-04-07,No
TEL10321,Female,Northeast,One Year,5G,Auto Pay,No,Yes,Yes,Standard,34,8,1159.99,8445.8,0,462.32,2022-10-19,Yes
TEL10322,Male,East,Monthly,No Internet,Cash,No,Yes,Yes,Premium,37,95,580.35,58751.9,8,286.6,2022-06-20,No
TEL10323,Female,East,Monthly,DSL,Net Banking,Yes,Yes,No,Basic,24,112,553.17,60275.53,10,35.75,2021-08-02,No
TEL10324,Female,East,One Year,DSL,Net Banking,No,No,Yes,Premium,60,111,1826.16,203998.75,4,276.88,2024-03-27,No
TEL10325,Female,North,Monthly,No Internet,Auto Pay,Yes,No,Yes,Standard,57,32,2440.75,82741.36,7,288.29,2018-06-09,Yes
TEL10326,Female,East,One Year,5G,UPI,Yes,Yes,No,Basic,24,45,735.12,32167.0,6,107.96,2022-11-20,Yes
TEL10327,Male,West,Monthly,Fiber Optic,Net Banking,Yes,Yes,Yes,Standard,45,52,1977.24,107722.76,7,236.04,2022-12-14,No
TEL10328,Male,South,Two Year,No Internet,Debit Card,Yes,Yes,Yes,Premium,36,79,400.5,33685.16,0,230.26,2024-02-12,No
TEL10329,Female,East,One Year,DSL,Cash,No,Yes,Yes,Business,37,82,1076.62,82220.65,8,311.82,2020-10-10,Yes
TEL10330,Female,Northeast,Two Year,DSL,Auto Pay,No,No,Yes,Standard,61,13,1364.38,18812.66,0,130.55,2020-05-26,No
TEL10331,Male,South,Monthly,DSL,Credit Card,No,No,No,Premium,56,24,817.12,18072.8,2,291.29,2019-07-06,No
TEL10332,Male,North,One Year,5G,Credit Card,No,Yes,Yes,Business,57,40,1417.03,53820.1,7,121.24,2021-03-21,No
TEL10333,Female,Northeast,One Year,DSL,UPI,Yes,Yes,No,Business,24,14,2229.01,32625.33,10,223.78,2021-03-09,No
TEL10334,Male,South,Monthly,No Internet,Debit Card,Yes,No,Yes,Basic,23,92,2371.21,231703.58,0,62.23,2021-10-22,Yes
TEL10335,Female,Northeast,Monthly,No Internet,Net Banking,Yes,Yes,No,Business,42,75,430.28,33017.91,0,19.61,2021-02-25,No
TEL10336,Female,North,Monthly,DSL,Credit Card,Yes,No,Yes,Standard,58,70,824.25,53016.42,5,160.97,2024-01-04,No
TEL10337,Male,West,One Year,No Internet,UPI,No,Yes,No,Standard,30,62,2451.01,151071.91,4,138.01,2021-08-01,No
TEL10338,Male,North,One Year,DSL,Cash,Yes,No,Yes,Business,56,120,820.96,98818.05,10,204.06,2022-02-01,No
TEL10339,Female,North,Monthly,DSL,Debit Card,No,Yes,Yes,Premium,57,89,1792.23,151650.25,5,481.03,2021-05-26,No
TEL10340,Female,Northeast,One Year,Fiber Optic,Debit Card,Yes,Yes,Yes,Standard,39,61,781.94,51439.48,2,261.59,2019-03-12,No
TEL10341,Male,Other,Monthly,5G,UPI,Yes,No,Yes,Standard,66,1,1018.64,978.32,9,277.04,2020-01-02,Yes
TEL10342,Female,Central,Monthly,5G,UPI,Yes,No,No,Basic,34,89,638.94,53331.22,9,470.86,2021-03-14,No
TEL10343,Male,East,Two Year,Fiber Optic,Net Banking,Yes,Yes,No,Premium,65,66,2168.49,131645.59,5,460.65,2023-02-08,No
TEL10344,Female,East,Two Year,Fiber Optic,UPI,No,Yes,Yes,Business,39,32,2229.09,69057.58,1,442.17,2021-07-24,Yes
TEL10345,Male,West,Monthly,5G,Net Banking,No,No,No,Premium,51,13,881.9,11747.55,7,49.9,2022-11-13,Yes
TEL10346,Male,West,Monthly,DSL,Net Banking,No,No,Yes,Basic,25,33,2093.26,65047.25,5,317.51,2018-03-01,Yes
TEL10347,Male,East,One Year,DSL,Auto Pay,No,Yes,Yes,Basic,66,32,1022.96,33995.59,3,404.24,2022-06-22,No
TEL10348,Female,Central,Monthly,5G,Debit Card,Yes,Yes,No,Premium,62,56,426.74,22090.13,3,417.95,2025-11-30,No
TEL10349,Female,East,Monthly,DSL,Cash,Yes,No,No,Basic,35,24,1942.58,45656.11,10,289.38,2024-09-17,Yes
TEL10350,Male,Other,Monthly,Fiber Optic,Debit Card,No,No,No,Basic,41,91,1570.83,146723.19,6,9.73,2021-02-11,No
TEL10351,Female,Central,One Year,DSL,Debit Card,No,No,Yes,Basic,59,4,830.08,3069.16,2,486.88,2022-02-27,No
TEL10352,Male,West,One Year,,Auto Pay,Yes,No,Yes,Premium,19,88,780.9,69242.26,10,236.63,2025-04-16,No
TEL10353,Male,South,Monthly,No Internet,Net Banking,Yes,No,No,Basic,19,23,2442.93,58649.04,2,197.4,2018-12-02,Yes
TEL10354,Female,Northeast,One Year,No Internet,Net Banking,No,Yes,Yes,Business,44,29,2182.75,63755.43,5,198.08,2020-04-10,No
TEL10355,Female,Other,Two Year,No Internet,UPI,No,Yes,No,Business,31,98,2061.54,200427.5,8,212.65,2022-05-12,No
TEL10356,Male,Other,Monthly,DSL,Auto Pay,No,No,No,Standard,65,21,493.44,10889.62,0,121.85,2018-10-12,Yes
TEL10357,Female,West,One Year,5G,UPI,Yes,Yes,No,Business,56,30,1935.93,62571.72,4,164.34,2023-12-17,Yes
TEL10358,Female,West,Two Year,Fiber Optic,Auto Pay,No,Yes,No,Standard,70,90,692.44,58121.52,0,492.69,2023-03-31,No
TEL10359,Male,North,Monthly,DSL,UPI,No,No,No,Premium,70,20,2446.99,50136.0,0,184.72,2023-06-25,No
TEL10360,Male,Other,Monthly,5G,Credit Card,No,Yes,No,Basic,29,16,318.81,4664.92,2,263.84,2024-06-20,No
TEL10361,Female,North,One Year,DSL,Debit Card,No,Yes,Yes,Business,49,67,1008.92,61359.15,2,424.3,2020-08-17,No
TEL10362,Male,North,One Year,Fiber Optic,Debit Card,No,Yes,Yes,Standard,45,49,1184.89,55188.41,3,264.19,2022-06-10,No
TEL10363,Male,Northeast,One Year,DSL,Cash,Yes,No,No,Premium,45,101,2094.67,227379.2,2,162.9,2018-03-12,Yes
TEL10364,Female,North,Monthly,Fiber Optic,Net Banking,No,No,No,Standard,63,58,1961.31,113687.18,5,262.35,2024-07-20,No
TEL10365,Male,Central,Two Year,DSL,Cash,Yes,Yes,No,Basic,42,104,1061.48,104685.32,3,57.93,2021-01-26,No
TEL10366,Male,East,Monthly,Fiber Optic,Credit Card,No,Yes,Yes,Business,21,44,1499.79,60966.59,7,65.87,2021-08-16,No
TEL10367,Female,South,Monthly,DSL,Cash,No,Yes,No,Premium,43,25,2120.87,56501.73,0,347.36,2024-02-02,Yes
TEL10368,Female,West,One Year,Fiber Optic,Debit Card,No,Yes,No,Standard,53,23,240.86,5347.14,7,458.81,2020-06-02,Yes
TEL10369,Male,Central,Monthly,No Internet,Net Banking,Yes,Yes,No,Premium,67,108,2044.01,210864.56,10,363.11,2021-01-03,No
TEL10370,Male,South,Monthly,DSL,Credit Card,Yes,Yes,Yes,Standard,20,59,2376.86,147868.2,0,38.23,2018-05-23,Yes
TEL10371,Female,Other,Monthly,DSL,Debit Card,Yes,No,No,Standard,18,1,272.75,275.15,10,202.04,2020-11-12,Yes
TEL10372,Female,Other,Monthly,5G,UPI,No,Yes,Yes,Basic,34,97,303.84,27419.85,0,2.27,2024-02-07,No
TEL10373,Female,Other,Monthly,5G,Auto Pay,No,Yes,Yes,Basic,24,15,991.38,14511.9,6,256.09,2020-12-04,Yes
TEL10374,Female,Central,Two Year,Fiber Optic,Credit Card,Yes,No,No,Standard,65,81,400.87,34648.64,0,97.41,2018-04-02,No
TEL10375,Male,Central,Monthly,DSL,Net Banking,Yes,Yes,Yes,Business,22,98,1301.33,135464.85,8,434.21,2023-09-13,No
TEL10376,Female,West,One Year,Fiber Optic,Cash,No,Yes,Yes,Premium,36,81,1875.03,138606.34,7,53.06,2019-11-09,Yes
TEL10377,Female,East,One Year,No Internet,Cash,Yes,Yes,Yes,Premium,56,52,1502.87,74112.86,0,1.72,2025-09-07,No
TEL10378,Male,North,Two Year,5G,Credit Card,No,Yes,No,Basic,63,58,650.79,35021.22,1,226.12,2019-01-17,No
TEL10379,Female,Other,Monthly,Fiber Optic,Net Banking,Yes,No,Yes,Business,51,41,1705.07,69634.26,1,78.56,2022-08-31,No
TEL10380,Male,Northeast,Two Year,Fiber Optic,Credit Card,Yes,Yes,No,Standard,52,44,1774.17,80795.47,1,369.26,2020-08-23,No
TEL10381,Female,East,One Year,5G,Net Banking,Yes,No,No,Basic,66,4,2343.63,8935.77,5,460.05,2021-03-25,No
TEL10382,Female,Northeast,One Year,DSL,Cash,No,Yes,No,Standard,33,77,536.63,42826.2,3,21.93,2024-08-31,No
TEL10383,Female,West,One Year,Fiber Optic,Debit Card,No,Yes,Yes,Standard,57,68,1791.37,124294.35,7,198.4,2025-01-26,No
TEL10384,Male,West,One Year,5G,UPI,Yes,No,No,Basic,67,7,2295.28,16566.32,0,498.41,2024-02-26,No
TEL10385,Male,West,Monthly,DSL,Debit Card,No,Yes,Yes,Business,64,46,1352.6,66617.52,9,366.6,2024-05-11,No
TEL10386,Female,South,One Year,No Internet,UPI,No,No,Yes,Premium,56,9,1031.14,9061.53,3,476.64,2019-05-16,No
TEL10387,Male,Northeast,One Year,5G,Cash,No,No,Yes,Basic,44,87,591.72,49506.03,9,82.88,2019-04-04,No
TEL10388,Male,East,One Year,Fiber Optic,Debit Card,No,No,Yes,Business,58,33,2192.61,74027.01,10,111.46,2018-02-19,No
TEL10389,Male,East,Two Year,No Internet,Debit Card,Yes,Yes,No,Standard,55,33,1105.77,38145.63,4,78.25,2020-08-27,No
TEL10390,Male,Central,Monthly,DSL,Credit Card,No,Yes,No,Basic,67,84,2326.23,182596.62,8,151.88,2020-09-14,No
TEL10391,Male,Central,Two Year,DSL,Auto Pay,No,Yes,Yes,Premium,67,4,2148.84,9045.96,4,362.47,2019-06-16,Yes
TEL10392,Male,Other,Monthly,5G,Cash,Yes,Yes,No,Premium,42,65,1065.27,63039.35,10,83.31,2020-09-30,Yes
TEL10393,Female,Central,Monthly,5G,Net Banking,No,No,No,Standard,43,118,1519.0,161524.09,2,262.59,2025-04-29,No
TEL10394,Female,West,Monthly,5G,Cash,No,Yes,No,Basic,31,106,261.5,25737.56,10,135.34,2021-01-20,Yes
TEL10395,Male,East,Monthly,DSL,Net Banking,No,Yes,Yes,Premium,31,34,804.41,29432.91,3,414.77,2022-01-19,No
TEL10396,Female,Northeast,One Year,No Internet,Net Banking,Yes,No,No,Basic,31,91,1832.63,165809.03,9,4.29,2018-12-05,No
TEL10397,Female,West,Monthly,DSL,UPI,Yes,No,Yes,Premium,42,85,1758.2,135754.98,6,112.33,2022-07-17,No
TEL10398,Female,South,Monthly,Fiber Optic,Net Banking,No,Yes,No,Standard,53,88,1011.75,96111.46,0,303.02,2023-02-20,No
TEL10399,Female,Central,Two Year,DSL,Net Banking,No,No,Yes,Standard,21,79,2058.8,168188.8,10,49.26,2023-02-17,No
TEL10400,Male,West,Two Year,Fiber Optic,Credit Card,Yes,No,Yes,Basic,64,99,741.42,77132.33,5,233.69,2023-08-14,Yes
TEL10401,Female,West,One Year,No Internet,Debit Card,Yes,No,Yes,Business,32,64,1259.92,75662.07,7,218.67,2022-09-01,No
TEL10402,Female,South,Two Year,5G,Cash,Yes,No,No,Business,49,25,1285.82,29541.1,0,426.41,2018-10-08,No
TEL10403,Male,North,One Year,5G,Cash,No,No,Yes,Standard,35,55,982.88,53664.6,7,313.07,2021-08-06,No
TEL10404,Male,East,Monthly,DSL,Net Banking,No,Yes,No,Premium,31,9,2394.73,22392.94,6,320.21,2023-10-22,Yes
TEL10405,Female,Northeast,Monthly,5G,Auto Pay,Yes,Yes,Yes,Business,18,17,1801.37,31076.53,0,475.95,2021-03-06,No
TEL10406,Female,Other,One Year,No Internet,Cash,No,Yes,No,Standard,59,21,1439.16,30633.1,8,491.2,2025-09-16,No
TEL10407,Female,North,Monthly,5G,Net Banking,No,Yes,Yes,Premium,37,60,1373.18,85379.72,10,327.04,2020-08-28,Yes
TEL10408,Female,Central,One Year,DSL,UPI,No,Yes,No,Premium,27,13,565.38,6915.29,2,261.48,2020-09-24,No
TEL10409,Female,West,Monthly,No Internet,UPI,No,Yes,Yes,Business,27,3,1055.03,3225.46,1,304.35,2021-11-17,No
TEL10410,Female,South,Monthly,Fiber Optic,UPI,No,Yes,Yes,Standard,41,68,1746.38,115260.09,6,191.84,2018-07-27,Yes
TEL10411,Male,South,One Year,DSL,Net Banking,No,No,Yes,Premium,51,4,2325.51,8488.63,10,493.74,2018-09-17,Yes
TEL10412,Female,East,One Year,Fiber Optic,Credit Card,No,Yes,No,Premium,45,107,2076.87,208088.39,2,352.81,2020-07-18,No
TEL10413,Female,North,One Year,No Internet,Auto Pay,Yes,Yes,Yes,Basic,44,92,889.9,85384.75,0,146.21,2018-09-20,No
TEL10414,Male,Other,One Year,DSL,Net Banking,Yes,Yes,Yes,Basic,57,7,1197.1,8893.1,9,29.83,2020-02-22,Yes
TEL10415,Male,East,Monthly,DSL,Credit Card,Yes,No,Yes,Business,18,26,389.71,9635.04,2,23.32,2019-05-20,No
TEL10416,Male,West,Monthly,No Internet,Credit Card,Yes,Yes,Yes,Basic,50,75,434.0,30410.32,5,103.25,2022-04-23,No
TEL10417,Male,East,Two Year,5G,Cash,Yes,Yes,No,Standard,21,24,1280.53,27807.29,2,117.22,2018-07-22,No
TEL10418,Female,Northeast,One Year,DSL,Net Banking,Yes,No,Yes,Business,24,107,1418.5,162492.94,4,208.11,2022-10-26,No
TEL10419,Female,South,Monthly,DSL,Net Banking,Yes,Yes,Yes,Business,26,10,806.26,8248.8,8,108.21,2023-07-07,Yes
TEL10420,Female,South,Two Year,Fiber Optic,Credit Card,Yes,Yes,No,Basic,33,101,1677.4,181660.42,6,315.82,2023-10-01,No
TEL10421,Female,Central,Monthly,5G,Credit Card,Yes,No,No,Premium,22,13,1816.78,24928.78,1,106.42,2021-10-11,No
TEL10422,Female,Central,Monthly,Fiber Optic,Credit Card,No,Yes,No,Standard,51,44,886.97,37515.72,0,94.75,2024-08-07,No
TEL10423,Female,Other,Monthly,Fiber Optic,Cash,No,No,Yes,Standard,40,106,1943.38,189576.7,6,236.15,2018-02-14,Yes
TEL10424,Male,West,One Year,5G,Net Banking,Yes,Yes,No,Standard,60,39,671.89,25937.22,3,444.45,2025-11-14,No
TEL10425,Female,Northeast,One Year,5G,Credit Card,No,Yes,No,Business,67,19,1450.78,24941.38,10,234.68,2021-11-02,No
TEL10426,Male,North,Monthly,No Internet,UPI,No,Yes,No,Standard,42,51,2048.85,96861.91,6,207.51,2020-02-28,Yes
TEL10427,Male,East,Two Year,5G,Net Banking,Yes,No,Yes,Premium,68,19,1434.12,25668.37,5,289.47,2021-12-06,Yes
TEL10428,Female,Other,Monthly,DSL,Cash,Yes,No,Yes,Premium,30,76,2287.31,177280.35,6,129.35,2025-09-19,No
TEL10429,Male,West,Monthly,5G,UPI,Yes,No,Yes,Basic,41,52,333.55,17201.99,3,177.36,2023-12-30,No
TEL10430,Female,Central,Monthly,No Internet,Debit Card,No,Yes,No,Standard,28,86,1552.12,127400.27,2,107.7,2025-10-15,No
TEL10431,Male,East,Monthly,No Internet,Net Banking,No,Yes,Yes,Business,69,47,1491.04,70195.09,4,286.33,2023-09-16,No
TEL10432,Female,Central,Monthly,No Internet,Debit Card,Yes,No,No,Basic,68,101,1717.81,160058.98,2,349.0,2023-09-24,No
TEL10433,Male,East,One Year,5G,Credit Card,No,No,No,Premium,34,120,2115.84,263048.2,2,337.18,2022-07-14,No
TEL10434,Female,North,Two Year,5G,Cash,No,Yes,No,Standard,54,30,1868.46,57632.63,3,128.15,2020-12-05,No
TEL10435,Female,West,One Year,Fiber Optic,Credit Card,No,Yes,Yes,Premium,30,46,2016.65,87104.44,7,390.04,2022-08-03,Yes
TEL10436,Female,East,Monthly,Fiber Optic,Cash,Yes,Yes,No,Basic,44,76,863.28,66209.64,1,128.72,2025-02-25,No
TEL10437,Female,Northeast,Monthly,DSL,Auto Pay,No,Yes,No,Premium,37,93,1090.24,100438.67,3,76.01,2018-10-28,No
TEL10438,Female,Other,Monthly,Fiber Optic,Credit Card,No,No,Yes,Standard,50,21,1640.59,31384.3,10,175.55,2018-10-15,Yes
TEL10439,Male,South,Monthly,DSL,Debit Card,No,Yes,No,Standard,59,75,1471.96,104884.62,2,299.27,2020-02-25,No
TEL10440,Male,Northeast,One Year,No Internet,Cash,No,Yes,No,Basic,49,101,2409.54,262809.96,6,71.86,2024-05-05,No
TEL10441,Male,Northeast,Monthly,Fiber Optic,Credit Card,No,Yes,No,Standard,25,48,628.72,27701.4,1,324.4,2025-10-09,No
TEL10442,Female,Other,One Year,5G,Net Banking,No,Yes,Yes,Premium,46,62,1006.94,61878.02,0,431.67,2025-03-13,No
TEL10443,Male,South,Two Year,Fiber Optic,Cash,No,Yes,No,Premium,57,58,1516.34,92598.4,9,147.28,2021-06-19,No
TEL10444,Female,Northeast,Monthly,DSL,Cash,Yes,Yes,Yes,Business,36,18,2195.32,37702.67,0,225.65,2022-12-11,No
TEL10445,Female,East,Two Year,Fiber Optic,Credit Card,Yes,Yes,Yes,Business,23,108,2336.5,238949.59,5,114.93,2024-07-29,No
TEL10446,Male,East,One Year,No Internet,Auto Pay,No,No,No,Business,61,59,971.88,60801.03,2,181.27,2022-12-25,No
TEL10447,Male,East,One Year,5G,Credit Card,Yes,No,No,Premium,56,91,353.35,30703.68,6,11.96,2018-03-12,No
TEL10448,Female,South,One Year,DSL,Debit Card,No,No,No,Premium,65,101,1168.73,120080.17,7,476.93,2020-04-14,Yes
TEL10449,Male,Northeast,Monthly,5G,Debit Card,No,Yes,No,Basic,58,48,1105.99,54853.02,4,208.53,2024-09-26,No
TEL10450,Female,South,Monthly,5G,Cash,No,No,Yes,Business,38,63,2467.92,162001.49,4,394.65,2019-09-04,Yes
TEL10451,Female,East,Monthly,DSL,Cash,Yes,Yes,Yes,Premium,39,12,1190.44,15414.63,1,72.18,2025-04-16,Yes
TEL10452,Female,Other,Monthly,5G,Credit Card,No,Yes,No,Basic,59,87,902.16,81986.49,7,406.37,2021-11-17,Yes
TEL10453,Female,Northeast,One Year,5G,Debit Card,No,Yes,Yes,Premium,27,34,1039.37,35983.94,9,430.21,2025-01-20,No
TEL10454,Female,Northeast,Monthly,Fiber Optic,Debit Card,Yes,Yes,No,Basic,27,61,1111.93,71977.66,0,358.02,2021-08-21,No
TEL10455,Male,Central,Two Year,5G,,Yes,No,No,Business,69,102,2088.54,226459.29,9,451.7,2018-07-10,No
TEL10456,Male,Central,One Year,5G,Net Banking,No,Yes,No,Business,46,87,385.33,36043.69,8,84.43,2022-10-14,No
TEL10457,Female,North,Monthly,5G,Auto Pay,Yes,Yes,No,Business,33,53,926.97,51082.98,0,238.76,2023-10-27,Yes
TEL10458,Female,West,Monthly,5G,UPI,Yes,No,Yes,Premium,18,25,2421.53,56608.53,0,310.43,2022-05-01,No
TEL10459,Male,Central,Two Year,DSL,Auto Pay,No,No,Yes,Premium,34,62,551.14,35119.43,0,298.5,2022-06-17,No
TEL10460,Male,South,Two Year,No Internet,Credit Card,No,No,No,Basic,47,4,1906.98,6968.28,6,430.66,2020-06-07,Yes
TEL10461,Female,Central,One Year,Fiber Optic,Net Banking,No,Yes,No,Standard,43,94,1018.71,91663.46,3,108.63,2018-01-17,No
TEL10462,Male,North,Monthly,5G,Credit Card,Yes,No,Yes,Standard,70,94,1537.11,133051.42,6,88.65,2020-03-25,Yes
TEL10463,Female,Northeast,Monthly,5G,UPI,Yes,Yes,Yes,Business,63,13,427.96,5958.43,4,127.44,2022-05-17,No
TEL10464,Male,North,Monthly,DSL,Net Banking,Yes,Yes,Yes,Standard,36,42,903.75,36476.24,6,445.88,2024-10-17,No
TEL10465,Female,Northeast,Monthly,No Internet,Cash,No,No,No,Business,70,49,1350.99,68077.15,9,470.57,2020-12-02,No
TEL10466,Male,Other,One Year,5G,Debit Card,Yes,No,Yes,Basic,38,78,731.91,57250.96,6,285.25,2024-03-09,Yes
TEL10467,Female,Other,One Year,DSL,Auto Pay,Yes,No,No,Standard,34,56,1445.3,74409.41,3,251.18,2024-02-29,No
TEL10468,Male,Northeast,One Year,Fiber Optic,Credit Card,No,Yes,No,Standard,63,47,704.45,33143.65,1,303.09,2023-07-19,No
TEL10469,Male,West,Two Year,Fiber Optic,UPI,No,Yes,Yes,Business,57,8,1694.23,13811.15,7,308.54,2025-08-05,Yes
TEL10470,Female,Central,One Year,5G,Debit Card,No,Yes,No,Basic,38,55,2279.01,132699.96,1,85.98,2018-04-19,No
TEL10471,Male,South,Monthly,5G,Auto Pay,Yes,Yes,Yes,Standard,70,88,395.62,31772.3,8,343.52,2018-10-11,No
TEL10472,Female,South,Monthly,No Internet,Debit Card,No,Yes,No,Standard,58,18,697.22,11962.8,4,226.72,2023-05-15,No
TEL10473,Male,East,Two Year,No Internet,Auto Pay,Yes,Yes,No,Standard,57,35,2141.17,76786.1,8,259.17,2022-06-18,Yes
TEL10474,Female,Northeast,Monthly,5G,Cash,Yes,No,No,Basic,62,89,1651.57,133199.11,8,16.13,2020-01-07,Yes
TEL10475,Male,South,Two Year,DSL,Net Banking,No,Yes,No,Basic,66,81,380.03,28832.04,7,382.51,2021-02-15,Yes
TEL10476,Female,West,Two Year,No Internet,Debit Card,No,No,No,Standard,36,32,1317.61,39606.75,7,417.88,2020-07-20,No
TEL10477,Male,Northeast,,5G,Debit Card,No,No,No,Business,24,120,681.44,83447.41,3,310.09,2019-08-26,No
TEL10478,Female,West,One Year,No Internet,Debit Card,No,No,Yes,Business,34,24,656.92,15001.0,3,374.61,2021-09-25,No
TEL10479,Male,South,Two Year,5G,Net Banking,No,No,Yes,Standard,18,7,2362.48,16668.46,1,261.83,2022-12-30,Yes
TEL10480,Female,South,One Year,Fiber Optic,UPI,Yes,No,No,Basic,54,13,1950.55,27227.56,3,309.56,2019-05-06,No
TEL10481,Female,East,Two Year,5G,Auto Pay,Yes,Yes,Yes,Standard,23,91,1800.33,170839.29,3,197.89,2023-08-29,Yes
TEL10482,Female,South,Two Year,Fiber Optic,Cash,Yes,Yes,No,Basic,43,112,748.54,80476.52,5,396.15,2021-04-13,No
TEL10483,Male,Northeast,Monthly,No Internet,Debit Card,No,Yes,Yes,Standard,19,69,471.72,32061.49,2,234.67,2022-06-30,No
TEL10484,Female,Other,Monthly,5G,Net Banking,Yes,Yes,Yes,Basic,49,100,2201.92,206126.42,1,340.43,2020-03-11,No
TEL10485,Male,Northeast,Two Year,No Internet,UPI,No,No,No,Premium,65,90,212.52,17268.24,7,311.09,2020-01-30,No
TEL10486,Female,Northeast,One Year,Fiber Optic,Auto Pay,No,No,Yes,Business,22,42,1091.62,43654.15,1,351.45,2021-03-11,Yes
TEL10487,Male,East,Monthly,5G,Net Banking,Yes,No,No,Premium,54,109,837.51,88229.83,7,392.82,2022-01-26,No
TEL10488,Female,East,Monthly,No Internet,Cash,Yes,Yes,Yes,Business,48,31,1510.87,46911.26,6,256.84,2024-06-03,No
TEL10489,Male,South,One Year,Fiber Optic,Cash,No,Yes,No,Basic,29,74,775.17,61374.06,2,406.72,2022-02-02,No
TEL10490,Male,North,Two Year,No Internet,Auto Pay,Yes,Yes,Yes,Premium,52,110,914.77,107730.15,5,249.13,2019-12-06,No
TEL10491,Female,North,Two Year,DSL,Debit Card,No,Yes,No,Business,47,26,2154.09,51112.38,5,478.36,2020-03-25,No
TEL10492,Male,East,One Year,Fiber Optic,Cash,Yes,No,Yes,Standard,65,86,1586.33,137875.42,9,376.58,2020-03-13,Yes
TEL10493,Male,South,Monthly,Fiber Optic,UPI,Yes,No,No,Basic,23,76,534.07,36839.82,4,86.4,2019-01-08,No
TEL10494,Female,North,Monthly,Fiber Optic,Net Banking,Yes,Yes,Yes,Basic,32,32,1869.88,60832.71,7,414.96,2022-01-31,No
TEL10495,Male,South,Two Year,5G,UPI,Yes,Yes,No,Standard,32,91,676.16,56681.12,10,276.24,2022-01-01,No
TEL10496,Male,South,Monthly,5G,Debit Card,Yes,No,Yes,Standard,33,97,1194.91,124060.57,4,492.25,2025-12-01,No
TEL10497,Male,South,Monthly,5G,UPI,No,No,No,Business,37,117,1686.2,208250.71,6,359.69,2024-10-26,No
TEL10498,Female,Central,Monthly,DSL,UPI,Yes,No,Yes,Basic,30,52,824.44,38756.1,5,43.11,2023-12-30,Yes
TEL10499,Male,Northeast,One Year,DSL,Credit Card,Yes,No,No,Business,61,20,1082.45,22531.93,10,198.09,2024-09-15,No
TEL10500,Female,South,Two Year,Fiber Optic,UPI,Yes,Yes,No,Standard,59,103,1887.54,197228.17,6,259.12,2020-04-02,No
TEL10501,Male,Central,Monthly,DSL,Auto Pay,No,No,No,Basic,63,105,2356.2,244720.77,8,419.67,2018-08-10,Yes
TEL10502,Male,East,Monthly,No Internet,Net Banking,No,No,No,Standard,48,40,1416.26,57130.47,2,364.94,2025-08-16,Yes
TEL10503,Male,North,One Year,Fiber Optic,,No,No,Yes,Business,51,59,221.93,13383.05,9,185.31,2021-10-19,No
TEL10504,Female,Northeast,Two Year,Fiber Optic,Net Banking,No,No,Yes,Business,46,77,977.47,79721.07,6,327.06,2020-09-20,No
TEL10505,Male,Other,Monthly,No Internet,Net Banking,No,Yes,Yes,Business,20,14,1115.86,16217.62,9,288.88,2021-04-26,No
TEL10506,Male,North,Monthly,Fiber Optic,Debit Card,Yes,Yes,No,Basic,26,44,979.1,43234.11,2,63.9,2023-12-01,No
TEL10507,Female,Northeast,Monthly,DSL,Debit Card,Yes,Yes,No,Standard,28,104,1202.42,131108.04,1,118.19,2021-04-19,No
TEL10508,Male,Other,Two Year,5G,Credit Card,Yes,Yes,No,Standard,28,117,1654.13,208560.32,6,171.22,2023-04-10,No
TEL10509,Female,North,Monthly,No Internet,Cash,No,Yes,No,Business,42,86,477.59,39184.74,3,98.55,2019-08-21,No
TEL10510,Female,Northeast,Monthly,DSL,Debit Card,No,Yes,No,Business,39,82,826.05,62406.33,0,75.92,2019-04-30,No
TEL10511,Male,North,One Year,No Internet,Debit Card,Yes,No,Yes,Business,59,48,1366.59,67673.14,5,30.04,2025-02-11,Yes
TEL10512,Female,North,One Year,No Internet,Debit Card,No,No,Yes,Business,63,93,924.82,92557.56,10,436.68,2022-07-25,No
TEL10513,Male,Other,Monthly,Fiber Optic,Net Banking,No,No,Yes,Premium,26,43,2478.5,98156.79,5,145.18,2023-08-13,No
TEL10514,Female,North,Two Year,Fiber Optic,Credit Card,No,No,No,Premium,37,16,1191.29,18635.73,5,145.87,2022-02-10,No
TEL10515,Female,North,Monthly,DSL,Net Banking,Yes,Yes,No,Premium,38,110,2199.54,220466.27,1,103.91,2019-10-24,No
TEL10516,Male,Other,One Year,No Internet,Auto Pay,Yes,No,No,Business,27,35,2260.97,82281.56,0,238.22,2023-10-16,Yes
TEL10517,Female,East,Monthly,Fiber Optic,Net Banking,No,Yes,No,Business,39,53,2121.82,120414.73,2,257.61,2025-07-15,No
TEL10518,Female,South,One Year,Fiber Optic,Auto Pay,No,No,No,Standard,46,34,306.87,10327.36,1,104.93,2022-04-04,No
TEL10519,Female,West,Monthly,No Internet,UPI,No,No,No,Basic,26,3,2378.82,6948.87,5,304.68,2023-07-13,No
TEL10520,Female,Central,Two Year,DSL,UPI,No,No,No,Standard,22,68,495.11,35801.64,5,361.78,2021-09-03,No
TEL10521,Female,West,One Year,DSL,Auto Pay,Yes,Yes,Yes,Premium,57,118,278.13,30325.4,4,187.55,2023-11-16,No
TEL10522,Male,West,One Year,No Internet,Auto Pay,No,No,Yes,Standard,28,5,1152.05,6108.66,9,293.14,2020-12-16,Yes
TEL10523,Female,Northeast,One Year,DSL,Net Banking,Yes,Yes,No,Business,18,10,646.66,6276.37,9,251.65,2018-03-29,No
TEL10524,Male,South,One Year,Fiber Optic,Auto Pay,Yes,Yes,No,Premium,70,52,622.65,32400.24,4,98.58,2025-05-24,No
TEL10525,Female,Northeast,Monthly,No Internet,Credit Card,Yes,No,No,Premium,59,29,860.99,24846.18,8,365.28,2025-05-27,Yes
TEL10526,Male,South,Monthly,Fiber Optic,UPI,No,Yes,Yes,Basic,18,96,770.33,74756.0,4,400.93,2024-08-15,No
TEL10527,Male,Other,Two Year,5G,UPI,Yes,Yes,Yes,Basic,56,31,1774.03,58821.6,9,324.75,2024-08-19,No
TEL10528,Female,Other,Monthly,5G,Cash,Yes,No,No,Premium,63,66,628.59,44440.93,5,162.62,2018-02-21,Yes
TEL10529,Female,South,One Year,DSL,Auto Pay,No,No,Yes,Premium,22,76,1448.17,115520.68,10,463.47,2022-10-14,Yes
TEL10530,Female,North,Two Year,5G,Debit Card,No,No,Yes,Standard,66,91,2467.78,209853.82,3,228.22,2018-02-10,No
TEL10531,Male,East,Monthly,Fiber Optic,Debit Card,No,No,Yes,Premium,39,69,1193.48,79058.83,9,133.67,2025-11-03,Yes
TEL10532,Female,North,One Year,5G,Auto Pay,Yes,No,No,Business,43,37,1675.31,61230.76,0,204.71,2023-11-09,No
TEL10533,Male,East,Monthly,Fiber Optic,Credit Card,No,No,Yes,Standard,70,27,2428.55,69700.7,3,346.35,2018-02-08,Yes
TEL10534,Male,Northeast,One Year,DSL,Debit Card,Yes,Yes,Yes,Business,23,87,515.57,44574.5,1,423.12,2025-04-22,No
TEL10535,Male,East,Monthly,DSL,Cash,Yes,No,No,Business,49,33,1161.8,41250.83,9,178.93,2023-11-22,Yes
TEL10536,Female,Northeast,Monthly,Fiber Optic,Auto Pay,No,No,No,Business,65,68,2154.44,157795.96,2,117.08,2025-08-22,Yes
TEL10537,Female,Other,One Year,5G,Credit Card,Yes,Yes,Yes,Premium,28,59,2343.3,139325.51,6,313.62,2023-09-22,Yes
TEL10538,Male,West,Two Year,DSL,Credit Card,Yes,No,No,Basic,27,64,1581.84,107104.4,6,460.69,2018-07-28,No
TEL10539,Male,Other,One Year,No Internet,Net Banking,Yes,Yes,Yes,Basic,64,85,528.87,48543.98,0,92.46,2019-08-23,No
TEL10540,Female,Other,One Year,DSL,Credit Card,Yes,No,Yes,Business,56,88,2272.38,210557.62,7,401.71,2019-08-28,Yes
TEL10541,Male,West,Monthly,5G,Debit Card,No,No,No,Premium,51,44,600.23,26891.95,6,238.83,2022-09-06,Yes
TEL10542,Female,East,One Year,No Internet,Debit Card,Yes,Yes,No,Standard,48,95,1010.62,101013.27,0,399.96,2024-11-28,No
TEL10543,Male,East,Monthly,5G,Auto Pay,No,No,Yes,Business,29,108,1062.67,104999.04,7,253.27,2023-11-27,No
TEL10544,Female,Northeast,Two Year,Fiber Optic,Auto Pay,Yes,Yes,No,Standard,68,112,1227.77,139472.21,1,189.29,2018-08-02,No
TEL10545,Male,North,Two Year,No Internet,Credit Card,Yes,No,No,Standard,61,88,2016.38,166612.89,7,348.67,2022-06-16,Yes
TEL10546,Female,Northeast,One Year,5G,Cash,No,No,Yes,Premium,33,49,2043.93,92229.65,2,450.41,2022-09-13,No
TEL10547,Male,North,Two Year,No Internet,UPI,Yes,Yes,Yes,Premium,55,53,1854.21,104239.96,9,160.81,2024-09-22,Yes
TEL10548,Female,Other,Monthly,5G,Net Banking,Yes,No,Yes,Basic,20,74,249.9,18772.51,6,230.91,2022-04-26,No
TEL10549,Female,West,One Year,No Internet,UPI,Yes,No,Yes,Basic,19,49,1498.14,69286.1,5,115.47,2025-09-19,No
TEL10550,Male,Other,Monthly,5G,Credit Card,Yes,Yes,Yes,Premium,69,113,1918.23,210175.0,4,92.52,2025-05-04,No
TEL10551,Male,South,Two Year,Fiber Optic,Credit Card,Yes,No,Yes,Business,22,114,1221.64,149738.41,10,389.17,2023-10-26,No
TEL10552,Female,East,Monthly,No Internet,UPI,Yes,Yes,No,Basic,28,66,2372.35,165216.91,9,101.13,2023-11-13,Yes
TEL10553,Male,North,One Year,No Internet,Net Banking,No,No,No,Standard,42,95,2093.76,179574.36,10,396.87,2018-09-26,Yes
TEL10554,Female,Northeast,Two Year,No Internet,UPI,No,Yes,Yes,Business,52,63,1666.76,113024.57,1,215.18,2024-08-05,No
TEL10555,Male,West,Monthly,No Internet,Auto Pay,No,No,No,Standard,52,25,342.58,8276.18,1,497.53,2025-01-21,Yes
TEL10556,Female,North,Monthly,Fiber Optic,Debit Card,Yes,Yes,No,Premium,39,4,1699.4,6968.73,0,99.47,2019-11-14,Yes
TEL10557,Female,Northeast,One Year,No Internet,Cash,Yes,Yes,Yes,Standard,54,51,2295.63,120388.28,8,47.4,2018-06-11,Yes
TEL10558,Female,East,Monthly,DSL,Auto Pay,Yes,No,No,Business,39,11,1071.72,12544.63,10,38.64,2019-04-10,No
TEL10559,Female,Other,Monthly,Fiber Optic,Debit Card,No,No,No,Premium,28,17,2126.7,38298.22,7,417.87,2020-04-02,Yes
TEL10560,Female,East,Monthly,DSL,Cash,Yes,Yes,Yes,Business,49,108,919.27,94387.72,7,219.45,2023-06-28,Yes
TEL10561,Female,Central,Monthly,No Internet,Cash,No,No,No,Standard,52,66,1510.24,101254.35,0,2.56,2025-02-08,Yes
TEL10562,Male,South,Two Year,5G,Cash,Yes,Yes,No,Business,48,70,1690.38,114879.39,4,437.51,2023-10-01,No
TEL10563,Male,Central,One Year,DSL,Credit Card,Yes,No,Yes,Premium,62,73,1758.39,127669.04,5,438.58,2019-05-03,Yes
TEL10564,Male,West,Monthly,No Internet,Cash,Yes,No,No,Standard,70,69,2228.86,153767.06,1,403.4,2023-11-10,Yes
TEL10565,Female,North,Monthly,DSL,Net Banking,No,Yes,No,Standard,25,84,738.63,60266.83,9,124.91,2019-10-13,No
TEL10566,Female,West,Monthly,No Internet,UPI,Yes,Yes,No,Basic,37,29,802.45,22887.1,4,187.0,2024-08-01,No
TEL10567,Female,Other,Monthly,No Internet,Net Banking,No,No,Yes,Basic,59,85,1818.29,144895.23,5,372.72,2022-10-22,No
TEL10568,Female,Northeast,Monthly,No Internet,UPI,Yes,No,Yes,Business,51,73,606.55,44693.32,8,245.19,2022-06-23,No
TEL10569,Male,East,Monthly,5G,Auto Pay,Yes,No,No,Basic,21,92,1266.82,120814.56,9,77.76,2022-11-07,No
TEL10570,Male,Central,Monthly,DSL,Auto Pay,No,No,No,Basic,35,119,245.08,28504.04,0,122.16,2019-12-20,Yes
TEL10571,Female,Central,One Year,Fiber Optic,UPI,Yes,No,Yes,Basic,68,72,523.25,40536.56,9,486.32,2021-03-13,Yes
TEL10572,Male,Other,Monthly,Fiber Optic,Net Banking,Yes,Yes,Yes,Basic,21,95,1760.35,152232.55,2,76.36,2018-07-18,No
TEL10573,Male,Central,One Year,Fiber Optic,UPI,Yes,No,No,Premium,37,20,1918.16,38595.26,8,363.31,2025-11-02,No
TEL10574,Female,Other,One Year,Fiber Optic,Cash,Yes,No,Yes,Premium,26,27,464.23,12597.48,0,239.53,2021-09-08,No
TEL10575,Male,West,One Year,No Internet,Credit Card,No,Yes,No,Basic,33,8,722.73,5241.43,0,374.55,2022-12-28,No
TEL10576,Female,East,One Year,DSL,Auto Pay,No,Yes,No,Business,43,118,426.48,47326.43,0,330.9,2021-09-17,No
TEL10577,Male,North,One Year,DSL,Credit Card,Yes,Yes,Yes,Premium,55,85,1195.85,108050.79,6,220.14,2024-03-14,No
TEL10578,Female,Northeast,Two Year,5G,Cash,Yes,No,Yes,Basic,42,61,489.07,29773.98,4,177.6,2022-09-21,No
TEL10579,Female,North,One Year,DSL,Cash,No,Yes,No,Premium,21,28,1204.78,33010.23,5,377.43,2025-02-16,No
TEL10580,Female,West,One Year,DSL,Auto Pay,Yes,Yes,No,Standard,58,87,1882.83,159676.55,7,162.25,2020-03-13,No
TEL10581,Female,Northeast,Two Year,DSL,Auto Pay,No,Yes,Yes,Premium,62,70,1770.79,131376.37,1,394.1,2019-12-02,No
TEL10582,Male,Central,One Year,5G,Cash,Yes,Yes,No,Premium,58,3,844.06,2446.25,1,340.24,2019-05-18,No
TEL10583,Female,South,Monthly,Fiber Optic,Debit Card,No,No,Yes,Business,55,69,1748.65,127250.75,2,289.26,2019-04-14,No
TEL10584,Female,West,Monthly,DSL,Credit Card,No,No,Yes,Premium,70,73,2332.74,162738.45,2,185.03,2023-07-03,Yes
TEL10585,Female,West,Monthly,5G,Credit Card,No,No,Yes,Business,36,7,998.31,6957.92,2,103.34,2023-05-29,No
TEL10586,Male,East,Two Year,5G,Debit Card,No,Yes,Yes,Standard,31,60,955.97,53107.24,3,355.5,2022-09-26,Yes
TEL10587,Female,North,One Year,No Internet,Net Banking,Yes,Yes,Yes,Basic,38,4,1513.31,6346.86,2,46.58,2024-08-10,No
TEL10588,Male,West,Two Year,5G,Credit Card,Yes,Yes,No,Business,32,103,763.65,81210.34,1,485.3,2023-04-21,No
TEL10589,Female,West,One Year,Fiber Optic,UPI,No,Yes,Yes,Premium,20,5,1697.63,8449.25,8,489.4,2019-09-16,Yes
TEL10590,Male,Central,Monthly,DSL,Cash,No,Yes,Yes,Premium,54,11,2113.2,21029.05,5,65.98,2025-02-21,Yes
TEL10591,Male,Central,Monthly,5G,Cash,No,Yes,Yes,Business,70,15,1255.43,18579.6,2,52.86,2025-11-10,No
TEL10592,Female,Northeast,One Year,Fiber Optic,Debit Card,No,No,Yes,Standard,67,64,1761.87,106054.47,8,206.95,2020-08-24,Yes
TEL10593,Male,Other,One Year,5G,Credit Card,Yes,No,Yes,Basic,63,98,1698.34,162177.75,3,481.88,2019-10-25,No
TEL10594,Female,Other,Two Year,5G,Net Banking,No,Yes,Yes,Premium,33,13,287.93,3945.8,3,200.76,2020-01-21,No
TEL10595,Female,South,Monthly,5G,Credit Card,No,No,Yes,Standard,31,118,620.86,76084.14,7,182.54,2023-02-16,No
TEL10596,Female,Other,One Year,5G,Cash,No,Yes,No,Basic,26,112,2254.12,238210.38,6,352.09,2021-11-19,No
TEL10597,Male,East,One Year,5G,Auto Pay,No,Yes,No,Basic,64,7,2358.45,17785.17,6,90.19,2021-01-03,Yes
TEL10598,Male,South,One Year,Fiber Optic,UPI,No,No,No,Premium,24,104,1994.01,220354.26,9,182.3,2019-01-18,No
TEL10599,Female,Northeast,One Year,DSL,Debit Card,No,Yes,No,Business,31,6,2317.87,13839.93,6,146.36,2021-10-25,No
TEL10600,Female,Central,One Year,DSL,Auto Pay,No,No,Yes,Premium,23,56,903.14,50344.56,9,301.17,2024-06-14,Yes
TEL10601,Male,Other,Monthly,DSL,Net Banking,Yes,Yes,No,Premium,38,64,768.74,52260.93,10,82.21,2022-07-11,No
TEL10602,Female,North,One Year,DSL,Auto Pay,No,Yes,Yes,Premium,32,103,1082.89,113155.64,4,274.8,2018-06-25,No
TEL10603,Female,Central,One Year,Fiber Optic,Auto Pay,No,No,No,Standard,69,50,326.29,16259.09,6,428.92,2018-08-16,Yes
TEL10604,Female,East,Two Year,No Internet,Net Banking,No,Yes,No,Business,25,30,2061.7,64006.31,3,257.57,2024-07-22,No
TEL10605,Male,Central,Two Year,No Internet,Auto Pay,Yes,Yes,Yes,Standard,51,22,2462.6,51052.12,7,342.06,2023-08-01,Yes
TEL10606,Male,East,Monthly,Fiber Optic,Debit Card,Yes,Yes,Yes,Premium,57,25,2094.27,55399.09,8,38.55,2021-09-27,No
TEL10607,Male,East,Monthly,Fiber Optic,Cash,Yes,No,No,Business,18,28,1475.44,41132.81,2,225.05,2023-06-09,Yes
TEL10608,Female,East,Two Year,5G,Credit Card,No,Yes,No,Basic,49,118,878.15,104515.94,6,48.35,2021-06-16,No
TEL10609,Female,Northeast,One Year,5G,Auto Pay,No,Yes,No,Business,66,84,653.71,50309.49,9,300.13,2022-06-24,No
TEL10610,Female,East,Two Year,5G,Debit Card,No,Yes,No,Premium,68,39,1036.34,38627.24,8,141.25,2020-10-17,No
TEL10611,Male,East,Monthly,DSL,Credit Card,Yes,No,Yes,Business,22,67,1733.03,113420.62,0,144.35,2022-09-08,No
TEL10612,Female,North,One Year,5G,Credit Card,No,No,No,Basic,47,5,1227.24,5979.75,1,39.31,2018-12-16,No
TEL10613,Female,South,One Year,No Internet,Auto Pay,Yes,No,No,Basic,39,65,2347.34,158694.1,6,155.81,2024-11-07,No
TEL10614,Female,West,Two Year,DSL,Debit Card,Yes,No,No,Business,37,15,2163.71,30859.42,1,253.83,2019-03-17,No
TEL10615,Female,South,Monthly,5G,Cash,Yes,No,No,Basic,33,90,434.52,36478.03,6,292.75,2025-09-09,Yes
TEL10616,Male,East,One Year,DSL,Auto Pay,Yes,Yes,No,Standard,24,67,501.51,33764.84,0,34.27,2022-05-31,No
TEL10617,Male,North,One Year,No Internet,Net Banking,Yes,No,Yes,Business,24,40,1754.35,70925.05,2,326.08,2025-01-06,No
TEL10618,Female,Central,Monthly,5G,Credit Card,No,No,Yes,Basic,67,105,729.77,70640.22,4,244.95,2021-10-16,No
TEL10619,Male,North,One Year,No Internet,Auto Pay,No,Yes,Yes,Basic,67,111,2018.37,201734.71,10,268.92,2018-10-15,Yes
TEL10620,Male,East,One Year,No Internet,Credit Card,Yes,No,Yes,Business,19,106,1559.12,176038.28,5,416.57,2023-08-18,No
TEL10621,Female,North,Two Year,No Internet,Debit Card,No,Yes,Yes,Standard,64,98,727.61,65197.35,8,171.77,2023-11-05,No
TEL10622,Female,Other,Monthly,5G,UPI,No,No,No,Business,31,116,1299.98,160089.24,8,87.85,2020-09-24,No
TEL10623,Male,North,Monthly,Fiber Optic,Auto Pay,Yes,Yes,Yes,Basic,48,69,1132.98,75975.65,2,276.35,2024-05-22,No
TEL10624,Female,East,Monthly,5G,Cash,Yes,Yes,Yes,Business,67,95,2207.27,213370.73,7,472.57,2021-11-23,Yes
TEL10625,Male,Northeast,Monthly,No Internet,Auto Pay,No,No,No,Basic,58,115,272.97,29301.21,3,259.42,2018-03-15,No
TEL10626,Female,Other,Monthly,5G,Credit Card,No,No,Yes,Premium,31,77,2259.44,182380.84,6,416.12,2022-01-02,Yes
TEL10627,Male,North,One Year,No Internet,Debit Card,No,Yes,Yes,Business,22,43,1698.79,68112.47,5,378.76,2025-10-24,Yes
TEL10628,Female,West,Monthly,Fiber Optic,Net Banking,No,Yes,Yes,Business,28,1,1895.34,1837.67,7,259.65,2024-01-15,Yes
TEL10629,Male,West,Two Year,DSL,Cash,Yes,Yes,Yes,Basic,57,22,205.0,4252.23,5,324.13,2019-03-06,No
TEL10630,Male,North,Two Year,Fiber Optic,Debit Card,No,Yes,No,Basic,22,62,1643.95,107097.7,3,203.93,2022-01-11,Yes
TEL10631,Male,Northeast,One Year,Fiber Optic,Auto Pay,Yes,Yes,No,Basic,46,79,1552.52,129333.51,1,265.78,2020-04-25,No
TEL10632,Female,Central,Two Year,DSL,Net Banking,Yes,Yes,Yes,Basic,28,26,1434.57,36066.66,6,254.14,2022-09-27,No
TEL10633,Male,East,One Year,5G,Debit Card,No,Yes,No,Business,22,18,2006.49,34503.41,10,354.85,2018-02-05,Yes
TEL10634,Male,West,One Year,DSL,UPI,No,No,Yes,Basic,66,48,1477.5,73703.03,10,205.58,2021-01-18,Yes
TEL10635,Female,Central,Monthly,5G,Cash,No,Yes,No,Business,49,9,2170.32,20668.37,3,50.78,2020-10-17,Yes
TEL10636,Female,North,Monthly,5G,Credit Card,Yes,No,No,Standard,53,1,734.05,743.1,8,394.57,2021-12-09,No
TEL10637,Male,Central,One Year,No Internet,Debit Card,Yes,No,No,Business,32,107,2052.76,234346.77,8,342.74,2023-06-21,Yes
TEL10638,Male,Other,Two Year,No Internet,Debit Card,Yes,Yes,No,Basic,36,9,611.42,5331.91,6,475.11,2021-08-12,No
TEL10639,Female,South,Monthly,DSL,UPI,Yes,Yes,No,Basic,39,23,2069.17,44132.93,4,214.93,2025-07-23,No
TEL10640,Female,West,Two Year,Fiber Optic,Auto Pay,No,No,No,Standard,51,107,2362.07,235639.92,2,40.02,2024-12-10,No
TEL10641,Female,North,One Year,DSL,Cash,Yes,Yes,No,Business,34,45,971.1,44598.39,2,61.69,2019-09-11,No
TEL10642,Female,East,Monthly,5G,Cash,Yes,Yes,No,Standard,29,2,1417.74,2759.93,8,386.89,2018-06-19,Yes
TEL10643,Female,Northeast,Two Year,No Internet,Credit Card,No,No,No,Business,42,14,1713.16,22260.65,8,34.81,2018-05-26,No
TEL10644,Male,Other,One Year,DSL,Debit Card,Yes,No,No,Basic,34,38,381.78,13819.99,10,454.01,2020-05-17,No
TEL10645,Female,North,Monthly,DSL,Net Banking,Yes,No,No,Business,27,40,1335.39,53175.71,3,141.54,2019-02-24,No
TEL10646,Male,East,One Year,No Internet,Debit Card,No,Yes,Yes,Basic,45,63,1028.35,59723.68,10,449.54,2023-06-19,No
TEL10647,Male,Northeast,Monthly,No Internet,Credit Card,Yes,Yes,No,Basic,35,82,2205.65,162889.04,0,386.98,2022-09-10,No
TEL10648,Male,Northeast,One Year,No Internet,Debit Card,Yes,No,Yes,Premium,68,16,2215.36,37753.76,9,435.73,2019-07-27,Yes
TEL10649,Female,North,Monthly,5G,UPI,Yes,Yes,No,Premium,35,117,1810.79,202302.14,4,107.81,2023-05-14,No
TEL10650,Male,Other,Monthly,No Internet,Debit Card,Yes,No,Yes,Business,62,93,1707.17,149220.11,7,298.25,2020-10-23,Yes
TEL10651,Male,Central,Two Year,Fiber Optic,Debit Card,No,Yes,Yes,Basic,49,108,1886.48,208981.36,9,47.7,2021-07-10,No
TEL10652,Female,Central,One Year,DSL,Net Banking,Yes,No,Yes,Standard,31,75,1040.77,82242.62,3,101.94,2025-10-17,No
TEL10653,Male,Northeast,Monthly,No Internet,UPI,No,Yes,No,Basic,33,6,1129.39,6869.92,9,155.64,2018-11-17,Yes
TEL10654,Male,Central,Monthly,No Internet,UPI,Yes,No,No,Standard,67,3,1472.52,4178.16,9,370.67,2022-05-19,Yes
TEL10655,Female,South,Two Year,5G,Debit Card,No,Yes,No,Business,35,14,2356.46,34808.03,3,13.33,2024-04-12,Yes
TEL10656,Male,Northeast,Monthly,5G,Cash,No,Yes,No,Business,33,66,1864.2,122037.76,8,451.66,2022-06-01,Yes
TEL10657,Male,Northeast,Monthly,DSL,Net Banking,No,No,Yes,Standard,34,96,1466.28,136344.94,8,36.33,2019-04-22,No
TEL10658,Male,East,Monthly,Fiber Optic,Debit Card,Yes,Yes,No,Standard,24,95,1970.95,188897.46,6,188.87,2023-01-01,No
TEL10659,Female,Central,Monthly,DSL,Debit Card,Yes,Yes,No,Basic,29,75,1052.05,80963.94,9,41.46,2020-02-22,No
TEL10660,Female,Other,Two Year,No Internet,Credit Card,Yes,No,No,Business,51,86,1879.07,162713.34,7,384.71,2019-06-17,No
TEL10661,Female,Northeast,One Year,Fiber Optic,Credit Card,No,Yes,No,Basic,27,67,1143.56,81648.08,3,71.52,2021-09-24,Yes
TEL10662,Male,Other,Monthly,Fiber Optic,Cash,Yes,Yes,No,Standard,22,114,842.22,97265.4,7,442.49,2023-05-02,No
TEL10663,Male,South,One Year,Fiber Optic,Net Banking,Yes,Yes,No,Premium,38,31,1601.37,52528.91,5,265.58,2024-04-03,No
TEL10664,Female,East,Monthly,Fiber Optic,Auto Pay,Yes,No,No,Premium,20,33,1778.82,59032.87,2,474.29,2021-03-10,Yes
TEL10665,Male,North,Two Year,DSL,Credit Card,Yes,No,No,Premium,36,88,1255.38,105981.85,6,145.89,2023-05-25,No
TEL10666,Male,Other,Two Year,5G,Auto Pay,No,No,Yes,Standard,62,1,1499.65,1493.37,2,227.7,2025-06-19,No
TEL10667,Female,Northeast,,5G,UPI,No,No,Yes,Basic,61,44,1795.35,72323.5,10,347.43,2019-08-02,No
TEL10668,Female,South,Two Year,No Internet,Credit Card,Yes,No,No,Business,52,15,1964.73,27744.88,6,416.12,2021-10-05,Yes
TEL10669,Male,West,One Year,5G,Credit Card,Yes,Yes,No,Standard,23,37,2258.81,86745.31,4,211.26,2022-05-13,No
TEL10670,Male,South,Monthly,5G,Net Banking,Yes,Yes,No,Premium,31,27,1014.45,27912.36,3,446.32,2022-10-14,No
TEL10671,Male,South,Monthly,5G,Cash,No,No,No,Basic,21,102,2387.4,226462.28,2,59.88,2023-12-18,No
TEL10672,Female,East,Monthly,5G,Auto Pay,Yes,Yes,Yes,Business,62,48,1664.74,78216.9,7,354.63,2023-07-27,Yes
TEL10673,Female,North,One Year,No Internet,Credit Card,No,Yes,Yes,Business,68,27,2010.71,50247.81,3,174.75,2023-08-21,No
TEL10674,Female,West,Two Year,DSL,Credit Card,No,Yes,No,Standard,35,108,1808.47,205870.98,7,51.57,2018-09-14,No
TEL10675,Female,Central,One Year,Fiber Optic,Net Banking,Yes,Yes,Yes,Standard,46,12,671.81,7413.97,9,193.95,2025-11-03,Yes
TEL10676,Male,Central,Two Year,5G,Net Banking,Yes,No,Yes,Business,52,67,363.31,24774.14,2,440.23,2024-08-13,No
TEL10677,Female,Other,One Year,DSL,Cash,Yes,No,No,Business,69,30,1869.46,56603.14,9,490.29,2021-11-18,No
TEL10678,Female,South,Two Year,5G,Auto Pay,No,Yes,No,Premium,55,96,1374.42,129978.32,8,197.01,2021-12-13,No
TEL10679,Female,East,One Year,5G,UPI,No,Yes,No,Business,33,87,1814.09,149947.52,5,443.32,2020-05-31,No
TEL10680,Female,East,Monthly,Fiber Optic,Cash,Yes,No,Yes,Standard,37,66,1295.74,83185.22,4,255.32,2018-01-19,No
TEL10681,Female,Central,One Year,Fiber Optic,UPI,No,Yes,Yes,Basic,41,7,917.14,6709.84,4,358.79,2018-04-20,No
TEL10682,Male,Other,One Year,Fiber Optic,Debit Card,Yes,Yes,No,Premium,52,34,854.54,30131.67,2,23.64,2021-12-31,No
TEL10683,Male,Other,Monthly,5G,Credit Card,Yes,Yes,No,Premium,61,32,1879.22,62118.63,1,279.1,2024-12-27,No
TEL10684,Female,Other,One Year,5G,Auto Pay,No,No,Yes,Business,68,117,835.59,101182.67,5,36.01,2020-11-23,No
TEL10685,Male,West,Monthly,5G,Cash,No,No,Yes,Basic,36,39,1842.76,66542.22,10,135.04,2021-08-04,Yes
TEL10686,Female,North,Monthly,Fiber Optic,Credit Card,No,Yes,No,Premium,21,96,1082.11,95347.29,0,283.84,2023-02-11,No
TEL10687,Female,West,One Year,No Internet,Auto Pay,No,Yes,Yes,Standard,50,43,1972.07,89468.87,6,403.77,2020-09-29,No
TEL10688,Male,Northeast,Monthly,DSL,Auto Pay,Yes,Yes,No,Business,19,43,527.46,23830.5,4,280.89,2018-09-12,No
TEL10689,Male,Northeast,Monthly,No Internet,Auto Pay,Yes,Yes,No,Standard,30,78,670.45,53478.92,3,468.16,2019-09-30,Yes
TEL10690,Female,North,Monthly,5G,Credit Card,Yes,Yes,Yes,Business,62,3,1776.6,5378.1,8,405.36,2023-08-05,Yes
TEL10691,Female,Central,Two Year,5G,Cash,No,Yes,Yes,Premium,47,46,1487.53,66102.41,9,78.96,2023-12-22,No
TEL10692,Female,North,,No Internet,Net Banking,Yes,No,Yes,Business,51,32,667.92,20098.19,0,195.09,2024-12-21,No
TEL10693,Male,East,Two Year,5G,Credit Card,No,No,No,Basic,47,43,2275.5,99820.86,10,334.57,2019-02-01,No
TEL10694,Female,Northeast,Monthly,DSL,Auto Pay,No,Yes,No,Standard,68,100,833.67,88731.35,3,469.26,2022-06-10,No
TEL10695,Female,South,Two Year,5G,Cash,No,No,No,Basic,41,81,1167.46,92546.2,2,493.87,2025-05-18,No
TEL10696,Female,South,Two Year,DSL,Debit Card,Yes,Yes,No,Standard,65,112,664.26,71017.87,5,381.83,2019-11-16,No
TEL10697,Male,Central,Monthly,No Internet,UPI,No,Yes,No,Standard,61,3,1091.46,3106.51,4,287.31,2023-01-31,Yes
TEL10698,Female,East,Monthly,No Internet,Auto Pay,No,No,No,Business,50,74,1329.79,88983.9,6,378.55,2023-08-29,No
TEL10699,Female,West,Monthly,5G,Debit Card,No,No,Yes,Premium,58,117,878.07,102082.55,0,137.34,2020-10-07,No
TEL10700,Male,East,One Year,DSL,Net Banking,No,Yes,No,Premium,66,63,1967.92,133634.75,4,142.52,2023-12-07,No
TEL10701,Female,South,Monthly,5G,Auto Pay,No,Yes,No,Basic,27,111,1105.05,128394.05,1,327.52,2018-10-29,No
TEL10702,Female,South,Monthly,Fiber Optic,Debit Card,No,No,No,Business,35,40,1876.87,79695.31,1,436.05,2018-08-15,Yes
TEL10703,Male,Northeast,Monthly,Fiber Optic,,No,No,No,Premium,36,18,675.27,12298.4,10,484.93,2022-03-11,No
TEL10704,Female,East,Monthly,Fiber Optic,Credit Card,No,Yes,Yes,Standard,24,67,1066.18,70481.15,10,171.33,2021-05-20,Yes
TEL10705,Male,East,Monthly,Fiber Optic,Cash,No,Yes,No,Standard,36,103,217.53,24159.55,1,398.48,2018-12-22,No
TEL10706,Male,South,One Year,5G,Debit Card,No,Yes,Yes,Business,41,62,1943.87,118168.5,8,425.91,2019-12-02,No
TEL10707,Female,West,Two Year,Fiber Optic,Cash,No,No,Yes,Basic,32,10,1638.54,17450.93,9,311.96,2024-12-09,Yes
TEL10708,Female,Central,Monthly,DSL,Credit Card,No,Yes,No,Business,58,52,2079.99,112175.66,2,174.45,2024-03-20,No
TEL10709,Female,Other,One Year,No Internet,Credit Card,Yes,No,No,Basic,59,73,1246.9,87344.17,3,309.93,2022-11-19,No
TEL10710,Female,Central,Monthly,No Internet,Cash,Yes,Yes,Yes,Business,40,46,2038.4,92880.42,4,292.64,2022-05-06,Yes
TEL10711,Male,East,Two Year,Fiber Optic,Debit Card,No,No,Yes,Standard,69,55,1688.44,90002.06,3,303.66,2021-04-29,No
TEL10712,Female,Central,Two Year,Fiber Optic,Cash,No,No,No,Business,69,46,207.31,8816.46,3,310.01,2024-12-22,No
TEL10713,Male,South,Two Year,Fiber Optic,Cash,No,No,Yes,Premium,21,75,782.5,56587.54,4,423.68,2020-11-11,Yes
TEL10714,Female,South,Two Year,5G,UPI,Yes,No,No,Premium,55,60,1334.95,84904.03,9,85.87,2022-07-04,No
TEL10715,Female,East,Monthly,No Internet,Debit Card,Yes,Yes,No,Business,21,97,1621.98,162913.32,8,184.28,2021-09-12,No
TEL10716,Female,East,Two Year,Fiber Optic,UPI,Yes,No,Yes,Basic,22,100,349.86,33235.46,8,293.41,2018-12-31,No
TEL10717,Male,Other,One Year,DSL,Auto Pay,No,No,No,Basic,58,26,1820.68,45738.82,5,142.38,2020-12-03,Yes
TEL10718,Female,Other,Monthly,Fiber Optic,Cash,No,No,No,Standard,61,27,1449.13,39555.26,10,489.1,2019-06-03,Yes
TEL10719,Female,Northeast,Two Year,No Internet,Auto Pay,No,Yes,No,Standard,40,38,1408.29,52172.07,2,132.31,2022-06-15,Yes
TEL10720,Female,East,Monthly,Fiber Optic,Debit Card,No,Yes,Yes,Basic,57,22,870.7,18974.34,5,235.34,2025-01-20,Yes
TEL10721,Female,West,One Year,No Internet,Cash,Yes,Yes,Yes,Business,70,26,1567.09,41790.26,9,438.81,2021-09-06,No
TEL10722,Male,Central,Monthly,Fiber Optic,Auto Pay,No,Yes,Yes,Standard,54,86,262.23,22193.32,3,40.95,2024-02-12,No
TEL10723,Female,East,Monthly,DSL,Net Banking,Yes,Yes,No,Basic,28,69,347.81,22423.95,2,410.52,2022-07-04,Yes
TEL10724,Male,North,One Year,Fiber Optic,Credit Card,Yes,Yes,Yes,Basic,28,35,1886.9,65625.66,5,285.93,2025-10-16,Yes
TEL10725,Male,Northeast,One Year,DSL,Cash,No,No,Yes,Business,30,66,939.35,59771.48,10,16.87,2020-09-08,Yes
TEL10726,Male,North,Monthly,DSL,Credit Card,Yes,No,Yes,Premium,31,99,997.02,93999.93,5,451.55,2024-07-23,No
TEL10727,Male,South,Monthly,Fiber Optic,UPI,Yes,No,No,Basic,25,73,678.29,47488.0,1,20.56,2023-07-30,No
TEL10728,Male,Other,Two Year,DSL,Auto Pay,Yes,Yes,No,Standard,42,115,1223.93,137799.03,8,258.09,2020-07-10,Yes
TEL10729,Male,Central,Monthly,5G,UPI,Yes,No,Yes,Business,35,51,318.58,17215.78,7,25.47,2020-08-14,No
TEL10730,Female,East,Monthly,Fiber Optic,Cash,No,No,Yes,Business,68,113,889.84,103782.68,5,36.53,2018-12-27,No
TEL10731,Male,North,Two Year,Fiber Optic,Credit Card,No,Yes,Yes,Business,61,18,1411.39,25918.68,0,443.71,2021-08-03,No
TEL10732,Male,Central,Two Year,DSL,Credit Card,Yes,No,No,Premium,61,43,1269.95,53779.28,1,383.15,2018-07-01,No
TEL10733,Male,South,Monthly,DSL,Auto Pay,No,Yes,Yes,Premium,35,12,2498.24,26990.87,3,99.27,2022-01-14,Yes
TEL10734,Female,Other,One Year,Fiber Optic,Cash,Yes,No,No,Standard,27,3,1093.16,3152.56,6,310.61,2023-11-15,Yes
TEL10735,Female,West,Two Year,5G,Net Banking,No,Yes,No,Standard,24,82,1089.1,93447.74,8,397.55,2019-07-17,No
TEL10736,Male,Northeast,Two Year,DSL,Net Banking,No,Yes,No,Business,67,120,1357.24,157961.69,9,444.91,2018-11-10,No
TEL10737,Female,Central,One Year,DSL,Auto Pay,No,Yes,Yes,Standard,61,102,636.7,65040.0,4,234.69,2023-08-31,Yes
TEL10738,Male,Central,Monthly,No Internet,Cash,No,No,Yes,Basic,31,7,2214.5,14522.63,9,448.85,2025-10-23,Yes
TEL10739,Male,West,Monthly,5G,Auto Pay,No,No,No,Premium,32,97,1515.22,156508.4,1,254.42,2025-03-08,No
TEL10740,Female,Central,Monthly,5G,Cash,Yes,Yes,No,Business,33,6,640.85,4099.53,10,344.43,2019-02-07,Yes
TEL10741,Male,South,One Year,Fiber Optic,UPI,No,Yes,No,Business,19,82,2023.92,153728.87,10,489.54,2021-02-21,No
TEL10742,Female,South,Monthly,5G,Auto Pay,Yes,No,No,Basic,47,45,277.96,12887.81,10,118.74,2019-09-05,Yes
TEL10743,Female,West,One Year,Fiber Optic,Cash,Yes,No,Yes,Basic,47,86,2458.9,193182.72,0,85.09,2023-02-20,No
TEL10744,Male,Northeast,Monthly,No Internet,Net Banking,No,Yes,Yes,Basic,35,115,2188.84,253664.53,9,171.67,2022-06-02,Yes
TEL10745,Male,East,Monthly,5G,Cash,Yes,No,No,Basic,48,39,1532.17,55700.74,0,83.04,2019-11-24,No
TEL10746,Female,North,Two Year,DSL,Cash,No,No,No,Business,61,51,454.98,21492.15,4,142.8,2022-10-01,Yes
TEL10747,Male,East,Monthly,No Internet,Auto Pay,Yes,No,No,Premium,65,9,694.13,5627.09,6,371.75,2025-12-29,Yes
TEL10748,Male,Central,Monthly,Fiber Optic,UPI,Yes,Yes,Yes,Premium,30,99,841.7,89107.47,8,239.28,2022-09-22,No
TEL10749,Male,North,Two Year,No Internet,UPI,No,Yes,No,Basic,37,23,753.37,18181.16,8,188.15,2020-04-19,No
TEL10750,Female,West,Monthly,Fiber Optic,,No,No,Yes,Standard,66,12,1343.3,14732.44,7,184.99,2023-11-21,Yes
TEL10751,Female,West,One Year,No Internet,UPI,No,Yes,No,Business,67,116,2371.49,277262.66,0,98.07,2024-07-08,No
TEL10752,Male,Northeast,One Year,Fiber Optic,Debit Card,No,No,Yes,Premium,52,88,1220.6,101174.45,4,224.26,2022-12-16,No
TEL10753,Female,North,Monthly,5G,Auto Pay,Yes,No,Yes,Basic,40,62,1720.6,101079.09,5,312.69,2020-01-23,No
TEL10754,Female,South,Two Year,DSL,Credit Card,No,Yes,No,Standard,59,114,1782.74,214887.87,5,70.44,2023-12-22,Yes
TEL10755,Female,North,Monthly,Fiber Optic,Auto Pay,Yes,Yes,Yes,Standard,50,104,2203.64,210976.89,3,486.43,2024-10-08,No
TEL10756,Female,Central,Monthly,No Internet,Debit Card,Yes,Yes,Yes,Basic,55,73,276.79,20372.74,0,222.2,2021-12-29,No
TEL10757,Female,South,Monthly,Fiber Optic,UPI,Yes,No,Yes,Business,52,77,1128.96,84515.53,2,474.03,2020-07-25,No
TEL10758,Male,Other,Monthly,Fiber Optic,Debit Card,Yes,No,Yes,Premium,68,40,2003.89,74892.91,9,68.19,2021-09-03,Yes
TEL10759,Male,Other,Two Year,Fiber Optic,Net Banking,Yes,Yes,No,Standard,53,54,2073.19,109863.82,3,383.84,2022-08-21,No
TEL10760,Male,Other,Monthly,No Internet,Net Banking,Yes,Yes,No,Premium,37,106,2331.87,264304.72,3,309.2,2019-05-20,No
TEL10761,Female,West,One Year,DSL,Auto Pay,No,Yes,No,Premium,20,81,1815.43,153033.26,3,410.21,2025-12-28,Yes
TEL10762,Female,North,One Year,5G,Auto Pay,Yes,No,No,Standard,25,7,762.85,4932.94,4,300.74,2024-02-16,Yes
TEL10763,Male,Other,One Year,DSL,Credit Card,Yes,No,No,Basic,57,17,1362.03,24379.32,10,481.46,2025-04-13,No
TEL10764,Female,East,Monthly,Fiber Optic,Credit Card,Yes,No,Yes,Standard,49,119,273.39,34769.73,8,313.84,2023-05-24,Yes
TEL10765,Male,Northeast,Monthly,No Internet,Net Banking,No,Yes,Yes,Standard,46,50,1686.94,80117.3,3,392.52,2018-02-21,No
TEL10766,Male,East,One Year,DSL,UPI,No,Yes,Yes,Business,24,24,1473.88,33958.75,8,438.91,2022-01-09,No
TEL10767,Male,Other,Monthly,Fiber Optic,Debit Card,Yes,No,Yes,Premium,19,2,1732.72,3197.69,8,357.58,2025-04-13,Yes
TEL10768,Female,Northeast,Monthly,5G,,No,Yes,No,Basic,38,99,2338.32,222717.57,0,262.59,2021-11-06,No
TEL10769,Female,Central,Monthly,5G,Cash,Yes,Yes,No,Premium,23,92,1779.74,167201.61,4,137.14,2024-08-18,Yes
TEL10770,Male,East,Monthly,5G,Credit Card,No,Yes,Yes,Standard,45,83,936.03,73727.34,8,427.39,2023-06-23,Yes
TEL10771,Male,North,Two Year,Fiber Optic,UPI,Yes,Yes,No,Basic,65,33,656.09,19512.47,3,240.81,2024-08-19,No
TEL10772,Male,North,Monthly,No Internet,UPI,No,No,Yes,Basic,59,21,2164.66,43682.19,4,310.73,2019-01-24,Yes
TEL10773,Male,East,Monthly,DSL,Auto Pay,No,Yes,Yes,Basic,53,117,645.96,74184.53,3,40.53,2022-07-31,No
TEL10774,Female,Other,Monthly,5G,Debit Card,No,No,No,Basic,49,74,570.7,42313.9,1,249.18,2019-11-05,No
TEL10775,Female,North,One Year,Fiber Optic,UPI,Yes,No,No,Business,62,53,674.21,36558.16,9,349.38,2023-03-05,No
TEL10776,Male,Central,One Year,Fiber Optic,Credit Card,Yes,Yes,No,Basic,59,46,1369.33,57390.78,1,292.45,2025-10-22,No
TEL10777,Male,South,Monthly,DSL,Credit Card,Yes,No,No,Standard,70,45,484.63,21471.53,1,224.83,2022-02-11,Yes
TEL10778,Female,Other,One Year,5G,Net Banking,No,No,No,Business,63,9,2356.67,20105.95,0,112.49,2024-09-17,Yes
TEL10779,Female,Central,One Year,Fiber Optic,UPI,No,Yes,No,Standard,26,102,2421.38,264426.13,2,155.53,2019-08-16,No
TEL10780,Male,Northeast,Two Year,DSL,Cash,Yes,No,No,Standard,28,6,2438.74,14117.11,10,350.61,2025-08-11,Yes
TEL10781,Male,Central,One Year,No Internet,Auto Pay,No,No,Yes,Premium,40,51,288.99,13530.26,9,112.87,2024-12-27,No
TEL10782,Male,Other,Monthly,No Internet,Debit Card,Yes,No,No,Basic,67,117,2375.25,252189.34,0,311.24,2018-03-24,No
TEL10783,Female,Northeast,Monthly,No Internet,Cash,Yes,No,Yes,Basic,28,106,2493.05,250461.64,3,295.28,2024-06-24,No
TEL10784,Female,Other,Monthly,5G,Auto Pay,Yes,No,Yes,Standard,66,119,2366.59,262529.57,0,485.24,2019-02-18,No
TEL10785,Female,North,Monthly,DSL,Credit Card,Yes,No,No,Basic,19,35,1742.16,62009.99,3,31.33,2024-11-05,Yes
TEL10786,Male,South,Two Year,DSL,Cash,No,No,Yes,Business,20,82,1811.83,156363.15,2,54.95,2025-08-25,No
TEL10787,Male,Other,Monthly,Fiber Optic,Auto Pay,No,No,No,Premium,28,53,480.18,24336.39,8,253.54,2018-07-17,No
TEL10788,Female,Other,Monthly,Fiber Optic,Credit Card,No,Yes,Yes,Basic,67,19,2209.88,42155.77,0,264.03,2024-04-25,Yes
TEL10789,Female,North,One Year,Fiber Optic,Credit Card,Yes,Yes,Yes,Basic,52,69,336.17,23925.35,7,20.92,2022-09-09,No
TEL10790,Male,West,One Year,DSL,Credit Card,No,Yes,Yes,Business,32,25,929.78,22587.33,10,413.1,2024-06-03,Yes
TEL10791,Female,North,Monthly,Fiber Optic,Credit Card,Yes,No,No,Premium,60,11,2478.65,24864.14,8,247.87,2021-07-27,Yes
TEL10792,Female,Northeast,Monthly,DSL,Credit Card,Yes,No,Yes,Business,28,74,1170.35,81518.09,6,173.98,2018-10-27,No
TEL10793,Male,North,Monthly,DSL,Net Banking,Yes,No,Yes,Standard,48,17,500.66,9012.97,0,160.11,2018-05-09,Yes
TEL10794,Female,North,One Year,No Internet,Cash,Yes,Yes,Yes,Standard,45,36,2428.38,91653.45,3,430.84,2024-12-20,Yes
TEL10795,Male,South,Monthly,Fiber Optic,Auto Pay,Yes,Yes,No,Basic,45,90,2462.52,202916.15,9,99.17,2023-03-22,Yes
TEL10796,Male,North,Monthly,No Internet,Net Banking,Yes,Yes,Yes,Premium,49,95,629.2,56206.14,0,81.05,2024-10-21,No
TEL10797,Male,Other,Monthly,5G,Net Banking,No,No,No,Standard,42,96,2188.05,218129.28,3,107.38,2022-09-12,Yes
TEL10798,Male,South,Monthly,5G,UPI,No,Yes,Yes,Business,37,21,1096.97,22747.53,2,312.89,2018-07-26,Yes
TEL10799,Male,East,One Year,5G,UPI,No,Yes,Yes,Standard,45,18,1076.15,20083.43,1,405.65,2023-07-18,No
TEL10800,Male,West,Monthly,DSL,UPI,No,No,Yes,Standard,42,60,803.2,45203.93,0,166.16,2018-10-21,No
TEL10801,Male,South,Monthly,DSL,Debit Card,Yes,Yes,No,Business,28,18,301.83,5821.32,5,87.56,2023-05-18,No
TEL10802,Female,Northeast,Two Year,DSL,UPI,Yes,No,Yes,Basic,36,1,815.42,848.89,6,105.39,2023-02-17,No
TEL10803,Male,East,One Year,Fiber Optic,Auto Pay,No,Yes,Yes,Premium,45,14,322.69,4226.46,5,309.97,2023-06-30,Yes
TEL10804,Male,South,Monthly,No Internet,Net Banking,No,No,Yes,Basic,18,8,2325.06,18610.17,8,123.77,2023-09-08,Yes
TEL10805,Female,South,One Year,DSL,Auto Pay,No,No,Yes,Business,22,66,1720.96,104537.3,8,438.76,2024-02-05,No
TEL10806,Female,West,,No Internet,Cash,No,No,No,Standard,27,51,2238.23,110161.14,1,52.84,2023-09-20,No
TEL10807,Female,Other,One Year,No Internet,UPI,No,No,Yes,Premium,59,79,1848.77,148788.67,1,17.15,2021-04-30,No
TEL10808,Male,Northeast,Monthly,No Internet,Debit Card,No,No,Yes,Basic,63,60,500.96,28837.95,8,45.1,2024-07-19,Yes
TEL10809,Female,Central,Two Year,Fiber Optic,Cash,No,Yes,Yes,Business,51,34,2362.34,81782.7,0,422.98,2022-11-08,No
TEL10810,Male,Central,Monthly,Fiber Optic,Debit Card,No,No,Yes,Standard,53,36,2268.75,77106.13,4,325.96,2025-11-03,Yes
TEL10811,Male,South,Monthly,5G,Cash,Yes,No,No,Standard,19,62,999.57,63821.21,0,478.91,2025-08-16,No
TEL10812,Male,North,Monthly,5G,Net Banking,Yes,No,Yes,Basic,35,1,455.53,439.46,6,168.81,2019-09-18,No
TEL10813,Male,Northeast,Monthly,No Internet,Auto Pay,Yes,No,Yes,Business,30,115,1818.56,217977.99,8,107.13,2018-10-05,Yes
TEL10814,Female,East,One Year,5G,Credit Card,Yes,Yes,No,Standard,68,85,1874.23,147298.28,5,281.43,2019-06-13,No
TEL10815,Female,North,Monthly,No Internet,Auto Pay,No,No,Yes,Standard,22,42,2261.71,91681.93,1,269.38,2023-11-04,No
TEL10816,Male,North,Monthly,Fiber Optic,UPI,Yes,Yes,Yes,Premium,37,1,320.11,314.83,5,295.92,2023-04-09,No
TEL10817,Male,Northeast,Two Year,Fiber Optic,Credit Card,No,No,Yes,Standard,19,96,524.92,49197.63,8,174.42,2024-06-22,Yes
TEL10818,Male,Other,Monthly,Fiber Optic,Debit Card,Yes,No,No,Basic,28,84,1574.97,129381.25,2,3.94,2023-02-24,No
TEL10819,Female,South,Monthly,DSL,Net Banking,No,Yes,Yes,Business,47,54,1623.0,85894.82,8,18.48,2023-04-10,Yes
TEL10820,Male,South,Monthly,No Internet,Net Banking,No,Yes,No,Business,49,47,276.3,13998.82,7,332.25,2019-11-24,No
TEL10821,Male,South,Monthly,Fiber Optic,Debit Card,Yes,Yes,No,Premium,49,100,1111.94,103940.62,6,262.11,2021-09-22,No
TEL10822,Female,South,Monthly,No Internet,UPI,Yes,No,No,Business,67,39,1542.57,62467.95,7,410.68,2020-05-12,No
TEL10823,Female,Central,One Year,5G,Debit Card,No,Yes,No,Basic,55,30,1896.2,56847.43,9,150.9,2024-06-20,No
TEL10824,Male,South,Monthly,5G,Cash,No,No,No,Standard,45,7,926.15,6317.43,5,407.92,2018-08-13,No
TEL10825,Female,Central,Monthly,Fiber Optic,UPI,No,Yes,No,Premium,27,22,1311.98,29268.66,2,213.32,2023-04-02,No
TEL10826,Female,Central,One Year,No Internet,Credit Card,Yes,Yes,No,Business,39,50,2071.33,109121.36,6,49.25,2023-05-22,No
TEL10827,Male,Other,One Year,Fiber Optic,Debit Card,Yes,No,Yes,Premium,34,45,2392.96,105959.72,3,488.98,2023-05-11,No
TEL10828,Female,South,Monthly,5G,UPI,No,Yes,Yes,Premium,39,74,728.72,56926.99,10,256.46,2023-01-14,No
TEL10829,Male,West,One Year,Fiber Optic,Credit Card,Yes,Yes,No,Business,60,120,781.0,85930.34,9,315.11,2018-03-09,No
TEL10830,Female,East,Monthly,No Internet,Debit Card,No,No,No,Premium,36,72,2360.58,172945.47,4,335.73,2022-07-01,Yes
TEL10831,Male,North,Monthly,5G,Net Banking,Yes,No,No,Business,34,91,1109.6,96931.87,7,181.84,2020-10-17,Yes
TEL10832,Male,Central,Monthly,DSL,Debit Card,Yes,No,No,Basic,41,10,1851.2,17949.4,6,374.02,2021-01-05,Yes
TEL10833,Male,Northeast,Monthly,5G,Auto Pay,Yes,Yes,No,Business,53,14,1607.21,22563.57,6,435.26,2022-04-12,No
TEL10834,Female,Northeast,Two Year,DSL,Debit Card,Yes,Yes,No,Standard,49,46,855.85,38833.09,7,194.21,2025-12-13,No
TEL10835,Male,East,Monthly,Fiber Optic,Auto Pay,Yes,Yes,Yes,Business,63,116,1702.19,191277.74,9,328.84,2022-03-05,Yes
TEL10836,Female,Northeast,One Year,Fiber Optic,Credit Card,No,Yes,Yes,Standard,69,118,1706.8,192439.63,2,378.8,2022-01-10,No
TEL10837,Male,West,Monthly,No Internet,Debit Card,No,Yes,No,Premium,53,75,1561.62,118444.59,2,95.87,2022-09-12,No
TEL10838,Male,Northeast,One Year,DSL,Credit Card,Yes,No,No,Business,45,6,428.22,2546.21,1,166.97,2022-05-02,No
TEL10839,Female,North,One Year,Fiber Optic,Credit Card,No,Yes,No,Standard,31,21,2487.9,50061.79,0,55.29,2021-10-14,No
TEL10840,Male,North,Two Year,DSL,UPI,No,No,Yes,Business,53,62,1119.96,65055.53,9,301.5,2021-07-24,No
TEL10841,Male,Central,Monthly,Fiber Optic,Credit Card,Yes,Yes,No,Business,23,97,1666.98,168068.62,5,400.67,2021-08-29,No
TEL10842,Female,South,One Year,5G,Credit Card,No,No,Yes,Business,26,19,2236.25,44356.07,5,305.81,2021-05-27,No
TEL10843,Male,Other,Monthly,Fiber Optic,Debit Card,Yes,Yes,Yes,Basic,38,103,1172.56,113343.91,9,90.71,2022-09-02,Yes
TEL10844,Male,West,One Year,No Internet,Debit Card,No,Yes,Yes,Standard,29,88,1979.03,164941.31,7,273.64,2023-03-17,No
TEL10845,Male,Central,One Year,5G,Net Banking,No,No,No,Basic,47,82,2434.2,188236.08,5,417.63,2023-05-22,Yes
TEL10846,Male,West,One Year,No Internet,UPI,No,Yes,No,Basic,48,99,1024.55,107437.42,5,152.06,2024-02-26,No
TEL10847,Female,South,Monthly,5G,Credit Card,No,No,Yes,Standard,57,116,1131.12,136372.17,0,416.49,2024-07-07,No
TEL10848,Female,Northeast,Monthly,DSL,UPI,No,Yes,Yes,Business,21,62,2281.82,129224.58,6,392.53,2025-02-07,No
TEL10849,Male,Northeast,Monthly,No Internet,Auto Pay,No,Yes,Yes,Basic,48,107,566.18,63603.05,6,11.85,2022-08-07,No
TEL10850,Female,Other,Monthly,Fiber Optic,Credit Card,No,No,Yes,Basic,44,101,264.77,24244.98,9,120.49,2021-08-08,No
TEL10851,Male,South,Two Year,DSL,UPI,Yes,Yes,No,Basic,42,83,2289.44,179681.67,8,271.93,2023-10-15,No
TEL10852,Female,Central,One Year,Fiber Optic,Net Banking,Yes,No,Yes,Business,22,53,2088.66,117940.74,6,359.09,2020-01-01,Yes
TEL10853,Male,Other,Two Year,5G,Net Banking,Yes,Yes,No,Basic,23,24,2435.94,61711.89,7,440.38,2019-07-22,Yes
TEL10854,Male,South,Monthly,5G,Credit Card,Yes,Yes,Yes,Premium,22,56,332.95,19403.28,3,320.88,2025-05-28,No
TEL10855,Male,East,Two Year,Fiber Optic,Auto Pay,No,Yes,No,Standard,68,62,558.21,33998.47,8,190.79,2024-09-17,Yes
TEL10856,Male,North,One Year,Fiber Optic,Net Banking,No,Yes,Yes,Premium,44,34,441.22,14369.24,0,93.13,2022-10-15,Yes
TEL10857,Male,Other,One Year,DSL,Net Banking,No,Yes,No,Business,25,22,1770.86,41244.96,7,380.26,2022-06-18,Yes
TEL10858,Male,Other,One Year,Fiber Optic,Auto Pay,Yes,Yes,No,Basic,26,68,1592.82,110290.98,2,104.18,2025-04-19,No
TEL10859,Female,Central,Monthly,No Internet,UPI,Yes,Yes,No,Standard,32,57,1025.47,55715.75,0,348.02,2019-08-19,Yes
TEL10860,Male,West,One Year,No Internet,Net Banking,Yes,No,Yes,Basic,53,10,331.07,3255.66,1,91.42,2019-10-10,No
TEL10861,Female,East,Monthly,Fiber Optic,Debit Card,No,Yes,No,Business,58,66,1670.22,116701.98,5,46.44,2024-01-03,No
TEL10862,Male,Central,Monthly,No Internet,Cash,Yes,Yes,Yes,Standard,24,8,1510.28,12838.85,4,126.3,2025-09-09,Yes
TEL10863,Female,South,Monthly,Fiber Optic,Cash,No,Yes,No,Premium,49,97,458.68,45322.82,2,143.18,2022-04-03,No
TEL10864,Female,South,Two Year,DSL,Net Banking,Yes,No,No,Standard,25,38,2289.49,89772.46,8,323.96,2018-05-05,No
TEL10865,Female,South,Two Year,No Internet,UPI,No,No,Yes,Basic,64,107,656.58,63725.6,7,81.28,2022-03-18,No
TEL10866,Male,South,Two Year,No Internet,UPI,Yes,Yes,No,Standard,68,62,1909.07,119407.25,2,465.22,2021-09-17,No
TEL10867,Male,West,One Year,Fiber Optic,Credit Card,No,Yes,No,Business,32,28,2234.67,64073.63,1,277.63,2019-04-25,Yes
TEL10868,Female,East,Monthly,No Internet,Debit Card,Yes,Yes,Yes,Business,54,10,1531.79,13842.29,7,245.97,2020-09-28,No
TEL10869,Male,Northeast,Monthly,5G,UPI,Yes,No,No,Standard,36,45,766.75,36294.31,4,217.91,2019-12-13,Yes
TEL10870,Female,North,Monthly,DSL,Auto Pay,No,Yes,No,Business,56,65,910.27,63137.18,8,283.73,2023-05-25,No
TEL10871,Male,West,Monthly,DSL,Debit Card,No,No,No,Business,23,98,2236.22,206620.46,0,12.2,2025-07-25,No
TEL10872,Female,West,Monthly,No Internet,Cash,Yes,Yes,No,Business,36,67,884.99,62392.06,9,495.05,2021-11-22,No
TEL10873,Female,Northeast,Monthly,No Internet,Debit Card,No,No,Yes,Premium,45,9,1915.24,17578.32,2,279.2,2022-12-23,No
TEL10874,Male,Northeast,Monthly,5G,Auto Pay,Yes,No,No,Basic,34,5,2476.38,12437.93,4,18.56,2020-03-25,Yes
TEL10875,Female,North,Two Year,5G,Net Banking,No,Yes,No,Business,59,106,2498.58,278558.8,1,295.4,2018-02-25,No
TEL10876,Male,North,Monthly,No Internet,Auto Pay,Yes,Yes,No,Standard,36,10,1426.0,13567.11,2,219.1,2022-07-13,No
TEL10877,Female,Northeast,Two Year,No Internet,Auto Pay,No,Yes,No,Business,48,12,2100.08,26268.32,3,12.99,2018-05-12,No
TEL10878,Female,South,One Year,5G,Net Banking,Yes,Yes,No,Premium,28,82,2476.57,194267.91,3,462.29,2018-08-19,Yes
TEL10879,Male,West,Monthly,Fiber Optic,Net Banking,Yes,Yes,No,Standard,32,58,1060.75,64091.62,10,6.27,2019-01-30,No
TEL10880,Male,Central,Monthly,5G,Net Banking,Yes,Yes,No,Basic,27,21,779.54,16062.41,8,289.36,2020-09-08,Yes
TEL10881,Male,North,Monthly,Fiber Optic,Net Banking,No,Yes,No,Standard,60,21,461.74,8931.0,0,480.93,2020-07-21,No
TEL10882,Female,North,Monthly,DSL,Net Banking,Yes,No,Yes,Standard,40,65,523.07,32934.47,8,119.56,2022-03-10,No
TEL10883,Male,Northeast,One Year,DSL,Auto Pay,No,Yes,Yes,Standard,20,3,2162.18,6110.51,8,127.84,2021-11-10,No
TEL10884,Female,East,Monthly,5G,Credit Card,No,Yes,Yes,Standard,20,69,1553.06,98384.18,10,1.21,2019-06-17,No
TEL10885,Female,Central,Monthly,Fiber Optic,Credit Card,No,No,Yes,Business,35,89,2208.53,180805.28,5,34.11,2020-08-22,No
TEL10886,Male,Central,Monthly,5G,UPI,Yes,Yes,No,Basic,42,64,2014.75,134154.99,10,23.4,2024-10-31,Yes
TEL10887,Male,North,Two Year,5G,Credit Card,No,Yes,No,Business,60,49,1748.61,90707.27,0,411.51,2023-12-14,No
TEL10888,Female,South,One Year,Fiber Optic,Cash,No,Yes,Yes,Premium,37,72,1600.42,122937.21,10,418.53,2019-07-09,No
TEL10889,Female,East,One Year,5G,Credit Card,No,Yes,Yes,Premium,46,17,310.18,5556.28,5,363.62,2025-07-04,No
TEL10890,Male,Central,Monthly,DSL,Auto Pay,Yes,No,Yes,Standard,39,73,2205.23,168940.78,7,177.02,2024-12-11,No
TEL10891,Male,North,One Year,No Internet,Net Banking,No,No,No,Business,67,32,1160.04,33869.1,4,410.81,2025-04-13,Yes
TEL10892,Male,Central,One Year,No Internet,Net Banking,No,Yes,No,Business,32,70,1486.51,108449.17,4,270.35,2024-10-29,No
TEL10893,Male,Other,One Year,5G,Auto Pay,No,Yes,Yes,Basic,56,113,249.49,29348.0,0,152.85,2022-02-02,No
TEL10894,Male,East,Two Year,Fiber Optic,,No,No,Yes,Basic,27,104,2351.97,225924.96,0,219.2,2024-12-30,Yes
TEL10895,Female,East,,,Credit Card,Yes,Yes,Yes,Basic,38,21,2275.3,48696.87,7,33.82,2024-11-09,No
TEL10896,Female,Other,Two Year,DSL,Auto Pay,Yes,No,Yes,Business,69,7,1448.54,9951.7,4,472.51,2019-01-20,No
TEL10897,Female,West,Two Year,Fiber Optic,UPI,No,No,Yes,Basic,46,7,1526.82,11350.41,7,309.94,2019-12-13,Yes
TEL10898,Female,Other,Monthly,Fiber Optic,Net Banking,No,No,No,Basic,49,111,1820.54,207167.0,9,365.89,2022-01-11,No
TEL10899,Male,Northeast,Monthly,DSL,Debit Card,No,Yes,Yes,Basic,27,103,807.8,89125.63,1,338.62,2024-11-04,No
TEL10900,Male,Northeast,Two Year,5G,UPI,No,Yes,No,Standard,30,118,709.41,76920.3,3,334.21,2019-10-16,No
TEL10901,Male,North,Monthly,No Internet,Cash,Yes,Yes,Yes,Premium,64,27,1749.25,42851.99,10,9.61,2021-02-16,No
TEL10902,Female,East,One Year,DSL,UPI,Yes,No,Yes,Premium,40,8,439.17,3777.72,9,263.16,2021-01-21,No
TEL10903,Female,West,Two Year,5G,,Yes,Yes,No,Business,67,73,1243.34,82997.58,8,411.03,2025-01-12,No
TEL10904,Male,West,One Year,,Credit Card,Yes,Yes,Yes,Business,40,28,1332.35,36168.54,2,23.21,2022-05-28,No
TEL10905,Male,Central,Monthly,5G,Net Banking,No,No,No,Standard,48,79,1076.08,86455.05,5,478.13,2019-06-22,Yes
TEL10906,Female,Central,One Year,DSL,Cash,No,Yes,No,Premium,21,66,625.12,43667.8,10,212.66,2021-12-27,No
TEL10907,Female,Other,Monthly,5G,Cash,Yes,Yes,Yes,Basic,69,71,1016.23,68243.4,6,145.66,2023-03-13,No
TEL10908,Male,West,Monthly,DSL,Debit Card,Yes,Yes,Yes,Basic,66,47,975.38,41498.35,2,266.38,2024-01-02,No
TEL10909,Male,Other,Monthly,5G,UPI,No,No,No,Business,20,82,1347.31,109797.94,0,400.81,2020-12-27,Yes
TEL10910,Female,Other,One Year,,Debit Card,No,Yes,No,Premium,38,86,1750.77,148277.64,1,237.9,2019-12-01,No
TEL10911,Male,Central,Monthly,No Internet,Credit Card,No,No,Yes,Business,70,114,2425.94,264178.68,10,322.91,2023-03-17,Yes
TEL10912,Male,East,One Year,No Internet,Credit Card,No,No,No,Business,19,10,530.58,5609.83,9,250.46,2023-12-19,No
TEL10913,Male,Other,One Year,Fiber Optic,Debit Card,No,No,Yes,Basic,21,118,2206.94,269501.81,6,316.0,2020-01-03,No
TEL10914,Female,South,One Year,5G,Net Banking,Yes,Yes,No,Basic,18,114,852.61,102491.01,6,69.88,2021-07-28,No
TEL10915,Female,East,One Year,DSL,Credit Card,Yes,Yes,Yes,Premium,32,33,1559.16,47805.63,0,20.29,2022-12-18,No
TEL10916,Female,West,Monthly,5G,Debit Card,No,Yes,No,Business,50,7,1456.49,10446.59,9,69.31,2022-08-03,Yes
TEL10917,Female,West,One Year,No Internet,UPI,No,No,No,Standard,23,3,1479.98,4775.24,6,143.63,2019-05-28,No
TEL10918,Female,Other,Monthly,5G,Debit Card,Yes,No,Yes,Premium,24,14,1862.72,26342.63,9,127.42,2025-05-11,Yes
TEL10919,Female,East,Two Year,DSL,Debit Card,No,Yes,No,Business,36,44,1076.88,44106.0,10,307.97,2018-01-01,No
TEL10920,Female,Central,Monthly,5G,Auto Pay,Yes,No,No,Premium,61,46,932.93,46315.37,5,228.49,2023-05-20,No
TEL10921,Male,Central,Monthly,DSL,Credit Card,Yes,Yes,No,Premium,18,61,2160.52,131145.71,10,20.37,2019-03-08,No
TEL10922,Male,Northeast,One Year,No Internet,Net Banking,Yes,Yes,No,Premium,56,36,705.22,26688.05,5,18.4,2024-09-04,Yes
TEL10923,Male,West,Monthly,No Internet,Net Banking,Yes,Yes,No,Standard,36,13,613.57,7393.22,6,46.2,2021-07-13,Yes
TEL10924,Male,North,Monthly,No Internet,Auto Pay,No,Yes,No,Standard,62,16,234.9,3833.18,6,177.19,2019-02-03,Yes
TEL10925,Male,Northeast,One Year,Fiber Optic,Cash,No,Yes,No,Basic,43,80,683.33,58179.87,0,4.09,2020-03-18,No
TEL10926,Male,Central,One Year,No Internet,Net Banking,Yes,Yes,Yes,Basic,61,118,1391.62,163515.43,9,247.5,2021-07-03,Yes
TEL10927,Male,East,One Year,5G,Debit Card,No,Yes,No,Business,29,5,1437.57,6842.54,4,180.97,2024-09-08,No
TEL10928,Female,Central,Monthly,Fiber Optic,Auto Pay,No,No,No,Premium,39,116,784.17,83953.69,7,278.17,2020-08-09,No
TEL10929,Female,East,One Year,No Internet,UPI,No,Yes,Yes,Business,30,89,365.23,30986.49,7,360.69,2024-01-31,No
TEL10930,Male,Northeast,Monthly,5G,Credit Card,No,No,No,Basic,45,38,1911.67,70019.52,2,126.24,2020-12-04,Yes
TEL10931,Male,West,One Year,5G,Credit Card,Yes,No,No,Standard,31,102,1942.34,203624.78,2,79.38,2020-05-04,No
TEL10932,Female,Central,One Year,5G,Credit Card,No,Yes,Yes,Basic,39,50,2494.02,116240.27,6,139.75,2025-01-30,No
TEL10933,Male,Other,One Year,DSL,Debit Card,Yes,No,No,Business,47,38,2269.07,79248.99,3,1.88,2020-01-15,No
TEL10934,Male,East,Monthly,Fiber Optic,UPI,Yes,No,No,Basic,61,103,2328.94,232600.23,5,60.89,2025-07-31,No
TEL10935,Female,West,Monthly,5G,Auto Pay,No,No,Yes,Business,37,56,2034.87,111965.12,8,375.66,2023-09-29,No
TEL10936,Male,North,Monthly,DSL,Auto Pay,Yes,Yes,Yes,Business,61,63,1614.66,103057.11,9,112.18,2018-08-31,No
TEL10937,Female,East,Monthly,No Internet,Credit Card,No,Yes,No,Business,44,120,494.66,60983.01,1,497.16,2021-03-09,No
TEL10938,Male,Northeast,Monthly,5G,UPI,No,Yes,No,Business,55,48,1630.32,82956.16,1,84.75,2025-03-29,No
TEL10939,Female,North,One Year,DSL,UPI,Yes,Yes,Yes,Basic,59,105,327.7,32757.29,5,394.6,2022-06-08,No
TEL10940,Female,North,Monthly,5G,UPI,No,Yes,No,Business,69,90,2235.19,200191.32,2,352.82,2018-10-03,No
TEL10941,Female,South,Two Year,Fiber Optic,Net Banking,Yes,No,Yes,Business,58,59,1307.19,74493.3,0,161.74,2018-01-08,No
TEL10942,Male,Central,Monthly,Fiber Optic,Net Banking,Yes,No,Yes,Premium,51,77,1803.19,124996.6,1,166.04,2019-12-16,Yes
TEL10943,Female,East,One Year,No Internet,Credit Card,No,Yes,Yes,Business,56,44,319.16,14103.39,6,282.21,2023-05-13,No
TEL10944,Male,North,One Year,5G,UPI,No,No,No,Basic,58,115,1427.77,171884.92,3,426.33,2023-09-12,No
TEL10945,Male,South,Monthly,DSL,Cash,No,No,Yes,Business,61,90,891.91,72771.22,1,193.71,2020-03-20,No
TEL10946,Male,Northeast,Monthly,No Internet,UPI,Yes,No,Yes,Standard,54,55,854.43,42323.82,10,31.53,2022-01-12,No
TEL10947,Male,West,One Year,5G,Auto Pay,No,No,Yes,Standard,18,55,1095.21,62104.32,7,187.84,2020-07-16,No
TEL10948,Female,Other,Monthly,No Internet,Auto Pay,Yes,Yes,No,Business,32,1,200.47,205.1,3,104.45,2020-05-11,Yes
TEL10949,Female,Other,Two Year,DSL,Credit Card,Yes,Yes,No,Standard,49,8,1272.32,9904.28,3,469.66,2018-02-06,No
TEL10950,Male,East,One Year,No Internet,Cash,No,Yes,No,Standard,25,4,1318.1,5373.04,1,348.94,2023-09-13,No
TEL10951,Male,North,Two Year,No Internet,UPI,No,No,Yes,Basic,50,85,2184.2,198951.8,0,26.37,2019-03-31,No
TEL10952,Female,Other,Monthly,No Internet,Cash,No,No,No,Premium,35,86,1230.61,99970.96,0,147.2,2019-03-20,No
TEL10953,Male,Central,One Year,5G,Credit Card,Yes,Yes,No,Standard,62,115,1035.18,112410.9,2,26.06,2018-07-31,No
TEL10954,Female,Other,One Year,DSL,Auto Pay,No,Yes,Yes,Standard,46,53,2486.92,123044.48,5,415.18,2025-07-12,No
TEL10955,Male,Other,One Year,Fiber Optic,Auto Pay,Yes,No,Yes,Premium,49,58,1512.79,90401.94,6,453.24,2025-04-09,No
TEL10956,Male,Other,Monthly,5G,Net Banking,No,Yes,No,Premium,50,37,1286.01,45849.14,8,57.03,2022-09-26,No
TEL10957,Female,South,One Year,Fiber Optic,Credit Card,No,Yes,No,Standard,22,49,1339.65,70760.68,4,220.7,2020-09-08,No
TEL10958,Male,North,Monthly,Fiber Optic,Credit Card,Yes,No,Yes,Business,35,67,2060.12,141980.72,8,466.01,2024-08-05,Yes
TEL10959,Female,Central,One Year,5G,UPI,Yes,No,No,Standard,65,19,982.56,18036.29,7,73.46,2024-06-09,No
TEL10960,Male,North,Monthly,5G,UPI,No,Yes,Yes,Business,27,1,1094.07,1014.04,0,146.66,2018-10-23,No
TEL10961,Male,East,Two Year,DSL,Net Banking,No,No,Yes,Business,53,29,1937.51,56556.63,10,152.83,2018-06-01,Yes
TEL10962,Male,East,Monthly,DSL,Debit Card,No,Yes,No,Business,50,87,366.86,30419.37,2,16.0,2023-05-24,Yes
TEL10963,Female,East,One Year,No Internet,Cash,No,No,No,Premium,40,33,2188.89,76783.47,7,19.1,2021-05-04,No
TEL10964,Male,Northeast,Two Year,Fiber Optic,Debit Card,No,No,No,Standard,57,119,1188.47,138521.98,8,476.44,2019-08-23,No
TEL10965,Male,Other,One Year,DSL,Debit Card,Yes,Yes,No,Standard,22,52,1535.97,76090.73,3,285.98,2021-08-15,No
TEL10966,Male,Northeast,Monthly,No Internet,Credit Card,Yes,No,Yes,Basic,51,41,1941.2,80061.91,5,154.02,2022-04-02,No
TEL10967,Male,South,Monthly,DSL,Cash,Yes,Yes,No,Premium,41,23,810.92,17245.9,3,189.96,2022-02-20,Yes
TEL10968,Female,East,Two Year,5G,Credit Card,Yes,No,No,Basic,34,5,2246.72,11245.72,8,357.71,2024-03-08,No
TEL10969,Female,Central,Monthly,DSL,Cash,No,Yes,No,Basic,48,71,2451.22,158390.74,1,183.89,2018-08-20,No
TEL10970,Male,North,One Year,Fiber Optic,Auto Pay,Yes,No,Yes,Business,24,57,1335.83,76845.86,5,114.65,2025-12-27,No
TEL10971,Female,Other,One Year,DSL,Credit Card,Yes,No,No,Premium,34,6,2353.96,14059.21,10,51.82,2025-07-05,Yes
TEL10972,Male,West,One Year,Fiber Optic,Credit Card,Yes,Yes,No,Basic,45,49,201.6,9816.54,2,364.74,2019-01-02,No
TEL10973,Male,Central,Monthly,5G,Credit Card,No,No,Yes,Standard,55,22,2255.75,50775.33,9,91.1,2019-04-26,Yes
TEL10974,Male,Other,One Year,Fiber Optic,Net Banking,Yes,Yes,Yes,Basic,39,113,914.4,93821.32,3,35.75,2019-07-26,No
TEL10975,Female,Northeast,One Year,DSL,Credit Card,No,No,Yes,Premium,32,77,915.44,69273.06,1,214.05,2021-04-17,No
TEL10976,Female,Northeast,Monthly,No Internet,UPI,Yes,No,Yes,Standard,54,76,723.6,53889.71,10,20.75,2022-02-16,No
TEL10977,Female,Central,Two Year,5G,UPI,No,Yes,Yes,Standard,32,4,928.13,3648.52,7,482.53,2022-06-01,No
TEL10978,Female,Northeast,Monthly,DSL,Cash,Yes,No,No,Standard,67,72,690.01,53475.35,9,314.02,2022-04-20,No
TEL10979,Female,East,Monthly,5G,Auto Pay,No,No,Yes,Business,67,64,2282.5,135134.24,7,77.2,2020-07-18,Yes
TEL10980,Female,South,Monthly,5G,Net Banking,Yes,Yes,Yes,Standard,42,37,2266.75,85905.89,0,87.05,2020-11-05,No
TEL10981,Female,North,Monthly,DSL,Cash,No,No,Yes,Business,70,31,434.09,13084.83,9,285.34,2024-11-18,Yes
TEL10982,Female,South,Two Year,DSL,UPI,No,Yes,Yes,Business,38,37,527.57,19366.09,5,178.93,2021-11-26,No
TEL10983,Female,Other,Monthly,No Internet,Net Banking,Yes,Yes,Yes,Basic,55,45,2181.64,101828.9,0,387.36,2024-05-30,Yes
TEL10984,Male,North,Monthly,5G,Net Banking,No,Yes,Yes,Basic,19,90,1116.56,93288.01,5,273.36,2018-06-20,No
TEL10985,Female,North,Monthly,5G,Auto Pay,No,No,Yes,Standard,44,107,588.32,65307.43,6,217.23,2020-11-21,No
TEL10986,Female,South,One Year,DSL,Net Banking,Yes,No,Yes,Premium,66,8,1373.54,10028.6,1,481.53,2024-04-29,Yes
TEL10987,Female,Central,One Year,Fiber Optic,Credit Card,Yes,Yes,No,Standard,49,40,1157.34,45691.58,8,195.97,2021-05-23,Yes
TEL10988,Female,North,Monthly,,Net Banking,No,No,No,Basic,38,97,703.07,70487.38,7,200.9,2023-06-30,No
TEL10989,Female,South,Monthly,5G,Auto Pay,Yes,Yes,No,Standard,21,109,1856.73,189159.68,8,333.22,2025-02-18,No
TEL10990,Female,North,Two Year,DSL,Cash,Yes,No,Yes,Basic,61,93,1650.97,159492.17,9,404.93,2018-07-08,No
TEL10991,Female,West,Monthly,No Internet,Auto Pay,Yes,Yes,Yes,Standard,36,5,428.22,1991.28,3,313.48,2020-02-25,Yes
TEL10992,Female,Central,Monthly,Fiber Optic,Auto Pay,No,Yes,Yes,Premium,19,28,2327.39,68025.34,3,349.61,2019-08-06,Yes
TEL10993,Female,East,Monthly,DSL,UPI,No,No,No,Standard,43,117,1483.48,170860.97,7,187.09,2023-01-06,No
TEL10994,Female,North,One Year,No Internet,Credit Card,No,Yes,Yes,Premium,51,104,774.47,82416.33,0,240.27,2019-08-23,No
TEL10995,Female,West,Monthly,5G,UPI,No,Yes,Yes,Premium,31,81,673.47,58104.15,7,99.32,2020-04-25,Yes
TEL10996,Male,East,Monthly,DSL,Cash,No,No,Yes,Standard,32,119,511.68,59277.3,6,340.44,2023-07-23,No
TEL10997,Male,East,Monthly,5G,Debit Card,No,Yes,No,Premium,37,87,1175.67,96343.94,6,111.5,2021-04-20,Yes
TEL10998,Female,Other,Two Year,No Internet,Cash,No,Yes,No,Premium,51,109,510.74,58793.2,8,1.63,2024-07-17,No
TEL10999,Female,North,Monthly,5G,Credit Card,Yes,No,Yes,Basic,53,9,1155.38,9661.08,9,466.95,2020-08-11,Yes
TEL11000,Male,South,One Year,No Internet,Net Banking,No,Yes,No,Basic,36,2,541.17,1097.13,6,153.7,2023-09-01,No
TEL11001,Female,North,Monthly,No Internet,Auto Pay,No,Yes,Yes,Premium,26,63,1709.66,114837.34,1,99.12,2021-01-02,No
TEL11002,Male,West,Monthly,No Internet,Debit Card,Yes,Yes,Yes,Business,24,96,2005.06,196603.3,0,134.81,2022-06-14,Yes
TEL11003,Male,East,One Year,DSL,Credit Card,Yes,Yes,No,Standard,47,51,1462.9,69774.99,0,165.89,2023-02-14,No
TEL11004,Male,North,Monthly,5G,UPI,Yes,Yes,No,Premium,30,116,1763.13,189676.98,6,237.8,2018-06-15,No
TEL11005,Male,South,Two Year,5G,Auto Pay,No,Yes,No,Standard,44,113,2357.27,251831.62,4,35.61,2023-07-18,No
TEL11006,Male,Other,Two Year,Fiber Optic,Cash,Yes,Yes,No,Basic,61,31,1667.25,50157.63,3,27.28,2018-08-22,Yes
TEL11007,Female,North,Two Year,Fiber Optic,UPI,No,Yes,Yes,Standard,52,7,1036.56,6738.2,4,147.16,2021-10-30,Yes
TEL11008,Male,Central,Monthly,Fiber Optic,Credit Card,No,No,Yes,Premium,30,30,1232.8,38596.74,9,148.59,2021-12-27,Yes
TEL11009,Female,Other,One Year,Fiber Optic,Credit Card,No,Yes,No,Premium,32,58,2178.21,121821.73,9,59.71,2019-10-03,No
TEL11010,Female,South,Monthly,5G,Cash,Yes,Yes,No,Premium,63,3,499.66,1601.65,5,202.99,2021-09-19,No
TEL11011,Male,West,Two Year,No Internet,Debit Card,Yes,No,Yes,Premium,26,51,948.2,50855.82,9,142.73,2023-01-02,No
TEL11012,Male,East,One Year,No Internet,Cash,No,Yes,Yes,Business,62,115,1526.74,186739.44,5,14.0,2019-08-30,No
TEL11013,Female,North,Two Year,DSL,Net Banking,No,Yes,Yes,Business,40,56,1754.7,93645.68,0,442.97,2019-06-24,No
TEL11014,Male,South,Monthly,No Internet,UPI,No,Yes,Yes,Business,53,73,1955.05,143185.58,1,443.12,2022-01-07,No
TEL11015,Male,Other,One Year,5G,Debit Card,Yes,Yes,No,Premium,70,10,930.88,8916.54,2,105.38,2024-06-23,No
TEL11016,Female,Central,Monthly,5G,Auto Pay,No,Yes,No,Business,57,61,534.48,30850.88,3,82.27,2018-12-09,No
TEL11017,Female,South,One Year,5G,Net Banking,Yes,Yes,No,Standard,20,110,2395.13,265908.09,5,274.1,2019-09-29,No
TEL11018,Male,Northeast,Monthly,DSL,Debit Card,No,No,Yes,Premium,51,50,374.7,19620.03,10,315.75,2018-03-20,No
TEL11019,Female,Central,Monthly,Fiber Optic,UPI,Yes,No,Yes,Basic,36,47,419.35,18070.56,8,478.81,2025-03-05,No
TEL11020,Male,Other,One Year,No Internet,Credit Card,No,No,No,Premium,45,90,1337.37,114301.61,1,189.3,2024-11-01,Yes
TEL11021,Male,West,One Year,5G,Auto Pay,Yes,No,No,Standard,40,1,2083.32,1951.91,7,309.48,2024-05-18,Yes
TEL11022,Male,East,Monthly,5G,Cash,Yes,No,No,Business,57,94,1980.36,194289.33,8,439.21,2025-06-15,No
TEL11023,Female,Other,One Year,Fiber Optic,UPI,Yes,Yes,Yes,Premium,66,57,2355.71,143407.14,1,225.53,2023-10-06,Yes
TEL11024,Female,West,Monthly,5G,Net Banking,Yes,Yes,No,Business,62,38,524.69,18231.3,8,62.05,2018-07-10,No
TEL11025,Female,North,Monthly,No Internet,Net Banking,Yes,Yes,Yes,Premium,24,62,1063.17,63824.24,6,189.35,2019-10-06,Yes
TEL11026,Female,South,Monthly,DSL,Credit Card,Yes,Yes,No,Standard,58,79,847.93,71314.57,8,69.15,2022-01-26,Yes
TEL11027,Female,Northeast,Monthly,5G,Credit Card,No,Yes,No,Premium,29,89,2179.0,186568.39,5,9.3,2023-09-21,Yes
TEL11028,Male,Central,Monthly,No Internet,Auto Pay,No,No,No,Business,31,70,1322.22,95172.78,1,376.02,2022-02-18,Yes
TEL11029,Male,Central,One Year,5G,Cash,No,No,Yes,Business,63,82,260.75,19630.78,7,119.97,2025-06-19,Yes
TEL11030,Male,South,Monthly,Fiber Optic,Auto Pay,No,Yes,Yes,Standard,32,65,1827.32,116399.07,9,2.0,2024-12-24,No
TEL11031,Male,Northeast,Monthly,5G,Credit Card,Yes,Yes,Yes,Premium,20,62,1093.01,67129.22,8,436.34,2021-05-01,No
TEL11032,Female,South,Two Year,5G,Credit Card,No,Yes,Yes,Basic,32,56,1420.64,82450.04,7,222.45,2020-02-29,No
TEL11033,Male,North,Monthly,DSL,Net Banking,Yes,No,Yes,Premium,68,67,2254.71,143812.68,1,120.19,2025-08-29,Yes
TEL11034,Female,West,Monthly,Fiber Optic,Credit Card,Yes,No,Yes,Standard,41,17,789.5,12717.6,7,132.13,2020-01-12,No
TEL11035,Male,Other,One Year,Fiber Optic,Debit Card,Yes,Yes,No,Basic,69,112,751.61,80352.99,2,121.03,2024-01-22,No
TEL11036,Female,Central,,DSL,UPI,No,No,Yes,Standard,63,8,804.34,6434.88,2,98.08,2025-09-03,Yes
TEL11037,Female,North,One Year,5G,Credit Card,Yes,Yes,No,Premium,25,60,976.65,61979.04,8,420.77,2018-03-31,No
TEL11038,Male,West,One Year,No Internet,Auto Pay,No,No,Yes,Basic,22,113,445.91,52885.53,8,86.0,2022-09-11,No
TEL11039,Male,North,Two Year,Fiber Optic,Cash,No,No,No,Standard,68,40,1802.61,65646.02,8,281.37,2020-09-13,No
TEL11040,Male,Northeast,Monthly,Fiber Optic,Cash,No,Yes,No,Business,21,81,676.02,57945.17,3,39.58,2019-10-10,No
TEL11041,Male,Central,One Year,5G,Cash,No,No,Yes,Basic,31,89,2329.14,190112.91,6,474.81,2025-08-29,No
TEL11042,Female,Other,Monthly,5G,Debit Card,No,No,No,Basic,33,62,695.08,42007.36,7,302.05,2020-03-29,No
TEL11043,Male,South,Two Year,Fiber Optic,Auto Pay,Yes,Yes,Yes,Standard,37,41,786.98,33484.96,4,451.67,2018-08-31,No
TEL11044,Male,South,Monthly,5G,Debit Card,Yes,No,Yes,Business,41,12,882.15,9682.53,0,199.54,2025-06-03,No
TEL11045,Female,West,One Year,No Internet,Credit Card,No,Yes,Yes,Basic,23,93,1966.64,165937.79,8,405.53,2025-12-15,No
TEL11046,Male,Other,Monthly,Fiber Optic,UPI,Yes,No,Yes,Standard,48,89,1182.49,100968.72,5,426.97,2023-03-15,No
TEL11047,Male,East,One Year,No Internet,Cash,No,Yes,No,Basic,23,115,2083.47,247119.25,2,351.77,2018-08-07,No
TEL11048,Male,Northeast,Monthly,No Internet,Auto Pay,Yes,Yes,Yes,Basic,52,100,2004.16,199196.7,2,47.38,2018-01-09,No
TEL11049,Male,West,Two Year,5G,Cash,Yes,No,No,Basic,32,117,2336.83,266590.38,9,9.02,2019-03-06,No
TEL11050,Male,East,Two Year,No Internet,Debit Card,Yes,No,No,Business,46,54,1939.19,109570.19,0,85.11,2018-01-13,No
TEL11051,Female,North,Monthly,5G,Net Banking,Yes,Yes,No,Premium,20,89,318.4,29414.65,7,59.93,2022-12-04,No
TEL11052,Male,Northeast,One Year,DSL,Credit Card,Yes,No,Yes,Premium,28,93,2124.75,205799.81,1,362.84,2019-11-21,No
TEL11053,Male,North,One Year,5G,UPI,Yes,No,No,Business,20,11,2356.57,25475.13,0,278.95,2022-11-18,Yes
TEL11054,Male,Other,One Year,No Internet,Credit Card,Yes,No,Yes,Business,45,60,2484.49,134684.33,6,263.45,2019-11-08,No
TEL11055,Male,Central,Monthly,DSL,Net Banking,Yes,Yes,No,Standard,27,68,487.12,30838.08,10,127.18,2024-02-10,Yes
TEL11056,Male,Northeast,Monthly,5G,UPI,Yes,Yes,Yes,Basic,67,78,1609.53,129740.77,8,78.15,2020-10-01,Yes
TEL11057,Female,East,Monthly,No Internet,Net Banking,Yes,Yes,Yes,Business,50,46,657.75,31332.76,5,104.07,2018-07-27,Yes
TEL11058,Male,Central,Monthly,Fiber Optic,Credit Card,Yes,No,Yes,Standard,65,38,802.77,32793.57,7,200.74,2025-01-19,Yes
TEL11059,Female,South,Two Year,Fiber Optic,Debit Card,Yes,No,Yes,Premium,33,61,1913.84,109066.39,7,370.33,2021-08-16,Yes
TEL11060,Female,East,Monthly,5G,Credit Card,Yes,Yes,No,Premium,27,17,2447.64,38369.59,8,128.0,2025-11-05,Yes
TEL11061,Male,West,Two Year,5G,Credit Card,No,Yes,No,Premium,50,66,1567.17,95673.88,6,349.61,2020-09-29,Yes
TEL11062,Male,South,Monthly,Fiber Optic,Credit Card,Yes,No,Yes,Premium,53,72,2155.34,144827.76,8,246.26,2024-11-07,Yes
TEL11063,Male,South,One Year,No Internet,Auto Pay,Yes,No,No,Standard,20,36,219.43,7860.96,8,442.83,2022-11-01,No
TEL11064,Male,West,One Year,No Internet,Net Banking,Yes,No,Yes,Basic,22,74,283.25,22543.82,10,117.22,2022-04-03,No
TEL11065,Female,Northeast,Two Year,No Internet,Net Banking,Yes,No,Yes,Standard,29,7,1571.47,11067.37,0,225.98,2022-08-10,Yes
TEL11066,Male,South,Monthly,5G,Cash,Yes,Yes,No,Basic,61,100,1093.66,108718.97,5,49.24,2024-04-10,No
TEL11067,Male,Other,Monthly,DSL,Net Banking,Yes,No,Yes,Premium,30,16,2245.44,36688.84,7,168.24,2023-06-09,No
TEL11068,Male,East,Monthly,DSL,Cash,No,No,Yes,Business,41,14,893.56,11425.33,9,253.93,2020-02-10,Yes
TEL11069,Male,Central,Monthly,DSL,Auto Pay,No,Yes,Yes,Business,61,80,1192.72,99879.68,8,366.64,2018-08-26,No
TEL11070,Male,South,Monthly,DSL,Debit Card,No,Yes,Yes,Business,49,25,1413.19,35910.51,3,99.84,2024-07-20,No
TEL11071,Male,East,Monthly,DSL,Cash,Yes,No,Yes,Basic,33,105,826.99,80826.3,1,109.83,2024-06-15,No
TEL11072,Female,North,Monthly,5G,Credit Card,Yes,Yes,No,Premium,49,4,2288.54,9278.0,10,316.16,2022-05-04,Yes
TEL11073,Female,East,One Year,5G,Debit Card,Yes,No,No,Standard,62,29,1267.43,37024.43,8,191.85,2021-07-31,No
TEL11074,Male,Central,Monthly,DSL,Auto Pay,No,No,No,Business,54,56,1174.56,59965.66,8,241.57,2023-09-17,No
TEL11075,Male,East,Monthly,5G,Net Banking,Yes,Yes,Yes,Basic,53,6,2153.43,12249.33,7,418.23,2022-12-25,Yes
TEL11076,Male,West,Monthly,5G,Cash,Yes,Yes,Yes,Business,38,1,916.55,889.39,2,250.04,2018-02-01,No
TEL11077,Female,Central,One Year,DSL,Credit Card,No,No,Yes,Standard,64,39,2079.17,76553.2,4,326.6,2018-10-19,Yes
TEL11078,Male,Northeast,Two Year,No Internet,UPI,No,Yes,Yes,Premium,29,1,480.23,453.23,1,328.73,2018-10-19,No
TEL11079,Female,North,One Year,5G,UPI,Yes,No,Yes,Standard,68,115,619.41,71455.16,2,402.0,2022-07-01,No
TEL11080,Male,West,One Year,No Internet,Debit Card,Yes,No,Yes,Premium,38,104,2385.94,244354.81,0,319.43,2025-09-06,No
TEL11081,Male,Northeast,Monthly,5G,Net Banking,Yes,No,No,Premium,68,63,2136.63,137315.0,3,33.34,2021-11-06,No
TEL11082,Male,East,One Year,5G,UPI,Yes,Yes,Yes,Premium,38,57,1091.17,66684.38,4,171.74,2019-08-01,No
TEL11083,Male,Central,Monthly,DSL,Debit Card,No,No,No,Business,60,67,1667.45,113830.65,1,494.67,2021-03-07,No
TEL11084,Female,North,Monthly,5G,Auto Pay,Yes,No,Yes,Standard,70,65,2367.83,154644.21,2,99.06,2021-05-08,Yes
TEL11085,Female,West,One Year,Fiber Optic,Debit Card,Yes,No,No,Business,23,65,686.28,46952.84,5,293.78,2025-04-06,No
TEL11086,Male,Northeast,Two Year,Fiber Optic,Debit Card,No,Yes,Yes,Standard,26,103,334.72,34951.01,5,421.63,2019-03-23,No
TEL11087,Male,Northeast,Monthly,DSL,Debit Card,Yes,No,No,Basic,18,21,1435.18,28023.07,6,293.69,2018-10-05,No
TEL11088,Female,North,One Year,No Internet,Credit Card,Yes,No,No,Basic,29,109,526.97,54949.99,8,186.76,2025-01-23,No
TEL11089,Female,Other,One Year,No Internet,Debit Card,No,No,Yes,Standard,31,30,629.83,19499.63,3,41.03,2022-12-30,No
TEL11090,Female,East,Monthly,No Internet,Cash,No,Yes,Yes,Standard,23,96,2249.54,223062.69,4,181.47,2021-11-23,No
TEL11091,Female,North,Monthly,Fiber Optic,Debit Card,Yes,No,No,Standard,18,33,216.03,7682.64,10,91.85,2020-09-10,Yes
TEL11092,Male,Northeast,Monthly,No Internet,Credit Card,No,No,Yes,Standard,39,48,2077.69,101011.19,1,480.47,2025-04-03,No
TEL11093,Female,South,Monthly,No Internet,Credit Card,No,Yes,Yes,Premium,51,22,1387.99,32426.5,5,357.8,2025-02-22,No
TEL11094,Male,West,Monthly,DSL,Auto Pay,Yes,Yes,Yes,Business,28,94,1485.38,127034.89,3,374.94,2025-03-23,No
TEL11095,Female,North,Monthly,No Internet,Net Banking,No,No,No,Premium,20,54,1744.07,94360.61,4,218.55,2022-04-22,Yes
TEL11096,Female,Other,Monthly,Fiber Optic,UPI,Yes,No,Yes,Business,59,110,1191.32,139638.18,6,55.87,2018-02-28,No
TEL11097,Female,Northeast,One Year,Fiber Optic,UPI,Yes,No,No,Business,23,4,464.91,1769.83,5,134.09,2019-04-04,No
TEL11098,Female,East,One Year,Fiber Optic,Debit Card,Yes,Yes,No,Business,23,87,435.49,35155.09,7,130.6,2018-04-14,No
TEL11099,Female,Northeast,Two Year,DSL,Auto Pay,Yes,Yes,Yes,Premium,37,55,1934.03,102445.67,5,243.9,2020-04-10,No
TEL11100,Male,East,Monthly,DSL,Debit Card,No,No,No,Standard,38,44,707.38,32450.71,9,231.03,2020-02-28,No
TEL11101,Male,North,One Year,5G,UPI,Yes,Yes,Yes,Premium,19,89,263.63,21474.48,7,217.27,2023-11-22,No
TEL11102,Female,East,Two Year,No Internet,Credit Card,Yes,No,Yes,Premium,43,12,2452.11,29662.52,3,248.49,2020-01-12,No
TEL11103,Female,Central,One Year,DSL,Net Banking,Yes,No,No,Business,48,81,2453.9,183741.92,6,493.52,2022-04-22,No
TEL11104,Male,Central,Monthly,Fiber Optic,Auto Pay,Yes,Yes,No,Basic,43,117,1068.73,122340.0,2,149.88,2024-06-06,No
TEL11105,Female,Central,One Year,Fiber Optic,Credit Card,No,No,No,Basic,49,79,257.7,21862.29,0,308.02,2025-05-25,No
TEL11106,Female,Other,Monthly,DSL,Net Banking,No,Yes,No,Premium,27,74,1871.71,129521.06,8,120.51,2019-07-09,Yes
TEL11107,Male,Other,Monthly,DSL,,No,Yes,No,Business,40,99,2110.33,189309.63,8,233.84,2019-09-20,Yes
TEL11108,Female,South,One Year,DSL,Auto Pay,Yes,No,Yes,Premium,23,119,486.53,56559.45,5,100.82,2021-01-12,No
TEL11109,Female,Other,One Year,5G,UPI,No,Yes,No,Premium,40,116,510.55,59459.82,1,279.54,2024-08-04,No
TEL11110,Male,North,,Fiber Optic,Credit Card,No,No,Yes,Standard,45,52,2090.12,103638.11,7,133.24,2023-11-05,No
TEL11111,Male,Northeast,Two Year,5G,Auto Pay,Yes,Yes,Yes,Business,66,93,2319.39,215167.95,9,19.36,2019-03-04,No
TEL11112,Male,Northeast,One Year,5G,Cash,No,No,No,Basic,47,76,2017.74,164329.87,5,407.82,2024-08-11,Yes
TEL11113,Female,South,Monthly,No Internet,Auto Pay,Yes,No,No,Basic,31,65,660.71,41061.62,6,65.0,2024-07-18,No
TEL11114,Male,Other,Two Year,Fiber Optic,Net Banking,No,No,No,Basic,54,65,1145.5,71158.8,0,184.65,2024-07-22,Yes
TEL11115,Male,East,Monthly,Fiber Optic,UPI,No,Yes,No,Premium,49,10,1580.94,15602.27,2,239.11,2023-01-01,No
TEL11116,Male,South,Two Year,DSL,Debit Card,No,No,No,Business,66,18,567.67,10144.05,0,216.81,2023-04-29,No
TEL11117,Male,East,Monthly,DSL,UPI,No,Yes,Yes,Standard,51,47,683.39,28915.29,9,363.11,2023-11-14,No
TEL11118,Male,East,Monthly,No Internet,Debit Card,Yes,Yes,Yes,Basic,58,66,849.64,56685.09,0,298.79,2023-02-21,Yes
TEL11119,Male,West,One Year,5G,Credit Card,Yes,Yes,Yes,Business,61,49,1370.88,72515.02,10,148.39,2021-03-05,No
TEL11120,Female,Northeast,One Year,DSL,Credit Card,No,Yes,No,Basic,68,72,1373.85,94224.71,0,26.8,2021-06-25,No
TEL11121,Female,Central,One Year,DSL,Auto Pay,Yes,Yes,No,Standard,39,22,2071.88,46198.8,3,384.03,2020-06-02,Yes
TEL11122,Male,Other,Two Year,Fiber Optic,Cash,No,No,Yes,Business,48,86,1930.92,149591.35,6,176.91,2019-05-01,Yes
TEL11123,Male,East,One Year,Fiber Optic,Credit Card,No,Yes,No,Premium,24,26,2300.59,60340.45,6,444.97,2021-11-26,Yes
TEL11124,Male,West,One Year,DSL,Auto Pay,No,No,No,Premium,58,90,2114.67,186603.78,4,198.13,2019-08-27,No
TEL11125,Female,Northeast,Two Year,Fiber Optic,UPI,No,No,No,Basic,38,9,782.92,7014.24,5,359.11,2019-02-16,No
TEL11126,Female,Central,One Year,No Internet,Credit Card,No,Yes,Yes,Basic,33,21,960.98,20138.26,1,469.84,2023-06-18,No
TEL11127,Female,East,Monthly,DSL,UPI,No,No,No,Business,37,95,1349.97,119507.3,4,325.93,2023-04-16,Yes
TEL11128,Female,East,Two Year,Fiber Optic,UPI,Yes,No,Yes,Standard,60,116,231.82,27928.96,6,207.33,2024-10-31,No
TEL11129,Female,South,Monthly,No Internet,Cash,Yes,Yes,No,Basic,61,63,2277.97,143509.89,8,284.13,2018-09-04,Yes
TEL11130,Female,South,One Year,Fiber Optic,Credit Card,No,No,No,Business,64,107,300.99,30551.67,5,272.18,2025-09-18,No
TEL11131,Female,Northeast,Two Year,Fiber Optic,UPI,Yes,Yes,Yes,Standard,67,6,940.61,6031.54,9,292.83,2025-07-09,No
TEL11132,Female,Central,One Year,Fiber Optic,Cash,No,Yes,No,Basic,36,120,1508.1,163290.9,3,74.26,2024-10-04,Yes
TEL11133,Female,East,One Year,DSL,Cash,Yes,Yes,No,Basic,65,14,1390.04,20057.39,2,349.56,2023-12-12,No
TEL11134,Male,Northeast,One Year,5G,Credit Card,Yes,No,No,Business,49,33,1704.26,54475.88,8,73.38,2022-06-11,No
TEL11135,Male,Northeast,Monthly,Fiber Optic,Cash,Yes,No,Yes,Basic,32,71,1412.3,99677.48,6,8.29,2023-08-23,No
TEL11136,Male,North,Two Year,No Internet,Credit Card,No,No,No,Premium,22,24,725.7,16589.01,10,312.77,2020-03-10,Yes
TEL11137,Male,Other,Monthly,DSL,Credit Card,Yes,No,No,Standard,28,73,661.48,46251.51,5,59.34,2020-08-02,No
TEL11138,Female,South,Monthly,DSL,Debit Card,No,Yes,No,Standard,32,75,2285.67,154750.7,6,385.44,2024-02-26,No
TEL11139,Female,Central,Monthly,No Internet,UPI,No,Yes,No,Premium,46,120,806.12,99769.16,7,433.12,2021-06-19,No
TEL11140,Male,East,One Year,Fiber Optic,Net Banking,No,No,No,Business,67,87,845.25,75591.64,4,472.42,2021-06-16,No
TEL11141,Female,Northeast,Monthly,5G,Credit Card,Yes,Yes,Yes,Premium,62,112,1148.79,130952.71,2,332.57,2024-06-08,No
TEL11142,Male,East,Two Year,Fiber Optic,UPI,Yes,No,Yes,Premium,21,51,519.71,28043.34,2,241.53,2021-04-03,No
TEL11143,Female,North,Monthly,No Internet,Cash,Yes,Yes,No,Standard,66,2,1365.73,2901.43,1,176.79,2025-08-17,Yes
TEL11144,Male,Central,Monthly,DSL,Auto Pay,No,Yes,No,Business,53,15,1728.57,25932.7,7,245.97,2018-06-25,Yes
TEL11145,Female,Northeast,Monthly,5G,Credit Card,No,Yes,Yes,Basic,65,35,2006.8,71872.31,0,95.99,2020-11-18,Yes
TEL11146,Female,East,Monthly,DSL,Cash,Yes,Yes,No,Premium,40,36,1835.34,59595.82,7,174.86,2025-06-17,Yes
TEL11147,Male,South,One Year,No Internet,Cash,No,Yes,No,Premium,32,116,538.56,65742.9,2,359.25,2025-01-26,No
TEL11148,Female,Other,Monthly,Fiber Optic,Cash,Yes,No,No,Business,63,118,1247.95,154172.52,8,109.49,2021-08-10,No
TEL11149,Male,North,Monthly,5G,Cash,Yes,No,No,Premium,61,92,287.75,23922.19,10,132.77,2019-04-22,No
TEL11150,Male,Central,Monthly,DSL,Cash,Yes,Yes,No,Business,20,39,239.94,9336.22,1,374.91,2024-08-27,No
TEL11151,Male,North,Monthly,DSL,Credit Card,Yes,No,No,Basic,49,108,1211.3,139087.99,9,89.74,2025-02-16,No
TEL11152,Male,South,Monthly,DSL,Net Banking,No,Yes,No,Business,27,4,780.81,2912.89,8,123.7,2022-09-12,Yes
TEL11153,Female,Central,Monthly,Fiber Optic,Debit Card,Yes,Yes,No,Basic,57,64,1770.73,109187.58,5,9.76,2022-08-02,No
TEL11154,Female,North,One Year,5G,Cash,Yes,Yes,Yes,Business,55,74,1864.75,132415.22,0,360.31,2018-11-30,No
TEL11155,Female,West,Two Year,Fiber Optic,Cash,Yes,Yes,Yes,Premium,39,6,2258.43,13063.7,4,309.33,2021-06-25,Yes
TEL11156,Male,South,One Year,Fiber Optic,Debit Card,Yes,No,No,Basic,31,57,1948.57,100799.04,9,347.5,2021-06-18,No
TEL11157,Female,South,Two Year,Fiber Optic,Credit Card,Yes,Yes,No,Premium,34,30,309.96,8835.94,8,107.95,2020-07-19,No
TEL11158,Male,South,Monthly,No Internet,UPI,Yes,No,No,Basic,38,118,1053.73,118505.37,5,344.0,2019-11-16,No
TEL11159,Female,West,Monthly,No Internet,Auto Pay,Yes,Yes,No,Business,68,110,826.95,96045.5,6,298.59,2019-07-15,Yes
TEL11160,Female,West,Two Year,No Internet,Auto Pay,No,Yes,Yes,Business,65,99,1087.1,103681.84,3,183.7,2018-05-03,No
TEL11161,Female,East,Monthly,5G,UPI,No,No,Yes,Business,32,113,567.17,62840.39,0,219.48,2020-11-24,No
TEL11162,Male,Northeast,Two Year,Fiber Optic,Credit Card,No,Yes,Yes,Standard,32,107,423.72,43911.38,4,284.39,2025-04-19,No
TEL11163,Female,Other,Monthly,Fiber Optic,Auto Pay,No,Yes,Yes,Standard,18,74,1397.26,95303.43,1,247.15,2020-04-19,No
TEL11164,Female,North,Monthly,No Internet,Debit Card,Yes,No,No,Basic,41,117,1855.88,234132.09,7,321.27,2019-02-20,No
TEL11165,Male,East,Monthly,Fiber Optic,UPI,No,No,No,Standard,29,96,1813.4,182555.45,3,91.31,2019-12-09,No
TEL11166,Female,North,One Year,Fiber Optic,Net Banking,No,No,No,Business,27,106,1236.17,130688.83,0,270.81,2025-05-08,No
TEL11167,Male,Other,One Year,DSL,Credit Card,No,Yes,Yes,Standard,63,106,1400.24,146309.73,9,225.69,2018-12-13,No
TEL11168,Female,Northeast,One Year,Fiber Optic,UPI,Yes,Yes,No,Standard,59,67,1386.56,94466.35,6,231.05,2023-09-16,No
TEL11169,Male,West,Monthly,DSL,Auto Pay,No,No,No,Premium,59,120,1789.61,205896.26,10,235.22,2022-09-20,No
TEL11170,Male,Northeast,Monthly,Fiber Optic,Credit Card,No,No,Yes,Basic,69,90,309.23,25299.52,1,440.85,2025-01-03,Yes
TEL11171,Female,West,Monthly,5G,Debit Card,Yes,Yes,Yes,Basic,48,15,1831.76,26728.41,2,409.5,2020-04-28,Yes
TEL11172,Male,Other,,No Internet,Credit Card,No,Yes,Yes,Basic,28,17,1538.06,28163.37,8,315.16,2019-06-19,Yes
TEL11173,Male,Northeast,Two Year,DSL,Credit Card,Yes,No,Yes,Standard,33,91,654.65,55571.17,8,358.53,2025-09-21,No
TEL11174,Male,East,Monthly,No Internet,Debit Card,No,No,Yes,Business,26,18,311.84,5584.98,1,22.36,2022-09-26,No
TEL11175,Male,Central,Two Year,DSL,Cash,Yes,No,No,Premium,64,115,448.61,46510.27,2,372.25,2023-03-17,No
TEL11176,Male,East,Two Year,,Debit Card,No,No,No,Basic,31,19,1405.79,24625.71,10,243.6,2019-10-26,No
TEL11177,Male,North,Monthly,DSL,Credit Card,No,Yes,Yes,Standard,36,76,1943.34,148534.88,8,159.56,2020-11-07,Yes
TEL11178,Female,East,One Year,5G,Debit Card,No,Yes,No,Business,48,88,968.71,81285.46,0,70.75,2018-01-27,No
TEL11179,Male,Other,Monthly,Fiber Optic,Cash,Yes,Yes,No,Premium,26,69,1070.98,78554.89,1,38.53,2025-01-27,No
TEL11180,Male,South,Monthly,DSL,,No,Yes,No,Premium,53,24,2347.54,54825.98,10,23.4,2020-11-18,Yes
TEL11181,Female,North,Monthly,5G,Debit Card,Yes,No,No,Basic,70,91,688.93,58770.96,1,81.74,2022-08-02,No
TEL11182,Female,Northeast,One Year,DSL,Debit Card,Yes,Yes,Yes,Basic,56,48,437.62,20968.09,9,16.04,2025-05-29,No
TEL11183,Female,North,Monthly,Fiber Optic,Credit Card,Yes,No,No,Business,43,30,988.84,30943.63,2,366.59,2022-07-17,No
TEL11184,Female,Central,One Year,DSL,UPI,Yes,Yes,No,Standard,25,15,1914.62,25947.76,9,125.06,2019-10-02,No
TEL11185,Female,West,One Year,5G,Net Banking,No,Yes,No,Business,41,47,1638.98,76338.28,2,185.0,2022-10-08,No
TEL11186,Female,Northeast,Monthly,Fiber Optic,Net Banking,No,Yes,Yes,Basic,25,102,1155.33,122465.11,9,411.54,2018-02-11,Yes
TEL11187,Female,North,One Year,5G,Auto Pay,No,No,No,Business,36,44,2417.93,97733.75,1,58.21,2022-09-11,No
TEL11188,Male,Northeast,One Year,Fiber Optic,Debit Card,Yes,Yes,Yes,Standard,64,98,1889.49,196743.84,7,417.96,2024-03-10,Yes
TEL11189,Male,Northeast,Monthly,Fiber Optic,Debit Card,No,No,Yes,Premium,65,27,341.28,8731.84,7,320.13,2023-06-10,Yes
TEL11190,Female,Northeast,Monthly,No Internet,UPI,Yes,No,Yes,Premium,47,84,1911.65,149451.89,7,171.67,2025-11-23,No
TEL11191,Male,West,One Year,No Internet,Cash,Yes,Yes,Yes,Premium,39,64,254.29,16373.28,1,59.79,2019-12-03,No
TEL11192,Male,Other,Monthly,,Net Banking,Yes,No,No,Premium,26,41,1694.74,64725.05,8,46.65,2021-12-25,Yes
TEL11193,Male,East,One Year,Fiber Optic,Auto Pay,No,Yes,Yes,Basic,61,96,683.11,67044.0,10,168.42,2023-10-29,Yes
TEL11194,Female,Northeast,Monthly,DSL,UPI,No,No,Yes,Basic,65,68,1800.82,121013.03,6,71.03,2021-06-05,No
TEL11195,Female,South,Monthly,5G,Debit Card,Yes,Yes,Yes,Standard,21,5,911.49,4191.91,4,134.59,2024-10-07,No
TEL11196,Male,Other,Monthly,5G,Net Banking,No,No,Yes,Standard,54,53,2206.91,124481.1,6,27.42,2023-06-20,Yes
TEL11197,Female,Central,Monthly,5G,Auto Pay,No,No,Yes,Standard,25,8,973.9,7956.19,7,297.91,2020-07-07,Yes
TEL11198,Male,West,One Year,No Internet,Credit Card,Yes,Yes,No,Standard,18,22,1624.3,35673.09,8,73.49,2025-01-07,Yes
TEL11199,Male,North,Monthly,Fiber Optic,Net Banking,Yes,Yes,Yes,Business,45,106,856.63,87840.91,1,378.61,2018-06-14,No
TEL11200,Male,West,One Year,No Internet,Auto Pay,No,Yes,No,Standard,23,7,2308.61,14936.53,5,109.87,2021-12-20,Yes
TEL11201,Male,North,Two Year,DSL,UPI,Yes,Yes,No,Premium,64,22,1995.29,45097.09,8,399.19,2020-12-01,No
TEL11202,Female,West,One Year,Fiber Optic,Credit Card,Yes,No,Yes,Premium,53,46,758.6,36516.78,5,95.75,2022-12-26,No
TEL11203,Female,North,One Year,5G,Auto Pay,No,No,No,Premium,70,30,2381.23,65911.07,1,360.96,2025-08-20,No
TEL11204,Female,Northeast,Monthly,No Internet,Auto Pay,No,No,No,Business,28,101,1020.46,101935.01,0,167.2,2025-09-03,No
TEL11205,Male,East,Monthly,No Internet,Debit Card,Yes,No,No,Standard,22,16,1698.29,26826.8,2,291.98,2024-09-29,Yes
TEL11206,Female,North,One Year,DSL,Cash,No,Yes,Yes,Premium,67,79,1907.56,145119.05,10,20.29,2018-12-02,No
TEL11207,Male,North,Monthly,DSL,Net Banking,Yes,No,Yes,Premium,41,5,251.67,1311.3,4,248.13,2023-04-09,Yes
TEL11208,Female,South,One Year,No Internet,Debit Card,Yes,Yes,Yes,Premium,64,67,2404.62,147884.92,6,75.2,2020-05-30,Yes
TEL11209,Male,North,Monthly,DSL,Credit Card,No,No,Yes,Premium,35,23,991.22,21359.58,9,243.67,2021-12-24,Yes
TEL11210,Male,South,One Year,5G,Cash,Yes,Yes,Yes,Basic,37,61,635.49,34899.58,9,71.54,2020-08-29,Yes
TEL11211,Male,Central,Two Year,DSL,Auto Pay,Yes,Yes,Yes,Standard,45,74,2155.63,154274.48,2,219.11,2025-06-25,No
TEL11212,Female,Northeast,Two Year,DSL,Debit Card,Yes,Yes,Yes,Standard,30,5,1815.67,8646.33,8,56.2,2025-08-20,No
TEL11213,Female,South,One Year,No Internet,Cash,No,Yes,No,Business,22,23,398.51,9679.55,9,110.76,2018-01-30,No
TEL11214,Female,East,One Year,No Internet,Net Banking,No,Yes,No,Basic,47,79,468.2,38254.48,3,297.94,2022-03-21,No
TEL11215,Female,Other,One Year,Fiber Optic,Credit Card,No,No,Yes,Business,18,82,1843.94,138381.81,9,488.35,2019-07-29,No
TEL11216,Male,Northeast,One Year,Fiber Optic,UPI,Yes,Yes,No,Premium,39,25,371.0,9584.53,1,225.14,2018-08-09,Yes
TEL11217,Female,South,Monthly,No Internet,Debit Card,Yes,No,Yes,Business,35,8,2308.5,18866.39,2,343.9,2020-04-06,Yes
TEL11218,Female,Northeast,Monthly,DSL,Credit Card,No,No,Yes,Premium,63,95,1904.54,172013.26,4,270.17,2023-07-07,No
TEL11219,Male,Northeast,Monthly,DSL,UPI,No,Yes,Yes,Premium,22,21,970.63,18401.63,2,249.68,2025-03-26,Yes
TEL11220,Male,Northeast,Two Year,Fiber Optic,Debit Card,No,No,No,Standard,48,2,1033.76,1903.63,4,33.29,2022-02-26,No
TEL11221,Male,Central,Monthly,Fiber Optic,Credit Card,Yes,No,Yes,Standard,23,22,1363.94,28355.99,3,73.0,2020-01-24,Yes
TEL11222,Female,East,One Year,Fiber Optic,Credit Card,No,No,Yes,Standard,44,72,1029.23,77586.88,10,441.65,2021-06-30,No
TEL11223,Male,West,One Year,5G,Cash,Yes,Yes,Yes,Standard,42,87,2000.98,171257.47,9,205.67,2022-05-07,No
TEL11224,Male,West,One Year,5G,Debit Card,No,Yes,Yes,Standard,46,96,2440.89,249629.51,2,307.55,2020-10-17,No
TEL11225,Male,South,One Year,Fiber Optic,Credit Card,Yes,Yes,No,Basic,45,72,1543.4,115797.23,5,264.59,2022-01-28,Yes
TEL11226,Female,Northeast,Monthly,DSL,Auto Pay,Yes,Yes,Yes,Standard,33,68,1224.89,79267.78,7,190.06,2023-05-16,No
TEL11227,Male,South,One Year,Fiber Optic,Debit Card,No,No,No,Business,70,64,711.38,47903.31,3,194.52,2023-02-06,No
TEL11228,Female,Central,Two Year,5G,Credit Card,Yes,No,No,Premium,29,94,1701.9,147341.97,8,278.18,2024-12-14,Yes
TEL11229,Female,Central,Monthly,DSL,Cash,No,No,Yes,Standard,37,19,1775.83,30586.05,5,71.43,2019-03-14,Yes
TEL11230,Male,North,Monthly,5G,UPI,Yes,No,Yes,Basic,35,87,1774.94,155892.46,4,194.24,2019-04-24,Yes
TEL11231,Male,Central,One Year,DSL,UPI,Yes,No,No,Business,51,82,261.07,20583.84,2,224.04,2020-02-22,No
TEL11232,Female,North,Two Year,5G,Auto Pay,No,No,No,Business,70,53,2266.98,115259.43,4,492.58,2020-10-04,Yes
TEL11233,Male,East,Monthly,DSL,Debit Card,Yes,Yes,No,Premium,40,93,976.65,92980.85,4,176.38,2018-03-13,No
TEL11234,Male,South,One Year,DSL,Cash,No,No,No,Business,62,87,1910.58,175033.25,3,322.64,2019-08-05,Yes
TEL11235,Female,Other,Two Year,DSL,Credit Card,No,No,Yes,Business,44,97,1946.56,180884.45,5,69.57,2018-08-08,No
TEL11236,Female,East,Monthly,DSL,Credit Card,No,No,No,Business,66,52,1695.28,84496.37,2,33.68,2020-10-24,Yes
TEL11237,Male,Central,Two Year,No Internet,UPI,Yes,Yes,No,Business,34,47,1107.19,51834.63,9,435.9,2018-10-17,Yes
TEL11238,Female,East,One Year,5G,Cash,Yes,No,No,Basic,65,82,1598.28,133362.07,0,365.64,2019-01-15,Yes
TEL11239,Male,East,One Year,5G,Auto Pay,Yes,No,No,Premium,38,54,291.46,14739.79,6,159.43,2025-10-22,No
TEL11240,Male,East,One Year,No Internet,UPI,No,Yes,Yes,Standard,67,44,1951.36,91379.1,6,252.78,2021-10-10,Yes
TEL11241,Male,Central,Monthly,DSL,UPI,No,No,Yes,Business,57,97,428.05,42259.71,3,68.74,2025-08-22,Yes
TEL11242,Female,Other,Monthly,DSL,Auto Pay,Yes,Yes,Yes,Basic,48,7,1111.53,7878.2,8,353.87,2023-05-13,No
TEL11243,Male,Northeast,Monthly,5G,Debit Card,Yes,Yes,No,Premium,20,115,437.32,53447.87,1,36.09,2023-10-29,No
TEL11244,Male,East,Monthly,No Internet,Credit Card,No,No,No,Standard,34,92,2124.27,207805.25,0,378.76,2018-03-07,Yes
TEL11245,Male,North,Monthly,DSL,Debit Card,Yes,No,Yes,Premium,67,1,1464.7,1353.97,2,273.87,2023-12-24,No
TEL11246,Female,Central,Two Year,DSL,Cash,No,Yes,Yes,Basic,43,63,1788.2,104332.81,6,140.15,2019-02-03,Yes
TEL11247,Female,East,Two Year,,Net Banking,Yes,No,No,Basic,40,120,1768.94,220158.9,8,431.42,2018-12-13,No
TEL11248,Female,Other,One Year,Fiber Optic,Net Banking,No,No,Yes,Basic,23,103,2134.69,235756.35,1,493.05,2023-06-08,No
TEL11249,Female,Northeast,Two Year,No Internet,Net Banking,Yes,Yes,No,Business,45,98,503.91,50369.48,5,127.92,2023-10-08,No
TEL11250,Female,Central,One Year,DSL,Auto Pay,Yes,Yes,No,Basic,25,39,1716.37,65200.51,2,403.32,2020-02-17,Yes
TEL11251,Male,West,Monthly,Fiber Optic,UPI,No,No,No,Standard,62,19,1521.81,29580.15,4,375.33,2025-01-10,Yes
TEL11252,Female,Northeast,Monthly,No Internet,Debit Card,No,Yes,No,Business,25,31,270.06,7879.48,8,373.85,2023-03-19,No
TEL11253,Female,North,Monthly,DSL,Credit Card,No,No,No,Premium,36,77,662.27,55055.71,2,478.66,2025-07-24,Yes
TEL11254,Female,East,One Year,5G,Net Banking,Yes,No,No,Standard,55,24,814.41,19107.92,0,243.82,2018-03-20,Yes
TEL11255,Male,Other,Monthly,Fiber Optic,Debit Card,No,No,Yes,Business,46,69,365.88,26954.94,4,337.41,2022-05-01,No
TEL11256,Female,West,One Year,Fiber Optic,Net Banking,No,No,Yes,Basic,40,87,1014.86,86310.09,0,412.11,2022-11-14,No
TEL11257,Female,Other,Monthly,DSL,Net Banking,Yes,Yes,Yes,Premium,64,83,261.57,23166.32,7,240.29,2023-12-03,Yes
TEL11258,Male,West,One Year,DSL,Credit Card,No,No,No,Basic,49,65,1471.32,91850.86,6,241.23,2020-09-12,Yes
TEL11259,Female,Central,One Year,Fiber Optic,Cash,No,Yes,Yes,Standard,27,33,685.45,23454.47,10,160.01,2022-01-25,Yes
TEL11260,Male,West,One Year,5G,Cash,No,No,No,Standard,44,59,859.11,54295.44,1,390.63,2022-07-08,Yes
TEL11261,Male,North,Two Year,5G,Cash,Yes,No,No,Business,66,114,2293.08,265665.98,10,343.41,2023-12-14,Yes
TEL11262,Male,North,Two Year,No Internet,Auto Pay,Yes,Yes,No,Standard,18,120,1355.48,166229.84,8,226.12,2022-06-14,Yes
TEL11263,Male,South,Two Year,DSL,UPI,Yes,No,No,Premium,56,33,817.73,24786.33,4,210.25,2025-03-05,No
TEL11264,Male,North,Two Year,5G,Auto Pay,No,Yes,Yes,Business,46,32,1575.46,49676.63,6,37.22,2020-08-22,No
TEL11265,Female,Northeast,One Year,No Internet,Debit Card,Yes,Yes,Yes,Premium,62,59,662.84,41439.0,3,4.24,2024-12-22,No
TEL11266,Male,West,One Year,5G,Auto Pay,No,No,Yes,Basic,20,92,370.11,32121.65,0,264.92,2020-04-08,No
TEL11267,Male,North,Monthly,DSL,Debit Card,No,No,No,Premium,68,101,247.08,26000.83,7,209.33,2025-04-27,No
TEL11268,Female,Central,Monthly,No Internet,Debit Card,No,No,Yes,Premium,64,41,2387.52,100005.43,0,398.22,2021-04-12,No
TEL11269,Male,Other,One Year,No Internet,UPI,Yes,No,Yes,Standard,54,12,1865.6,21047.05,2,271.78,2024-11-04,No
TEL11270,Female,Other,Monthly,No Internet,Credit Card,Yes,Yes,Yes,Basic,48,73,2038.88,141530.64,5,468.42,2022-09-15,No
TEL11271,Female,South,,5G,UPI,No,No,No,Standard,28,114,2455.11,273434.32,7,98.87,2024-08-29,No
TEL11272,Female,Other,Two Year,DSL,Cash,No,No,Yes,Basic,39,119,2341.75,257077.94,7,495.09,2021-05-13,Yes
TEL11273,Male,West,Two Year,No Internet,Cash,Yes,No,No,Basic,35,11,1893.9,22174.68,1,149.66,2024-08-07,Yes
TEL11274,Male,South,Two Year,Fiber Optic,Auto Pay,Yes,No,Yes,Premium,52,97,1795.17,179892.52,8,321.57,2023-01-15,Yes
TEL11275,Male,West,Monthly,DSL,Debit Card,Yes,No,No,Standard,23,19,973.75,17866.54,3,251.43,2019-05-13,Yes
TEL11276,Female,Central,Monthly,Fiber Optic,Net Banking,No,Yes,Yes,Premium,20,54,438.24,22574.95,3,180.43,2019-06-21,No
TEL11277,Male,South,Monthly,Fiber Optic,Net Banking,Yes,No,Yes,Premium,22,57,1518.56,88646.06,1,70.52,2023-08-26,No
TEL11278,Male,East,Monthly,No Internet,,Yes,Yes,Yes,Premium,26,42,1524.38,62510.42,0,68.28,2021-03-10,No
TEL11279,Male,Northeast,Monthly,No Internet,UPI,Yes,No,No,Basic,45,98,2389.15,220388.33,9,356.04,2023-05-26,No
TEL11280,Female,Northeast,Monthly,5G,Credit Card,No,No,Yes,Standard,36,71,1216.91,84450.3,6,189.44,2025-04-21,Yes
TEL11281,Female,West,Two Year,5G,UPI,Yes,No,Yes,Standard,45,31,1787.86,58573.58,10,480.69,2018-10-27,Yes
TEL11282,Male,Other,One Year,5G,Debit Card,No,Yes,No,Premium,44,52,1521.43,72179.92,9,163.5,2024-07-14,No
TEL11283,Male,East,Monthly,DSL,Debit Card,No,No,No,Basic,30,2,605.55,1170.29,2,491.78,2018-10-30,No
TEL11284,Male,South,Monthly,5G,Credit Card,No,Yes,No,Standard,55,83,1560.75,139027.48,3,103.51,2019-08-15,No
TEL11285,Male,East,Monthly,Fiber Optic,Auto Pay,Yes,Yes,No,Business,60,38,1441.27,49437.65,10,52.3,2018-03-17,Yes
TEL11286,Female,East,Monthly,5G,Auto Pay,Yes,No,Yes,Standard,70,32,1334.98,45295.99,8,156.97,2020-07-02,Yes
TEL11287,Female,Other,Two Year,No Internet,Credit Card,Yes,Yes,Yes,Premium,38,10,1379.87,13349.83,5,442.91,2020-02-19,Yes
TEL11288,Female,South,Monthly,5G,Auto Pay,No,No,No,Business,44,105,576.17,56511.84,0,261.4,2020-07-09,No
TEL11289,Female,Central,Monthly,DSL,Net Banking,Yes,No,Yes,Basic,63,8,1265.0,9135.29,8,68.69,2022-03-04,No
TEL11290,Male,Other,Monthly,DSL,Auto Pay,No,Yes,No,Business,23,90,1592.0,130770.81,8,102.05,2022-10-16,Yes
TEL11291,Male,East,Monthly,Fiber Optic,Auto Pay,Yes,No,Yes,Business,55,94,1324.73,115923.93,4,156.32,2023-07-29,No
TEL11292,Male,East,One Year,DSL,Auto Pay,Yes,No,No,Premium,66,75,1322.98,89754.96,7,295.49,2024-08-10,No
TEL11293,Female,Central,One Year,5G,Net Banking,Yes,Yes,Yes,Standard,28,105,377.29,38048.78,6,166.86,2025-05-24,No
TEL11294,Male,East,One Year,No Internet,Auto Pay,Yes,Yes,No,Basic,64,20,637.78,11583.11,10,373.78,2020-10-02,No
TEL11295,Female,East,Monthly,DSL,Cash,No,Yes,No,Business,58,20,937.24,19205.9,7,308.53,2022-08-29,Yes
TEL11296,Female,East,One Year,Fiber Optic,Net Banking,No,Yes,Yes,Premium,70,9,1163.5,10967.88,8,437.04,2024-09-09,Yes
TEL11297,Male,Northeast,One Year,5G,Credit Card,No,Yes,Yes,Standard,34,72,1565.06,119416.48,1,250.98,2020-03-14,No
TEL11298,Male,Other,Two Year,Fiber Optic,UPI,No,Yes,Yes,Business,56,15,2184.69,32732.44,9,166.26,2020-11-17,No
TEL11299,Male,North,Monthly,DSL,Credit Card,Yes,No,No,Premium,24,98,565.08,59274.87,4,498.14,2025-12-02,No
TEL11300,Female,Other,Monthly,DSL,UPI,No,Yes,Yes,Premium,47,88,233.7,18529.94,7,178.46,2020-05-21,No
TEL11301,Male,Central,One Year,Fiber Optic,Credit Card,No,Yes,No,Premium,38,97,1232.25,110458.84,2,214.87,2018-04-25,No
TEL11302,Female,East,One Year,5G,Cash,No,No,Yes,Basic,18,105,1192.84,119332.71,10,404.75,2019-01-08,Yes
TEL11303,Male,Other,Monthly,DSL,UPI,Yes,No,Yes,Standard,42,105,1468.37,160658.12,10,45.23,2020-04-29,No
TEL11304,Female,Northeast,Monthly,No Internet,UPI,No,Yes,No,Business,49,109,2115.41,244269.22,5,193.86,2023-11-08,No
TEL11305,Female,Central,Monthly,DSL,Debit Card,No,Yes,No,Standard,25,63,2044.43,130249.91,5,43.77,2020-01-27,No
TEL11306,Male,West,Two Year,5G,UPI,Yes,No,Yes,Standard,22,104,429.1,43242.2,6,70.51,2021-08-14,No
TEL11307,Female,Other,Monthly,DSL,UPI,Yes,Yes,No,Business,47,91,2347.19,217834.61,10,3.32,2018-01-31,No
TEL11308,Female,West,Two Year,Fiber Optic,Debit Card,No,Yes,No,Standard,68,21,452.95,8870.48,2,5.76,2023-01-27,No
TEL11309,Male,East,Monthly,DSL,Auto Pay,No,No,Yes,Basic,25,5,1658.51,8146.74,7,190.76,2024-08-02,Yes
TEL11310,Female,Northeast,Two Year,DSL,Auto Pay,Yes,Yes,No,Business,66,35,1745.53,60565.58,7,404.77,2024-11-22,Yes
TEL11311,Male,Northeast,Two Year,5G,Debit Card,No,No,Yes,Business,36,85,1762.72,137676.42,8,293.92,2022-12-11,No
TEL11312,Female,Other,Monthly,Fiber Optic,Net Banking,Yes,Yes,Yes,Premium,61,68,809.31,49865.31,7,317.82,2024-05-06,No
TEL11313,Male,Central,Two Year,5G,UPI,No,No,No,Standard,47,113,958.79,112137.34,2,260.11,2021-12-07,No
TEL11314,Male,Central,Monthly,DSL,UPI,No,No,Yes,Business,32,48,1460.96,69862.91,5,410.08,2024-03-06,Yes
TEL11315,Female,Northeast,Two Year,No Internet,Debit Card,No,No,No,Business,53,80,658.05,50527.87,8,440.31,2019-11-21,Yes
TEL11316,Female,Central,One Year,DSL,Debit Card,No,Yes,Yes,Basic,61,95,245.71,22845.28,0,425.02,2021-04-29,No
TEL11317,Female,Northeast,Monthly,5G,Net Banking,No,No,No,Premium,44,90,1491.93,143993.32,2,406.25,2019-04-02,Yes
TEL11318,Female,Other,One Year,No Internet,Cash,Yes,Yes,No,Business,30,62,1269.14,76269.78,1,92.17,2019-03-25,No
TEL11319,Female,North,Two Year,5G,,Yes,No,No,Basic,31,116,1709.48,182163.29,7,297.34,2018-03-09,Yes
TEL11320,Male,Northeast,Monthly,5G,Credit Card,No,No,No,Business,54,35,536.41,18463.6,5,291.5,2023-02-06,No
TEL11321,Female,West,One Year,Fiber Optic,Cash,No,No,No,Business,65,70,2133.13,151805.07,9,264.44,2022-12-08,Yes
TEL11322,Male,Central,One Year,No Internet,Auto Pay,No,Yes,Yes,Business,47,97,535.31,46845.78,10,240.93,2022-12-11,Yes
TEL11323,Male,Northeast,One Year,DSL,UPI,Yes,Yes,Yes,Basic,56,21,2249.09,45333.21,10,45.5,2020-05-23,Yes
TEL11324,Female,Northeast,Monthly,5G,Cash,Yes,No,No,Standard,64,80,1232.9,95755.16,7,51.98,2019-04-12,No
TEL11325,Male,Other,Monthly,DSL,Debit Card,Yes,Yes,Yes,Business,30,111,1463.55,159768.47,1,451.24,2018-05-08,No
TEL11326,Male,Central,Monthly,Fiber Optic,Net Banking,Yes,Yes,No,Business,33,39,2261.14,84154.71,10,315.46,2022-12-05,No
TEL11327,Male,North,One Year,Fiber Optic,Auto Pay,Yes,Yes,No,Standard,61,34,888.8,30824.97,5,131.9,2020-01-03,Yes
TEL11328,Male,Other,Monthly,No Internet,Net Banking,Yes,No,Yes,Business,24,106,617.2,70005.94,6,140.37,2021-06-21,No
TEL11329,Female,North,Two Year,Fiber Optic,Auto Pay,Yes,Yes,Yes,Premium,65,15,1224.23,19548.25,7,305.49,2023-04-13,No
TEL11330,Male,Other,Monthly,,Cash,Yes,No,No,Business,44,6,761.04,4655.7,8,204.06,2020-11-08,No
TEL11331,Female,Central,One Year,,UPI,No,No,No,Premium,62,66,1413.04,92443.6,4,221.22,2021-11-20,No
TEL11332,Female,South,Monthly,Fiber Optic,Credit Card,Yes,No,No,Standard,52,88,832.09,76786.02,10,31.26,2019-01-03,Yes
TEL11333,Male,Central,Monthly,Fiber Optic,Net Banking,Yes,Yes,No,Basic,32,56,2187.33,128672.41,2,70.23,2023-10-07,No
TEL11334,Female,Central,Monthly,5G,Net Banking,Yes,No,No,Standard,45,49,1595.85,82053.56,1,197.28,2025-02-17,Yes
TEL11335,Female,North,Monthly,Fiber Optic,Credit Card,Yes,Yes,No,Business,52,92,199.55,17044.35,7,350.14,2023-09-27,No
TEL11336,Female,North,One Year,5G,Net Banking,No,Yes,Yes,Premium,24,1,2051.59,1855.82,0,24.96,2025-02-22,Yes
TEL11337,Male,Central,Two Year,Fiber Optic,Net Banking,Yes,No,No,Basic,67,65,958.49,67097.52,9,167.94,2025-03-25,No
TEL11338,Female,Central,One Year,Fiber Optic,Auto Pay,No,No,No,Business,63,28,935.48,28098.69,5,347.84,2020-03-22,Yes
TEL11339,Female,Central,Two Year,No Internet,Auto Pay,No,No,Yes,Basic,67,100,1080.04,108175.52,1,396.23,2018-02-28,No
TEL11340,Female,North,Two Year,No Internet,Credit Card,No,Yes,No,Basic,68,20,1648.6,35568.59,2,95.92,2018-06-10,No
TEL11341,Male,Central,One Year,5G,UPI,Yes,Yes,No,Business,63,48,1215.74,60613.79,7,366.01,2018-04-13,No
TEL11342,Female,Central,Two Year,Fiber Optic,Cash,Yes,No,Yes,Standard,37,72,1644.86,117616.12,0,477.75,2020-04-25,No
TEL11343,Male,East,One Year,DSL,Cash,Yes,No,No,Business,49,65,536.6,33835.41,5,453.5,2019-02-16,No
TEL11344,Male,South,Monthly,No Internet,Net Banking,No,Yes,Yes,Business,55,90,2430.38,220203.08,2,394.9,2020-02-25,Yes
TEL11345,Male,West,One Year,DSL,UPI,No,Yes,No,Standard,57,51,1877.09,95046.57,5,356.45,2018-07-02,No
TEL11346,Male,South,Monthly,No Internet,Credit Card,No,No,Yes,Premium,49,43,774.48,35929.7,2,118.33,2024-09-30,No
TEL11347,Male,East,One Year,No Internet,Credit Card,No,Yes,Yes,Business,43,49,1864.59,90294.37,10,317.32,2023-08-09,Yes
TEL11348,Male,West,One Year,Fiber Optic,Auto Pay,Yes,Yes,Yes,Basic,56,25,1521.56,39958.67,10,321.99,2024-09-12,Yes
TEL11349,Female,Other,Monthly,No Internet,Net Banking,Yes,Yes,No,Business,37,74,450.13,34856.93,7,204.0,2020-08-14,No
TEL11350,Male,Central,Monthly,DSL,Debit Card,Yes,Yes,No,Business,35,76,608.85,42240.09,4,247.01,2025-09-27,No
TEL11351,Female,East,Two Year,No Internet,Credit Card,No,Yes,Yes,Basic,67,41,294.01,11037.76,3,347.32,2025-05-26,No
TEL11352,Female,Other,,5G,Net Banking,No,Yes,Yes,Standard,32,71,2060.25,149022.77,8,476.1,2019-03-13,No
TEL11353,Male,Central,Monthly,Fiber Optic,UPI,Yes,No,No,Premium,69,64,1467.92,88933.82,4,148.36,2024-06-23,No
TEL11354,Female,North,One Year,Fiber Optic,Auto Pay,Yes,Yes,No,Premium,39,61,927.52,57617.21,3,123.94,2023-01-14,No
TEL11355,Female,Northeast,One Year,,Cash,No,No,No,Basic,68,12,489.59,5440.52,7,301.3,2019-08-29,No
TEL11356,Female,East,Monthly,5G,UPI,Yes,No,No,Standard,39,111,1312.31,141510.88,7,66.27,2022-01-10,Yes
TEL11357,Female,North,Two Year,5G,Credit Card,Yes,Yes,No,Business,70,104,1407.1,134403.72,7,291.68,2019-05-12,Yes
TEL11358,Male,East,One Year,No Internet,Credit Card,No,No,Yes,Business,38,81,1813.48,139661.38,3,45.34,2021-09-28,No
TEL11359,Female,East,Monthly,Fiber Optic,UPI,No,No,No,Business,19,69,2429.86,153559.06,0,245.8,2024-10-10,No
TEL11360,Male,North,One Year,5G,,No,No,Yes,Business,57,14,1199.37,18045.55,1,310.59,2025-11-05,No
TEL11361,Female,West,Two Year,No Internet,Net Banking,Yes,Yes,No,Business,70,34,1132.88,37405.16,3,35.98,2023-01-26,Yes
TEL11362,Female,South,Monthly,5G,Credit Card,No,No,Yes,Basic,60,48,1049.84,53527.43,9,104.27,2020-10-19,Yes
TEL11363,Male,Central,Monthly,DSL,Auto Pay,Yes,Yes,Yes,Business,35,61,2100.92,137743.6,1,168.35,2024-04-06,No
TEL11364,Female,East,Monthly,DSL,Net Banking,Yes,No,No,Business,40,81,558.53,48123.74,10,184.93,2025-10-15,No
TEL11365,Female,Central,One Year,Fiber Optic,Debit Card,No,No,Yes,Standard,30,35,989.77,34014.68,9,338.38,2024-02-29,Yes
TEL11366,Female,Northeast,One Year,No Internet,Credit Card,Yes,No,Yes,Business,58,119,1866.43,231034.13,2,264.98,2022-11-08,No
TEL11367,Male,North,One Year,DSL,Credit Card,No,No,Yes,Premium,26,65,235.1,14176.13,8,191.67,2022-01-29,No
TEL11368,Female,Central,Two Year,DSL,Auto Pay,No,Yes,Yes,Basic,66,59,864.58,46779.94,8,225.89,2021-08-12,No
TEL11369,Male,North,One Year,No Internet,Auto Pay,Yes,No,No,Basic,24,114,1674.33,201914.18,10,7.48,2024-05-23,Yes
TEL11370,Female,Central,Monthly,5G,Cash,Yes,No,Yes,Basic,58,114,626.69,64698.59,8,385.49,2023-10-22,No
TEL11371,Male,South,Monthly,No Internet,UPI,No,Yes,No,Premium,18,36,895.23,34646.01,6,21.46,2025-08-05,Yes
TEL11372,Male,South,Monthly,5G,UPI,No,Yes,Yes,Business,19,79,1316.9,106218.18,3,414.83,2018-12-03,No
TEL11373,Female,South,Monthly,DSL,UPI,No,Yes,No,Basic,21,19,1169.65,21679.55,0,270.96,2018-07-22,No
TEL11374,Female,South,One Year,DSL,Auto Pay,No,No,No,Premium,31,115,442.86,47132.03,2,264.38,2018-08-19,No
TEL11375,Male,South,Two Year,DSL,UPI,No,Yes,No,Standard,49,42,2356.94,101979.2,7,352.58,2025-05-15,No
TEL11376,Male,South,Monthly,Fiber Optic,UPI,No,Yes,Yes,Business,53,69,300.87,20788.27,3,429.92,2024-05-16,No
TEL11377,Female,North,One Year,Fiber Optic,Debit Card,Yes,Yes,No,Premium,19,19,1923.41,37568.15,9,471.38,2020-03-19,Yes
TEL11378,Male,East,One Year,Fiber Optic,UPI,Yes,Yes,No,Business,57,107,363.27,37906.93,9,272.14,2021-08-21,No
TEL11379,Female,Central,Monthly,No Internet,Credit Card,Yes,Yes,Yes,Standard,67,39,1273.78,45302.17,1,76.18,2019-04-11,No
TEL11380,Female,South,Monthly,DSL,Cash,Yes,Yes,No,Premium,68,69,602.45,39768.9,7,439.44,2025-08-16,No
TEL11381,Female,North,Monthly,DSL,Auto Pay,No,No,Yes,Business,31,52,523.52,26044.38,6,21.3,2021-04-12,Yes
TEL11382,Female,North,Monthly,No Internet,Net Banking,Yes,Yes,Yes,Premium,37,12,488.57,5285.72,10,403.86,2020-03-14,Yes
TEL11383,Male,North,Two Year,Fiber Optic,Cash,Yes,No,No,Basic,42,83,1240.41,92836.18,9,340.53,2018-09-23,No
TEL11384,Female,East,Monthly,No Internet,Debit Card,No,Yes,Yes,Business,59,47,1384.62,62443.89,8,452.46,2024-04-13,Yes
TEL11385,Male,Central,Monthly,Fiber Optic,Auto Pay,Yes,Yes,Yes,Premium,66,76,505.78,39629.83,1,448.83,2023-10-27,No
TEL11386,Female,East,One Year,DSL,Auto Pay,No,Yes,Yes,Basic,25,36,2451.61,89345.99,4,27.52,2022-07-29,No
TEL11387,Male,West,Two Year,5G,Credit Card,No,No,No,Standard,45,63,791.86,47044.77,5,305.11,2025-12-11,Yes
TEL11388,Female,Other,Monthly,Fiber Optic,Cash,No,Yes,Yes,Business,63,76,1254.34,96139.88,1,63.21,2024-04-19,No
TEL11389,Male,North,Monthly,DSL,Cash,No,Yes,Yes,Business,38,82,696.42,58050.29,1,40.16,2024-11-27,No
TEL11390,Male,West,Monthly,DSL,UPI,No,Yes,Yes,Standard,40,113,1335.02,149961.56,9,224.69,2018-06-25,Yes
TEL11391,Female,Northeast,Monthly,5G,Credit Card,Yes,Yes,No,Basic,49,51,1937.84,98221.42,3,49.7,2021-12-15,No
TEL11392,Female,South,Monthly,DSL,UPI,Yes,No,Yes,Standard,25,112,1397.53,151288.38,7,364.22,2022-05-15,No
TEL11393,Female,Other,One Year,DSL,UPI,Yes,No,No,Business,48,43,855.99,33944.35,10,484.5,2018-09-11,Yes
TEL11394,Female,South,Monthly,Fiber Optic,Auto Pay,No,No,Yes,Premium,54,34,770.31,25388.77,4,285.22,2022-03-24,Yes
TEL11395,Male,East,Monthly,Fiber Optic,Cash,Yes,No,No,Basic,33,112,1944.55,209548.48,8,118.35,2020-06-21,No
TEL11396,Female,Other,Two Year,5G,UPI,Yes,No,No,Basic,57,97,470.95,45981.6,3,421.76,2023-11-25,No
TEL11397,Male,Central,Monthly,5G,Debit Card,Yes,Yes,No,Basic,59,49,1049.92,54230.69,2,426.7,2021-04-09,Yes
TEL11398,Male,West,Monthly,DSL,Debit Card,Yes,Yes,Yes,Standard,44,18,547.41,9533.81,9,366.66,2023-10-07,Yes
TEL11399,Female,Central,,Fiber Optic,Cash,No,Yes,Yes,Standard,57,61,792.34,49674.09,7,307.95,2021-09-22,No
TEL11400,Male,East,Two Year,5G,Debit Card,Yes,No,Yes,Premium,58,57,550.17,32806.3,0,434.03,2018-03-25,No
TEL11401,Male,South,Monthly,5G,Auto Pay,No,Yes,No,Premium,35,93,2238.58,195304.29,8,82.48,2021-02-14,No
TEL11402,Male,Other,Two Year,No Internet,Credit Card,No,No,Yes,Basic,52,109,1882.38,217961.49,3,465.87,2019-12-13,No
TEL11403,Male,Central,One Year,5G,Net Banking,Yes,Yes,Yes,Premium,66,5,1489.13,6795.5,10,473.65,2022-04-07,Yes
TEL11404,Female,Central,Monthly,DSL,UPI,No,No,No,Standard,69,89,715.18,67617.08,8,436.12,2022-10-28,No
TEL11405,Female,South,Two Year,Fiber Optic,Net Banking,No,Yes,Yes,Premium,32,24,1372.52,30616.66,7,126.08,2023-04-25,No
TEL11406,Female,Other,Monthly,5G,Credit Card,No,Yes,Yes,Standard,70,93,1396.92,124806.73,2,429.23,2022-12-12,Yes
TEL11407,Female,West,Monthly,No Internet,Credit Card,No,Yes,No,Premium,44,64,1556.93,100534.57,2,249.32,2020-06-19,No
TEL11408,Male,South,Two Year,Fiber Optic,Auto Pay,No,Yes,No,Business,34,59,337.2,21148.63,8,297.87,2019-10-19,No
TEL11409,Male,Central,One Year,5G,Debit Card,No,No,Yes,Standard,57,38,2436.67,87595.84,2,420.46,2024-11-08,Yes
TEL11410,Female,West,One Year,No Internet,Debit Card,No,Yes,No,Business,19,33,1269.51,43462.47,3,15.76,2019-10-21,No
TEL11411,Female,West,Monthly,5G,Credit Card,Yes,Yes,Yes,Standard,66,10,2330.02,23949.77,8,182.11,2025-09-21,Yes
TEL11412,Female,South,Monthly,Fiber Optic,Auto Pay,Yes,Yes,Yes,Premium,67,37,221.56,7613.61,3,408.03,2025-10-09,No
TEL11413,Male,Central,One Year,Fiber Optic,Auto Pay,No,No,Yes,Business,48,97,768.38,73512.02,10,407.16,2020-04-30,No
TEL11414,Female,East,Monthly,Fiber Optic,Cash,No,Yes,Yes,Premium,54,87,438.19,37614.39,2,424.5,2025-01-17,No
TEL11415,Female,Central,Monthly,DSL,UPI,Yes,Yes,Yes,Standard,58,11,1969.12,20681.93,6,85.44,2024-05-02,Yes
TEL11416,Female,North,Monthly,5G,Debit Card,Yes,Yes,No,Business,58,24,935.29,23353.5,5,353.24,2018-05-21,No
TEL11417,Male,Other,Monthly,DSL,Credit Card,Yes,Yes,No,Basic,51,88,2132.13,200136.2,0,74.11,2024-09-19,Yes
TEL11418,Male,Northeast,Two Year,Fiber Optic,Cash,Yes,Yes,Yes,Premium,51,71,2113.49,154406.92,9,392.76,2024-05-29,Yes
TEL11419,Male,East,Monthly,No Internet,Net Banking,No,No,No,Standard,68,114,1734.93,212641.75,7,123.32,2023-04-14,Yes
TEL11420,Male,West,Two Year,,Debit Card,No,No,No,Business,20,21,1730.3,33032.76,0,369.17,2020-11-20,No
TEL11421,Male,East,Monthly,DSL,UPI,Yes,No,Yes,Premium,34,20,1809.37,32811.12,3,228.05,2024-07-30,Yes
TEL11422,Male,Other,One Year,5G,Auto Pay,Yes,Yes,No,Business,31,117,1748.66,217051.83,5,493.15,2024-03-02,No
TEL11423,Male,West,Monthly,No Internet,Credit Card,Yes,No,No,Premium,31,10,1088.89,11559.7,5,290.37,2022-02-10,Yes
TEL11424,Male,Other,,DSL,Debit Card,Yes,Yes,Yes,Premium,63,89,1769.5,144773.54,6,316.66,2024-05-27,Yes
TEL11425,Female,West,Monthly,Fiber Optic,Net Banking,No,Yes,Yes,Premium,55,47,2263.04,102570.01,10,184.71,2018-04-21,No
TEL11426,Female,East,Monthly,DSL,UPI,Yes,Yes,Yes,Business,52,100,963.92,101247.36,4,367.53,2020-12-27,No
TEL11427,Male,West,One Year,5G,UPI,Yes,Yes,Yes,Business,18,112,2372.24,245269.17,4,247.95,2022-09-15,No
TEL11428,Male,West,Two Year,5G,Cash,Yes,No,Yes,Premium,65,47,230.24,10260.06,3,10.02,2024-08-17,No
TEL11429,Female,North,One Year,5G,Debit Card,No,No,Yes,Basic,46,15,1001.89,15367.68,5,304.68,2018-07-15,No
TEL11430,Male,Central,Monthly,5G,Net Banking,No,No,Yes,Basic,21,44,502.83,23822.4,6,415.4,2018-05-06,No
TEL11431,Male,Central,Monthly,Fiber Optic,UPI,No,Yes,No,Basic,50,104,490.23,53200.96,9,119.16,2018-09-19,No
TEL11432,Male,Northeast,Monthly,DSL,Credit Card,Yes,No,Yes,Standard,34,104,2074.49,224358.97,9,111.31,2020-07-12,Yes
TEL11433,Female,Northeast,One Year,Fiber Optic,UPI,Yes,No,No,Basic,45,114,2311.25,253385.66,0,304.83,2022-12-27,No
TEL11434,Female,North,One Year,Fiber Optic,Net Banking,Yes,Yes,No,Business,67,62,1987.84,125592.9,8,409.17,2024-01-12,Yes
TEL11435,Female,Northeast,Two Year,Fiber Optic,Auto Pay,No,No,Yes,Basic,43,6,2445.22,13502.84,7,125.56,2022-05-24,Yes
TEL11436,Female,Other,Monthly,5G,Auto Pay,No,Yes,No,Business,25,101,696.56,75882.84,6,466.2,2018-04-18,No
TEL11437,Female,East,One Year,5G,Cash,Yes,No,No,Standard,51,66,522.84,34041.77,8,463.77,2023-09-14,No
TEL11438,Male,South,Monthly,5G,Debit Card,Yes,No,No,Business,35,76,1396.62,107733.72,2,101.07,2019-10-17,No
TEL11439,Female,Other,One Year,DSL,Net Banking,No,No,Yes,Business,48,4,2105.79,8909.27,9,132.63,2025-08-02,Yes
TEL11440,Male,South,One Year,No Internet,,Yes,Yes,No,Business,44,23,290.63,6017.2,3,350.6,2023-07-07,No
TEL11441,Male,South,One Year,5G,UPI,Yes,No,No,Basic,33,13,2488.8,34802.88,6,475.91,2020-09-24,No
TEL11442,Female,North,One Year,DSL,UPI,Yes,No,Yes,Premium,27,81,1584.17,123781.57,5,355.23,2024-09-29,Yes
TEL11443,Female,Other,Monthly,5G,Auto Pay,No,No,No,Business,57,31,2450.57,73014.53,1,223.01,2018-10-12,Yes
TEL11444,Male,North,One Year,5G,Cash,Yes,No,No,Basic,29,16,1038.69,15391.08,1,85.33,2022-01-10,No
TEL11445,Male,West,Monthly,Fiber Optic,Auto Pay,Yes,Yes,No,Basic,39,41,1252.45,54147.67,9,231.04,2025-01-09,Yes
TEL11446,Male,South,One Year,Fiber Optic,Credit Card,Yes,Yes,No,Basic,33,90,1929.43,183503.46,6,303.78,2018-01-27,No
TEL11447,Female,East,Monthly,Fiber Optic,Auto Pay,Yes,No,No,Premium,29,92,2022.21,168108.38,8,166.15,2024-03-24,No
TEL11448,Female,Northeast,Monthly,DSL,Credit Card,No,No,Yes,Premium,28,1,734.98,668.85,10,255.62,2022-05-11,No
TEL11449,Female,East,Two Year,No Internet,UPI,No,No,No,Premium,37,111,2337.54,276410.52,8,65.98,2021-10-23,Yes
TEL11450,Female,Northeast,Two Year,No Internet,Cash,No,Yes,Yes,Premium,68,12,2194.07,24278.25,6,226.64,2020-04-27,Yes
TEL11451,Female,South,One Year,DSL,Credit Card,Yes,No,No,Standard,18,101,240.87,24614.13,10,46.3,2021-02-02,No
TEL11452,Male,South,Monthly,5G,Cash,No,No,Yes,Premium,44,119,494.71,59549.68,7,25.5,2018-01-18,Yes
TEL11453,Female,South,One Year,DSL,Cash,Yes,Yes,Yes,Premium,20,56,1340.02,79284.8,9,428.76,2023-09-22,No
TEL11454,Male,North,Monthly,5G,Credit Card,No,Yes,Yes,Premium,29,50,1259.2,63153.77,2,103.34,2023-11-07,No
TEL11455,Male,Other,Two Year,DSL,Debit Card,Yes,Yes,No,Business,47,20,1828.3,35766.01,0,288.0,2025-03-18,No
TEL11456,Male,Northeast,Monthly,DSL,Auto Pay,No,No,No,Business,26,66,405.34,28769.27,6,75.34,2018-06-06,No
TEL11457,Female,Other,Two Year,DSL,Credit Card,No,Yes,No,Premium,70,36,1682.17,56996.5,7,132.0,2021-07-13,No
TEL11458,Female,North,Two Year,No Internet,UPI,No,Yes,No,Standard,54,79,1616.65,120983.38,1,181.31,2023-12-22,No
TEL11459,Female,North,One Year,Fiber Optic,Cash,Yes,No,No,Business,18,38,736.33,25609.43,8,72.69,2024-11-16,Yes
TEL11460,Male,Central,Monthly,DSL,Net Banking,Yes,Yes,Yes,Basic,59,22,1446.51,34227.69,3,23.94,2022-06-13,No
TEL11461,Male,East,Monthly,No Internet,Credit Card,Yes,No,Yes,Business,66,108,710.08,78770.34,9,438.7,2022-11-07,No
TEL11462,Male,East,Two Year,Fiber Optic,Auto Pay,No,No,Yes,Basic,21,61,536.92,29548.22,10,6.9,2021-03-01,Yes
TEL11463,Male,West,,Fiber Optic,Cash,Yes,Yes,No,Business,32,50,1517.21,77891.78,8,31.6,2025-08-20,Yes
TEL11464,Male,North,Two Year,DSL,Debit Card,Yes,No,No,Premium,68,96,2447.19,228527.1,2,402.73,2020-11-23,No
TEL11465,Male,Northeast,Monthly,5G,UPI,Yes,Yes,Yes,Business,44,59,743.95,47148.11,7,141.72,2023-11-01,Yes
TEL11466,Female,Central,Monthly,5G,Debit Card,Yes,Yes,No,Premium,25,20,1016.27,19307.7,10,361.69,2021-03-01,No
TEL11467,Female,Central,Two Year,5G,Net Banking,Yes,Yes,No,Premium,40,36,789.12,29199.54,1,73.97,2025-12-23,Yes
TEL11468,Female,Other,One Year,DSL,Credit Card,Yes,No,Yes,Business,32,97,811.86,79769.3,2,119.4,2018-07-23,No
TEL11469,Female,East,One Year,5G,Cash,No,Yes,Yes,Basic,44,15,1128.64,15273.36,0,286.82,2022-12-28,No
TEL11470,Male,North,One Year,No Internet,Credit Card,No,No,No,Basic,48,62,1813.27,119093.8,4,494.33,2021-09-21,Yes
TEL11471,Male,West,Monthly,No Internet,Auto Pay,Yes,No,No,Business,56,114,288.25,30400.24,3,37.65,2020-08-19,No
TEL11472,Female,North,One Year,No Internet,Credit Card,No,No,Yes,Premium,64,110,2400.39,269177.47,0,200.88,2024-12-19,No
TEL11473,Male,Other,Monthly,No Internet,UPI,No,Yes,No,Basic,25,3,305.44,952.61,9,22.5,2019-03-18,No
TEL11474,Female,South,Two Year,Fiber Optic,Net Banking,Yes,No,Yes,Standard,47,93,2225.88,209815.3,8,100.41,2025-11-15,No
TEL11475,Female,North,Two Year,No Internet,Debit Card,Yes,No,Yes,Premium,59,111,2256.07,229758.92,5,453.83,2021-08-08,No
TEL11476,Female,Other,Monthly,5G,Net Banking,No,Yes,Yes,Business,35,91,1405.33,137544.47,5,49.13,2021-02-22,No
TEL11477,Male,South,One Year,DSL,Cash,Yes,Yes,No,Premium,21,5,514.09,2422.98,10,428.57,2022-08-14,Yes
TEL11478,Female,South,One Year,5G,Credit Card,No,No,Yes,Standard,64,56,1498.84,85027.51,1,89.72,2020-05-20,No
TEL11479,Female,West,Monthly,No Internet,Cash,No,No,Yes,Standard,60,31,1644.85,53208.02,6,431.03,2021-04-13,Yes
TEL11480,Female,Northeast,Two Year,Fiber Optic,Debit Card,No,Yes,No,Basic,39,86,2171.85,199678.53,8,269.47,2023-03-23,No
TEL11481,Male,East,Monthly,No Internet,Cash,Yes,No,Yes,Standard,20,35,1466.06,51759.64,5,439.23,2022-02-24,Yes
TEL11482,Male,North,Monthly,DSL,Auto Pay,No,No,No,Premium,32,118,1143.63,127746.11,10,76.7,2025-12-26,Yes
TEL11483,Female,South,One Year,5G,Net Banking,Yes,No,No,Basic,52,71,2127.07,158662.93,7,381.26,2018-03-21,No
TEL11484,Male,North,One Year,DSL,Debit Card,Yes,No,No,Standard,64,70,2455.19,159726.24,4,340.67,2025-10-30,Yes
TEL11485,Male,Northeast,One Year,DSL,Debit Card,Yes,Yes,Yes,Basic,55,26,1682.74,39551.6,1,271.92,2021-08-21,No
TEL11486,Male,East,One Year,DSL,Debit Card,Yes,No,Yes,Basic,50,118,2210.09,277342.16,3,405.48,2021-09-29,No
TEL11487,Male,Northeast,,5G,UPI,Yes,Yes,No,Business,31,1,1576.09,1581.72,0,324.49,2019-07-24,Yes
TEL11488,Male,East,One Year,No Internet,Net Banking,No,No,No,Basic,65,83,1785.51,135235.32,0,438.65,2021-01-19,No
TEL11489,Male,Central,Monthly,DSL,Cash,Yes,Yes,No,Basic,18,7,1781.78,12526.73,5,191.15,2025-12-19,No
TEL11490,Male,East,Monthly,5G,Debit Card,Yes,No,Yes,Standard,70,36,1820.01,60678.57,1,295.37,2024-01-26,Yes
TEL11491,Male,West,Monthly,Fiber Optic,Net Banking,Yes,Yes,No,Premium,66,76,937.33,64515.82,5,435.43,2024-04-02,No
TEL11492,Male,Northeast,Monthly,5G,Debit Card,Yes,No,No,Premium,43,84,1523.02,117823.64,0,108.19,2019-02-03,Yes
TEL11493,Male,South,One Year,Fiber Optic,Auto Pay,Yes,Yes,No,Standard,25,87,1565.51,141581.88,10,243.38,2025-03-20,Yes
TEL11494,Female,Central,Monthly,5G,Auto Pay,No,No,Yes,Premium,67,25,923.66,23923.23,9,480.41,2020-03-31,Yes
TEL11495,Female,West,Monthly,No Internet,Auto Pay,Yes,No,No,Basic,33,94,1003.66,95172.12,2,237.33,2024-11-29,No
TEL11496,Male,North,Monthly,DSL,Credit Card,Yes,Yes,Yes,Business,55,59,1952.17,108000.03,8,127.16,2020-04-24,Yes
TEL11497,Female,Northeast,Two Year,No Internet,Debit Card,No,Yes,Yes,Basic,27,61,1539.26,96994.71,1,176.19,2025-03-17,No
TEL11498,Female,Other,Two Year,5G,Credit Card,Yes,Yes,No,Basic,59,29,542.19,15306.02,7,442.66,2025-04-16,Yes
TEL11499,Male,Other,One Year,DSL,Net Banking,No,Yes,No,Business,54,95,2125.57,200300.72,5,477.49,2025-04-07,No
TEL11500,Male,South,Two Year,Fiber Optic,Credit Card,No,Yes,No,Standard,43,18,2230.16,42614.69,5,475.1,2025-09-26,No
TEL11501,Male,East,One Year,5G,Net Banking,No,No,Yes,Basic,45,41,1271.12,51199.43,6,349.77,2021-06-30,No
TEL11502,Female,South,One Year,DSL,Net Banking,No,Yes,Yes,Basic,29,19,679.49,13074.86,4,255.29,2018-12-24,No
TEL11503,Female,Other,Monthly,Fiber Optic,Net Banking,Yes,Yes,Yes,Standard,37,118,2378.49,301182.48,10,92.16,2021-11-23,Yes
TEL11504,Male,North,One Year,Fiber Optic,Cash,Yes,No,No,Basic,66,4,2228.22,8745.77,3,62.49,2019-06-05,No
TEL11505,Male,Central,One Year,No Internet,Credit Card,No,Yes,Yes,Basic,31,65,761.08,49516.26,5,30.82,2025-01-16,Yes
TEL11506,Male,Central,One Year,5G,Cash,No,Yes,No,Premium,63,41,418.87,17262.88,7,9.84,2019-01-28,Yes
TEL11507,Female,Northeast,One Year,Fiber Optic,Debit Card,Yes,Yes,No,Standard,52,15,1212.5,17156.78,3,439.18,2022-07-25,No
TEL11508,Female,Central,Monthly,DSL,Credit Card,No,No,No,Basic,46,54,1754.71,97847.69,4,404.73,2021-10-27,No
TEL11509,Female,Northeast,One Year,Fiber Optic,Debit Card,No,Yes,Yes,Basic,29,64,602.39,39740.19,6,284.34,2024-01-10,No
TEL11510,Female,Northeast,Two Year,Fiber Optic,Debit Card,No,No,Yes,Business,69,72,1379.39,93202.2,5,499.36,2020-06-11,Yes
TEL11511,Male,Northeast,Monthly,No Internet,Net Banking,Yes,No,Yes,Business,35,15,1177.46,15938.11,3,476.57,2020-09-10,No
TEL11512,Male,Other,One Year,No Internet,Credit Card,No,Yes,No,Business,61,79,2247.27,191703.25,3,327.9,2024-12-02,No
TEL11513,Male,Other,Monthly,DSL,Debit Card,Yes,No,Yes,Basic,19,50,1187.0,59628.1,9,232.82,2019-08-06,No
TEL11514,Male,East,One Year,No Internet,Auto Pay,Yes,Yes,Yes,Basic,19,103,1426.69,137042.61,3,76.93,2023-05-10,No
TEL11515,Female,West,One Year,Fiber Optic,Debit Card,Yes,Yes,No,Business,34,22,2396.16,50134.66,0,258.28,2025-12-14,No
TEL11516,Female,Northeast,Monthly,Fiber Optic,Auto Pay,No,Yes,No,Premium,27,18,888.29,16168.34,4,79.71,2018-01-20,No
TEL11517,Male,Northeast,One Year,No Internet,Credit Card,No,Yes,Yes,Premium,35,80,863.68,63896.48,7,199.83,2025-03-25,No
TEL11518,Male,West,Monthly,Fiber Optic,Cash,Yes,Yes,No,Premium,39,2,2038.07,3695.88,6,471.38,2023-05-28,Yes
TEL11519,Female,South,One Year,Fiber Optic,Credit Card,Yes,No,Yes,Premium,36,36,837.34,31462.34,4,171.65,2024-03-25,No
TEL11520,Male,Northeast,Monthly,DSL,Cash,Yes,No,No,Standard,70,20,2112.29,43464.69,2,77.24,2018-01-19,Yes
TEL11521,Female,East,One Year,No Internet,Cash,No,No,No,Business,18,16,418.73,6403.07,10,291.62,2024-10-27,Yes
TEL11522,Male,Central,Monthly,Fiber Optic,Credit Card,No,No,Yes,Basic,41,67,454.9,27751.36,0,301.58,2024-08-12,No
TEL11523,Male,Central,One Year,No Internet,Debit Card,Yes,Yes,No,Business,53,120,2272.04,269244.58,6,97.71,2022-07-01,No
TEL11524,Male,North,Monthly,DSL,UPI,Yes,Yes,No,Premium,42,30,1442.87,41109.39,10,99.1,2020-06-07,No
TEL11525,Male,North,Two Year,No Internet,Debit Card,No,No,No,Basic,53,55,1852.27,98981.63,2,494.79,2023-02-27,Yes
TEL11526,Male,Central,Two Year,Fiber Optic,Debit Card,Yes,Yes,Yes,Standard,48,66,717.16,44933.48,3,122.4,2019-12-27,No
TEL11527,Male,Central,Two Year,No Internet,Net Banking,No,No,No,Business,48,99,581.43,53621.38,4,419.26,2018-05-27,No
TEL11528,Male,Other,One Year,Fiber Optic,Net Banking,No,No,No,Basic,19,26,2119.39,53432.18,7,235.69,2022-09-13,Yes
TEL11529,Female,East,One Year,Fiber Optic,Debit Card,Yes,No,Yes,Basic,36,57,1023.83,62658.21,6,218.06,2022-03-08,Yes
TEL11530,Female,West,Monthly,,,Yes,No,Yes,Premium,70,69,1245.58,81469.09,8,148.19,2024-10-13,No
TEL11531,Female,North,Monthly,DSL,Cash,No,Yes,No,Premium,29,2,263.34,505.86,10,387.14,2020-04-27,No
TEL11532,Female,Other,Monthly,No Internet,Net Banking,No,Yes,No,Business,27,115,1086.53,119860.89,2,440.45,2022-01-03,No
TEL11533,Female,Other,One Year,DSL,Debit Card,No,No,No,Standard,48,56,1971.01,108881.18,10,131.3,2024-02-24,Yes
TEL11534,Male,West,Two Year,No Internet,UPI,No,No,Yes,Basic,62,84,2087.93,184476.56,9,48.45,2021-08-03,Yes
TEL11535,Male,Other,Monthly,DSL,Auto Pay,No,No,No,Premium,39,62,1806.14,108888.01,0,69.32,2019-07-19,No
TEL11536,Female,East,Two Year,5G,Credit Card,Yes,No,Yes,Business,40,34,1791.01,63641.08,0,396.61,2019-01-04,No
TEL11537,Male,Central,One Year,Fiber Optic,Debit Card,No,No,Yes,Premium,69,98,1363.35,123013.45,9,218.48,2021-06-17,No
TEL11538,Female,Northeast,One Year,Fiber Optic,Debit Card,No,Yes,No,Business,40,118,1437.16,179943.68,0,66.83,2025-10-20,No
TEL11539,Female,West,Monthly,DSL,Cash,No,No,No,Premium,32,56,1907.05,99677.43,1,170.8,2021-08-03,No
TEL11540,Male,Central,Monthly,5G,Auto Pay,Yes,No,Yes,Standard,43,55,767.79,38303.58,1,257.6,2025-07-10,Yes
TEL11541,Male,Central,One Year,Fiber Optic,Net Banking,Yes,Yes,No,Basic,20,20,731.49,13583.82,6,426.17,2025-01-09,No
TEL11542,Male,South,One Year,No Internet,Net Banking,No,Yes,No,Premium,40,50,2383.83,111364.79,8,321.23,2022-12-24,Yes
TEL11543,Female,West,Monthly,DSL,Net Banking,No,Yes,Yes,Basic,37,25,262.69,6511.63,7,88.84,2025-09-23,No
TEL11544,Male,Other,One Year,Fiber Optic,Credit Card,Yes,Yes,No,Business,62,84,519.77,42830.64,3,80.19,2025-02-21,No
TEL11545,Female,Northeast,Two Year,Fiber Optic,Auto Pay,Yes,Yes,Yes,Standard,57,25,1510.76,38858.91,1,206.75,2023-03-03,Yes
TEL11546,Female,West,Two Year,DSL,Auto Pay,Yes,Yes,No,Basic,56,53,1896.02,91361.76,2,38.52,2018-03-01,No
TEL11547,Female,Other,Two Year,DSL,Net Banking,Yes,Yes,Yes,Premium,25,14,1436.15,19896.74,9,378.03,2019-06-29,Yes
TEL11548,Male,Central,Monthly,No Internet,Net Banking,No,Yes,Yes,Basic,35,60,1015.65,58491.98,4,201.33,2024-06-08,Yes
TEL11549,Male,Northeast,Monthly,No Internet,Cash,Yes,Yes,No,Basic,58,111,2448.35,275443.08,8,172.17,2021-06-21,Yes
TEL11550,Female,Other,One Year,Fiber Optic,UPI,No,No,Yes,Business,23,108,1817.86,178240.31,7,255.05,2022-09-04,Yes
TEL11551,Male,East,Monthly,Fiber Optic,UPI,No,Yes,Yes,Standard,44,43,2111.2,82274.3,2,354.77,2021-05-15,No
TEL11552,Male,Other,Monthly,DSL,Debit Card,Yes,No,No,Standard,53,107,291.57,30477.48,8,285.1,2024-05-19,No
TEL11553,Male,South,Monthly,Fiber Optic,,Yes,No,No,Basic,32,62,741.62,48097.43,9,401.4,2024-11-30,Yes
TEL11554,Female,Central,Monthly,Fiber Optic,Auto Pay,Yes,No,No,Basic,54,103,1059.59,111407.5,2,315.05,2020-11-11,No
TEL11555,Female,Other,Monthly,DSL,Auto Pay,Yes,No,Yes,Business,22,76,618.98,42479.69,9,394.2,2019-07-13,Yes
TEL11556,Male,North,Monthly,Fiber Optic,Credit Card,No,No,Yes,Basic,56,112,366.67,38279.61,7,348.69,2024-07-24,No
TEL11557,Female,North,Monthly,Fiber Optic,Credit Card,No,No,Yes,Business,26,69,716.71,46525.95,0,97.37,2022-02-21,No
TEL11558,Male,South,Monthly,5G,UPI,No,No,No,Standard,24,63,1426.36,87717.56,3,27.12,2023-05-22,No
TEL11559,Male,East,One Year,No Internet,Debit Card,Yes,No,Yes,Standard,58,2,1799.21,3618.6,3,451.8,2019-11-01,Yes
TEL11560,Male,Central,One Year,DSL,UPI,No,Yes,Yes,Business,37,54,1979.25,100355.88,5,472.88,2018-09-15,No
TEL11561,Male,West,One Year,5G,UPI,Yes,No,No,Basic,27,16,297.75,4615.61,1,363.74,2025-05-26,Yes
TEL11562,Female,South,Monthly,No Internet,Debit Card,No,No,Yes,Standard,43,55,1183.37,65417.92,6,362.38,2020-12-06,No
TEL11563,Female,East,Monthly,No Internet,Credit Card,Yes,No,No,Premium,21,94,480.09,43730.31,4,135.8,2020-11-16,No
TEL11564,Female,West,One Year,No Internet,Cash,No,No,No,Business,55,111,1190.76,122363.12,9,271.68,2020-11-16,No
TEL11565,Male,North,One Year,5G,Cash,No,Yes,No,Standard,41,43,1197.14,50884.98,5,496.13,2023-06-28,Yes
TEL11566,Male,North,Monthly,5G,Cash,Yes,No,Yes,Standard,31,61,1344.89,78618.85,10,428.22,2018-05-25,No
TEL11567,Male,West,Monthly,No Internet,Debit Card,No,Yes,Yes,Standard,58,38,2252.51,90350.54,5,152.89,2025-03-19,No
TEL11568,Female,South,Two Year,Fiber Optic,Net Banking,No,Yes,Yes,Premium,18,45,2050.72,95937.94,10,151.22,2025-01-13,Yes
TEL11569,Male,North,Monthly,,Net Banking,Yes,No,No,Premium,34,51,1663.46,79258.42,5,242.31,2020-03-11,Yes
TEL11570,Female,Central,Monthly,5G,Net Banking,Yes,No,No,Premium,62,42,2235.44,87079.17,9,202.89,2022-01-25,Yes
TEL11571,Female,Northeast,One Year,5G,Auto Pay,Yes,Yes,No,Basic,41,24,1759.48,40647.44,7,186.21,2024-08-26,Yes
TEL11572,Female,Other,One Year,5G,Credit Card,Yes,No,Yes,Business,44,115,2082.37,233292.1,9,313.86,2025-09-24,Yes
TEL11573,Female,West,Monthly,No Internet,Credit Card,Yes,No,Yes,Basic,24,30,1495.69,47911.29,3,6.73,2019-11-04,No
TEL11574,Female,West,Monthly,Fiber Optic,Auto Pay,No,Yes,Yes,Premium,26,37,1407.0,49679.47,9,381.91,2018-11-23,No
TEL11575,Female,North,One Year,5G,UPI,Yes,Yes,Yes,Business,60,53,1864.42,104364.18,7,370.29,2021-11-15,No
TEL11576,Male,South,Monthly,5G,Cash,No,No,Yes,Basic,52,63,244.29,15251.08,8,415.33,2019-09-22,No
TEL11577,Male,Central,Monthly,DSL,Net Banking,No,No,No,Basic,29,103,1786.87,194982.3,3,420.88,2023-07-13,No
TEL11578,Female,South,Monthly,No Internet,Cash,Yes,No,Yes,Basic,38,11,2348.39,26513.01,0,283.63,2023-11-02,Yes
TEL11579,Female,East,Two Year,DSL,Net Banking,No,Yes,No,Premium,20,78,1841.07,147553.99,2,390.26,2024-01-03,No
TEL11580,Male,East,Monthly,Fiber Optic,Cash,No,No,No,Standard,32,23,283.63,6480.33,0,246.71,2023-07-22,No
TEL11581,Female,Northeast,Two Year,DSL,UPI,Yes,Yes,Yes,Business,38,117,1068.14,131377.81,6,475.81,2021-04-09,No
TEL11582,Female,North,One Year,DSL,Cash,No,Yes,No,Premium,27,80,2061.04,155945.95,0,96.16,2023-07-18,No
TEL11583,Male,North,Two Year,DSL,Cash,Yes,No,Yes,Business,50,50,2403.8,127800.82,10,457.89,2021-09-19,Yes
TEL11584,Female,North,Two Year,No Internet,Debit Card,Yes,Yes,Yes,Premium,63,85,1050.38,90587.58,3,130.01,2024-10-07,No
TEL11585,Female,Northeast,Monthly,Fiber Optic,Cash,Yes,No,No,Basic,69,55,2133.75,114887.97,0,52.26,2022-03-30,No
TEL11586,Female,East,Monthly,DSL,Debit Card,No,No,Yes,Basic,23,55,2185.76,129448.75,1,220.11,2025-06-01,No
TEL11587,Male,South,Monthly,No Internet,Credit Card,No,Yes,Yes,Standard,19,4,482.56,2036.72,10,307.84,2025-09-11,No
TEL11588,Male,Northeast,Monthly,Fiber Optic,Auto Pay,No,No,No,Standard,46,97,2144.31,216102.46,0,116.26,2019-07-23,No
TEL11589,Male,Northeast,One Year,5G,Cash,No,Yes,No,Business,57,54,944.77,48431.11,4,278.34,2024-07-22,Yes
TEL11590,Female,South,Monthly,DSL,Credit Card,Yes,Yes,No,Standard,50,61,1563.45,102549.3,6,404.14,2023-04-30,No
TEL11591,Female,North,Monthly,Fiber Optic,Debit Card,No,No,No,Standard,21,111,1438.61,165073.15,2,129.29,2018-12-13,No
TEL11592,Male,Central,Monthly,DSL,Cash,Yes,No,No,Business,21,78,1724.02,135675.63,7,290.58,2019-02-12,Yes
TEL11593,Female,South,Two Year,5G,Cash,No,No,No,Premium,46,83,1902.07,168279.33,4,170.32,2018-05-13,No
TEL11594,Female,East,Monthly,Fiber Optic,UPI,No,No,Yes,Standard,54,5,1213.03,5635.69,4,265.35,2019-09-06,Yes
TEL11595,Female,West,Monthly,No Internet,Credit Card,No,Yes,Yes,Premium,37,100,2242.11,207400.31,4,333.79,2018-04-16,No
TEL11596,Female,West,Monthly,Fiber Optic,Net Banking,No,Yes,Yes,Basic,58,95,2060.85,196068.24,7,175.86,2024-01-28,Yes
TEL11597,Female,Other,Two Year,No Internet,Net Banking,No,Yes,No,Standard,40,109,2005.47,198968.14,1,497.25,2025-05-11,Yes
TEL11598,Male,Other,One Year,Fiber Optic,UPI,Yes,No,Yes,Basic,62,18,1252.97,22993.65,1,282.32,2018-09-19,Yes
TEL11599,Female,Northeast,Monthly,No Internet,Debit Card,No,Yes,No,Basic,35,44,285.42,11846.83,7,412.41,2019-05-09,No
TEL11600,Male,West,Monthly,5G,Net Banking,No,Yes,Yes,Premium,66,31,1331.19,38024.34,8,362.84,2022-01-14,Yes
TEL11601,Female,Central,Monthly,5G,Net Banking,No,No,No,Business,42,119,2265.42,262497.39,10,426.55,2018-10-17,Yes
TEL11602,Male,North,Monthly,5G,Auto Pay,No,No,Yes,Standard,18,94,637.04,58915.92,9,87.73,2023-02-12,Yes
TEL11603,Female,East,Two Year,Fiber Optic,Credit Card,Yes,No,No,Premium,32,21,2458.96,48058.98,9,112.05,2021-08-30,Yes
TEL11604,Male,Other,One Year,5G,Debit Card,No,Yes,No,Business,51,47,2056.69,87720.68,1,244.22,2023-11-03,Yes
TEL11605,Female,Central,Monthly,DSL,Cash,Yes,No,No,Basic,65,30,1831.61,53548.77,3,426.31,2021-12-09,No
TEL11606,Male,East,Two Year,5G,Credit Card,No,Yes,No,Standard,37,55,1756.47,100152.71,7,99.61,2021-09-14,No
TEL11607,Female,East,Monthly,No Internet,Debit Card,Yes,Yes,Yes,Basic,54,105,1549.16,171991.42,1,485.56,2018-02-14,No
TEL11608,Male,North,One Year,No Internet,Net Banking,Yes,Yes,Yes,Basic,44,68,1856.54,115836.94,3,64.67,2020-03-25,Yes
TEL11609,Female,Northeast,Two Year,No Internet,Auto Pay,Yes,Yes,No,Standard,39,69,1169.38,80238.73,9,88.36,2024-07-08,No
TEL11610,Male,West,Monthly,Fiber Optic,,Yes,Yes,No,Business,68,41,2143.16,83248.72,0,84.45,2019-04-10,Yes
TEL11611,Male,North,One Year,DSL,Net Banking,Yes,No,No,Business,22,45,1800.6,78388.28,1,293.42,2018-07-19,No
TEL11612,Female,Central,Monthly,5G,Debit Card,No,Yes,Yes,Standard,51,74,1972.88,155923.5,6,458.85,2018-11-25,Yes
TEL11613,Female,Northeast,Monthly,DSL,Credit Card,Yes,No,No,Standard,56,91,2021.72,177238.1,0,128.3,2024-04-06,Yes
TEL11614,Male,Central,Monthly,DSL,Cash,No,Yes,No,Premium,20,80,410.76,31735.72,0,276.97,2023-03-23,Yes
TEL11615,Female,Northeast,Monthly,No Internet,Credit Card,Yes,Yes,Yes,Premium,34,30,326.97,9197.91,1,88.71,2020-03-08,No
TEL11616,Male,Other,One Year,No Internet,Net Banking,Yes,No,No,Basic,41,77,2041.27,168620.85,3,315.94,2019-12-03,No
TEL11617,Male,Central,Two Year,No Internet,Credit Card,No,Yes,No,Standard,41,100,795.58,78139.3,6,62.5,2025-03-15,Yes
TEL11618,Male,North,One Year,Fiber Optic,Cash,Yes,Yes,Yes,Business,20,85,1537.53,131039.07,3,246.16,2025-05-28,No
TEL11619,Female,Northeast,Two Year,DSL,Auto Pay,Yes,No,No,Basic,62,45,1219.53,53867.45,4,327.94,2023-07-15,No
TEL11620,Male,Northeast,Two Year,DSL,Auto Pay,Yes,No,No,Basic,24,117,249.69,27622.32,3,289.98,2023-04-09,No
TEL11621,Male,East,Monthly,Fiber Optic,Net Banking,Yes,Yes,Yes,Basic,42,104,291.65,31723.04,3,70.86,2025-07-31,No
TEL11622,Female,East,Monthly,Fiber Optic,Debit Card,No,Yes,No,Basic,20,45,2101.39,85590.91,8,81.53,2024-08-04,Yes
TEL11623,Female,South,Monthly,Fiber Optic,Net Banking,Yes,Yes,Yes,Business,32,79,1596.66,129194.16,5,336.02,2021-11-02,No
TEL11624,Female,Central,One Year,DSL,Auto Pay,Yes,No,No,Basic,46,84,1403.84,118744.37,2,404.65,2024-08-29,Yes
TEL11625,Female,East,Two Year,DSL,UPI,No,Yes,No,Standard,67,84,2371.01,184420.77,5,454.13,2025-10-17,No
TEL11626,Male,South,Monthly,No Internet,UPI,No,No,No,Premium,46,45,597.16,24987.46,6,406.99,2024-08-09,No
TEL11627,Male,Other,One Year,No Internet,Credit Card,Yes,No,No,Business,27,55,792.33,44391.34,6,486.99,2023-10-21,No
TEL11628,Male,Other,One Year,DSL,Cash,Yes,Yes,No,Standard,49,59,1939.5,109416.73,7,204.72,2024-12-26,Yes
TEL11629,Male,East,One Year,No Internet,Credit Card,No,No,Yes,Standard,40,5,1982.04,9393.21,3,166.25,2021-12-08,No
TEL11630,Female,Central,Monthly,Fiber Optic,UPI,Yes,Yes,No,Standard,56,118,1130.26,121453.76,0,15.06,2018-05-07,No
TEL11631,Male,Northeast,Monthly,5G,Auto Pay,No,Yes,No,Premium,26,118,2386.25,292268.14,5,225.5,2022-02-19,No
TEL11632,Male,West,Monthly,No Internet,Credit Card,Yes,No,Yes,Premium,54,32,2356.99,79864.7,7,326.03,2022-06-09,Yes
TEL11633,Female,Central,Monthly,DSL,Net Banking,No,No,Yes,Premium,69,6,227.54,1430.19,4,407.89,2019-04-27,No
TEL11634,Male,North,Monthly,No Internet,Cash,No,No,No,Standard,57,94,595.35,55061.12,2,134.46,2021-08-28,No
TEL11635,Male,Other,One Year,No Internet,Net Banking,No,No,Yes,Premium,31,26,2085.5,54012.19,3,257.28,2018-10-10,No
TEL11636,Male,East,Monthly,No Internet,Cash,Yes,No,No,Basic,21,37,970.0,33866.15,7,331.34,2023-10-23,No
TEL11637,Male,East,Two Year,5G,Auto Pay,Yes,No,Yes,Premium,37,13,418.56,5066.45,5,276.25,2025-09-21,No
TEL11638,Male,Northeast,One Year,Fiber Optic,Credit Card,Yes,Yes,Yes,Business,45,93,2004.5,195392.73,4,137.74,2024-07-22,Yes
TEL11639,Male,North,One Year,DSL,Cash,Yes,Yes,No,Standard,31,69,1244.54,89626.09,8,398.34,2023-08-07,No
TEL11640,Female,Northeast,Monthly,5G,Net Banking,No,Yes,Yes,Standard,61,25,1331.54,34617.54,9,87.51,2024-06-29,No
TEL11641,Female,North,One Year,DSL,Credit Card,No,No,No,Basic,51,13,627.65,8024.04,2,452.58,2018-08-27,Yes
TEL11642,Male,West,Two Year,DSL,Credit Card,No,No,Yes,Premium,30,88,1719.06,159690.02,6,476.35,2021-11-21,No
TEL11643,Male,Other,Monthly,DSL,Net Banking,Yes,No,Yes,Premium,48,95,1466.86,148649.49,8,183.42,2024-07-12,No
TEL11644,Female,East,Monthly,5G,UPI,Yes,Yes,Yes,Business,50,20,674.35,12935.41,10,188.71,2018-12-07,Yes
TEL11645,Male,East,One Year,Fiber Optic,Cash,Yes,Yes,No,Basic,69,119,981.76,109871.66,10,371.9,2020-06-10,Yes
TEL11646,Male,West,Monthly,DSL,Net Banking,No,No,No,Business,56,72,1571.82,111311.34,3,228.69,2022-01-26,No
TEL11647,Male,South,Monthly,Fiber Optic,Auto Pay,Yes,No,Yes,Business,45,60,2326.21,130120.57,9,15.28,2019-04-07,No
TEL11648,Female,Other,Monthly,Fiber Optic,Debit Card,Yes,No,No,Standard,42,73,2315.87,179053.34,9,460.02,2021-08-09,No
TEL11649,Male,Northeast,Monthly,No Internet,Net Banking,No,No,No,Standard,49,21,861.18,17376.55,2,215.94,2020-03-08,Yes
TEL11650,Female,West,One Year,5G,Credit Card,No,Yes,No,Premium,26,115,1890.93,218263.92,0,102.54,2020-01-03,No
TEL11651,Male,Northeast,Monthly,5G,Credit Card,Yes,Yes,Yes,Premium,45,61,1982.69,121796.69,8,278.28,2018-06-11,No
TEL11652,Female,Central,Two Year,No Internet,Net Banking,No,Yes,No,Business,48,84,2059.29,171717.23,0,110.23,2024-10-31,No
TEL11653,Female,East,One Year,No Internet,Debit Card,Yes,No,Yes,Premium,34,79,1511.75,110850.27,1,103.8,2022-01-18,No
TEL11654,Male,Northeast,One Year,Fiber Optic,Net Banking,No,Yes,Yes,Business,70,26,223.17,6257.21,8,273.32,2024-05-01,No
TEL11655,Female,North,One Year,DSL,Debit Card,No,No,Yes,Premium,40,54,1950.86,98084.76,4,196.13,2020-10-06,No
TEL11656,Male,Northeast,Two Year,5G,Debit Card,No,No,Yes,Premium,30,42,444.17,19313.13,3,286.92,2018-05-12,No
TEL11657,Female,Central,Monthly,DSL,Auto Pay,Yes,No,Yes,Standard,27,11,467.8,5364.22,8,498.42,2023-02-01,Yes
TEL11658,Male,Other,Two Year,DSL,Cash,Yes,Yes,No,Standard,33,37,1591.94,54550.67,8,429.65,2023-12-08,Yes
TEL11659,Male,East,One Year,No Internet,Credit Card,Yes,Yes,No,Standard,23,105,2461.1,275979.85,1,4.83,2023-03-31,No
TEL11660,Female,West,One Year,DSL,Credit Card,No,No,Yes,Standard,65,11,756.84,8223.64,2,26.23,2021-05-27,Yes
TEL11661,Male,Central,One Year,Fiber Optic,Debit Card,No,Yes,No,Basic,28,27,1684.37,46078.25,2,305.43,2019-11-03,No
TEL11662,Male,East,Monthly,No Internet,Credit Card,No,No,No,Standard,69,94,897.4,85671.0,4,313.5,2019-05-20,No
TEL11663,Female,Northeast,Monthly,DSL,UPI,No,No,No,Basic,20,83,2266.07,186370.73,2,439.22,2023-11-27,No
TEL11664,Male,Other,One Year,No Internet,Debit Card,Yes,No,No,Standard,45,34,1564.09,49220.62,9,314.9,2021-06-15,Yes
TEL11665,Male,South,Monthly,Fiber Optic,Credit Card,Yes,Yes,No,Premium,58,38,676.2,26603.06,5,114.63,2018-10-20,No
TEL11666,Female,Other,One Year,Fiber Optic,UPI,Yes,Yes,No,Business,32,61,801.9,49146.85,1,234.79,2023-07-04,No
TEL11667,Female,South,,DSL,Auto Pay,No,No,No,Premium,30,87,1193.71,95686.05,5,404.68,2020-04-07,No
TEL11668,Male,North,Monthly,No Internet,Credit Card,No,Yes,Yes,Premium,59,53,479.7,26086.6,5,461.49,2018-07-06,No
TEL11669,Male,Other,Monthly,DSL,UPI,Yes,Yes,Yes,Basic,69,65,380.09,25360.49,1,119.22,2020-11-25,No
TEL11670,Female,East,Monthly,DSL,Net Banking,No,Yes,Yes,Standard,62,3,1763.14,5282.69,5,270.26,2024-04-22,No
TEL11671,Female,South,One Year,No Internet,Cash,Yes,Yes,No,Business,34,67,1135.48,69709.41,5,80.3,2021-12-29,No
TEL11672,Male,West,Monthly,DSL,Net Banking,No,No,No,Business,24,28,1869.32,50429.25,5,249.0,2022-07-01,No
TEL11673,Female,East,Two Year,Fiber Optic,UPI,No,Yes,Yes,Standard,45,14,452.13,5754.86,4,45.97,2020-10-28,No
TEL11674,Male,West,One Year,No Internet,Debit Card,Yes,No,No,Basic,55,52,1601.69,82119.12,6,470.92,2025-08-27,No
TEL11675,Male,Other,Monthly,No Internet,Debit Card,Yes,No,No,Basic,30,30,1218.61,38867.34,4,319.39,2021-04-16,Yes
TEL11676,Male,West,One Year,No Internet,Credit Card,No,Yes,Yes,Basic,34,58,332.4,17359.1,10,427.25,2023-09-20,Yes
TEL11677,Male,South,Two Year,No Internet,Net Banking,Yes,No,Yes,Business,32,54,1452.04,74332.44,0,499.15,2025-09-05,No
TEL11678,Male,East,One Year,DSL,Debit Card,Yes,No,Yes,Basic,53,69,389.45,28053.74,8,92.15,2023-12-01,No
TEL11679,Female,Northeast,Monthly,DSL,Debit Card,No,Yes,No,Basic,45,113,2102.76,214272.44,2,347.38,2025-09-16,No
TEL11680,Female,Central,Two Year,Fiber Optic,Net Banking,No,No,No,Business,32,15,1652.5,22354.14,1,443.61,2020-05-03,No
TEL11681,Female,South,One Year,5G,Auto Pay,No,No,No,Business,63,38,1480.03,56800.59,9,288.39,2023-10-27,No
TEL11682,Female,South,Monthly,5G,Debit Card,Yes,Yes,Yes,Premium,70,78,505.98,41126.24,5,320.21,2019-12-20,No
TEL11683,Male,Northeast,Monthly,Fiber Optic,Cash,No,Yes,Yes,Business,28,14,860.15,12521.03,7,204.43,2023-01-21,Yes
TEL11684,Male,East,One Year,5G,UPI,No,Yes,No,Standard,48,57,1332.61,79021.73,1,337.71,2020-05-27,No
TEL11685,Male,East,Monthly,Fiber Optic,Credit Card,No,Yes,Yes,Business,21,59,1655.55,94256.9,3,198.39,2019-02-06,No
TEL11686,Male,Other,Two Year,DSL,Debit Card,No,Yes,Yes,Business,52,113,620.43,74237.31,1,238.83,2025-11-20,No
TEL11687,Female,West,Monthly,No Internet,Cash,No,No,No,Basic,51,8,219.39,1583.66,8,52.35,2018-03-05,No
TEL11688,Male,Other,Two Year,,Cash,Yes,No,Yes,Premium,69,72,991.95,68291.76,9,4.9,2025-05-23,No
TEL11689,Male,Northeast,One Year,DSL,Debit Card,No,Yes,Yes,Basic,44,19,1309.6,23904.37,1,28.52,2021-12-19,Yes
TEL11690,Female,Other,Monthly,No Internet,Auto Pay,No,Yes,Yes,Premium,27,32,623.2,18542.5,9,97.07,2019-01-08,No
TEL11691,Female,Northeast,Monthly,No Internet,UPI,Yes,No,No,Basic,47,95,1330.98,121451.21,1,228.85,2018-11-02,Yes
TEL11692,Female,East,One Year,5G,Credit Card,No,Yes,No,Standard,62,29,977.52,28502.84,4,11.48,2024-03-06,Yes
TEL11693,Female,West,One Year,DSL,Debit Card,No,Yes,Yes,Basic,37,41,1245.71,50749.8,4,78.81,2024-11-19,No
TEL11694,Male,Other,One Year,5G,Credit Card,Yes,No,No,Basic,46,75,998.15,71679.42,6,390.94,2020-07-20,No
TEL11695,Male,South,Monthly,5G,Net Banking,No,No,No,Standard,70,45,1644.48,76582.7,0,381.32,2023-06-14,No
TEL11696,Female,North,Monthly,No Internet,Cash,Yes,No,No,Standard,46,13,297.66,3980.49,1,395.08,2021-11-16,No
TEL11697,Male,Central,Monthly,No Internet,Cash,No,Yes,Yes,Business,40,27,592.08,15195.25,10,460.85,2025-05-18,Yes
TEL11698,Male,South,One Year,DSL,Debit Card,Yes,No,No,Basic,67,120,1194.33,137326.13,10,60.42,2018-12-28,No
TEL11699,Male,East,Monthly,No Internet,Debit Card,Yes,Yes,Yes,Standard,38,19,1018.48,18417.5,5,82.41,2021-07-11,No
TEL11700,Female,Central,Monthly,No Internet,Net Banking,No,No,Yes,Standard,65,26,1099.75,26397.33,1,167.44,2025-07-31,Yes
TEL11701,Male,North,One Year,DSL,Auto Pay,Yes,Yes,No,Business,60,53,2047.65,112378.18,3,457.66,2019-12-17,No
TEL11702,Female,North,Two Year,No Internet,Debit Card,Yes,Yes,Yes,Premium,27,51,2237.56,103654.56,9,387.96,2022-07-04,No
TEL11703,Male,West,Monthly,5G,Cash,No,Yes,No,Standard,58,37,770.94,26445.45,5,162.74,2019-06-27,No
TEL11704,Male,Central,Monthly,DSL,Credit Card,No,No,No,Standard,29,112,2122.7,218474.52,6,44.73,2022-03-28,No
TEL11705,Male,West,One Year,No Internet,UPI,Yes,No,Yes,Basic,47,9,1254.22,11836.14,9,308.57,2022-07-21,No
TEL11706,Female,South,One Year,Fiber Optic,Credit Card,No,No,Yes,Business,68,92,828.79,69227.82,4,129.15,2024-02-20,No
TEL11707,Male,Northeast,Monthly,DSL,Auto Pay,Yes,Yes,No,Basic,50,96,2465.55,241339.77,7,266.05,2019-10-14,No
TEL11708,Female,Northeast,Two Year,DSL,UPI,Yes,No,No,Premium,35,52,2096.04,98967.22,5,470.96,2020-11-16,Yes
TEL11709,Female,Northeast,Two Year,Fiber Optic,Credit Card,No,No,No,Business,31,54,2485.78,139810.78,4,286.74,2020-12-05,No
TEL11710,Female,Central,Monthly,No Internet,Credit Card,No,Yes,No,Basic,39,3,585.84,1870.51,3,461.99,2019-10-09,No
TEL11711,Male,Northeast,Monthly,No Internet,Net Banking,Yes,Yes,Yes,Standard,38,115,529.84,60177.98,5,197.13,2023-01-27,No
TEL11712,Male,South,Monthly,DSL,Auto Pay,No,No,Yes,Standard,18,96,1356.77,136087.4,5,317.04,2020-12-17,No
TEL11713,Male,West,One Year,DSL,Cash,No,No,Yes,Business,66,69,1667.88,118208.69,5,447.05,2020-08-06,No
TEL11714,Male,Central,Monthly,No Internet,Net Banking,Yes,No,No,Standard,60,8,592.44,4944.34,0,294.41,2020-08-18,Yes
TEL11715,Female,West,One Year,No Internet,UPI,Yes,Yes,Yes,Basic,69,14,2177.99,31651.15,5,307.83,2023-09-28,No
TEL11716,Female,Central,One Year,5G,Cash,Yes,No,Yes,Business,32,120,1422.63,159954.75,0,358.44,2020-03-13,Yes
TEL11717,Female,West,Monthly,DSL,Net Banking,Yes,Yes,Yes,Standard,53,3,1144.17,3397.91,4,441.17,2025-04-08,Yes
TEL11718,Male,North,One Year,DSL,Auto Pay,Yes,Yes,Yes,Standard,64,24,1583.72,40779.19,6,45.0,2022-08-08,No
TEL11719,Female,West,Two Year,Fiber Optic,Debit Card,Yes,No,No,Premium,39,13,1659.39,20748.79,0,169.09,2022-05-27,No
TEL11720,Male,Northeast,Monthly,5G,Debit Card,No,No,Yes,Premium,49,43,297.4,13743.32,0,199.44,2021-11-03,No
TEL11721,Female,North,Monthly,No Internet,UPI,Yes,Yes,Yes,Business,63,29,2498.75,72823.83,5,454.95,2023-08-20,Yes
TEL11722,Male,West,Monthly,5G,Debit Card,No,Yes,Yes,Premium,50,72,1036.02,73332.07,6,478.05,2025-06-14,No
TEL11723,Male,Central,Two Year,No Internet,Net Banking,No,No,Yes,Basic,58,51,340.55,17687.56,5,61.07,2019-12-27,Yes
TEL11724,Female,Central,Two Year,No Internet,UPI,Yes,No,No,Standard,56,42,2159.34,94941.31,4,60.43,2025-01-07,No
TEL11725,Female,Central,Monthly,5G,Cash,No,No,No,Standard,40,31,2482.94,74735.7,5,467.5,2024-03-21,No
TEL11726,Female,East,One Year,DSL,Auto Pay,Yes,Yes,Yes,Standard,60,63,2076.62,118520.39,2,148.59,2021-11-05,No
TEL11727,Female,South,One Year,No Internet,UPI,No,Yes,No,Business,19,26,2158.33,57664.56,8,121.67,2018-07-22,Yes
TEL11728,Male,Central,One Year,5G,Cash,Yes,No,No,Business,19,18,1638.65,31622.64,4,18.78,2020-07-30,No
TEL11729,Female,North,Monthly,Fiber Optic,UPI,Yes,Yes,No,Premium,55,82,2320.35,192646.6,1,138.52,2019-08-12,No
TEL11730,Female,Central,Monthly,5G,Credit Card,Yes,Yes,No,Standard,68,57,281.2,14969.16,9,347.07,2019-07-25,Yes
TEL11731,Female,East,Monthly,Fiber Optic,Credit Card,Yes,No,Yes,Standard,46,7,1962.46,12977.33,9,213.59,2018-07-15,Yes
TEL11732,Male,Northeast,One Year,No Internet,UPI,No,Yes,No,Standard,69,112,1741.63,207498.8,6,258.92,2021-09-07,No
TEL11733,Male,North,Monthly,5G,Debit Card,No,No,No,Standard,63,102,313.05,28815.94,2,458.73,2019-02-22,No
TEL11734,Female,East,Two Year,5G,Credit Card,No,No,Yes,Standard,20,48,1450.14,69521.41,0,58.23,2022-07-01,No
TEL11735,Male,Northeast,Monthly,Fiber Optic,Auto Pay,No,Yes,Yes,Basic,56,80,1383.64,102783.64,2,36.55,2021-09-27,Yes
TEL11736,Female,Other,Monthly,5G,Cash,No,Yes,Yes,Standard,24,119,1789.53,202497.51,8,426.11,2018-01-09,No
TEL11737,Male,Other,Monthly,5G,Net Banking,Yes,No,Yes,Basic,53,120,377.32,43252.49,4,387.65,2019-06-16,No
TEL11738,Male,North,One Year,No Internet,Credit Card,Yes,Yes,No,Standard,46,60,2051.14,115619.18,6,132.6,2018-05-29,No
TEL11739,Male,West,Monthly,5G,UPI,Yes,No,Yes,Business,54,33,519.63,17878.69,2,162.79,2024-08-27,No
TEL11740,Male,South,Monthly,DSL,Debit Card,Yes,Yes,No,Business,66,120,1161.93,133826.12,3,155.83,2022-04-02,No
TEL11741,Female,South,Two Year,Fiber Optic,Net Banking,Yes,Yes,No,Basic,53,115,2225.96,246305.9,0,324.26,2020-11-01,No
TEL11742,Female,East,Monthly,5G,Cash,No,Yes,Yes,Standard,40,3,1488.22,4382.25,2,31.54,2019-04-21,No
TEL11743,Female,Northeast,Monthly,Fiber Optic,Cash,Yes,No,Yes,Business,62,102,1072.06,116175.01,6,245.21,2022-06-06,No
TEL11744,Male,South,Two Year,Fiber Optic,Credit Card,Yes,Yes,No,Business,33,4,309.87,1269.07,3,67.8,2025-03-11,No
TEL11745,Female,Northeast,,Fiber Optic,Cash,No,No,No,Standard,65,100,1745.23,159010.51,1,410.05,2023-06-03,No
TEL11746,Female,Northeast,Monthly,5G,Cash,No,No,Yes,Standard,48,4,2468.06,8954.78,4,190.95,2020-12-12,Yes
TEL11747,Female,East,Monthly,5G,Debit Card,Yes,No,Yes,Business,51,42,2296.13,96625.52,4,264.26,2018-07-25,Yes
TEL11748,Male,East,Monthly,Fiber Optic,Debit Card,Yes,Yes,Yes,Standard,67,9,1848.78,17631.89,1,15.63,2020-01-15,No
TEL11749,Male,East,Monthly,DSL,Debit Card,No,No,No,Premium,18,104,441.17,43963.15,10,30.07,2020-07-01,No
TEL11750,Male,South,Monthly,Fiber Optic,UPI,Yes,No,No,Standard,35,51,749.71,36116.94,5,337.85,2018-02-23,Yes
TEL11751,Female,Other,Monthly,DSL,Cash,Yes,Yes,Yes,Business,57,17,628.75,11059.38,9,383.62,2022-05-23,Yes
TEL11752,Female,East,Monthly,Fiber Optic,Cash,Yes,No,No,Business,60,17,1016.56,17426.28,3,355.31,2023-01-01,Yes
TEL11753,Female,South,One Year,No Internet,Cash,No,No,Yes,Basic,32,97,740.69,71969.42,0,368.77,2018-12-10,No
TEL11754,Male,East,Monthly,Fiber Optic,Auto Pay,Yes,Yes,No,Premium,65,20,761.21,14110.92,2,53.21,2021-04-07,No
TEL11755,Male,Central,,Fiber Optic,Debit Card,Yes,No,No,Business,66,14,1617.48,21097.48,8,347.03,2023-04-17,Yes
TEL11756,Female,Northeast,Two Year,5G,Net Banking,No,Yes,Yes,Premium,34,22,932.02,19494.02,9,91.69,2021-03-30,Yes
TEL11757,Male,East,One Year,DSL,Credit Card,No,No,Yes,Standard,61,52,1756.47,85603.34,6,49.91,2019-12-04,Yes
TEL11758,Male,North,Monthly,No Internet,Net Banking,No,No,Yes,Business,27,27,2379.15,69045.84,5,378.82,2025-01-18,No
TEL11759,Male,Northeast,Two Year,DSL,UPI,Yes,Yes,No,Basic,37,43,1667.5,64772.45,0,444.81,2021-08-03,No
TEL11760,Male,Northeast,Monthly,No Internet,UPI,No,No,No,Business,23,3,1927.81,5856.82,8,358.64,2023-03-14,No
TEL11761,Female,East,Monthly,Fiber Optic,Cash,Yes,No,Yes,Basic,25,88,1927.63,168472.48,8,402.98,2024-09-25,Yes
TEL11762,Male,Other,One Year,5G,Net Banking,No,No,No,Premium,62,94,959.62,86432.41,0,495.55,2025-03-01,No
TEL11763,Male,West,Monthly,5G,Cash,Yes,Yes,Yes,Basic,51,8,233.4,1978.8,5,68.24,2018-07-18,No
TEL11764,Male,Other,Monthly,DSL,Auto Pay,No,Yes,No,Standard,49,86,325.61,28580.13,6,482.61,2025-09-23,No
TEL11765,Male,East,Monthly,5G,UPI,Yes,Yes,Yes,Standard,68,89,847.74,81462.42,1,301.0,2019-01-24,No
TEL11766,Female,Northeast,One Year,DSL,UPI,Yes,Yes,No,Standard,59,10,1784.95,16606.43,9,406.81,2019-04-19,Yes
TEL11767,Female,North,Monthly,DSL,Net Banking,No,Yes,No,Business,21,113,2284.37,236403.13,7,325.43,2021-11-05,No
TEL11768,Male,Northeast,Two Year,No Internet,UPI,No,No,No,Standard,61,29,2404.24,64500.12,7,285.45,2020-02-04,Yes
TEL11769,Male,Other,Monthly,DSL,Auto Pay,Yes,Yes,No,Standard,67,40,258.45,9805.31,5,352.11,2022-07-13,No
TEL11770,Male,North,Two Year,No Internet,Auto Pay,No,Yes,Yes,Business,56,118,2476.2,284893.14,8,160.81,2019-08-15,Yes
TEL11771,Male,South,One Year,5G,Auto Pay,Yes,Yes,No,Premium,37,65,940.74,64527.67,2,462.21,2023-01-23,No
TEL11772,Male,Central,Two Year,DSL,Credit Card,No,No,Yes,Standard,41,116,2137.8,235845.08,1,58.53,2020-12-31,No
TEL11773,Male,Northeast,One Year,DSL,Auto Pay,No,No,Yes,Standard,41,21,613.68,13721.65,1,159.7,2020-09-08,No
TEL11774,Female,East,One Year,Fiber Optic,Auto Pay,Yes,Yes,Yes,Business,43,103,343.67,34807.69,5,16.55,2018-06-17,No
TEL11775,Male,South,Monthly,DSL,Credit Card,No,No,Yes,Premium,42,24,1069.22,26083.99,6,136.39,2018-10-11,No
TEL11776,Female,Central,Monthly,DSL,Cash,No,No,No,Premium,53,73,2174.53,150421.63,5,109.89,2025-11-11,Yes
TEL11777,Female,East,Monthly,Fiber Optic,Debit Card,Yes,No,Yes,Premium,24,60,706.9,39363.69,10,25.77,2021-04-13,Yes
TEL11778,Male,West,Two Year,Fiber Optic,UPI,Yes,No,No,Business,27,108,553.1,63109.95,2,246.4,2021-05-28,No
TEL11779,Female,East,Two Year,5G,Auto Pay,No,Yes,No,Basic,64,118,2291.55,248692.55,4,234.85,2020-06-09,No
TEL11780,Female,North,Monthly,DSL,UPI,Yes,Yes,No,Basic,29,26,2357.18,63696.71,7,39.79,2023-12-22,No
TEL11781,Female,North,Monthly,5G,Net Banking,No,No,No,Standard,18,9,227.86,2060.13,5,131.66,2022-07-13,No
TEL11782,Female,West,Monthly,5G,UPI,No,No,Yes,Standard,69,20,1872.1,39501.49,1,476.71,2018-05-02,No
TEL11783,Female,South,One Year,Fiber Optic,Cash,Yes,No,No,Standard,67,56,910.18,52458.78,6,56.26,2020-04-12,Yes
TEL11784,Female,Central,Monthly,No Internet,Credit Card,Yes,No,Yes,Basic,42,99,1060.82,99843.59,7,153.2,2023-04-07,No
TEL11785,Male,East,One Year,5G,UPI,Yes,Yes,No,Business,33,36,1277.94,46162.12,3,18.9,2020-10-18,No
TEL11786,Female,North,Two Year,No Internet,UPI,Yes,No,No,Standard,22,106,1180.62,112925.65,0,75.29,2023-06-17,No
TEL11787,Female,South,Monthly,DSL,UPI,Yes,Yes,Yes,Business,36,36,1383.44,49083.64,1,350.0,2020-06-13,No
TEL11788,Female,West,Monthly,Fiber Optic,Debit Card,Yes,No,No,Standard,21,118,1538.43,166191.87,3,183.99,2022-02-24,No
TEL11789,Male,Other,Monthly,DSL,Debit Card,No,Yes,No,Business,23,73,1269.87,90587.87,6,226.59,2018-10-16,No
TEL11790,Female,Northeast,Monthly,DSL,Net Banking,No,No,No,Business,43,22,1812.6,36676.26,1,79.33,2020-12-12,No
TEL11791,Male,Other,Monthly,Fiber Optic,Credit Card,Yes,Yes,No,Basic,66,1,1851.78,1985.08,5,341.39,2021-10-03,Yes
TEL11792,Female,Other,Monthly,DSL,UPI,No,Yes,No,Business,56,69,1211.83,83127.3,1,376.01,2020-12-10,No
TEL11793,Male,North,Two Year,Fiber Optic,UPI,No,Yes,Yes,Premium,56,73,526.67,40922.09,6,91.37,2020-04-18,No
TEL11794,Male,West,Monthly,No Internet,UPI,No,No,No,Basic,26,37,1672.47,55942.38,1,23.45,2018-02-09,Yes
TEL11795,Female,East,Monthly,DSL,UPI,No,Yes,No,Standard,62,102,1976.8,204613.26,2,41.39,2024-04-16,No
TEL11796,Female,Other,Two Year,Fiber Optic,Debit Card,Yes,No,Yes,Basic,69,83,1666.65,132141.85,8,328.87,2024-03-15,No
TEL11797,Male,Other,One Year,5G,Cash,No,Yes,No,Premium,31,72,1551.53,109222.29,3,68.62,2018-06-28,No
TEL11798,Female,Central,Monthly,DSL,Cash,No,Yes,Yes,Premium,65,106,726.65,81427.31,4,247.47,2018-07-02,No
TEL11799,Male,North,One Year,No Internet,Net Banking,Yes,No,No,Business,26,107,1682.82,193819.14,8,77.17,2022-10-26,Yes
TEL11800,Male,North,Monthly,Fiber Optic,Auto Pay,Yes,Yes,No,Premium,32,96,969.17,87864.35,6,85.9,2021-04-02,No
TEL11801,Male,East,One Year,DSL,Credit Card,Yes,No,Yes,Premium,54,13,2313.99,32208.22,7,3.18,2022-11-05,Yes
TEL11802,Male,Northeast,One Year,DSL,Cash,Yes,No,No,Premium,67,84,1702.56,146443.23,10,161.09,2021-11-01,No
TEL11803,Male,South,One Year,DSL,UPI,No,No,No,Premium,70,100,838.81,89857.9,2,45.81,2019-12-06,Yes
TEL11804,Female,Central,Monthly,No Internet,Cash,Yes,No,Yes,Standard,37,43,1286.73,55397.23,10,197.59,2019-05-12,No
TEL11805,Male,North,One Year,Fiber Optic,Net Banking,No,Yes,Yes,Standard,25,108,2146.14,248688.48,10,299.29,2019-08-20,No
TEL11806,Male,Central,Monthly,5G,Auto Pay,No,Yes,No,Basic,49,37,970.57,38088.81,3,184.4,2024-11-13,No
TEL11807,Female,North,Monthly,5G,,Yes,No,Yes,Business,64,94,1407.51,122137.77,6,352.84,2019-04-19,Yes
TEL11808,Male,Central,Monthly,5G,Net Banking,Yes,Yes,No,Standard,38,74,1762.24,124660.37,3,370.98,2019-11-16,No
TEL11809,Female,West,Monthly,Fiber Optic,Debit Card,Yes,Yes,Yes,Premium,58,95,1934.42,173433.1,1,348.61,2020-11-26,No
TEL11810,Female,Other,Monthly,5G,Auto Pay,Yes,No,No,Business,36,25,598.95,15018.34,9,468.42,2022-06-11,No
TEL11811,Female,North,Two Year,No Internet,Net Banking,Yes,Yes,Yes,Standard,46,93,1498.85,145596.58,5,119.41,2022-07-23,Yes
TEL11812,Male,Central,Two Year,Fiber Optic,Cash,Yes,No,Yes,Basic,48,88,2297.06,209558.66,8,95.54,2018-11-15,Yes
TEL11813,Male,South,Monthly,DSL,Debit Card,No,Yes,Yes,Premium,23,103,2426.23,257602.37,1,305.25,2021-12-06,No
TEL11814,Male,West,Monthly,No Internet,Net Banking,No,Yes,Yes,Business,21,21,1708.13,34706.64,0,297.84,2024-07-31,No
TEL11815,Female,West,Monthly,DSL,Net Banking,No,No,Yes,Standard,60,41,2461.42,93362.94,7,255.54,2022-08-22,No
TEL11816,Male,South,Monthly,5G,Cash,No,Yes,Yes,Business,46,73,1511.69,103500.98,0,3.17,2025-04-18,No
TEL11817,Female,Central,Monthly,,Auto Pay,Yes,Yes,Yes,Standard,59,42,1216.99,52825.98,0,278.06,2023-06-12,No
TEL11818,Male,East,Two Year,Fiber Optic,Debit Card,Yes,No,Yes,Basic,20,42,1467.65,57114.13,2,466.47,2018-08-17,No
TEL11819,Female,South,Monthly,No Internet,UPI,No,Yes,Yes,Premium,18,2,465.14,874.58,4,167.95,2019-12-30,No
TEL11820,Male,Central,Monthly,DSL,Credit Card,No,No,No,Basic,61,68,1122.95,74559.98,8,483.83,2021-07-11,Yes
TEL11821,Male,South,Monthly,Fiber Optic,Auto Pay,No,Yes,Yes,Premium,32,8,1253.33,9154.12,10,179.02,2022-02-19,Yes
TEL11822,Male,South,Two Year,No Internet,Debit Card,Yes,No,No,Premium,64,96,2150.84,193737.6,9,70.79,2019-07-15,Yes
TEL11823,Female,North,One Year,No Internet,Net Banking,Yes,No,Yes,Business,38,61,1943.89,109916.2,1,199.8,2021-10-07,No
TEL11824,Female,Central,Two Year,No Internet,Debit Card,Yes,No,No,Standard,63,14,1582.28,23729.98,0,247.81,2022-01-05,No
TEL11825,Male,East,One Year,No Internet,Credit Card,No,No,No,Basic,48,113,997.74,105356.99,0,315.1,2025-05-06,No
TEL11826,Male,Other,Monthly,Fiber Optic,Cash,No,No,Yes,Basic,24,77,629.18,51117.18,7,252.93,2024-11-11,Yes
TEL11827,Female,North,Monthly,DSL,Credit Card,Yes,Yes,Yes,Basic,34,21,998.86,19311.9,9,268.82,2018-01-25,No
TEL11828,Female,South,One Year,No Internet,UPI,Yes,Yes,No,Business,36,24,1762.55,44692.96,9,13.01,2021-02-28,No
TEL11829,Female,Other,Monthly,Fiber Optic,UPI,No,No,No,Business,56,50,803.99,40517.0,9,127.56,2019-01-05,No
TEL11830,Male,Northeast,One Year,DSL,Credit Card,No,Yes,Yes,Business,20,82,1180.84,101955.69,1,156.04,2021-12-30,No
TEL11831,Female,Other,Monthly,No Internet,Auto Pay,Yes,No,Yes,Premium,47,45,1088.57,51734.86,8,493.56,2020-10-08,No
TEL11832,Male,South,Monthly,DSL,Auto Pay,No,Yes,Yes,Basic,52,64,1959.86,126352.61,8,148.49,2019-09-03,Yes
TEL11833,Female,South,One Year,DSL,Net Banking,Yes,Yes,No,Premium,46,64,2231.71,152139.77,1,448.39,2021-10-07,No
TEL11834,Male,Central,One Year,Fiber Optic,UPI,Yes,No,Yes,Basic,67,104,1807.55,188996.69,2,153.06,2022-12-31,No
TEL11835,Female,Central,One Year,DSL,Net Banking,No,No,Yes,Basic,69,26,984.69,26325.49,1,48.96,2023-07-29,No
TEL11836,Female,North,Monthly,Fiber Optic,UPI,No,Yes,Yes,Standard,31,32,1195.31,37289.64,5,124.56,2021-05-05,No
TEL11837,Female,East,Monthly,No Internet,Credit Card,No,Yes,Yes,Basic,52,108,528.71,60785.51,6,137.14,2023-11-27,No
TEL11838,Female,North,Monthly,DSL,Auto Pay,Yes,No,Yes,Business,45,57,585.62,34994.25,5,489.15,2023-02-27,Yes
TEL11839,Female,West,Monthly,DSL,Auto Pay,No,Yes,No,Business,47,119,576.87,63842.78,2,337.47,2023-05-01,No
TEL11840,Male,South,Monthly,5G,Credit Card,No,Yes,No,Business,43,120,499.35,60146.7,2,465.91,2019-12-21,No
TEL11841,Female,Other,Monthly,No Internet,Net Banking,Yes,No,Yes,Standard,24,53,612.04,34430.76,1,417.66,2021-01-10,No
TEL11842,Female,Northeast,Monthly,No Internet,Net Banking,Yes,Yes,Yes,Standard,56,33,665.18,22889.38,1,289.72,2022-04-10,No
TEL11843,Female,South,Monthly,5G,Debit Card,No,No,No,Premium,48,52,456.25,25463.08,10,338.02,2024-10-15,Yes
TEL11844,Male,South,Monthly,5G,UPI,Yes,No,Yes,Basic,22,95,1671.6,149533.41,4,312.79,2023-04-05,No
TEL11845,Female,North,Monthly,Fiber Optic,Net Banking,Yes,No,No,Basic,52,18,2476.92,43075.05,10,333.47,2019-09-28,Yes
TEL11846,Male,Northeast,Monthly,Fiber Optic,Credit Card,Yes,Yes,Yes,Business,67,35,2221.13,77062.79,10,133.12,2021-03-18,Yes
TEL11847,Female,Northeast,Monthly,DSL,Net Banking,No,Yes,No,Business,64,12,303.89,3434.74,7,204.65,2022-10-20,Yes
TEL11848,Female,Northeast,Monthly,DSL,Auto Pay,No,No,No,Business,69,51,1172.04,58036.3,5,296.72,2024-08-11,Yes
TEL11849,Male,North,One Year,DSL,UPI,Yes,No,Yes,Business,31,89,2175.41,192983.62,8,18.93,2024-09-27,No
TEL11850,Female,South,Monthly,DSL,,Yes,Yes,No,Business,53,109,508.75,51818.26,10,241.93,2023-04-11,Yes
TEL11851,Male,North,Monthly,Fiber Optic,Debit Card,Yes,Yes,Yes,Business,44,95,2148.58,193134.48,4,430.0,2018-12-22,No
TEL11852,Male,Central,Monthly,No Internet,UPI,No,Yes,No,Basic,41,10,1562.21,14410.94,9,246.69,2023-08-21,Yes
TEL11853,Female,Central,One Year,DSL,Auto Pay,Yes,No,Yes,Standard,57,111,2340.99,267231.88,3,276.61,2021-12-10,No
TEL11854,Male,North,Two Year,No Internet,Auto Pay,Yes,No,Yes,Business,46,52,2213.89,111102.13,8,101.75,2022-05-14,No
TEL11855,Female,Northeast,One Year,DSL,Auto Pay,No,Yes,Yes,Basic,70,34,1756.18,56106.49,9,397.38,2022-08-03,No
TEL11856,Female,South,One Year,5G,Auto Pay,Yes,Yes,No,Business,62,115,1711.99,195169.62,10,180.08,2023-02-14,No
TEL11857,Male,North,Monthly,DSL,Credit Card,No,Yes,Yes,Premium,39,67,689.28,42130.92,4,478.34,2021-02-19,No
TEL11858,Male,North,One Year,DSL,Debit Card,No,No,Yes,Premium,25,110,467.53,54833.53,0,496.86,2023-10-14,No
TEL11859,Male,North,One Year,DSL,Cash,No,No,Yes,Basic,32,39,1154.4,42905.77,4,458.08,2018-05-05,No
TEL11860,Male,West,Monthly,Fiber Optic,Auto Pay,Yes,Yes,No,Standard,66,8,628.13,5324.35,4,43.35,2018-11-08,No
TEL11861,Female,Central,Monthly,5G,Auto Pay,Yes,Yes,Yes,Premium,22,96,434.56,41282.71,4,167.26,2020-02-14,Yes
TEL11862,Female,Other,Monthly,DSL,Net Banking,No,No,No,Premium,69,107,894.35,100769.9,1,472.62,2025-12-30,No
TEL11863,Male,Northeast,Two Year,DSL,Debit Card,Yes,No,No,Standard,21,29,2178.13,59658.28,5,402.46,2022-01-13,Yes
TEL11864,Female,East,One Year,No Internet,UPI,No,Yes,No,Premium,28,22,238.44,4886.61,4,455.68,2023-01-06,No
TEL11865,Female,Other,One Year,5G,Debit Card,Yes,Yes,Yes,Business,35,84,872.07,77128.58,1,286.7,2019-11-25,No
TEL11866,Female,Northeast,Monthly,DSL,Debit Card,No,Yes,Yes,Standard,59,70,1174.32,77132.67,9,240.72,2021-03-28,Yes
TEL11867,Female,East,Monthly,No Internet,Cash,No,No,No,Premium,66,61,1373.31,86646.56,7,54.14,2021-10-08,Yes
TEL11868,Male,West,Monthly,No Internet,Debit Card,Yes,Yes,Yes,Standard,47,43,616.63,25508.18,5,419.9,2023-01-18,No
TEL11869,Male,North,Monthly,Fiber Optic,Cash,Yes,No,Yes,Business,32,49,2416.71,122524.95,10,372.83,2020-09-16,Yes
TEL11870,Female,West,Two Year,No Internet,Auto Pay,Yes,No,No,Premium,23,29,1530.41,47194.65,9,30.38,2025-10-17,Yes
TEL11871,Male,West,One Year,DSL,Auto Pay,Yes,Yes,No,Basic,70,106,1399.85,159764.41,10,105.5,2025-06-14,No
TEL11872,Male,Other,Monthly,Fiber Optic,Credit Card,No,Yes,Yes,Premium,33,120,219.29,25387.62,2,279.08,2022-10-19,No
TEL11873,Male,South,One Year,Fiber Optic,Cash,No,No,No,Premium,64,81,1316.15,102999.96,8,342.52,2024-09-19,No
TEL11874,Female,Other,Monthly,DSL,Cash,Yes,Yes,Yes,Business,57,31,2125.64,70945.67,10,69.7,2022-09-13,No
TEL11875,Female,Central,Two Year,5G,UPI,Yes,No,No,Basic,26,53,704.18,39377.03,10,123.17,2022-06-15,Yes
TEL11876,Female,East,Monthly,No Internet,Net Banking,No,Yes,Yes,Basic,60,34,1006.78,31085.3,3,97.36,2025-05-08,No
TEL11877,Male,North,Monthly,Fiber Optic,Debit Card,Yes,Yes,Yes,Basic,51,38,246.31,9389.93,2,110.78,2020-06-08,No
TEL11878,Female,Other,Monthly,5G,UPI,Yes,Yes,No,Business,44,57,2445.93,130024.59,6,460.44,2021-10-10,No
TEL11879,Female,East,Monthly,DSL,Cash,Yes,Yes,Yes,Business,30,101,352.3,38390.54,7,358.19,2019-05-04,No
TEL11880,Male,Northeast,Monthly,No Internet,UPI,Yes,No,Yes,Business,53,4,2264.91,8380.22,6,368.82,2024-04-05,No
TEL11881,Female,East,One Year,No Internet,Credit Card,No,No,No,Business,44,2,918.87,1838.99,0,397.2,2018-06-29,No
TEL11882,Female,Northeast,Two Year,Fiber Optic,Net Banking,No,No,Yes,Business,26,12,1550.38,18971.73,0,178.93,2021-12-13,No
TEL11883,Male,Other,One Year,No Internet,Cash,Yes,Yes,Yes,Basic,22,35,1761.43,65883.66,4,383.83,2022-09-04,No
TEL11884,Male,Central,Monthly,No Internet,Cash,No,No,Yes,Standard,68,70,522.91,38525.63,7,489.23,2024-06-22,No
TEL11885,Male,Other,One Year,No Internet,Debit Card,Yes,No,No,Business,39,120,1219.65,138196.47,9,349.5,2021-06-21,No
TEL11886,Female,Northeast,Monthly,No Internet,Net Banking,Yes,No,No,Standard,48,110,947.57,104552.94,10,208.96,2018-08-20,Yes
TEL11887,Female,East,Monthly,DSL,Credit Card,Yes,Yes,No,Premium,20,72,329.19,25399.75,2,358.46,2022-12-18,No
TEL11888,Female,East,One Year,5G,Auto Pay,No,No,No,Premium,47,21,2115.35,45862.92,7,450.5,2022-06-01,No
TEL11889,Male,Northeast,One Year,DSL,UPI,No,Yes,No,Business,38,117,302.89,36285.12,2,65.25,2021-08-19,No
TEL11890,Male,West,Monthly,DSL,Debit Card,No,Yes,Yes,Premium,52,110,1701.49,193879.75,3,133.38,2018-11-27,Yes
TEL11891,Female,Central,Monthly,Fiber Optic,Cash,No,No,Yes,Standard,23,61,921.38,53846.48,9,459.73,2019-07-15,No
TEL11892,Female,South,Two Year,No Internet,Auto Pay,No,Yes,Yes,Premium,45,35,640.9,23132.83,6,473.17,2018-09-05,Yes
TEL11893,Male,North,Monthly,DSL,Credit Card,Yes,No,No,Premium,49,48,1733.3,78365.73,2,242.59,2018-10-10,Yes
TEL11894,Male,East,Monthly,No Internet,Net Banking,Yes,No,Yes,Standard,59,15,1520.44,22283.38,3,187.9,2021-08-03,Yes
TEL11895,Male,North,Monthly,DSL,UPI,No,No,No,Premium,54,71,924.09,69559.29,7,142.11,2020-07-28,No
TEL11896,Male,South,Monthly,DSL,Debit Card,No,No,Yes,Business,42,15,1378.81,18684.56,3,249.88,2023-09-11,Yes
TEL11897,Female,Other,Monthly,Fiber Optic,Cash,No,No,No,Standard,49,109,765.35,81302.31,8,467.33,2022-03-04,No
TEL11898,Male,North,Monthly,5G,Cash,Yes,Yes,Yes,Standard,52,6,2185.5,12431.49,3,75.76,2019-06-14,Yes
TEL11899,Female,South,One Year,5G,Auto Pay,No,No,Yes,Basic,39,111,920.78,95639.41,3,210.5,2019-01-16,No
TEL11900,Female,Northeast,Monthly,DSL,Auto Pay,Yes,Yes,No,Basic,41,81,762.85,64938.7,4,455.89,2018-03-04,No
TEL11901,Female,West,One Year,Fiber Optic,UPI,Yes,No,Yes,Standard,56,68,1928.22,134445.41,0,175.21,2018-05-08,No
TEL11902,Male,East,Two Year,No Internet,Net Banking,No,No,Yes,Standard,47,22,239.46,4848.11,6,384.27,2022-04-01,No
TEL11903,Male,South,One Year,No Internet,Credit Card,Yes,No,No,Basic,67,32,815.43,25806.82,8,195.24,2024-01-20,No
TEL11904,Male,North,Monthly,DSL,Net Banking,Yes,Yes,Yes,Business,49,22,1062.41,23000.06,8,402.66,2018-10-22,No
TEL11905,Male,East,Monthly,5G,Net Banking,No,Yes,Yes,Premium,48,27,2228.15,55687.45,0,490.52,2018-06-28,No
TEL11906,Female,West,One Year,Fiber Optic,Net Banking,Yes,Yes,No,Premium,40,110,2385.02,273884.49,5,194.52,2018-08-17,No
TEL11907,Male,Northeast,One Year,5G,UPI,No,Yes,No,Premium,57,15,1846.9,26761.62,2,422.7,2020-06-01,No
TEL11908,Male,Other,Monthly,No Internet,UPI,Yes,No,No,Standard,50,44,1331.82,60777.0,3,494.22,2019-01-29,Yes
TEL11909,Female,East,One Year,5G,Credit Card,No,No,No,Business,42,115,1672.43,179745.58,7,491.93,2025-07-02,No
TEL11910,Male,Other,Monthly,No Internet,Net Banking,No,Yes,No,Basic,53,86,1151.2,94717.67,3,217.45,2018-03-13,No
TEL11911,Female,South,Monthly,Fiber Optic,UPI,Yes,Yes,Yes,Business,41,92,886.3,74782.48,7,243.39,2018-11-14,No
TEL11912,Female,West,Monthly,Fiber Optic,Credit Card,No,Yes,No,Business,48,106,2385.58,234115.06,3,152.4,2019-08-18,No
TEL11913,Female,North,Monthly,DSL,Cash,Yes,No,No,Premium,56,102,464.4,50162.28,8,157.7,2019-01-14,No
TEL11914,Female,West,Monthly,DSL,Credit Card,Yes,Yes,Yes,Basic,63,9,995.71,8241.26,5,246.74,2020-06-25,No
TEL11915,Female,West,One Year,5G,Net Banking,No,Yes,Yes,Business,30,34,2266.9,70695.26,0,101.06,2018-05-16,No
TEL11916,Female,Central,One Year,Fiber Optic,Debit Card,Yes,No,Yes,Basic,27,100,1862.23,199122.28,9,355.85,2025-08-09,No
TEL11917,Female,West,Monthly,Fiber Optic,Net Banking,No,Yes,Yes,Standard,40,73,265.93,19728.59,1,268.62,2021-11-02,No
TEL11918,Female,West,Monthly,DSL,Debit Card,Yes,No,Yes,Premium,35,15,252.13,3472.45,6,449.14,2021-02-16,No
TEL11919,Male,East,Monthly,No Internet,Credit Card,Yes,No,No,Basic,49,62,1386.98,92434.39,9,405.48,2020-06-24,No
TEL11920,Male,North,Monthly,5G,Cash,No,No,Yes,Standard,50,45,1312.78,54731.78,6,161.91,2019-06-14,No
TEL11921,Male,East,One Year,5G,Cash,Yes,No,No,Standard,53,84,1217.88,106183.48,2,253.4,2025-06-06,No
TEL11922,Male,East,One Year,DSL,UPI,Yes,No,Yes,Standard,45,72,894.39,58360.44,0,375.51,2019-06-07,No
TEL11923,Female,South,One Year,Fiber Optic,Cash,Yes,Yes,No,Business,33,58,2468.27,144937.35,7,97.41,2019-01-22,No
TEL11924,Male,East,One Year,DSL,Auto Pay,Yes,Yes,Yes,Business,33,92,824.57,75739.57,9,16.77,2025-03-06,No
TEL11925,Female,Central,Monthly,DSL,Credit Card,Yes,No,No,Premium,35,115,1326.09,142960.03,10,426.3,2025-03-15,No
TEL11926,Male,Central,Monthly,DSL,UPI,Yes,No,No,Premium,25,19,1130.25,21813.33,10,69.64,2019-07-27,No
TEL11927,Male,Other,Monthly,DSL,Cash,Yes,Yes,No,Standard,59,16,590.57,9553.72,9,444.82,2019-10-06,No
TEL11928,Male,South,Monthly,No Internet,Credit Card,Yes,Yes,No,Premium,33,75,665.02,52056.27,6,456.89,2025-03-05,No
TEL11929,Female,Other,Two Year,No Internet,Net Banking,No,No,No,Business,28,106,2311.1,259101.3,9,230.89,2025-12-27,No
TEL11930,Male,Other,Monthly,Fiber Optic,Cash,Yes,Yes,No,Premium,23,8,2173.04,17242.1,7,403.58,2021-07-16,Yes
TEL11931,Female,Northeast,Monthly,DSL,Debit Card,Yes,Yes,No,Basic,18,33,656.8,21419.79,0,182.23,2019-07-01,No
TEL11932,Female,North,Two Year,No Internet,Credit Card,No,No,No,Business,29,74,2213.02,165710.18,2,429.27,2022-02-18,Yes
TEL11933,Male,North,Two Year,Fiber Optic,UPI,No,Yes,No,Standard,55,18,680.13,12625.0,1,412.52,2024-10-21,No
TEL11934,Male,East,One Year,DSL,Net Banking,No,Yes,No,Standard,45,35,1640.06,55341.99,0,40.18,2022-05-06,No
TEL11935,Male,East,Monthly,5G,Auto Pay,Yes,Yes,Yes,Premium,62,43,385.95,16443.76,4,291.72,2019-07-09,No
TEL11936,Female,Northeast,Monthly,No Internet,Net Banking,No,Yes,No,Business,34,50,2223.85,111783.91,2,320.36,2022-10-30,No
TEL11937,Male,East,Monthly,Fiber Optic,Cash,No,No,No,Standard,18,3,317.45,1026.55,9,1.43,2023-11-29,No
TEL11938,Female,North,Monthly,5G,Debit Card,Yes,Yes,Yes,Standard,49,104,1475.37,154326.61,7,489.98,2025-01-18,Yes
TEL11939,Female,Other,Monthly,DSL,Net Banking,Yes,No,No,Business,25,91,1992.34,170488.87,5,203.88,2024-02-03,No
TEL11940,Male,West,Monthly,DSL,Auto Pay,No,Yes,No,Business,57,59,467.72,27756.59,9,259.15,2025-06-14,No
TEL11941,Male,Central,Two Year,DSL,UPI,No,No,Yes,Standard,60,28,1129.3,33122.68,8,98.21,2022-04-24,No
TEL11942,Female,West,Monthly,No Internet,Credit Card,Yes,No,Yes,Premium,63,46,295.49,14331.06,8,305.85,2019-09-16,No
TEL11943,Female,West,One Year,Fiber Optic,Debit Card,Yes,Yes,No,Premium,41,64,1769.33,118224.66,10,405.5,2023-06-12,No
TEL11944,Female,North,One Year,5G,Auto Pay,Yes,No,Yes,Premium,27,70,906.13,67227.09,5,293.36,2020-08-01,No
TEL11945,Male,West,Monthly,Fiber Optic,Cash,Yes,No,No,Basic,64,47,1485.61,67048.73,1,394.23,2019-04-18,No
TEL11946,Female,Northeast,One Year,No Internet,Cash,Yes,No,No,Business,56,14,2344.28,32536.44,8,365.82,2022-05-06,Yes
TEL11947,Male,South,Monthly,Fiber Optic,Cash,No,No,No,Standard,56,7,902.47,6572.04,1,119.59,2020-09-20,No
TEL11948,Female,East,Monthly,No Internet,Debit Card,Yes,No,Yes,Basic,27,74,310.84,21796.87,2,218.47,2021-01-26,Yes
TEL11949,Female,South,One Year,DSL,Net Banking,Yes,Yes,No,Premium,53,79,1752.94,133896.37,5,75.16,2021-12-05,No
TEL11950,Male,Other,Monthly,5G,Debit Card,Yes,No,No,Basic,42,31,2008.73,65359.75,1,21.93,2018-06-19,No
TEL11951,Female,Central,Two Year,DSL,Cash,Yes,No,Yes,Standard,67,93,2402.1,232021.8,4,32.47,2020-10-10,Yes
TEL11952,Male,East,Monthly,Fiber Optic,Auto Pay,Yes,Yes,No,Standard,27,106,561.94,64022.1,1,471.31,2018-02-25,No
TEL11953,Male,West,One Year,DSL,Credit Card,No,Yes,No,Business,36,118,1100.92,140207.1,3,492.28,2022-10-23,No
TEL11954,Female,Central,Monthly,5G,Credit Card,Yes,No,No,Premium,63,81,2140.52,163557.25,10,48.39,2024-06-30,Yes
TEL11955,Male,East,Monthly,DSL,Debit Card,No,Yes,No,Premium,62,51,2054.8,111300.57,10,168.26,2019-10-20,Yes
TEL11956,Male,Northeast,Monthly,5G,Cash,Yes,Yes,No,Basic,32,29,1636.03,43507.55,2,58.1,2020-08-14,Yes
TEL11957,Female,Northeast,One Year,5G,UPI,No,Yes,No,Premium,33,113,818.55,95064.22,4,417.28,2018-09-17,No
TEL11958,Male,Northeast,One Year,DSL,Debit Card,No,Yes,Yes,Basic,19,108,852.28,86488.29,5,248.65,2019-10-03,Yes
TEL11959,Male,Northeast,Two Year,No Internet,Cash,Yes,Yes,No,Standard,46,15,484.21,6929.45,6,311.01,2025-02-22,No
TEL11960,Male,West,Monthly,Fiber Optic,Net Banking,Yes,Yes,No,Standard,21,90,2319.26,223415.25,9,270.42,2024-07-15,Yes
TEL11961,Female,South,One Year,No Internet,Credit Card,Yes,No,Yes,Standard,70,76,596.74,42965.23,7,355.42,2019-02-08,No
TEL11962,Male,East,One Year,No Internet,Credit Card,Yes,No,No,Standard,67,25,1516.64,38718.76,8,160.25,2025-01-23,No
TEL11963,Female,West,One Year,DSL,Credit Card,Yes,Yes,No,Standard,46,61,1543.01,87729.15,3,69.61,2020-03-05,No
TEL11964,Female,Northeast,Monthly,Fiber Optic,UPI,No,Yes,Yes,Basic,48,41,1049.09,39434.47,3,9.79,2022-04-11,No
TEL11965,Male,Other,One Year,Fiber Optic,Cash,Yes,No,Yes,Standard,34,69,1009.79,66963.53,6,223.4,2021-03-29,No
TEL11966,Male,South,One Year,No Internet,Cash,Yes,Yes,Yes,Basic,27,4,1736.75,7032.83,9,454.01,2025-03-26,Yes
TEL11967,Male,Other,Monthly,DSL,,No,No,Yes,Standard,44,108,1092.08,111414.06,9,153.33,2025-04-18,Yes
TEL11968,Female,Central,One Year,Fiber Optic,Cash,Yes,Yes,Yes,Basic,70,112,785.77,83960.63,10,98.78,2025-05-23,No
TEL11969,Male,Other,One Year,No Internet,UPI,No,No,Yes,Basic,58,105,1117.0,120518.71,8,463.1,2019-12-15,No
TEL11970,Male,Central,Monthly,Fiber Optic,Auto Pay,Yes,No,Yes,Basic,32,57,2056.62,107673.7,10,53.62,2024-07-19,Yes
TEL11971,Male,Central,Monthly,DSL,Debit Card,No,Yes,No,Premium,61,31,2421.9,73610.58,1,26.85,2021-10-28,No
TEL11972,Male,Northeast,Monthly,DSL,Debit Card,Yes,Yes,No,Basic,48,3,1661.69,5331.59,10,439.83,2023-05-12,No
TEL11973,Male,Central,One Year,DSL,Cash,No,Yes,No,Basic,38,117,1997.83,227073.8,5,350.75,2023-09-25,No
TEL11974,Female,North,Two Year,Fiber Optic,Net Banking,No,Yes,Yes,Standard,58,67,1424.5,93356.69,9,211.61,2022-10-19,Yes
TEL11975,Female,East,Monthly,5G,Credit Card,Yes,No,No,Basic,63,90,1636.09,152089.14,9,376.42,2020-06-22,Yes
TEL11976,Male,East,One Year,Fiber Optic,UPI,Yes,Yes,Yes,Basic,62,50,2471.6,128550.64,7,370.98,2023-10-04,No
TEL11977,Male,Northeast,Two Year,5G,Net Banking,Yes,No,No,Business,43,17,1207.36,21315.94,4,20.99,2021-01-06,Yes
TEL11978,Male,North,Monthly,DSL,Net Banking,No,Yes,No,Premium,55,60,351.39,22761.98,4,338.45,2022-08-22,No
TEL11979,Male,Other,Two Year,No Internet,Cash,No,No,No,Business,68,74,2400.12,162132.25,7,320.8,2020-05-05,No
TEL11980,Female,West,Two Year,5G,UPI,No,Yes,No,Standard,53,66,2023.04,143775.77,0,481.93,2021-07-19,No
TEL11981,Male,Other,One Year,DSL,Debit Card,Yes,Yes,Yes,Premium,69,88,1115.11,105100.24,5,483.34,2019-10-22,Yes
TEL11982,Female,West,One Year,DSL,Credit Card,Yes,No,Yes,Premium,34,75,2458.51,194231.82,9,189.52,2018-04-21,Yes
TEL11983,Female,Central,Two Year,5G,Debit Card,No,Yes,No,Business,68,24,993.73,23414.09,8,295.33,2020-11-04,Yes
TEL11984,Male,South,One Year,No Internet,Net Banking,Yes,Yes,Yes,Premium,20,99,1054.88,110361.0,5,71.54,2023-10-27,No
TEL11985,Female,West,Monthly,DSL,Credit Card,No,Yes,Yes,Business,31,87,1601.38,130926.0,6,34.16,2019-05-16,No
TEL11986,Female,South,Two Year,5G,Auto Pay,Yes,Yes,No,Basic,66,32,830.0,27688.75,3,216.96,2025-03-20,No
TEL11987,Female,East,One Year,No Internet,Net Banking,Yes,Yes,Yes,Business,30,87,1805.71,146625.15,9,345.25,2019-02-22,No
TEL11988,Female,South,One Year,No Internet,Debit Card,No,No,Yes,Premium,58,98,550.56,56478.09,0,284.31,2023-02-07,No
TEL11989,Male,East,Monthly,DSL,,Yes,Yes,Yes,Premium,44,105,447.46,47482.04,8,215.4,2018-10-02,No
TEL11990,Male,North,One Year,,Cash,Yes,No,Yes,Standard,18,19,1429.22,24918.83,5,409.24,2021-05-05,Yes
TEL11991,Female,North,Monthly,Fiber Optic,Debit Card,Yes,Yes,No,Standard,34,66,1476.64,103418.54,2,397.42,2022-10-21,No
TEL11992,Male,Northeast,Two Year,DSL,UPI,Yes,Yes,No,Standard,65,60,444.31,26766.1,3,366.24,2022-11-04,No
TEL11993,Male,Northeast,Monthly,No Internet,Net Banking,Yes,No,Yes,Standard,67,115,2416.61,282947.19,9,39.44,2021-02-07,No
TEL11994,Male,Central,Monthly,DSL,Credit Card,No,No,No,Premium,51,66,1517.56,95254.36,5,398.44,2024-02-20,No
TEL11995,Male,West,Monthly,5G,Debit Card,Yes,No,No,Standard,31,15,546.38,8661.99,5,459.79,2022-03-23,Yes
TEL11996,Male,Central,Monthly,Fiber Optic,Cash,No,No,No,Business,34,120,915.32,109633.68,8,30.66,2023-05-22,No
TEL11997,Female,East,One Year,5G,Cash,Yes,No,Yes,Basic,20,85,2039.54,169165.85,3,201.43,2025-12-12,Yes
TEL11998,Male,Central,Two Year,DSL,Debit Card,Yes,Yes,Yes,Premium,51,35,1402.43,48897.09,4,494.19,2020-03-09,Yes
TEL11999,Male,South,Two Year,DSL,UPI,No,No,No,Standard,57,69,631.74,44749.4,4,300.02,2023-05-18,No
TEL12000,Male,East,Monthly,No Internet,Cash,No,No,No,Premium,42,107,435.55,47774.01,2,257.28,2024-06-06,No
